create table SURVEY (ID integer, PARENT_ID integer, NAME varchar(30), FULL_NAME varchar(17), TITLE varchar(14));
create table CENTRELINE (ID integer, SURVEY_ID integer, TITLE varchar(4), TOPO_DATE date, EXPLO_DATE date, LENGTH real, SURFACE_LENGTH real, DUPLICATE_LENGTH real);
create table PERSON (ID integer, NAME varchar(1), SURNAME varchar(1));
create table EXPLO (PERSON_ID integer, CENTRELINE_ID integer);
create table TOPO (PERSON_ID integer, CENTRELINE_ID integer);
create table STATION (ID integer, NAME varchar(10), SURVEY_ID integer, X real, Y real, Z real);
create table STATION_FLAG (STATION_ID integer, FLAG char(3));
create table SHOT (ID integer, FROM_ID integer, TO_ID integer, CENTRELINE_ID integer, LENGTH real, BEARING real, GRADIENT real, ADJ_LENGTH real, ADJ_BEARING real, ADJ_GRADIENT real, ERR_LENGTH real, ERR_BEARING real, ERR_GRADIENT real);
create table SHOT_FLAG (SHOT_ID integer, FLAG char(3));
create table MAPS (ID integer, SURVEY_ID integer, NAME varchar(30), TITLE varchar(14), PROJID integer, LENGTH real, DEPTH real);
create table SCRAPS (ID integer, SURVEY_ID integer, NAME varchar(30), PROJID integer, MAX_DISTORTION real, AVG_DISTORTION real);
create table MAPITEMS (ID integer, TYPE integer, ITEMID integer);
insert into SURVEY values (1, 0, '', '', NULL);
 insert into CENTRELINE values (2, 1, NULL, NULL, NULL, 0.00, 0.00, 0.00);
 insert into SURVEY values (29, 1, 'GrotteLapisLazuli', 'GrotteLapisLazuli', 'Lapis Lazuli');
 insert into CENTRELINE values (30, 29, NULL, NULL, NULL, 0.00, 0.00, 0.00);
 insert into CENTRELINE values (31, 29, NULL, '2023-01-31', NULL, 80.46, 9.92, 115.36);
 insert into SHOT values (1, 1, 2, 31, 3.490, 19.93, 64.00, 3.493, 19.86, 64.01, 0.004, 319.80, 55.56);
insert into SHOT values (2, 1, 3, 31, 3.300, 83.53, 49.00, 3.299, 83.63, 49.02, 0.004, 196.26, -7.25);
insert into SHOT values (3, 1, 4, 31, 2.770, 108.63, 41.10, 2.764, 108.78, 41.17, 0.009, 247.70, -6.11);
insert into SHOT values (4, 1, 5, 31, 3.230, 126.33, 6.00, 3.228, 126.51, 6.05, 0.011, 228.55, 12.53);
insert into SHOT values (5, 1, 6, 31, 6.990, 133.73, -15.80, 6.989, 133.73, -15.77, 0.003, 205.64, 72.30);
insert into SHOT values (6, 1, 7, 31, 1.250, 328.73, 39.60, 1.250, 328.63, 39.79, 0.005, 180.22, 45.20);
insert into SHOT values (7, 1, 8, 31, 0.790, 310.73, -24.40, 0.791, 310.52, -23.86, 0.008, 277.16, 52.79);
insert into SHOT values (8, 1, 9, 31, 1.540, 355.73, 32.70, 1.543, 355.57, 32.99, 0.009, 235.91, 62.69);
insert into SHOT values (9, 1, 10, 31, 8.230, 74.83, 4.30, 8.230, 74.81, 4.32, 0.004, 339.39, 54.70);
insert into SHOT values (10, 1, 11, 31, 7.400, 83.03, 2.50, 7.402, 83.01, 2.56, 0.008, 35.40, 67.51);
insert into SHOT values (11, 1, 12, 31, 7.740, 86.33, 3.10, 7.737, 86.36, 3.11, 0.006, 208.42, 13.69);
insert into SHOT values (12, 1, 13, 31, 6.600, 96.53, -1.30, 6.595, 96.53, -1.30, 0.006, 269.96, -2.72);
insert into SHOT values (13, 1, 14, 31, 5.730, 111.83, -5.60, 5.726, 111.84, -5.61, 0.004, 273.61, -12.43);
insert into SHOT values (14, 1, 15, 31, 13.490, 34.93, 11.20, 13.487, 34.90, 11.20, 0.006, 273.46, -2.01);
insert into SHOT values (15, 15, 16, 31, 5.010, 278.23, 5.30, 5.003, 278.20, 5.39, 0.011, 117.74, 41.42);
insert into SHOT values (16, 15, 17, 31, 4.470, 283.93, 10.30, 4.472, 283.94, 10.31, 0.002, 318.82, 20.71);
insert into SHOT values (17, 15, 18, 31, 8.010, 309.63, 3.80, 8.001, 309.61, 3.80, 0.009, 141.57, -5.16);
insert into SHOT values (18, 15, 19, 31, 7.480, 301.53, -2.20, 7.480, 301.54, -2.15, 0.007, 37.08, 74.03);
insert into SHOT values (19, 15, 20, 31, 8.600, 305.53, -2.70, 8.598, 305.52, -2.67, 0.006, 143.38, 66.90);
insert into SHOT values (20, 15, 21, 31, 8.910, 311.63, -2.20, 8.903, 311.63, -2.19, 0.007, 129.58, 16.72);
insert into SHOT values (21, 15, 22, 31, 12.210, 316.43, -2.20, 12.210, 316.43, -2.16, 0.009, 352.80, 86.89);
insert into SHOT values (22, 15, 23, 31, 12.890, 321.33, -3.30, 12.884, 321.31, -3.29, 0.007, 168.82, 16.08);
insert into SHOT values (23, 15, 24, 31, 1.790, 280.13, 1.00, 1.788, 279.99, 1.28, 0.010, 158.46, 60.14);
insert into SHOT values (24, 15, 25, 31, 0.410, 179.13, -79.40, 0.408, 180.00, -78.69, 0.006, 194.06, 32.41);
insert into SHOT values (25, 15, 26, 31, 2.740, 118.43, 4.00, 2.746, 118.34, 4.18, 0.011, 79.53, 54.42);
insert into SHOT values (26, 15, 27, 31, 1.830, 116.43, 15.70, 1.836, 116.57, 15.80, 0.008, 158.29, 36.90);
insert into SHOT values (27, 15, 28, 31, 7.290, 5.13, 4.70, 7.284, 5.14, 4.72, 0.007, 173.11, 22.42);
insert into SHOT values (28, 28, 29, 31, 3.880, 234.43, -22.40, 3.879, 234.54, -22.43, 0.007, 341.89, -11.34);
insert into SHOT values (29, 28, 30, 31, 7.880, 253.63, -8.20, 7.874, 253.68, -8.18, 0.010, 19.95, 23.11);
insert into SHOT values (30, 28, 31, 31, 9.400, 269.43, -7.00, 9.400, 269.45, -6.97, 0.007, 350.99, 58.56);
insert into SHOT values (31, 28, 32, 31, 9.040, 289.73, -9.20, 9.042, 289.77, -9.16, 0.010, 0.09, 33.80);
insert into SHOT values (32, 28, 33, 31, 8.810, 285.63, -4.50, 8.813, 285.65, -4.49, 0.005, 336.81, 15.04);
insert into SHOT values (33, 28, 34, 31, 8.150, 225.13, -11.90, 8.144, 225.15, -11.90, 0.007, 12.97, 4.77);
insert into SHOT values (34, 28, 35, 31, 8.460, 303.73, -6.10, 8.455, 303.75, -6.11, 0.006, 95.96, -9.01);
insert into SHOT values (35, 28, 36, 31, 10.980, 27.83, 1.50, 10.986, 27.85, 1.51, 0.007, 64.53, 20.22);
insert into SHOT values (36, 28, 37, 31, 10.450, 32.33, 1.90, 10.457, 32.34, 1.92, 0.008, 48.15, 27.80);
insert into SHOT values (37, 28, 38, 31, 8.280, 40.33, 2.90, 8.283, 40.29, 2.91, 0.006, 345.29, 10.52);
insert into SHOT values (38, 28, 39, 31, 4.420, 52.23, 5.60, 4.426, 52.19, 5.58, 0.006, 28.07, -11.93);
insert into SHOT values (39, 28, 40, 31, 4.020, 78.93, 8.80, 4.023, 78.83, 8.86, 0.009, 10.43, 35.13);
insert into SHOT values (40, 28, 41, 31, 4.330, 102.23, 7.60, 4.335, 102.23, 7.56, 0.006, 101.05, -25.93);
insert into SHOT values (41, 28, 42, 31, 3.550, 124.13, 2.50, 3.554, 124.09, 2.58, 0.007, 93.64, 51.37);
insert into SHOT values (42, 28, 43, 31, 5.960, 141.13, -2.50, 5.958, 141.07, -2.50, 0.006, 28.40, -0.25);
insert into SHOT values (43, 28, 44, 31, 6.610, 158.43, -5.30, 6.609, 158.42, -5.30, 0.001, 355.27, 40.16);
insert into SHOT values (44, 28, 45, 31, 10.170, 166.03, -5.50, 10.167, 165.99, -5.47, 0.008, 56.91, 35.66);
insert into SHOT values (45, 28, 46, 31, 8.650, 177.63, -3.20, 8.651, 177.61, -3.18, 0.004, 110.86, 48.62);
insert into SHOT values (46, 28, 47, 31, 0.770, 334.33, 87.70, 0.771, 341.57, 87.65, 0.004, 57.61, 8.79);
insert into SHOT values (47, 28, 48, 31, 15.480, 16.33, -1.30, 15.488, 16.32, -1.29, 0.008, 356.41, 8.45);
insert into SHOT values (48, 48, 49, 31, 0.830, 309.33, 76.50, 0.832, 308.66, 76.66, 0.004, 182.42, 46.37);
insert into SHOT values (49, 48, 50, 31, 0.860, 69.03, 80.00, 0.863, 70.35, 80.08, 0.005, 170.84, 41.23);
insert into SHOT values (50, 48, 51, 31, 1.780, 117.23, 24.60, 1.780, 117.20, 24.56, 0.001, 62.59, -44.77);
insert into SHOT values (51, 48, 52, 31, 3.290, 105.73, 9.20, 3.294, 105.70, 9.26, 0.006, 85.94, 45.62);
insert into SHOT values (52, 48, 53, 31, 3.390, 131.83, 11.30, 3.393, 131.83, 11.22, 0.006, 137.39, -45.26);
insert into SHOT values (53, 48, 54, 31, 4.130, 150.33, 11.10, 4.140, 150.34, 11.14, 0.011, 157.19, 27.28);
insert into SHOT values (54, 48, 55, 31, 5.290, 166.53, 7.70, 5.292, 166.55, 7.71, 0.003, 215.73, 26.49);
insert into SHOT values (55, 48, 56, 31, 6.080, 172.43, 7.40, 6.083, 172.38, 7.37, 0.007, 121.12, -26.19);
insert into SHOT values (56, 48, 57, 31, 11.180, 178.83, 4.50, 11.187, 178.82, 4.51, 0.008, 165.46, 21.92);
insert into SHOT values (57, 48, 58, 31, 9.030, 30.63, 3.50, 9.024, 30.64, 3.49, 0.006, 195.93, -11.74);
insert into SHOT values (58, 48, 59, 31, 11.250, 18.73, -0.00, 11.245, 18.72, 0.00, 0.005, 202.61, 0.00);
insert into SHOT values (59, 48, 60, 31, 17.880, 352.43, -2.10, 17.877, 352.44, -2.12, 0.007, 113.37, -41.89);
insert into SHOT values (60, 48, 61, 31, 16.360, 347.13, -2.60, 16.357, 347.13, -2.59, 0.003, 153.01, 38.79);
insert into SHOT values (61, 48, 62, 31, 15.910, 336.93, -2.90, 15.899, 336.94, -2.88, 0.012, 139.41, 23.75);
insert into SHOT values (62, 48, 63, 31, 14.780, 329.13, -3.10, 14.772, 329.12, -3.10, 0.008, 156.28, -5.22);
insert into SHOT values (63, 48, 64, 31, 14.010, 321.53, -3.40, 14.002, 321.51, -3.40, 0.009, 173.78, 5.51);
insert into SHOT values (64, 48, 65, 31, 12.150, 313.03, -3.90, 12.148, 313.03, -3.92, 0.004, 128.42, -61.67);
insert into SHOT values (65, 48, 66, 31, 12.130, 305.53, -5.50, 12.121, 305.52, -5.49, 0.009, 133.03, 16.36);
insert into SHOT values (66, 48, 67, 31, 12.620, 297.93, -5.70, 12.614, 297.93, -5.69, 0.006, 103.24, 32.37);
insert into SHOT values (67, 48, 68, 31, 12.510, 300.13, -5.40, 12.508, 300.13, -5.41, 0.004, 116.77, -48.90);
insert into SHOT values (68, 48, 69, 31, 12.830, 297.23, -5.50, 12.823, 297.23, -5.50, 0.007, 115.51, -2.59);
insert into SHOT values (69, 48, 70, 31, 12.470, 290.73, -6.00, 12.467, 290.69, -5.99, 0.010, 186.00, 20.82);
insert into SHOT values (70, 48, 71, 31, 11.480, 359.93, -3.40, 11.480, 359.95, -3.40, 0.005, 87.35, 10.14);
insert into SHOT values (71, 71, 72, 31, 1.380, 251.63, 88.60, 1.380, 236.31, 88.50, 0.010, 167.97, 2.46);
insert into SHOT values (72, 71, 73, 31, 3.990, 306.23, 6.90, 3.993, 306.18, 6.90, 0.005, 258.60, 7.87);
insert into SHOT values (73, 71, 74, 31, 2.210, 304.73, 23.20, 2.206, 304.55, 23.22, 0.007, 184.20, -4.88);
insert into SHOT values (74, 71, 75, 31, 3.120, 126.53, 12.50, 3.125, 126.61, 12.38, 0.009, 162.13, -35.71);
insert into SHOT values (75, 71, 76, 31, 0.420, 29.63, -64.20, 0.418, 30.96, -65.28, 0.009, 182.35, -11.83);
insert into SHOT values (76, 71, 77, 31, 16.030, 233.73, -1.50, 16.036, 233.70, -1.50, 0.009, 186.08, -2.35);
insert into SHOT values (77, 71, 78, 31, 11.550, 245.43, -0.30, 11.559, 245.41, -0.30, 0.009, 222.08, 2.93);
insert into SHOT values (78, 71, 79, 31, 7.500, 263.53, 1.50, 7.501, 263.49, 1.53, 0.006, 184.49, 37.75);
insert into SHOT values (79, 71, 80, 31, 6.020, 318.03, 1.70, 6.021, 317.96, 1.71, 0.007, 237.42, 11.80);
insert into SHOT values (80, 71, 81, 31, 6.150, 327.43, 1.90, 6.150, 327.42, 1.86, 0.004, 286.10, -78.13);
insert into SHOT values (81, 71, 82, 31, 6.840, 336.13, 1.60, 6.839, 336.10, 1.59, 0.004, 230.22, -15.02);
insert into SHOT values (82, 71, 83, 31, 6.240, 352.53, 2.60, 6.239, 352.53, 2.57, 0.003, 128.96, -72.04);
insert into SHOT values (83, 71, 84, 31, 6.920, 359.93, 2.90, 6.919, 359.92, 2.90, 0.002, 225.44, -3.66);
insert into SHOT values (84, 71, 85, 31, 8.530, 9.93, 4.10, 8.528, 9.88, 4.10, 0.007, 263.22, 1.08);
insert into SHOT values (85, 71, 86, 31, 3.770, 99.93, 11.40, 3.769, 99.97, 11.32, 0.006, 185.79, -60.38);
insert into SHOT values (86, 71, 87, 31, 3.130, 125.93, 13.20, 3.132, 125.93, 13.10, 0.006, 129.92, -56.67);
insert into SHOT values (87, 71, 88, 31, 3.120, 154.63, 12.80, 3.119, 154.70, 12.78, 0.004, 254.66, -17.60);
insert into SHOT values (88, 71, 89, 31, 4.120, 177.53, 9.70, 4.122, 177.60, 9.64, 0.007, 242.94, -35.28);
insert into SHOT values (89, 71, 90, 31, 7.200, 32.93, 3.60, 7.195, 32.89, 3.59, 0.006, 255.66, -18.83);
insert into SHOT values (90, 90, 91, 31, 1.040, 15.33, 75.50, 1.043, 15.64, 75.58, 0.004, 134.06, 62.45);
insert into SHOT values (91, 90, 92, 31, 1.490, 291.63, -11.00, 1.490, 291.66, -10.83, 0.004, 340.30, 76.94);
insert into SHOT values (92, 90, 93, 31, 3.560, 289.83, -3.60, 3.556, 289.76, -3.55, 0.007, 155.03, 32.23);
insert into SHOT values (93, 90, 94, 31, 3.330, 291.13, 4.40, 3.321, 291.06, 4.49, 0.011, 133.63, 25.00);
insert into SHOT values (94, 90, 95, 31, 1.920, 291.03, 13.80, 1.920, 291.06, 13.86, 0.002, 23.20, 61.98);
insert into SHOT values (95, 90, 96, 31, 3.830, 289.63, 3.20, 3.827, 289.57, 3.30, 0.008, 157.34, 52.14);
insert into SHOT values (96, 90, 97, 31, 7.860, 265.83, -4.20, 7.851, 265.83, -4.16, 0.010, 86.66, 34.84);
insert into SHOT values (97, 90, 98, 31, 8.860, 257.63, -3.50, 8.853, 257.58, -3.50, 0.010, 121.86, 5.36);
insert into SHOT values (98, 90, 99, 31, 12.440, 246.53, -2.40, 12.439, 246.53, -2.40, 0.001, 33.52, 44.59);
insert into SHOT values (99, 90, 100, 31, 5.870, 166.73, 2.50, 5.873, 166.70, 2.54, 0.006, 122.40, 43.27);
insert into SHOT values (100, 90, 101, 31, 6.670, 152.43, -0.10, 6.678, 152.44, -0.09, 0.008, 161.32, 11.57);
insert into SHOT values (101, 90, 102, 31, 14.310, 93.93, -0.60, 14.314, 93.93, -0.60, 0.004, 91.56, -1.95);
insert into SHOT values (102, 90, 103, 31, 16.130, 99.53, -0.50, 16.133, 99.53, -0.50, 0.003, 99.10, 13.77);
insert into SHOT values (103, 90, 104, 31, 15.300, 81.73, 2.50, 15.304, 81.73, 2.51, 0.005, 82.45, 35.54);
insert into SHOT values (104, 90, 105, 31, 17.470, 72.03, 5.40, 17.474, 72.05, 5.42, 0.011, 137.59, 32.46);
insert into SHOT values (105, 90, 106, 31, 12.890, 62.93, 2.40, 12.892, 62.94, 2.40, 0.003, 120.89, 4.38);
insert into SHOT values (106, 90, 107, 31, 10.740, 51.13, -6.50, 10.737, 51.16, -6.47, 0.009, 162.19, 37.85);
insert into SHOT values (107, 90, 108, 31, 12.410, 1.83, -1.90, 12.403, 1.85, -1.89, 0.008, 145.95, 9.95);
insert into SHOT values (108, 90, 109, 31, 5.490, 333.53, -4.00, 5.487, 333.53, -3.97, 0.004, 149.64, 47.33);
insert into SHOT values (109, 90, 110, 31, 25.280, 13.23, -0.40, 25.283, 13.24, -0.41, 0.007, 78.58, -29.89);
insert into SHOT values (110, 90, 111, 31, 12.750, 27.73, 0.70, 12.749, 27.77, 0.72, 0.011, 121.43, 23.12);
insert into SHOT values (111, 111, 112, 31, 1.740, 241.63, 86.40, 1.734, 243.43, 86.30, 0.008, 296.39, -56.66);
insert into SHOT values (112, 111, 113, 31, 5.140, 296.93, -0.40, 5.148, 296.91, -0.45, 0.009, 288.16, -28.01);
insert into SHOT values (113, 111, 114, 31, 1.750, 216.03, 86.70, 1.743, 216.87, 86.71, 0.007, 332.96, -76.91);
insert into SHOT values (114, 111, 115, 31, 5.590, 280.23, -1.70, 5.591, 280.20, -1.74, 0.005, 211.26, -60.39);
insert into SHOT values (115, 111, 116, 31, 9.970, 93.03, 16.30, 9.965, 93.00, 16.32, 0.008, 311.65, 12.49);
insert into SHOT values (116, 111, 117, 31, 12.280, 224.13, -1.00, 12.279, 224.14, -1.03, 0.007, 336.93, -57.94);
insert into SHOT values (117, 111, 118, 31, 10.330, 232.53, -2.20, 10.336, 232.55, -2.22, 0.009, 270.47, -23.94);
insert into SHOT values (118, 111, 119, 31, 8.270, 248.13, -3.70, 8.270, 248.16, -3.74, 0.008, 343.62, -52.68);
insert into SHOT values (119, 111, 120, 31, 5.710, 261.33, -0.00, 5.715, 261.35, 0.00, 0.005, 281.48, 0.00);
insert into SHOT values (120, 111, 121, 31, 5.130, 297.23, -0.20, 5.139, 297.21, -0.22, 0.009, 289.52, -13.20);
insert into SHOT values (121, 111, 122, 31, 5.620, 322.43, 2.30, 5.623, 322.38, 2.24, 0.008, 263.40, -43.43);
insert into SHOT values (122, 111, 123, 31, 5.640, 334.73, 5.60, 5.645, 334.71, 5.59, 0.006, 319.65, -3.82);
insert into SHOT values (123, 111, 124, 31, 9.240, 341.83, -2.00, 9.246, 341.84, -2.05, 0.010, 1.27, -50.22);
insert into SHOT values (124, 111, 125, 31, 15.510, 14.43, 2.90, 15.506, 14.40, 2.88, 0.010, 259.58, -26.63);
insert into SHOT values (125, 111, 126, 31, 14.240, 25.53, 8.20, 14.240, 25.51, 8.20, 0.004, 290.81, -14.62);
insert into SHOT values (126, 111, 127, 31, 10.350, 43.03, 16.00, 10.348, 42.96, 15.99, 0.011, 308.56, -14.47);
insert into SHOT values (127, 111, 128, 31, 9.570, 57.33, 18.50, 9.569, 57.33, 18.46, 0.007, 45.22, -82.39);
insert into SHOT values (128, 111, 129, 31, 9.150, 75.03, 19.80, 9.145, 74.98, 19.81, 0.009, 310.08, 3.56);
insert into SHOT values (129, 111, 130, 31, 10.090, 92.33, 16.30, 10.083, 92.31, 16.30, 0.007, 296.03, -15.02);
insert into SHOT values (130, 111, 131, 31, 8.740, 107.53, 14.10, 8.736, 107.52, 14.11, 0.004, 310.89, 10.87);
insert into SHOT values (131, 111, 132, 31, 12.500, 137.83, 4.90, 12.498, 137.83, 4.87, 0.008, 273.81, -78.74);
insert into SHOT values (132, 111, 133, 31, 10.760, 137.93, 4.50, 10.753, 137.95, 4.48, 0.009, 286.93, -27.21);
insert into SHOT values (133, 111, 134, 31, 12.770, 149.93, 0.00, 12.765, 149.96, 0.00, 0.009, 275.98, 0.00);
insert into SHOT values (134, 134, 135, 31, 1.020, 201.03, 83.10, 1.017, 199.98, 83.39, 0.006, 42.17, -23.85);
insert into SHOT values (135, 134, 136, 31, 12.350, 22.33, 12.30, 12.350, 22.36, 12.30, 0.006, 107.52, -8.23);
insert into SHOT values (136, 134, 137, 31, 5.310, 92.23, -4.30, 5.319, 92.16, -4.31, 0.011, 57.38, -9.95);
insert into SHOT values (137, 134, 138, 31, 4.800, 108.93, -9.20, 4.809, 108.93, -9.21, 0.009, 111.46, -16.80);
insert into SHOT values (138, 134, 139, 31, 4.560, 131.73, -7.70, 4.567, 131.69, -7.68, 0.008, 107.45, 7.15);
insert into SHOT values (139, 134, 140, 31, 4.370, 126.23, -8.30, 4.368, 126.15, -8.29, 0.006, 17.14, 8.22);
insert into SHOT values (140, 134, 141, 31, 5.950, 46.43, 9.50, 5.959, 46.45, 9.47, 0.010, 59.14, -11.75);
insert into SHOT values (141, 134, 142, 31, 8.990, 27.63, 14.00, 8.992, 27.65, 13.96, 0.007, 72.96, -42.47);
insert into SHOT values (142, 134, 143, 31, 7.460, 189.13, -5.90, 7.463, 189.07, -5.92, 0.008, 116.25, -22.05);
insert into SHOT values (143, 90, 144, 31, 3.490, 145.53, -2.60, 3.499, 145.49, -2.62, 0.009, 131.46, -10.80);
insert into SHOT_FLAG values(143, 'dpl');
insert into SHOT values (144, 90, 145, 31, 9.210, 127.93, 1.80, 9.235, 128.14, 1.86, 0.043, 181.71, 14.34);
insert into SHOT_FLAG values(144, 'dpl');
insert into SHOT values (145, 90, 146, 31, 6.440, 150.43, -0.60, 6.440, 150.41, -0.62, 0.003, 68.16, -53.00);
insert into SHOT_FLAG values(145, 'dpl');
insert into SHOT values (146, 90, 145, 31, 9.250, 128.33, 1.90, 9.235, 128.14, 1.86, 0.035, 12.70, -11.12);
insert into SHOT_FLAG values(146, 'dpl');
insert into SHOT values (147, 111, 147, 31, 7.720, 31.73, 10.30, 7.717, 31.70, 10.30, 0.004, 262.55, -4.69);
insert into SHOT_FLAG values(147, 'dpl');
insert into SHOT values (148, 111, 148, 31, 6.720, 72.83, 9.80, 6.714, 72.77, 9.78, 0.009, 305.47, -24.82);
insert into SHOT_FLAG values(148, 'dpl');
insert into SHOT values (149, 111, 149, 31, 8.350, 114.63, 12.10, 8.347, 114.62, 12.10, 0.003, 319.27, -6.28);
insert into SHOT_FLAG values(149, 'dpl');
insert into SHOT values (150, 134, 150, 31, 2.370, 26.93, 9.40, 2.374, 26.89, 9.21, 0.009, 12.31, -52.49);
insert into SHOT_FLAG values(150, 'dpl');
insert into SHOT values (151, 71, 151, 31, 3.470, 100.73, 10.40, 3.468, 100.82, 10.47, 0.007, 215.17, 31.70);
insert into SHOT_FLAG values(151, 'dpl');
insert into SHOT values (152, 71, 152, 31, 3.190, 316.63, -5.70, 3.185, 316.53, -5.77, 0.008, 180.78, -23.39);
insert into SHOT_FLAG values(152, 'dpl');
insert into SHOT values (153, 71, 153, 31, 1.120, 199.33, -13.80, 1.124, 199.27, -13.90, 0.005, 180.51, -38.12);
insert into SHOT_FLAG values(153, 'dpl');
insert into SHOT values (154, 71, 154, 31, 4.500, 181.13, -2.60, 4.505, 181.15, -2.54, 0.007, 196.33, 35.79);
insert into SHOT_FLAG values(154, 'dpl');
insert into SHOT values (155, 48, 155, 31, 3.200, 0.83, -13.10, 3.195, 0.92, -13.21, 0.009, 141.80, -30.08);
insert into SHOT_FLAG values(155, 'dpl');
insert into SHOT values (156, 48, 156, 31, 1.950, 76.53, -0.40, 1.953, 76.68, -0.29, 0.007, 139.36, 32.37);
insert into SHOT_FLAG values(156, 'dpl');
insert into SHOT values (157, 48, 157, 31, 3.490, 261.73, -20.40, 3.485, 261.72, -20.49, 0.008, 84.34, -26.12);
insert into SHOT_FLAG values(157, 'dpl');
insert into SHOT values (158, 48, 158, 31, 3.580, 163.43, 3.70, 3.586, 163.44, 3.68, 0.006, 170.74, -9.76);
insert into SHOT_FLAG values(158, 'dpl');
insert into SHOT values (159, 48, 159, 31, 5.080, 188.63, -2.60, 5.082, 188.61, -2.59, 0.003, 155.76, 8.71);
insert into SHOT_FLAG values(159, 'dpl');
insert into SHOT values (160, 28, 160, 31, 2.450, 259.43, -26.30, 2.448, 259.51, -26.18, 0.006, 343.41, 60.25);
insert into SHOT_FLAG values(160, 'dpl');
insert into SHOT values (161, 28, 161, 31, 3.920, 142.73, -5.30, 3.919, 142.60, -5.27, 0.009, 45.48, 13.69);
insert into SHOT_FLAG values(161, 'dpl');
insert into SHOT values (162, 28, 162, 31, 3.550, 114.13, 7.30, 3.556, 114.09, 7.27, 0.007, 96.11, -9.56);
insert into SHOT_FLAG values(162, 'dpl');
insert into SHOT values (163, 28, 163, 31, 6.680, 253.23, -14.30, 6.680, 253.30, -14.30, 0.008, 343.50, -0.32);
insert into SHOT_FLAG values(163, 'dpl');
insert into SHOT values (164, 28, 164, 31, 8.510, 278.53, -9.10, 8.510, 278.55, -9.06, 0.007, 0.21, 55.25);
insert into SHOT_FLAG values(164, 'dpl');
insert into SHOT values (165, 28, 165, 31, 7.120, 202.33, -6.80, 7.118, 202.28, -6.78, 0.007, 90.93, 27.78);
insert into SHOT_FLAG values(165, 'dpl');
insert into SHOT values (166, 166, 1, 31, 9.920, 13.03, 4.30, 9.922, 13.02, 4.28, 0.005, 6.58, -56.49);
insert into SHOT_FLAG values(166, 'srf');
insert into SCRAPS values (32, 29, 'Lapis_Lazuli-1p', 1, 2.72454, 0.04307);
 insert into SCRAPS values (284, 29, 'Lapis_Lazuli-photogrammetry-p', 1, 19.44805, 0.29172);
 insert into SCRAPS values (774, 29, 'Lapis_Lazuli-photogrammetry-2p', 1, 48.77057, 1.59989);
 insert into MAPS values (1122, 29, 'm-all-p', NULL, 1, 80.460, -4.550);
 insert into MAPITEMS values (1122, 4, 774);
 insert into MAPITEMS values (1122, 4, 284);
 insert into MAPS values (1124, 0, '', NULL, 2, 80.460, -4.550);
 insert into MAPITEMS values (1124, 4, 0);
 insert into SCRAPS values (0, 0, '', 2, 0.00000, 0.00000);
 insert into STATION values (1, '0', 29, 602193.85, 4390812.34, 27.74);
insert into STATION_FLAG values(1, 'ent');
insert into STATION values (2, '.', 29, 602194.37, 4390813.78, 30.88);
insert into STATION values (3, '.', 29, 602196.00, 4390812.58, 30.23);
insert into STATION values (4, '.', 29, 602195.82, 4390811.67, 29.56);
insert into STATION values (5, '.', 29, 602196.43, 4390810.43, 28.08);
insert into STATION values (6, '.', 29, 602198.71, 4390807.69, 25.84);
insert into STATION values (7, '.', 29, 602193.35, 4390813.16, 28.54);
insert into STATION values (8, '.', 29, 602193.30, 4390812.81, 27.42);
insert into STATION values (9, '.', 29, 602193.75, 4390813.63, 28.58);
insert into STATION values (10, '.', 29, 602201.77, 4390814.49, 28.36);
insert into STATION values (11, '.', 29, 602201.19, 4390813.24, 28.07);
insert into STATION values (12, '.', 29, 602201.56, 4390812.83, 28.16);
insert into STATION values (13, '.', 29, 602200.40, 4390811.59, 27.59);
insert into STATION values (14, '.', 29, 602199.14, 4390810.22, 27.18);
insert into STATION values (15, '1', 29, 602201.42, 4390823.19, 30.36);
insert into STATION values (16, '.', 29, 602196.49, 4390823.90, 30.83);
insert into STATION values (17, '.', 29, 602197.15, 4390824.25, 31.16);
insert into STATION values (18, '.', 29, 602195.27, 4390828.28, 30.89);
insert into STATION values (19, '.', 29, 602195.05, 4390827.10, 30.08);
insert into STATION values (20, '.', 29, 602194.43, 4390828.18, 29.96);
insert into STATION values (21, '.', 29, 602194.77, 4390829.10, 30.02);
insert into STATION values (22, '.', 29, 602193.01, 4390832.03, 29.90);
insert into STATION values (23, '.', 29, 602193.38, 4390833.23, 29.62);
insert into STATION values (24, '.', 29, 602199.66, 4390823.50, 30.40);
insert into STATION values (25, '.', 29, 602201.42, 4390823.11, 29.96);
insert into STATION values (26, '.', 29, 602203.83, 4390821.89, 30.56);
insert into STATION values (27, '.', 29, 602203.00, 4390822.40, 30.86);
insert into STATION values (28, '2', 29, 602202.07, 4390830.42, 30.96);
insert into STATION values (29, '.', 29, 602199.15, 4390828.34, 29.48);
insert into STATION values (30, '.', 29, 602194.59, 4390828.23, 29.84);
insert into STATION values (31, '.', 29, 602192.74, 4390830.33, 29.82);
insert into STATION values (32, '.', 29, 602193.67, 4390833.44, 29.52);
insert into STATION values (33, '.', 29, 602193.61, 4390832.79, 30.27);
insert into STATION values (34, '.', 29, 602196.42, 4390824.80, 29.28);
insert into STATION values (35, '.', 29, 602195.08, 4390835.09, 30.06);
insert into STATION values (36, '.', 29, 602207.20, 4390840.13, 31.25);
insert into STATION values (37, '.', 29, 602207.66, 4390839.25, 31.31);
insert into STATION values (38, '.', 29, 602207.42, 4390836.73, 31.38);
insert into STATION values (39, '.', 29, 602205.55, 4390833.12, 31.39);
insert into STATION values (40, '.', 29, 602205.97, 4390831.19, 31.58);
insert into STATION values (41, '.', 29, 602206.27, 4390829.51, 31.53);
insert into STATION values (42, '.', 29, 602205.01, 4390828.43, 31.12);
insert into STATION values (43, '.', 29, 602205.81, 4390825.79, 30.70);
insert into STATION values (44, '.', 29, 602204.49, 4390824.30, 30.35);
insert into STATION values (45, '.', 29, 602204.52, 4390820.60, 29.99);
insert into STATION values (46, '.', 29, 602202.43, 4390821.79, 30.48);
insert into STATION values (47, '.', 29, 602202.06, 4390830.45, 31.73);
insert into STATION values (48, '3', 29, 602206.42, 4390845.28, 30.61);
insert into STATION values (49, '.', 29, 602206.27, 4390845.40, 31.42);
insert into STATION values (50, '.', 29, 602206.56, 4390845.33, 31.46);
insert into STATION values (51, '.', 29, 602207.86, 4390844.54, 31.35);
insert into STATION values (52, '.', 29, 602209.55, 4390844.40, 31.14);
insert into STATION values (53, '.', 29, 602208.90, 4390843.06, 31.27);
insert into STATION values (54, '.', 29, 602208.43, 4390841.75, 31.41);
insert into STATION values (55, '.', 29, 602207.64, 4390840.18, 31.32);
insert into STATION values (56, '.', 29, 602207.22, 4390839.30, 31.39);
insert into STATION values (57, '.', 29, 602206.65, 4390834.13, 31.49);
insert into STATION values (58, '.', 29, 602211.01, 4390853.03, 31.16);
insert into STATION values (59, '.', 29, 602210.03, 4390855.93, 30.61);
insert into STATION values (60, '.', 29, 602204.07, 4390862.99, 29.95);
insert into STATION values (61, '.', 29, 602202.78, 4390861.21, 29.87);
insert into STATION values (62, '.', 29, 602200.20, 4390859.89, 29.81);
insert into STATION values (63, '.', 29, 602198.85, 4390857.94, 29.81);
insert into STATION values (64, '.', 29, 602197.72, 4390856.22, 29.78);
insert into STATION values (65, '.', 29, 602197.56, 4390853.55, 29.78);
insert into STATION values (66, '.', 29, 602196.60, 4390852.29, 29.45);
insert into STATION values (67, '.', 29, 602195.33, 4390851.16, 29.36);
insert into STATION values (68, '.', 29, 602195.65, 4390851.53, 29.43);
insert into STATION values (69, '.', 29, 602195.07, 4390851.12, 29.38);
insert into STATION values (70, '.', 29, 602194.82, 4390849.66, 29.31);
insert into STATION values (71, '4', 29, 602206.41, 4390856.74, 29.93);
insert into STATION values (72, '.', 29, 602206.38, 4390856.72, 31.31);
insert into STATION values (73, '.', 29, 602203.21, 4390859.08, 30.41);
insert into STATION values (74, '.', 29, 602204.74, 4390857.89, 30.80);
insert into STATION values (75, '.', 29, 602208.86, 4390854.92, 30.60);
insert into STATION values (76, '.', 29, 602206.50, 4390856.89, 29.55);
insert into STATION values (77, '.', 29, 602193.49, 4390847.25, 29.51);
insert into STATION values (78, '.', 29, 602195.90, 4390851.93, 29.87);
insert into STATION values (79, '.', 29, 602198.96, 4390855.89, 30.13);
insert into STATION values (80, '.', 29, 602202.38, 4390861.21, 30.11);
insert into STATION values (81, '.', 29, 602203.10, 4390861.92, 30.13);
insert into STATION values (82, '.', 29, 602203.64, 4390862.99, 30.12);
insert into STATION values (83, '.', 29, 602205.60, 4390862.92, 30.21);
insert into STATION values (84, '.', 29, 602206.40, 4390863.65, 30.28);
insert into STATION values (85, '.', 29, 602207.87, 4390865.12, 30.54);
insert into STATION values (86, '.', 29, 602210.05, 4390856.10, 30.67);
insert into STATION values (87, '.', 29, 602208.88, 4390854.95, 30.64);
insert into STATION values (88, '.', 29, 602207.71, 4390853.99, 30.62);
insert into STATION values (89, '.', 29, 602206.58, 4390852.68, 30.62);
insert into STATION values (90, '5', 29, 602210.31, 4390862.77, 30.38);
insert into STATION values (91, '.', 29, 602210.38, 4390863.02, 31.39);
insert into STATION values (92, '.', 29, 602208.95, 4390863.31, 30.10);
insert into STATION values (93, '.', 29, 602206.97, 4390863.97, 30.16);
insert into STATION values (94, '.', 29, 602207.22, 4390863.96, 30.64);
insert into STATION values (95, '.', 29, 602208.57, 4390863.44, 30.84);
insert into STATION values (96, '.', 29, 602206.71, 4390864.05, 30.60);
insert into STATION values (97, '.', 29, 602202.50, 4390862.20, 29.81);
insert into STATION values (98, '.', 29, 602201.68, 4390860.87, 29.84);
insert into STATION values (99, '.', 29, 602198.91, 4390857.82, 29.86);
insert into STATION values (100, '.', 29, 602211.66, 4390857.06, 30.64);
insert into STATION values (101, '.', 29, 602213.40, 4390856.85, 30.37);
insert into STATION values (102, '.', 29, 602224.59, 4390861.79, 30.23);
insert into STATION values (103, '.', 29, 602226.22, 4390860.10, 30.24);
insert into STATION values (104, '.', 29, 602225.44, 4390864.97, 31.05);
insert into STATION values (105, '.', 29, 602226.86, 4390868.13, 32.03);
insert into STATION values (106, '.', 29, 602221.78, 4390868.63, 30.92);
insert into STATION values (107, '.', 29, 602218.62, 4390869.46, 29.17);
insert into STATION values (108, '.', 29, 602210.71, 4390875.16, 29.97);
insert into STATION values (109, '.', 29, 602207.87, 4390867.67, 30.00);
insert into STATION values (110, '.', 29, 602216.10, 4390887.38, 30.20);
insert into STATION values (111, '6', 29, 602216.25, 4390874.05, 30.54);
insert into STATION values (112, '.', 29, 602216.15, 4390874.00, 32.27);
insert into STATION values (113, '.', 29, 602211.66, 4390876.38, 30.50);
insert into STATION values (114, '.', 29, 602216.19, 4390873.97, 32.28);
insert into STATION values (115, '.', 29, 602210.75, 4390875.04, 30.37);
insert into STATION values (116, '.', 29, 602225.80, 4390873.55, 33.34);
insert into STATION values (117, '.', 29, 602207.70, 4390865.24, 30.32);
insert into STATION values (118, '.', 29, 602208.05, 4390867.77, 30.14);
insert into STATION values (119, '.', 29, 602208.59, 4390870.98, 30.00);
insert into STATION values (120, '.', 29, 602210.60, 4390873.19, 30.54);
insert into STATION values (121, '.', 29, 602211.68, 4390876.40, 30.52);
insert into STATION values (122, '.', 29, 602212.82, 4390878.50, 30.76);
insert into STATION values (123, '.', 29, 602213.85, 4390879.13, 31.09);
insert into STATION values (124, '.', 29, 602213.37, 4390882.83, 30.21);
insert into STATION values (125, '.', 29, 602220.10, 4390889.05, 31.32);
insert into STATION values (126, '.', 29, 602222.32, 4390886.77, 32.57);
insert into STATION values (127, '.', 29, 602223.03, 4390881.33, 33.39);
insert into STATION values (128, '.', 29, 602223.89, 4390878.95, 33.57);
insert into STATION values (129, '.', 29, 602224.56, 4390876.28, 33.64);
insert into STATION values (130, '.', 29, 602225.92, 4390873.66, 33.37);
insert into STATION values (131, '.', 29, 602224.33, 4390871.50, 32.67);
insert into STATION values (132, '.', 29, 602224.61, 4390864.82, 31.60);
insert into STATION values (133, '.', 29, 602223.43, 4390866.09, 31.38);
insert into STATION values (134, '7', 29, 602222.64, 4390863.00, 30.54);
insert into STATION values (135, '.', 29, 602222.60, 4390862.89, 31.55);
insert into STATION values (136, '.', 29, 602227.23, 4390874.16, 33.17);
insert into STATION values (137, '.', 29, 602227.94, 4390862.80, 30.14);
insert into STATION values (138, '.', 29, 602227.13, 4390861.46, 29.77);
insert into STATION values (139, '.', 29, 602226.02, 4390859.99, 29.93);
insert into STATION values (140, '.', 29, 602226.13, 4390860.45, 29.91);
insert into STATION values (141, '.', 29, 602226.90, 4390867.05, 31.52);
insert into STATION values (142, '.', 29, 602226.69, 4390870.73, 32.71);
insert into STATION values (143, '.', 29, 602221.47, 4390855.67, 29.77);
insert into STATION values (144, 'C7', 29, 602212.29, 4390859.89, 30.22);
insert into STATION values (145, 'C8', 29, 602217.57, 4390857.07, 30.68);
insert into STATION values (146, 'C5', 29, 602213.49, 4390857.17, 30.31);
insert into STATION values (147, 'C1', 29, 602220.24, 4390880.51, 31.92);
insert into STATION values (148, 'C2', 29, 602222.57, 4390876.01, 31.68);
insert into STATION values (149, 'C3', 29, 602223.67, 4390870.65, 32.29);
insert into STATION values (150, 'C4', 29, 602223.70, 4390865.09, 30.92);
insert into STATION values (151, 'C6', 29, 602209.76, 4390856.10, 30.56);
insert into STATION values (152, 'C9', 29, 602204.23, 4390859.04, 29.61);
insert into STATION values (153, 'C15', 29, 602206.05, 4390855.71, 29.66);
insert into STATION values (154, 'C16', 29, 602206.32, 4390852.24, 29.73);
insert into STATION values (155, 'C17', 29, 602206.47, 4390848.39, 29.88);
insert into STATION values (156, 'C18', 29, 602208.32, 4390845.73, 30.60);
insert into STATION values (157, 'C11', 29, 602203.19, 4390844.81, 29.39);
insert into STATION values (158, 'C19', 29, 602207.44, 4390841.85, 30.84);
insert into STATION values (159, 'C20', 29, 602205.66, 4390840.26, 30.38);
insert into STATION values (160, 'C26', 29, 602199.91, 4390830.02, 29.88);
insert into STATION values (161, 'C27', 29, 602204.44, 4390827.32, 30.60);
insert into STATION values (162, 'C28', 29, 602205.29, 4390828.98, 31.41);
insert into STATION values (163, 'C14', 29, 602195.87, 4390828.56, 29.31);
insert into STATION values (164, 'C13', 29, 602193.76, 4390831.67, 29.62);
insert into STATION values (165, 'C30', 29, 602199.39, 4390823.88, 30.12);
insert into STATION values (166, 'GPS-fixe', 29, 602191.62, 4390802.70, 27.00);
insert into STATION_FLAG values(166, 'fix');
