create table SURVEY (ID integer, PARENT_ID integer, NAME varchar(51), FULL_NAME varchar(47), TITLE varchar(59));
create table CENTRELINE (ID integer, SURVEY_ID integer, TITLE varchar(4), TOPO_DATE date, EXPLO_DATE date, LENGTH real, SURFACE_LENGTH real, DUPLICATE_LENGTH real);
create table PERSON (ID integer, NAME varchar(7), SURNAME varchar(11));
create table EXPLO (PERSON_ID integer, CENTRELINE_ID integer);
create table TOPO (PERSON_ID integer, CENTRELINE_ID integer);
create table STATION (ID integer, NAME varchar(16), SURVEY_ID integer, X real, Y real, Z real);
create table STATION_FLAG (STATION_ID integer, FLAG char(3));
create table SHOT (ID integer, FROM_ID integer, TO_ID integer, CENTRELINE_ID integer, LENGTH real, BEARING real, GRADIENT real, ADJ_LENGTH real, ADJ_BEARING real, ADJ_GRADIENT real, ERR_LENGTH real, ERR_BEARING real, ERR_GRADIENT real);
create table SHOT_FLAG (SHOT_ID integer, FLAG char(3));
create table MAPS (ID integer, SURVEY_ID integer, NAME varchar(51), TITLE varchar(59), PROJID integer, LENGTH real, DEPTH real);
create table SCRAPS (ID integer, SURVEY_ID integer, NAME varchar(51), PROJID integer, MAX_DISTORTION real, AVG_DISTORTION real);
create table MAPITEMS (ID integer, TYPE integer, ITEMID integer);
insert into SURVEY values (1, 0, '', '', NULL);
 insert into CENTRELINE values (2, 1, NULL, NULL, NULL, 0.00, 0.00, 0.00);
 insert into SURVEY values (22, 1, 'UltimaPatagonia', 'UltimaPatagonia', NULL);
 insert into CENTRELINE values (23, 22, NULL, NULL, NULL, 0.00, 0.00, 0.00);
 insert into SURVEY values (24, 22, '101', '101.UltimaPatagonia', '101 MDD Nord Ouest');
 insert into CENTRELINE values (25, 24, NULL, NULL, NULL, 0.00, 0.00, 0.00);
 insert into CENTRELINE values (26, 24, NULL, NULL, NULL, 0.00, 0.00, 0.00);
 insert into SURVEY values (28, 22, '102', '102.UltimaPatagonia', '102 Trininad');
 insert into CENTRELINE values (29, 28, NULL, NULL, NULL, 0.00, 0.00, 0.00);
 insert into CENTRELINE values (30, 28, NULL, NULL, NULL, 0.00, 0.00, 0.00);
 insert into SURVEY values (32, 22, '104', '104.UltimaPatagonia', '104 Resurgence Ouest');
 insert into CENTRELINE values (33, 32, NULL, NULL, NULL, 0.00, 0.00, 0.00);
 insert into CENTRELINE values (34, 32, NULL, NULL, NULL, 0.00, 0.00, 0.00);
 insert into SURVEY values (36, 22, '105', '105.UltimaPatagonia', '105 Grand Lac');
 insert into CENTRELINE values (37, 36, NULL, NULL, NULL, 0.00, 0.00, 0.00);
 insert into CENTRELINE values (38, 36, NULL, NULL, NULL, 0.00, 0.00, 0.00);
 insert into SURVEY values (40, 22, '106', '106.UltimaPatagonia', '106 Seno Egg');
 insert into CENTRELINE values (41, 40, NULL, NULL, NULL, 0.00, 0.00, 0.00);
 insert into SURVEY values (42, 40, 'HaciendasSalinas', 'HaciendasSalinas.106.UltimaPatagonia', 'Haciendas Salinas');
 insert into CENTRELINE values (43, 42, NULL, NULL, NULL, 0.00, 0.00, 0.00);
 insert into SCRAPS values (44, 42, 'muddyhollows-p', 1, 0.32256, 0.01727);
 insert into SCRAPS values (146, 42, 'stalchamber-p', 1, 0.85434, 0.02703);
 insert into SCRAPS values (254, 42, 'waterworld-p', 1, 0.37744, 0.02358);
 insert into SCRAPS values (329, 42, 'entrance-p', 1, 39.30130, 9.52545);
 insert into SCRAPS values (464, 42, 'whiterhino-p', 1, 28.15551, 0.02440);
 insert into SCRAPS values (530, 42, 'DELETE-ME-survey-legs-DUPLICATE_haciendas_salinas-p', 1, 0.00000, 0.00000);
 insert into SCRAPS values (692, 42, 'sumpofdoom-p', 1, 3.00039, 0.03352);
 insert into SCRAPS values (736, 42, 'DUPLICATE_haciendas_salinas-1p', 1, 0.00000, 0.00000);
 insert into MAPS values (739, 42, 'm-all-p', NULL, 1, 1364.240, -88.370);
 insert into MAPITEMS values (739, 4, 329);
 insert into MAPITEMS values (739, 4, 692);
 insert into MAPITEMS values (739, 4, 44);
 insert into MAPITEMS values (739, 4, 464);
 insert into MAPITEMS values (739, 4, 146);
 insert into MAPITEMS values (739, 4, 254);
 insert into SURVEY values (740, 42, 'a', 'a.HaciendasSalinas.106.UltimaPatagonia', NULL);
 insert into CENTRELINE values (741, 740, NULL, NULL, NULL, 0.00, 0.00, 0.00);
 insert into CENTRELINE values (742, 740, NULL, '2008-04-06', NULL, 383.09, 0.00, 0.00);
 insert into PERSON values (1, 'Tim', 'Guilford');
insert into TOPO values (1, 742);
 insert into PERSON values (2, 'Simon', 'Headford');
insert into TOPO values (2, 742);
 insert into PERSON values (3, 'Lou', 'Maurice');
insert into TOPO values (3, 742);
 insert into SHOT values (1, 8, 9, 742, 8.670, 136.53, 2.00, 8.553, 136.37, 1.00, 0.192, 328.21, -52.81);
insert into SHOT values (2, 10, 8, 742, 13.910, 186.53, 37.00, 13.810, 187.69, 36.79, 0.251, 289.57, -23.79);
insert into SHOT values (3, 11, 10, 742, 4.290, 248.53, 40.00, 4.264, 249.42, 39.28, 0.078, 323.47, -47.23);
insert into SHOT values (4, 12, 11, 742, 8.460, 243.53, -21.00, 8.505, 244.90, -21.81, 0.228, 334.89, -34.29);
insert into SHOT values (5, 12, 13, 742, 12.100, 36.53, 6.00, 12.089, 38.29, 7.37, 0.469, 134.20, 37.46);
insert into SHOT values (6, 14, 13, 742, 10.700, 186.53, 8.00, 10.615, 187.69, 7.03, 0.292, 293.04, -40.36);
insert into SHOT values (7, 15, 14, 742, 7.570, 207.53, -14.00, 7.540, 208.64, -15.07, 0.202, 322.45, -39.58);
insert into SHOT values (8, 16, 15, 742, 6.590, 177.53, -27.00, 6.539, 178.21, -28.20, 0.162, 325.54, -37.30);
insert into SHOT values (9, 17, 16, 742, 9.590, 170.53, 24.00, 9.474, 171.19, 23.58, 0.169, 298.94, -41.02);
insert into SHOT values (10, 18, 17, 742, 7.160, 178.53, 14.00, 7.054, 179.25, 13.44, 0.153, 313.99, -36.97);
insert into SHOT values (11, 18, 19, 742, 9.530, 35.53, -27.00, 9.464, 36.86, -26.28, 0.239, 127.74, 34.80);
insert into SHOT values (12, 20, 19, 742, 7.620, 206.53, 22.00, 7.550, 207.62, 21.36, 0.173, 311.19, -37.06);
insert into SHOT values (13, 21, 20, 742, 21.780, 151.53, 27.00, 21.650, 151.93, 26.47, 0.274, 252.75, -60.12);
insert into SHOT values (14, 22, 21, 742, 11.300, 245.53, 15.00, 11.294, 245.53, 14.98, 0.007, 78.32, -44.42);
insert into SHOT values (15, 23, 22, 742, 4.830, 242.53, -13.00, 4.832, 242.56, -12.92, 0.008, 280.59, 55.73);
insert into SHOT values (16, 24, 23, 742, 5.950, 216.53, 23.00, 5.947, 216.54, 22.96, 0.005, 14.06, -78.52);
insert into SHOT values (17, 25, 24, 742, 16.600, 157.53, -24.00, 16.598, 157.51, -24.00, 0.006, 49.52, 18.01);
insert into SHOT values (18, 26, 21, 742, 12.950, 154.53, 26.00, 12.814, 154.85, 25.62, 0.174, 296.89, -52.07);
insert into SHOT values (19, 27, 26, 742, 12.650, 167.53, 16.00, 12.542, 168.27, 15.21, 0.258, 277.97, -49.68);
insert into SHOT values (20, 27, 28, 742, 25.290, 326.53, -24.00, 25.158, 326.69, -23.17, 0.393, 35.72, 79.64);
insert into SHOT values (21, 28, 29, 742, 15.950, 335.53, -18.00, 15.943, 335.53, -18.01, 0.008, 155.77, -8.81);
insert into SHOT values (22, 30, 29, 742, 5.560, 216.53, -1.00, 5.563, 216.52, -1.03, 0.004, 195.83, -43.22);
insert into SHOT values (23, 30, 31, 742, 6.140, 201.53, 86.00, 6.135, 201.80, 85.97, 0.006, 240.60, -57.41);
insert into SHOT values (24, 32, 31, 742, 3.210, 293.53, -10.00, 3.229, 294.31, -9.81, 0.048, 358.03, 8.79);
insert into SHOT values (25, 33, 32, 742, 18.820, 194.53, 21.00, 18.746, 194.64, 22.39, 0.462, 6.81, 58.79);
insert into SHOT values (26, 33, 34, 742, 5.460, 34.53, -19.00, 5.394, 34.91, -19.49, 0.088, 191.18, -14.83);
insert into SHOT values (27, 35, 34, 742, 8.130, 211.53, 12.00, 8.046, 211.89, 12.49, 0.119, 4.63, 24.59);
insert into SHOT values (28, 35, 36, 742, 11.340, 48.53, -5.00, 11.272, 49.48, -5.45, 0.218, 161.17, -22.04);
insert into SHOT values (29, 37, 36, 742, 10.610, 260.53, 8.00, 10.581, 261.82, 8.42, 0.250, 0.86, 17.10);
insert into SHOT values (30, 37, 38, 742, 5.440, 322.53, -12.00, 5.387, 321.87, -12.33, 0.086, 188.87, -12.68);
insert into SHOT values (31, 39, 38, 742, 8.340, 244.53, 10.00, 8.290, 245.51, 10.42, 0.161, 358.16, 18.81);
insert into SHOT values (32, 39, 40, 742, 7.830, 26.53, -10.00, 7.750, 26.83, -10.48, 0.111, 182.55, -26.93);
insert into SHOT values (33, 41, 40, 742, 5.390, 249.53, -9.00, 5.333, 250.26, -8.84, 0.089, 18.62, 15.06);
insert into SHOT values (34, 41, 42, 742, 4.460, 74.53, -19.00, 4.425, 75.30, -19.27, 0.070, 200.54, -6.57);
insert into SHOT values (35, 43, 42, 742, 8.400, 146.53, 20.00, 8.347, 145.74, 20.55, 0.145, 20.63, 23.19);
insert into SHOT values (36, 43, 44, 742, 2.140, 288.53, -49.00, 2.151, 287.40, -49.25, 0.031, 198.62, -28.35);
insert into SHOT values (37, 44, 45, 742, 2.590, 320.53, -33.00, 2.554, 319.95, -33.51, 0.048, 167.07, 0.73);
insert into SHOT values (38, 46, 45, 742, 7.430, 223.53, -2.00, 7.344, 224.12, -1.79, 0.117, 2.16, 14.47);
insert into SHOT values (39, 46, 47, 742, 2.150, 63.53, -11.00, 2.102, 64.43, -11.25, 0.059, 210.01, 0.23);
insert into SHOT values (40, 47, 48, 742, 2.840, 10.53, 2.00, 2.747, 10.49, 1.67, 0.094, 191.71, -11.69);
insert into SHOT values (41, 48, 49, 742, 3.170, 153.53, -66.00, 3.219, 154.20, -65.54, 0.057, 173.37, -36.45);
insert into SHOT values (42, 50, 49, 742, 3.750, 244.53, 2.00, 3.694, 245.17, 2.17, 0.071, 28.55, 7.42);
insert into SHOT values (43, 50, 51, 742, 16.400, 335.53, -22.00, 16.347, 334.39, -23.09, 0.436, 215.76, -37.66);
insert into SURVEY values (744, 42, 'b', 'b.HaciendasSalinas.106.UltimaPatagonia', NULL);
 insert into CENTRELINE values (745, 744, NULL, NULL, NULL, 0.00, 0.00, 0.00);
 insert into CENTRELINE values (746, 744, NULL, '2008-04-07', NULL, 354.54, 0.00, 0.00);
 insert into PERSON values (4, 'Tim', 'Guildford');
insert into TOPO values (4, 746);
 insert into TOPO values (2, 746);
 insert into TOPO values (3, 746);
 insert into PERSON values (5, 'Rick', 'Padfield');
insert into TOPO values (5, 746);
 insert into SHOT values (44, 52, 53, 746, 10.620, 77.53, 25.00, 10.689, 78.92, 25.73, 0.279, 167.15, 32.97);
insert into SHOT values (45, 52, 54, 746, 13.390, 278.53, -24.00, 13.498, 279.91, -24.70, 0.354, 3.30, -33.22);
insert into SHOT values (46, 54, 55, 746, 9.110, 306.53, -23.00, 9.238, 306.90, -23.41, 0.154, 337.01, -45.96);
insert into SHOT values (47, 55, 56, 746, 3.610, 152.53, 19.00, 3.486, 152.58, 18.74, 0.125, 331.06, -26.17);
insert into SHOT values (48, 56, 57, 746, 12.450, 344.53, -26.00, 12.574, 343.87, -26.39, 0.200, 283.67, -41.47);
insert into SHOT values (49, 57, 58, 746, 6.390, 255.53, -8.00, 6.437, 256.64, -8.76, 0.157, 330.48, -35.40);
insert into SHOT values (50, 58, 59, 746, 14.390, 173.53, 31.00, 14.393, 173.53, 30.99, 0.004, 175.65, -19.67);
insert into SHOT values (51, 59, 60, 746, 4.820, 130.53, 12.00, 4.815, 130.52, 11.99, 0.006, 318.61, -22.48);
insert into SHOT values (52, 60, 61, 746, 6.480, 197.53, 22.00, 6.482, 197.53, 22.02, 0.003, 193.76, 70.02);
insert into SHOT values (53, 61, 62, 746, 6.990, 224.53, 12.00, 6.983, 224.53, 11.98, 0.007, 50.33, -27.30);
insert into SHOT values (54, 62, 63, 746, 3.900, 209.53, 36.00, 3.910, 209.57, 36.03, 0.010, 225.70, 48.48);
insert into SHOT values (55, 63, 64, 746, 6.770, 251.53, 11.00, 6.765, 251.57, 10.99, 0.006, 32.25, -15.88);
insert into SHOT values (56, 64, 65, 746, 5.230, 298.53, -17.00, 5.223, 298.46, -17.03, 0.010, 155.24, -5.24);
insert into SHOT values (57, 65, 66, 746, 3.180, 216.53, -7.00, 3.176, 216.62, -7.05, 0.007, 349.10, -21.26);
insert into SHOT values (58, 66, 67, 746, 5.960, 206.53, 6.00, 5.958, 206.57, 5.97, 0.005, 323.19, -37.13);
insert into SHOT values (59, 67, 68, 746, 8.500, 244.53, 3.00, 8.501, 244.46, 3.03, 0.012, 160.71, 26.34);
insert into SHOT values (60, 68, 69, 746, 1.480, 324.53, -31.00, 1.486, 324.57, -30.77, 0.008, 330.37, 16.07);
insert into SHOT values (61, 69, 70, 746, 5.170, 299.53, 6.00, 5.165, 299.51, 6.00, 0.006, 139.12, -4.15);
insert into SHOT values (62, 70, 71, 746, 9.660, 300.53, -5.00, 9.661, 300.53, -4.99, 0.003, 324.41, 49.01);
insert into SHOT values (63, 71, 72, 746, 10.590, 310.53, -18.00, 10.599, 310.53, -18.03, 0.010, 314.22, -47.33);
insert into SHOT values (64, 72, 73, 746, 6.050, 246.53, 12.00, 6.053, 246.51, 12.01, 0.004, 208.62, 30.22);
insert into SHOT values (65, 73, 74, 746, 9.380, 291.53, -2.00, 9.380, 291.53, -2.02, 0.003, 160.01, -80.94);
insert into SHOT values (66, 74, 75, 746, 4.140, 279.53, -10.00, 4.139, 279.46, -10.02, 0.005, 170.79, -12.01);
insert into SHOT values (67, 76, 75, 746, 2.660, 112.53, 5.00, 2.655, 112.69, 4.97, 0.009, 238.81, -11.64);
insert into SHOT values (68, 76, 77, 746, 8.740, 270.53, -29.00, 8.742, 270.52, -28.94, 0.010, 262.28, 49.37);
insert into SHOT values (69, 78, 77, 746, 8.440, 91.53, 34.00, 8.437, 91.56, 34.02, 0.006, 236.24, 4.28);
insert into SHOT values (70, 78, 79, 746, 8.710, 231.53, -22.00, 8.721, 231.53, -22.02, 0.012, 229.29, -37.38);
insert into SHOT values (71, 79, 80, 746, 7.800, 205.53, 10.00, 7.799, 205.53, 10.04, 0.006, 26.65, 73.98);
insert into SHOT values (72, 80, 81, 746, 12.240, 204.53, 11.00, 12.239, 204.54, 10.97, 0.006, 291.64, -73.55);
insert into SHOT values (73, 81, 82, 746, 12.970, 210.53, -13.00, 12.964, 210.54, -12.97, 0.009, 359.31, 54.44);
insert into SHOT values (74, 82, 83, 746, 13.500, 211.53, -25.00, 13.499, 211.49, -25.02, 0.010, 98.50, -28.48);
insert into SHOT values (75, 83, 84, 746, 4.680, 201.53, -1.00, 4.678, 201.57, -0.98, 0.004, 315.83, 23.52);
insert into SHOT values (76, 84, 85, 746, 4.630, 182.53, 2.00, 4.638, 182.60, 1.98, 0.009, 217.70, -9.70);
insert into SHOT values (77, 85, 86, 746, 11.210, 210.53, -19.00, 11.208, 210.51, -19.01, 0.004, 93.48, -4.87);
insert into SHOT values (78, 86, 87, 746, 6.500, 192.53, -7.00, 6.492, 192.55, -6.99, 0.008, 358.34, 15.28);
insert into SHOT values (79, 87, 88, 746, 6.430, 269.53, -20.00, 6.428, 269.53, -20.01, 0.002, 104.81, -21.19);
insert into SHOT values (80, 88, 89, 746, 8.150, 275.53, -26.00, 8.147, 275.48, -25.99, 0.007, 169.95, 24.01);
insert into SHOT values (81, 89, 90, 746, 5.560, 292.53, 22.00, 5.559, 292.59, 21.97, 0.006, 19.73, -29.70);
insert into SHOT values (82, 90, 91, 746, 9.660, 231.53, 3.00, 9.665, 231.56, 2.97, 0.009, 279.35, -37.62);
insert into SHOT values (83, 91, 92, 746, 14.520, 230.53, 39.00, 14.524, 230.50, 39.00, 0.008, 171.91, 17.56);
insert into SHOT values (84, 92, 93, 746, 25.000, 15.53, 90.00, 25.000, 90.00, 90.00, 0.000, 15.53, 0.00);
insert into SHOT values (85, 94, 95, 746, 16.750, 337.53, 25.00, 16.751, 337.54, 25.00, 0.003, 45.70, 24.32);
insert into SHOT values (86, 95, 96, 746, 18.130, 337.53, 45.00, 18.126, 337.52, 45.01, 0.007, 183.90, 1.33);
insert into SHOT values (87, 96, 97, 746, 5.000, 312.53, 44.00, 5.002, 312.64, 43.93, 0.009, 2.99, -20.76);
insert into SURVEY values (748, 42, 'c', 'c.HaciendasSalinas.106.UltimaPatagonia', NULL);
 insert into CENTRELINE values (749, 748, NULL, NULL, NULL, 0.00, 0.00, 0.00);
 insert into CENTRELINE values (750, 748, NULL, '2008-04-08', NULL, 209.65, 0.00, 0.00);
 insert into TOPO values (4, 750);
 insert into TOPO values (2, 750);
 insert into PERSON values (6, 'Ben', 'Lovett');
insert into TOPO values (6, 750);
 insert into SHOT values (88, 98, 99, 750, 3.360, 80.53, 16.00, 3.365, 80.57, 16.04, 0.006, 108.17, 41.32);
insert into SHOT values (89, 98, 100, 750, 3.300, 38.53, -4.00, 3.303, 38.47, -3.99, 0.005, 351.96, 2.33);
insert into SHOT values (90, 100, 101, 750, 3.100, 8.53, -34.00, 3.097, 8.51, -33.96, 0.004, 217.98, 60.14);
insert into SHOT values (91, 101, 102, 750, 12.000, 350.53, -32.00, 11.993, 350.55, -32.03, 0.009, 151.83, -6.16);
insert into SHOT values (92, 102, 103, 750, 10.230, 1.53, -24.00, 10.237, 1.53, -23.98, 0.008, 2.59, 6.72);
insert into SHOT values (93, 103, 104, 750, 3.650, 352.53, -22.00, 3.646, 352.52, -22.07, 0.006, 180.73, -26.01);
insert into SHOT values (94, 105, 106, 750, 4.300, 129.53, 21.00, 4.313, 129.73, 21.78, 0.061, 253.31, 73.97);
insert into SHOT values (95, 106, 107, 750, 4.300, 132.53, -5.00, 4.278, 132.82, -4.16, 0.070, 260.79, 67.35);
insert into SHOT values (96, 107, 108, 750, 2.900, 96.53, 41.00, 2.935, 96.57, 41.90, 0.058, 256.49, 85.44);
insert into SHOT values (97, 108, 109, 750, 4.200, 123.53, 33.00, 4.238, 123.64, 33.84, 0.073, 235.64, 84.04);
insert into SHOT values (98, 109, 110, 750, 2.300, 138.53, -33.00, 2.303, 138.56, -32.87, 0.006, 150.46, 26.68);
insert into SHOT values (99, 109, 111, 750, 6.400, 115.53, 32.00, 6.430, 115.71, 32.98, 0.115, 268.82, 70.92);
insert into SHOT values (100, 111, 112, 750, 9.800, 147.53, 3.00, 9.801, 147.56, 2.98, 0.006, 229.95, -29.63);
insert into SHOT values (101, 112, 113, 750, 10.000, 152.53, -32.00, 9.999, 152.56, -31.94, 0.011, 197.90, 57.27);
insert into SHOT values (102, 113, 114, 750, 2.100, 154.53, 4.00, 2.098, 154.54, 3.83, 0.007, 326.51, -76.54);
insert into SHOT values (103, 114, 115, 750, 7.700, 147.53, -51.00, 7.692, 147.49, -51.03, 0.009, 350.15, 25.60);
insert into SHOT values (104, 111, 116, 750, 1.500, 332.53, 47.00, 1.576, 331.74, 47.93, 0.081, 308.46, 63.80);
insert into SHOT values (105, 116, 117, 750, 8.200, 48.53, 10.00, 8.200, 48.51, 9.97, 0.005, 336.49, -57.28);
insert into SHOT values (106, 117, 118, 750, 8.800, 15.53, -2.00, 8.798, 15.57, -2.02, 0.007, 124.15, -24.70);
insert into SHOT values (107, 118, 119, 750, 3.180, 17.53, 60.00, 3.186, 17.18, 60.04, 0.011, 293.29, 31.83);
insert into SHOT values (108, 119, 120, 750, 6.500, 28.53, -7.00, 6.507, 28.59, -7.06, 0.012, 77.34, -41.86);
insert into SHOT values (109, 120, 121, 750, 7.300, 73.53, 9.00, 7.296, 73.55, 9.07, 0.010, 226.56, 53.54);
insert into SHOT values (110, 121, 122, 750, 7.300, 15.53, 0.00, 7.305, 15.48, 0.00, 0.008, 324.83, 0.00);
insert into SHOT values (111, 121, 123, 750, 7.300, 152.53, 40.00, 7.298, 152.52, 39.99, 0.003, 16.92, -53.57);
insert into SHOT values (112, 122, 124, 750, 2.400, 249.53, -34.00, 2.403, 249.38, -34.19, 0.010, 135.93, -53.66);
insert into SHOT values (113, 124, 125, 750, 11.000, 322.53, -42.00, 11.000, 322.56, -42.00, 0.004, 55.51, 7.08);
insert into SHOT values (114, 116, 126, 750, 11.800, 306.53, -26.00, 11.781, 306.16, -24.42, 0.333, 276.98, 65.36);
insert into SHOT values (115, 126, 105, 750, 9.300, 291.53, -37.00, 9.269, 291.35, -35.71, 0.213, 277.99, 61.39);
insert into SHOT values (116, 127, 128, 750, 8.940, 136.53, 31.00, 8.942, 136.48, 30.96, 0.009, 79.97, -28.45);
insert into SHOT values (117, 127, 129, 750, 16.790, 178.53, 66.00, 16.784, 178.49, 65.98, 0.010, 122.65, -55.40);
insert into SHOT values (118, 130, 131, 750, 1.500, 140.53, -21.00, 1.500, 140.51, -21.10, 0.003, 350.93, -66.76);
insert into SHOT values (119, 131, 132, 750, 8.200, 178.53, 34.00, 8.206, 178.57, 34.01, 0.008, 226.24, 37.74);
insert into SURVEY values (752, 42, 'd', 'd.HaciendasSalinas.106.UltimaPatagonia', NULL);
 insert into CENTRELINE values (753, 752, NULL, NULL, NULL, 0.00, 0.00, 0.00);
 insert into CENTRELINE values (754, 752, NULL, '2008-04-09', NULL, 147.11, 0.00, 0.00);
 insert into TOPO values (2, 754);
 insert into TOPO values (6, 754);
 insert into TOPO values (5, 754);
 insert into SHOT values (120, 133, 134, 754, 3.600, 190.53, 10.00, 3.604, 190.55, 9.91, 0.007, 205.10, -46.55);
insert into SHOT values (121, 134, 135, 754, 15.000, 165.53, 15.00, 14.993, 165.52, 15.04, 0.012, 358.43, 39.63);
insert into SHOT values (122, 135, 136, 754, 10.300, 195.53, 20.00, 10.303, 195.51, 19.98, 0.006, 161.53, -30.28);
insert into SHOT values (123, 136, 137, 754, 11.080, 202.53, 28.00, 11.083, 202.53, 27.98, 0.004, 200.71, -24.23);
insert into SHOT values (124, 137, 138, 754, 7.890, 218.53, 32.00, 7.888, 218.57, 32.00, 0.005, 336.07, -12.76);
insert into SHOT values (125, 138, 139, 754, 12.250, 203.53, 21.00, 12.255, 203.54, 20.99, 0.006, 222.23, -0.07);
insert into SHOT values (126, 139, 140, 754, 10.130, 127.53, 25.00, 10.127, 127.52, 25.00, 0.003, 345.89, -20.88);
insert into SHOT values (127, 141, 142, 754, 19.410, 12.53, -22.00, 19.518, 10.53, -23.11, 0.740, 277.48, -31.69);
insert into SHOT values (128, 142, 143, 754, 10.080, 20.53, -12.00, 10.156, 19.17, -12.92, 0.295, 299.27, -36.18);
insert into SHOT values (129, 143, 144, 754, 10.160, 338.53, -13.00, 10.282, 338.13, -13.73, 0.191, 300.65, -53.96);
insert into SHOT values (130, 144, 145, 754, 12.980, 49.53, 0.00, 12.999, 47.56, -1.37, 0.544, 320.52, -34.71);
insert into SHOT values (131, 145, 146, 754, 2.020, 343.53, 42.00, 2.054, 343.19, 40.73, 0.057, 334.17, -11.74);
insert into SHOT values (132, 146, 147, 754, 5.530, 2.53, -14.00, 5.632, 1.89, -14.50, 0.128, 327.55, -34.24);
insert into SHOT values (133, 147, 148, 754, 16.680, 335.53, -21.00, 16.807, 335.08, -21.72, 0.275, 264.08, -61.69);
insert into SURVEY values (756, 42, 'e', 'e.HaciendasSalinas.106.UltimaPatagonia', NULL);
 insert into CENTRELINE values (757, 756, NULL, NULL, NULL, 0.00, 0.00, 0.00);
 insert into CENTRELINE values (758, 756, NULL, '2008-04-10', NULL, 269.85, 0.00, 0.00);
 insert into TOPO values (2, 758);
 insert into TOPO values (5, 758);
 insert into SHOT values (134, 149, 150, 758, 9.410, 201.53, 10.00, 9.485, 200.22, 10.88, 0.267, 123.46, 35.72);
insert into SHOT values (135, 150, 151, 758, 8.130, 198.53, 8.00, 8.210, 197.43, 8.83, 0.211, 129.63, 37.58);
insert into SHOT values (136, 151, 152, 758, 10.490, 284.53, -37.00, 10.382, 283.65, -36.88, 0.169, 164.36, 29.40);
insert into SHOT values (137, 152, 153, 758, 12.880, 358.53, -12.00, 12.886, 358.50, -12.00, 0.009, 309.20, -13.31);
insert into SHOT values (138, 153, 154, 758, 7.430, 345.53, -19.00, 7.424, 345.57, -18.94, 0.011, 113.75, 56.81);
insert into SHOT values (139, 154, 155, 758, 6.810, 340.53, -24.00, 6.804, 340.54, -24.02, 0.007, 146.86, -1.08);
insert into SHOT values (140, 152, 156, 758, 6.940, 266.53, -33.00, 6.846, 265.62, -32.61, 0.139, 145.77, 40.23);
insert into SHOT values (141, 156, 157, 758, 17.370, 263.53, -17.00, 17.310, 261.37, -15.65, 0.750, 177.70, 33.01);
insert into SHOT values (142, 157, 158, 758, 23.740, 177.53, 18.00, 23.872, 175.70, 19.35, 0.924, 82.29, 38.42);
insert into SHOT values (143, 158, 159, 758, 0.460, 92.53, -11.00, 0.516, 94.48, -7.79, 0.065, 108.81, 15.94);
insert into SHOT values (144, 159, 160, 758, 6.700, 128.53, 24.00, 6.824, 128.80, 24.22, 0.131, 144.65, 35.00);
insert into SHOT values (145, 160, 161, 758, 14.870, 115.53, 24.00, 14.987, 116.55, 24.60, 0.311, 196.12, 38.07);
insert into SHOT values (146, 161, 162, 758, 9.830, 112.53, 25.00, 9.832, 112.51, 25.03, 0.007, 14.57, 56.10);
insert into SHOT values (147, 162, 163, 758, 16.430, 130.53, 29.00, 16.434, 130.51, 28.97, 0.010, 101.80, -33.88);
insert into SHOT values (148, 161, 164, 758, 11.120, 223.53, -6.00, 11.135, 221.82, -4.74, 0.411, 139.30, 36.09);
insert into SHOT values (149, 164, 165, 758, 4.790, 202.53, 21.00, 4.866, 201.64, 21.46, 0.111, 151.31, 35.00);
insert into SHOT values (150, 165, 166, 758, 1.420, 225.53, -59.00, 1.362, 223.30, -58.37, 0.066, 103.50, 60.15);
insert into SHOT values (151, 167, 168, 758, 11.540, 64.53, 0.00, 11.540, 64.55, 0.00, 0.003, 149.25, 0.00);
insert into SHOT values (152, 168, 169, 758, 2.960, 332.53, -17.00, 2.962, 332.44, -17.08, 0.006, 250.43, -45.27);
insert into SHOT values (153, 169, 170, 758, 3.370, 316.53, 1.00, 3.375, 316.56, 1.02, 0.005, 337.79, 13.32);
insert into SHOT values (154, 170, 171, 758, 9.950, 348.53, -19.00, 9.950, 348.53, -19.00, 0.001, 92.58, -38.18);
insert into SHOT values (155, 171, 172, 758, 6.700, 46.53, -27.00, 6.700, 46.63, -26.98, 0.010, 132.96, 9.58);
insert into SHOT values (156, 172, 173, 758, 12.060, 346.53, -17.00, 12.066, 346.52, -17.01, 0.007, 319.41, -35.85);
insert into SHOT values (157, 173, 174, 758, 6.740, 338.53, -14.00, 6.742, 338.57, -13.99, 0.005, 42.21, 5.86);
insert into SHOT values (158, 174, 175, 758, 9.660, 42.53, -30.00, 9.654, 42.53, -30.02, 0.007, 226.09, 0.00);
insert into SHOT values (159, 175, 176, 758, 14.410, 31.53, -25.00, 14.409, 31.54, -25.00, 0.002, 169.38, -2.24);
insert into SHOT values (160, 176, 177, 758, 6.310, 131.53, 31.00, 6.307, 131.48, 31.02, 0.006, 9.36, 1.02);
insert into SHOT values (161, 177, 178, 758, 16.290, 161.53, 20.00, 16.290, 161.53, 19.99, 0.002, 149.92, -56.00);
insert into SHOT values (162, 178, 179, 758, 1.040, 77.53, -21.00, 1.041, 77.54, -20.82, 0.003, 79.83, 53.34);
insert into SURVEY values (761, 40, 'CuevaDelZorro', 'CuevaDelZorro.106.UltimaPatagonia', 'Cueva del Zorro');
 insert into CENTRELINE values (762, 761, NULL, NULL, NULL, 0.00, 0.00, 0.00);
 insert into SURVEY values (763, 761, 'a', 'a.CuevaDelZorro.106.UltimaPatagonia', NULL);
 insert into CENTRELINE values (764, 763, NULL, NULL, NULL, 0.00, 0.00, 0.00);
 insert into CENTRELINE values (765, 763, NULL, '2008-04-04', NULL, 116.89, 0.00, 0.00);
 insert into TOPO values (6, 765);
 insert into TOPO values (3, 765);
 insert into TOPO values (5, 765);
 insert into SHOT values (163, 180, 181, 765, 6.130, 175.53, 6.00, 6.132, 175.58, 5.99, 0.005, 246.99, -8.00);
insert into SHOT values (164, 182, 181, 765, 7.260, 2.53, 12.00, 7.256, 2.50, 12.01, 0.006, 219.65, 5.58);
insert into SHOT values (165, 182, 183, 765, 7.970, 15.53, -90.00, 7.970, 90.00, -90.00, 0.000, 15.53, 1.83);
insert into SHOT values (166, 182, 184, 765, 1.350, 329.53, -79.00, 1.345, 329.42, -79.04, 0.006, 163.06, 67.88);
insert into SHOT values (167, 184, 185, 765, 4.860, 153.53, 16.00, 4.857, 153.54, 16.01, 0.003, 312.68, 7.61);
insert into SHOT values (168, 185, 186, 765, 2.320, 250.53, -12.00, 2.323, 250.45, -12.18, 0.008, 186.91, -64.20);
insert into SHOT values (169, 186, 187, 765, 5.030, 68.53, 29.00, 5.035, 68.56, 28.98, 0.006, 91.05, 13.43);
insert into SHOT values (170, 188, 187, 765, 2.780, 9.53, 9.00, 2.782, 9.63, 8.89, 0.008, 68.17, -40.43);
insert into SHOT values (171, 188, 189, 765, 3.630, 356.53, 53.00, 3.630, 356.59, 53.02, 0.002, 105.17, 23.02);
insert into SHOT values (172, 190, 189, 765, 9.420, 268.53, 0.00, 9.423, 268.48, 0.00, 0.009, 199.78, 0.00);
insert into SHOT values (173, 191, 187, 765, 6.000, 272.53, 42.00, 5.994, 272.57, 41.99, 0.007, 55.95, -41.26);
insert into SHOT values (174, 192, 191, 765, 3.990, 203.53, 0.00, 3.990, 203.48, 0.00, 0.004, 120.86, 0.00);
insert into SHOT values (175, 192, 193, 765, 3.160, 62.53, 18.00, 3.163, 62.50, 17.86, 0.008, 42.71, -51.78);
insert into SHOT values (176, 194, 191, 765, 5.790, 124.53, 19.00, 5.795, 124.59, 19.03, 0.008, 180.12, 36.54);
insert into SHOT values (177, 194, 195, 765, 5.530, 19.53, -41.00, 5.530, 19.61, -41.03, 0.006, 125.93, -19.05);
insert into SHOT values (178, 185, 196, 765, 1.600, 275.53, -84.00, 1.608, 273.58, -84.28, 0.012, 133.43, -44.55);
insert into SHOT values (179, 197, 196, 765, 8.810, 115.53, -26.00, 8.820, 115.56, -26.03, 0.012, 145.61, -42.68);
insert into SHOT values (180, 197, 198, 765, 2.240, 148.53, 20.00, 2.242, 148.57, 19.81, 0.008, 165.85, -51.87);
insert into SHOT values (181, 199, 198, 765, 1.570, 257.53, -17.00, 1.575, 257.35, -16.98, 0.007, 214.46, -7.84);
insert into SHOT values (182, 200, 199, 765, 2.480, 209.53, -35.00, 2.473, 209.60, -35.05, 0.008, 9.97, 17.80);
insert into SHOT values (183, 201, 200, 765, 3.440, 267.53, -9.00, 3.436, 267.47, -9.04, 0.006, 129.20, -17.83);
insert into SHOT values (184, 201, 202, 765, 7.350, 22.53, 21.00, 7.354, 22.53, 21.04, 0.006, 17.19, 71.15);
insert into SHOT values (185, 200, 203, 765, 3.360, 141.53, 3.00, 3.350, 141.55, 3.08, 0.011, 314.10, 22.11);
insert into SHOT values (186, 204, 196, 765, 4.000, 127.53, -39.00, 4.008, 127.57, -38.96, 0.008, 142.29, -18.97);
insert into SHOT values (187, 204, 205, 765, 6.820, 45.53, 17.00, 6.826, 45.56, 17.04, 0.008, 77.71, 46.10);
insert into SURVEY values (767, 761, 'b', 'b.CuevaDelZorro.106.UltimaPatagonia', NULL);
 insert into CENTRELINE values (768, 767, NULL, NULL, NULL, 0.00, 0.00, 0.00);
 insert into CENTRELINE values (769, 767, NULL, '2008-04-03', NULL, 22.20, 0.00, 0.00);
 insert into PERSON values (7, 'Chris', 'Day');
insert into TOPO values (7, 769);
 insert into TOPO values (1, 769);
 insert into SHOT values (188, 206, 207, 769, 5.800, 345.53, -48.00, 5.801, 345.53, -47.98, 0.002, 350.13, 6.36);
insert into SHOT values (189, 206, 208, 769, 3.090, 93.53, 63.00, 3.087, 93.68, 62.97, 0.005, 182.66, -41.83);
insert into SHOT values (190, 208, 209, 769, 3.430, 55.53, 19.00, 3.431, 55.43, 19.05, 0.007, 320.41, 29.19);
insert into SHOT values (191, 210, 209, 769, 5.020, 186.53, -24.50, 5.021, 186.53, -24.47, 0.002, 192.70, 46.22);
insert into SHOT values (192, 211, 210, 769, 4.860, 258.53, -7.00, 4.862, 258.53, -6.97, 0.004, 250.13, 40.32);
insert into SURVEY values (771, 761, 'c', 'c.CuevaDelZorro.106.UltimaPatagonia', NULL);
 insert into CENTRELINE values (772, 771, NULL, NULL, NULL, 0.00, 0.00, 0.00);
 insert into CENTRELINE values (773, 771, NULL, '2008-04-03', NULL, 20.79, 0.00, 0.00);
 insert into TOPO values (7, 773);
 insert into TOPO values (1, 773);
 insert into SHOT values (193, 212, 213, 773, 8.500, 39.53, -30.00, 8.499, 39.49, -30.01, 0.006, 294.63, 0.00);
insert into SHOT values (194, 212, 214, 773, 6.600, 235.53, 52.00, 6.599, 235.53, 51.99, 0.001, 179.72, -68.60);
insert into SHOT values (195, 214, 215, 773, 3.490, 170.53, 30.00, 3.487, 170.48, 29.94, 0.006, 65.94, -58.40);
insert into SHOT values (196, 215, 216, 773, 2.200, 108.53, 0.00, 2.195, 108.60, 0.00, 0.006, 262.57, 0.00);
insert into SURVEY values (776, 40, 'CuevaPirates', 'CuevaPirates.106.UltimaPatagonia', 'Cueva Pirates, Hacienda Salinas');
 insert into CENTRELINE values (777, 776, NULL, NULL, NULL, 0.00, 0.00, 0.00);
 insert into CENTRELINE values (778, 776, NULL, NULL, NULL, 72.45, 0.00, 0.00);
 insert into SHOT values (197, 217, 218, 778, 13.200, 208.13, 40.00, 13.206, 208.14, 40.01, 0.006, 217.30, 55.63);
insert into SHOT values (198, 218, 219, 778, 5.300, 161.13, 12.00, 5.292, 161.18, 12.00, 0.009, 311.10, -12.70);
insert into SHOT values (199, 219, 220, 778, 6.400, 170.13, 72.00, 6.404, 170.11, 71.99, 0.004, 145.04, 59.75);
insert into SHOT values (200, 218, 221, 778, 7.400, 201.13, 9.00, 7.395, 201.19, 9.02, 0.009, 326.11, 15.05);
insert into SHOT values (201, 221, 222, 778, 3.650, 244.13, 16.00, 3.646, 243.95, 15.92, 0.013, 142.57, -27.60);
insert into SHOT values (202, 222, 223, 778, 5.800, 166.13, 40.00, 5.798, 166.18, 40.04, 0.006, 306.00, 16.85);
insert into SHOT values (203, 222, 224, 778, 2.600, 342.13, -15.00, 2.608, 342.21, -14.89, 0.010, 3.17, 16.75);
insert into SHOT values (204, 224, 225, 778, 5.400, 39.13, -55.00, 5.394, 39.09, -55.02, 0.006, 241.88, 32.33);
insert into SHOT values (205, 225, 226, 778, 5.900, 302.13, -30.00, 5.903, 302.14, -29.98, 0.004, 306.66, 0.00);
insert into SHOT values (206, 226, 227, 778, 11.100, 316.13, -54.00, 11.098, 316.12, -54.01, 0.004, 159.94, 1.27);
insert into SHOT values (207, 227, 228, 778, 5.700, 342.13, -74.00, 5.699, 342.14, -74.06, 0.006, 159.07, -8.02);
insert into CENTRELINE values (779, 776, NULL, NULL, NULL, 297.96, 0.00, 0.00);
 insert into SHOT values (208, 228, 229, 779, 9.800, 322.13, -44.00, 9.806, 322.14, -43.99, 0.006, 330.60, -22.80);
insert into SHOT values (209, 229, 230, 779, 9.160, 274.13, -35.00, 9.160, 274.13, -35.05, 0.007, 100.57, -56.54);
insert into SHOT values (210, 230, 231, 779, 2.600, 224.13, -44.00, 2.593, 224.13, -43.95, 0.007, 44.49, 61.58);
insert into SHOT values (211, 231, 232, 779, 2.400, 110.13, -54.00, 2.397, 110.37, -54.03, 0.007, 225.25, 14.55);
insert into SHOT values (212, 231, 233, 779, 5.400, 255.13, -5.00, 5.400, 255.14, -4.99, 0.001, 293.37, 42.54);
insert into SHOT values (213, 233, 234, 779, 11.600, 219.13, 8.00, 11.599, 219.13, 7.98, 0.004, 324.67, -83.51);
insert into SHOT values (214, 234, 235, 779, 9.200, 255.13, 15.00, 9.201, 255.14, 14.99, 0.002, 277.61, -48.83);
insert into SHOT values (215, 236, 237, 779, 20.000, 130.13, 40.00, 19.815, 129.02, 41.39, 0.593, 342.38, 24.31);
insert into SHOT values (216, 237, 238, 779, 7.400, 118.13, 0.00, 7.233, 117.06, -1.03, 0.253, 336.71, -30.94);
insert into SHOT values (217, 238, 239, 779, 6.400, 141.13, 25.00, 6.192, 141.01, 25.03, 0.209, 324.88, -23.94);
insert into SHOT values (218, 239, 240, 779, 5.000, 136.13, 3.00, 4.813, 135.84, 2.26, 0.199, 323.65, -21.08);
insert into SHOT values (219, 240, 241, 779, 7.900, 168.13, 14.00, 7.711, 169.00, 13.50, 0.232, 314.03, -28.64);
insert into SHOT values (220, 241, 242, 779, 9.800, 251.13, -16.00, 9.881, 253.65, -16.95, 0.453, 338.04, -23.22);
insert into SHOT values (221, 242, 243, 779, 4.900, 254.13, -4.00, 4.967, 255.85, -4.73, 0.174, 322.17, -23.07);
insert into SHOT values (222, 243, 244, 779, 8.400, 219.13, -7.00, 8.367, 221.43, -8.18, 0.376, 319.70, -26.25);
insert into SHOT values (223, 244, 245, 779, 5.100, 303.13, -2.00, 5.276, 303.78, -2.72, 0.196, 322.20, -21.54);
insert into SHOT values (224, 246, 247, 779, 5.500, 141.13, 30.00, 5.752, 141.80, 29.36, 0.266, 154.37, 15.25);
insert into SHOT values (225, 247, 232, 779, 2.800, 171.13, 10.00, 3.066, 170.85, 10.14, 0.267, 167.86, 11.63);
insert into SHOT values (226, 232, 248, 779, 4.500, 279.13, 28.00, 4.735, 277.02, 28.24, 0.279, 240.94, 27.15);
insert into SHOT values (227, 248, 249, 779, 4.600, 241.13, -10.00, 4.889, 240.52, -8.47, 0.320, 231.53, 14.25);
insert into SHOT values (228, 249, 250, 779, 11.400, 219.13, 10.00, 11.742, 219.79, 11.25, 0.444, 243.56, 44.33);
insert into SHOT values (229, 250, 251, 779, 1.700, 316.13, 0.00, 1.697, 315.95, 0.00, 0.006, 198.84, 0.00);
insert into SHOT values (230, 251, 252, 779, 10.600, 36.13, 48.00, 10.598, 36.18, 47.95, 0.011, 79.12, -43.09);
insert into SHOT values (231, 250, 253, 779, 1.700, 253.13, 12.00, 2.006, 251.84, 12.67, 0.310, 244.61, 16.23);
insert into SHOT values (232, 253, 254, 779, 4.500, 127.13, 25.00, 4.509, 129.99, 26.19, 0.223, 227.65, 23.29);
insert into SHOT values (233, 254, 255, 779, 9.900, 256.13, 12.00, 9.938, 254.94, 11.61, 0.217, 179.61, -15.59);
insert into SHOT values (234, 255, 256, 779, 5.900, 230.13, 0.00, 5.980, 229.54, -0.29, 0.105, 192.41, -16.64);
insert into SHOT values (235, 256, 257, 779, 10.200, 230.13, 5.00, 10.265, 229.32, 4.58, 0.175, 166.01, -23.15);
insert into SHOT values (236, 257, 258, 779, 10.200, 201.13, 17.00, 10.284, 200.90, 16.32, 0.153, 181.56, -37.14);
insert into SHOT values (237, 246, 259, 779, 9.400, 42.13, -5.00, 9.554, 38.98, -5.71, 0.554, 325.87, -13.65);
insert into SHOT values (238, 259, 260, 779, 1.900, 26.13, 0.00, 2.086, 24.35, -0.55, 0.197, 6.80, -5.84);
insert into SHOT values (239, 260, 261, 779, 3.000, 16.13, -90.00, 3.062, 354.29, -88.12, 0.117, 354.29, -30.84);
insert into SHOT values (240, 261, 262, 779, 2.900, 51.13, -5.00, 2.992, 49.09, -5.56, 0.142, 0.27, -15.20);
insert into SHOT values (241, 262, 236, 779, 15.000, 346.13, -25.00, 15.272, 345.66, -23.87, 0.420, 328.69, 22.31);
insert into SHOT values (242, 258, 263, 779, 18.000, 201.13, 25.00, 18.082, 200.77, 23.53, 0.480, 179.70, -53.78);
insert into SHOT values (243, 254, 264, 779, 6.400, 81.13, 8.00, 6.193, 82.18, 10.14, 0.333, 236.49, 36.82);
insert into SHOT values (244, 264, 265, 779, 6.300, 49.13, -20.00, 6.021, 48.71, -19.30, 0.292, 239.15, 34.35);
insert into SHOT values (245, 265, 266, 779, 6.000, 16.13, -15.00, 5.784, 14.33, -13.90, 0.302, 239.98, 32.62);
insert into SHOT values (246, 266, 267, 779, 2.400, 208.13, -40.00, 2.468, 209.45, -37.72, 0.126, 229.80, 15.01);
insert into SHOT values (247, 267, 268, 779, 3.800, 126.13, -20.00, 3.660, 128.19, -18.97, 0.200, 258.14, 33.20);
insert into SHOT values (248, 268, 269, 779, 4.000, 79.13, -25.00, 3.716, 79.95, -24.48, 0.290, 247.90, 31.20);
insert into SHOT values (249, 269, 245, 779, 4.900, 31.13, -10.00, 4.653, 30.02, -8.90, 0.279, 232.32, 27.99);
insert into SHOT values (250, 245, 232, 779, 5.400, 306.13, 10.00, 5.691, 304.60, 10.22, 0.326, 278.00, 12.81);
insert into CENTRELINE values (781, 40, NULL, NULL, NULL, 0.00, 0.00, 0.00);
 insert into SURVEY values (783, 22, 'CuevaNoTime', 'CuevaNoTime.UltimaPatagonia', 'Cueva No Time');
 insert into CENTRELINE values (784, 783, NULL, NULL, NULL, 0.00, 0.00, 0.00);
 insert into SURVEY values (786, 22, 'ResurgenceNoTime', 'ResurgenceNoTime.UltimaPatagonia', 'Resurgence NoTime');
 insert into CENTRELINE values (787, 786, NULL, NULL, NULL, 0.00, 0.00, 0.00);
 insert into SURVEY values (789, 22, '107', '107.UltimaPatagonia', '107 Barros Luco');
 insert into CENTRELINE values (790, 789, NULL, NULL, NULL, 0.00, 0.00, 0.00);
 insert into SURVEY values (791, 789, 'GouffreJackpot', 'GouffreJackpot.107.UltimaPatagonia', '<lang:fr>Gouffre du Jackpot<lang:es>Sima del Jackpot');
 insert into CENTRELINE values (792, 791, NULL, NULL, NULL, 0.00, 0.00, 0.00);
 insert into CENTRELINE values (793, 791, NULL, '2019-02-01', NULL, 274.74, 0.00, 0.00);
 insert into SHOT values (251, 290, 291, 793, 4.130, 324.68, 0.00, 4.131, 324.66, 0.00, 0.002, 270.75, 0.00);
insert into SHOT values (252, 291, 292, 793, 8.140, 341.68, -10.00, 8.139, 341.68, -9.98, 0.004, 255.65, 77.35);
insert into SHOT values (253, 292, 293, 793, 9.730, 326.68, -24.00, 9.731, 326.70, -24.01, 0.004, 47.66, -38.59);
insert into SHOT values (254, 293, 294, 793, 5.570, 339.68, -12.00, 5.570, 339.70, -12.02, 0.003, 68.45, -47.25);
insert into SHOT values (255, 294, 295, 793, 5.460, 314.68, -42.00, 5.459, 314.60, -41.96, 0.007, 237.32, 29.84);
insert into SHOT values (256, 295, 296, 793, 5.800, 336.68, -54.00, 5.796, 336.82, -54.02, 0.010, 94.52, 13.74);
insert into SHOT values (257, 296, 297, 793, 10.200, 304.68, -69.00, 10.208, 304.65, -69.00, 0.009, 269.17, -60.80);
insert into SHOT values (258, 296, 298, 793, 10.770, 51.68, -7.00, 10.767, 51.65, -7.04, 0.011, 288.13, -44.78);
insert into SHOT values (259, 298, 299, 793, 5.070, 9.68, -29.00, 5.071, 9.74, -29.02, 0.005, 105.49, -25.29);
insert into SHOT values (260, 299, 300, 793, 2.140, 62.68, -36.00, 2.135, 62.84, -35.84, 0.009, 158.55, 58.42);
insert into SHOT values (261, 300, 301, 793, 3.440, 149.68, 4.00, 3.437, 149.70, 4.00, 0.003, 317.01, 0.67);
insert into SHOT values (262, 301, 302, 793, 5.260, 112.68, 20.00, 5.258, 112.62, 20.02, 0.006, 355.82, 8.98);
insert into SHOT values (263, 300, 303, 793, 2.400, 340.68, -8.00, 2.409, 340.65, -8.11, 0.010, 331.71, -36.41);
insert into SHOT values (264, 303, 304, 793, 4.250, 324.68, -37.00, 4.245, 324.72, -36.92, 0.008, 78.85, 74.11);
insert into SHOT values (265, 304, 305, 793, 3.460, 264.68, -3.00, 3.460, 264.69, -3.15, 0.009, 69.74, -87.30);
insert into SHOT values (266, 305, 306, 793, 4.100, 288.68, -3.00, 4.101, 288.66, -2.94, 0.005, 220.80, 65.14);
insert into SHOT values (267, 306, 307, 793, 2.600, 348.68, -48.00, 2.594, 348.69, -48.07, 0.006, 166.85, 19.71);
insert into SHOT values (268, 307, 308, 793, 2.880, 291.68, -33.00, 2.887, 291.80, -32.94, 0.009, 323.76, -8.73);
insert into SHOT values (269, 308, 309, 793, 2.880, 310.68, -46.00, 2.873, 310.73, -46.09, 0.008, 120.37, 11.65);
insert into SHOT values (270, 309, 310, 793, 3.570, 307.68, -58.00, 3.574, 307.72, -57.96, 0.005, 321.36, -28.62);
insert into SHOT values (271, 310, 311, 793, 3.720, 338.68, -53.00, 3.715, 338.72, -53.07, 0.007, 145.64, 7.77);
insert into SHOT values (272, 311, 312, 793, 6.600, 330.68, -35.00, 6.608, 330.69, -35.00, 0.008, 334.53, -33.50);
insert into SHOT values (273, 311, 313, 793, 3.880, 333.68, 7.00, 3.888, 333.70, 6.94, 0.009, 341.37, -18.57);
insert into SHOT values (274, 313, 314, 793, 3.400, 344.68, 55.00, 3.404, 344.54, 55.04, 0.007, 259.59, 44.61);
insert into SHOT values (275, 314, 315, 793, 3.250, 282.68, -37.00, 3.251, 282.70, -37.08, 0.005, 87.50, -61.48);
insert into SHOT values (276, 315, 316, 793, 5.050, 288.68, -56.00, 5.049, 288.63, -56.08, 0.008, 132.15, -26.00);
insert into SHOT values (277, 316, 317, 793, 4.100, 258.68, -58.00, 4.099, 258.64, -57.83, 0.012, 249.04, 34.32);
insert into SHOT values (278, 317, 318, 793, 10.800, 279.68, -33.00, 10.798, 279.73, -33.06, 0.013, 53.16, -36.37);
insert into SHOT values (279, 318, 319, 793, 23.800, 314.68, -35.00, 23.805, 314.67, -34.99, 0.009, 274.71, 7.50);
insert into SHOT values (280, 319, 320, 793, 2.000, 303.68, -22.00, 1.999, 303.78, -22.04, 0.004, 62.93, -12.97);
insert into SHOT values (281, 320, 321, 793, 13.700, 280.68, -65.00, 13.694, 280.65, -64.99, 0.007, 188.34, 62.09);
insert into SHOT values (282, 321, 322, 793, 5.200, 194.68, -3.00, 5.195, 194.63, -2.98, 0.007, 62.53, 16.82);
insert into SHOT values (283, 321, 323, 793, 5.540, 252.68, -10.00, 5.543, 252.63, -9.97, 0.007, 193.36, 17.82);
insert into SHOT values (284, 323, 324, 793, 5.000, 290.68, -6.00, 5.000, 290.73, -6.08, 0.008, 30.01, -60.30);
insert into SHOT values (285, 324, 325, 793, 6.950, 286.68, -33.00, 6.944, 286.66, -32.98, 0.007, 134.72, 47.64);
insert into SHOT values (286, 325, 326, 793, 9.800, 243.68, -40.00, 9.798, 243.74, -40.01, 0.008, 354.30, -4.75);
insert into SHOT values (287, 326, 327, 793, 5.050, 184.68, -19.00, 5.053, 184.68, -19.06, 0.006, 185.94, -79.58);
insert into SHOT values (288, 327, 328, 793, 11.300, 330.68, -33.00, 11.295, 330.68, -32.99, 0.005, 176.07, 53.55);
insert into SHOT values (289, 328, 329, 793, 15.700, 327.68, -35.00, 15.700, 327.67, -34.98, 0.007, 285.42, 46.20);
insert into SHOT values (290, 329, 330, 793, 2.800, 294.68, -36.00, 2.798, 294.86, -36.14, 0.010, 64.09, -24.57);
insert into SHOT values (291, 330, 331, 793, 5.000, 29.68, 3.00, 4.992, 29.70, 2.99, 0.009, 198.59, -11.38);
insert into SHOT values (292, 331, 332, 793, 7.400, 359.68, -32.00, 7.403, 359.64, -31.97, 0.007, 310.31, 11.30);
insert into SHOT values (293, 332, 333, 793, 6.650, 358.68, -13.00, 6.653, 358.67, -13.03, 0.005, 331.89, -59.13);
insert into SHOT values (294, 333, 334, 793, 6.200, 347.68, -16.00, 6.198, 347.69, -16.02, 0.003, 154.19, -19.56);
insert into CENTRELINE values (794, 791, NULL, '2019-02-01', NULL, 318.22, 0.00, 0.00);
 insert into SHOT values (295, 335, 336, 794, 8.290, 110.68, 2.00, 8.300, 110.69, 2.00, 0.010, 112.16, 4.00);
insert into SHOT values (296, 336, 337, 794, 6.500, 115.68, 42.00, 6.497, 115.66, 42.03, 0.005, 317.78, 7.79);
insert into SHOT values (297, 337, 338, 794, 4.700, 111.68, 59.00, 4.702, 111.80, 58.98, 0.006, 173.76, 13.12);
insert into SHOT values (298, 338, 339, 794, 7.110, 177.68, 4.00, 7.102, 177.74, 3.96, 0.011, 315.94, -31.92);
insert into SHOT values (299, 339, 340, 794, 7.450, 172.68, -14.00, 7.451, 172.61, -13.98, 0.010, 90.92, 13.79);
insert into SHOT values (300, 340, 341, 794, 4.200, 138.68, 5.00, 4.204, 138.78, 5.05, 0.009, 197.47, 26.69);
insert into SHOT values (301, 341, 342, 794, 3.900, 106.68, 7.00, 3.901, 106.66, 6.92, 0.006, 57.33, -65.61);
insert into SHOT values (302, 342, 343, 794, 6.630, 147.68, 6.00, 6.626, 147.71, 6.06, 0.009, 295.74, 51.84);
insert into SHOT values (303, 343, 344, 794, 8.650, 217.68, 10.00, 8.650, 217.70, 9.99, 0.004, 301.72, -34.18);
insert into SHOT values (304, 344, 345, 794, 10.360, 114.68, 5.00, 10.362, 114.68, 4.98, 0.004, 91.07, -50.23);
insert into SHOT values (305, 345, 346, 794, 7.220, 158.68, 7.00, 7.226, 158.66, 7.00, 0.006, 129.33, 0.92);
insert into SHOT values (306, 346, 347, 794, 4.620, 113.68, 2.00, 4.610, 113.67, 1.99, 0.010, 299.28, -7.39);
insert into SHOT values (307, 347, 348, 794, 21.000, 167.68, 6.00, 21.007, 167.67, 6.01, 0.009, 138.54, 32.74);
insert into SHOT values (308, 348, 349, 794, 11.760, 144.68, 7.00, 11.757, 144.66, 6.99, 0.006, 28.38, -33.00);
insert into SHOT values (309, 349, 350, 794, 5.230, 143.68, 5.00, 5.229, 143.75, 5.05, 0.007, 251.26, 35.01);
insert into SHOT values (310, 350, 351, 794, 6.880, 167.68, 4.00, 6.876, 167.63, 4.00, 0.008, 48.68, 0.54);
insert into SHOT values (311, 351, 352, 794, 6.080, 167.68, 7.00, 6.082, 167.76, 6.99, 0.008, 239.87, -6.57);
insert into SHOT values (312, 352, 353, 794, 7.930, 151.68, 9.00, 7.936, 151.67, 8.99, 0.007, 135.22, -4.41);
insert into SHOT values (313, 353, 354, 794, 7.270, 164.68, 8.00, 7.266, 164.69, 7.99, 0.004, 334.80, -24.53);
insert into SHOT values (314, 354, 355, 794, 5.850, 172.68, 5.00, 5.849, 172.70, 5.00, 0.002, 277.70, 3.67);
insert into SHOT values (315, 355, 356, 794, 6.910, 168.68, 9.00, 6.908, 168.67, 8.99, 0.003, 19.02, -22.09);
insert into SHOT values (316, 356, 357, 794, 7.220, 165.68, 7.00, 7.226, 165.71, 7.00, 0.007, 197.63, 0.89);
insert into SHOT values (317, 357, 358, 794, 7.680, 172.68, 7.00, 7.680, 172.69, 7.03, 0.004, 313.07, 75.95);
insert into SHOT values (318, 358, 359, 794, 11.730, 176.68, 8.00, 11.724, 176.64, 7.99, 0.011, 51.50, -13.69);
insert into SHOT values (319, 359, 360, 794, 13.400, 163.68, 7.00, 13.403, 163.72, 6.99, 0.009, 229.73, -19.58);
insert into SHOT values (320, 360, 361, 794, 12.960, 171.68, 7.00, 12.952, 171.68, 7.01, 0.008, 356.18, 4.02);
insert into SHOT values (321, 361, 362, 794, 7.180, 163.68, 5.00, 7.186, 163.69, 5.03, 0.007, 174.46, 37.92);
insert into SHOT values (322, 362, 363, 794, 5.690, 154.68, 4.00, 5.690, 154.65, 3.93, 0.008, 70.19, -66.76);
insert into SHOT values (323, 363, 364, 794, 6.130, 180.68, 5.00, 6.134, 180.66, 5.05, 0.007, 142.72, 50.50);
insert into SHOT values (324, 364, 365, 794, 4.280, 137.68, 17.00, 4.271, 137.68, 17.02, 0.009, 319.85, -9.01);
insert into SHOT values (325, 365, 366, 794, 3.160, 191.68, -12.00, 3.162, 191.56, -12.05, 0.007, 117.52, -24.12);
insert into SHOT values (326, 366, 367, 794, 6.610, 166.68, 8.00, 6.609, 166.75, 8.00, 0.008, 267.60, 0.49);
insert into SHOT values (327, 367, 368, 794, 3.850, 184.68, 5.00, 3.848, 184.64, 5.07, 0.006, 51.29, 47.59);
insert into SHOT values (328, 368, 369, 794, 10.800, 150.68, 7.00, 10.803, 150.69, 6.97, 0.007, 157.35, -59.59);
insert into SHOT values (329, 369, 370, 794, 11.250, 168.68, 10.00, 11.247, 168.70, 10.04, 0.008, 312.71, 49.85);
insert into SHOT values (330, 370, 371, 794, 8.490, 139.68, 13.00, 8.497, 139.65, 12.99, 0.008, 107.51, 1.18);
insert into SHOT values (331, 371, 372, 794, 5.510, 182.68, 13.00, 5.508, 182.78, 13.01, 0.009, 288.53, 3.27);
insert into SHOT values (332, 372, 373, 794, 2.160, 199.68, 3.00, 2.157, 199.53, 2.92, 0.007, 81.35, -24.69);
insert into SHOT values (333, 373, 374, 794, 3.210, 163.68, 30.00, 3.209, 163.72, 29.91, 0.005, 206.30, -65.74);
insert into SHOT values (334, 374, 375, 794, 4.000, 162.68, 8.00, 3.999, 162.66, 8.05, 0.004, 32.93, 60.98);
insert into SHOT values (335, 375, 376, 794, 3.140, 205.68, -32.00, 3.140, 205.80, -31.91, 0.007, 267.88, 33.73);
insert into SHOT values (336, 376, 377, 794, 4.570, 176.68, 9.00, 4.574, 176.57, 8.93, 0.011, 113.28, -26.89);
insert into SHOT values (337, 377, 378, 794, 5.720, 195.68, 11.00, 5.724, 195.69, 10.98, 0.005, 207.39, -17.02);
insert into SHOT values (338, 378, 379, 794, 5.670, 142.68, 47.00, 5.668, 142.68, 47.07, 0.008, 322.03, 25.32);
insert into SHOT values (339, 379, 334, 794, 5.270, 200.68, 9.00, 5.270, 200.70, 8.95, 0.005, 255.91, -70.54);
insert into CENTRELINE values (795, 791, NULL, '2019-02-01', NULL, 108.67, 0.00, 0.00);
 insert into SHOT values (340, 380, 381, 795, 14.280, 155.68, 17.00, 14.285, 155.71, 17.01, 0.008, 210.44, 37.95);
insert into SHOT values (341, 381, 382, 795, 12.300, 189.68, -29.00, 12.295, 189.69, -29.00, 0.006, 354.38, 34.70);
insert into SHOT values (342, 382, 383, 795, 3.840, 184.68, -54.00, 3.843, 184.57, -54.03, 0.005, 95.86, -37.97);
insert into SHOT values (343, 383, 384, 795, 3.330, 143.68, -7.00, 3.329, 143.62, -7.07, 0.006, 38.53, -45.78);
insert into SHOT values (344, 384, 385, 795, 7.600, 145.68, 0.00, 7.600, 145.72, 0.00, 0.005, 237.93, 0.00);
insert into SHOT values (345, 385, 386, 795, 1.760, 76.68, -27.00, 1.764, 76.76, -26.98, 0.004, 106.64, -13.19);
insert into SHOT values (346, 386, 387, 795, 2.100, 69.68, 72.00, 2.104, 69.34, 71.95, 0.006, 17.02, 29.57);
insert into SHOT values (347, 387, 388, 795, 3.150, 111.68, -1.00, 3.146, 111.84, -0.91, 0.010, 226.52, 28.48);
insert into SHOT values (348, 388, 389, 795, 2.940, 124.68, 55.00, 2.935, 124.63, 54.86, 0.009, 97.03, -67.99);
insert into SHOT values (349, 389, 390, 795, 4.580, 165.68, 8.00, 4.576, 165.69, 8.04, 0.005, 341.87, 28.22);
insert into SHOT values (350, 390, 391, 795, 2.670, 229.68, -13.00, 2.671, 229.52, -12.98, 0.008, 151.63, 4.60);
insert into SHOT values (351, 391, 392, 795, 6.620, 154.68, 8.00, 6.613, 154.69, 8.00, 0.007, 331.36, -11.01);
insert into SHOT values (352, 392, 393, 795, 7.620, 158.68, -40.00, 7.622, 158.71, -40.01, 0.003, 223.01, -34.51);
insert into SHOT values (353, 393, 394, 795, 24.900, 179.68, 80.00, 24.908, 179.60, 80.01, 0.011, 58.37, 49.03);
insert into SHOT values (354, 394, 395, 795, 4.980, 141.68, 78.00, 4.980, 142.03, 77.94, 0.008, 194.35, -8.49);
insert into SHOT values (355, 395, 335, 795, 6.000, 131.68, -6.00, 5.990, 131.67, -6.04, 0.011, 322.09, -15.15);
insert into SURVEY values (797, 789, 'ResurgenceHongo', 'ResurgenceHongo.107.UltimaPatagonia', 'Resurgence Hongo');
 insert into CENTRELINE values (798, 797, NULL, NULL, NULL, 0.00, 0.00, 0.00);
 insert into CENTRELINE values (799, 797, NULL, '2019-01-01', NULL, 358.00, 0.00, 0.00);
 insert into SHOT values (356, 396, 397, 799, 10.000, 44.65, -71.81, 9.999, 44.61, -71.83, 0.005, 253.20, -0.00);
insert into SHOT values (357, 397, 398, 799, 10.000, 44.65, -44.43, 10.000, 44.66, -44.43, 0.001, 110.56, 0.00);
insert into SHOT values (358, 398, 399, 799, 5.000, 44.65, -23.58, 5.000, 44.65, -23.58, 0.001, 265.79, 0.00);
insert into SHOT values (359, 399, 400, 799, 5.000, 64.65, -34.06, 5.007, 64.61, -34.00, 0.009, 44.53, 0.00);
insert into SHOT values (360, 400, 401, 799, 10.000, 114.65, 25.47, 9.997, 114.69, 25.48, 0.007, 231.44, 0.00);
insert into SHOT values (361, 401, 402, 799, 5.000, 104.65, 0.00, 5.001, 104.59, 0.00, 0.005, 28.97, 0.00);
insert into SHOT values (362, 402, 403, 799, 8.000, 84.65, -5.74, 8.005, 84.67, -5.74, 0.005, 113.04, 0.00);
insert into SHOT values (363, 403, 404, 799, 12.000, 144.65, 0.95, 12.002, 144.67, 0.95, 0.004, 204.88, 0.00);
insert into SHOT values (364, 404, 405, 799, 5.000, 164.65, 18.66, 5.001, 164.70, 18.66, 0.004, 244.26, 0.00);
insert into SHOT values (365, 405, 406, 799, 12.000, 149.65, 4.78, 11.999, 149.66, 4.78, 0.002, 257.96, 0.00);
insert into SHOT values (366, 406, 407, 799, 3.000, 184.65, 0.00, 3.000, 184.59, 0.00, 0.003, 87.88, 0.00);
insert into SHOT values (367, 407, 408, 799, 3.000, 154.65, 9.59, 2.999, 154.56, 9.60, 0.005, 47.89, 0.00);
insert into SHOT values (368, 408, 409, 799, 4.000, 126.65, 33.37, 3.998, 126.60, 33.39, 0.004, 357.78, 0.00);
insert into SHOT values (369, 409, 410, 799, 7.000, 19.65, 64.16, 6.998, 19.57, 64.20, 0.007, 240.03, 0.00);
insert into SHOT values (370, 410, 411, 799, 8.000, 154.65, 7.18, 7.998, 154.63, 7.18, 0.004, 31.06, 0.00);
insert into SHOT values (371, 411, 412, 799, 3.000, 134.65, 0.00, 3.005, 134.60, 0.00, 0.006, 105.76, 0.00);
insert into SHOT values (372, 412, 413, 799, 10.000, 134.65, 7.47, 9.999, 134.67, 7.47, 0.004, 244.10, 0.00);
insert into SHOT values (373, 413, 414, 799, 5.000, 134.65, 8.05, 4.999, 134.67, 8.05, 0.002, 251.23, 0.00);
insert into SHOT values (374, 414, 415, 799, 7.000, 144.65, 0.00, 7.000, 144.65, 0.00, 0.001, 166.10, 0.00);
insert into SHOT values (375, 415, 416, 799, 8.000, 154.65, 0.00, 8.002, 154.62, 0.00, 0.005, 93.00, 0.00);
insert into SHOT values (376, 416, 417, 799, 6.000, 134.65, 24.62, 5.998, 134.63, 24.63, 0.003, 356.01, 0.00);
insert into SHOT values (377, 417, 418, 799, 9.000, 164.65, 3.18, 9.002, 164.71, 3.18, 0.010, 242.78, 0.00);
insert into SHOT values (378, 418, 419, 799, 5.000, 154.65, -23.58, 5.002, 154.55, -23.57, 0.008, 80.47, 0.00);
insert into SHOT values (379, 419, 420, 799, 5.000, 134.65, -27.39, 4.995, 134.73, -27.42, 0.008, 270.64, 0.00);
insert into SHOT values (380, 420, 421, 799, 5.000, 139.65, -8.05, 5.001, 139.59, -8.05, 0.006, 56.89, 0.00);
insert into SHOT values (381, 421, 422, 799, 5.000, 164.65, -11.54, 5.006, 164.63, -11.52, 0.007, 150.50, 0.00);
insert into SHOT values (382, 422, 423, 799, 10.000, 164.65, 9.21, 10.000, 164.67, 9.21, 0.003, 252.24, 0.00);
insert into SHOT values (383, 423, 424, 799, 2.000, 174.65, 23.58, 1.995, 174.66, 23.64, 0.005, 350.16, 0.00);
insert into SHOT values (384, 424, 425, 799, 7.000, 194.65, 7.39, 7.005, 194.68, 7.38, 0.006, 227.50, 0.00);
insert into SHOT values (385, 425, 426, 799, 16.000, 174.65, 0.72, 16.002, 174.62, 0.72, 0.009, 96.09, 0.00);
insert into SHOT values (386, 426, 427, 799, 10.000, 144.65, -23.58, 9.995, 144.64, -23.59, 0.006, 335.26, 0.00);
insert into SHOT values (387, 427, 428, 799, 5.000, 114.65, -1.15, 4.999, 114.72, -1.15, 0.006, 214.54, 0.00);
insert into SHOT values (388, 428, 429, 799, 9.000, 114.65, -18.80, 9.004, 114.61, -18.79, 0.007, 60.94, -0.00);
insert into SHOT values (389, 429, 430, 799, 10.000, 74.65, -5.74, 9.994, 74.66, -5.74, 0.006, 233.43, -0.00);
insert into SHOT values (390, 430, 431, 799, 3.000, 94.65, -9.59, 3.002, 94.65, -9.59, 0.002, 94.68, 0.00);
insert into SHOT values (391, 431, 432, 799, 3.000, 134.65, -53.13, 2.998, 134.55, -53.19, 0.005, 354.09, 0.00);
insert into SHOT values (392, 432, 433, 799, 3.000, 104.65, -21.51, 3.001, 104.73, -21.51, 0.004, 184.28, 0.00);
insert into SHOT values (393, 433, 434, 799, 12.000, 49.65, -11.05, 12.006, 49.65, -11.04, 0.006, 41.20, 0.00);
insert into SHOT values (394, 434, 435, 799, 10.000, 64.65, -49.46, 9.997, 64.66, -49.48, 0.004, 234.09, -0.00);
insert into SHOT values (395, 435, 436, 799, 11.000, 104.65, -20.77, 10.999, 104.64, -20.77, 0.002, 326.97, 0.00);
insert into SHOT values (396, 436, 437, 799, 11.000, 94.65, 65.38, 11.001, 94.63, 65.37, 0.003, 57.68, 0.00);
insert into SHOT values (397, 437, 438, 799, 8.000, 74.65, -1.43, 7.996, 74.69, -1.43, 0.007, 197.99, -0.00);
insert into SHOT values (398, 438, 439, 799, 5.000, 44.65, 12.71, 5.002, 44.67, 12.70, 0.002, 86.05, 0.00);
insert into SHOT values (399, 439, 440, 799, 5.000, 34.65, 1.15, 5.005, 34.58, 1.14, 0.008, 343.19, 0.00);
insert into SHOT values (400, 440, 441, 799, 5.000, 54.65, 0.00, 5.000, 54.69, 0.00, 0.003, 147.28, 0.00);
insert into SHOT values (401, 441, 442, 799, 5.000, 14.65, 47.73, 4.997, 14.66, 47.76, 0.004, 189.55, 0.00);
insert into SHOT values (402, 442, 443, 799, 5.000, 234.65, 9.21, 5.000, 234.73, 9.21, 0.007, 321.87, -0.00);
insert into SHOT values (403, 443, 444, 799, 7.000, 154.65, -0.82, 7.006, 154.64, -0.82, 0.006, 143.67, -0.00);
insert into SHOT values (404, 444, 445, 799, 2.000, 184.65, 11.54, 1.997, 184.69, 11.55, 0.003, 340.67, 0.00);
insert into SHOT values (405, 445, 446, 799, 5.000, 154.65, 41.30, 5.004, 154.66, 41.26, 0.006, 161.32, 0.00);
insert into SHOT values (406, 446, 447, 799, 5.000, 344.65, 49.46, 5.004, 344.68, 49.41, 0.006, 1.47, 0.00);
insert into SHOT values (407, 447, 448, 799, 9.000, 164.65, 1.91, 9.005, 164.67, 1.91, 0.006, 189.17, 0.00);
insert into SURVEY values (801, 789, 'GouffreChameau', 'GouffreChameau.107.UltimaPatagonia', 'Gouffre du Chameau');
 insert into CENTRELINE values (802, 801, NULL, NULL, NULL, 0.00, 0.00, 0.00);
 insert into CENTRELINE values (803, 801, NULL, '2019-01-31', NULL, 162.06, 0.00, 0.00);
 insert into SHOT values (408, 449, 450, 803, 4.560, 324.39, 48.10, 4.560, 324.37, 48.21, 0.009, 150.09, 41.84);
insert into SHOT values (409, 450, 451, 803, 7.390, 255.49, 24.80, 7.386, 255.49, 24.82, 0.005, 75.62, 3.13);
insert into SHOT values (410, 451, 452, 803, 4.710, 329.19, 19.30, 4.711, 329.17, 19.21, 0.008, 306.39, -61.37);
insert into SHOT values (411, 452, 453, 803, 3.320, 326.29, 10.70, 3.325, 326.36, 10.75, 0.007, 6.00, 29.34);
insert into SHOT values (412, 453, 454, 803, 3.820, 296.19, -31.60, 3.817, 296.09, -31.60, 0.006, 183.53, 15.57);
insert into SHOT values (413, 454, 455, 803, 3.210, 238.89, 15.40, 3.210, 238.88, 15.35, 0.003, 206.54, -68.39);
insert into SHOT values (414, 455, 456, 803, 5.760, 305.39, 28.70, 5.765, 305.42, 28.72, 0.006, 346.32, 42.22);
insert into SHOT values (415, 456, 457, 803, 7.450, 343.89, 14.60, 7.445, 343.88, 14.63, 0.007, 172.28, 18.35);
insert into SHOT values (416, 452, 458, 803, 30.310, 69.39, 88.00, 30.318, 69.51, 88.00, 0.009, 181.99, 74.14);
insert into SHOT values (417, 458, 459, 803, 3.280, 118.19, 31.30, 3.276, 118.12, 31.26, 0.006, 356.09, -46.37);
insert into SHOT values (418, 459, 460, 803, 16.360, 90.49, 65.50, 16.361, 90.51, 65.52, 0.006, 240.66, 32.59);
insert into SHOT values (419, 460, 461, 803, 6.020, 1.39, 60.60, 6.019, 1.55, 60.53, 0.011, 56.39, -24.85);
insert into SHOT values (420, 461, 462, 803, 15.870, 206.59, 11.70, 15.875, 206.60, 11.70, 0.006, 237.88, 17.18);
insert into SHOT values (421, 449, 463, 803, 50.000, 14.69, -90.00, 50.000, 90.00, -90.00, 0.000, 14.69, 0.00);
insert into SURVEY values (805, 789, 'CuevaCaboVertical', 'CuevaCaboVertical.107.UltimaPatagonia', 'Cueva Cabo Vertical');
 insert into CENTRELINE values (806, 805, NULL, NULL, NULL, 0.00, 0.00, 0.00);
 insert into CENTRELINE values (807, 805, NULL, '2020-02-15', NULL, 344.78, 0.00, 0.00);
 insert into SHOT values (422, 464, 465, 807, 19.600, 347.60, -27.00, 19.604, 347.60, -27.00, 0.004, 17.85, -23.44);
insert into SHOT values (423, 465, 466, 807, 15.160, 328.60, -18.00, 15.152, 328.59, -17.99, 0.008, 155.10, 35.43);
insert into SHOT values (424, 466, 467, 807, 18.560, 250.10, 14.50, 18.563, 250.09, 14.47, 0.009, 240.21, -53.34);
insert into SHOT values (425, 467, 468, 807, 12.200, 336.60, -6.30, 12.202, 336.58, -6.26, 0.009, 292.27, 67.94);
insert into SHOT values (426, 468, 469, 807, 13.000, 241.60, 36.00, 12.997, 241.61, 36.00, 0.003, 21.05, -21.34);
insert into SHOT values (427, 469, 470, 807, 5.100, 308.60, 1.20, 5.095, 308.62, 1.12, 0.009, 99.04, -52.81);
insert into SHOT values (428, 470, 471, 807, 13.900, 18.20, 30.50, 13.905, 18.19, 30.51, 0.006, 1.64, 66.55);
insert into SHOT values (429, 471, 472, 807, 12.200, 335.60, 23.00, 12.204, 335.60, 23.01, 0.004, 358.89, 43.91);
insert into SHOT values (430, 472, 473, 807, 7.600, 10.60, 29.00, 7.594, 10.58, 28.99, 0.006, 211.33, -45.94);
insert into SHOT values (431, 473, 474, 807, 5.500, 319.60, 10.50, 5.504, 319.57, 10.47, 0.006, 292.01, -24.15);
insert into SHOT values (432, 474, 475, 807, 6.500, 294.60, 4.00, 6.496, 294.63, 4.06, 0.009, 78.59, 47.93);
insert into SHOT values (433, 475, 476, 807, 3.380, 317.60, -2.00, 3.378, 317.52, -2.04, 0.005, 205.74, -23.13);
insert into SHOT values (434, 476, 477, 807, 5.500, 0.60, 36.00, 5.499, 0.64, 35.97, 0.005, 80.11, -36.79);
insert into SHOT values (435, 470, 478, 807, 10.370, 304.70, -3.70, 10.371, 304.69, -3.70, 0.002, 252.85, -23.86);
insert into SHOT values (436, 466, 479, 807, 26.600, 49.60, 21.50, 26.595, 49.59, 21.51, 0.007, 254.88, 9.32);
insert into SHOT values (437, 479, 480, 807, 19.760, 115.30, 27.10, 19.762, 115.27, 27.09, 0.009, 43.81, -10.05);
insert into SHOT values (438, 480, 481, 807, 9.780, 47.10, 23.30, 9.778, 47.12, 23.32, 0.005, 175.09, 17.43);
insert into SHOT values (439, 481, 482, 807, 11.710, 323.70, 0.40, 11.717, 323.68, 0.39, 0.008, 295.05, -12.69);
insert into SHOT values (440, 482, 483, 807, 18.080, 356.50, -12.80, 18.083, 356.52, -12.81, 0.009, 73.34, -29.19);
insert into SHOT values (441, 483, 484, 807, 31.390, 285.00, 14.00, 31.400, 284.99, 14.01, 0.011, 264.33, 31.95);
insert into SHOT values (442, 484, 485, 807, 17.090, 319.60, -2.60, 17.086, 319.61, -2.62, 0.008, 95.10, -38.85);
insert into SHOT values (443, 485, 486, 807, 10.050, 310.10, -3.50, 10.047, 310.11, -3.48, 0.005, 103.18, 43.98);
insert into SHOT values (444, 486, 487, 807, 9.040, 329.20, -6.30, 9.046, 329.16, -6.28, 0.009, 284.52, 12.75);
insert into SHOT values (445, 487, 488, 807, 10.980, 341.60, -1.90, 10.976, 341.61, -1.93, 0.008, 120.09, -47.98);
insert into SHOT values (446, 486, 489, 807, 15.950, 283.00, 21.90, 15.951, 283.00, 21.90, 0.002, 357.72, 23.38);
insert into SHOT values (447, 489, 490, 807, 7.780, 315.60, -1.20, 7.780, 315.52, -1.25, 0.012, 226.69, -34.70);
insert into SHOT values (448, 490, 491, 807, 8.000, 315.60, -80.00, 7.992, 315.87, -79.96, 0.012, 15.09, 47.33);
insert into SURVEY values (809, 789, 'DuchasDeSanPedro', 'DuchasDeSanPedro.107.UltimaPatagonia', 'Las duchas de San Pedro');
 insert into CENTRELINE values (810, 809, NULL, NULL, NULL, 0.00, 0.00, 0.00);
 insert into CENTRELINE values (811, 809, NULL, '2017-02-01', NULL, 35.35, 0.00, 0.00);
 insert into SHOT values (449, 492, 493, 811, 4.440, 164.06, 36.40, 4.440, 164.10, 36.33, 0.006, 204.84, -49.05);
insert into SHOT values (450, 493, 494, 811, 0.000, 14.86, 0.00, 0.000, 90.00, 0.00, 0.000, 90.00, 0.00);
insert into SHOT values (451, 493, 495, 811, 7.760, 173.76, 34.10, 7.754, 173.74, 34.13, 0.008, 7.69, -4.16);
insert into SHOT values (452, 495, 496, 811, 3.940, 114.26, 38.10, 3.944, 114.34, 38.04, 0.007, 153.25, -9.03);
insert into SHOT values (453, 496, 497, 811, 13.000, 146.36, 43.90, 12.999, 146.33, 43.94, 0.010, 1.36, 35.64);
insert into SHOT values (454, 497, 498, 811, 6.210, 126.06, 26.00, 6.210, 126.11, 25.98, 0.006, 205.76, -22.69);
insert into CENTRELINE values (812, 809, NULL, NULL, NULL, 61.00, 0.00, 0.00);
 insert into SHOT values (455, 492, 499, 812, 5.000, 336.13, -42.84, 4.997, 336.16, -42.87, 0.004, 127.18, -0.00);
insert into SHOT values (456, 499, 500, 812, 11.000, 351.13, -38.18, 11.006, 351.09, -38.16, 0.010, 314.13, -0.00);
insert into SHOT values (457, 500, 501, 812, 9.000, 346.13, -25.68, 8.995, 346.15, -25.69, 0.006, 139.27, 0.00);
insert into SHOT values (458, 501, 502, 812, 4.000, 356.13, -46.47, 4.001, 356.05, -46.45, 0.004, 287.00, 0.00);
insert into SHOT values (459, 502, 503, 812, 17.000, 6.13, -9.48, 16.999, 6.16, -9.48, 0.009, 102.13, 0.00);
insert into SHOT values (460, 503, 504, 812, 10.000, 56.13, 7.47, 10.000, 56.10, 7.47, 0.005, 328.16, -0.00);
insert into SHOT values (461, 504, 505, 812, 5.000, 86.13, 28.69, 4.994, 86.20, 28.72, 0.009, 227.36, 0.00);
insert into CENTRELINE values (813, 809, NULL, NULL, NULL, 45.00, 0.00, 0.00);
 insert into SHOT values (462, 505, 506, 813, 6.500, 96.13, 30.51, 6.502, 96.15, 30.50, 0.003, 130.61, 0.00);
insert into SHOT values (463, 506, 507, 813, 6.500, 121.13, 28.48, 6.498, 121.10, 28.49, 0.004, 355.54, -0.00);
insert into SHOT values (464, 507, 508, 813, 7.000, 76.13, 35.85, 7.001, 76.14, 35.85, 0.002, 84.49, 0.00);
insert into SHOT values (465, 508, 509, 813, 7.000, 31.13, 0.82, 7.000, 31.15, 0.82, 0.002, 134.36, 0.00);
insert into SHOT values (466, 509, 510, 813, 5.000, 6.13, -6.89, 5.004, 6.12, -6.89, 0.005, 356.37, -0.00);
insert into SHOT values (467, 510, 511, 813, 13.000, 21.13, -38.54, 12.998, 21.16, -38.55, 0.006, 135.97, 0.00);
insert into CENTRELINE values (814, 809, NULL, NULL, NULL, 126.33, 0.00, 0.00);
 insert into SHOT values (468, 494, 512, 814, 12.620, 46.13, 21.50, 12.627, 46.14, 21.51, 0.007, 57.94, 40.28);
insert into SHOT values (469, 512, 513, 814, 1.620, 330.13, -19.20, 1.624, 330.26, -19.42, 0.008, 29.56, -62.26);
insert into SHOT values (470, 513, 514, 814, 5.930, 58.43, 23.50, 5.931, 58.39, 23.55, 0.007, 312.03, 49.38);
insert into SHOT values (471, 514, 515, 814, 14.960, 5.43, -31.30, 14.954, 5.43, -31.30, 0.006, 182.11, 20.76);
insert into SHOT values (472, 515, 516, 814, 9.720, 171.13, 30.20, 9.719, 171.17, 30.21, 0.005, 273.95, 7.40);
insert into SHOT values (473, 516, 517, 814, 8.660, 69.53, 23.60, 8.660, 69.58, 23.55, 0.010, 133.00, -44.26);
insert into SHOT values (474, 517, 518, 814, 18.160, 121.53, 39.40, 18.158, 121.50, 39.42, 0.010, 354.93, 20.15);
insert into SHOT values (475, 518, 519, 814, 5.620, 158.93, 38.20, 5.630, 158.94, 38.18, 0.010, 164.49, 26.74);
insert into SHOT values (476, 517, 520, 814, 10.890, 336.13, -47.70, 10.893, 336.12, -47.65, 0.010, 329.61, 27.33);
insert into SHOT values (477, 520, 521, 814, 7.460, 335.23, -26.00, 7.462, 335.23, -25.99, 0.002, 329.44, 6.98);
insert into SHOT values (478, 514, 522, 814, 4.080, 137.13, 33.90, 4.080, 137.27, 33.81, 0.010, 205.59, -32.36);
insert into SHOT values (479, 522, 523, 814, 7.190, 131.63, 42.90, 7.196, 131.62, 42.92, 0.007, 104.60, 58.36);
insert into SHOT values (480, 523, 524, 814, 5.560, 177.93, 44.30, 5.553, 177.98, 44.33, 0.008, 331.92, -22.90);
insert into SHOT values (481, 524, 525, 814, 6.050, 127.83, 29.80, 6.054, 127.81, 29.81, 0.005, 88.24, 43.11);
insert into SHOT values (482, 525, 526, 814, 3.570, 50.83, 26.70, 3.564, 50.86, 26.68, 0.007, 211.88, -38.47);
insert into SHOT values (483, 525, 527, 814, 4.240, 182.33, 30.60, 4.244, 182.35, 30.60, 0.004, 202.82, 23.80);
insert into SURVEY values (816, 789, 'GouffreCasque', 'GouffreCasque.107.UltimaPatagonia', 'Gouffre Casque');
 insert into CENTRELINE values (817, 816, NULL, NULL, NULL, 0.00, 0.00, 0.00);
 insert into CENTRELINE values (818, 816, NULL, '2017-02-01', NULL, 123.31, 0.00, 0.00);
 insert into SHOT values (484, 528, 529, 818, 11.980, 288.46, -23.60, 11.973, 288.43, -23.58, 0.009, 146.69, 44.61);
insert into SHOT values (485, 529, 530, 818, 7.000, 323.56, -17.40, 7.008, 323.58, -17.44, 0.010, 343.71, -44.03);
insert into SHOT values (486, 530, 531, 818, 6.140, 318.86, -12.60, 6.137, 318.86, -12.61, 0.004, 132.25, -9.68);
insert into SHOT values (487, 531, 532, 818, 2.300, 357.46, -40.50, 2.300, 357.38, -40.38, 0.005, 319.95, 45.65);
insert into SHOT values (488, 532, 533, 818, 11.260, 254.16, -36.30, 11.263, 254.14, -36.31, 0.005, 181.11, -59.69);
insert into SHOT values (489, 533, 534, 818, 7.100, 216.36, -50.10, 7.096, 216.34, -50.05, 0.007, 186.94, 72.38);
insert into SHOT values (490, 534, 535, 818, 5.500, 238.06, -39.20, 5.502, 238.14, -39.23, 0.007, 327.44, -32.21);
insert into SHOT values (491, 535, 536, 818, 9.250, 218.26, -35.80, 9.252, 218.18, -35.78, 0.010, 149.21, 4.84);
insert into SHOT values (492, 536, 537, 818, 4.500, 208.56, -47.10, 4.504, 208.66, -47.11, 0.007, 276.17, -31.58);
insert into SHOT values (493, 537, 538, 818, 3.540, 318.06, -56.70, 3.543, 318.12, -56.66, 0.005, 348.36, -15.40);
insert into SHOT values (494, 538, 539, 818, 5.100, 294.16, -77.50, 5.090, 294.23, -77.56, 0.012, 103.32, 50.95);
insert into SHOT values (495, 539, 540, 818, 8.930, 304.56, -80.80, 8.935, 304.47, -80.78, 0.006, 272.58, -49.60);
insert into SHOT values (496, 540, 541, 818, 2.800, 335.16, 12.30, 2.799, 335.12, 12.38, 0.004, 192.29, 53.58);
insert into SHOT values (497, 541, 542, 818, 10.630, 310.76, 39.70, 10.627, 310.78, 39.71, 0.005, 82.65, -1.07);
insert into SHOT values (498, 542, 543, 818, 1.370, 263.56, 4.30, 1.372, 263.71, 4.18, 0.005, 323.33, -33.13);
insert into SHOT values (499, 543, 544, 818, 10.540, 268.96, -50.60, 10.537, 268.97, -50.58, 0.005, 332.09, 64.00);
insert into SHOT values (500, 544, 545, 818, 2.370, 188.76, 8.00, 2.369, 188.82, 7.76, 0.010, 261.53, -74.14);
insert into SHOT values (501, 545, 546, 818, 13.000, 277.06, -72.70, 12.996, 277.00, -72.73, 0.008, 126.18, 13.01);
insert into CENTRELINE values (819, 816, NULL, '2017-02-01', NULL, 84.98, 0.00, 0.00);
 insert into SHOT values (502, 547, 548, 819, 4.780, 268.86, 86.10, 4.781, 270.00, 86.04, 0.008, 322.68, 7.46);
insert into SHOT values (503, 548, 549, 819, 20.000, 158.86, 90.00, 20.000, 90.00, 90.00, 0.000, 158.86, 0.00);
insert into SHOT values (504, 549, 550, 819, 3.330, 200.86, 11.50, 3.331, 200.82, 11.60, 0.006, 110.63, 73.38);
insert into SHOT values (505, 550, 551, 819, 4.400, 222.16, 32.50, 4.397, 222.16, 32.46, 0.004, 28.54, -74.31);
insert into SHOT values (506, 551, 552, 819, 16.750, 14.86, 90.00, 16.750, 90.00, 90.00, 0.000, 14.86, 0.00);
insert into SHOT values (507, 552, 553, 819, 3.940, 171.16, -0.80, 3.948, 171.11, -0.73, 0.010, 149.56, 30.85);
insert into SHOT values (508, 553, 554, 819, 6.340, 121.86, 48.90, 6.331, 121.74, 48.89, 0.012, 359.82, -38.23);
insert into SHOT values (509, 554, 555, 819, 1.230, 92.16, 7.10, 1.230, 92.35, 7.00, 0.005, 175.88, -26.29);
insert into SHOT values (510, 555, 556, 819, 1.350, 136.46, -3.20, 1.346, 136.81, -2.98, 0.011, 250.77, 30.49);
insert into SHOT values (511, 556, 557, 819, 3.270, 69.26, 6.90, 3.274, 69.28, 6.84, 0.005, 88.14, -34.44);
insert into SHOT values (512, 557, 558, 819, 3.060, 115.26, 60.00, 3.058, 115.22, 60.07, 0.005, 306.46, -0.46);
insert into SHOT values (513, 558, 559, 819, 4.990, 19.66, 34.80, 4.993, 19.67, 34.81, 0.003, 55.38, 45.05);
insert into SHOT values (514, 559, 546, 819, 11.540, 48.96, 27.30, 11.541, 48.99, 27.28, 0.008, 121.72, -21.81);
insert into CENTRELINE values (820, 816, NULL, '2017-02-15', NULL, 300.69, 0.00, 0.00);
 insert into SHOT values (515, 560, 561, 820, 3.090, 47.36, -23.20, 3.089, 47.43, -23.26, 0.005, 167.51, -33.23);
insert into SHOT values (516, 561, 562, 820, 2.610, 353.76, 10.80, 2.612, 353.73, 10.81, 0.002, 322.28, 27.12);
insert into SHOT values (517, 562, 563, 820, 1.300, 306.86, -2.00, 1.301, 306.87, -1.76, 0.005, 329.85, 80.90);
insert into SHOT values (518, 563, 564, 820, 1.640, 265.56, 9.10, 1.636, 265.38, 9.14, 0.006, 135.07, 5.58);
insert into SHOT values (519, 564, 565, 820, 1.560, 348.76, -7.30, 1.562, 348.84, -7.36, 0.003, 36.51, -31.32);
insert into SHOT values (520, 565, 547, 820, 6.640, 146.86, 72.00, 6.635, 146.93, 71.98, 0.006, 223.40, -61.40);
insert into SHOT values (521, 565, 566, 820, 4.440, 61.76, 6.30, 4.434, 61.69, 6.34, 0.008, 280.97, 19.47);
insert into SHOT values (522, 566, 567, 820, 2.750, 340.06, -46.40, 2.753, 340.22, -46.60, 0.011, 111.38, -48.96);
insert into SHOT values (523, 567, 568, 820, 1.830, 340.36, -25.20, 1.832, 340.25, -25.20, 0.003, 279.32, -13.74);
insert into SHOT values (524, 568, 569, 820, 2.100, 321.80, 4.40, 2.107, 321.77, 4.63, 0.011, 312.92, 52.32);
insert into SHOT values (525, 569, 570, 820, 1.730, 26.36, 18.30, 1.728, 26.41, 18.21, 0.004, 154.85, -58.43);
insert into SHOT values (526, 570, 571, 820, 1.340, 313.66, 4.20, 1.333, 313.78, 4.30, 0.008, 110.20, 14.21);
insert into SHOT values (527, 571, 572, 820, 1.090, 283.96, 4.10, 1.097, 284.29, 4.18, 0.009, 328.00, 12.66);
insert into SHOT values (528, 572, 573, 820, 2.300, 335.86, -30.00, 2.292, 335.89, -30.11, 0.009, 147.93, -0.00);
insert into SHOT values (529, 573, 574, 820, 2.550, 320.96, -22.90, 2.557, 321.04, -23.02, 0.010, 357.14, -53.93);
insert into SHOT values (530, 574, 575, 820, 1.880, 290.16, -9.70, 1.880, 290.19, -9.49, 0.007, 346.49, 77.28);
insert into SHOT values (531, 575, 576, 820, 1.510, 328.46, -16.50, 1.508, 328.29, -16.56, 0.005, 213.35, -13.77);
insert into SHOT values (532, 576, 577, 820, 1.480, 244.36, 28.30, 1.474, 244.42, 28.35, 0.006, 50.03, -14.94);
insert into SHOT values (533, 577, 578, 820, 1.560, 293.56, -23.30, 1.566, 293.36, -23.33, 0.008, 248.66, -22.57);
insert into SHOT values (534, 578, 579, 820, 2.420, 258.26, -15.60, 2.419, 258.11, -15.59, 0.006, 159.67, 7.57);
insert into SHOT values (535, 579, 580, 820, 3.190, 358.56, 41.40, 3.196, 358.57, 41.31, 0.008, 2.45, 3.00);
insert into SHOT values (536, 580, 581, 820, 4.090, 189.86, -26.70, 4.092, 189.93, -26.72, 0.005, 269.65, -26.36);
insert into SHOT values (537, 581, 582, 820, 4.130, 275.96, -14.60, 4.124, 275.90, -14.61, 0.007, 132.50, 8.65);
insert into SHOT values (538, 582, 583, 820, 3.370, 24.16, 1.70, 3.367, 24.20, 1.70, 0.004, 156.20, 0.36);
insert into SHOT values (539, 583, 584, 820, 4.220, 273.76, -0.50, 4.219, 273.81, -0.41, 0.008, 12.11, 61.42);
insert into SHOT values (540, 584, 585, 820, 2.150, 31.16, 20.00, 2.146, 31.01, 19.88, 0.008, 281.39, -45.02);
insert into SHOT values (541, 585, 586, 820, 1.450, 59.06, -25.80, 1.449, 59.11, -25.77, 0.002, 164.59, 39.11);
insert into SHOT values (542, 586, 587, 820, 2.960, 2.06, -10.40, 2.962, 2.16, -10.51, 0.008, 84.89, -45.22);
insert into SHOT values (543, 587, 588, 820, 2.110, 302.16, -19.80, 2.110, 302.25, -19.67, 0.006, 12.22, 53.55);
insert into SHOT values (544, 588, 589, 820, 2.730, 23.06, 1.70, 2.726, 22.89, 1.68, 0.009, 264.41, -6.50);
insert into SHOT values (545, 589, 590, 820, 2.190, 319.06, 3.80, 2.189, 319.09, 3.93, 0.005, 105.40, 66.63);
insert into SHOT values (546, 590, 591, 820, 1.910, 349.46, -22.30, 1.914, 349.58, -22.42, 0.007, 51.61, -50.38);
insert into SHOT values (547, 591, 592, 820, 1.420, 299.66, 21.20, 1.420, 299.48, 21.49, 0.008, 174.39, 52.07);
insert into SHOT values (548, 592, 593, 820, 4.550, 48.66, -9.00, 4.549, 48.61, -9.11, 0.009, 288.95, -63.72);
insert into SHOT values (549, 593, 594, 820, 4.030, 271.56, -3.70, 4.030, 271.57, -3.70, 0.001, 7.85, 4.29);
insert into SHOT values (550, 594, 595, 820, 1.680, 327.46, -16.90, 1.674, 327.50, -17.02, 0.007, 136.68, -13.19);
insert into SHOT values (551, 595, 596, 820, 3.960, 55.56, -10.50, 3.963, 55.45, -10.47, 0.008, 352.50, 12.05);
insert into SHOT values (552, 596, 597, 820, 2.620, 337.76, -1.20, 2.615, 337.75, -1.10, 0.007, 160.01, 45.66);
insert into SHOT values (553, 597, 598, 820, 2.270, 355.76, 11.40, 2.272, 355.62, 11.43, 0.006, 279.54, 13.80);
insert into SHOT values (554, 598, 599, 820, 2.800, 248.16, -33.30, 2.800, 248.15, -33.37, 0.004, 70.14, -49.26);
insert into SHOT values (555, 599, 600, 820, 3.690, 12.56, -16.90, 3.684, 12.62, -16.88, 0.007, 157.97, 21.87);
insert into SHOT values (556, 600, 601, 820, 2.130, 337.86, 10.90, 2.133, 337.84, 10.81, 0.004, 329.80, -41.43);
insert into SHOT values (557, 601, 602, 820, 2.960, 346.96, -4.00, 2.964, 346.90, -4.06, 0.006, 314.17, -35.72);
insert into SHOT values (558, 602, 603, 820, 3.060, 39.56, -10.80, 3.065, 39.61, -10.72, 0.007, 66.93, 28.05);
insert into SHOT values (559, 603, 604, 820, 4.050, 332.86, -17.20, 4.050, 332.77, -17.23, 0.006, 240.54, -23.14);
insert into SHOT values (560, 604, 605, 820, 2.970, 12.56, 3.40, 2.968, 12.68, 3.48, 0.008, 125.07, 29.77);
insert into SHOT values (561, 605, 606, 820, 2.260, 293.76, 5.50, 2.263, 293.83, 5.58, 0.005, 345.26, 40.77);
insert into SHOT values (562, 606, 607, 820, 1.580, 337.56, 9.50, 1.582, 337.38, 9.46, 0.005, 266.78, -8.74);
insert into SHOT values (563, 607, 608, 820, 4.410, 53.66, -0.30, 4.406, 53.68, -0.39, 0.008, 210.13, -59.45);
insert into SHOT values (564, 608, 609, 820, 2.380, 276.26, -4.10, 2.380, 276.29, -4.10, 0.001, 350.60, 6.83);
insert into SHOT values (565, 609, 610, 820, 3.030, 34.76, -19.60, 3.033, 34.75, -19.45, 0.008, 29.98, 49.15);
insert into SHOT values (566, 610, 611, 820, 1.800, 322.76, -1.60, 1.799, 322.68, -1.59, 0.003, 203.59, 5.79);
insert into SHOT values (567, 611, 612, 820, 3.350, 69.86, 3.00, 3.348, 69.89, 2.91, 0.006, 199.32, -66.89);
insert into SHOT values (568, 612, 613, 820, 1.310, 21.16, 5.90, 1.315, 21.07, 6.11, 0.007, 356.80, 48.27);
insert into SHOT values (569, 613, 614, 820, 2.470, 293.76, -16.90, 2.467, 293.74, -16.97, 0.004, 123.04, -28.01);
insert into SHOT values (570, 614, 615, 820, 2.890, 37.66, 9.70, 2.885, 37.72, 9.58, 0.009, 183.01, -52.52);
insert into SHOT values (571, 615, 616, 820, 3.320, 336.96, 0.60, 3.325, 336.98, 0.69, 0.007, 354.98, 45.58);
insert into SHOT values (572, 616, 617, 820, 3.680, 221.46, -11.50, 3.679, 221.51, -11.44, 0.005, 315.75, 44.28);
insert into SHOT values (573, 617, 618, 820, 2.150, 226.46, -1.40, 2.151, 226.13, -1.60, 0.014, 139.42, -31.50);
insert into SHOT values (574, 618, 619, 820, 4.940, 330.26, -10.40, 4.945, 330.17, -10.37, 0.010, 278.19, 10.60);
insert into SHOT values (575, 619, 620, 820, 2.310, 49.06, 2.30, 2.320, 49.02, 2.22, 0.010, 41.60, -15.29);
insert into SHOT values (576, 620, 621, 820, 2.190, 278.06, 13.10, 2.189, 278.09, 13.20, 0.004, 60.46, 58.17);
insert into SHOT values (577, 621, 622, 820, 5.480, 337.96, -16.40, 5.481, 337.87, -16.43, 0.008, 248.52, -20.59);
insert into SHOT values (578, 622, 623, 820, 3.240, 55.76, -3.70, 3.246, 55.82, -3.71, 0.007, 85.67, -7.16);
insert into SHOT values (579, 623, 624, 820, 2.230, 347.86, -23.70, 2.222, 347.81, -23.61, 0.009, 183.76, 45.47);
insert into SHOT values (580, 624, 625, 820, 3.420, 47.36, -18.40, 3.416, 47.25, -18.43, 0.007, 282.52, -3.82);
insert into SHOT values (581, 623, 626, 820, 2.680, 280.16, 75.80, 2.682, 279.61, 75.77, 0.007, 205.93, 16.01);
insert into SHOT values (582, 626, 627, 820, 2.040, 97.46, 12.70, 2.037, 97.52, 12.76, 0.004, 241.32, 22.12);
insert into SHOT values (583, 627, 628, 820, 5.790, 37.26, -11.90, 5.790, 37.25, -11.86, 0.004, 27.94, 81.76);
insert into SHOT values (584, 628, 629, 820, 3.830, 45.96, -27.90, 3.836, 45.84, -27.99, 0.011, 336.23, -46.51);
insert into SHOT values (585, 629, 630, 820, 4.330, 323.06, -43.10, 4.320, 322.98, -43.07, 0.011, 177.71, 51.58);
insert into SHOT values (586, 630, 631, 820, 2.430, 83.66, -30.30, 2.437, 83.45, -30.31, 0.010, 30.54, -22.94);
insert into SHOT values (587, 631, 632, 820, 3.360, 43.66, -31.30, 3.357, 43.73, -31.42, 0.009, 194.70, -30.75);
insert into SHOT values (588, 632, 633, 820, 2.590, 319.36, -39.80, 2.582, 319.49, -39.72, 0.010, 88.35, 52.12);
insert into SHOT values (589, 560, 634, 820, 3.170, 140.66, 4.30, 3.172, 140.77, 4.34, 0.007, 217.08, 18.89);
insert into SHOT values (590, 634, 635, 820, 1.380, 217.76, 4.20, 1.372, 217.87, 4.18, 0.009, 18.26, -7.10);
insert into SHOT values (591, 635, 636, 820, 1.500, 130.36, 27.90, 1.500, 130.41, 27.82, 0.002, 187.26, -49.37);
insert into SHOT values (592, 636, 637, 820, 2.410, 146.86, 2.40, 2.415, 146.84, 2.37, 0.005, 138.36, -10.00);
insert into SHOT values (593, 637, 638, 820, 6.610, 120.26, 4.50, 6.608, 120.26, 4.51, 0.002, 275.17, 33.86);
insert into SHOT values (594, 638, 639, 820, 8.910, 305.96, 73.10, 8.915, 305.90, 73.10, 0.006, 256.27, 54.44);
insert into SHOT values (595, 639, 640, 820, 23.410, 312.96, 88.10, 23.403, 313.42, 88.11, 0.011, 82.21, -41.22);
insert into SHOT values (596, 640, 641, 820, 23.650, 131.46, 83.10, 23.651, 131.43, 83.10, 0.002, 29.67, 48.48);
insert into SHOT values (597, 641, 642, 820, 3.940, 279.56, 61.20, 3.941, 279.36, 61.09, 0.010, 238.31, -15.32);
insert into SHOT values (598, 642, 643, 820, 2.800, 107.66, 82.00, 2.808, 106.14, 81.90, 0.014, 46.64, 31.30);
insert into SHOT values (599, 528, 644, 820, 8.910, 229.16, 40.20, 8.910, 229.17, 40.19, 0.002, 294.83, -27.19);
insert into SHOT values (600, 645, 644, 820, 6.000, 32.86, -46.70, 6.003, 32.80, -46.71, 0.005, 323.82, -39.54);
insert into CENTRELINE values (821, 816, NULL, '2017-02-01', NULL, 281.75, 0.00, 0.00);
 insert into SHOT values (601, 633, 646, 821, 2.210, 311.86, 25.20, 2.213, 311.97, 25.13, 0.006, 354.21, -9.60);
insert into SHOT values (602, 646, 647, 821, 0.500, 3.86, 4.50, 0.493, 3.50, 4.66, 0.008, 205.61, 5.41);
insert into SHOT values (603, 647, 648, 821, 4.390, 104.76, -70.00, 4.394, 104.69, -70.05, 0.006, 320.95, -56.85);
insert into SHOT values (604, 648, 649, 821, 2.680, 329.86, -12.00, 2.685, 329.82, -12.04, 0.005, 311.04, -30.72);
insert into SHOT values (605, 649, 650, 821, 3.900, 14.86, -54.00, 3.899, 14.88, -53.90, 0.007, 28.29, 46.91);
insert into SHOT values (606, 650, 651, 821, 2.090, 32.96, -18.60, 2.091, 33.05, -18.69, 0.005, 130.66, -46.16);
insert into SHOT values (607, 651, 652, 821, 3.600, 287.86, -50.02, 3.600, 287.89, -50.05, 0.002, 64.77, -37.94);
insert into SHOT values (608, 652, 653, 821, 3.200, 285.86, 2.70, 3.205, 285.77, 2.86, 0.011, 237.46, 56.53);
insert into SHOT values (609, 653, 654, 821, 7.700, 245.86, -80.00, 7.707, 245.73, -80.00, 0.008, 177.85, -66.24);
insert into SHOT values (610, 654, 655, 821, 2.770, 320.86, -9.50, 2.768, 320.95, -9.56, 0.006, 75.82, -30.33);
insert into SHOT values (611, 655, 656, 821, 1.730, 237.56, -15.30, 1.727, 237.74, -15.10, 0.009, 341.17, 49.65);
insert into SHOT values (612, 656, 657, 821, 1.580, 350.86, -7.30, 1.573, 350.78, -7.31, 0.007, 187.25, 5.93);
insert into SHOT values (613, 657, 658, 821, 2.000, 265.16, 3.60, 2.000, 265.40, 3.44, 0.010, 352.84, -32.84);
insert into SHOT values (614, 658, 659, 821, 10.130, 22.56, -23.20, 10.122, 22.57, -23.22, 0.009, 189.12, 4.12);
insert into SHOT values (615, 659, 660, 821, 1.530, 294.86, 3.60, 1.529, 295.22, 3.75, 0.011, 34.15, 21.71);
insert into SHOT values (616, 660, 661, 821, 1.720, 74.56, 5.10, 1.717, 74.74, 5.01, 0.007, 191.97, -24.44);
insert into SHOT values (617, 661, 662, 821, 4.640, 300.96, -3.70, 4.638, 300.94, -3.71, 0.002, 153.88, -16.84);
insert into SHOT values (618, 662, 663, 821, 2.000, 187.86, -3.10, 1.991, 187.80, -3.17, 0.009, 19.43, -11.78);
insert into SHOT values (619, 663, 664, 821, 1.570, 339.56, -5.70, 1.567, 339.36, -5.49, 0.008, 228.32, 45.84);
insert into SHOT values (620, 664, 665, 821, 1.950, 264.86, -10.04, 1.947, 264.91, -10.05, 0.003, 47.72, -0.80);
insert into SHOT values (621, 665, 666, 821, 1.980, 31.76, -6.90, 1.977, 31.66, -6.97, 0.005, 252.65, -24.26);
insert into SHOT values (622, 666, 667, 821, 1.640, 270.76, -20.70, 1.636, 270.75, -20.76, 0.004, 93.16, -4.31);
insert into SHOT values (623, 667, 668, 821, 5.930, 358.26, -5.20, 5.927, 358.25, -5.23, 0.004, 183.76, -41.68);
insert into SHOT values (624, 668, 669, 821, 1.430, 308.16, -9.40, 1.429, 308.09, -9.26, 0.004, 201.79, 64.40);
insert into SHOT values (625, 669, 670, 821, 1.520, 142.96, -5.20, 1.520, 143.05, -5.28, 0.003, 227.40, -40.36);
insert into SHOT values (626, 670, 671, 821, 3.450, 10.46, -26.20, 3.453, 10.40, -26.11, 0.007, 343.47, 27.62);
insert into SHOT values (627, 671, 672, 821, 4.630, 46.56, -4.30, 4.625, 46.58, -4.34, 0.006, 203.17, -28.21);
insert into SHOT values (628, 672, 673, 821, 4.510, 17.86, -4.60, 4.511, 17.87, -4.58, 0.003, 57.14, 41.14);
insert into SHOT values (629, 673, 674, 821, 1.570, 278.56, -3.30, 1.571, 278.80, -3.28, 0.007, 359.63, 3.15);
insert into SHOT values (630, 674, 675, 821, 3.080, 305.16, -21.50, 3.078, 305.19, -21.54, 0.003, 90.82, -21.59);
insert into SHOT values (631, 675, 676, 821, 3.970, 316.86, -14.70, 3.972, 316.79, -14.73, 0.005, 245.67, -30.45);
insert into SHOT values (632, 676, 677, 821, 2.770, 8.36, 3.70, 2.766, 8.54, 3.73, 0.010, 120.40, 7.35);
insert into SHOT values (633, 677, 678, 821, 1.300, 100.86, 27.40, 1.297, 100.53, 27.57, 0.008, 334.52, 12.05);
insert into SHOT values (634, 678, 679, 821, 5.660, 300.96, 15.60, 5.662, 300.89, 15.57, 0.007, 230.58, -18.01);
insert into SHOT values (635, 679, 680, 821, 13.850, 42.16, -5.00, 13.852, 42.15, -5.01, 0.003, 2.29, -60.19);
insert into SHOT values (636, 680, 681, 821, 5.840, 41.06, -6.20, 5.846, 41.09, -6.19, 0.007, 74.03, 5.78);
insert into SHOT values (637, 681, 682, 821, 3.240, 358.56, -2.50, 3.234, 358.58, -2.48, 0.006, 164.66, 12.26);
insert into SHOT values (638, 682, 683, 821, 1.610, 349.06, 6.30, 1.610, 348.83, 6.42, 0.007, 259.27, 27.93);
insert into SHOT values (639, 683, 684, 821, 11.850, 235.26, -1.50, 11.846, 235.25, -1.50, 0.004, 71.58, 2.82);
insert into SHOT values (640, 684, 685, 821, 10.060, 222.86, -2.30, 10.063, 222.86, -2.28, 0.005, 249.47, 47.26);
insert into SHOT values (641, 685, 686, 821, 9.320, 281.86, 1.00, 9.321, 281.89, 0.98, 0.006, 358.10, -25.37);
insert into SHOT values (642, 686, 687, 821, 8.480, 359.86, -0.70, 8.481, 359.86, -0.74, 0.007, 65.21, -76.18);
insert into SHOT values (643, 687, 688, 821, 5.640, 76.16, -7.00, 5.644, 76.16, -6.92, 0.009, 84.51, 57.40);
insert into SHOT values (644, 688, 689, 821, 3.070, 312.86, 6.05, 3.067, 312.74, 5.99, 0.008, 197.25, -27.93);
insert into SHOT values (645, 689, 690, 821, 11.310, 44.46, -2.20, 11.308, 44.43, -2.18, 0.007, 299.39, 35.25);
insert into SHOT values (646, 690, 691, 821, 9.220, 301.26, -1.20, 9.219, 301.24, -1.24, 0.007, 177.41, -68.24);
insert into SHOT values (647, 691, 692, 821, 4.020, 6.06, -1.90, 4.025, 6.14, -1.85, 0.008, 53.17, 23.05);
insert into SHOT values (648, 692, 693, 821, 6.780, 319.86, -1.80, 6.780, 319.85, -1.77, 0.003, 258.43, 71.98);
insert into SHOT values (649, 693, 694, 821, 6.060, 27.91, -2.30, 6.058, 27.88, -2.37, 0.008, 254.80, -59.56);
insert into SHOT values (650, 694, 695, 821, 5.150, 326.86, -12.50, 5.150, 326.85, -12.45, 0.005, 279.68, 78.35);
insert into SHOT values (651, 695, 696, 821, 2.430, 283.86, 0.60, 2.430, 283.81, 0.71, 0.005, 203.91, 65.72);
insert into SHOT values (652, 696, 697, 821, 4.540, 250.86, -5.70, 4.533, 250.84, -5.82, 0.012, 78.54, -49.16);
insert into SHOT values (653, 697, 698, 821, 3.940, 198.86, 0.60, 3.944, 198.94, 0.73, 0.011, 256.41, 51.53);
insert into SHOT values (654, 698, 699, 821, 3.160, 151.46, -2.50, 3.158, 151.40, -2.54, 0.004, 24.03, -31.37);
insert into SHOT values (655, 699, 700, 821, 4.980, 195.16, -7.10, 4.980, 195.13, -7.15, 0.005, 91.67, -66.28);
insert into SHOT values (656, 700, 701, 821, 8.610, 225.06, 0.60, 8.606, 225.05, 0.60, 0.004, 61.87, -2.20);
insert into SHOT values (657, 701, 702, 821, 6.550, 181.86, -8.50, 6.556, 181.86, -8.51, 0.006, 183.01, -19.06);
insert into SHOT values (658, 702, 703, 821, 3.530, 216.66, -8.10, 3.528, 216.74, -7.98, 0.009, 315.34, 55.09);
insert into SHOT values (659, 703, 704, 821, 1.920, 153.76, 24.09, 1.915, 153.87, 24.04, 0.007, 292.31, -33.83);
insert into SHOT values (660, 704, 705, 821, 4.550, 240.36, -1.60, 4.548, 240.33, -1.64, 0.004, 96.87, -45.33);
insert into SHOT values (661, 705, 706, 821, 2.990, 188.26, -7.80, 2.997, 188.13, -7.67, 0.011, 147.43, 30.27);
insert into SHOT values (662, 706, 707, 821, 3.170, 204.06, -9.70, 3.171, 204.19, -9.81, 0.009, 297.62, -39.50);
insert into SHOT values (663, 707, 708, 821, 4.650, 293.66, 1.50, 4.654, 293.70, 1.60, 0.010, 336.18, 57.03);
insert into SHOT values (664, 708, 709, 821, 5.900, 346.46, 2.00, 5.897, 346.46, 1.94, 0.006, 158.05, -66.26);
insert into CENTRELINE values (822, 816, NULL, '2017-02-17', NULL, 598.45, 0.00, 0.00);
 insert into SHOT values (665, 709, 710, 822, 3.680, 238.85, 15.60, 3.681, 238.73, 15.60, 0.008, 152.45, 2.81);
insert into SHOT values (666, 710, 711, 822, 7.470, 282.15, -11.20, 7.468, 282.21, -11.20, 0.008, 25.91, 6.69);
insert into SHOT values (667, 711, 712, 822, 6.040, 244.25, 9.10, 6.048, 244.29, 9.13, 0.009, 274.19, 30.36);
insert into SHOT values (668, 712, 713, 822, 6.790, 285.55, -3.80, 6.782, 285.52, -3.80, 0.010, 134.35, -0.00);
insert into SHOT values (669, 713, 714, 822, 4.190, 289.45, 2.40, 4.194, 289.52, 2.32, 0.008, 334.74, -40.89);
insert into SHOT values (670, 714, 715, 822, 4.240, 235.25, -1.50, 4.240, 235.19, -1.49, 0.005, 147.22, 10.90);
insert into SHOT values (671, 715, 716, 822, 9.580, 280.85, -1.40, 9.585, 280.89, -1.37, 0.009, 326.88, 27.78);
insert into SHOT values (672, 716, 717, 822, 9.280, 270.35, -0.80, 9.281, 270.31, -0.80, 0.008, 188.29, -3.28);
insert into SHOT values (673, 717, 718, 822, 8.490, 250.75, -1.50, 8.485, 250.80, -1.55, 0.011, 20.52, -44.21);
insert into SHOT values (674, 718, 719, 822, 14.900, 255.75, -2.40, 14.902, 255.73, -2.38, 0.008, 187.08, 30.33);
insert into SHOT values (675, 719, 720, 822, 7.360, 166.65, 4.30, 7.358, 166.68, 4.29, 0.005, 285.11, -23.69);
insert into SHOT values (676, 720, 721, 822, 4.360, 242.25, 2.60, 4.357, 242.20, 2.63, 0.006, 116.10, 22.80);
insert into SHOT values (677, 721, 722, 822, 6.540, 340.65, -4.70, 6.541, 340.65, -4.74, 0.004, 270.39, -78.58);
insert into SHOT values (678, 722, 723, 822, 6.750, 238.25, 2.10, 6.754, 238.26, 2.12, 0.005, 256.24, 34.94);
insert into SHOT values (679, 723, 724, 822, 11.510, 270.75, -3.70, 11.505, 270.80, -3.69, 0.010, 29.87, 15.37);
insert into SHOT values (680, 724, 725, 822, 3.310, 254.15, 6.50, 3.306, 254.10, 6.43, 0.006, 118.49, -47.72);
insert into SHOT values (681, 725, 726, 822, 9.560, 166.05, 2.50, 9.560, 166.07, 2.52, 0.004, 250.85, 58.48);
insert into SHOT values (682, 726, 727, 822, 13.730, 258.85, -4.40, 13.729, 258.84, -4.39, 0.005, 160.59, 39.58);
insert into SHOT values (683, 727, 728, 822, 10.770, 254.05, 0.50, 10.775, 254.05, 0.48, 0.006, 254.02, -38.71);
insert into SHOT values (684, 728, 729, 822, 5.050, 277.65, -3.00, 5.053, 277.74, -2.95, 0.009, 347.31, 26.92);
insert into SHOT values (685, 729, 730, 822, 10.090, 350.85, 0.20, 10.088, 350.87, 0.17, 0.007, 114.41, -52.14);
insert into SHOT values (686, 730, 731, 822, 8.840, 238.35, -1.60, 8.840, 238.32, -1.62, 0.006, 145.08, -34.32);
insert into SHOT values (687, 731, 732, 822, 8.430, 254.15, -1.50, 8.433, 254.17, -1.49, 0.003, 287.16, 11.69);
insert into SHOT values (688, 732, 733, 822, 3.260, 219.85, -4.10, 3.260, 219.76, -4.05, 0.006, 134.95, 29.87);
insert into SHOT values (689, 733, 734, 822, 7.870, 253.75, 7.20, 7.873, 253.79, 7.22, 0.007, 318.36, 32.32);
insert into SHOT values (690, 734, 735, 822, 10.140, 212.15, -6.00, 10.144, 212.16, -6.00, 0.004, 231.86, -1.22);
insert into SHOT values (691, 735, 736, 822, 8.540, 275.35, 0.90, 8.539, 275.38, 0.87, 0.005, 28.15, -49.23);
insert into SHOT values (692, 736, 737, 822, 12.330, 215.85, 1.20, 12.329, 215.86, 1.21, 0.002, 19.41, 51.30);
insert into SHOT values (693, 737, 738, 822, 10.540, 235.35, 1.80, 10.543, 235.36, 1.79, 0.003, 252.24, -17.84);
insert into SHOT values (694, 738, 739, 822, 15.060, 289.85, -1.80, 15.052, 289.86, -1.79, 0.009, 106.92, 20.47);
insert into SHOT values (695, 739, 740, 822, 15.880, 192.25, -1.60, 15.878, 192.26, -1.62, 0.007, 342.07, -71.45);
insert into SHOT values (696, 740, 741, 822, 12.460, 263.05, -1.40, 12.465, 263.04, -1.38, 0.008, 233.83, 34.87);
insert into SHOT values (697, 741, 742, 822, 10.470, 192.75, 2.00, 10.465, 192.76, 2.03, 0.007, 1.24, 40.29);
insert into SHOT values (698, 742, 743, 822, 13.240, 265.55, 0.10, 13.240, 265.54, 0.09, 0.005, 177.74, -39.36);
insert into SHOT values (699, 743, 744, 822, 17.380, 251.45, -2.30, 17.375, 251.46, -2.31, 0.006, 51.50, -24.97);
insert into SHOT values (700, 744, 745, 822, 18.260, 168.15, -0.50, 18.260, 168.15, -0.50, 0.002, 75.89, -18.55);
insert into SHOT values (701, 745, 746, 822, 7.550, 133.25, -2.90, 7.551, 133.28, -2.88, 0.004, 209.73, 29.37);
insert into SHOT values (702, 746, 747, 822, 9.310, 176.45, 1.60, 9.311, 176.49, 1.60, 0.006, 255.31, 0.50);
insert into SHOT values (703, 748, 749, 822, 4.900, 282.65, -10.70, 4.903, 282.71, -10.70, 0.006, 337.49, -2.37);
insert into SHOT values (704, 749, 750, 822, 7.680, 345.05, -18.80, 7.676, 345.08, -18.85, 0.008, 130.95, -37.13);
insert into SHOT values (705, 750, 751, 822, 3.000, 356.85, -2.00, 2.996, 356.94, -1.91, 0.007, 129.04, 38.99);
insert into SHOT values (706, 751, 752, 822, 3.430, 257.05, -1.50, 3.436, 257.22, -1.50, 0.012, 314.34, -1.05);
insert into SHOT values (707, 752, 753, 822, 2.320, 344.75, 2.10, 2.313, 344.70, 1.98, 0.008, 182.99, -36.15);
insert into SHOT values (708, 753, 754, 822, 4.530, 231.85, -0.70, 4.529, 231.81, -0.63, 0.006, 133.48, 58.95);
insert into SHOT values (709, 754, 755, 822, 1.350, 259.35, -2.70, 1.343, 259.70, -2.99, 0.012, 30.16, -31.30);
insert into SHOT values (710, 755, 756, 822, 4.280, 329.05, -18.00, 4.282, 328.96, -17.96, 0.007, 260.76, 20.48);
insert into SHOT values (711, 756, 757, 822, 3.670, 258.45, 2.60, 3.669, 258.35, 2.66, 0.007, 161.85, 28.23);
insert into SHOT values (712, 757, 758, 822, 2.270, 328.95, -6.70, 2.268, 328.99, -6.84, 0.006, 120.20, -58.96);
insert into SHOT values (713, 758, 759, 822, 2.870, 64.75, -0.70, 2.867, 64.60, -0.60, 0.010, 316.74, 31.37);
insert into SHOT values (714, 759, 760, 822, 4.020, 334.35, -4.10, 4.014, 334.40, -4.14, 0.008, 131.11, -19.79);
insert into SHOT values (715, 760, 761, 822, 2.990, 243.95, -1.10, 2.993, 244.03, -1.15, 0.006, 302.29, -27.96);
insert into SHOT values (716, 761, 762, 822, 3.350, 297.95, -1.60, 3.343, 298.02, -1.54, 0.009, 88.38, 23.94);
insert into SHOT values (717, 762, 763, 822, 3.820, 28.95, -0.90, 3.814, 28.85, -0.90, 0.009, 257.00, 0.01);
insert into SHOT values (718, 763, 764, 822, 2.420, 357.15, 1.20, 2.423, 357.16, 1.18, 0.004, 1.70, -10.96);
insert into SHOT values (719, 764, 765, 822, 2.960, 95.05, -7.30, 2.966, 95.07, -7.36, 0.007, 103.73, -34.92);
insert into SHOT values (720, 765, 766, 822, 5.820, 341.95, -0.40, 5.816, 341.97, -0.39, 0.005, 141.85, 7.87);
insert into SHOT values (721, 766, 767, 822, 2.800, 316.25, 4.90, 2.804, 316.31, 4.91, 0.005, 347.75, 9.99);
insert into SHOT values (722, 767, 768, 822, 3.770, 52.05, 5.30, 3.771, 52.03, 5.33, 0.002, 349.95, 45.59);
insert into SHOT values (723, 768, 769, 822, 2.850, 133.95, -20.80, 2.851, 133.94, -20.75, 0.003, 110.83, 43.39);
insert into SHOT values (724, 769, 770, 822, 2.840, 37.85, -2.90, 2.840, 37.84, -3.03, 0.006, 311.16, -83.25);
insert into SHOT values (725, 770, 771, 822, 1.520, 349.75, -17.30, 1.522, 349.70, -17.20, 0.003, 315.40, 36.94);
insert into SHOT values (726, 771, 772, 822, 4.400, 113.95, -9.20, 4.403, 114.03, -9.15, 0.007, 173.80, 27.92);
insert into SHOT values (727, 772, 773, 822, 2.020, 87.15, -9.00, 2.018, 87.12, -9.12, 0.005, 289.77, -54.66);
insert into SHOT values (728, 773, 774, 822, 3.620, 350.25, -5.00, 3.625, 350.28, -4.91, 0.008, 4.19, 43.35);
insert into SHOT values (729, 774, 775, 822, 1.710, 348.05, 7.20, 1.700, 348.02, 7.10, 0.011, 173.33, -23.69);
insert into SHOT values (730, 775, 776, 822, 3.950, 91.85, 2.30, 3.945, 91.74, 2.32, 0.009, 328.44, 9.26);
insert into SHOT values (731, 776, 777, 822, 3.960, 352.95, -1.20, 3.960, 353.04, -1.16, 0.006, 82.26, 27.38);
insert into SHOT values (732, 777, 778, 822, 3.850, 293.95, -3.60, 3.849, 293.96, -3.58, 0.002, 92.58, 50.29);
insert into SHOT values (733, 778, 779, 822, 1.990, 322.95, 2.80, 1.986, 322.78, 2.60, 0.010, 201.69, -46.14);
insert into SHOT values (734, 779, 780, 822, 2.830, 279.75, -7.50, 2.836, 279.83, -7.50, 0.007, 314.04, -5.25);
insert into SHOT values (735, 780, 781, 822, 4.680, 342.05, -12.50, 4.680, 342.16, -12.46, 0.009, 67.53, 19.24);
insert into SHOT values (736, 781, 782, 822, 9.120, 324.75, -4.80, 9.121, 324.72, -4.78, 0.007, 249.32, 28.15);
insert into SHOT values (737, 782, 783, 822, 7.770, 287.95, -0.40, 7.767, 287.92, -0.44, 0.008, 164.50, -47.12);
insert into SHOT values (738, 783, 784, 822, 2.260, 231.35, -4.00, 2.260, 231.30, -3.81, 0.008, 158.42, 73.76);
insert into SHOT values (739, 784, 785, 822, 3.790, 297.95, -9.10, 3.797, 298.00, -9.09, 0.007, 322.68, -4.62);
insert into SHOT values (740, 785, 786, 822, 5.290, 75.55, 5.10, 5.296, 75.62, 5.09, 0.009, 120.35, -1.65);
insert into SHOT values (741, 786, 787, 822, 4.720, 356.65, -6.30, 4.727, 356.58, -6.32, 0.009, 316.22, -12.85);
insert into SHOT values (742, 787, 788, 822, 3.780, 293.15, -2.20, 3.775, 293.10, -2.28, 0.008, 150.69, -39.09);
insert into SHOT values (743, 788, 789, 822, 3.280, 56.85, -7.40, 3.278, 56.80, -7.36, 0.004, 294.31, 33.10);
insert into SHOT values (744, 789, 790, 822, 4.560, 328.65, 6.30, 4.560, 328.62, 6.29, 0.002, 247.26, -9.12);
insert into SHOT values (745, 790, 791, 822, 4.890, 355.85, -1.40, 4.894, 355.90, -1.41, 0.005, 38.50, -5.54);
insert into SHOT values (746, 791, 792, 822, 3.730, 39.85, -7.70, 3.725, 39.94, -7.71, 0.008, 170.93, -1.72);
insert into SHOT values (747, 792, 793, 822, 2.450, 324.45, -2.90, 2.456, 324.63, -2.80, 0.010, 15.23, 22.74);
insert into SHOT values (748, 793, 794, 822, 7.010, 27.65, -2.20, 7.005, 27.66, -2.21, 0.005, 194.90, -10.70);
insert into SHOT values (749, 794, 795, 822, 6.030, 56.35, 4.60, 6.027, 56.34, 4.57, 0.005, 267.42, -44.18);
insert into SHOT values (750, 795, 796, 822, 4.180, 309.85, 12.70, 4.178, 309.82, 12.72, 0.003, 173.43, 18.03);
insert into SHOT values (751, 796, 797, 822, 2.410, 251.85, -1.50, 2.410, 251.87, -1.43, 0.003, 294.31, 77.27);
insert into SHOT values (752, 797, 798, 822, 7.400, 322.65, -3.50, 7.406, 322.70, -3.48, 0.008, 4.29, 12.33);
insert into SHOT values (753, 798, 799, 822, 8.550, 4.75, 0.00, 8.550, 4.76, 0.00, 0.001, 113.92, 0.00);
insert into SHOT values (754, 799, 800, 822, 6.350, 302.55, 3.90, 6.345, 302.49, 3.89, 0.009, 180.72, -11.85);
insert into SHOT values (755, 800, 801, 822, 8.190, 227.85, -4.80, 8.185, 227.88, -4.84, 0.008, 10.16, -36.03);
insert into SHOT values (756, 801, 802, 822, 13.590, 321.35, 1.70, 13.589, 321.37, 1.73, 0.008, 80.64, 64.63);
insert into SHOT values (757, 802, 803, 822, 8.850, 18.65, 2.20, 8.848, 18.60, 2.20, 0.009, 277.37, 1.75);
insert into SHOT values (758, 803, 735, 822, 4.530, 282.75, -9.90, 4.527, 282.70, -9.92, 0.006, 155.05, -11.40);
insert into SURVEY values (824, 789, 'PuntaBlanca', 'PuntaBlanca.107.UltimaPatagonia', 'Cueva de la Punta Blanca');
 insert into CENTRELINE values (825, 824, NULL, NULL, NULL, 0.00, 0.00, 0.00);
 insert into CENTRELINE values (826, 824, NULL, NULL, NULL, 405.93, 0.00, 0.00);
 insert into SHOT values (759, 804, 805, 826, 9.860, 147.63, -12.80, 9.859, 147.62, -12.77, 0.005, 67.18, 57.17);
insert into SHOT values (760, 805, 806, 826, 7.910, 110.33, -9.80, 7.912, 110.34, -9.82, 0.004, 146.14, -61.73);
insert into SHOT values (761, 806, 807, 826, 5.710, 217.23, -12.70, 5.707, 217.26, -12.76, 0.007, 3.69, -43.06);
insert into SHOT values (762, 807, 808, 826, 11.900, 152.93, -9.80, 11.903, 152.98, -9.77, 0.011, 216.57, 28.83);
insert into SHOT values (763, 807, 809, 826, 6.960, 219.13, -15.90, 6.967, 219.13, -15.83, 0.012, 215.21, 35.41);
insert into SHOT values (764, 809, 810, 826, 4.690, 355.03, -18.00, 4.696, 355.12, -17.99, 0.009, 44.68, -4.59);
insert into SHOT values (765, 810, 811, 826, 4.760, 331.33, -3.10, 4.760, 331.33, -3.13, 0.003, 159.87, -80.57);
insert into SHOT values (766, 811, 812, 826, 4.430, 198.63, -9.00, 4.434, 198.64, -8.95, 0.005, 207.88, 34.45);
insert into SHOT values (767, 812, 813, 826, 3.210, 289.53, 0.20, 3.213, 289.45, 0.18, 0.006, 235.75, -11.84);
insert into SHOT values (768, 813, 814, 826, 6.840, 275.93, -15.40, 6.843, 276.00, -15.43, 0.009, 353.86, -23.02);
insert into SHOT values (769, 814, 815, 826, 6.510, 333.83, 16.10, 6.509, 333.80, 16.15, 0.006, 205.34, 49.40);
insert into SHOT values (770, 814, 816, 826, 3.540, 137.43, -12.90, 3.550, 137.46, -12.86, 0.010, 146.27, 1.68);
insert into SHOT values (771, 816, 817, 826, 10.500, 320.63, -12.10, 10.507, 320.61, -12.09, 0.008, 289.84, 6.75);
insert into SHOT values (772, 809, 818, 826, 15.140, 142.53, 8.30, 15.137, 142.54, 8.28, 0.007, 282.52, -58.28);
insert into SHOT values (773, 806, 819, 826, 13.080, 97.13, 27.70, 13.079, 97.14, 27.70, 0.002, 213.05, -3.15);
insert into SHOT values (774, 819, 820, 826, 14.710, 181.33, 30.00, 14.703, 181.35, 29.99, 0.009, 327.14, -35.96);
insert into SHOT values (775, 820, 821, 826, 10.520, 75.73, 24.30, 10.518, 75.75, 24.31, 0.004, 217.26, 13.26);
insert into SHOT values (776, 806, 822, 826, 16.280, 47.73, 2.20, 16.272, 47.72, 2.18, 0.010, 258.59, -29.61);
insert into SHOT values (777, 822, 823, 826, 22.940, 156.03, 42.30, 22.940, 156.00, 42.30, 0.009, 61.42, 7.14);
insert into SHOT values (778, 822, 824, 826, 6.250, 358.03, 1.80, 6.257, 358.08, 1.83, 0.009, 33.41, 24.43);
insert into SHOT values (779, 824, 825, 826, 8.740, 358.73, 11.30, 8.731, 358.73, 11.29, 0.009, 182.90, -16.84);
insert into SHOT values (780, 825, 826, 826, 7.240, 345.13, -20.00, 7.241, 345.19, -19.95, 0.009, 52.08, 41.09);
insert into SHOT values (781, 826, 827, 826, 11.720, 333.43, -15.30, 11.723, 333.41, -15.33, 0.008, 256.74, -60.95);
insert into SHOT values (782, 824, 828, 826, 5.780, 123.23, 6.90, 5.783, 123.27, 6.85, 0.007, 176.54, -39.71);
insert into SHOT values (783, 828, 829, 826, 2.380, 102.33, -40.20, 2.379, 102.36, -40.02, 0.008, 112.88, 54.20);
insert into SHOT values (784, 829, 830, 826, 4.090, 35.43, -44.30, 4.092, 35.26, -44.34, 0.009, 305.12, -22.08);
insert into SHOT values (785, 830, 831, 826, 2.760, 89.73, -72.20, 2.764, 90.00, -72.09, 0.008, 122.05, -15.96);
insert into SHOT values (786, 831, 832, 826, 3.470, 56.03, -11.00, 3.464, 56.03, -10.98, 0.006, 237.79, 19.67);
insert into SHOT values (787, 832, 833, 826, 4.000, 350.23, -17.80, 4.004, 350.34, -17.74, 0.009, 42.42, 17.06);
insert into SHOT values (788, 833, 834, 826, 7.530, 31.03, -24.30, 7.526, 30.98, -24.32, 0.008, 265.60, -9.20);
insert into SHOT values (789, 834, 835, 826, 4.320, 15.03, -19.40, 4.314, 15.09, -19.36, 0.008, 149.20, 38.77);
insert into SHOT values (790, 835, 836, 826, 6.970, 10.63, 11.00, 6.975, 10.60, 10.99, 0.006, 336.47, 0.58);
insert into SHOT values (791, 836, 837, 826, 5.230, 31.03, -15.70, 5.230, 31.10, -15.75, 0.008, 134.10, -37.89);
insert into SHOT values (792, 837, 838, 826, 4.940, 17.73, -3.40, 4.942, 17.70, -3.36, 0.005, 326.87, 39.80);
insert into SHOT values (793, 838, 839, 826, 8.740, 14.63, -3.10, 8.735, 14.61, -3.15, 0.010, 228.34, -49.66);
insert into SHOT values (794, 839, 840, 826, 2.860, 91.33, 37.50, 2.867, 91.26, 37.62, 0.010, 30.39, 70.26);
insert into SHOT values (795, 840, 841, 826, 7.900, 129.73, 3.30, 7.902, 129.70, 3.26, 0.007, 73.96, -44.27);
insert into SHOT values (796, 841, 842, 826, 10.240, 45.63, -11.00, 10.236, 45.60, -10.98, 0.007, 281.40, 33.38);
insert into SHOT values (797, 842, 843, 826, 6.180, 34.43, -6.50, 6.181, 34.52, -6.50, 0.009, 118.88, -2.51);
insert into SHOT values (798, 843, 844, 826, 3.220, 68.93, -4.70, 3.218, 68.80, -4.81, 0.010, 323.96, -37.84);
insert into SHOT values (799, 844, 845, 826, 4.420, 70.53, 19.70, 4.415, 70.61, 19.72, 0.008, 206.45, 0.29);
insert into SHOT values (800, 845, 846, 826, 7.920, 138.63, -35.80, 7.920, 138.60, -35.77, 0.006, 79.82, 30.85);
insert into SHOT values (801, 846, 847, 826, 10.890, 140.33, 10.40, 10.889, 140.30, 10.42, 0.007, 29.12, 35.92);
insert into SHOT values (802, 845, 848, 826, 8.440, 338.23, 32.80, 8.445, 338.24, 32.84, 0.008, 30.89, 77.89);
insert into SHOT values (803, 848, 849, 826, 8.050, 338.63, -14.90, 8.053, 338.68, -14.89, 0.007, 39.03, -0.67);
insert into SHOT values (804, 849, 850, 826, 4.070, 297.03, 16.90, 4.070, 297.03, 16.85, 0.003, 273.90, -68.83);
insert into SHOT values (805, 848, 851, 826, 9.660, 261.63, 30.50, 9.654, 261.64, 30.50, 0.006, 75.60, -29.97);
insert into SHOT values (806, 851, 852, 826, 11.990, 243.23, 2.30, 11.991, 243.26, 2.29, 0.007, 328.31, -10.19);
insert into SHOT values (807, 852, 853, 826, 8.890, 276.63, -16.00, 8.891, 276.58, -16.00, 0.007, 192.64, 3.30);
insert into SHOT values (808, 853, 854, 826, 7.010, 260.83, -0.40, 7.009, 260.89, -0.41, 0.007, 2.46, -8.86);
insert into SHOT values (809, 854, 855, 826, 5.480, 317.53, -11.30, 5.471, 317.57, -11.28, 0.010, 116.09, 22.49);
insert into SHOT values (810, 855, 856, 826, 10.380, 260.23, 2.70, 10.382, 260.23, 2.71, 0.002, 241.28, 26.52);
insert into SHOT values (811, 856, 857, 826, 4.680, 350.83, 7.30, 4.677, 350.82, 7.25, 0.005, 188.75, -58.96);
insert into CENTRELINE values (827, 824, NULL, NULL, NULL, 500.45, 0.00, 0.00);
 insert into SHOT values (812, 847, 858, 827, 9.320, 138.63, 27.70, 9.322, 138.68, 27.68, 0.008, 206.55, -16.39);
insert into SHOT values (813, 847, 859, 827, 8.300, 77.73, 17.90, 8.283, 77.80, 18.44, 0.081, 244.37, 58.63);
insert into SHOT values (814, 859, 860, 827, 6.610, 42.93, -12.30, 6.579, 42.86, -11.84, 0.062, 245.96, 70.34);
insert into SHOT values (815, 860, 861, 827, 6.120, 78.53, 8.50, 6.119, 78.47, 8.46, 0.008, 343.63, -33.56);
insert into SHOT values (816, 861, 862, 827, 7.240, 55.23, -20.50, 7.237, 55.28, -20.55, 0.008, 186.63, -32.07);
insert into SHOT values (817, 862, 863, 827, 6.060, 79.93, -29.60, 6.061, 79.84, -29.56, 0.010, 12.59, 19.79);
insert into SHOT values (818, 863, 864, 827, 7.240, 127.83, -1.10, 7.234, 127.87, -1.11, 0.007, 269.05, -8.05);
insert into SHOT values (819, 860, 865, 827, 10.820, 337.13, -3.10, 10.851, 333.93, -3.38, 0.607, 248.16, -5.18);
insert into SHOT values (820, 865, 866, 827, 6.750, 76.83, 28.90, 6.559, 77.21, 29.80, 0.221, 247.11, -0.56);
insert into SHOT values (821, 866, 867, 827, 2.300, 25.03, 2.10, 2.151, 23.58, 1.87, 0.160, 225.00, -5.13);
insert into SHOT values (822, 867, 868, 827, 3.390, 196.13, 71.40, 3.422, 198.12, 70.23, 0.086, 224.17, 4.73);
insert into SHOT values (823, 868, 869, 827, 7.990, 139.63, -4.10, 7.925, 142.04, -4.41, 0.343, 242.37, -6.49);
insert into SHOT values (824, 860, 870, 827, 4.780, 20.13, 12.90, 4.917, 21.31, 13.17, 0.169, 57.95, 18.20);
insert into SHOT values (825, 870, 869, 827, 6.020, 75.43, 43.30, 6.188, 75.14, 42.49, 0.190, 68.14, 15.70);
insert into SHOT values (826, 869, 871, 827, 7.310, 95.93, 17.30, 7.299, 96.11, 17.79, 0.067, 239.73, 56.66);
insert into SHOT values (827, 871, 872, 827, 4.220, 195.43, 0.50, 4.237, 195.61, 0.95, 0.039, 234.22, 57.60);
insert into SHOT values (828, 872, 873, 827, 9.130, 100.03, 3.30, 9.114, 100.20, 3.84, 0.091, 229.05, 68.22);
insert into SHOT values (829, 873, 874, 827, 8.080, 43.03, -9.70, 8.050, 42.91, -9.22, 0.076, 265.97, 70.60);
insert into SHOT values (830, 874, 875, 827, 4.690, 53.53, -10.80, 4.660, 53.43, -10.51, 0.039, 251.75, 47.74);
insert into SHOT values (831, 875, 876, 827, 6.610, 175.73, 12.90, 6.616, 175.73, 12.93, 0.006, 173.28, 42.42);
insert into SHOT values (832, 875, 877, 827, 7.110, 10.23, -12.40, 7.089, 9.96, -11.97, 0.066, 263.73, 59.24);
insert into SHOT values (833, 877, 878, 827, 10.220, 23.13, -22.30, 10.187, 22.90, -21.84, 0.096, 292.80, 66.82);
insert into SHOT values (834, 878, 879, 827, 6.230, 117.73, -40.90, 6.231, 117.71, -40.90, 0.003, 56.46, -22.35);
insert into SHOT values (835, 879, 880, 827, 20.520, 123.93, -16.30, 20.517, 123.92, -16.30, 0.004, 346.44, -9.45);
insert into SHOT values (836, 880, 881, 827, 16.670, 115.23, -19.40, 16.668, 115.26, -19.38, 0.011, 204.47, 42.17);
insert into SHOT values (837, 881, 882, 827, 13.360, 144.13, -3.10, 13.362, 144.12, -3.13, 0.008, 78.22, -63.43);
insert into SHOT values (838, 882, 883, 827, 8.600, 134.93, -4.40, 8.596, 134.91, -4.40, 0.006, 356.92, -2.04);
insert into SHOT values (839, 883, 884, 827, 2.880, 147.93, 0.10, 2.880, 147.91, 0.20, 0.005, 59.03, 77.29);
insert into SHOT values (840, 884, 885, 827, 12.080, 178.53, -27.10, 12.083, 178.56, -27.13, 0.009, 272.59, -52.45);
insert into SHOT values (841, 884, 886, 827, 10.620, 63.83, 17.00, 10.615, 63.81, 16.98, 0.007, 284.06, -43.69);
insert into SHOT values (842, 886, 887, 827, 13.240, 139.03, 6.40, 13.247, 139.04, 6.41, 0.007, 144.61, 34.03);
insert into SHOT values (843, 887, 888, 827, 25.110, 145.73, -4.00, 25.107, 145.74, -4.00, 0.004, 281.89, 21.68);
insert into SHOT values (844, 888, 889, 827, 17.500, 129.23, 17.20, 17.497, 129.22, 17.19, 0.006, 16.79, -55.37);
insert into SHOT values (845, 889, 890, 827, 19.110, 154.83, -8.60, 19.111, 154.82, -8.61, 0.005, 72.95, -26.48);
insert into SHOT values (846, 890, 891, 827, 16.950, 182.03, -14.70, 16.955, 182.03, -14.69, 0.005, 163.68, 12.63);
insert into SHOT values (847, 891, 892, 827, 5.440, 95.43, 6.90, 5.434, 95.43, 6.98, 0.009, 281.57, 44.92);
insert into SHOT values (848, 892, 893, 827, 21.680, 162.73, 3.30, 21.683, 162.72, 3.28, 0.010, 105.17, -55.22);
insert into SHOT values (849, 894, 895, 827, 2.890, 133.03, 24.70, 2.886, 132.99, 24.57, 0.008, 24.29, -75.97);
insert into SHOT values (850, 895, 896, 827, 18.300, 115.03, 7.00, 18.304, 115.04, 7.00, 0.005, 149.66, -2.36);
insert into SHOT values (851, 896, 897, 827, 8.260, 82.93, 23.00, 8.266, 82.90, 23.00, 0.007, 44.34, 22.14);
insert into SHOT values (852, 897, 893, 827, 14.040, 162.33, 6.60, 14.040, 162.34, 6.58, 0.005, 252.70, -51.94);
insert into SHOT values (853, 893, 898, 827, 6.350, 119.13, 7.40, 6.347, 119.09, 7.42, 0.006, 354.94, 20.79);
insert into SHOT values (854, 898, 899, 827, 9.250, 146.03, 24.30, 9.257, 146.07, 24.30, 0.009, 182.04, 23.22);
insert into SHOT values (855, 899, 900, 827, 11.830, 124.43, 16.20, 11.828, 124.42, 16.20, 0.004, 2.21, -7.54);
insert into SHOT values (856, 900, 901, 827, 8.030, 135.33, 20.60, 8.028, 135.38, 20.56, 0.008, 223.89, -42.03);
insert into SHOT values (857, 901, 902, 827, 20.060, 146.83, -1.00, 20.065, 146.82, -1.00, 0.007, 96.61, 0.76);
insert into SHOT values (858, 902, 903, 827, 2.220, 62.83, 17.50, 2.219, 62.71, 17.57, 0.005, 311.80, 26.31);
insert into SHOT values (859, 903, 904, 827, 12.360, 143.63, -49.40, 12.358, 143.64, -49.38, 0.006, 171.18, 55.95);
insert into SHOT values (860, 904, 905, 827, 4.180, 119.43, -11.00, 4.174, 119.38, -11.05, 0.008, 330.16, -18.39);
insert into SHOT values (861, 905, 906, 827, 3.250, 76.63, -20.80, 3.252, 76.69, -20.71, 0.006, 120.29, 40.60);
insert into SHOT values (862, 906, 907, 827, 3.960, 148.73, -20.40, 3.960, 148.67, -20.40, 0.004, 54.36, 4.54);
insert into SHOT values (863, 908, 891, 827, 15.170, 74.43, 22.80, 15.168, 74.44, 22.81, 0.004, 207.95, 21.63);
insert into CENTRELINE values (828, 824, NULL, '2020-02-11', NULL, 417.05, 0.00, 0.00);
 insert into SHOT values (864, 899, 909, 828, 8.800, 25.20, 31.20, 8.541, 25.54, 28.38, 0.501, 131.18, -84.61);
insert into SHOT values (865, 909, 910, 828, 5.800, 121.60, 5.00, 5.980, 122.09, 11.77, 0.720, 154.96, 82.72);
insert into SHOT values (866, 910, 911, 828, 8.500, 16.60, -19.00, 8.305, 17.39, -10.62, 1.249, 58.65, 82.22);
insert into SHOT values (867, 911, 909, 828, 8.800, 237.60, -11.00, 8.761, 237.69, 2.03, 1.993, 244.45, 86.60);
insert into SHOT values (868, 911, 912, 828, 16.160, 34.60, -4.00, 16.158, 34.59, -4.01, 0.004, 270.84, -39.48);
insert into SHOT values (869, 912, 913, 828, 12.650, 147.60, 36.00, 12.696, 153.03, 32.81, 1.216, 216.54, -27.18);
insert into SHOT values (870, 913, 914, 828, 7.960, 92.60, 4.80, 7.698, 96.27, 3.13, 0.610, 210.58, -23.79);
insert into SHOT values (871, 914, 915, 828, 8.100, 85.60, -15.00, 7.879, 88.78, -17.81, 0.619, 214.33, -30.44);
insert into SHOT values (872, 915, 916, 828, 6.760, 138.60, 30.00, 6.718, 142.49, 28.35, 0.446, 222.29, -25.19);
insert into SHOT values (873, 916, 917, 828, 6.230, 113.60, 37.00, 6.029, 117.15, 36.55, 0.368, 228.81, -25.67);
insert into SHOT values (874, 917, 918, 828, 18.000, 352.60, -32.00, 17.432, 349.05, -34.17, 1.272, 218.34, -11.41);
insert into SHOT values (875, 918, 919, 828, 7.000, 234.60, 4.60, 7.381, 233.94, 2.64, 0.461, 222.48, -28.74);
insert into SHOT values (876, 919, 920, 828, 11.750, 311.60, -8.00, 11.877, 305.17, -10.38, 1.402, 220.46, -21.11);
insert into SHOT values (877, 920, 921, 828, 5.700, 273.60, 17.00, 5.909, 270.80, 14.91, 0.404, 225.84, -21.29);
insert into SHOT values (878, 921, 912, 828, 4.300, 281.60, -26.50, 4.268, 276.68, -22.02, 0.475, 207.08, 42.14);
insert into SHOT values (879, 918, 922, 828, 11.300, 111.60, 17.50, 11.742, 114.71, 22.01, 1.167, 192.60, 59.19);
insert into SHOT values (880, 922, 917, 828, 13.500, 219.60, 21.00, 13.135, 216.65, 24.23, 1.046, 83.45, 31.84);
insert into SHOT values (881, 922, 923, 828, 9.200, 15.60, -30.00, 8.362, 13.16, -31.67, 0.933, 215.06, 13.01);
insert into SHOT values (882, 923, 924, 828, 5.850, 251.60, 6.00, 6.283, 247.53, 9.25, 0.698, 201.45, 34.82);
insert into SHOT values (883, 924, 925, 828, 6.680, 312.60, -33.00, 6.327, 307.25, -30.49, 0.687, 203.70, 38.56);
insert into SHOT values (884, 925, 917, 828, 20.500, 168.60, 33.00, 21.223, 175.74, 34.37, 2.335, 253.63, 20.43);
insert into SHOT values (885, 923, 926, 828, 7.200, 72.60, 2.00, 7.194, 72.60, 2.07, 0.011, 251.10, 52.93);
insert into SHOT values (886, 923, 927, 828, 3.800, 118.60, 7.00, 3.797, 118.54, 7.11, 0.009, 343.60, 51.30);
insert into SHOT values (887, 923, 928, 828, 6.230, 102.60, 12.00, 6.097, 104.85, 11.73, 0.274, 221.40, -11.66);
insert into SHOT values (888, 928, 929, 828, 5.000, 142.60, 14.00, 5.026, 144.91, 13.46, 0.204, 223.14, -11.19);
insert into SHOT values (889, 929, 930, 828, 10.600, 94.60, 10.00, 10.449, 97.64, 9.64, 0.575, 200.12, -9.07);
insert into SHOT values (890, 930, 931, 828, 9.600, 147.60, -6.00, 9.685, 150.96, -6.64, 0.578, 231.96, -11.62);
insert into SHOT values (891, 931, 932, 828, 8.270, 112.60, 40.00, 8.142, 112.75, 36.83, 0.473, 118.01, -67.28);
insert into SHOT values (892, 932, 933, 828, 7.600, 101.60, -8.00, 7.694, 101.77, -11.17, 0.433, 146.96, -85.73);
insert into SHOT values (893, 933, 934, 828, 12.700, 139.60, -18.00, 12.982, 140.95, -17.02, 0.460, 181.13, 15.72);
insert into SHOT values (894, 934, 935, 828, 7.650, 204.60, 6.00, 7.649, 204.54, 6.00, 0.007, 108.71, 2.87);
insert into SHOT values (895, 931, 936, 828, 1.770, 324.60, 7.00, 1.804, 321.84, 9.25, 0.115, 248.76, 40.10);
insert into SHOT values (896, 936, 937, 828, 5.140, 188.60, 18.00, 5.391, 190.31, 19.50, 0.323, 227.11, 40.86);
insert into SHOT values (897, 937, 938, 828, 4.850, 239.60, 38.00, 5.198, 239.42, 38.14, 0.349, 236.90, 40.00);
insert into SHOT values (898, 922, 939, 828, 15.690, 154.60, 32.00, 15.756, 156.58, 33.04, 0.544, 257.61, 30.44);
insert into SHOT values (899, 939, 940, 828, 6.100, 65.60, -12.50, 6.129, 68.91, -11.67, 0.358, 149.55, 12.97);
insert into SHOT values (900, 940, 938, 828, 10.000, 113.60, -18.00, 10.201, 115.23, -19.47, 0.427, 182.99, -46.57);
insert into SHOT values (901, 912, 941, 828, 10.400, 13.60, -29.00, 9.927, 14.46, -22.51, 1.252, 75.61, 82.82);
insert into SHOT values (902, 941, 942, 828, 5.200, 34.20, -1.00, 5.001, 35.60, 5.05, 0.587, 185.06, 64.66);
insert into SHOT values (903, 942, 943, 828, 9.560, 138.10, 27.00, 10.085, 140.47, 33.05, 1.214, 239.74, 72.86);
insert into SHOT values (904, 943, 921, 828, 9.400, 226.60, -12.00, 9.570, 224.02, -3.23, 1.519, 175.83, 68.62);
insert into SHOT values (905, 917, 944, 828, 4.500, 346.60, -26.00, 4.495, 346.55, -25.99, 0.006, 209.29, 27.81);
insert into SHOT values (906, 944, 945, 828, 16.000, 144.60, 19.00, 16.003, 144.58, 19.00, 0.006, 79.83, 8.73);
insert into SHOT values (907, 946, 947, 828, 6.200, 194.60, 45.00, 6.196, 194.67, 44.98, 0.007, 296.46, -35.33);
insert into SHOT values (908, 911, 947, 828, 4.000, 284.60, -12.50, 4.070, 283.40, -15.24, 0.221, 208.85, -67.48);
insert into SHOT values (909, 947, 948, 828, 2.950, 334.60, -10.00, 2.898, 333.98, -12.76, 0.153, 175.75, -56.51);
insert into SHOT values (910, 948, 949, 828, 5.000, 254.60, -20.00, 5.169, 253.58, -22.52, 0.293, 206.23, -67.14);
insert into SHOT values (911, 949, 950, 828, 5.100, 259.60, 7.00, 5.115, 258.47, 3.92, 0.292, 191.33, -68.30);
insert into SHOT values (912, 950, 899, 828, 13.000, 161.20, 4.00, 13.169, 162.31, -1.78, 1.355, 214.29, -76.37);
insert into CENTRELINE values (829, 824, NULL, NULL, NULL, 323.61, 0.00, 0.00);
 insert into SHOT values (913, 922, 939, 829, 15.830, 162.73, 31.70, 15.756, 156.58, 33.04, 1.480, 59.37, 10.58);
insert into SHOT values (914, 939, 951, 829, 11.840, 158.43, 26.50, 11.468, 155.69, 29.46, 0.862, 15.91, 24.48);
insert into SHOT values (915, 951, 952, 829, 8.660, 64.33, 6.50, 8.901, 59.00, 5.87, 0.852, 348.78, -4.73);
insert into SHOT values (916, 952, 953, 829, 12.300, 165.53, 26.00, 11.906, 163.52, 29.15, 0.861, 14.36, 28.28);
insert into SHOT values (917, 953, 954, 829, 15.140, 49.63, -1.62, 15.559, 42.42, -1.88, 1.976, 328.19, -2.38);
insert into SHOT values (918, 954, 955, 829, 6.450, 89.43, 2.00, 6.564, 85.80, 4.11, 0.490, 11.44, 29.97);
insert into SHOT values (919, 955, 956, 829, 16.760, 144.13, 31.80, 16.582, 142.89, 35.84, 1.227, 344.01, 45.73);
insert into SHOT values (920, 956, 957, 829, 4.350, 56.63, -23.70, 4.381, 54.10, -23.26, 0.183, 338.53, 5.80);
insert into SHOT values (921, 957, 958, 829, 7.650, 92.23, -43.30, 7.539, 89.58, -44.03, 0.294, 330.86, 1.27);
insert into SHOT values (922, 958, 959, 829, 14.760, 104.13, -22.90, 14.620, 99.81, -23.71, 1.049, 0.27, -7.48);
insert into SHOT values (923, 959, 960, 829, 14.610, 49.23, -21.30, 14.739, 44.06, -20.04, 1.286, 327.38, 11.53);
insert into SHOT values (924, 960, 961, 829, 13.750, 87.83, 7.10, 13.821, 81.72, 8.11, 1.478, 356.27, 9.75);
insert into SHOT values (925, 961, 962, 829, 8.910, 49.23, -36.80, 8.889, 48.11, -36.20, 0.170, 334.20, 30.92);
insert into SHOT values (926, 962, 963, 829, 15.860, 36.63, -18.70, 15.886, 34.74, -17.36, 0.622, 321.33, 33.65);
insert into SHOT values (927, 963, 964, 829, 10.260, 20.63, 9.30, 10.326, 19.47, 9.93, 0.244, 302.73, 29.98);
insert into SHOT values (928, 964, 965, 829, 9.710, 299.83, -5.70, 9.788, 300.43, -4.81, 0.199, 347.99, 46.62);
insert into SHOT values (929, 965, 966, 829, 4.900, 354.13, -10.50, 4.975, 353.67, -9.95, 0.097, 328.44, 19.97);
insert into SHOT values (930, 966, 967, 829, 14.290, 299.83, 0.60, 14.385, 300.65, 1.63, 0.343, 6.60, 49.41);
insert into SHOT values (931, 967, 968, 829, 8.480, 252.53, -1.80, 8.514, 253.69, -1.14, 0.201, 331.12, 28.70);
insert into SHOT values (932, 968, 969, 829, 16.900, 14.63, -7.20, 16.907, 14.64, -7.17, 0.012, 31.82, 44.30);
insert into SHOT values (933, 969, 970, 829, 18.220, 4.63, -0.90, 18.212, 4.63, -0.91, 0.009, 189.44, -24.54);
insert into SHOT values (934, 970, 971, 829, 24.950, 46.43, -19.70, 24.950, 46.43, -19.70, 0.001, 16.78, 34.78);
insert into SHOT values (935, 971, 972, 829, 10.800, 144.73, -8.60, 10.796, 144.69, -8.63, 0.011, 26.14, -27.41);
insert into SHOT values (936, 972, 973, 829, 15.000, 23.13, 0.00, 14.995, 23.13, 0.00, 0.005, 216.13, 0.00);
insert into SHOT values (937, 968, 974, 829, 23.230, 143.53, 3.20, 23.149, 143.43, 5.03, 0.747, 340.99, 79.19);
insert into CENTRELINE values (830, 824, NULL, '2020-02-12', NULL, 222.12, 0.00, 0.00);
 insert into SHOT values (938, 938, 975, 830, 9.860, 155.70, 22.30, 10.120, 159.04, 21.87, 0.604, 220.87, 2.71);
insert into SHOT values (939, 975, 976, 830, 10.470, 143.50, -9.60, 10.666, 147.85, -8.08, 0.863, 219.07, 16.58);
insert into SHOT values (940, 976, 977, 830, 9.330, 108.00, 3.40, 9.345, 112.79, 4.36, 0.795, 200.09, 11.36);
insert into SHOT values (941, 977, 978, 830, 7.040, 144.20, 19.30, 7.241, 147.31, 19.36, 0.418, 208.60, 10.09);
insert into SHOT values (942, 978, 979, 830, 9.490, 353.20, 8.50, 9.210, 350.74, 10.07, 0.548, 223.28, 22.20);
insert into SHOT values (943, 979, 980, 830, 8.860, 2.60, -8.30, 8.523, 1.02, -7.96, 0.415, 217.84, 13.80);
insert into SHOT values (944, 980, 981, 830, 8.280, 16.60, 33.40, 8.039, 16.19, 36.57, 0.514, 202.34, 26.82);
insert into SHOT values (945, 979, 982, 830, 4.960, 322.80, -10.40, 4.955, 322.75, -10.35, 0.008, 182.38, 43.20);
insert into SHOT values (946, 982, 983, 830, 4.640, 63.00, 8.10, 4.648, 62.99, 8.04, 0.009, 58.94, -24.55);
insert into SHOT values (947, 983, 984, 830, 3.930, 86.00, -4.70, 3.922, 86.04, -4.68, 0.008, 244.55, 14.15);
insert into SHOT values (948, 984, 985, 830, 2.600, 123.40, 27.30, 2.599, 123.35, 27.25, 0.003, 32.34, -50.63);
insert into SHOT values (949, 985, 986, 830, 6.230, 131.00, 24.60, 6.238, 131.00, 24.63, 0.009, 130.10, 46.86);
insert into SHOT values (950, 955, 987, 830, 10.070, 109.20, -45.40, 10.079, 107.59, -41.82, 0.662, 83.50, 42.83);
insert into SHOT values (951, 988, 989, 830, 4.800, 183.20, 48.10, 4.460, 184.04, 48.11, 0.344, 352.29, -47.36);
insert into SHOT values (952, 989, 990, 830, 2.510, 146.40, 29.60, 2.185, 145.81, 28.42, 0.329, 330.69, -37.42);
insert into SHOT values (953, 990, 987, 830, 6.800, 252.80, 65.20, 6.578, 254.95, 63.95, 0.287, 325.08, -66.53);
insert into SHOT values (954, 987, 981, 830, 3.090, 255.20, 7.80, 2.868, 257.82, 7.41, 0.261, 44.62, -10.91);
insert into SHOT values (955, 934, 991, 830, 4.130, 69.60, 3.20, 4.155, 72.18, 3.04, 0.188, 153.07, -3.21);
insert into SHOT values (956, 991, 992, 830, 6.290, 94.70, 20.60, 6.416, 97.23, 19.77, 0.307, 156.30, -8.08);
insert into SHOT values (957, 992, 993, 830, 1.110, 178.50, 6.30, 1.368, 177.05, 5.45, 0.260, 170.93, 1.80);
insert into SHOT values (958, 993, 994, 830, 8.050, 107.50, 9.30, 8.112, 108.23, 8.51, 0.164, 160.37, -38.02);
insert into SHOT values (959, 994, 995, 830, 6.270, 105.30, 0.90, 6.343, 105.92, 0.36, 0.117, 148.43, -30.07);
insert into SHOT values (960, 995, 996, 830, 4.330, 45.60, -44.10, 4.360, 46.44, -44.58, 0.065, 141.43, -45.63);
insert into SHOT values (961, 996, 997, 830, 2.640, 87.20, 56.40, 2.627, 88.45, 55.70, 0.048, 146.53, -37.48);
insert into SHOT values (962, 997, 998, 830, 6.140, 1.20, -1.90, 6.069, 1.80, -2.46, 0.113, 140.61, -30.08);
insert into SHOT values (963, 998, 999, 830, 6.120, 351.90, -27.70, 6.070, 352.34, -28.64, 0.120, 147.52, -33.05);
insert into SHOT values (964, 999, 1000, 830, 2.530, 14.20, 16.40, 2.454, 14.74, 16.09, 0.081, 176.27, -25.15);
insert into SHOT values (965, 1000, 1001, 830, 3.120, 28.80, 70.70, 3.058, 30.67, 70.92, 0.071, 163.11, -50.13);
insert into SHOT values (966, 1001, 1002, 830, 3.540, 309.50, 13.30, 3.444, 309.19, 13.09, 0.098, 140.63, -20.47);
insert into SHOT values (967, 1002, 1003, 830, 7.340, 82.00, 33.40, 7.355, 82.86, 32.58, 0.142, 135.44, -34.60);
insert into SHOT values (968, 933, 1004, 830, 5.180, 19.80, -2.60, 5.385, 18.47, -4.79, 0.313, 346.63, -43.41);
insert into SHOT values (969, 1004, 1005, 830, 4.180, 346.10, 15.90, 4.354, 345.93, 13.28, 0.261, 342.86, -33.74);
insert into SHOT values (970, 1005, 1006, 830, 10.610, 147.90, 12.40, 10.342, 146.92, 9.35, 0.643, 15.42, -68.43);
insert into SHOT values (971, 1006, 988, 830, 1.340, 86.20, -12.70, 1.339, 82.87, -15.59, 0.101, 341.63, -40.26);
insert into SHOT values (972, 940, 1007, 830, 10.880, 66.90, 27.60, 11.041, 68.94, 30.48, 0.667, 178.20, 56.98);
insert into SHOT values (973, 1007, 954, 830, 15.360, 128.20, 25.50, 15.611, 128.93, 28.63, 0.899, 261.02, 74.64);
insert into CENTRELINE values (831, 824, NULL, NULL, NULL, 470.53, 0.00, 0.00);
 insert into SHOT values (974, 907, 1008, 831, 3.780, 249.63, 17.00, 3.780, 249.61, 16.92, 0.006, 211.60, -66.67);
insert into SHOT values (975, 1008, 1009, 831, 3.550, 329.43, 15.10, 3.554, 329.32, 15.17, 0.009, 260.86, 36.40);
insert into SHOT values (976, 1009, 1010, 831, 6.220, 128.63, 24.40, 6.226, 128.63, 24.38, 0.006, 124.69, 4.50);
insert into SHOT values (977, 1010, 1011, 831, 6.280, 148.93, -13.10, 6.271, 148.94, -13.18, 0.013, 325.07, -30.54);
insert into SHOT values (978, 1011, 1012, 831, 6.790, 144.43, -4.70, 6.796, 144.43, -4.64, 0.009, 144.68, 44.02);
insert into SHOT values (979, 1012, 1013, 831, 7.340, 126.33, -83.80, 7.343, 126.29, -83.79, 0.003, 103.65, -63.91);
insert into SHOT values (980, 1013, 1014, 831, 11.860, 152.23, -3.90, 11.859, 152.24, -3.92, 0.004, 269.38, -52.26);
insert into SHOT values (981, 1014, 1015, 831, 6.420, 122.03, 46.50, 6.423, 121.96, 46.51, 0.006, 42.27, 30.00);
insert into SHOT values (982, 1015, 1016, 831, 19.340, 151.83, 23.10, 19.348, 151.84, 23.10, 0.008, 161.03, 15.69);
insert into SHOT values (983, 1016, 1017, 831, 6.920, 140.23, 58.80, 6.918, 140.21, 58.85, 0.006, 330.45, 8.05);
insert into SHOT values (984, 1017, 1018, 831, 14.080, 154.43, 5.90, 14.074, 154.44, 5.87, 0.009, 312.40, -51.12);
insert into SHOT values (985, 1018, 1019, 831, 18.040, 154.63, -2.20, 18.044, 154.61, -2.19, 0.008, 101.73, 19.45);
insert into SHOT values (986, 1019, 1020, 831, 4.240, 163.63, 26.90, 4.241, 163.72, 26.92, 0.006, 249.99, 15.90);
insert into SHOT values (987, 1020, 1021, 831, 8.140, 153.63, -67.20, 8.147, 153.68, -67.20, 0.007, 193.93, -57.09);
insert into SHOT values (988, 1021, 1022, 831, 7.920, 174.63, 7.30, 7.920, 174.59, 7.33, 0.006, 75.22, 34.41);
insert into SHOT values (989, 1022, 1023, 831, 6.470, 156.83, -46.40, 6.463, 156.89, -46.39, 0.008, 290.72, 43.19);
insert into SHOT values (990, 1023, 1024, 831, 1.270, 108.13, 11.30, 1.275, 108.15, 10.85, 0.011, 110.49, -52.05);
insert into SHOT values (991, 1024, 1025, 831, 12.090, 154.63, -54.40, 12.089, 154.67, -54.40, 0.005, 261.96, 4.25);
insert into SHOT values (992, 1025, 1026, 831, 5.050, 53.93, -6.20, 5.053, 53.91, -6.13, 0.007, 23.27, 49.27);
insert into SHOT values (993, 1026, 1027, 831, 12.290, 25.53, -8.30, 12.287, 25.53, -8.33, 0.007, 206.57, -55.48);
insert into SHOT values (994, 1026, 1028, 831, 6.330, 139.43, 18.50, 6.328, 139.46, 18.52, 0.004, 270.61, 20.38);
insert into SHOT values (995, 1028, 1029, 831, 5.800, 170.13, 32.30, 5.800, 170.13, 32.31, 0.001, 268.08, 79.56);
insert into SHOT values (996, 1013, 1030, 831, 15.080, 326.13, -9.40, 15.076, 326.13, -9.39, 0.004, 165.52, 41.53);
insert into SHOT values (997, 1030, 1031, 831, 14.060, 312.63, 3.20, 14.063, 312.63, 3.18, 0.006, 316.00, -59.09);
insert into SHOT values (998, 1031, 1032, 831, 6.080, 302.73, 39.80, 6.081, 302.77, 39.77, 0.005, 351.89, -23.68);
insert into SHOT values (999, 1032, 1033, 831, 11.360, 327.33, -14.10, 11.358, 327.31, -14.12, 0.006, 211.65, -23.60);
insert into SHOT values (1000, 1033, 1034, 831, 7.000, 318.33, 12.90, 7.000, 318.39, 12.96, 0.010, 65.18, 46.76);
insert into SHOT values (1001, 1034, 1035, 831, 19.100, 327.53, -10.00, 19.102, 327.53, -10.01, 0.004, 274.73, -52.82);
insert into SHOT values (1002, 1035, 1036, 831, 8.220, 315.23, 17.20, 8.216, 315.21, 17.20, 0.005, 181.24, -8.24);
insert into SHOT values (1003, 1036, 1037, 831, 8.360, 308.23, 18.10, 8.361, 308.25, 18.12, 0.004, 38.08, 42.18);
insert into SHOT values (1004, 1037, 1038, 831, 5.450, 179.33, 22.40, 5.453, 179.32, 22.42, 0.004, 140.17, 57.22);
insert into SHOT values (1005, 878, 1039, 831, 12.620, 102.53, -31.50, 12.578, 102.71, -31.06, 0.110, 170.18, 71.10);
insert into SHOT values (1006, 1039, 1040, 831, 12.470, 245.43, -35.50, 12.474, 245.46, -34.69, 0.176, 248.02, 53.50);
insert into SHOT values (1007, 1040, 1041, 831, 4.380, 293.33, -7.80, 4.386, 293.15, -7.34, 0.039, 240.46, 62.79);
insert into SHOT values (1008, 1041, 1042, 831, 7.110, 203.33, 6.20, 7.128, 203.56, 6.61, 0.060, 270.69, 59.72);
insert into SHOT values (1009, 1042, 1043, 831, 13.410, 301.43, 10.50, 13.436, 301.06, 11.20, 0.187, 207.39, 62.71);
insert into SHOT values (1010, 1043, 1044, 831, 5.870, 214.53, -43.30, 5.859, 214.58, -42.79, 0.053, 221.49, 58.88);
insert into SHOT values (1011, 1044, 1045, 831, 12.890, 160.03, 15.50, 12.884, 160.03, 15.49, 0.007, 339.82, -44.32);
insert into SHOT values (1012, 1044, 1046, 831, 7.910, 260.63, -65.20, 7.884, 260.59, -64.73, 0.069, 257.87, 46.80);
insert into SHOT values (1013, 1046, 1047, 831, 5.610, 259.03, -15.20, 5.625, 258.98, -14.73, 0.049, 248.24, 56.49);
insert into SHOT values (1014, 1047, 1048, 831, 5.420, 186.23, 9.70, 5.437, 186.43, 10.06, 0.043, 245.61, 59.18);
insert into SHOT values (1015, 1048, 1049, 831, 15.610, 291.63, -30.10, 15.614, 291.33, -29.17, 0.264, 262.72, 56.01);
insert into SHOT values (1016, 1049, 1050, 831, 5.810, 264.03, 7.10, 5.842, 263.95, 7.48, 0.050, 247.65, 56.34);
insert into SHOT values (1017, 1050, 1051, 831, 2.510, 325.73, 7.30, 2.519, 325.61, 7.76, 0.023, 287.00, 67.89);
insert into SHOT values (1018, 1051, 1052, 831, 7.200, 227.53, 22.90, 7.239, 227.68, 23.19, 0.056, 266.03, 60.35);
insert into SHOT values (1019, 1052, 1053, 831, 7.220, 227.33, 2.30, 7.178, 229.47, 2.63, 0.275, 327.63, 8.43);
insert into SHOT values (1020, 1053, 1054, 831, 6.890, 228.23, -26.10, 6.848, 230.21, -25.98, 0.217, 327.62, 8.26);
insert into SHOT values (1021, 1054, 1055, 831, 2.680, 303.63, 14.60, 2.860, 304.26, 14.37, 0.183, 313.40, 10.85);
insert into SHOT values (1022, 1055, 1056, 831, 6.270, 21.93, 12.50, 6.394, 20.44, 12.46, 0.203, 328.20, 6.48);
insert into SHOT values (1023, 1056, 1057, 831, 8.320, 58.73, 52.50, 8.348, 56.94, 52.70, 0.163, 325.77, 13.91);
insert into SHOT values (1024, 1057, 1058, 831, 4.490, 138.73, 3.70, 4.303, 138.40, 4.00, 0.190, 326.29, 3.09);
insert into SHOT values (1025, 1058, 1052, 831, 7.290, 64.63, -60.50, 7.306, 62.86, -60.52, 0.112, 336.85, -7.75);
insert into SHOT values (1026, 1058, 1059, 831, 3.980, 248.83, 48.30, 4.029, 248.99, 48.34, 0.050, 262.72, 50.83);
insert into SHOT values (1027, 1059, 1060, 831, 8.430, 130.83, 34.00, 8.449, 131.04, 34.53, 0.085, 269.43, 63.51);
insert into SHOT values (1028, 1060, 1061, 831, 2.960, 319.83, 50.20, 2.996, 319.46, 50.45, 0.040, 276.78, 63.38);
insert into SHOT values (1029, 1061, 1062, 831, 2.570, 135.63, 16.60, 2.566, 135.83, 16.99, 0.020, 273.04, 52.27);
insert into SHOT values (1030, 1062, 1063, 831, 4.010, 54.03, 65.20, 4.031, 54.02, 65.56, 0.033, 235.17, 65.16);
insert into SHOT values (1031, 1063, 847, 831, 11.670, 152.43, 14.20, 11.680, 152.80, 14.88, 0.157, 261.72, 60.85);
insert into CENTRELINE values (832, 824, NULL, '2020-02-22', NULL, 456.03, 0.00, 0.00);
 insert into SHOT values (1032, 1003, 1064, 832, 10.830, 50.49, -31.40, 10.854, 51.81, -32.18, 0.259, 156.38, -32.12);
insert into SHOT values (1033, 1064, 1065, 832, 9.600, 81.29, 18.00, 9.606, 81.31, 18.01, 0.006, 111.05, 32.43);
insert into SHOT values (1034, 1065, 1066, 832, 4.370, 121.99, 26.00, 4.366, 121.99, 25.94, 0.006, 313.14, -74.96);
insert into SHOT values (1035, 1066, 1067, 832, 12.190, 28.49, -1.60, 12.189, 28.48, -1.60, 0.003, 284.13, 6.28);
insert into SHOT values (1036, 1067, 1068, 832, 3.340, 40.59, 31.30, 3.340, 40.73, 31.40, 0.009, 157.14, 32.08);
insert into SHOT values (1037, 1068, 1069, 832, 10.280, 308.49, -1.40, 10.287, 308.49, -1.45, 0.011, 296.56, -50.38);
insert into SHOT values (1038, 1069, 1070, 832, 5.290, 330.79, -13.00, 5.288, 330.85, -13.00, 0.005, 80.53, -0.10);
insert into SHOT values (1039, 1070, 1071, 832, 13.900, 301.59, -5.40, 13.902, 301.59, -5.37, 0.009, 272.23, 70.89);
insert into SHOT values (1040, 1071, 1072, 832, 8.800, 229.89, 10.90, 8.802, 229.88, 10.87, 0.005, 191.86, -50.08);
insert into SHOT values (1041, 1072, 1073, 832, 3.540, 5.89, -68.50, 3.537, 6.19, -68.48, 0.008, 94.69, 28.45);
insert into SHOT values (1042, 1073, 1074, 832, 4.920, 92.49, -7.70, 4.919, 92.47, -7.71, 0.003, 334.97, -18.13);
insert into SHOT values (1043, 1074, 1075, 832, 17.660, 86.09, -19.90, 17.653, 86.10, -19.90, 0.007, 260.98, 8.94);
insert into SHOT values (1044, 1075, 1076, 832, 11.200, 79.89, -17.80, 11.203, 79.90, -17.83, 0.007, 125.63, -72.47);
insert into SHOT values (1045, 1076, 1077, 832, 1.260, 73.89, -10.20, 1.260, 73.61, -10.06, 0.007, 346.70, 26.95);
insert into SHOT values (1046, 1077, 1078, 832, 22.790, 104.59, 15.10, 22.799, 104.60, 15.10, 0.009, 130.56, 19.07);
insert into SHOT values (1047, 1078, 1079, 832, 8.430, 308.59, 72.00, 8.425, 308.63, 71.94, 0.010, 321.54, -49.28);
insert into SHOT values (1048, 1077, 1080, 832, 4.080, 31.69, -17.50, 4.083, 31.77, -17.53, 0.006, 98.60, -28.69);
insert into SHOT values (1049, 1080, 1081, 832, 4.190, 89.19, -22.50, 4.188, 89.26, -22.46, 0.006, 188.61, 37.49);
insert into SHOT values (1050, 969, 1082, 832, 17.000, 314.59, -16.00, 17.001, 314.58, -16.01, 0.006, 227.54, -42.91);
insert into SHOT values (1051, 1064, 1083, 832, 6.860, 252.59, 10.10, 6.820, 251.54, 9.54, 0.147, 149.57, -29.85);
insert into SHOT values (1052, 1083, 1084, 832, 5.710, 292.29, -16.10, 5.644, 291.72, -16.79, 0.109, 145.43, -25.26);
insert into SHOT values (1053, 1084, 1085, 832, 7.220, 334.59, -17.50, 7.153, 334.79, -18.42, 0.136, 141.22, -40.93);
insert into SHOT values (1054, 1085, 1086, 832, 7.540, 61.49, -0.70, 7.556, 62.65, -1.36, 0.177, 146.58, -29.78);
insert into SHOT values (1055, 1086, 1087, 832, 3.870, 40.19, 7.50, 3.836, 41.06, 7.19, 0.070, 158.68, -21.05);
insert into SHOT values (1056, 1087, 1088, 832, 6.810, 73.99, 21.50, 6.812, 74.98, 20.81, 0.137, 148.51, -33.68);
insert into SHOT values (1057, 1088, 974, 832, 8.890, 112.49, 49.20, 8.909, 112.96, 47.90, 0.209, 128.96, -34.97);
insert into SHOT values (1058, 1069, 1089, 832, 5.760, 62.09, 26.90, 5.761, 62.14, 26.94, 0.006, 172.27, 43.87);
insert into SHOT values (1059, 1089, 1090, 832, 11.680, 79.89, -1.20, 11.684, 79.89, -1.18, 0.006, 74.91, 50.01);
insert into SHOT values (1060, 1090, 1091, 832, 4.650, 41.49, -30.50, 4.647, 41.46, -30.52, 0.005, 257.38, 0.66);
insert into SHOT values (1061, 1091, 1092, 832, 4.700, 99.49, -78.00, 4.704, 99.37, -77.94, 0.007, 79.18, -23.21);
insert into SHOT values (1062, 961, 1093, 832, 5.240, 48.59, 13.70, 5.243, 48.58, 13.68, 0.003, 28.42, -17.21);
insert into SHOT values (1063, 1093, 1094, 832, 4.970, 106.99, 10.10, 4.970, 106.99, 10.08, 0.002, 81.82, -66.56);
insert into SHOT values (1064, 1094, 1095, 832, 5.270, 111.19, -10.90, 5.266, 111.20, -10.95, 0.006, 280.34, -34.88);
insert into SHOT values (1065, 1095, 1096, 832, 13.550, 69.79, -26.40, 13.547, 69.80, -26.38, 0.005, 179.08, 67.44);
insert into SHOT values (1066, 1096, 1097, 832, 6.550, 58.09, -10.70, 6.547, 58.09, -10.74, 0.006, 246.29, -43.59);
insert into SHOT values (1067, 1097, 1098, 832, 11.700, 24.29, -0.50, 11.709, 24.31, -0.49, 0.009, 45.17, 12.83);
insert into SHOT values (1068, 960, 1099, 832, 4.660, 232.09, 4.60, 4.600, 233.78, 4.49, 0.149, 346.31, -5.30);
insert into SHOT values (1069, 1099, 1100, 832, 8.140, 242.09, -16.30, 8.124, 244.42, -16.67, 0.322, 338.69, -8.11);
insert into SHOT values (1070, 1100, 1101, 832, 18.520, 277.49, -4.40, 18.658, 281.79, -4.80, 1.403, 4.42, -5.69);
insert into SHOT values (1071, 1101, 1102, 832, 4.430, 247.69, -18.10, 4.420, 249.49, -18.33, 0.133, 345.02, -5.90);
insert into SHOT values (1072, 1102, 1103, 832, 3.920, 182.39, -41.90, 3.802, 183.10, -43.14, 0.149, 349.04, 6.90);
insert into SHOT values (1073, 1103, 1104, 832, 3.570, 298.49, 5.20, 3.571, 298.37, 5.14, 0.009, 221.18, -23.60);
insert into SHOT values (1074, 1103, 1105, 832, 5.650, 122.99, -40.70, 5.557, 121.96, -41.88, 0.167, 329.90, -8.84);
insert into SHOT values (1075, 1105, 1106, 832, 7.080, 95.89, -9.90, 7.008, 93.83, -10.28, 0.265, 347.31, -7.11);
insert into SHOT values (1076, 1106, 993, 832, 2.860, 58.59, 10.80, 2.897, 57.04, 10.54, 0.087, 354.84, -3.91);
insert into SHOT values (1077, 961, 1107, 832, 17.380, 239.79, 18.10, 17.296, 244.33, 19.10, 1.338, 339.80, 11.23);
insert into SHOT values (1078, 1107, 1108, 832, 7.410, 265.49, 50.60, 7.382, 267.78, 50.92, 0.193, 11.58, 1.20);
insert into SHOT values (1079, 1108, 1109, 832, 9.760, 239.79, -26.70, 9.642, 242.39, -27.62, 0.436, 355.37, -11.18);
insert into SHOT values (1080, 1109, 1110, 832, 5.600, 104.69, -42.50, 5.573, 102.41, -42.70, 0.167, 2.15, 1.13);
insert into SHOT values (1081, 1110, 960, 832, 14.540, 45.79, -21.60, 14.733, 42.89, -20.21, 0.802, 338.25, 19.10);
insert into SHOT values (1082, 877, 1111, 832, 8.840, 264.99, -4.60, 8.832, 264.98, -4.61, 0.008, 98.19, -7.42);
insert into SHOT values (1083, 1111, 1112, 832, 4.790, 24.69, 26.40, 4.791, 24.65, 26.40, 0.003, 307.84, 3.64);
insert into SHOT values (1084, 1112, 1113, 832, 7.920, 36.29, 14.30, 7.915, 36.30, 14.34, 0.007, 206.75, 30.82);
insert into SHOT values (1085, 1113, 1114, 832, 6.930, 69.99, -31.30, 6.936, 69.98, -31.27, 0.007, 54.59, 2.11);
insert into SHOT values (1086, 1114, 1115, 832, 3.310, 100.39, -34.80, 3.308, 100.40, -34.85, 0.004, 276.41, -15.33);
insert into SHOT values (1087, 1115, 1116, 832, 6.590, 59.59, -37.70, 6.592, 59.60, -37.68, 0.003, 71.38, -0.67);
insert into SHOT values (1088, 1116, 1117, 832, 2.890, 192.09, 17.20, 2.889, 192.12, 17.11, 0.005, 251.57, -70.23);
insert into SHOT values (1089, 1117, 1118, 832, 6.600, 246.19, -66.10, 6.598, 246.21, -66.06, 0.005, 258.90, 48.28);
insert into SURVEY values (834, 789, 'ChattiereQuiBuffle', 'ChattiereQuiBuffle.107.UltimaPatagonia', 'Chattiere qui buffle');
 insert into CENTRELINE values (835, 834, NULL, NULL, NULL, 0.00, 0.00, 0.00);
 insert into CENTRELINE values (836, 834, NULL, '2020-02-01', NULL, 247.11, 0.00, 0.00);
 insert into SHOT values (1090, 1119, 1120, 836, 4.100, 130.60, -23.00, 4.105, 130.60, -22.94, 0.006, 131.66, 18.58);
insert into SHOT values (1091, 1120, 1121, 836, 2.650, 162.60, -1.00, 2.641, 162.59, -1.08, 0.009, 344.25, -23.39);
insert into SHOT values (1092, 1121, 1122, 836, 4.360, 30.60, 22.00, 4.364, 30.62, 22.07, 0.007, 79.28, 71.47);
insert into SHOT values (1093, 1122, 1123, 836, 1.820, 108.60, 43.00, 1.819, 108.84, 42.97, 0.006, 195.80, -12.31);
insert into SHOT values (1094, 1123, 1124, 836, 1.720, 320.60, 0.00, 1.720, 320.66, 0.00, 0.002, 62.58, 0.00);
insert into SHOT values (1095, 1124, 1125, 836, 2.780, 14.60, -3.00, 2.784, 14.59, -3.09, 0.006, 3.72, -52.50);
insert into SHOT values (1096, 1125, 1126, 836, 4.850, 75.60, -2.00, 4.844, 75.65, -2.01, 0.007, 221.17, -5.82);
insert into SHOT values (1097, 1126, 1127, 836, 4.780, 40.60, -63.00, 4.781, 40.52, -63.00, 0.003, 316.23, -17.14);
insert into SHOT values (1098, 1127, 1128, 836, 7.510, 122.60, -19.00, 7.509, 122.64, -18.96, 0.007, 206.49, 46.17);
insert into SHOT values (1099, 1128, 1129, 836, 4.100, 182.60, -45.00, 4.096, 182.58, -45.07, 0.006, 13.65, -7.75);
insert into SHOT values (1100, 1129, 1130, 836, 0.690, 222.60, 0.00, 0.687, 222.05, 0.00, 0.007, 106.53, 0.00);
insert into SHOT values (1101, 1130, 1131, 836, 6.110, 136.60, -1.00, 6.106, 136.66, -1.03, 0.008, 259.92, -23.86);
insert into SHOT values (1102, 1131, 1132, 836, 6.550, 144.60, -4.00, 6.556, 144.58, -4.02, 0.007, 128.72, -26.15);
insert into SHOT values (1103, 1132, 1133, 836, 2.640, 77.60, 3.00, 2.636, 77.49, 3.04, 0.006, 308.35, 16.42);
insert into SHOT values (1104, 1133, 1134, 836, 3.060, 113.60, -57.00, 3.057, 113.65, -56.88, 0.007, 135.00, 58.07);
insert into SHOT values (1105, 1134, 1135, 836, 5.420, 269.60, -35.00, 5.421, 269.61, -35.01, 0.002, 343.44, -48.70);
insert into SHOT values (1106, 1135, 1136, 836, 5.420, 169.60, -33.00, 5.418, 169.60, -32.99, 0.002, 326.86, 60.74);
insert into SHOT values (1107, 1136, 1137, 836, 5.190, 117.60, -52.00, 5.189, 117.61, -52.02, 0.002, 281.56, -7.45);
insert into SHOT values (1108, 1137, 1138, 836, 4.610, 102.60, -28.00, 4.620, 102.60, -28.02, 0.010, 105.36, -35.92);
insert into SHOT values (1109, 1138, 1139, 836, 4.060, 120.60, -40.00, 4.054, 120.62, -40.07, 0.008, 294.27, -2.09);
insert into SHOT values (1110, 1139, 1140, 836, 5.590, 144.60, -80.00, 5.585, 144.67, -80.01, 0.006, 298.15, 62.70);
insert into SHOT values (1111, 1140, 1141, 836, 7.510, 181.60, -20.00, 7.516, 181.54, -20.00, 0.009, 128.95, -9.02);
insert into SHOT values (1112, 1140, 1142, 836, 5.450, 303.60, -6.00, 5.447, 303.63, -6.01, 0.005, 82.93, -3.97);
insert into SHOT values (1113, 1142, 1143, 836, 8.540, 184.60, -26.00, 8.542, 184.63, -26.04, 0.008, 282.39, -54.07);
insert into SHOT values (1114, 1144, 1140, 836, 3.130, 146.80, -4.00, 3.123, 146.92, -4.04, 0.010, 285.43, -9.37);
insert into SHOT values (1115, 1145, 1144, 836, 4.110, 126.00, 34.80, 4.122, 125.99, 34.76, 0.012, 123.18, 20.81);
insert into SHOT values (1116, 1146, 1145, 836, 1.390, 55.80, 26.00, 1.392, 55.42, 25.99, 0.008, 337.07, 4.50);
insert into SHOT values (1117, 1147, 1140, 836, 5.370, 9.40, 22.90, 5.369, 9.31, 22.91, 0.008, 267.49, 2.93);
insert into SHOT values (1118, 1148, 1140, 836, 4.380, 139.40, -43.60, 4.379, 139.48, -43.61, 0.005, 247.89, 6.73);
insert into SHOT values (1119, 1149, 1148, 836, 6.610, 184.90, -12.90, 6.609, 184.90, -12.85, 0.006, 139.81, 85.09);
insert into SHOT values (1120, 1150, 1149, 836, 8.230, 125.60, 13.10, 8.227, 125.55, 13.07, 0.008, 20.49, -39.11);
insert into SHOT values (1121, 1151, 1150, 836, 1.960, 178.30, -13.30, 1.963, 178.50, -13.25, 0.007, 242.68, 6.89);
insert into SHOT values (1122, 1152, 1151, 836, 2.830, 96.00, 16.90, 2.836, 95.92, 16.81, 0.008, 66.79, -19.31);
insert into SHOT values (1123, 1153, 1152, 836, 8.830, 358.40, 24.80, 8.830, 358.36, 24.84, 0.009, 247.45, 43.19);
insert into SHOT values (1124, 1154, 1148, 836, 10.220, 275.00, -38.30, 10.218, 275.01, -38.28, 0.004, 354.37, 76.02);
insert into SHOT values (1125, 1155, 1154, 836, 5.160, 295.50, -37.90, 5.163, 295.43, -37.88, 0.006, 239.86, -2.88);
insert into SHOT values (1126, 1156, 1155, 836, 5.060, 38.30, -15.30, 5.064, 38.35, -15.34, 0.007, 92.77, -43.28);
insert into SHOT values (1127, 1157, 1156, 836, 5.100, 292.90, -9.50, 5.097, 292.94, -9.48, 0.005, 53.19, 21.04);
insert into SHOT values (1128, 1158, 1157, 836, 4.280, 304.50, -7.50, 4.286, 304.55, -7.51, 0.007, 336.09, -10.67);
insert into SHOT values (1129, 1159, 1158, 836, 4.490, 18.10, 10.20, 4.490, 18.07, 10.26, 0.006, 262.56, 59.43);
insert into SHOT values (1130, 1160, 1159, 836, 10.160, 318.10, -14.10, 10.158, 318.09, -14.13, 0.007, 169.51, -47.89);
insert into SHOT values (1131, 1161, 1160, 836, 1.940, 257.90, 10.20, 1.944, 257.93, 10.37, 0.007, 274.54, 64.41);
insert into SHOT values (1132, 1162, 1161, 836, 5.400, 303.70, -28.00, 5.400, 303.79, -28.06, 0.009, 55.70, -30.88);
insert into SHOT values (1133, 1163, 1162, 836, 5.260, 319.40, -13.00, 5.261, 319.35, -12.96, 0.006, 253.36, 33.83);
insert into SHOT values (1134, 1164, 1163, 836, 5.380, 234.30, 3.40, 5.383, 234.24, 3.41, 0.006, 167.87, 8.57);
insert into SHOT values (1135, 1165, 1164, 836, 6.730, 297.40, 0.20, 6.727, 297.44, 0.17, 0.007, 59.68, -31.18);
insert into SHOT values (1136, 1166, 1165, 836, 4.630, 297.40, -29.70, 4.635, 297.33, -29.61, 0.010, 265.19, 22.83);
insert into SHOT values (1137, 1167, 1166, 836, 4.890, 292.40, -5.00, 4.888, 292.46, -5.05, 0.007, 46.16, -35.59);
insert into SHOT values (1138, 1168, 1167, 836, 12.060, 304.20, 11.70, 12.059, 304.16, 11.72, 0.009, 198.46, 28.01);
insert into SURVEY values (838, 789, 'BahiaBlanca', 'BahiaBlanca.107.UltimaPatagonia', 'Resurgence de la Bahia Blanca');
 insert into CENTRELINE values (839, 838, NULL, NULL, NULL, 0.00, 0.00, 0.00);
 insert into CENTRELINE values (840, 838, NULL, '2017-02-01', NULL, 444.00, 0.00, 0.00);
 insert into SHOT values (1139, 1169, 1170, 840, 6.000, 289.86, -34.52, 6.000, 289.86, -34.52, 0.001, 347.59, 0.00);
insert into SHOT values (1140, 1170, 1171, 840, 3.000, 239.86, -3.82, 3.000, 239.92, -3.82, 0.004, 335.03, 0.00);
insert into SHOT values (1141, 1171, 1172, 840, 3.000, 284.86, 11.54, 2.998, 284.79, 11.54, 0.004, 162.33, 0.00);
insert into SHOT values (1142, 1172, 1173, 840, 4.000, 214.86, 7.18, 4.004, 214.85, 7.17, 0.004, 209.73, 0.00);
insert into SHOT values (1143, 1173, 1174, 840, 5.000, 234.86, -24.83, 4.999, 234.87, -24.84, 0.002, 11.32, 0.00);
insert into SHOT values (1144, 1174, 1175, 840, 4.000, 4.86, -67.67, 4.002, 4.89, -67.59, 0.006, 13.70, -0.00);
insert into SHOT values (1145, 1175, 1176, 840, 5.000, 44.86, 0.00, 4.999, 44.92, 0.00, 0.006, 142.57, 0.00);
insert into SHOT values (1146, 1176, 1177, 840, 10.000, 284.86, 10.95, 10.001, 284.87, 10.95, 0.003, 354.11, 0.00);
insert into SHOT values (1147, 1177, 1178, 840, 4.000, 249.86, 33.37, 4.003, 249.89, 33.34, 0.004, 277.72, -0.00);
insert into SHOT values (1148, 1178, 1179, 840, 5.000, 254.86, 4.59, 5.001, 254.77, 4.59, 0.008, 173.68, -0.00);
insert into SHOT values (1149, 1179, 1180, 840, 3.000, 274.86, 7.66, 2.998, 275.02, 7.67, 0.009, 16.95, 0.00);
insert into SHOT values (1150, 1180, 1181, 840, 3.000, 339.86, -17.46, 2.995, 339.73, -17.49, 0.008, 213.16, 0.00);
insert into SHOT values (1151, 1181, 1182, 840, 8.000, 304.86, -7.90, 7.999, 304.87, -7.90, 0.003, 60.30, 0.00);
insert into SHOT values (1152, 1182, 1183, 840, 7.000, 344.86, -14.90, 7.001, 344.83, -14.90, 0.003, 277.02, 0.00);
insert into SHOT values (1153, 1183, 1184, 840, 5.000, 354.86, -21.10, 5.004, 354.84, -21.08, 0.004, 337.18, -0.00);
insert into SHOT values (1154, 1184, 1185, 840, 10.000, 359.86, -15.66, 10.001, 359.88, -15.66, 0.005, 71.77, 0.00);
insert into SHOT values (1155, 1185, 1186, 840, 13.000, 354.86, -23.58, 12.994, 354.84, -23.59, 0.007, 193.22, 0.00);
insert into SHOT values (1156, 1186, 1187, 840, 12.000, 344.86, -21.51, 12.004, 344.84, -21.50, 0.005, 317.36, 0.00);
insert into SHOT values (1157, 1187, 1188, 840, 4.000, 344.86, -8.63, 4.002, 344.91, -8.62, 0.004, 50.92, 0.00);
insert into SHOT values (1158, 1188, 1189, 840, 7.000, 324.86, -9.04, 6.998, 324.84, -9.04, 0.003, 191.17, 0.00);
insert into SHOT values (1159, 1189, 1190, 840, 7.000, 264.86, 13.21, 7.003, 264.87, 13.21, 0.003, 291.59, 0.00);
insert into SHOT values (1160, 1190, 1191, 840, 5.000, 264.86, 11.54, 4.991, 264.84, 11.56, 0.009, 94.29, 0.00);
insert into SHOT values (1161, 1191, 1192, 840, 7.000, 334.86, 0.00, 6.996, 334.79, 0.00, 0.009, 220.31, 0.00);
insert into SHOT values (1162, 1192, 1193, 840, 12.000, 334.86, 0.00, 12.007, 334.86, 0.00, 0.007, 351.17, 0.00);
insert into SHOT values (1163, 1193, 1194, 840, 16.000, 299.86, -6.46, 15.999, 299.84, -6.46, 0.005, 199.00, 0.00);
insert into SHOT values (1164, 1194, 1195, 840, 35.000, 339.86, 0.98, 35.005, 339.86, 0.98, 0.006, 18.71, 0.00);
insert into SHOT values (1165, 1195, 1196, 840, 15.000, 314.86, 13.89, 14.998, 314.86, 13.89, 0.003, 101.92, -0.00);
insert into SHOT values (1166, 1196, 1197, 840, 22.000, 259.86, -7.31, 22.001, 259.84, -7.31, 0.007, 180.58, 0.00);
insert into SHOT values (1167, 1197, 1198, 840, 11.000, 284.86, -6.26, 11.003, 284.89, -6.26, 0.007, 350.56, 0.00);
insert into SHOT values (1168, 1198, 1199, 840, 14.000, 344.86, -13.21, 13.994, 344.85, -13.22, 0.006, 172.40, 0.00);
insert into SHOT values (1169, 1199, 1200, 840, 13.000, 284.86, -11.09, 12.999, 284.85, -11.09, 0.001, 125.83, 0.00);
insert into SHOT values (1170, 1200, 1201, 840, 9.000, 339.86, -1.91, 9.006, 339.85, -1.91, 0.006, 337.54, 0.00);
insert into SHOT values (1171, 1201, 1202, 840, 16.000, 304.86, -0.36, 15.998, 304.84, -0.36, 0.004, 189.81, 0.00);
insert into SHOT values (1172, 1202, 1203, 840, 7.000, 234.86, 9.04, 6.998, 234.84, 9.04, 0.003, 101.17, 0.00);
insert into SHOT values (1173, 1203, 1204, 840, 6.000, 284.86, 1.91, 6.004, 284.87, 1.91, 0.005, 304.57, 0.00);
insert into SHOT values (1174, 1204, 1205, 840, 5.000, 334.86, 2.29, 4.996, 334.87, 2.29, 0.004, 132.09, 0.00);
insert into SHOT values (1175, 1205, 1206, 840, 15.000, 344.86, -2.67, 15.005, 344.88, -2.67, 0.008, 34.41, 0.00);
insert into SHOT values (1176, 1192, 1207, 840, 10.000, 89.86, 32.01, 10.000, 89.80, 32.01, 0.009, 0.34, -0.00);
insert into SHOT values (1177, 1207, 1208, 840, 19.000, 74.86, 3.02, 19.003, 74.88, 3.02, 0.009, 142.98, 0.00);
insert into SHOT values (1178, 1208, 1209, 840, 11.000, 79.86, 5.74, 10.997, 79.84, 5.74, 0.004, 300.54, -0.00);
insert into SHOT values (1179, 1209, 1210, 840, 7.000, 59.86, 12.37, 6.996, 59.87, 12.38, 0.005, 216.49, 0.00);
insert into SHOT values (1180, 1210, 1211, 840, 8.000, 172.86, -3.58, 7.999, 172.80, -3.58, 0.007, 71.18, -0.00);
insert into SHOT values (1181, 1211, 1212, 840, 12.000, 79.86, 16.46, 11.993, 79.83, 16.47, 0.009, 289.65, 0.00);
insert into SHOT values (1182, 1212, 1213, 840, 12.000, 74.86, 13.00, 12.002, 74.88, 13.00, 0.006, 141.30, 0.00);
insert into SHOT values (1183, 1213, 1214, 840, 7.500, 39.86, -0.76, 7.505, 39.86, -0.76, 0.005, 53.38, 0.00);
insert into SHOT values (1184, 1214, 1215, 840, 4.500, 84.86, -20.83, 4.492, 84.81, -20.87, 0.009, 287.51, -0.00);
insert into SHOT values (1185, 1215, 1216, 840, 17.000, 74.86, 58.53, 17.002, 74.85, 58.52, 0.004, 69.20, 0.00);
insert into SURVEY values (842, 789, 'CouleeBlanche', 'CouleeBlanche.107.UltimaPatagonia', 'Porches de la coulee blanche');
 insert into CENTRELINE values (843, 842, NULL, NULL, NULL, 0.00, 0.00, 0.00);
 insert into CENTRELINE values (844, 842, NULL, '2019-02-13', NULL, 84.17, 0.00, 0.00);
 insert into SHOT values (1186, 1217, 1218, 844, 9.450, 77.48, 9.00, 9.448, 77.50, 9.01, 0.004, 214.20, 27.29);
insert into SHOT values (1187, 1218, 1219, 844, 11.360, 48.48, 68.80, 11.362, 48.45, 68.76, 0.008, 29.58, -8.40);
insert into SHOT values (1188, 1219, 1220, 844, 10.280, 283.38, 60.50, 10.285, 283.35, 60.48, 0.006, 251.85, 25.89);
insert into SHOT values (1189, 1220, 1221, 844, 4.470, 234.78, 27.40, 4.466, 234.75, 27.32, 0.008, 123.99, -69.24);
insert into SHOT values (1190, 1221, 1222, 844, 6.200, 243.38, 28.60, 6.204, 243.39, 28.60, 0.004, 249.31, 30.46);
insert into SHOT values (1191, 1220, 1223, 844, 1.820, 5.88, -40.50, 1.821, 6.25, -40.81, 0.013, 129.29, -37.32);
insert into SHOT values (1192, 1223, 1224, 844, 3.310, 9.48, 10.10, 3.316, 9.35, 10.25, 0.013, 310.04, 46.43);
insert into SHOT values (1193, 1224, 1225, 844, 5.720, 1.68, 19.40, 5.717, 1.70, 19.41, 0.003, 153.48, 0.68);
insert into SHOT values (1194, 1225, 1226, 844, 2.120, 29.08, -9.80, 2.127, 29.13, -10.02, 0.011, 46.12, -55.57);
insert into SHOT values (1195, 1226, 1227, 844, 4.500, 317.38, -0.70, 4.501, 317.34, -0.64, 0.006, 248.27, 53.98);
insert into SHOT values (1196, 1227, 1228, 844, 4.630, 14.38, 21.10, 4.627, 14.36, 21.16, 0.006, 216.35, 31.85);
insert into SHOT values (1197, 1228, 1229, 844, 2.060, 335.58, 5.50, 2.063, 335.56, 5.28, 0.008, 320.03, -63.33);
insert into SHOT values (1198, 1229, 1230, 844, 4.000, 19.28, 2.90, 4.000, 19.30, 3.01, 0.008, 136.99, 82.47);
insert into SHOT values (1199, 1230, 1231, 844, 6.480, 45.78, 14.60, 6.481, 45.84, 14.57, 0.007, 118.02, -28.05);
insert into SHOT values (1200, 1231, 1232, 844, 5.700, 23.98, -0.90, 5.704, 24.00, -0.90, 0.004, 50.17, -6.14);
insert into SHOT values (1201, 1232, 1233, 844, 2.070, 72.48, 10.80, 2.061, 72.46, 10.91, 0.010, 257.69, 12.89);
insert into CENTRELINE values (845, 842, NULL, NULL, NULL, 160.77, 0.00, 0.00);
 insert into SHOT values (1202, 1233, 1234, 845, 1.780, 32.94, -0.60, 1.786, 32.89, -0.64, 0.007, 18.43, -11.62);
insert into SHOT values (1203, 1234, 1235, 845, 3.530, 63.33, 4.00, 3.533, 63.36, 4.06, 0.005, 97.93, 49.49);
insert into SHOT values (1204, 1233, 1236, 845, 3.350, 109.73, 10.00, 3.353, 109.64, 9.96, 0.006, 49.99, -15.92);
insert into SHOT values (1205, 1236, 1237, 845, 3.120, 50.13, 1.00, 3.117, 50.08, 0.92, 0.006, 274.53, -45.72);
insert into SHOT values (1206, 1237, 1238, 845, 2.950, 154.13, 22.00, 2.954, 154.00, 22.07, 0.008, 80.27, 36.00);
insert into SHOT values (1207, 1238, 1239, 845, 14.780, 43.13, -5.00, 14.772, 43.13, -5.01, 0.008, 232.24, -12.66);
insert into SHOT values (1208, 1239, 1240, 845, 3.570, 54.13, -8.00, 3.574, 54.20, -8.04, 0.006, 104.76, -30.78);
insert into SHOT values (1209, 1240, 1241, 845, 17.680, 77.13, 7.00, 17.683, 77.13, 7.02, 0.006, 49.65, 58.94);
insert into SHOT values (1210, 1241, 1242, 845, 5.600, 9.13, -39.00, 5.606, 9.12, -39.03, 0.007, 346.61, -60.85);
insert into SHOT values (1211, 1242, 1243, 845, 7.710, 19.63, -26.00, 7.705, 19.66, -26.02, 0.007, 166.00, -1.28);
insert into SHOT values (1212, 1243, 1244, 845, 7.740, 326.13, -32.00, 7.747, 326.16, -31.95, 0.010, 347.80, 8.92);
insert into SHOT values (1213, 1244, 1245, 845, 7.830, 298.13, -80.00, 7.829, 298.07, -80.00, 0.002, 221.31, 35.49);
insert into SHOT values (1214, 1245, 1246, 845, 14.020, 85.25, -5.00, 14.021, 85.28, -4.99, 0.006, 167.94, 17.61);
insert into SHOT values (1215, 1246, 1247, 845, 6.910, 84.13, -22.00, 6.908, 84.08, -22.02, 0.006, 327.02, -13.71);
insert into SHOT values (1216, 1247, 1248, 845, 18.920, 95.13, 5.00, 18.918, 95.14, 5.00, 0.005, 212.29, 12.56);
insert into SHOT values (1217, 1248, 1249, 845, 2.360, 186.13, -1.30, 2.354, 186.10, -1.22, 0.007, 19.21, 29.59);
insert into SHOT values (1218, 1249, 1250, 845, 12.000, 196.13, -83.00, 12.000, 196.21, -82.97, 0.006, 215.27, 5.01);
insert into SHOT values (1219, 1247, 1251, 845, 17.770, 264.13, -1.00, 17.766, 264.12, -1.00, 0.006, 131.33, 1.32);
insert into SHOT values (1220, 1251, 1252, 845, 9.150, 247.13, -7.00, 9.151, 247.13, -6.97, 0.006, 247.60, 67.32);
insert into SURVEY values (847, 789, 'MadameCafe', 'MadameCafe.107.UltimaPatagonia', 'Madame Cafe');
 insert into CENTRELINE values (848, 847, NULL, NULL, NULL, 0.00, 0.00, 0.00);
 insert into CENTRELINE values (849, 847, NULL, '2019-02-01', NULL, 66.00, 0.00, 0.00);
 insert into SHOT values (1221, 1253, 1254, 849, 8.820, 40.78, -37.90, 8.818, 40.74, -37.93, 0.006, 272.13, -18.12);
insert into SHOT values (1222, 1253, 1255, 849, 9.300, 285.28, -43.30, 9.303, 285.33, -43.30, 0.006, 349.53, -17.50);
insert into SHOT values (1223, 1253, 1256, 849, 31.250, 230.58, 76.70, 31.249, 230.64, 76.70, 0.008, 307.69, -13.47);
insert into SHOT values (1224, 1256, 1257, 849, 5.330, 120.08, 25.80, 5.338, 120.08, 25.76, 0.009, 120.73, 1.39);
insert into SHOT values (1225, 1257, 1258, 849, 11.300, 202.68, 46.00, 11.300, 202.71, 46.01, 0.004, 310.82, 21.24);
insert into SURVEY values (851, 789, 'CuevaDesLosPescadores', 'CuevaDesLosPescadores.107.UltimaPatagonia', 'Cueva des los Pescadores');
 insert into CENTRELINE values (852, 851, NULL, NULL, NULL, 0.00, 0.00, 0.00);
 insert into CENTRELINE values (854, 789, NULL, NULL, NULL, 0.00, 0.00, 0.00);
 insert into SURVEY values (856, 22, '108', '108.UltimaPatagonia', '108 Sumidero');
 insert into CENTRELINE values (857, 856, NULL, NULL, NULL, 0.00, 0.00, 0.00);
 insert into SURVEY values (858, 856, 'OjoDeLaMadre', 'OjoDeLaMadre.108.UltimaPatagonia', 'Ojo de la Madre');
 insert into CENTRELINE values (859, 858, NULL, NULL, NULL, 0.00, 0.00, 0.00);
 insert into CENTRELINE values (860, 858, NULL, '2019-02-01', NULL, 185.91, 0.00, 0.00);
 insert into SHOT values (1226, 1290, 1291, 860, 5.430, 184.28, -3.30, 5.434, 184.23, -3.38, 0.010, 130.15, -49.10);
insert into SHOT values (1227, 1291, 1292, 860, 10.190, 142.68, 1.80, 10.187, 142.70, 1.80, 0.004, 271.52, -1.01);
insert into SHOT values (1228, 1292, 1293, 860, 2.940, 163.68, -5.60, 2.931, 163.68, -5.48, 0.011, 346.02, 39.46);
insert into SHOT values (1229, 1293, 1294, 860, 3.360, 132.68, 19.00, 3.366, 132.71, 18.90, 0.009, 143.37, -26.87);
insert into SHOT values (1230, 1294, 1295, 860, 5.600, 2.68, 38.00, 5.603, 2.60, 38.01, 0.007, 286.66, 18.39);
insert into SHOT values (1231, 1295, 1296, 860, 6.000, 307.68, 18.60, 6.001, 307.72, 18.56, 0.005, 5.64, -44.77);
insert into SHOT values (1232, 1296, 1297, 860, 5.370, 7.68, 12.00, 5.366, 7.77, 12.05, 0.010, 125.49, 20.38);
insert into SHOT values (1233, 1298, 1299, 860, 5.150, 52.68, -0.40, 5.152, 52.73, -0.44, 0.006, 114.19, -40.63);
insert into SHOT values (1234, 1298, 1300, 860, 3.600, 208.68, 15.30, 3.605, 208.70, 15.28, 0.005, 221.93, 0.65);
insert into SHOT values (1235, 1300, 1301, 860, 8.800, 7.68, 8.00, 8.804, 7.71, 7.97, 0.008, 51.37, -37.21);
insert into SHOT values (1236, 1300, 1302, 860, 6.130, 224.68, 9.30, 6.126, 224.66, 9.30, 0.004, 73.70, -8.82);
insert into SHOT values (1237, 1302, 1303, 860, 11.000, 285.68, 55.00, 11.003, 285.71, 54.97, 0.007, 308.48, -5.41);
insert into SHOT values (1238, 1303, 1304, 860, 1.800, 240.68, 36.00, 1.804, 240.45, 35.98, 0.007, 182.21, 15.87);
insert into SHOT values (1239, 1304, 1305, 860, 4.370, 214.68, 15.20, 4.362, 214.75, 15.15, 0.010, 358.02, -36.58);
insert into SHOT values (1240, 1305, 1294, 860, 1.740, 289.68, 1.20, 1.731, 289.59, 1.32, 0.011, 126.75, 19.70);
insert into SHOT values (1241, 1290, 1306, 860, 2.800, 207.68, -8.70, 2.802, 207.77, -8.83, 0.008, 282.92, -56.86);
insert into SHOT values (1242, 1306, 1307, 860, 7.000, 17.44, 64.00, 7.000, 17.43, 63.98, 0.003, 3.03, -31.70);
insert into SHOT values (1243, 1308, 1307, 860, 0.750, 150.38, -10.30, 0.748, 150.64, -10.79, 0.008, 287.90, -50.24);
insert into SHOT values (1244, 1308, 1309, 860, 2.500, 306.68, 35.00, 2.495, 306.65, 34.98, 0.006, 146.01, -43.90);
insert into SHOT values (1245, 1309, 1310, 860, 1.500, 243.68, -4.00, 1.497, 243.78, -3.83, 0.006, 20.57, 52.16);
insert into SHOT values (1246, 1310, 1311, 860, 6.000, 344.68, 32.00, 5.995, 344.60, 32.03, 0.010, 218.13, 2.88);
insert into SHOT values (1247, 1312, 1311, 860, 12.000, 171.68, 8.60, 12.009, 171.72, 8.62, 0.013, 212.39, 25.92);
insert into SHOT values (1248, 1312, 1313, 860, 8.000, 343.68, 10.00, 8.001, 343.64, 10.00, 0.007, 260.08, 6.91);
insert into SHOT values (1249, 1313, 1314, 860, 2.000, 308.68, -4.20, 1.991, 308.66, -4.32, 0.010, 133.57, -19.97);
insert into SHOT values (1250, 1314, 1315, 860, 5.350, 241.68, 2.80, 5.353, 241.76, 2.89, 0.011, 308.97, 49.27);
insert into SHOT values (1251, 1315, 1316, 860, 6.430, 5.68, 5.00, 6.427, 5.74, 5.00, 0.007, 125.71, -3.40);
insert into SHOT values (1252, 1316, 1317, 860, 7.700, 329.68, 9.00, 7.704, 329.69, 8.96, 0.007, 347.17, -42.72);
insert into SHOT values (1253, 1317, 1318, 860, 4.000, 287.68, 21.00, 3.999, 287.61, 20.95, 0.006, 206.15, -35.67);
insert into SHOT values (1254, 1318, 1319, 860, 5.800, 322.68, 0.00, 5.800, 322.64, 0.00, 0.005, 235.23, 0.00);
insert into SHOT values (1255, 1319, 1320, 860, 3.200, 336.68, 46.00, 3.211, 336.77, 46.00, 0.012, 358.96, 43.22);
insert into SHOT values (1256, 1320, 1321, 860, 13.600, 311.68, 68.00, 13.597, 311.65, 68.04, 0.009, 148.99, 1.83);
insert into SHOT values (1257, 1322, 1321, 860, 9.200, 160.68, -22.20, 9.200, 160.67, -22.16, 0.007, 122.17, 65.36);
insert into SHOT values (1258, 1322, 1323, 860, 6.600, 25.08, 43.20, 6.603, 25.07, 43.20, 0.003, 7.54, 37.70);
insert into SURVEY values (862, 856, 'OmbligoDeLaMadre', 'OmbligoDeLaMadre.108.UltimaPatagonia', 'Ombligo de la Madre');
 insert into CENTRELINE values (863, 862, NULL, NULL, NULL, 0.00, 0.00, 0.00);
 insert into CENTRELINE values (864, 862, NULL, '2019-02-01', NULL, 282.95, 0.00, 0.00);
 insert into SHOT values (1259, 1324, 1325, 864, 2.040, 193.68, 11.70, 2.038, 193.62, 11.61, 0.005, 70.30, -53.61);
insert into SHOT values (1260, 1325, 1326, 864, 4.650, 136.38, 15.70, 4.651, 136.36, 15.72, 0.003, 65.90, 38.19);
insert into SHOT values (1261, 1326, 1327, 864, 11.170, 180.58, 14.20, 11.172, 180.63, 14.20, 0.010, 259.15, -0.48);
insert into SHOT values (1262, 1327, 1328, 864, 14.940, 136.88, 33.40, 14.943, 136.85, 33.42, 0.009, 48.35, 39.99);
insert into SHOT values (1263, 1328, 1329, 864, 9.490, 202.98, 8.90, 9.487, 202.98, 8.85, 0.008, 32.55, -78.09);
insert into SHOT values (1264, 1329, 1330, 864, 4.360, 267.78, -42.70, 4.354, 267.67, -42.65, 0.009, 163.25, 46.85);
insert into SHOT values (1265, 1330, 1331, 864, 2.990, 261.18, -50.90, 2.993, 261.48, -50.82, 0.011, 323.97, 1.94);
insert into SHOT values (1266, 1331, 1332, 864, 4.330, 247.08, -14.80, 4.326, 247.05, -14.87, 0.007, 88.96, -33.44);
insert into SHOT values (1267, 1332, 1333, 864, 7.670, 341.68, -42.70, 7.668, 341.69, -42.70, 0.002, 130.12, 38.30);
insert into SHOT values (1268, 1333, 1334, 864, 13.960, 310.28, -23.70, 13.963, 310.24, -23.69, 0.010, 240.64, 6.79);
insert into SHOT values (1269, 1334, 1335, 864, 8.680, 330.28, -19.20, 8.681, 330.31, -19.24, 0.006, 76.37, -57.25);
insert into SHOT values (1270, 1335, 1336, 864, 5.420, 315.58, -7.10, 5.416, 315.60, -7.11, 0.005, 111.77, -1.02);
insert into SHOT values (1271, 1328, 1337, 864, 17.720, 140.08, 17.00, 17.720, 140.10, 17.00, 0.005, 230.29, -10.20);
insert into SHOT values (1272, 1337, 1338, 864, 29.000, 175.08, 38.80, 29.001, 175.08, 38.79, 0.004, 127.30, -21.28);
insert into SHOT values (1273, 1338, 1339, 864, 23.450, 162.78, 31.60, 23.444, 162.78, 31.62, 0.009, 348.68, 17.06);
insert into SHOT values (1274, 1339, 1340, 864, 19.500, 178.38, 43.70, 19.504, 178.38, 43.68, 0.008, 163.17, -15.25);
insert into SHOT values (1275, 1340, 1341, 864, 20.050, 162.38, 50.30, 20.042, 162.36, 50.30, 0.010, 30.74, -39.70);
insert into SHOT values (1276, 1341, 1342, 864, 14.320, 163.08, 47.20, 14.323, 163.09, 47.21, 0.003, 217.54, 59.52);
insert into SHOT values (1277, 1342, 1343, 864, 20.400, 152.98, 53.10, 20.395, 153.00, 53.10, 0.006, 297.12, -39.52);
insert into SHOT values (1278, 1343, 1344, 864, 12.700, 150.48, 42.00, 12.706, 150.50, 41.99, 0.007, 178.41, 16.34);
insert into SHOT values (1279, 1344, 1345, 864, 7.970, 166.98, 51.00, 7.971, 166.96, 51.06, 0.009, 2.71, 42.04);
insert into SHOT values (1280, 1345, 1346, 864, 4.740, 165.48, 47.00, 4.735, 165.49, 46.94, 0.007, 208.76, -84.81);
insert into SHOT values (1281, 1346, 1347, 864, 11.390, 140.18, 53.00, 11.395, 140.21, 52.99, 0.006, 171.27, 35.43);
insert into SHOT values (1282, 1347, 1348, 864, 12.010, 172.68, 41.20, 12.007, 172.69, 41.21, 0.003, 345.15, -15.85);
insert into SHOT values (1283, 1348, 1349, 864, 0.000, 14.68, 0.00, 0.000, 90.00, 0.00, 0.000, 90.00, 0.00);
insert into SURVEY values (866, 856, 'LagrimasDeLaMadre', 'LagrimasDeLaMadre.108.UltimaPatagonia', 'Lagrimas de la Madre');
 insert into CENTRELINE values (867, 866, NULL, NULL, NULL, 0.00, 0.00, 0.00);
 insert into CENTRELINE values (868, 866, NULL, '2019-01-20', NULL, 222.83, 0.00, 0.00);
 insert into SHOT values (1284, 1350, 1351, 868, 4.780, 279.29, -35.40, 4.785, 279.29, -35.38, 0.005, 282.18, -11.94);
insert into SHOT values (1285, 1351, 1352, 868, 7.790, 302.69, -39.90, 7.787, 302.76, -39.95, 0.010, 76.50, -17.42);
insert into SHOT values (1286, 1352, 1353, 868, 6.570, 302.79, -33.80, 6.565, 302.73, -33.78, 0.008, 182.89, 36.07);
insert into SHOT values (1287, 1353, 1354, 868, 8.450, 4.59, -43.00, 8.448, 4.55, -42.99, 0.005, 268.46, 32.58);
insert into SHOT values (1288, 1354, 1355, 868, 9.180, 356.59, -30.00, 9.183, 356.61, -29.99, 0.005, 36.38, 0.00);
insert into SHOT values (1289, 1355, 1356, 868, 16.770, 321.99, -40.30, 16.776, 321.98, -40.30, 0.006, 305.64, -34.75);
insert into SHOT values (1290, 1356, 1357, 868, 10.220, 11.29, -44.20, 10.221, 11.34, -44.24, 0.009, 131.90, -33.32);
insert into SHOT values (1291, 1357, 1358, 868, 4.000, 317.99, -74.00, 3.996, 317.94, -73.95, 0.006, 290.33, 66.04);
insert into SHOT values (1292, 1358, 1359, 868, 11.560, 277.19, -33.90, 11.562, 277.18, -33.91, 0.003, 210.46, -68.18);
insert into SHOT values (1293, 1359, 1360, 868, 6.220, 318.59, -38.40, 6.223, 318.57, -38.34, 0.008, 305.65, 26.66);
insert into SHOT values (1294, 1360, 1361, 868, 7.660, 289.49, -20.60, 7.662, 289.47, -20.63, 0.005, 195.55, -64.48);
insert into SHOT values (1295, 1361, 1362, 868, 5.010, 308.99, -23.60, 5.003, 309.07, -23.57, 0.010, 80.20, 34.06);
insert into SHOT values (1296, 1362, 1363, 868, 6.080, 301.19, -35.50, 6.082, 301.12, -35.48, 0.007, 239.06, 5.85);
insert into SHOT values (1297, 1363, 1364, 868, 9.580, 320.39, -39.50, 9.586, 320.43, -39.52, 0.009, 30.25, -47.24);
insert into SHOT values (1298, 1364, 1365, 868, 9.300, 347.99, -33.60, 9.291, 347.99, -33.59, 0.009, 164.09, 43.60);
insert into SHOT values (1299, 1365, 1366, 868, 8.000, 6.19, -34.80, 8.002, 6.21, -34.83, 0.005, 117.74, -65.80);
insert into SHOT values (1300, 1366, 1367, 868, 8.240, 25.99, -7.10, 8.239, 25.97, -7.11, 0.004, 271.49, -25.76);
insert into SHOT values (1301, 1367, 1368, 868, 8.860, 343.59, -39.80, 8.859, 343.62, -39.80, 0.003, 84.36, 23.96);
insert into SHOT values (1302, 1368, 1369, 868, 7.560, 0.29, -31.20, 7.560, 0.27, -31.15, 0.008, 322.64, 54.76);
insert into SHOT values (1303, 1369, 1370, 868, 13.500, 357.69, -20.50, 13.506, 357.69, -20.50, 0.006, 357.19, -22.90);
insert into SHOT values (1304, 1370, 1371, 868, 13.810, 0.29, -16.70, 13.803, 0.26, -16.71, 0.010, 223.06, -8.75);
insert into SHOT values (1305, 1371, 1372, 868, 4.860, 283.19, -16.70, 4.858, 283.17, -16.75, 0.005, 134.26, -47.90);
insert into SHOT values (1306, 1372, 1373, 868, 5.550, 273.59, -43.80, 5.551, 273.72, -43.77, 0.010, 347.20, 8.41);
insert into SHOT values (1307, 1373, 1374, 868, 4.620, 347.09, -27.30, 4.618, 347.18, -27.33, 0.008, 102.67, -7.96);
insert into SHOT values (1308, 1375, 1376, 868, 3.280, 212.79, 19.30, 3.279, 212.87, 19.23, 0.006, 304.47, -43.75);
insert into SHOT values (1309, 1376, 1374, 868, 16.760, 183.09, 38.80, 16.757, 183.07, 38.80, 0.005, 55.89, -21.20);
insert into SHOT values (1310, 1374, 1373, 868, 4.620, 167.09, 27.30, 4.618, 167.18, 27.33, 0.008, 282.67, 7.96);
insert into CENTRELINE values (869, 866, NULL, '2020-02-02', NULL, 132.00, 0.00, 0.00);
 insert into SHOT values (1311, 1375, 1377, 869, 11.500, 322.60, -20.00, 11.510, 322.59, -20.02, 0.011, 309.75, -39.46);
insert into SHOT values (1312, 1377, 1378, 869, 2.400, 37.60, -3.00, 2.405, 37.73, -2.86, 0.010, 81.89, 35.86);
insert into SHOT values (1313, 1378, 1379, 869, 6.900, 348.60, -29.00, 6.899, 348.52, -29.05, 0.010, 230.74, -27.70);
insert into SHOT values (1314, 1379, 1380, 869, 5.300, 314.60, -26.00, 5.301, 314.66, -25.96, 0.007, 19.39, 31.15);
insert into SHOT values (1315, 1380, 1381, 869, 6.300, 354.60, -34.00, 6.298, 354.62, -33.98, 0.003, 81.06, 61.28);
insert into SHOT values (1316, 1381, 1382, 869, 5.600, 8.60, -12.00, 5.595, 8.62, -12.07, 0.008, 170.98, -42.92);
insert into SHOT values (1317, 1382, 1383, 869, 12.000, 343.60, -31.00, 12.001, 343.63, -31.00, 0.005, 59.47, 5.26);
insert into SHOT values (1318, 1383, 1384, 869, 10.000, 353.60, -28.00, 9.994, 353.56, -27.99, 0.009, 232.05, 33.15);
insert into SHOT values (1319, 1384, 1385, 869, 7.000, 330.60, -9.00, 7.004, 330.66, -9.04, 0.009, 31.67, -32.51);
insert into SHOT values (1320, 1385, 1386, 869, 6.000, 13.60, -15.00, 5.996, 13.58, -14.98, 0.005, 221.53, 35.41);
insert into SHOT values (1321, 1386, 1387, 869, 16.000, 341.60, -22.00, 16.005, 341.61, -22.02, 0.008, 38.30, -54.45);
insert into SHOT values (1322, 1386, 1388, 869, 27.000, 122.60, 37.00, 27.004, 122.60, 37.00, 0.005, 123.40, 11.90);
insert into SHOT values (1323, 1388, 1389, 869, 6.000, 169.60, 46.00, 5.996, 169.63, 45.96, 0.007, 257.71, -67.54);
insert into SHOT values (1324, 1389, 1390, 869, 10.000, 117.60, 41.00, 9.998, 117.55, 41.00, 0.007, 14.72, -5.05);
insert into CENTRELINE values (871, 856, NULL, NULL, NULL, 0.00, 0.00, 0.00);
 insert into SURVEY values (873, 22, '109', '109.UltimaPatagonia', '109 Trois Entrees');
 insert into CENTRELINE values (874, 873, NULL, NULL, NULL, 0.00, 0.00, 0.00);
 insert into SURVEY values (875, 873, 'TroisPorches', 'TroisPorches.109.UltimaPatagonia', 'Trois Porches');
 insert into CENTRELINE values (876, 875, NULL, NULL, NULL, 0.00, 0.00, 0.00);
 insert into CENTRELINE values (877, 875, NULL, NULL, NULL, 279.00, 0.00, 0.00);
 insert into SHOT values (1325, 1405, 1406, 877, 16.000, 328.13, 65.00, 15.998, 328.12, 65.01, 0.003, 180.47, -18.99);
insert into SHOT values (1326, 1406, 1407, 877, 14.000, 328.13, 27.00, 14.001, 328.11, 27.02, 0.007, 227.38, 35.68);
insert into SHOT values (1327, 1407, 1408, 877, 8.000, 297.13, 2.00, 7.997, 297.17, 2.01, 0.007, 54.22, 7.03);
insert into SHOT values (1328, 1406, 1409, 877, 0.000, 16.13, 0.00, 0.000, 90.00, 0.00, 0.000, 90.00, 0.00);
insert into SHOT values (1329, 1409, 1410, 877, 17.000, 352.13, -4.00, 17.001, 352.14, -4.01, 0.004, 51.77, -68.01);
insert into SHOT values (1330, 1410, 1411, 877, 16.000, 358.13, -40.00, 15.997, 358.13, -39.99, 0.005, 251.20, 82.26);
insert into SHOT values (1331, 1411, 1412, 877, 13.000, 317.13, -28.00, 12.997, 317.12, -27.99, 0.004, 204.06, 45.56);
insert into SHOT values (1332, 1412, 1413, 877, 23.000, 316.13, 8.00, 22.997, 316.14, 8.00, 0.004, 95.70, -14.78);
insert into SHOT values (1333, 1413, 1414, 877, 21.000, 312.13, -3.00, 21.007, 312.12, -3.00, 0.008, 280.74, -6.74);
insert into SHOT values (1334, 1414, 1415, 877, 11.000, 313.13, -78.00, 10.998, 313.22, -78.05, 0.010, 111.86, -2.22);
insert into SHOT values (1335, 1415, 1416, 877, 21.000, 310.13, 2.00, 21.005, 310.13, 1.99, 0.006, 301.39, -30.87);
insert into SHOT values (1336, 1416, 1417, 877, 22.000, 309.13, 13.00, 22.003, 309.13, 13.00, 0.003, 299.77, 22.56);
insert into SHOT values (1337, 1417, 1418, 877, 13.000, 317.13, 8.00, 13.005, 317.14, 8.00, 0.005, 335.50, 8.37);
insert into SHOT values (1338, 1418, 1419, 877, 8.000, 242.13, 78.00, 7.995, 242.05, 77.99, 0.006, 170.93, -63.67);
insert into SHOT values (1339, 1419, 1420, 877, 5.000, 265.13, 83.00, 5.006, 265.24, 83.09, 0.010, 76.60, 44.69);
insert into SHOT values (1340, 1420, 1421, 877, 21.000, 310.13, 22.00, 21.000, 310.13, 21.98, 0.008, 268.20, -62.84);
insert into SHOT values (1341, 1421, 1422, 877, 5.000, 258.13, 86.00, 5.002, 258.37, 86.02, 0.003, 37.56, 45.03);
insert into SHOT values (1342, 1422, 1423, 877, 4.000, 226.13, -39.00, 4.004, 226.04, -39.00, 0.006, 169.04, -24.80);
insert into SHOT values (1343, 1423, 1424, 877, 8.000, 185.13, 18.00, 8.004, 185.13, 18.05, 0.008, 162.27, 74.66);
insert into SHOT values (1344, 1424, 1425, 877, 6.000, 215.13, 51.00, 5.996, 215.29, 51.00, 0.011, 318.66, -15.04);
insert into SHOT values (1345, 1425, 1426, 877, 8.000, 221.13, 25.00, 8.006, 221.09, 24.97, 0.009, 183.93, -5.97);
insert into SHOT values (1346, 1426, 1427, 877, 2.000, 119.13, 65.00, 1.998, 118.99, 64.95, 0.003, 48.63, -49.28);
insert into SHOT values (1347, 1427, 1428, 877, 2.000, 304.13, -14.00, 1.995, 304.26, -13.92, 0.007, 79.97, 30.97);
insert into SHOT values (1348, 1428, 1429, 877, 9.000, 304.13, -8.00, 9.001, 304.12, -7.98, 0.004, 253.42, 40.93);
insert into SHOT values (1349, 1415, 1430, 877, 6.000, 206.13, -75.00, 6.004, 206.40, -75.02, 0.009, 304.72, -31.26);
insert into SURVEY values (879, 873, 'TroisEntreesPlusUne', 'TroisEntreesPlusUne.109.UltimaPatagonia', 'Grotte des trois entrees plus une');
 insert into CENTRELINE values (880, 879, NULL, NULL, NULL, 0.00, 0.00, 0.00);
 insert into CENTRELINE values (881, 879, NULL, NULL, NULL, 435.12, 0.00, 0.00);
 insert into SHOT values (1350, 1431, 1432, 881, 11.350, 346.53, 7.50, 12.730, 352.82, 0.63, 2.389, 31.43, -34.16);
insert into SHOT values (1351, 1432, 1433, 881, 8.800, 353.23, 10.80, 8.806, 353.23, 10.80, 0.006, 347.23, 9.48);
insert into SHOT values (1352, 1433, 1434, 881, 13.600, 306.13, 8.30, 13.597, 306.11, 8.29, 0.006, 190.08, -30.97);
insert into SHOT values (1353, 1434, 1435, 881, 5.260, 284.83, 0.00, 5.256, 284.88, 0.00, 0.006, 53.76, 0.00);
insert into SHOT values (1354, 1433, 1436, 881, 11.550, 2.43, -8.00, 11.543, 2.46, -8.02, 0.009, 148.05, -16.54);
insert into SHOT values (1355, 1436, 1437, 881, 24.000, 352.73, -20.90, 23.999, 352.72, -20.90, 0.004, 258.08, 24.11);
insert into SHOT values (1356, 1437, 1438, 881, 15.480, 319.43, -6.70, 15.481, 319.43, -6.68, 0.006, 306.15, 73.47);
insert into SHOT values (1357, 1438, 1439, 881, 14.700, 325.63, -3.20, 14.701, 325.66, -3.20, 0.007, 45.83, 4.56);
insert into SHOT values (1358, 1439, 1440, 881, 9.040, 347.23, -36.00, 9.042, 347.20, -36.04, 0.008, 234.42, -54.26);
insert into SHOT values (1359, 1440, 1441, 881, 12.620, 289.03, 34.60, 12.623, 289.05, 34.61, 0.005, 2.47, 57.57);
insert into SHOT values (1360, 1441, 1442, 881, 8.300, 281.83, 13.40, 8.296, 281.80, 13.38, 0.007, 156.18, -29.80);
insert into SHOT values (1361, 1442, 1443, 881, 8.960, 331.43, -32.50, 8.963, 331.40, -32.46, 0.008, 296.66, 30.41);
insert into SHOT values (1362, 1443, 1444, 881, 13.600, 330.93, -22.10, 13.597, 330.93, -22.12, 0.005, 152.25, -38.68);
insert into SHOT values (1363, 1444, 1445, 881, 11.680, 304.03, 2.20, 11.683, 304.07, 2.21, 0.008, 16.21, 11.15);
insert into SHOT values (1364, 1445, 1446, 881, 26.530, 304.53, 6.00, 26.529, 304.52, 5.99, 0.009, 211.74, -21.44);
insert into SHOT values (1365, 1446, 1447, 881, 8.550, 321.83, 5.30, 8.555, 321.87, 5.30, 0.007, 8.39, 1.97);
insert into SHOT values (1366, 1447, 1448, 881, 6.750, 265.93, 38.50, 6.750, 265.88, 38.48, 0.006, 187.52, -20.25);
insert into SHOT values (1367, 1448, 1449, 881, 7.490, 278.73, 47.50, 7.495, 278.75, 47.55, 0.008, 40.82, 73.47);
insert into SHOT values (1368, 1449, 1450, 881, 9.600, 280.23, 26.40, 9.595, 280.25, 26.36, 0.009, 39.96, -69.26);
insert into SHOT values (1369, 1450, 1451, 881, 11.160, 331.63, -3.40, 11.160, 331.32, -2.67, 0.155, 248.35, 66.64);
insert into SHOT values (1370, 1451, 1452, 881, 8.250, 288.13, 5.60, 8.270, 287.99, 6.18, 0.088, 228.24, 74.88);
insert into SHOT values (1371, 1452, 1453, 881, 6.030, 221.53, 1.30, 6.038, 221.64, 1.71, 0.045, 282.15, 73.06);
insert into SHOT values (1372, 1453, 1454, 881, 9.000, 232.93, 28.00, 9.037, 233.03, 28.41, 0.076, 316.66, 79.78);
insert into SHOT values (1373, 1454, 1455, 881, 6.420, 179.03, 18.90, 6.368, 178.48, 19.25, 0.088, 42.36, 13.49);
insert into SHOT values (1374, 1455, 1456, 881, 5.160, 152.33, -3.90, 5.121, 151.48, -3.81, 0.086, 35.53, 7.32);
insert into SHOT values (1375, 1456, 1457, 881, 6.260, 209.13, 38.90, 6.204, 208.93, 39.66, 0.102, 39.28, 16.53);
insert into SHOT values (1376, 1457, 1458, 881, 1.620, 246.23, 36.10, 1.565, 247.10, 36.45, 0.059, 45.30, -24.66);
insert into SHOT values (1377, 1458, 1459, 881, 7.750, 294.73, -0.70, 7.729, 295.77, -0.52, 0.144, 33.71, 9.89);
insert into SHOT values (1378, 1459, 1460, 881, 0.480, 259.13, -37.00, 0.422, 261.12, -39.82, 0.064, 68.47, 17.27);
insert into SHOT values (1379, 1460, 1461, 881, 8.490, 324.73, -43.30, 8.524, 325.80, -43.43, 0.121, 49.34, -17.95);
insert into SHOT values (1380, 1461, 1462, 881, 7.660, 150.43, -28.80, 7.660, 150.46, -28.80, 0.003, 234.44, 4.78);
insert into SHOT values (1381, 1462, 1463, 881, 10.780, 208.53, 38.00, 10.775, 208.56, 37.98, 0.008, 321.53, -60.46);
insert into SHOT values (1382, 1463, 1464, 881, 8.590, 333.13, 17.00, 8.585, 333.12, 17.07, 0.012, 162.95, 45.81);
insert into SHOT values (1383, 1464, 1465, 881, 24.400, 326.73, -26.10, 24.409, 326.74, -26.10, 0.011, 358.12, -31.18);
insert into SHOT values (1384, 1465, 1466, 881, 7.170, 254.03, -6.30, 7.169, 254.03, -6.33, 0.004, 74.30, -60.58);
insert into SHOT values (1385, 1466, 1467, 881, 10.670, 266.23, 45.50, 10.682, 266.17, 45.51, 0.015, 220.94, 40.19);
insert into SHOT values (1386, 1467, 1468, 881, 8.030, 284.43, -14.30, 8.026, 284.45, -14.35, 0.009, 83.82, -49.34);
insert into SHOT values (1387, 1468, 1469, 881, 11.450, 302.53, 33.20, 11.455, 302.56, 33.18, 0.008, 342.15, 2.89);
insert into SHOT values (1388, 1469, 1470, 881, 7.210, 305.43, -20.20, 7.206, 305.43, -20.22, 0.004, 130.42, -5.18);
insert into SHOT values (1389, 1470, 1471, 881, 2.060, 317.83, -4.40, 2.773, 317.20, -3.93, 0.714, 315.37, -2.57);
insert into SHOT values (1390, 1461, 1472, 881, 2.780, 339.33, 4.40, 2.816, 340.02, 4.07, 0.052, 21.44, -14.86);
insert into SHOT values (1391, 1472, 1473, 881, 16.580, 110.03, -4.60, 16.640, 107.89, -5.21, 0.647, 23.07, -16.19);
insert into SHOT values (1392, 1473, 1474, 881, 7.890, 56.13, -41.40, 7.883, 56.10, -41.37, 0.009, 293.75, 59.37);
insert into SHOT values (1393, 1473, 1475, 881, 2.060, 343.53, -6.50, 2.113, 344.24, -6.52, 0.058, 10.11, -6.68);
insert into SHOT values (1394, 1475, 1476, 881, 8.230, 331.63, 10.70, 8.254, 332.90, 10.26, 0.191, 51.25, -17.65);
insert into SHOT values (1395, 1476, 1454, 881, 1.080, 94.53, -18.30, 1.153, 93.15, -18.72, 0.077, 72.77, -23.51);
insert into CENTRELINE values (882, 879, NULL, NULL, NULL, 49.42, 0.00, 0.00);
 insert into SHOT values (1396, 1477, 1478, 882, 10.110, 161.03, 13.10, 10.756, 156.32, 10.99, 1.126, 108.99, -12.39);
insert into SHOT values (1397, 1478, 1479, 882, 10.670, 160.43, 20.50, 11.311, 155.81, 17.12, 1.239, 112.25, -19.17);
insert into SHOT values (1398, 1479, 1480, 882, 4.220, 162.33, 37.30, 4.711, 159.56, 34.23, 0.573, 142.92, 9.31);
insert into SHOT values (1399, 1480, 1481, 882, 11.530, 70.33, 80.40, 11.625, 74.37, 74.83, 1.142, 81.22, -7.47);
insert into SHOT values (1400, 1481, 1471, 882, 12.890, 81.13, 65.30, 13.190, 85.26, 57.87, 1.771, 98.53, -17.77);
insert into CENTRELINE values (883, 879, NULL, NULL, NULL, 284.62, 0.00, 0.00);
 insert into SHOT values (1401, 1450, 1482, 883, 9.340, 147.13, 23.00, 9.334, 146.92, 22.42, 0.100, 101.15, -63.29);
insert into SHOT values (1402, 1482, 1483, 883, 8.080, 183.13, 29.00, 8.050, 182.92, 28.57, 0.072, 97.90, -68.54);
insert into SHOT values (1403, 1483, 1484, 883, 4.090, 80.13, -14.00, 4.375, 78.64, -12.94, 0.314, 59.38, 1.73);
insert into SHOT values (1404, 1484, 1485, 883, 4.960, 157.13, -14.00, 4.835, 153.98, -13.76, 0.291, 41.51, 9.89);
insert into SHOT values (1405, 1485, 1486, 883, 8.120, 138.13, -17.00, 8.127, 133.81, -16.29, 0.596, 49.46, 9.08);
insert into SHOT values (1406, 1486, 1487, 883, 3.550, 126.13, -38.00, 3.585, 123.13, -37.25, 0.159, 55.58, 5.63);
insert into SHOT values (1407, 1488, 1489, 883, 6.420, 93.13, -66.00, 6.412, 93.08, -66.04, 0.009, 290.15, 32.37);
insert into SHOT values (1408, 1488, 1490, 883, 2.000, 178.13, -10.00, 2.002, 178.26, -10.07, 0.005, 251.12, -31.45);
insert into SHOT values (1409, 1490, 1491, 883, 1.450, 16.13, -90.00, 1.450, 90.00, -90.00, 0.000, 16.13, -29.69);
insert into SHOT values (1410, 1491, 1492, 883, 3.200, 290.13, -26.00, 3.198, 290.14, -25.96, 0.003, 82.88, 81.67);
insert into SHOT values (1411, 1492, 1493, 883, 1.760, 344.13, -46.00, 1.758, 344.38, -45.80, 0.008, 46.99, 45.94);
insert into SHOT values (1412, 1493, 1494, 883, 3.590, 288.13, -7.00, 3.594, 288.13, -7.03, 0.005, 285.92, -32.80);
insert into SHOT values (1413, 1494, 1487, 883, 1.440, 8.13, -38.00, 1.439, 8.13, -38.19, 0.005, 188.97, -45.69);
insert into SHOT values (1414, 1487, 1495, 883, 6.000, 81.13, -18.00, 6.001, 81.13, -17.96, 0.005, 78.60, 65.12);
insert into SHOT values (1415, 1495, 1496, 883, 13.000, 63.13, -48.00, 12.999, 63.14, -48.00, 0.002, 166.38, 35.99);
insert into SHOT values (1416, 1487, 1497, 883, 1.200, 351.13, 0.00, 1.204, 351.40, 0.00, 0.007, 48.90, 0.00);
insert into SHOT values (1417, 1497, 1498, 883, 12.000, 6.13, -35.00, 11.995, 6.13, -35.00, 0.005, 181.84, 39.22);
insert into SHOT values (1418, 1487, 1499, 883, 9.550, 306.13, -16.00, 9.491, 310.92, -15.52, 0.772, 41.16, 6.87);
insert into SHOT values (1419, 1500, 1501, 883, 14.300, 19.13, -48.00, 14.303, 19.15, -48.00, 0.005, 90.38, -38.18);
insert into SHOT values (1420, 1500, 1499, 883, 6.040, 176.13, -3.00, 6.042, 176.10, -3.04, 0.005, 122.40, -46.00);
insert into SHOT values (1421, 1499, 1502, 883, 6.880, 283.13, 17.00, 6.710, 286.50, 18.24, 0.442, 43.33, 11.54);
insert into SHOT values (1422, 1502, 1503, 883, 8.110, 264.13, 45.00, 7.960, 266.34, 48.05, 0.501, 58.03, 21.73);
insert into SHOT values (1423, 1503, 1504, 883, 6.040, 248.13, 19.00, 5.744, 249.51, 20.80, 0.373, 47.54, 11.36);
insert into SHOT values (1424, 1459, 1505, 883, 7.730, 122.13, -2.00, 7.721, 122.35, -1.48, 0.076, 226.14, 66.45);
insert into SHOT values (1425, 1505, 1506, 883, 3.350, 95.13, 5.00, 3.339, 95.18, 5.50, 0.031, 264.04, 63.55);
insert into SHOT values (1426, 1506, 1507, 883, 3.510, 97.13, -2.00, 3.498, 97.06, -1.64, 0.026, 297.41, 61.78);
insert into SHOT values (1427, 1507, 1508, 883, 6.200, 144.13, 11.00, 6.144, 143.34, 12.60, 0.199, 6.59, 51.96);
insert into SHOT values (1428, 1508, 1509, 883, 5.630, 136.13, 11.00, 5.587, 135.22, 12.61, 0.186, 5.07, 51.77);
insert into SHOT values (1429, 1509, 1510, 883, 6.550, 43.13, -3.00, 6.649, 42.38, -1.47, 0.220, 3.34, 51.64);
insert into SHOT values (1430, 1510, 1511, 883, 9.700, 307.13, 12.00, 9.699, 307.16, 12.02, 0.006, 60.10, 33.62);
insert into SHOT values (1431, 1510, 1483, 883, 12.730, 75.13, -33.00, 12.710, 73.47, -30.39, 0.659, 26.66, 49.76);
insert into SHOT values (1432, 1483, 1512, 883, 5.200, 233.13, 23.00, 5.460, 233.54, 22.39, 0.268, 240.93, 10.35);
insert into SHOT values (1433, 1512, 1513, 883, 5.420, 189.13, 13.00, 5.577, 191.14, 13.06, 0.245, 241.32, 9.58);
insert into SHOT values (1434, 1513, 1504, 883, 5.800, 314.13, -25.00, 5.867, 311.82, -24.15, 0.241, 247.43, 12.28);
insert into SHOT values (1435, 1504, 1514, 883, 5.920, 320.13, -2.00, 5.990, 321.24, -1.05, 0.167, 18.23, 35.43);
insert into SHOT values (1436, 1514, 1515, 883, 5.710, 284.13, 1.00, 5.717, 285.33, 2.00, 0.156, 12.79, 40.15);
insert into SHOT values (1437, 1515, 1516, 883, 6.600, 338.13, -15.00, 6.602, 338.18, -15.01, 0.006, 51.26, -17.37);
insert into SHOT values (1438, 1515, 1507, 883, 5.100, 258.13, 35.00, 5.104, 259.24, 36.13, 0.129, 23.30, 41.14);
insert into SHOT values (1439, 1513, 1517, 883, 8.700, 214.13, 29.00, 8.702, 214.13, 29.01, 0.003, 194.70, 53.26);
insert into SHOT values (1440, 1517, 1518, 883, 6.250, 169.13, 8.00, 6.252, 169.11, 8.00, 0.004, 120.34, 2.67);
insert into SHOT values (1441, 1518, 1519, 883, 8.880, 242.13, 18.00, 8.882, 242.19, 18.04, 0.010, 332.15, 34.59);
insert into SHOT values (1442, 1519, 1520, 883, 4.820, 271.13, 2.00, 4.814, 271.07, 1.90, 0.011, 130.42, -45.61);
insert into SHOT values (1443, 1520, 1521, 883, 5.050, 263.13, -6.00, 5.053, 263.14, -5.91, 0.009, 278.19, 64.61);
insert into SHOT values (1444, 1521, 1522, 883, 5.600, 275.13, 9.00, 5.600, 275.08, 8.94, 0.008, 193.14, -50.68);
insert into SHOT values (1445, 1522, 1523, 883, 4.800, 173.13, 20.00, 4.792, 173.11, 20.01, 0.008, 4.67, -11.70);
insert into SHOT values (1446, 1523, 1524, 883, 4.250, 241.13, 10.00, 4.254, 241.17, 10.02, 0.005, 278.10, 23.01);
insert into CENTRELINE values (884, 879, NULL, NULL, NULL, 179.84, 0.00, 0.00);
 insert into SHOT values (1447, 1525, 1526, 884, 7.470, 198.13, 9.00, 7.467, 198.09, 9.02, 0.007, 75.19, 12.67);
insert into SHOT values (1448, 1525, 1527, 884, 5.000, 59.13, -10.00, 5.005, 59.12, -10.01, 0.005, 42.68, -19.24);
insert into SHOT values (1449, 1525, 1528, 884, 8.530, 245.13, 19.00, 8.529, 245.15, 18.95, 0.008, 302.63, -67.20);
insert into SHOT values (1450, 1525, 1529, 884, 6.800, 322.13, -8.00, 6.802, 322.18, -8.03, 0.006, 40.23, -34.03);
insert into SHOT values (1451, 1525, 1530, 884, 8.980, 346.13, -22.00, 8.987, 346.18, -22.02, 0.011, 40.28, -35.01);
insert into SHOT values (1452, 1525, 1531, 884, 15.160, 99.13, -28.00, 15.164, 99.11, -28.00, 0.007, 42.74, -24.47);
insert into SHOT values (1453, 1525, 1532, 884, 15.800, 288.13, 19.00, 15.801, 288.13, 18.98, 0.005, 283.94, -55.00);
insert into SHOT values (1454, 1530, 1533, 884, 7.090, 354.13, -9.00, 7.085, 354.09, -9.01, 0.007, 214.46, -6.87);
insert into SHOT values (1455, 1533, 1534, 884, 7.100, 352.13, 1.00, 7.108, 352.15, 1.05, 0.010, 12.21, 36.99);
insert into SHOT values (1456, 1526, 1535, 884, 13.900, 238.13, 32.00, 13.902, 238.17, 31.97, 0.011, 291.32, -31.62);
insert into SHOT values (1457, 1535, 1431, 884, 11.290, 247.13, 33.00, 11.287, 247.12, 33.02, 0.005, 96.52, 12.97);
insert into SHOT values (1458, 1431, 1536, 884, 7.690, 336.13, 6.00, 7.684, 336.15, 5.98, 0.007, 130.65, -32.84);
insert into SHOT values (1459, 1431, 1537, 884, 12.970, 51.13, -16.00, 12.971, 51.15, -16.02, 0.007, 142.98, -47.46);
insert into SHOT values (1460, 1431, 1432, 884, 14.000, 357.13, -4.00, 12.730, 352.82, 0.63, 1.944, 214.06, 35.05);
insert into SHOT values (1461, 1431, 1538, 884, 11.310, 208.13, 31.00, 11.313, 208.12, 31.02, 0.005, 124.40, 74.63);
insert into SHOT values (1462, 1538, 1539, 884, 6.200, 213.13, 32.00, 6.193, 213.12, 31.98, 0.007, 52.03, -48.38);
insert into SHOT values (1463, 1539, 1540, 884, 9.150, 216.13, 35.00, 9.155, 216.11, 34.99, 0.007, 183.45, 15.40);
insert into SHOT values (1464, 1539, 1541, 884, 11.400, 294.13, 35.00, 11.407, 294.12, 34.98, 0.008, 284.54, 8.65);
insert into CENTRELINE values (885, 879, NULL, NULL, NULL, 108.92, 0.00, 0.00);
 insert into SHOT values (1465, 1531, 1542, 885, 5.200, 151.13, -15.00, 5.200, 151.19, -15.05, 0.007, 254.98, -39.01);
insert into SHOT values (1466, 1542, 1543, 885, 6.150, 126.13, -20.00, 6.152, 126.14, -19.96, 0.005, 133.09, 45.29);
insert into SHOT values (1467, 1543, 1544, 885, 8.950, 129.13, -35.00, 8.946, 129.07, -34.99, 0.008, 24.06, 24.66);
insert into SHOT values (1468, 1544, 1545, 885, 10.550, 129.13, -33.00, 10.553, 129.18, -33.01, 0.008, 208.99, -31.06);
insert into SHOT values (1469, 1545, 1546, 885, 6.300, 97.13, -10.00, 6.303, 97.13, -9.96, 0.005, 84.48, 46.80);
insert into SHOT values (1470, 1546, 1547, 885, 10.650, 113.13, 6.00, 10.649, 113.13, 5.98, 0.003, 356.13, -72.11);
insert into SHOT values (1471, 1547, 1548, 885, 7.700, 107.13, -24.00, 7.697, 107.12, -24.00, 0.004, 315.44, 31.34);
insert into SHOT values (1472, 1548, 1549, 885, 7.800, 114.13, -39.00, 7.800, 114.15, -39.01, 0.003, 229.62, -26.90);
insert into SHOT values (1473, 1549, 1550, 885, 9.720, 110.13, -34.00, 9.725, 110.10, -34.01, 0.007, 48.91, -40.33);
insert into SHOT values (1474, 1550, 1551, 885, 4.520, 103.13, -21.00, 4.521, 103.15, -21.00, 0.001, 155.12, -7.35);
insert into SHOT values (1475, 1551, 1552, 885, 8.400, 102.13, 3.00, 8.398, 102.11, 3.00, 0.003, 339.78, 6.64);
insert into SHOT values (1476, 1552, 1553, 885, 4.830, 83.13, 8.00, 4.832, 83.16, 8.09, 0.008, 145.39, 73.39);
insert into SHOT values (1477, 1553, 1554, 885, 6.050, 356.13, -43.00, 6.049, 356.11, -43.06, 0.006, 198.72, -38.75);
insert into SHOT values (1478, 1551, 1555, 885, 6.100, 163.13, 3.00, 6.098, 163.20, 3.01, 0.008, 266.74, 5.68);
insert into SHOT values (1479, 1555, 1556, 885, 6.000, 168.13, -21.00, 6.000, 168.05, -21.00, 0.008, 77.71, 1.44);
insert into CENTRELINE values (886, 879, NULL, NULL, NULL, 114.81, 0.00, 0.00);
 insert into SHOT values (1480, 1557, 1558, 886, 4.300, 326.13, 16.80, 4.304, 326.08, 16.74, 0.007, 288.19, -24.19);
insert into SHOT values (1481, 1558, 1559, 886, 6.380, 348.13, -34.00, 6.383, 348.22, -34.01, 0.009, 63.85, -15.27);
insert into SHOT values (1482, 1559, 1560, 886, 8.320, 41.13, -38.50, 8.316, 41.14, -38.53, 0.005, 216.65, -7.31);
insert into SHOT values (1483, 1560, 1561, 886, 10.360, 9.13, -33.00, 10.360, 9.14, -32.98, 0.003, 32.01, 54.06);
insert into SHOT values (1484, 1561, 1562, 886, 6.340, 346.13, -35.00, 6.341, 346.07, -35.03, 0.007, 248.70, -31.98);
insert into SHOT values (1485, 1562, 1563, 886, 7.240, 92.33, 0.90, 7.247, 92.29, 0.95, 0.010, 56.10, 37.10);
insert into SHOT values (1486, 1563, 1564, 886, 3.840, 151.63, 47.80, 3.835, 151.74, 47.78, 0.007, 266.58, -40.21);
insert into SHOT values (1487, 1564, 1565, 886, 3.770, 107.13, 17.70, 3.770, 107.17, 17.76, 0.005, 227.34, 52.24);
insert into SHOT values (1488, 1565, 1566, 886, 14.460, 60.63, -30.70, 14.463, 60.63, -30.68, 0.006, 59.71, 26.07);
insert into SHOT values (1489, 1566, 1567, 886, 5.320, 69.33, 9.60, 5.677, 75.12, 8.92, 0.657, 128.78, -0.63);
insert into SHOT values (1490, 1567, 1568, 886, 7.590, 21.83, -43.00, 7.454, 28.75, -44.89, 0.712, 137.71, -6.75);
insert into SHOT values (1491, 1568, 1569, 886, 8.590, 24.13, -54.70, 8.500, 30.98, -56.89, 0.667, 146.75, -9.44);
insert into SHOT values (1492, 1569, 1570, 886, 12.950, 279.13, -11.70, 12.950, 279.12, -11.72, 0.005, 176.03, -55.15);
insert into SHOT values (1493, 1569, 1571, 886, 4.600, 359.13, -3.80, 4.134, 4.59, -4.16, 0.624, 140.19, 0.45);
insert into SHOT values (1494, 1571, 1572, 886, 4.870, 354.43, -63.50, 4.667, 0.00, -68.11, 0.473, 153.49, 3.43);
insert into SHOT values (1495, 1572, 1573, 886, 2.880, 284.83, -33.20, 2.360, 281.01, -37.00, 0.566, 118.18, 16.09);
insert into SHOT values (1496, 1573, 1477, 886, 3.000, 194.93, -40.70, 3.260, 189.54, -38.96, 0.358, 151.23, -15.20);
insert into CENTRELINE values (887, 879, NULL, NULL, NULL, 293.31, 0.00, 0.00);
 insert into SHOT values (1497, 1524, 1574, 887, 11.340, 153.13, 5.00, 11.345, 153.12, 5.01, 0.006, 119.19, 17.27);
insert into SHOT values (1498, 1574, 1575, 887, 7.670, 188.13, 2.75, 7.675, 188.10, 2.76, 0.007, 147.25, 16.03);
insert into SHOT values (1499, 1575, 1576, 887, 5.790, 150.13, -18.00, 5.785, 150.13, -18.02, 0.006, 336.57, -7.91);
insert into SHOT values (1500, 1576, 1577, 887, 3.000, 223.13, 14.00, 2.995, 223.19, 13.91, 0.007, 1.88, -53.34);
insert into SHOT values (1501, 1577, 1578, 887, 3.860, 248.13, -14.00, 3.865, 248.09, -13.92, 0.008, 219.59, 30.43);
insert into SHOT values (1502, 1578, 1579, 887, 6.240, 290.13, -77.00, 6.240, 289.98, -76.99, 0.004, 213.41, 1.05);
insert into SHOT values (1503, 1576, 1580, 887, 5.410, 67.13, -33.00, 5.410, 67.17, -33.04, 0.005, 190.98, -47.43);
insert into SHOT values (1504, 1580, 1581, 887, 3.890, 94.13, -50.00, 3.888, 94.13, -50.05, 0.004, 272.81, -1.26);
insert into SHOT values (1505, 1581, 1582, 887, 3.800, 167.13, -3.00, 3.802, 167.06, -3.02, 0.005, 95.84, -12.81);
insert into SHOT values (1506, 1582, 1583, 887, 2.930, 194.13, 44.00, 2.931, 194.30, 44.10, 0.008, 305.76, 35.06);
insert into SHOT values (1507, 1583, 1584, 887, 7.630, 196.13, 46.00, 7.629, 196.11, 46.02, 0.003, 60.79, 24.68);
insert into SHOT values (1508, 1581, 1585, 887, 3.550, 328.13, 56.00, 3.558, 328.15, 56.00, 0.008, 334.60, 56.85);
insert into SHOT values (1509, 1585, 1586, 887, 6.680, 60.13, -23.00, 6.689, 60.19, -23.06, 0.013, 105.58, -51.00);
insert into SHOT values (1510, 1586, 1587, 887, 5.280, 96.13, -14.00, 5.275, 96.17, -13.93, 0.009, 234.96, 57.43);
insert into SHOT values (1511, 1576, 1588, 887, 5.500, 284.13, 18.00, 5.498, 284.17, 18.01, 0.004, 41.55, 6.18);
insert into SHOT values (1512, 1588, 1589, 887, 3.730, 239.13, 24.00, 3.736, 239.15, 24.01, 0.006, 251.07, 27.92);
insert into SHOT values (1513, 1589, 1590, 887, 7.970, 262.13, 23.00, 7.972, 262.09, 22.96, 0.008, 204.47, -33.02);
insert into SHOT values (1514, 1590, 1591, 887, 2.560, 264.13, 8.00, 2.559, 264.11, 8.09, 0.004, 115.11, 61.79);
insert into SHOT values (1515, 1591, 1592, 887, 1.700, 338.13, -9.40, 1.702, 338.33, -9.47, 0.006, 53.19, -21.87);
insert into SHOT values (1516, 1592, 1593, 887, 6.530, 292.13, 11.00, 6.533, 292.17, 10.94, 0.008, 335.37, -47.31);
insert into SHOT values (1517, 1593, 1594, 887, 4.240, 206.13, 25.00, 4.242, 206.10, 25.11, 0.008, 91.60, 72.61);
insert into SHOT values (1518, 1593, 1595, 887, 4.200, 186.13, 28.00, 4.207, 186.19, 28.08, 0.010, 233.47, 59.85);
insert into SHOT values (1519, 1595, 1596, 887, 1.000, 16.13, 90.00, 1.000, 90.00, 90.00, 0.000, 16.13, 0.00);
insert into SHOT values (1520, 1596, 1597, 887, 6.460, 197.13, 26.00, 6.460, 197.12, 25.98, 0.002, 163.89, -51.46);
insert into SHOT values (1521, 1597, 1598, 887, 9.870, 243.13, 34.00, 9.872, 243.12, 34.00, 0.002, 198.11, 19.49);
insert into SHOT values (1522, 1598, 1599, 887, 8.500, 106.13, 60.00, 8.502, 106.09, 59.96, 0.008, 82.96, -9.31);
insert into SHOT values (1523, 1524, 1600, 887, 5.400, 313.13, -1.00, 5.399, 313.12, -0.96, 0.004, 172.56, 72.12);
insert into SHOT values (1524, 1600, 1601, 887, 5.100, 263.13, 30.00, 5.096, 263.10, 30.03, 0.005, 110.46, -0.00);
insert into SHOT values (1525, 1601, 1602, 887, 6.160, 242.13, 26.00, 6.165, 242.14, 25.97, 0.006, 249.49, -3.57);
insert into SHOT values (1526, 1602, 1603, 887, 4.600, 313.13, 19.00, 4.599, 313.23, 18.90, 0.011, 32.54, -45.20);
insert into SHOT values (1527, 1603, 1604, 887, 15.800, 332.13, 2.00, 15.792, 332.12, 2.03, 0.013, 174.71, 42.94);
insert into SHOT values (1528, 1605, 1606, 887, 6.700, 167.13, -11.00, 6.698, 167.08, -10.93, 0.010, 71.96, 56.24);
insert into SHOT values (1529, 1607, 1605, 887, 2.200, 182.13, 16.00, 2.195, 182.17, 15.86, 0.007, 338.49, -60.93);
insert into SHOT values (1530, 1608, 1607, 887, 3.240, 234.13, 35.00, 3.243, 234.04, 35.00, 0.005, 171.09, 17.81);
insert into SHOT values (1531, 1609, 1608, 887, 3.470, 205.13, 14.00, 3.463, 205.19, 14.04, 0.008, 359.87, 3.72);
insert into SHOT values (1532, 1610, 1609, 887, 4.740, 235.13, 34.00, 4.745, 235.14, 33.95, 0.007, 238.94, -4.83);
insert into SHOT values (1533, 1611, 1610, 887, 5.300, 248.13, 42.00, 5.300, 248.06, 42.06, 0.007, 119.66, 30.73);
insert into SHOT values (1534, 1612, 1611, 887, 3.340, 183.13, 22.00, 3.338, 183.15, 21.99, 0.003, 340.42, -27.28);
insert into SHOT values (1535, 1613, 1612, 887, 2.580, 173.13, 24.00, 2.580, 173.18, 24.01, 0.002, 271.17, 18.74);
insert into SHOT values (1536, 1614, 1613, 887, 4.380, 262.13, 25.00, 4.377, 262.18, 25.00, 0.004, 33.91, -14.74);
insert into SHOT values (1537, 1603, 1614, 887, 1.920, 183.13, 20.00, 1.929, 183.16, 20.01, 0.009, 189.41, 21.11);
insert into SHOT values (1538, 1615, 1616, 887, 15.590, 268.83, 64.50, 15.589, 268.80, 64.50, 0.004, 175.18, -21.76);
insert into SHOT values (1539, 1615, 1617, 887, 11.500, 104.23, 4.10, 11.501, 104.23, 4.09, 0.003, 84.78, -55.64);
insert into SHOT values (1540, 1617, 1618, 887, 6.640, 123.13, -4.00, 6.642, 123.11, -3.97, 0.005, 82.09, 44.98);
insert into SHOT values (1541, 1618, 1619, 887, 3.510, 164.33, -5.50, 3.515, 164.41, -5.55, 0.008, 210.53, -27.32);
insert into SHOT values (1542, 1619, 1620, 887, 9.800, 222.13, 31.00, 9.799, 222.10, 31.02, 0.006, 94.63, 26.34);
insert into SHOT values (1543, 1620, 1621, 887, 8.000, 16.13, 90.00, 8.000, 90.00, 90.00, 0.000, 16.13, 0.00);
insert into SHOT values (1544, 1619, 1622, 887, 11.570, 119.03, 3.40, 11.569, 119.01, 3.42, 0.007, 17.85, 35.43);
insert into SHOT values (1545, 1622, 1623, 887, 7.010, 112.03, -17.30, 7.017, 112.01, -17.33, 0.008, 83.02, -42.25);
insert into SHOT values (1546, 1623, 1604, 887, 5.430, 151.73, 35.50, 5.437, 151.81, 35.53, 0.010, 208.62, 42.36);
insert into CENTRELINE values (888, 879, NULL, '2020-02-02', NULL, 118.39, 0.00, 0.00);
 insert into SHOT values (1547, 1557, 1624, 888, 5.160, 278.60, -14.00, 5.160, 278.62, -14.02, 0.002, 17.80, -49.44);
insert into SHOT values (1548, 1624, 1625, 888, 5.460, 194.60, -9.00, 5.462, 194.60, -9.06, 0.006, 207.60, -75.51);
insert into SHOT values (1549, 1625, 1626, 888, 3.290, 136.60, 0.00, 3.289, 136.60, 0.00, 0.001, 306.75, 0.00);
insert into SHOT values (1550, 1626, 1627, 888, 11.970, 228.60, -2.00, 11.966, 228.59, -1.96, 0.008, 70.20, 65.81);
insert into SHOT values (1551, 1627, 1628, 888, 4.600, 106.60, 48.00, 4.594, 106.61, 47.93, 0.008, 158.23, -85.03);
insert into SHOT values (1552, 1628, 1629, 888, 8.360, 238.60, 25.00, 8.366, 238.60, 25.03, 0.008, 230.80, 61.43);
insert into SHOT values (1553, 1629, 1630, 888, 6.020, 258.60, 31.00, 6.021, 258.60, 30.99, 0.002, 269.86, -17.61);
insert into SHOT values (1554, 1630, 1631, 888, 7.900, 234.60, 50.00, 7.898, 234.62, 49.99, 0.003, 334.24, -43.75);
insert into SHOT values (1555, 1631, 1632, 888, 7.940, 247.60, -23.00, 7.940, 247.65, -22.98, 0.006, 332.75, 22.18);
insert into SHOT values (1556, 1632, 1633, 888, 8.130, 349.60, 30.00, 8.123, 349.60, 29.99, 0.007, 168.14, -43.80);
insert into SHOT values (1557, 1633, 1634, 888, 6.300, 84.60, 10.00, 6.304, 84.64, 10.05, 0.008, 140.48, 49.65);
insert into SHOT values (1558, 1634, 1635, 888, 4.120, 4.60, 15.00, 4.122, 4.61, 14.90, 0.007, 15.41, -62.34);
insert into SHOT values (1559, 1635, 1636, 888, 10.080, 49.60, 59.00, 10.080, 49.53, 59.00, 0.006, 325.59, -2.24);
insert into SHOT values (1560, 1636, 1637, 888, 8.000, 14.60, -15.00, 7.993, 14.63, -15.01, 0.008, 164.18, 3.85);
insert into SHOT values (1561, 1637, 1638, 888, 7.180, 353.60, 5.00, 7.183, 353.58, 5.03, 0.005, 306.03, 52.48);
insert into SHOT values (1562, 1638, 1639, 888, 3.700, 9.60, 28.00, 3.701, 9.69, 28.04, 0.006, 102.56, 28.94);
insert into SHOT values (1563, 1639, 1640, 888, 7.000, 357.60, -10.00, 7.003, 357.59, -10.03, 0.005, 332.47, -58.81);
insert into SHOT values (1564, 1640, 1641, 888, 3.180, 36.60, -45.00, 3.183, 36.51, -44.97, 0.005, 352.22, -16.22);
insert into CENTRELINE values (889, 879, NULL, NULL, NULL, 150.84, 0.00, 0.00);
 insert into SHOT values (1565, 1519, 1642, 889, 7.960, 120.33, -12.50, 7.966, 120.36, -12.54, 0.009, 154.82, -50.42);
insert into SHOT values (1566, 1642, 1643, 889, 3.630, 154.43, 1.90, 3.625, 154.50, 1.90, 0.006, 295.51, -3.17);
insert into SHOT values (1567, 1643, 1644, 889, 4.280, 154.23, 10.80, 4.284, 154.23, 10.76, 0.005, 148.50, -23.81);
insert into SHOT values (1568, 1644, 1645, 889, 6.160, 170.53, -4.70, 6.154, 170.52, -4.66, 0.007, 1.71, 39.92);
insert into SHOT values (1569, 1645, 1646, 889, 4.730, 166.13, 14.30, 4.731, 166.12, 14.32, 0.002, 95.86, 49.14);
insert into SHOT values (1570, 1646, 1647, 889, 3.100, 271.13, -7.50, 3.098, 271.12, -7.61, 0.006, 104.61, -61.01);
insert into SHOT values (1571, 1647, 1648, 889, 4.170, 280.23, 9.00, 4.178, 280.19, 9.09, 0.010, 256.40, 47.42);
insert into SHOT values (1572, 1647, 1649, 889, 2.000, 166.83, -30.50, 1.999, 166.93, -30.35, 0.006, 231.26, 57.18);
insert into SHOT values (1573, 1649, 1650, 889, 1.240, 225.43, -16.90, 1.235, 225.34, -16.95, 0.006, 63.78, 4.59);
insert into SHOT values (1574, 1650, 1651, 889, 3.710, 158.73, 43.50, 3.707, 158.87, 43.46, 0.008, 250.82, -30.30);
insert into SHOT values (1575, 1651, 1652, 889, 13.900, 194.43, 19.20, 13.897, 194.43, 19.20, 0.003, 34.10, -21.88);
insert into SHOT values (1576, 1651, 1653, 889, 3.950, 196.23, 5.10, 3.952, 196.23, 5.08, 0.003, 184.60, -24.46);
insert into SHOT values (1577, 1645, 1654, 889, 3.670, 69.03, -25.80, 3.674, 69.10, -25.81, 0.006, 117.01, -27.53);
insert into SHOT values (1578, 1522, 1655, 889, 2.440, 348.83, 7.60, 2.447, 348.83, 7.51, 0.008, 347.67, -20.09);
insert into SHOT values (1579, 1655, 1656, 889, 10.140, 328.53, -54.40, 10.133, 328.52, -54.41, 0.007, 164.35, 45.04);
insert into SHOT values (1580, 1656, 1657, 889, 4.690, 339.03, -11.90, 4.694, 339.08, -11.93, 0.006, 25.10, -29.36);
insert into SHOT values (1581, 1657, 1658, 889, 7.740, 352.63, -20.60, 7.734, 352.62, -20.59, 0.006, 190.17, 31.21);
insert into SHOT values (1582, 1658, 1659, 889, 4.380, 328.63, -5.70, 4.380, 328.61, -5.77, 0.005, 225.39, -68.77);
insert into SHOT values (1583, 1659, 1660, 889, 5.740, 327.03, -42.50, 5.733, 327.06, -42.46, 0.008, 100.63, 69.63);
insert into SHOT values (1584, 1660, 1661, 889, 4.360, 316.53, 44.50, 4.358, 316.56, 44.42, 0.007, 347.78, -62.50);
insert into SHOT values (1585, 1662, 1663, 889, 4.340, 75.13, 0.10, 4.335, 75.16, 0.13, 0.006, 232.78, 22.34);
insert into SHOT values (1586, 1663, 1664, 889, 5.150, 59.13, 10.50, 5.152, 59.13, 10.40, 0.009, 59.90, -64.68);
insert into SHOT values (1587, 1664, 1665, 889, 1.000, 59.13, 90.00, 1.000, 90.00, 90.00, 0.000, 59.13, 0.00);
insert into SHOT values (1588, 1665, 1451, 889, 8.360, 77.53, -34.90, 8.354, 77.53, -34.90, 0.006, 267.55, 33.24);
insert into SHOT values (1589, 1524, 1666, 889, 30.000, 336.13, 0.00, 29.992, 336.14, 0.00, 0.010, 117.62, 0.00);
insert into CENTRELINE values (890, 879, NULL, NULL, NULL, 90.97, 0.00, 0.00);
 insert into SHOT values (1590, 1667, 1668, 890, 4.720, 156.13, 74.00, 4.723, 155.99, 73.99, 0.005, 93.97, 38.37);
insert into SHOT values (1591, 1668, 1669, 890, 5.800, 239.13, 22.00, 5.798, 239.24, 21.98, 0.010, 335.88, -15.36);
insert into SHOT values (1592, 1669, 1670, 890, 11.210, 199.13, 10.00, 11.211, 199.14, 10.02, 0.004, 266.32, 63.65);
insert into SHOT values (1593, 1670, 1671, 890, 8.560, 187.13, 2.00, 8.561, 187.12, 2.01, 0.003, 122.63, 25.64);
insert into SHOT values (1594, 1671, 1672, 890, 11.150, 190.13, 11.00, 11.153, 190.10, 10.96, 0.011, 135.12, -43.76);
insert into SHOT values (1595, 1672, 1673, 890, 6.350, 201.13, -1.00, 6.348, 201.15, -0.99, 0.002, 334.01, 19.82);
insert into SHOT values (1596, 1673, 1674, 890, 8.240, 298.13, -57.00, 8.242, 298.16, -56.97, 0.005, 328.90, 8.01);
insert into SHOT values (1597, 1674, 1675, 890, 13.540, 198.13, 13.00, 13.544, 198.15, 13.01, 0.006, 241.86, 41.66);
insert into SHOT values (1598, 1675, 1676, 890, 11.660, 205.13, -20.00, 11.660, 205.11, -20.01, 0.004, 97.99, -29.94);
insert into SHOT values (1599, 1676, 1677, 890, 6.400, 202.13, 8.00, 6.400, 202.15, 7.99, 0.002, 287.64, -16.63);
insert into SHOT values (1600, 1677, 1641, 890, 3.340, 186.13, 16.00, 3.337, 186.08, 16.00, 0.004, 53.13, -9.56);
insert into CENTRELINE values (891, 879, NULL, NULL, NULL, 150.27, 0.00, 0.00);
 insert into SHOT values (1601, 1470, 1678, 891, 6.000, 315.13, 5.00, 5.287, 315.62, 5.64, 0.718, 131.59, -0.23);
insert into SHOT values (1602, 1678, 1679, 891, 10.000, 315.13, 80.00, 10.020, 116.57, 89.74, 1.787, 134.67, 5.52);
insert into SHOT values (1603, 1679, 1680, 891, 0.000, 16.13, 0.00, 0.177, 132.71, 0.00, 0.177, 132.71, 0.00);
insert into SHOT values (1604, 1680, 1681, 891, 11.710, 315.43, 24.60, 11.100, 316.26, 29.64, 1.183, 127.51, 31.34);
insert into SHOT values (1605, 1681, 1682, 891, 19.910, 326.33, 29.70, 19.593, 331.15, 38.77, 3.425, 114.57, 44.61);
insert into SHOT values (1606, 1682, 1683, 891, 14.000, 217.03, 14.80, 14.001, 217.01, 14.77, 0.008, 156.56, -50.73);
insert into SHOT values (1607, 1682, 1684, 891, 2.930, 49.53, -31.20, 3.031, 55.64, -30.76, 0.291, 122.76, -6.35);
insert into SHOT values (1608, 1684, 1685, 891, 8.670, 310.83, -5.50, 7.953, 310.69, -6.64, 0.736, 132.40, -6.94);
insert into SHOT values (1609, 1685, 1686, 891, 6.650, 256.23, -71.50, 6.555, 249.11, -75.63, 0.537, 98.36, -4.66);
insert into SHOT values (1610, 1686, 1687, 891, 8.200, 183.33, -16.40, 8.686, 176.93, -14.94, 1.052, 120.15, 4.10);
insert into SHOT values (1611, 1687, 1688, 891, 8.150, 159.73, 22.40, 8.761, 156.07, 19.47, 0.902, 123.06, -11.88);
insert into SHOT values (1612, 1688, 1689, 891, 10.110, 178.43, -18.80, 10.657, 171.55, -16.63, 1.364, 113.29, 8.78);
insert into SHOT values (1613, 1689, 1690, 891, 4.510, 144.93, -27.20, 5.136, 143.72, -24.75, 0.665, 136.32, -7.64);
insert into SHOT values (1614, 1690, 1691, 891, 5.160, 216.73, -68.10, 5.197, 209.78, -67.45, 0.248, 139.34, -2.86);
insert into SHOT values (1615, 1691, 1692, 891, 10.590, 308.63, -22.10, 9.953, 308.02, -26.62, 1.035, 134.61, -27.35);
insert into SHOT values (1616, 1692, 1693, 891, 11.320, 273.13, -63.90, 11.203, 267.17, -72.09, 1.670, 106.09, -17.22);
insert into SHOT values (1617, 1693, 1694, 891, 7.000, 350.73, -21.40, 6.514, 355.96, -23.91, 0.804, 128.02, -6.13);
insert into SHOT values (1618, 1694, 1566, 891, 5.360, 278.93, -39.80, 4.918, 275.02, -43.90, 0.631, 121.48, 1.91);
insert into CENTRELINE values (892, 879, NULL, NULL, NULL, 267.45, 0.00, 0.00);
 insert into SHOT values (1619, 1667, 1695, 892, 0.000, 16.13, 0.00, 0.000, 90.00, 0.00, 0.000, 90.00, 0.00);
insert into SHOT values (1620, 1695, 1696, 892, 2.650, 266.33, 18.90, 2.649, 266.34, 18.95, 0.003, 79.53, 38.63);
insert into SHOT values (1621, 1696, 1697, 892, 14.460, 310.13, -48.30, 14.465, 310.11, -48.30, 0.007, 268.39, -32.96);
insert into SHOT values (1622, 1697, 1698, 892, 9.670, 121.33, 31.20, 9.673, 121.31, 31.19, 0.005, 76.74, 7.68);
insert into SHOT values (1623, 1698, 1699, 892, 3.390, 114.53, 9.70, 3.387, 114.42, 9.69, 0.008, 0.93, -9.00);
insert into SHOT values (1624, 1699, 1700, 892, 6.020, 182.13, 8.60, 6.022, 182.12, 8.60, 0.002, 140.39, -4.93);
insert into SHOT values (1625, 1700, 1701, 892, 10.590, 220.63, -33.00, 10.589, 220.66, -32.95, 0.010, 271.79, 50.79);
insert into SHOT values (1626, 1701, 1702, 892, 6.540, 189.63, 24.00, 6.540, 189.64, 24.00, 0.000, 321.89, -7.35);
insert into SHOT values (1627, 1697, 1703, 892, 11.310, 0.83, -26.80, 11.316, 0.85, -26.79, 0.007, 29.21, -4.85);
insert into SHOT values (1628, 1703, 1704, 892, 11.130, 4.13, 22.30, 11.132, 4.12, 22.33, 0.007, 248.83, 71.37);
insert into SHOT values (1629, 1704, 1705, 892, 13.630, 36.23, 3.60, 13.627, 36.24, 3.58, 0.006, 186.84, -65.87);
insert into SHOT values (1630, 1705, 1706, 892, 23.410, 11.83, 0.80, 23.410, 11.83, 0.81, 0.003, 150.34, 83.19);
insert into SHOT values (1631, 1706, 1707, 892, 3.630, 47.63, 51.70, 3.636, 47.69, 51.61, 0.009, 63.32, 8.26);
insert into SHOT values (1632, 1707, 1708, 892, 15.560, 7.73, -29.40, 15.558, 7.72, -29.41, 0.005, 234.60, -17.53);
insert into SHOT values (1633, 1708, 1709, 892, 25.710, 332.13, 2.40, 25.713, 332.13, 2.41, 0.005, 296.43, 45.34);
insert into SHOT values (1634, 1709, 1710, 892, 10.460, 269.13, 17.30, 10.454, 269.14, 17.31, 0.006, 78.14, -5.35);
insert into SHOT values (1635, 1710, 1711, 892, 11.560, 227.13, 15.40, 11.560, 227.15, 15.40, 0.002, 321.75, 3.94);
insert into SHOT values (1636, 1711, 1712, 892, 14.080, 104.83, 26.30, 14.074, 104.83, 26.27, 0.009, 304.30, -74.60);
insert into SHOT values (1637, 1711, 1713, 892, 4.590, 249.83, -21.60, 4.593, 249.87, -21.59, 0.004, 288.64, -4.20);
insert into SHOT values (1638, 1713, 1714, 892, 10.030, 281.33, 6.20, 10.021, 281.29, 6.19, 0.012, 143.64, -15.48);
insert into SHOT values (1639, 1713, 1715, 892, 8.960, 11.03, -13.00, 8.952, 11.04, -13.04, 0.010, 184.47, -26.17);
insert into SHOT values (1640, 1715, 1716, 892, 11.150, 351.93, -29.60, 11.152, 351.94, -29.61, 0.003, 27.54, -64.54);
insert into SHOT values (1641, 1716, 1717, 892, 5.830, 354.93, -33.40, 5.832, 354.93, -33.40, 0.002, 357.12, -20.52);
insert into SHOT values (1642, 1717, 1718, 892, 8.070, 55.13, -35.20, 8.069, 55.13, -35.19, 0.002, 285.10, 73.40);
insert into SHOT values (1643, 1717, 1719, 892, 11.210, 304.63, 29.90, 11.205, 304.64, 29.93, 0.007, 114.94, 16.37);
insert into SHOT values (1644, 1719, 1720, 892, 10.540, 351.43, 6.20, 10.548, 351.44, 6.20, 0.009, 6.60, 11.06);
insert into SHOT values (1645, 1720, 1721, 892, 3.270, 271.23, 18.30, 3.277, 271.11, 18.32, 0.010, 221.95, 19.58);
insert into CENTRELINE values (893, 879, NULL, '2017-02-19', NULL, 299.35, 0.00, 0.00);
 insert into SHOT values (1646, 1708, 1722, 893, 12.350, 21.85, 17.00, 12.350, 21.87, 17.00, 0.004, 113.75, -11.22);
insert into SHOT values (1647, 1722, 1723, 893, 23.620, 34.45, -8.00, 23.621, 34.44, -8.01, 0.005, 315.95, -33.34);
insert into SHOT values (1648, 1723, 1724, 893, 5.350, 28.85, -24.00, 5.348, 28.87, -23.94, 0.006, 116.40, 75.52);
insert into SHOT values (1649, 1724, 1725, 893, 11.390, 118.85, -26.00, 11.388, 118.87, -26.04, 0.009, 272.86, -47.70);
insert into SHOT values (1650, 1725, 1726, 893, 15.150, 8.85, -2.00, 15.149, 8.85, -1.97, 0.009, 233.45, 86.22);
insert into SHOT values (1651, 1726, 1727, 893, 7.550, 14.85, -6.00, 7.554, 14.89, -6.00, 0.006, 65.80, -8.26);
insert into SHOT values (1652, 1727, 1728, 893, 7.590, 25.85, 3.00, 7.586, 25.82, 2.95, 0.009, 260.05, -53.21);
insert into SHOT values (1653, 1728, 1729, 893, 5.060, 280.85, 12.00, 5.060, 280.83, 12.09, 0.008, 156.50, 74.51);
insert into SHOT values (1654, 1729, 1730, 893, 7.790, 34.95, -32.90, 7.795, 34.98, -32.95, 0.009, 105.89, -71.86);
insert into SHOT values (1655, 1730, 1731, 893, 9.440, 59.75, -69.10, 9.442, 59.71, -69.09, 0.004, 12.49, -16.33);
insert into SHOT values (1656, 1731, 1732, 893, 17.800, 334.85, -15.00, 17.796, 334.84, -14.98, 0.009, 225.29, 50.57);
insert into SHOT values (1657, 1732, 1733, 893, 26.450, 315.85, 33.00, 26.448, 315.86, 32.99, 0.006, 1.57, -68.20);
insert into SHOT values (1658, 1733, 1734, 893, 20.400, 350.85, -23.00, 20.399, 350.87, -23.00, 0.005, 84.85, 10.80);
insert into SHOT values (1659, 1734, 1735, 893, 14.580, 76.85, -32.00, 14.576, 76.86, -31.98, 0.007, 194.06, 71.03);
insert into SHOT values (1660, 1735, 1736, 893, 5.500, 162.85, -24.60, 5.500, 162.91, -24.60, 0.005, 251.21, -5.78);
insert into SHOT values (1661, 1736, 1737, 893, 22.000, 44.65, -48.80, 22.008, 44.66, -48.80, 0.009, 73.69, -51.56);
insert into SHOT values (1662, 1737, 1738, 893, 10.210, 333.85, -11.00, 10.888, 335.77, -9.25, 0.827, 0.46, 13.86);
insert into SHOT values (1663, 1738, 1739, 893, 9.920, 259.85, 25.00, 10.809, 253.58, 21.15, 1.537, 212.93, -10.97);
insert into SHOT values (1664, 1739, 1740, 893, 8.370, 312.85, 4.00, 8.670, 300.54, 4.90, 1.851, 225.66, 4.84);
insert into SHOT values (1665, 1738, 1741, 893, 12.310, 293.85, 16.00, 13.280, 316.72, 13.28, 5.035, 22.99, -3.91);
insert into SHOT values (1666, 1741, 1742, 893, 8.970, 238.85, -11.00, 8.028, 251.61, -15.53, 2.168, 5.30, -11.67);
insert into SHOT values (1667, 1737, 1743, 893, 7.300, 150.85, -18.00, 7.940, 152.66, -15.71, 0.745, 169.96, 8.16);
insert into SHOT values (1668, 1743, 1744, 893, 30.250, 140.85, -3.00, 30.252, 140.86, -3.01, 0.007, 195.25, -72.96);
insert into CENTRELINE values (894, 879, NULL, NULL, NULL, 133.27, 0.00, 0.00);
 insert into SHOT values (1669, 1744, 1745, 894, 11.950, 111.13, -26.00, 11.947, 111.12, -25.96, 0.009, 37.25, 71.49);
insert into SHOT values (1670, 1745, 1746, 894, 3.790, 7.13, 12.00, 3.790, 7.13, 11.88, 0.008, 348.58, -79.09);
insert into SHOT values (1671, 1746, 1747, 894, 9.030, 5.63, -9.00, 9.033, 5.60, -8.98, 0.007, 308.26, 20.83);
insert into SHOT values (1672, 1747, 1748, 894, 11.140, 18.53, -6.00, 11.138, 18.58, -5.98, 0.011, 117.33, 24.63);
insert into SHOT values (1673, 1748, 1749, 894, 9.000, 148.13, -9.00, 8.999, 148.15, -9.01, 0.004, 258.06, -33.41);
insert into SHOT values (1674, 1749, 1750, 894, 10.500, 135.13, 6.00, 10.502, 135.12, 6.01, 0.004, 72.18, 36.47);
insert into SHOT values (1675, 1743, 1751, 894, 6.000, 266.13, -22.00, 5.918, 259.37, -22.34, 0.657, 164.97, -0.21);
insert into SHOT values (1676, 1751, 1752, 894, 26.260, 328.13, -8.00, 25.857, 320.69, -10.99, 3.624, 223.88, -20.61);
insert into SHOT values (1677, 1752, 1753, 894, 12.400, 332.13, 15.30, 11.782, 329.19, 18.61, 1.105, 187.49, 26.19);
insert into SHOT values (1678, 1753, 1754, 894, 6.450, 329.13, 10.50, 6.454, 329.19, 10.53, 0.009, 30.94, 31.92);
insert into SHOT values (1679, 1754, 1755, 894, 3.180, 33.63, -21.00, 3.176, 33.58, -21.03, 0.005, 246.98, -4.76);
insert into SHOT values (1680, 1753, 1756, 894, 5.850, 148.13, 49.00, 6.528, 156.58, 43.57, 1.094, 187.71, 4.45);
insert into SHOT values (1681, 1756, 1742, 894, 1.840, 85.13, 8.00, 1.242, 105.17, 10.20, 0.794, 233.25, -2.60);
insert into SHOT values (1682, 1753, 1740, 894, 13.680, 181.13, 34.00, 13.342, 167.97, 39.35, 2.802, 62.25, 16.81);
insert into SHOT values (1683, 1745, 1757, 894, 1.120, 179.93, -30.20, 1.125, 180.00, -30.44, 0.007, 209.50, -70.74);
insert into SHOT values (1684, 1757, 1758, 894, 1.080, 139.83, 5.40, 1.076, 139.92, 5.33, 0.004, 294.81, -22.81);
insert into CENTRELINE values (895, 879, NULL, NULL, NULL, 63.98, 0.00, 0.00);
 insert into SHOT values (1685, 1685, 1759, 895, 4.310, 311.53, 16.60, 4.316, 311.47, 16.56, 0.008, 279.64, -9.11);
insert into SHOT values (1686, 1759, 1760, 895, 17.600, 319.13, 6.40, 17.600, 319.15, 6.39, 0.006, 50.57, -19.23);
insert into SHOT values (1687, 1760, 1761, 895, 5.300, 288.13, 19.70, 5.299, 288.11, 19.74, 0.005, 145.54, 43.91);
insert into SHOT values (1688, 1761, 1762, 895, 1.600, 328.13, -18.10, 1.603, 327.88, -18.17, 0.008, 257.30, -21.92);
insert into SHOT values (1689, 1762, 1763, 895, 5.700, 250.53, 27.30, 5.699, 250.49, 27.37, 0.008, 109.30, 44.09);
insert into SHOT values (1690, 1762, 1764, 895, 4.460, 27.03, -26.10, 4.461, 27.01, -26.06, 0.003, 351.54, 41.59);
insert into SHOT values (1691, 1562, 1765, 895, 1.080, 29.63, -15.40, 1.085, 29.74, -14.96, 0.010, 46.28, 43.49);
insert into SHOT values (1692, 1765, 1766, 895, 7.330, 311.63, -48.60, 7.330, 311.65, -48.62, 0.004, 97.22, -28.68);
insert into SHOT values (1693, 1766, 1767, 895, 4.000, 311.63, -90.00, 4.000, 90.00, -90.00, 0.000, 311.63, 0.00);
insert into SHOT values (1694, 1631, 1768, 895, 12.600, 105.23, -3.60, 12.596, 105.22, -3.60, 0.005, 319.91, 12.62);
insert into CENTRELINE values (896, 879, NULL, NULL, NULL, 188.08, 0.00, 0.00);
 insert into SHOT values (1695, 1734, 1769, 896, 9.130, 263.13, 44.90, 9.133, 263.16, 44.93, 0.006, 12.74, 57.96);
insert into SHOT values (1696, 1769, 1770, 896, 8.020, 317.63, -1.30, 8.015, 317.63, -1.29, 0.005, 141.54, 21.11);
insert into SHOT values (1697, 1770, 1771, 896, 12.260, 333.53, 27.70, 12.259, 333.53, 27.66, 0.010, 323.40, -68.73);
insert into SHOT values (1698, 1771, 1772, 896, 9.730, 357.93, -24.70, 9.724, 357.92, -24.68, 0.007, 195.28, 54.45);
insert into SHOT values (1699, 1772, 1773, 896, 10.470, 312.93, 22.50, 10.471, 312.95, 22.52, 0.004, 58.02, 52.44);
insert into SHOT values (1700, 1773, 1774, 896, 15.000, 342.13, 0.00, 15.006, 342.11, 0.00, 0.009, 294.04, 0.00);
insert into SHOT values (1701, 1775, 1776, 896, 13.380, 139.83, 27.70, 13.378, 139.83, 27.71, 0.003, 334.16, 7.83);
insert into SHOT values (1702, 1775, 1777, 896, 5.970, 274.83, 39.30, 5.974, 274.84, 39.25, 0.007, 276.96, -10.93);
insert into SHOT values (1703, 1777, 1778, 896, 16.180, 292.33, 7.40, 16.179, 292.35, 7.39, 0.005, 29.45, -47.75);
insert into SHOT values (1704, 1778, 1779, 896, 14.820, 291.43, -0.80, 14.815, 291.42, -0.77, 0.009, 141.40, 48.46);
insert into SHOT values (1705, 1779, 1780, 896, 6.520, 270.33, 29.10, 6.522, 270.30, 29.08, 0.004, 225.30, -11.74);
insert into SHOT values (1706, 1780, 1781, 896, 6.330, 345.23, -15.50, 6.330, 345.28, -15.48, 0.005, 70.49, 17.60);
insert into SHOT values (1707, 1781, 1782, 896, 3.370, 59.93, 22.30, 3.363, 59.89, 22.37, 0.009, 255.60, 8.10);
insert into SHOT values (1708, 1782, 1783, 896, 8.050, 325.63, -2.50, 8.052, 325.64, -2.56, 0.009, 355.70, -79.89);
insert into SHOT values (1709, 1783, 1784, 896, 7.500, 310.43, 4.70, 7.495, 310.49, 4.75, 0.011, 77.00, 29.06);
insert into SHOT values (1710, 1779, 1785, 896, 13.130, 161.03, -19.70, 13.132, 161.02, -19.72, 0.004, 81.41, -61.29);
insert into SHOT values (1711, 1785, 1786, 896, 8.990, 145.13, -7.60, 8.987, 145.15, -7.61, 0.005, 286.93, -12.87);
insert into SHOT values (1712, 1786, 1755, 896, 19.230, 159.53, 19.90, 19.230, 159.54, 19.91, 0.005, 275.48, 58.67);
insert into CENTRELINE values (897, 879, NULL, NULL, NULL, 68.12, 0.00, 0.00);
 insert into SHOT values (1713, 1787, 1788, 897, 3.070, 221.33, -75.20, 3.072, 221.39, -75.17, 0.003, 241.29, -37.99);
insert into SHOT values (1714, 1788, 1789, 897, 21.400, 20.03, -83.50, 21.398, 20.00, -83.49, 0.005, 2.07, 31.21);
insert into SHOT values (1715, 1789, 1790, 897, 7.130, 31.13, -57.90, 7.129, 31.17, -57.91, 0.003, 161.25, -0.35);
insert into SHOT values (1716, 1790, 1791, 897, 5.330, 299.13, 10.50, 5.331, 299.11, 10.48, 0.003, 238.52, -26.71);
insert into SHOT values (1717, 1791, 1792, 897, 9.050, 249.83, -0.60, 9.046, 249.82, -0.63, 0.007, 90.64, -48.23);
insert into SHOT values (1718, 1787, 1793, 897, 9.390, 29.13, 46.30, 9.394, 29.13, 46.29, 0.004, 27.71, 19.77);
insert into SHOT values (1719, 1793, 1721, 897, 12.750, 110.03, 45.10, 12.747, 110.09, 45.10, 0.009, 217.18, -8.56);
insert into CENTRELINE values (898, 879, NULL, '2020-02-25', NULL, 202.86, 0.00, 0.00);
 insert into SHOT values (1720, 1794, 1795, 898, 10.380, 304.59, 29.00, 10.379, 304.64, 28.99, 0.007, 31.58, -19.29);
insert into SHOT values (1721, 1795, 1796, 898, 16.180, 294.59, 33.00, 16.183, 294.56, 33.03, 0.011, 189.99, 45.89);
insert into SHOT values (1722, 1796, 1797, 898, 16.120, 279.59, 44.00, 16.120, 279.62, 43.96, 0.013, 319.48, -38.67);
insert into SHOT values (1723, 1797, 1798, 898, 11.610, 269.59, 37.00, 11.610, 269.57, 37.02, 0.005, 155.42, 32.32);
insert into SHOT values (1724, 1798, 1799, 898, 10.380, 259.59, 7.00, 10.376, 259.60, 6.97, 0.006, 72.75, -56.53);
insert into SHOT values (1725, 1799, 1800, 898, 28.490, 269.59, 31.00, 28.493, 269.60, 31.01, 0.007, 1.43, 63.44);
insert into SHOT values (1726, 1800, 1801, 898, 6.140, 226.59, -15.00, 6.144, 226.57, -15.00, 0.005, 196.08, -10.21);
insert into SHOT values (1727, 1801, 1802, 898, 19.080, 274.59, 32.00, 19.081, 274.61, 32.00, 0.004, 343.75, -11.20);
insert into SHOT values (1728, 1802, 1803, 898, 7.560, 299.59, 40.00, 7.556, 299.62, 40.03, 0.006, 89.88, 5.15);
insert into SHOT values (1729, 1803, 1804, 898, 11.310, 324.59, 7.00, 11.314, 324.57, 7.01, 0.006, 273.43, 15.13);
insert into SHOT values (1730, 1804, 1805, 898, 8.930, 285.59, 5.00, 8.931, 285.58, 5.01, 0.003, 226.64, 41.14);
insert into SHOT values (1731, 1805, 1806, 898, 17.890, 298.59, 38.00, 17.886, 298.57, 37.99, 0.008, 194.93, -30.19);
insert into SHOT values (1732, 1806, 1807, 898, 17.200, 329.59, -10.00, 17.200, 329.60, -10.01, 0.005, 70.74, -43.61);
insert into SHOT values (1733, 1807, 1808, 898, 12.410, 271.59, 30.00, 12.410, 271.60, 30.03, 0.006, 70.43, 55.65);
insert into SHOT values (1734, 1808, 1809, 898, 9.180, 313.59, -3.00, 9.179, 313.59, -3.00, 0.001, 201.06, 18.05);
insert into CENTRELINE values (899, 879, NULL, '2020-02-19', NULL, 41.72, 0.00, 0.00);
 insert into SHOT values (1735, 1799, 1810, 899, 14.260, 119.59, -47.00, 14.254, 119.57, -46.97, 0.010, 49.34, 63.23);
insert into SHOT values (1736, 1810, 1811, 899, 21.750, 249.59, -41.00, 21.756, 249.58, -40.99, 0.009, 216.48, -4.79);
insert into SHOT values (1737, 1811, 1749, 899, 5.710, 244.59, -29.00, 5.709, 244.62, -29.03, 0.003, 24.26, -32.05);
insert into SURVEY values (901, 873, 'QuatreEntreesPlusUne', 'QuatreEntreesPlusUne.109.UltimaPatagonia', 'Grotte des Quatre Entrees Plus Une');
 insert into CENTRELINE values (902, 901, NULL, NULL, NULL, 0.00, 0.00, 0.00);
 insert into SCRAPS values (903, 901, 'QuatreEntreesPlusUne-2p', 1, 0.00027, 0.00000);
 insert into SCRAPS values (915, 901, 'DELETE-ME-survey-legs-QuatreEntreesPlusUne-p', 1, 0.00000, 0.00000);
 insert into SCRAPS values (939, 901, 'QuatreEntreesPlusUne-1p', 1, 0.56313, 0.02748);
 insert into SCRAPS values (1091, 901, 'QuatreEntreesPlusUne-3p', 1, 0.81567, 0.05751);
 insert into MAPS values (1147, 901, 'm-all-p', NULL, 1, 341.200, -71.610);
 insert into MAPITEMS values (1147, 4, 939);
 insert into MAPITEMS values (1147, 4, 903);
 insert into MAPITEMS values (1147, 4, 1091);
 insert into CENTRELINE values (1148, 901, NULL, NULL, NULL, 341.20, 0.00, 0.00);
 insert into SHOT values (1738, 1812, 1813, 1148, 14.000, 278.13, -8.00, 13.996, 278.13, -8.01, 0.005, 105.79, -19.31);
insert into SHOT values (1739, 1813, 1814, 1148, 20.400, 303.13, -28.00, 20.409, 303.13, -28.00, 0.009, 307.37, -18.78);
insert into SHOT values (1740, 1814, 1815, 1148, 10.000, 303.13, 90.00, 10.000, 90.00, 90.00, 0.000, 303.13, 0.00);
insert into SHOT values (1741, 1815, 1816, 1148, 9.700, 270.13, 25.00, 9.699, 270.13, 25.01, 0.001, 106.42, 26.46);
insert into SHOT values (1742, 1817, 1818, 1148, 10.100, 331.13, -12.00, 10.099, 331.13, -12.00, 0.002, 194.39, -3.03);
insert into SHOT values (1743, 1818, 1819, 1148, 14.000, 327.13, -17.00, 14.000, 327.11, -17.03, 0.010, 219.18, -45.44);
insert into SHOT values (1744, 1819, 1815, 1148, 6.600, 352.13, -41.00, 6.604, 352.16, -40.97, 0.006, 17.39, -0.10);
insert into SHOT values (1745, 1816, 1820, 1148, 12.400, 256.13, 15.00, 12.402, 256.14, 15.00, 0.002, 293.70, 19.90);
insert into SHOT values (1746, 1820, 1821, 1148, 11.200, 300.13, 67.00, 11.197, 300.09, 67.04, 0.008, 144.92, 2.36);
insert into SHOT values (1747, 1821, 1822, 1148, 8.700, 163.13, 57.00, 8.700, 163.17, 57.04, 0.008, 312.78, 28.24);
insert into SHOT values (1748, 1822, 1823, 1148, 10.900, 171.13, 25.00, 10.902, 171.09, 25.02, 0.008, 84.60, 25.56);
insert into SHOT values (1749, 1823, 1824, 1148, 16.200, 159.13, 41.00, 16.197, 159.16, 40.97, 0.011, 221.95, -46.97);
insert into SHOT values (1750, 1824, 1825, 1148, 13.300, 159.13, 5.00, 13.300, 159.13, 5.00, 0.001, 55.84, 55.10);
insert into SHOT values (1751, 1826, 1827, 1148, 13.700, 1.13, -18.00, 13.702, 1.14, -17.98, 0.005, 38.69, 41.92);
insert into SHOT values (1752, 1827, 1828, 1148, 17.000, 21.13, -11.00, 16.998, 21.15, -11.02, 0.009, 145.97, -43.82);
insert into SHOT values (1753, 1827, 1829, 1148, 4.600, 21.13, 90.00, 4.600, 90.00, 90.00, 0.000, 21.13, 6.31);
insert into SHOT values (1754, 1829, 1830, 1148, 11.800, 68.13, 45.00, 11.796, 68.11, 45.00, 0.006, 302.64, -42.85);
insert into SHOT values (1755, 1830, 1817, 1148, 2.900, 286.13, -7.00, 2.895, 286.16, -6.94, 0.006, 87.62, 34.16);
insert into SHOT values (1756, 1812, 1831, 1148, 9.700, 16.13, 16.00, 9.701, 16.12, 15.97, 0.005, 344.01, -50.31);
insert into SHOT values (1757, 1831, 1832, 1148, 8.900, 18.13, 19.00, 8.895, 18.15, 19.03, 0.008, 171.53, 18.53);
insert into SHOT values (1758, 1832, 1833, 1148, 1.600, 4.13, -27.00, 1.609, 4.00, -26.99, 0.009, 341.33, -22.93);
insert into SHOT values (1759, 1833, 1834, 1148, 6.100, 102.13, 6.00, 6.100, 102.18, 6.02, 0.006, 192.28, 25.09);
insert into SHOT values (1760, 1834, 1835, 1148, 5.000, 111.13, -40.00, 5.002, 111.08, -39.92, 0.008, 83.04, 27.96);
insert into SHOT values (1761, 1835, 1836, 1148, 34.100, 111.13, -90.00, 34.100, 90.00, -90.00, 0.000, 111.13, 0.00);
insert into SHOT values (1762, 1836, 1837, 1148, 11.400, 203.13, 17.00, 11.406, 203.16, 16.98, 0.009, 236.71, -19.71);
insert into SHOT values (1763, 1837, 1838, 1148, 8.300, 152.13, 36.00, 8.297, 152.10, 36.03, 0.006, 11.98, 12.44);
insert into SHOT values (1764, 1838, 1839, 1148, 22.600, 152.13, 90.00, 22.600, 90.00, 90.00, 0.000, 152.13, -5.15);
insert into SHOT values (1765, 1838, 1840, 1148, 15.500, 173.13, 23.00, 15.506, 173.12, 23.01, 0.007, 138.88, 31.33);
insert into SHOT values (1766, 1839, 1841, 1148, 10.500, 256.13, -13.00, 10.497, 256.14, -12.99, 0.004, 52.00, 30.23);
insert into SURVEY values (1150, 873, 'CuevaCaliza', 'CuevaCaliza.109.UltimaPatagonia', 'Cueva Caliza');
 insert into CENTRELINE values (1151, 1150, NULL, NULL, NULL, 0.00, 0.00, 0.00);
 insert into CENTRELINE values (1152, 1150, NULL, '2017-02-01', NULL, 217.96, 0.00, 0.00);
 insert into SHOT values (1767, 1842, 1843, 1152, 2.700, 53.86, -14.00, 2.705, 53.83, -13.90, 0.007, 42.93, 26.08);
insert into SHOT values (1768, 1843, 1844, 1152, 12.480, 336.86, -82.00, 12.481, 336.54, -82.02, 0.010, 225.88, -8.13);
insert into SHOT values (1769, 1844, 1845, 1152, 5.450, 344.86, -51.00, 5.452, 344.95, -51.05, 0.008, 96.35, -36.73);
insert into SHOT values (1770, 1845, 1846, 1152, 6.800, 314.86, -67.00, 6.804, 314.85, -66.93, 0.009, 312.69, -3.67);
insert into SHOT values (1771, 1846, 1847, 1152, 3.720, 218.86, -56.00, 3.715, 218.75, -56.00, 0.006, 90.91, 38.68);
insert into SHOT values (1772, 1847, 1848, 1152, 14.890, 123.86, -56.00, 14.893, 123.88, -56.02, 0.007, 253.10, -49.33);
insert into SHOT values (1773, 1848, 1849, 1152, 5.600, 327.86, -51.00, 5.595, 327.89, -51.04, 0.007, 127.89, 17.38);
insert into SHOT values (1774, 1849, 1850, 1152, 3.540, 313.86, -44.00, 3.545, 313.89, -43.94, 0.007, 326.63, -7.57);
insert into SHOT values (1775, 1850, 1851, 1152, 24.500, 14.86, -90.00, 24.500, 90.00, -90.00, 0.000, 14.86, 0.00);
insert into SHOT values (1776, 1851, 1852, 1152, 8.220, 321.86, -25.00, 8.218, 321.87, -24.98, 0.004, 53.32, 65.90);
insert into SHOT values (1777, 1852, 1853, 1152, 7.400, 14.86, -90.00, 7.400, 90.00, -90.00, 0.000, 14.86, 41.79);
insert into SHOT values (1778, 1853, 1854, 1152, 2.400, 288.86, -9.00, 2.396, 288.74, -9.13, 0.008, 151.86, -33.48);
insert into SHOT values (1779, 1855, 1854, 1152, 5.320, 130.86, 41.00, 5.323, 130.86, 40.96, 0.005, 138.42, -2.82);
insert into SHOT values (1780, 1853, 1856, 1152, 7.900, 192.86, -72.00, 7.897, 192.78, -72.00, 0.005, 89.17, 46.77);
insert into SHOT values (1781, 1856, 1857, 1152, 2.200, 14.86, -90.00, 2.200, 90.00, -90.00, 0.000, 14.86, 56.37);
insert into SHOT values (1782, 1851, 1858, 1152, 6.740, 359.86, -33.00, 6.737, 359.90, -33.01, 0.005, 121.46, 9.79);
insert into SHOT values (1783, 1858, 1859, 1152, 5.220, 64.86, -79.00, 5.215, 64.98, -79.02, 0.005, 206.96, 48.60);
insert into SHOT values (1784, 1859, 1860, 1152, 5.930, 300.86, -52.00, 5.930, 300.78, -51.95, 0.007, 247.49, 24.64);
insert into SHOT values (1785, 1860, 1861, 1152, 4.880, 154.86, -79.00, 4.880, 154.54, -79.01, 0.005, 56.21, 3.73);
insert into SHOT values (1786, 1861, 1862, 1152, 2.710, 167.86, -1.00, 2.711, 167.86, -1.06, 0.003, 182.77, -68.65);
insert into SHOT values (1787, 1862, 1863, 1152, 12.430, 122.86, -79.00, 12.427, 122.75, -79.02, 0.007, 340.50, 12.85);
insert into SHOT values (1788, 1863, 1864, 1152, 13.730, 283.86, -78.00, 13.730, 283.79, -78.01, 0.004, 156.42, -0.49);
insert into SHOT values (1789, 1862, 1865, 1152, 2.940, 136.86, -17.00, 2.937, 136.88, -17.02, 0.003, 297.39, -8.14);
insert into SHOT values (1790, 1865, 1866, 1152, 4.490, 137.86, -46.00, 4.492, 137.73, -45.98, 0.008, 69.95, -1.24);
insert into SHOT values (1791, 1866, 1867, 1152, 1.710, 118.86, -46.00, 1.709, 118.73, -46.04, 0.003, 353.30, 1.24);
insert into SHOT values (1792, 1867, 1868, 1152, 3.980, 197.86, -69.00, 3.985, 197.93, -68.98, 0.006, 228.19, -50.45);
insert into SHOT values (1793, 1868, 1869, 1152, 4.110, 13.86, -71.00, 4.104, 13.83, -70.96, 0.006, 333.11, 81.12);
insert into SHOT values (1794, 1869, 1870, 1152, 4.020, 22.86, -58.00, 4.020, 22.95, -58.03, 0.004, 139.40, -11.99);
insert into SHOT values (1795, 1870, 1871, 1152, 3.450, 67.86, -58.00, 3.452, 67.79, -58.08, 0.005, 284.26, -50.68);
insert into SHOT values (1796, 1871, 1872, 1152, 5.800, 341.86, -73.00, 5.793, 341.78, -72.99, 0.007, 233.15, 70.04);
insert into SHOT values (1797, 1872, 1873, 1152, 2.620, 316.86, -52.00, 2.624, 317.01, -52.07, 0.007, 44.79, -51.22);
insert into SHOT values (1798, 1873, 1874, 1152, 6.930, 300.86, -81.00, 6.925, 300.60, -81.02, 0.008, 173.76, 37.80);
insert into SHOT values (1799, 1874, 1875, 1152, 5.050, 82.86, -79.00, 5.052, 82.80, -79.07, 0.007, 271.43, -24.50);
insert into SHOT values (1800, 1875, 1876, 1152, 5.040, 134.86, -73.00, 5.041, 134.73, -72.95, 0.005, 97.13, -2.35);
insert into SHOT values (1801, 1876, 1877, 1152, 3.060, 176.86, -21.00, 3.059, 176.79, -21.07, 0.005, 53.19, -39.64);
insert into SURVEY values (1154, 873, 'GouffreHalal', 'GouffreHalal.109.UltimaPatagonia', 'Gouffre HALAL');
 insert into CENTRELINE values (1155, 1154, NULL, NULL, NULL, 0.00, 0.00, 0.00);
 insert into CENTRELINE values (1156, 1154, NULL, '2019-02-01', NULL, 128.28, 0.00, 0.00);
 insert into SHOT values (1802, 1878, 1879, 1156, 3.500, 159.68, -70.00, 3.501, 159.44, -70.02, 0.005, 59.26, -11.94);
insert into SHOT values (1803, 1879, 1880, 1156, 6.200, 112.18, -72.50, 6.196, 112.43, -72.52, 0.009, 226.46, 19.11);
insert into SHOT values (1804, 1880, 1881, 1156, 19.300, 239.68, -84.50, 19.298, 239.68, -84.52, 0.008, 61.40, 8.35);
insert into SHOT values (1805, 1881, 1882, 1156, 9.600, 282.38, -38.70, 9.607, 282.40, -38.73, 0.009, 326.20, -62.90);
insert into SHOT values (1806, 1882, 1883, 1156, 4.800, 95.68, -60.00, 4.795, 95.73, -59.94, 0.008, 142.14, 67.05);
insert into SHOT values (1807, 1883, 1884, 1156, 6.700, 183.68, -48.30, 6.700, 183.73, -48.27, 0.005, 239.30, 30.28);
insert into SHOT values (1808, 1884, 1885, 1156, 4.500, 120.68, -54.00, 4.505, 120.74, -54.11, 0.011, 267.02, -63.35);
insert into SHOT values (1809, 1885, 1886, 1156, 3.700, 262.38, -28.80, 3.696, 262.37, -28.79, 0.004, 94.04, 33.64);
insert into SHOT values (1810, 1886, 1887, 1156, 3.800, 273.68, -38.60, 3.797, 273.67, -38.63, 0.004, 102.41, 11.26);
insert into SHOT values (1811, 1887, 1888, 1156, 6.600, 197.18, -67.50, 6.602, 197.29, -67.52, 0.005, 307.90, -26.35);
insert into SHOT values (1812, 1888, 1889, 1156, 5.700, 88.68, -77.00, 5.696, 88.66, -77.01, 0.004, 286.12, 63.38);
insert into SHOT values (1813, 1889, 1890, 1156, 16.000, 84.18, -81.00, 15.997, 84.27, -81.00, 0.005, 181.03, 39.54);
insert into SHOT values (1814, 1890, 1891, 1156, 15.000, 119.18, -85.00, 15.007, 119.31, -85.00, 0.008, 208.70, -67.84);
insert into SHOT values (1815, 1891, 1892, 1156, 22.880, 0.48, -34.50, 22.884, 0.49, -34.49, 0.005, 10.11, -7.52);
insert into SURVEY values (1158, 873, 'Gouffralail', 'Gouffralail.109.UltimaPatagonia', 'Gouffre a l''Ai_l');
 insert into CENTRELINE values (1159, 1158, NULL, NULL, NULL, 0.00, 0.00, 0.00);
 insert into CENTRELINE values (1160, 1158, NULL, '2019-02-01', NULL, 71.32, 0.00, 0.00);
 insert into SHOT values (1816, 1893, 1894, 1160, 9.910, 297.68, -21.40, 9.912, 297.70, -21.42, 0.005, 9.18, -50.24);
insert into SHOT values (1817, 1893, 1895, 1160, 22.840, 286.68, 70.50, 22.839, 286.70, 70.51, 0.003, 69.41, 1.14);
insert into SHOT values (1818, 1895, 1896, 1160, 6.000, 308.68, 64.00, 5.999, 308.52, 63.96, 0.008, 239.96, -19.33);
insert into SHOT values (1819, 1896, 1897, 1160, 6.950, 300.68, 29.30, 6.951, 300.75, 29.28, 0.008, 18.17, -9.12);
insert into SHOT values (1820, 1897, 1898, 1160, 2.350, 304.68, 17.80, 2.349, 304.61, 17.85, 0.004, 181.52, 26.50);
insert into SHOT values (1821, 1898, 1899, 1160, 4.040, 301.68, 24.60, 4.035, 301.74, 24.60, 0.006, 83.47, -16.78);
insert into SHOT values (1822, 1899, 1900, 1160, 3.180, 308.68, 35.30, 3.183, 308.59, 35.32, 0.005, 242.44, 27.71);
insert into SHOT values (1823, 1900, 1901, 1160, 2.340, 296.68, 28.10, 2.337, 296.81, 28.08, 0.006, 54.89, -22.22);
insert into SHOT values (1824, 1901, 1902, 1160, 4.440, 319.68, 3.20, 4.441, 319.66, 3.23, 0.003, 265.17, 50.52);
insert into SHOT values (1825, 1902, 1903, 1160, 3.560, 286.68, 27.90, 3.566, 286.59, 27.92, 0.008, 242.58, 30.69);
insert into SHOT values (1826, 1903, 1904, 1160, 5.710, 247.68, 66.00, 5.704, 247.74, 65.97, 0.007, 321.83, -69.28);
insert into SURVEY values (1162, 873, 'GrandeTraversee', 'GrandeTraversee.109.UltimaPatagonia', 'La grande Traversee');
 insert into CENTRELINE values (1163, 1162, NULL, NULL, NULL, 0.00, 0.00, 0.00);
 insert into CENTRELINE values (1164, 1162, NULL, '2019-02-01', NULL, 86.40, 0.00, 0.00);
 insert into SHOT values (1827, 1905, 1906, 1164, 10.900, 325.68, -19.00, 10.899, 325.68, -19.01, 0.003, 174.54, -30.18);
insert into SHOT values (1828, 1906, 1907, 1164, 7.100, 43.68, 11.00, 7.098, 43.66, 11.05, 0.006, 267.97, 54.81);
insert into SHOT values (1829, 1907, 1908, 1164, 5.500, 28.18, 12.00, 5.497, 28.19, 11.97, 0.004, 204.09, -58.43);
insert into SHOT values (1830, 1908, 1909, 1164, 10.300, 13.68, 11.70, 10.301, 13.71, 11.71, 0.004, 86.05, 17.65);
insert into SHOT values (1831, 1909, 1910, 1164, 14.200, 36.38, -15.50, 14.206, 36.38, -15.51, 0.007, 38.32, -46.54);
insert into SHOT values (1832, 1910, 1911, 1164, 13.400, 14.68, 90.00, 13.400, 90.00, 90.00, 0.000, 14.68, -26.27);
insert into SHOT values (1833, 1910, 1912, 1164, 7.800, 93.68, 31.00, 7.800, 93.69, 31.02, 0.003, 257.95, 51.65);
insert into SHOT values (1834, 1912, 1913, 1164, 8.700, 19.68, -3.00, 8.701, 19.71, -2.96, 0.006, 96.36, 55.59);
insert into SHOT values (1835, 1913, 1914, 1164, 8.500, 81.68, 32.00, 8.495, 81.70, 31.99, 0.006, 224.95, -49.43);
insert into SURVEY values (1166, 873, 'Gauges', 'Gauges.109.UltimaPatagonia', 'Gouffre des Gauges');
 insert into CENTRELINE values (1167, 1166, NULL, NULL, NULL, 0.00, 0.00, 0.00);
 insert into CENTRELINE values (1168, 1166, NULL, '2019-02-01', NULL, 102.39, 0.00, 0.00);
 insert into SHOT values (1836, 1915, 1916, 1168, 5.860, 29.48, -40.90, 5.865, 29.46, -40.90, 0.005, 0.10, -36.75);
insert into SHOT values (1837, 1916, 1917, 1168, 11.060, 18.68, -69.60, 11.053, 18.62, -69.61, 0.008, 247.72, 49.62);
insert into SHOT values (1838, 1917, 1918, 1168, 8.070, 340.88, -69.90, 8.070, 341.04, -69.92, 0.008, 92.78, -10.38);
insert into SHOT values (1839, 1918, 1919, 1168, 5.710, 289.28, -75.80, 5.716, 289.08, -75.75, 0.009, 251.90, -28.31);
insert into SHOT values (1840, 1919, 1920, 1168, 7.070, 295.48, -72.60, 7.062, 295.59, -72.64, 0.011, 87.65, 37.22);
insert into SHOT values (1841, 1920, 1921, 1168, 9.860, 53.68, -71.90, 9.865, 53.66, -71.96, 0.012, 243.04, -40.51);
insert into SHOT values (1842, 1921, 1922, 1168, 10.370, 51.48, -73.40, 10.364, 51.43, -73.36, 0.010, 21.28, 55.04);
insert into SHOT values (1843, 1922, 1923, 1168, 18.940, 15.08, -78.40, 18.947, 15.06, -78.40, 0.007, 339.23, -66.40);
insert into SHOT values (1844, 1923, 1924, 1168, 5.430, 296.38, -56.90, 5.426, 296.31, -56.99, 0.010, 140.13, -6.72);
insert into SHOT values (1845, 1924, 1925, 1168, 11.910, 340.88, -45.40, 11.916, 340.89, -45.37, 0.009, 351.06, 1.53);
insert into SHOT values (1846, 1925, 1926, 1168, 8.110, 328.68, -31.80, 8.101, 328.67, -31.81, 0.010, 163.31, 22.27);
insert into SURVEY values (1170, 873, 'Pissotiere', 'Pissotiere.109.UltimaPatagonia', 'Gouffre de la Pissotie_re');
 insert into CENTRELINE values (1171, 1170, NULL, NULL, NULL, 0.00, 0.00, 0.00);
 insert into CENTRELINE values (1172, 1170, NULL, '2019-02-12', NULL, 38.77, 0.00, 0.00);
 insert into SHOT values (1847, 1927, 1928, 1172, 6.000, 14.68, -90.00, 6.000, 90.00, -90.00, 0.000, 14.68, 0.00);
insert into SHOT values (1848, 1928, 1929, 1172, 11.000, 317.68, -38.00, 11.001, 317.66, -37.98, 0.005, 275.03, 26.82);
insert into SHOT values (1849, 1929, 1930, 1172, 2.200, 314.68, -40.00, 2.197, 314.76, -40.28, 0.011, 121.77, -31.20);
insert into SHOT values (1850, 1930, 1931, 1172, 9.170, 308.68, -45.00, 9.175, 308.69, -44.93, 0.012, 310.51, 20.58);
insert into SHOT values (1851, 1931, 1932, 1172, 10.400, 131.68, -16.00, 10.405, 131.68, -16.01, 0.005, 112.90, -38.26);
insert into SURVEY values (1174, 873, 'PetiteChinoise', 'PetiteChinoise.109.UltimaPatagonia', 'Exsurgence de la Petite Chinoise');
 insert into CENTRELINE values (1175, 1174, NULL, NULL, NULL, 0.00, 0.00, 0.00);
 insert into CENTRELINE values (1176, 1174, NULL, '2019-02-01', NULL, 100.00, 0.00, 0.00);
 insert into SHOT values (1852, 1933, 1934, 1176, 25.000, 194.68, 0.00, 24.995, 194.67, 0.00, 0.008, 63.58, 0.00);
insert into SHOT values (1853, 1934, 1935, 1176, 11.000, 184.68, 39.52, 11.003, 184.73, 39.51, 0.008, 246.85, 0.00);
insert into SHOT values (1854, 1935, 1936, 1176, 20.000, 194.68, 5.74, 19.999, 194.67, 5.74, 0.004, 92.37, 0.00);
insert into SHOT values (1855, 1936, 1937, 1176, 18.000, 144.68, 19.47, 18.002, 144.69, 19.47, 0.003, 191.82, 0.00);
insert into SHOT values (1856, 1937, 1938, 1176, 13.000, 164.68, 90.00, 13.000, 90.00, 90.00, 0.000, 344.68, 0.00);
insert into SHOT values (1857, 1938, 1939, 1176, 2.500, 164.68, 0.00, 2.499, 164.68, 0.00, 0.001, 342.91, 0.00);
insert into SHOT values (1858, 1939, 1940, 1176, 10.500, 194.68, 28.44, 10.499, 194.68, 28.44, 0.002, 15.34, 0.00);
insert into CENTRELINE values (1177, 1174, NULL, '2019-02-01', NULL, 103.50, 0.00, 0.00);
 insert into SHOT values (1859, 1940, 1941, 1177, 13.500, 164.68, 24.51, 13.504, 164.66, 24.50, 0.006, 115.92, 0.00);
insert into SHOT values (1860, 1941, 1942, 1177, 8.000, 144.68, 17.46, 8.001, 144.71, 17.45, 0.003, 210.51, 0.00);
insert into SHOT values (1861, 1942, 1943, 1177, 4.000, 134.68, 30.00, 3.995, 134.65, 30.05, 0.007, 333.34, 0.00);
insert into SHOT values (1862, 1943, 1944, 1177, 18.000, 174.68, 22.89, 17.999, 174.67, 22.89, 0.004, 62.91, 0.00);
insert into SHOT values (1863, 1944, 1945, 1177, 14.000, 164.68, 12.37, 14.000, 164.69, 12.37, 0.002, 247.37, 0.00);
insert into SHOT values (1864, 1945, 1946, 1177, 15.000, 174.68, 3.82, 15.008, 174.67, 3.82, 0.008, 157.12, 0.00);
insert into SHOT values (1865, 1946, 1947, 1177, 14.000, 174.68, 12.37, 13.994, 174.71, 12.38, 0.009, 310.32, 0.00);
insert into SHOT values (1866, 1947, 1948, 1177, 2.000, 194.68, 11.54, 2.003, 194.46, 11.52, 0.008, 123.26, 0.00);
insert into SHOT values (1867, 1948, 1949, 1177, 11.000, 164.68, 15.83, 10.992, 164.70, 15.84, 0.009, 322.40, -0.00);
insert into SHOT values (1868, 1949, 1950, 1177, 4.000, 164.68, 2.87, 4.008, 164.64, 2.86, 0.008, 145.56, 0.00);
insert into CENTRELINE values (1178, 1174, NULL, '2019-02-01', NULL, 81.00, 0.00, 0.00);
 insert into SHOT values (1869, 1950, 1951, 1178, 8.000, 154.68, 18.21, 8.001, 154.68, 18.21, 0.001, 140.91, 0.00);
insert into SHOT values (1870, 1951, 1952, 1178, 10.500, 184.68, 2.18, 10.493, 184.70, 2.18, 0.008, 336.10, 0.00);
insert into SHOT values (1871, 1952, 1953, 1178, 18.500, 189.68, -0.93, 18.506, 189.68, -0.93, 0.006, 166.48, 0.00);
insert into SHOT values (1872, 1953, 1954, 1178, 29.000, 194.68, 0.00, 28.997, 194.68, 0.00, 0.003, 18.85, 0.00);
insert into SHOT values (1873, 1954, 1955, 1178, 4.000, 214.68, -2.87, 4.008, 214.72, -2.86, 0.008, 233.75, 0.00);
insert into SHOT values (1874, 1955, 1956, 1178, 11.000, 194.68, 0.00, 10.997, 194.64, 0.00, 0.008, 84.90, 0.00);
insert into CENTRELINE values (1179, 1174, NULL, '2019-02-01', NULL, 33.50, 0.00, 0.00);
 insert into SHOT values (1875, 1956, 1957, 1179, 12.500, 194.68, -17.22, 12.501, 194.70, -17.22, 0.003, 268.26, 0.00);
insert into SHOT values (1876, 1957, 1958, 1179, 15.000, 214.68, 1.53, 14.998, 214.68, 1.53, 0.003, 85.45, -0.00);
insert into SHOT values (1877, 1958, 1959, 1179, 6.000, 164.68, 33.37, 5.997, 164.71, 33.39, 0.005, 309.54, 0.00);
insert into CENTRELINE values (1181, 873, NULL, NULL, NULL, 0.00, 0.00, 0.00);
 insert into SURVEY values (1183, 22, '201', '201.UltimaPatagonia', '201 Grande Barriere');
 insert into CENTRELINE values (1184, 1183, NULL, NULL, NULL, 0.00, 0.00, 0.00);
 insert into SURVEY values (1185, 1183, 'Ayayemal', 'Ayayemal.201.UltimaPatagonia', 'Ayayemal');
 insert into CENTRELINE values (1186, 1185, NULL, NULL, NULL, 0.00, 0.00, 0.00);
 insert into CENTRELINE values (1187, 1185, NULL, '2017-01-30', NULL, 53.75, 0.00, 0.00);
 insert into PERSON values (8, NULL, 'Joel');
insert into TOPO values (8, 1187);
 insert into PERSON values (9, NULL, 'Lionel');
insert into TOPO values (9, 1187);
 insert into SHOT values (1878, 1979, 1980, 1187, 3.680, 230.86, 59.70, 3.682, 230.91, 59.74, 0.003, 0.39, 53.70);
insert into SHOT values (1879, 1980, 1981, 1187, 4.880, 203.66, 60.60, 4.881, 203.57, 60.54, 0.006, 166.92, -14.50);
insert into SHOT values (1880, 1981, 1982, 1187, 6.360, 184.86, 60.00, 6.358, 184.88, 60.08, 0.009, 355.65, 13.59);
insert into SHOT values (1881, 1982, 1983, 1187, 9.400, 235.26, 88.40, 9.394, 235.71, 88.38, 0.008, 264.32, -55.55);
insert into SHOT values (1882, 1983, 1984, 1187, 4.360, 198.86, 52.90, 4.363, 198.85, 52.91, 0.003, 174.75, 64.63);
insert into SHOT values (1883, 1984, 1985, 1187, 9.400, 126.36, 78.10, 9.402, 126.40, 78.10, 0.002, 227.51, 56.94);
insert into SHOT values (1884, 1985, 1986, 1187, 9.650, 146.46, 45.50, 9.650, 146.45, 45.47, 0.005, 131.71, -37.69);
insert into SHOT values (1885, 1986, 1987, 1187, 6.020, 171.56, 30.05, 6.020, 171.50, 30.11, 0.009, 49.13, 39.06);
insert into SURVEY values (1189, 1183, 'Ayayebo', 'Ayayebo.201.UltimaPatagonia', 'Ayayebo');
 insert into CENTRELINE values (1190, 1189, NULL, NULL, NULL, 0.00, 0.00, 0.00);
 insert into CENTRELINE values (1191, 1189, NULL, '2017-01-30', NULL, 93.27, 0.00, 0.00);
 insert into TOPO values (8, 1191);
 insert into TOPO values (9, 1191);
 insert into SHOT values (1886, 1988, 1989, 1191, 8.870, 321.26, -9.80, 8.872, 321.27, -9.80, 0.003, 357.22, -5.46);
insert into SHOT values (1887, 1989, 1990, 1191, 4.870, 112.16, -43.50, 4.867, 112.13, -43.50, 0.004, 325.25, 38.07);
insert into SHOT values (1888, 1990, 1991, 1191, 24.930, 95.56, -78.30, 24.928, 95.56, -78.30, 0.003, 260.48, 49.38);
insert into SHOT values (1889, 1991, 1992, 1191, 3.210, 293.16, -15.20, 3.202, 293.08, -15.39, 0.014, 135.64, -35.91);
insert into SHOT values (1890, 1992, 1993, 1191, 3.190, 349.76, -44.10, 3.194, 349.72, -44.02, 0.006, 334.47, -0.35);
insert into SHOT values (1891, 1991, 1994, 1191, 4.440, 61.26, -38.70, 4.441, 61.36, -38.75, 0.008, 163.94, -31.25);
insert into SHOT values (1892, 1994, 1995, 1191, 11.060, 85.16, -66.20, 11.062, 85.12, -66.19, 0.004, 39.14, -7.24);
insert into SHOT values (1893, 1995, 1996, 1191, 32.700, 46.36, -76.30, 32.699, 46.36, -76.31, 0.007, 223.33, -2.94);
insert into CENTRELINE values (1192, 1189, NULL, '2017-02-07', NULL, 65.34, 0.00, 0.00);
 insert into PERSON values (10, NULL, 'Lucas');
insert into TOPO values (10, 1192);
 insert into PERSON values (11, NULL, 'Yann');
insert into TOPO values (11, 1192);
 insert into SHOT values (1894, 1993, 1997, 1192, 9.210, 34.26, -75.50, 9.203, 34.38, -75.51, 0.009, 161.96, 46.66);
insert into SHOT values (1895, 1997, 1998, 1192, 21.870, 49.86, -76.60, 21.875, 49.80, -76.61, 0.007, 299.10, -46.84);
insert into SHOT values (1896, 1998, 1999, 1192, 10.370, 89.36, -78.70, 10.371, 89.44, -78.71, 0.004, 213.17, -17.02);
insert into SHOT values (1897, 1999, 2000, 1192, 6.130, 35.66, -63.50, 6.129, 35.66, -63.40, 0.011, 36.26, 32.27);
insert into SHOT values (1898, 2000, 2001, 1192, 17.760, 190.06, -88.10, 17.760, 190.74, -88.10, 0.007, 268.31, 1.88);
insert into SURVEY values (1194, 1183, 'GB01', 'GB01.201.UltimaPatagonia', 'GB01');
 insert into CENTRELINE values (1195, 1194, NULL, NULL, NULL, 0.00, 0.00, 0.00);
 insert into CENTRELINE values (1196, 1194, NULL, '2017-02-01', NULL, 45.85, 0.00, 0.00);
 insert into SHOT values (1899, 2002, 2003, 1196, 3.900, 222.26, 57.70, 3.901, 222.27, 57.76, 0.004, 28.41, 51.11);
insert into SHOT values (1900, 2003, 2004, 1196, 10.360, 191.86, 61.30, 10.354, 191.83, 61.28, 0.008, 115.74, -72.27);
insert into SHOT values (1901, 2004, 2005, 1196, 9.700, 150.76, 81.80, 9.699, 151.03, 81.80, 0.007, 244.29, -7.22);
insert into SHOT values (1902, 2005, 2006, 1196, 4.100, 196.86, 62.30, 4.098, 196.81, 62.36, 0.005, 33.26, -1.37);
insert into SHOT values (1903, 2006, 2007, 1196, 6.630, 143.26, 69.50, 6.630, 143.23, 69.50, 0.001, 60.09, -7.23);
insert into SHOT values (1904, 2007, 2008, 1196, 6.780, 105.96, 61.80, 6.784, 105.95, 61.82, 0.005, 326.28, 79.91);
insert into SHOT values (1905, 2008, 2009, 1196, 4.380, 142.66, 39.20, 4.383, 142.66, 39.20, 0.003, 147.23, 42.55);
insert into SURVEY values (1198, 1183, 'Ziploc', 'Ziploc.201.UltimaPatagonia', 'Gouffre du Ziploc -entrance 0 -attr cad_num 201073');
 insert into CENTRELINE values (1199, 1198, NULL, NULL, NULL, 0.00, 0.00, 0.00);
 insert into CENTRELINE values (1200, 1198, NULL, NULL, NULL, 44.43, 0.00, 0.00);
 insert into SHOT values (1906, 2010, 2011, 1200, 12.460, 154.33, 66.20, 12.459, 154.30, 66.20, 0.003, 45.73, -7.85);
insert into SHOT values (1907, 2011, 2012, 1200, 7.280, 150.83, 75.90, 7.279, 150.98, 75.91, 0.005, 252.56, -8.34);
insert into SHOT values (1908, 2012, 2013, 1200, 6.400, 338.53, 76.50, 6.396, 338.77, 76.52, 0.007, 93.39, -25.00);
insert into SHOT values (1909, 2013, 2014, 1200, 4.870, 13.63, 57.20, 4.873, 13.61, 57.28, 0.008, 205.26, 56.91);
insert into SHOT values (1910, 2014, 2015, 1200, 9.550, 198.13, 0.00, 9.544, 198.13, 0.00, 0.006, 20.29, 0.00);
insert into SHOT values (1911, 2014, 2016, 1200, 3.870, 16.23, 0.00, 3.874, 16.19, 0.00, 0.005, 337.08, 0.00);
insert into SURVEY values (1202, 1183, 'Haricot', 'Haricot.201.UltimaPatagonia', 'Escalade du haricot');
 insert into CENTRELINE values (1203, 1202, NULL, NULL, NULL, 0.00, 0.00, 0.00);
 insert into CENTRELINE values (1204, 1202, NULL, NULL, NULL, 254.32, 0.00, 0.00);
 insert into SHOT values (1912, 2017, 2018, 1204, 5.020, 170.13, 22.00, 5.023, 170.23, 21.98, 0.009, 240.08, -3.41);
insert into SHOT values (1913, 2018, 2019, 1204, 14.510, 95.13, -18.00, 14.517, 95.11, -18.02, 0.009, 50.46, -40.82);
insert into SHOT values (1914, 2019, 2020, 1204, 9.940, 41.13, -2.00, 9.935, 41.12, -1.96, 0.009, 244.95, 53.74);
insert into SHOT values (1915, 2020, 2021, 1204, 7.830, 25.13, 2.00, 7.838, 25.16, 1.97, 0.009, 49.29, -20.80);
insert into SHOT values (1916, 2021, 2022, 1204, 4.650, 132.13, 0.00, 4.644, 132.21, 0.00, 0.008, 266.23, 0.00);
insert into SHOT values (1917, 2022, 2023, 1204, 10.970, 127.13, 6.00, 10.975, 127.14, 6.01, 0.006, 152.08, 35.53);
insert into SHOT values (1918, 2023, 2024, 1204, 5.050, 37.13, -9.00, 5.052, 37.10, -9.00, 0.004, 344.70, -0.09);
insert into SHOT values (1919, 2024, 2025, 1204, 5.650, 100.13, 0.00, 5.659, 100.18, 0.00, 0.010, 126.53, 0.00);
insert into SHOT values (1920, 2025, 2026, 1204, 10.600, 125.13, 5.00, 10.591, 125.12, 4.98, 0.010, 318.79, -23.16);
insert into SHOT values (1921, 2026, 2027, 1204, 27.400, 96.13, -15.00, 27.405, 96.14, -14.99, 0.006, 117.17, 16.01);
insert into SHOT values (1922, 2027, 2028, 1204, 26.600, 151.13, 11.00, 26.599, 151.15, 10.99, 0.009, 241.49, -38.38);
insert into SHOT values (1923, 2027, 2029, 1204, 12.200, 114.13, -27.00, 12.202, 114.16, -27.00, 0.006, 182.39, -13.01);
insert into SHOT values (1924, 2029, 2030, 1204, 5.700, 109.13, -40.00, 5.693, 109.14, -40.00, 0.007, 282.10, 35.86);
insert into SHOT values (1925, 2030, 2031, 1204, 5.800, 141.13, -22.00, 5.801, 141.04, -22.07, 0.011, 37.47, -39.34);
insert into SHOT values (1926, 2031, 2032, 1204, 4.400, 132.13, -16.00, 4.396, 132.22, -15.98, 0.008, 248.44, 21.53);
insert into SHOT values (1927, 2032, 2033, 1204, 2.100, 167.13, -20.00, 2.106, 167.16, -19.99, 0.006, 175.00, -15.77);
insert into SHOT values (1928, 2033, 2034, 1204, 9.600, 124.13, -13.00, 9.601, 124.06, -13.00, 0.011, 40.52, -2.38);
insert into SHOT values (1929, 2034, 2035, 1204, 6.100, 152.13, -17.00, 6.099, 152.20, -16.97, 0.008, 245.66, 25.19);
insert into SHOT values (1930, 2035, 2036, 1204, 18.100, 157.13, -42.00, 18.097, 157.11, -42.00, 0.005, 38.26, 14.76);
insert into SHOT values (1931, 2036, 2037, 1204, 10.700, 174.13, -42.00, 10.700, 174.15, -42.00, 0.003, 269.84, -6.01);
insert into SHOT values (1932, 2037, 2038, 1204, 11.600, 206.13, -54.00, 11.608, 206.08, -53.99, 0.011, 160.21, -30.36);
insert into SHOT values (1933, 2038, 2039, 1204, 15.200, 181.13, -26.00, 15.190, 181.13, -26.00, 0.010, 0.23, 19.81);
insert into SHOT values (1934, 2039, 2040, 1204, 24.600, 150.13, -62.00, 24.601, 150.15, -61.99, 0.005, 195.20, 5.70);
insert into SURVEY values (1206, 1183, 'Resurgence1', 'Resurgence1.201.UltimaPatagonia', 'Resurgence1');
 insert into CENTRELINE values (1207, 1206, NULL, NULL, NULL, 0.00, 0.00, 0.00);
 insert into CENTRELINE values (1208, 1206, NULL, '2006-02-01', NULL, 197.52, 0.00, 0.00);
 insert into SHOT values (1935, 2041, 2042, 1208, 7.800, 2.69, 26.00, 7.798, 2.70, 26.01, 0.003, 168.27, 13.61);
insert into SHOT values (1936, 2043, 2041, 1208, 3.200, 151.69, -0.00, 3.204, 151.68, 0.00, 0.004, 135.79, 0.00);
insert into SHOT values (1937, 2044, 2041, 1208, 7.700, 338.69, -0.00, 7.707, 338.70, 0.00, 0.007, 341.52, 0.00);
insert into SHOT values (1938, 2045, 2044, 1208, 8.200, 249.69, 3.00, 8.203, 249.64, 3.00, 0.008, 181.34, 5.95);
insert into SHOT values (1939, 2046, 2045, 1208, 3.000, 247.69, -9.00, 2.997, 247.77, -9.02, 0.005, 15.78, -8.15);
insert into SHOT values (1940, 2047, 2046, 1208, 3.000, 6.69, -14.00, 3.000, 6.71, -14.08, 0.004, 145.16, -73.22);
insert into SHOT values (1941, 2048, 2046, 1208, 5.000, 195.69, 90.00, 5.000, 90.00, 90.00, 0.000, 195.69, 0.00);
insert into SHOT values (1942, 2049, 2048, 1208, 4.100, 248.69, -7.00, 4.099, 248.67, -7.01, 0.002, 135.76, -10.34);
insert into SHOT values (1943, 2050, 2049, 1208, 3.900, 195.69, 90.00, 3.900, 90.00, 90.00, 0.000, 195.69, 9.26);
insert into SHOT values (1944, 2051, 2050, 1208, 5.400, 266.69, 4.00, 5.402, 266.70, 3.93, 0.007, 288.98, -71.43);
insert into SHOT values (1945, 2052, 2051, 1208, 2.500, 270.69, 3.00, 2.504, 270.69, 2.98, 0.004, 266.79, -13.08);
insert into SHOT values (1946, 2053, 2052, 1208, 5.900, 213.69, 2.00, 5.903, 213.66, 2.04, 0.006, 166.17, 44.32);
insert into SHOT values (1947, 2054, 2053, 1208, 7.300, 147.69, 3.00, 7.301, 147.66, 2.98, 0.005, 68.78, -26.50);
insert into SHOT values (1948, 2055, 2054, 1208, 8.650, 298.69, -8.00, 8.653, 298.66, -7.97, 0.008, 246.60, 30.34);
insert into SHOT values (1949, 2056, 2055, 1208, 5.400, 295.69, 26.00, 5.401, 295.77, 26.03, 0.007, 32.12, 22.34);
insert into SHOT values (1950, 2057, 2056, 1208, 5.600, 249.69, 28.00, 5.599, 249.66, 27.90, 0.010, 214.92, -61.52);
insert into SHOT values (1951, 2058, 2057, 1208, 3.050, 179.69, 12.00, 3.048, 179.62, 12.12, 0.008, 50.58, 48.42);
insert into SHOT values (1952, 2059, 2058, 1208, 7.370, 267.69, 18.00, 7.367, 267.71, 18.03, 0.005, 59.42, 31.28);
insert into SHOT values (1953, 2060, 2057, 1208, 6.300, 311.69, -10.00, 6.299, 311.73, -9.96, 0.006, 41.07, 42.55);
insert into SHOT values (1954, 2061, 2060, 1208, 9.900, 289.69, 8.00, 9.899, 289.67, 8.01, 0.004, 176.16, 30.77);
insert into SHOT values (1955, 2062, 2061, 1208, 10.350, 308.69, -0.00, 10.351, 308.69, 0.00, 0.002, 260.48, 0.00);
insert into SHOT values (1956, 2063, 2062, 1208, 9.200, 327.69, 55.00, 9.195, 327.70, 54.98, 0.006, 96.26, -87.60);
insert into SHOT values (1957, 2064, 2063, 1208, 5.400, 272.69, 23.00, 5.395, 272.77, 23.02, 0.008, 39.12, 0.36);
insert into SHOT values (1958, 2065, 2064, 1208, 2.500, 175.69, 48.00, 2.503, 175.89, 48.01, 0.006, 251.36, 19.80);
insert into SHOT values (1959, 2066, 2065, 1208, 9.200, 249.69, 14.00, 9.200, 249.68, 14.03, 0.005, 136.47, 57.39);
insert into SHOT values (1960, 2067, 2066, 1208, 16.200, 305.69, -0.00, 16.201, 305.68, 0.00, 0.004, 240.04, 0.00);
insert into SHOT values (1961, 2068, 2067, 1208, 11.400, 280.69, 21.00, 11.392, 280.73, 20.99, 0.011, 56.83, -29.43);
insert into SHOT values (1962, 2069, 2068, 1208, 20.000, 307.69, -5.00, 20.002, 307.68, -4.99, 0.006, 243.73, 33.06);
insert into SURVEY values (1210, 1183, 'LaRabasse3', 'LaRabasse3.201.UltimaPatagonia', 'LaRabasse3');
 insert into CENTRELINE values (1211, 1210, NULL, NULL, NULL, 0.00, 0.00, 0.00);
 insert into SURVEY values (1213, 1183, 'LaRabasse1', 'LaRabasse1.201.UltimaPatagonia', 'La Rabasse 1');
 insert into CENTRELINE values (1214, 1213, NULL, NULL, NULL, 0.00, 0.00, 0.00);
 insert into SURVEY values (1216, 1183, 'Cueva7', 'Cueva7.201.UltimaPatagonia', 'Cueva 7');
 insert into CENTRELINE values (1217, 1216, NULL, NULL, NULL, 0.00, 0.00, 0.00);
 insert into SURVEY values (1219, 1183, 'Cueva11', 'Cueva11.201.UltimaPatagonia', 'Cueva 11');
 insert into CENTRELINE values (1220, 1219, NULL, NULL, NULL, 0.00, 0.00, 0.00);
 insert into SURVEY values (1222, 1183, 'CuevaDuTelephone', 'CuevaDuTelephone.201.UltimaPatagonia', 'Cueva du Telephone');
 insert into CENTRELINE values (1223, 1222, NULL, NULL, NULL, 0.00, 0.00, 0.00);
 insert into SURVEY values (1225, 1183, 'Cueva8', 'Cueva8.201.UltimaPatagonia', 'Cueva 8');
 insert into CENTRELINE values (1226, 1225, NULL, NULL, NULL, 0.00, 0.00, 0.00);
 insert into SURVEY values (1228, 1183, 'TrouDuMarteau', 'TrouDuMarteau.201.UltimaPatagonia', 'Trou du Marteau');
 insert into CENTRELINE values (1229, 1228, NULL, NULL, NULL, 0.00, 0.00, 0.00);
 insert into SURVEY values (1231, 1183, 'LaRabasse2', 'LaRabasse2.201.UltimaPatagonia', 'La Rabasse 2');
 insert into CENTRELINE values (1232, 1231, NULL, NULL, NULL, 0.00, 0.00, 0.00);
 insert into SURVEY values (1234, 1183, 'Cueva12', 'Cueva12.201.UltimaPatagonia', 'Cueva 12');
 insert into CENTRELINE values (1235, 1234, NULL, NULL, NULL, 0.00, 0.00, 0.00);
 insert into SURVEY values (1237, 1183, 'Cueva13', 'Cueva13.201.UltimaPatagonia', 'Cueva 13');
 insert into CENTRELINE values (1238, 1237, NULL, NULL, NULL, 0.00, 0.00, 0.00);
 insert into SURVEY values (1240, 1183, 'PorcheOsDeBaleine', 'PorcheOsDeBaleine.201.UltimaPatagonia', 'Porche 2 Os de Baleine');
 insert into CENTRELINE values (1241, 1240, NULL, NULL, NULL, 0.00, 0.00, 0.00);
 insert into SURVEY values (1243, 1183, 'C4T2', 'C4T2.201.UltimaPatagonia', 'C4T2');
 insert into CENTRELINE values (1244, 1243, NULL, NULL, NULL, 0.00, 0.00, 0.00);
 insert into SURVEY values (1246, 1183, 'C4T3', 'C4T3.201.UltimaPatagonia', 'C4T3');
 insert into CENTRELINE values (1247, 1246, NULL, NULL, NULL, 0.00, 0.00, 0.00);
 insert into SURVEY values (1249, 1183, 'Cueva4', 'Cueva4.201.UltimaPatagonia', 'Cueva 4');
 insert into CENTRELINE values (1250, 1249, NULL, NULL, NULL, 0.00, 0.00, 0.00);
 insert into SURVEY values (1252, 1183, 'C4T1', 'C4T1.201.UltimaPatagonia', 'C4T1');
 insert into CENTRELINE values (1253, 1252, NULL, NULL, NULL, 0.00, 0.00, 0.00);
 insert into SURVEY values (1255, 1183, 'C4Cueva6', 'C4Cueva6.201.UltimaPatagonia', 'C4 Cueva 6');
 insert into CENTRELINE values (1256, 1255, NULL, NULL, NULL, 0.00, 0.00, 0.00);
 insert into SURVEY values (1258, 1183, 'C4SansNom10', 'C4SansNom10.201.UltimaPatagonia', 'C4 SansNom10');
 insert into CENTRELINE values (1259, 1258, NULL, NULL, NULL, 0.00, 0.00, 0.00);
 insert into SURVEY values (1261, 1183, 'C4SansNom9', 'C4SansNom9.201.UltimaPatagonia', 'C4 SansNom 9');
 insert into CENTRELINE values (1262, 1261, NULL, NULL, NULL, 0.00, 0.00, 0.00);
 insert into SURVEY values (1264, 1183, 'C4Nfissure0', 'C4Nfissure0.201.UltimaPatagonia', 'C4 Nfissure 0');
 insert into CENTRELINE values (1265, 1264, NULL, NULL, NULL, 0.00, 0.00, 0.00);
 insert into SURVEY values (1267, 1183, 'C4SansNom8', 'C4SansNom8.201.UltimaPatagonia', 'C4 SansNom 8');
 insert into CENTRELINE values (1268, 1267, NULL, NULL, NULL, 0.00, 0.00, 0.00);
 insert into SURVEY values (1270, 1183, 'C4SansNom7', 'C4SansNom7.201.UltimaPatagonia', 'C4 SansNom 7');
 insert into CENTRELINE values (1271, 1270, NULL, NULL, NULL, 0.00, 0.00, 0.00);
 insert into SURVEY values (1273, 1183, 'C4SansNom6', 'C4SansNom6.201.UltimaPatagonia', 'C4 SansNom 6');
 insert into CENTRELINE values (1274, 1273, NULL, NULL, NULL, 0.00, 0.00, 0.00);
 insert into SURVEY values (1276, 1183, 'C5Cueva2', 'C5Cueva2.201.UltimaPatagonia', 'C5 Cueva2');
 insert into CENTRELINE values (1277, 1276, NULL, NULL, NULL, 0.00, 0.00, 0.00);
 insert into CENTRELINE values (1279, 1183, NULL, NULL, NULL, 0.00, 0.00, 0.00);
 insert into SURVEY values (1281, 22, '202', '202.UltimaPatagonia', '202 Isla Ramon');
 insert into CENTRELINE values (1282, 1281, NULL, NULL, NULL, 0.00, 0.00, 0.00);
 insert into CENTRELINE values (1283, 1281, NULL, NULL, NULL, 0.00, 0.00, 0.00);
 insert into SURVEY values (1285, 22, '203', '203.UltimaPatagonia', NULL);
 insert into CENTRELINE values (1286, 1285, NULL, NULL, NULL, 0.00, 0.00, 0.00);
 insert into SURVEY values (1287, 1285, 'PerteDuCoypo', 'PerteDuCoypo.203.UltimaPatagonia', 'Perte du Coypo');
 insert into CENTRELINE values (1288, 1287, NULL, NULL, NULL, 0.00, 0.00, 0.00);
 insert into SURVEY values (1290, 1285, 'PuitsDuBourdon', 'PuitsDuBourdon.203.UltimaPatagonia', 'Puits du Bourdon');
 insert into CENTRELINE values (1291, 1290, NULL, NULL, NULL, 0.00, 0.00, 0.00);
 insert into SURVEY values (1293, 1285, 'GrosTrou', 'GrosTrou.203.UltimaPatagonia', 'Gros Trou');
 insert into CENTRELINE values (1294, 1293, NULL, NULL, NULL, 0.00, 0.00, 0.00);
 insert into CENTRELINE values (1296, 1285, NULL, NULL, NULL, 0.00, 0.00, 0.00);
 insert into SURVEY values (1298, 22, '204', '204.UltimaPatagonia', '204 Camp 2');
 insert into CENTRELINE values (1299, 1298, NULL, NULL, NULL, 0.00, 0.00, 0.00);
 insert into SURVEY values (1300, 1298, 'GouffreGazelle', 'GouffreGazelle.204.UltimaPatagonia', 'Gouffre de la Gazelle');
 insert into CENTRELINE values (1301, 1300, NULL, NULL, NULL, 0.00, 0.00, 0.00);
 insert into CENTRELINE values (1302, 1300, NULL, '2010-02-01', NULL, 206.85, 0.00, 0.00);
 insert into SHOT values (1963, 2165, 2166, 1302, 9.600, 145.39, 20.00, 9.599, 145.34, 19.98, 0.008, 52.85, -23.99);
insert into SHOT values (1964, 2166, 2167, 1302, 11.100, 145.39, 25.00, 11.098, 145.41, 25.00, 0.004, 265.87, -14.67);
insert into SHOT values (1965, 2167, 2168, 1302, 3.700, 110.39, 65.00, 3.709, 110.51, 64.96, 0.009, 140.60, 44.63);
insert into SHOT values (1966, 2168, 2169, 1302, 2.500, 130.39, 40.00, 2.496, 130.34, 39.87, 0.007, 54.61, -76.73);
insert into SHOT values (1967, 2169, 2170, 1302, 7.500, 140.39, 55.00, 7.502, 140.38, 55.06, 0.008, 326.67, 52.32);
insert into SHOT values (1968, 2170, 2171, 1302, 2.700, 145.39, 65.00, 2.694, 145.34, 64.90, 0.007, 114.72, -73.62);
insert into SHOT values (1969, 2171, 2172, 1302, 2.800, 305.39, 35.00, 2.803, 305.42, 35.05, 0.004, 354.73, 66.91);
insert into SHOT values (1970, 2172, 2173, 1302, 4.000, 300.39, 55.00, 4.003, 300.36, 55.02, 0.004, 235.46, 71.87);
insert into SHOT values (1971, 2173, 2174, 1302, 4.300, 155.39, 28.00, 4.307, 155.46, 27.97, 0.008, 187.77, 8.72);
insert into SHOT values (1972, 2174, 2175, 1302, 1.800, 135.39, 8.00, 1.792, 135.23, 8.02, 0.009, 348.55, -3.21);
insert into SHOT values (1973, 2175, 2176, 1302, 4.700, 215.39, 65.00, 4.700, 215.37, 65.00, 0.001, 154.58, 24.70);
insert into SHOT values (1974, 2176, 2177, 1302, 4.600, 150.39, 20.00, 4.602, 150.35, 19.95, 0.006, 114.67, -35.48);
insert into SHOT values (1975, 2177, 2178, 1302, 5.800, 145.39, -15.00, 5.798, 145.40, -14.99, 0.003, 293.54, 26.41);
insert into SHOT values (1976, 2178, 2179, 1302, 5.900, 145.39, 7.00, 5.903, 145.36, 7.01, 0.004, 94.67, 14.28);
insert into SHOT values (1977, 2180, 2181, 1302, 2.700, 213.39, -45.00, 2.706, 212.86, -44.90, 0.019, 146.16, -2.42);
insert into SHOT values (1978, 2181, 2182, 1302, 9.300, 215.39, -90.00, 9.300, 206.57, -89.86, 0.022, 206.57, -0.00);
insert into SHOT values (1979, 2182, 2183, 1302, 5.600, 120.39, -30.00, 5.641, 120.60, -29.88, 0.046, 144.05, -12.46);
insert into SHOT values (1980, 2183, 2184, 1302, 7.300, 105.39, -55.00, 7.320, 105.61, -54.64, 0.053, 123.83, 10.73);
insert into SHOT values (1981, 2184, 2185, 1302, 9.000, 310.39, -22.00, 8.959, 310.35, -22.23, 0.055, 136.09, -19.77);
insert into SHOT values (1982, 2185, 2186, 1302, 10.600, 325.39, -10.00, 10.599, 325.38, -10.00, 0.002, 204.04, 21.04);
insert into SHOT values (1983, 2186, 2187, 1302, 6.000, 325.39, -45.00, 5.997, 325.37, -44.99, 0.003, 186.15, 55.18);
insert into SHOT values (1984, 2187, 2179, 1302, 1.800, 325.39, -45.00, 1.798, 325.56, -44.93, 0.005, 50.18, 36.10);
insert into SHOT values (1985, 2185, 2188, 1302, 9.600, 305.39, -15.00, 9.827, 307.35, -12.04, 0.638, 350.08, 42.96);
insert into SHOT values (1986, 2188, 2189, 1302, 2.700, 275.39, -30.00, 2.757, 277.56, -28.13, 0.139, 320.73, 21.09);
insert into SHOT values (1987, 2189, 2190, 1302, 10.750, 275.39, 33.00, 10.976, 278.81, 33.64, 0.600, 354.41, 22.05);
insert into SHOT values (1988, 2190, 2191, 1302, 4.800, 305.39, 52.00, 5.088, 306.73, 51.11, 0.306, 322.78, 35.45);
insert into SHOT values (1989, 2191, 2192, 1302, 5.300, 220.39, 10.00, 5.215, 223.10, 11.62, 0.298, 336.27, 25.81);
insert into SHOT values (1990, 2192, 2193, 1302, 6.800, 185.39, 13.00, 6.594, 187.05, 15.39, 0.394, 331.17, 33.98);
insert into SHOT values (1991, 2193, 2194, 1302, 6.250, 255.39, 3.00, 6.327, 258.48, 4.53, 0.385, 335.94, 26.66);
insert into SHOT values (1992, 2194, 2195, 1302, 3.650, 140.39, -5.00, 3.313, 139.66, -3.81, 0.347, 327.63, 16.42);
insert into SHOT values (1993, 2195, 2196, 1302, 4.700, 115.39, -50.00, 4.408, 113.42, -51.10, 0.321, 315.90, 32.06);
insert into SHOT values (1994, 2196, 2197, 1302, 15.000, 80.39, -20.00, 14.953, 74.12, -17.59, 1.673, 353.09, 21.39);
insert into SHOT values (1995, 2197, 2185, 1302, 14.000, 89.39, -10.00, 13.908, 83.50, -7.52, 1.542, 356.50, 23.35);
insert into SURVEY values (1304, 1298, 'GrotteFaussePucelle', 'GrotteFaussePucelle.204.UltimaPatagonia', 'Grotte de la Fausse Pucelle');
 insert into CENTRELINE values (1305, 1304, NULL, NULL, NULL, 0.00, 0.00, 0.00);
 insert into CENTRELINE values (1306, 1304, NULL, '2010-02-01', NULL, 116.80, 0.00, 0.00);
 insert into SHOT values (1996, 2198, 2199, 1306, 22.100, 145.39, 5.00, 22.098, 145.40, 5.01, 0.006, 267.40, 37.92);
insert into SHOT values (1997, 2199, 2200, 1306, 5.500, 145.39, 0.00, 5.506, 145.36, 0.00, 0.007, 118.93, 0.00);
insert into SHOT values (1998, 2200, 2201, 1306, 7.800, 130.39, 40.00, 7.796, 130.38, 39.99, 0.004, 330.04, -61.39);
insert into SHOT values (1999, 2201, 2202, 1306, 9.300, 105.39, 33.00, 9.303, 105.39, 33.02, 0.005, 171.25, 88.20);
insert into SHOT values (2000, 2202, 2203, 1306, 12.600, 183.39, 15.00, 12.600, 183.39, 14.99, 0.001, 215.87, -55.50);
insert into SHOT values (2001, 2203, 2204, 1306, 23.300, 172.39, 15.00, 23.302, 172.39, 15.00, 0.002, 197.81, -11.91);
insert into SHOT values (2002, 2204, 2205, 1306, 19.700, 173.39, 10.00, 19.698, 173.40, 10.00, 0.004, 296.72, -12.75);
insert into SHOT values (2003, 2205, 2206, 1306, 14.000, 155.39, 20.00, 14.001, 155.38, 20.01, 0.002, 64.86, 49.63);
insert into SHOT values (2004, 2206, 2207, 1306, 2.500, 230.39, 15.00, 2.498, 230.38, 14.84, 0.007, 137.52, -85.66);
insert into SURVEY values (1308, 1298, 'GouffreAlouette', 'GouffreAlouette.204.UltimaPatagonia', 'GouffreAlouette');
 insert into CENTRELINE values (1309, 1308, NULL, NULL, NULL, 0.00, 0.00, 0.00);
 insert into CENTRELINE values (1310, 1308, NULL, '2010-02-01', NULL, 291.81, 0.00, 0.00);
 insert into SHOT values (2005, 2208, 2209, 1310, 5.000, 83.39, 0.00, 4.994, 83.33, 0.00, 0.008, 303.04, 0.00);
insert into SHOT values (2006, 2209, 2210, 1310, 4.300, 83.39, 31.00, 4.296, 83.45, 30.96, 0.006, 196.94, -45.95);
insert into SHOT values (2007, 2210, 2211, 1310, 1.800, 84.39, -5.00, 1.804, 84.57, -4.77, 0.010, 134.31, 42.14);
insert into SHOT values (2008, 2211, 2212, 1310, 8.200, 31.39, -14.00, 8.206, 31.33, -14.03, 0.011, 332.83, -34.69);
insert into SHOT values (2009, 2212, 2213, 1310, 4.800, 272.39, -32.00, 4.792, 272.40, -32.01, 0.008, 87.64, 26.97);
insert into SHOT values (2010, 2212, 2214, 1310, 9.800, 59.39, -1.00, 9.806, 59.41, -0.99, 0.007, 85.12, 8.44);
insert into SHOT values (2011, 2214, 2215, 1310, 7.600, 318.39, -37.00, 7.598, 318.27, -36.98, 0.013, 229.13, 17.02);
insert into SHOT values (2012, 2214, 2216, 1310, 7.200, 68.39, 10.00, 7.197, 68.39, 10.00, 0.003, 236.66, -5.78);
insert into SHOT values (2013, 2216, 2217, 1310, 5.000, 54.39, 0.00, 4.995, 54.37, 0.00, 0.005, 254.60, 0.00);
insert into SHOT values (2014, 2217, 2218, 1310, 4.500, 341.39, -41.00, 4.499, 341.46, -40.98, 0.005, 70.04, 28.99);
insert into SHOT values (2015, 2217, 2219, 1310, 7.500, 147.39, 34.00, 7.505, 147.41, 34.03, 0.007, 200.88, 66.71);
insert into SHOT values (2016, 2219, 2220, 1310, 5.400, 147.39, 34.00, 5.403, 147.30, 33.98, 0.007, 81.87, 2.77);
insert into SHOT values (2017, 2219, 2221, 1310, 6.600, 228.39, 0.00, 6.595, 228.38, 0.00, 0.005, 58.74, 0.00);
insert into SHOT values (2018, 2216, 2222, 1310, 9.750, 330.39, 31.00, 9.745, 330.37, 31.01, 0.006, 185.72, -15.20);
insert into SHOT values (2019, 2222, 2223, 1310, 6.480, 332.39, 11.00, 6.485, 332.39, 11.02, 0.005, 330.47, 41.87);
insert into SHOT values (2020, 2223, 2224, 1310, 3.020, 17.39, 25.00, 3.044, 17.06, 24.87, 0.029, 344.07, 7.22);
insert into SHOT values (2021, 2224, 2225, 1310, 5.600, 94.39, 1.00, 5.565, 94.12, 1.03, 0.043, 311.08, 2.99);
insert into SHOT values (2022, 2225, 2226, 1310, 6.600, 38.39, -14.00, 6.616, 37.98, -14.00, 0.049, 326.45, -3.90);
insert into SHOT values (2023, 2226, 2227, 1310, 5.480, 354.39, -17.00, 5.515, 354.13, -16.87, 0.044, 321.34, 2.84);
insert into SHOT values (2024, 2227, 2228, 1310, 7.380, 45.39, -17.00, 7.377, 44.89, -16.94, 0.063, 314.59, 7.07);
insert into SHOT values (2025, 2228, 2229, 1310, 8.380, 34.39, -6.00, 8.392, 33.86, -6.02, 0.078, 312.57, -2.99);
insert into SHOT values (2026, 2229, 2230, 1310, 3.060, 88.39, 12.00, 3.040, 88.07, 12.15, 0.027, 305.87, 7.97);
insert into SHOT values (2027, 2230, 2231, 1310, 4.480, 64.39, 3.00, 4.469, 63.95, 2.95, 0.036, 317.10, -7.13);
insert into SHOT values (2028, 2231, 2232, 1310, 3.800, 102.39, 22.00, 3.767, 102.24, 22.14, 0.035, 297.03, -5.71);
insert into SHOT values (2029, 2232, 2233, 1310, 5.000, 327.39, 44.00, 4.999, 327.37, 43.96, 0.004, 280.72, -63.07);
insert into SHOT values (2030, 2232, 2234, 1310, 5.150, 20.39, -21.00, 5.173, 19.97, -20.96, 0.042, 323.01, -6.03);
insert into SHOT values (2031, 2234, 2235, 1310, 3.350, 306.39, -17.00, 3.391, 306.48, -16.80, 0.043, 313.40, -0.74);
insert into SHOT values (2032, 2236, 2237, 1310, 9.500, 345.39, 0.00, 9.498, 345.36, 0.00, 0.005, 232.49, 0.00);
insert into SHOT values (2033, 2237, 2238, 1310, 6.800, 300.39, 53.00, 6.799, 300.39, 53.00, 0.001, 158.11, -72.59);
insert into SHOT values (2034, 2238, 2239, 1310, 11.530, 320.39, 36.00, 11.535, 320.39, 36.00, 0.005, 323.46, 31.09);
insert into SHOT values (2035, 2239, 2240, 1310, 11.100, 312.39, 25.00, 11.098, 312.38, 25.00, 0.002, 176.53, -26.61);
insert into SHOT values (2036, 2240, 2241, 1310, 11.140, 303.39, 17.00, 11.135, 303.39, 17.02, 0.006, 119.26, 27.87);
insert into SHOT values (2037, 2241, 2242, 1310, 9.100, 164.39, 44.00, 9.096, 164.39, 44.01, 0.005, 341.51, -16.24);
insert into SHOT values (2038, 2242, 2243, 1310, 9.320, 170.39, 40.00, 9.320, 170.41, 40.00, 0.002, 251.13, -20.70);
insert into SHOT values (2039, 2243, 2244, 1310, 9.800, 140.39, 44.00, 10.439, 140.30, 43.46, 0.646, 139.12, 35.20);
insert into SHOT values (2040, 2243, 2245, 1310, 9.850, 15.39, 90.00, 9.454, 6.81, 85.91, 0.795, 6.81, -31.90);
insert into SHOT values (2041, 2245, 2246, 1310, 2.800, 323.39, 45.00, 2.800, 323.42, 45.00, 0.001, 46.48, 5.51);
insert into SHOT values (2042, 2244, 2245, 1310, 8.720, 323.39, 9.00, 8.365, 323.78, 15.60, 1.048, 137.69, 57.74);
insert into SHOT values (2043, 2244, 2247, 1310, 10.450, 158.39, 16.00, 10.451, 158.39, 16.00, 0.001, 156.65, -22.53);
insert into SHOT values (2044, 2247, 2248, 1310, 7.150, 158.39, 55.00, 7.151, 158.38, 55.03, 0.004, 351.65, 47.26);
insert into SHOT values (2045, 2248, 2249, 1310, 4.140, 269.39, 57.00, 4.141, 269.24, 56.92, 0.008, 221.71, -14.68);
insert into SHOT values (2046, 2249, 2250, 1310, 4.980, 150.39, 36.00, 4.979, 150.38, 36.04, 0.004, 345.82, 45.00);
insert into SHOT values (2047, 2250, 2251, 1310, 4.850, 152.39, 30.00, 4.847, 152.34, 29.95, 0.006, 60.64, -52.33);
insert into SHOT values (2048, 2251, 2252, 1310, 5.350, 206.39, 48.00, 5.355, 206.35, 48.01, 0.005, 160.46, 50.94);
insert into SURVEY values (1312, 1298, 'GrotteCacahuete', 'GrotteCacahuete.204.UltimaPatagonia', 'Grotte de la Cacahuete');
 insert into CENTRELINE values (1313, 1312, NULL, NULL, NULL, 0.00, 0.00, 0.00);
 insert into CENTRELINE values (1314, 1312, NULL, NULL, NULL, 92.80, 0.00, 0.00);
 insert into SHOT values (2049, 2253, 2254, 1314, 12.000, 141.13, 90.00, 12.000, 90.00, 90.00, 0.000, 141.13, 0.00);
insert into SHOT values (2050, 2254, 2255, 1314, 5.400, 161.13, 15.00, 5.396, 161.08, 15.04, 0.007, 29.54, 19.81);
insert into SHOT values (2051, 2255, 2256, 1314, 2.000, 106.13, 10.00, 1.999, 106.23, 10.08, 0.004, 217.06, 38.41);
insert into SHOT values (2052, 2256, 2257, 1314, 6.500, 156.13, 20.00, 6.494, 156.12, 19.99, 0.007, 345.85, -28.16);
insert into SHOT values (2053, 2257, 2258, 1314, 4.500, 211.13, 30.00, 4.501, 211.04, 29.99, 0.006, 130.51, -0.00);
insert into SHOT values (2054, 2259, 2260, 1314, 17.500, 52.13, 5.00, 17.506, 48.54, 5.41, 1.101, 320.05, 6.51);
insert into SHOT values (2055, 2260, 2261, 1314, 5.700, 73.13, -5.00, 5.631, 71.82, -4.99, 0.146, 314.55, 2.66);
insert into SHOT values (2056, 2261, 2262, 1314, 21.000, 174.13, 10.00, 20.920, 177.01, 10.97, 1.098, 273.43, 17.68);
insert into SHOT values (2057, 2262, 2263, 1314, 18.200, 121.13, -10.00, 18.051, 120.45, -10.31, 0.278, 353.15, -14.52);
insert into CENTRELINE values (1315, 1312, NULL, NULL, NULL, 93.44, 0.00, 0.00);
 insert into SHOT values (2058, 2259, 2264, 1315, 16.550, 176.13, 28.00, 16.655, 174.03, 26.53, 0.697, 113.08, -28.26);
insert into SHOT values (2059, 2264, 2265, 1315, 19.000, 165.13, 4.00, 19.137, 163.02, 3.42, 0.742, 86.07, -14.47);
insert into SHOT values (2060, 2265, 2266, 1315, 10.900, 160.13, 0.00, 11.032, 159.02, -0.21, 0.254, 101.22, -9.07);
insert into SHOT values (2061, 2266, 2267, 1315, 8.400, 125.13, -35.00, 8.536, 125.33, -34.05, 0.197, 132.40, 11.14);
insert into SHOT values (2062, 2267, 2253, 1315, 6.150, 58.13, -7.00, 6.188, 59.68, -7.15, 0.170, 136.64, -6.93);
insert into SHOT values (2063, 2253, 2268, 1315, 17.060, 37.13, -3.00, 17.090, 40.67, -3.32, 1.058, 127.55, -5.27);
insert into SHOT values (2064, 2268, 2263, 1315, 15.380, 3.13, 0.00, 15.294, 5.63, -0.34, 0.680, 101.74, -7.61);
insert into SURVEY values (1317, 1298, 'TrouDesCanelures', 'TrouDesCanelures.204.UltimaPatagonia', 'Trou des Canelures');
 insert into CENTRELINE values (1318, 1317, NULL, NULL, NULL, 0.00, 0.00, 0.00);
 insert into CENTRELINE values (1320, 1298, NULL, NULL, NULL, 0.00, 0.00, 0.00);
 insert into SURVEY values (1322, 22, '205', '205.UltimaPatagonia', '205 Baleine');
 insert into CENTRELINE values (1323, 1322, NULL, NULL, NULL, 0.00, 0.00, 0.00);
 insert into SURVEY values (1324, 1322, 'AbriCotier', 'AbriCotier.205.UltimaPatagonia', 'Abri Cotier');
 insert into CENTRELINE values (1325, 1324, NULL, NULL, NULL, 0.00, 0.00, 0.00);
 insert into CENTRELINE values (1326, 1324, NULL, NULL, NULL, 295.44, 0.00, 0.00);
 insert into SHOT values (2065, 2279, 2280, 1326, 4.660, 55.63, 9.50, 4.376, 55.87, 9.74, 0.285, 232.06, -5.86);
insert into SHOT values (2066, 2280, 2281, 1326, 5.480, 71.13, 11.00, 5.217, 72.13, 11.27, 0.279, 232.41, -5.27);
insert into SHOT values (2067, 2281, 2282, 1326, 10.140, 35.13, 5.00, 9.864, 33.96, 5.00, 0.342, 251.01, -3.98);
insert into SHOT values (2068, 2282, 2283, 1326, 5.250, 49.13, 2.50, 4.967, 49.09, 2.42, 0.283, 229.96, -3.85);
insert into SHOT values (2069, 2283, 2284, 1326, 3.900, 49.13, 3.50, 3.615, 49.16, 3.49, 0.285, 228.81, -3.64);
insert into SHOT values (2070, 2284, 2285, 1326, 3.270, 145.13, 4.00, 3.289, 147.57, 3.84, 0.141, 228.25, -3.30);
insert into SHOT values (2071, 2285, 2286, 1326, 5.230, 238.13, 47.00, 5.226, 238.18, 46.97, 0.006, 346.17, -57.01);
insert into SHOT values (2072, 2285, 2287, 1326, 5.390, 70.63, 2.00, 5.122, 71.67, 1.79, 0.285, 231.52, -5.66);
insert into SHOT values (2073, 2287, 2288, 1326, 3.070, 44.63, 0.50, 2.793, 44.27, 0.41, 0.277, 228.24, -1.40);
insert into SHOT values (2074, 2288, 2289, 1326, 4.810, 47.63, 0.50, 4.516, 47.51, 0.25, 0.295, 229.47, -4.27);
insert into SHOT values (2075, 2289, 2290, 1326, 5.770, 59.63, 2.00, 5.495, 60.07, 1.88, 0.278, 230.87, -4.40);
insert into SHOT values (2076, 2290, 2291, 1326, 3.390, 83.63, 5.00, 3.395, 83.72, 5.41, 0.025, 140.53, 76.54);
insert into SHOT values (2077, 2291, 2292, 1326, 3.720, 57.13, 0.00, 3.720, 57.29, 0.31, 0.023, 148.25, 62.56);
insert into SHOT values (2078, 2292, 2293, 1326, 3.530, 88.63, 2.50, 3.536, 88.54, 2.92, 0.027, 36.76, 74.35);
insert into SHOT values (2079, 2293, 2294, 1326, 2.660, 33.13, -3.00, 2.651, 33.45, -2.59, 0.025, 150.75, 49.23);
insert into SHOT values (2080, 2294, 2295, 1326, 3.970, 300.13, 0.50, 3.966, 300.12, 1.01, 0.036, 130.31, 82.84);
insert into SHOT values (2081, 2295, 2296, 1326, 1.730, 327.63, -3.00, 1.746, 329.32, -2.30, 0.057, 40.54, 20.94);
insert into SHOT values (2082, 2296, 2297, 1326, 4.160, 18.13, 0.50, 4.295, 19.03, 0.93, 0.154, 44.63, 12.66);
insert into SHOT values (2083, 2297, 2298, 1326, 1.970, 320.13, -1.50, 1.973, 321.79, -0.87, 0.061, 47.75, 20.65);
insert into SHOT values (2084, 2298, 2299, 1326, 4.960, 76.13, 0.20, 4.965, 76.13, 0.23, 0.005, 75.21, 29.46);
insert into SHOT values (2085, 2298, 2300, 1326, 4.360, 336.63, 0.00, 4.397, 338.10, 0.52, 0.125, 49.00, 18.68);
insert into SHOT values (2086, 2300, 2301, 1326, 4.660, 323.63, 6.50, 4.664, 323.60, 6.52, 0.005, 290.91, 26.85);
insert into SHOT values (2087, 2301, 2302, 1326, 0.980, 16.13, 0.00, 0.978, 16.03, 0.00, 0.003, 238.55, 0.00);
insert into SHOT values (2088, 2300, 2303, 1326, 2.190, 199.63, -1.50, 2.049, 198.79, -0.84, 0.146, 31.78, 10.78);
insert into SHOT values (2089, 2303, 2304, 1326, 2.400, 221.63, -0.50, 2.239, 221.38, 0.00, 0.163, 45.16, 7.40);
insert into SHOT values (2090, 2304, 2305, 1326, 3.700, 198.13, -1.50, 3.562, 197.32, -0.97, 0.151, 38.38, 14.10);
insert into SHOT values (2091, 2305, 2306, 1326, 2.820, 219.63, -5.00, 2.653, 219.17, -4.76, 0.169, 47.03, 8.80);
insert into SHOT values (2092, 2306, 2307, 1326, 3.020, 238.13, -7.00, 3.140, 238.25, -6.95, 0.120, 241.15, -5.73);
insert into SHOT values (2093, 2307, 2308, 1326, 1.600, 244.63, -2.00, 1.714, 244.03, -2.01, 0.115, 235.69, -2.07);
insert into SHOT values (2094, 2308, 2309, 1326, 3.480, 266.13, -1.50, 3.592, 265.69, -1.60, 0.115, 252.04, -4.44);
insert into SHOT values (2095, 2309, 2310, 1326, 3.500, 267.63, -1.50, 3.596, 267.13, -1.59, 0.101, 249.36, -4.76);
insert into SHOT values (2096, 2310, 2311, 1326, 2.020, 225.13, -4.00, 1.857, 225.00, -4.01, 0.163, 46.64, 3.84);
insert into SHOT values (2097, 2311, 2312, 1326, 2.020, 286.13, 2.00, 2.020, 286.10, 1.99, 0.001, 217.80, -22.73);
insert into SHOT values (2098, 2312, 2313, 1326, 2.630, 273.63, 12.50, 2.628, 273.58, 12.53, 0.004, 137.01, 11.77);
insert into SHOT values (2099, 2310, 2314, 1326, 5.350, 281.63, 0.00, 5.537, 279.56, -0.21, 0.272, 234.17, -4.22);
insert into SHOT values (2100, 2314, 2315, 1326, 2.740, 45.63, -5.50, 2.459, 45.66, -5.83, 0.281, 225.37, 2.57);
insert into SHOT values (2101, 2315, 2316, 1326, 2.440, 22.13, 6.00, 2.193, 20.68, 6.02, 0.254, 214.76, -5.65);
insert into SHOT values (2102, 2316, 2317, 1326, 3.690, 2.63, 7.00, 3.496, 0.66, 6.90, 0.230, 214.21, -7.42);
insert into SHOT values (2103, 2317, 2318, 1326, 4.970, 50.13, -3.00, 4.693, 50.02, -3.30, 0.279, 231.99, -2.03);
insert into SHOT values (2104, 2318, 2319, 1326, 4.490, 44.13, 0.00, 4.491, 44.19, 0.00, 0.004, 126.57, 0.00);
insert into SHOT values (2105, 2318, 2320, 1326, 4.050, 233.13, -0.50, 4.334, 232.97, -0.66, 0.285, 230.68, -2.95);
insert into SHOT values (2106, 2320, 2321, 1326, 2.680, 249.13, 5.00, 2.945, 248.42, 4.48, 0.268, 241.27, -0.76);
insert into SHOT values (2107, 2321, 2322, 1326, 2.680, 275.13, 1.50, 2.886, 273.38, 1.39, 0.223, 251.78, -0.04);
insert into SHOT values (2108, 2322, 2323, 1326, 14.230, 185.13, -4.00, 14.458, 189.06, -4.16, 1.007, 264.20, -3.27);
insert into SHOT values (2109, 2323, 2279, 1326, 28.330, 210.13, -5.00, 28.659, 213.82, -4.98, 1.855, 291.79, -0.64);
insert into SHOT values (2110, 2294, 2324, 1326, 3.010, 91.63, 0.50, 2.762, 90.42, 1.87, 0.265, 284.81, 13.92);
insert into SHOT values (2111, 2324, 2325, 1326, 4.850, 120.13, 3.00, 4.580, 120.38, 4.26, 0.290, 296.00, 17.29);
insert into SHOT values (2112, 2325, 2326, 1326, 5.040, 121.63, 2.00, 4.770, 121.95, 3.37, 0.296, 296.09, 20.61);
insert into SHOT values (2113, 2326, 2327, 1326, 4.240, 50.13, -1.00, 4.134, 47.74, 0.14, 0.220, 287.88, 22.41);
insert into SHOT values (2114, 2327, 2328, 1326, 5.870, 349.13, -2.00, 6.036, 346.98, -0.66, 0.311, 295.07, 25.69);
insert into SHOT values (2115, 2328, 2329, 1326, 3.620, 300.63, -2.00, 3.896, 300.38, -1.03, 0.283, 297.14, 11.47);
insert into SHOT values (2116, 2329, 2330, 1326, 3.950, 282.13, -2.00, 4.214, 282.75, -0.82, 0.281, 291.82, 16.09);
insert into SHOT values (2117, 2330, 2331, 1326, 4.770, 202.13, -5.00, 4.754, 204.67, -3.86, 0.231, 295.80, 24.43);
insert into SHOT values (2118, 2331, 2294, 1326, 3.740, 229.13, -4.00, 3.839, 231.25, -2.99, 0.184, 283.72, 19.33);
insert into SHOT values (2119, 2306, 2332, 1326, 4.480, 174.13, -4.00, 4.475, 174.09, -3.97, 0.007, 28.95, 21.15);
insert into SHOT values (2120, 2290, 2306, 1326, 9.030, 8.13, 2.00, 8.831, 5.39, 1.10, 0.491, 252.16, -17.19);
insert into SHOT values (2121, 2295, 2333, 1326, 23.200, 252.13, -3.00, 23.366, 249.97, -3.14, 0.894, 171.56, -4.22);
insert into SHOT values (2122, 2333, 2311, 1326, 6.440, 19.63, 2.00, 6.300, 18.81, 1.91, 0.168, 232.42, -5.04);
insert into SHOT values (2123, 2333, 2334, 1326, 11.110, 282.13, 1.50, 11.113, 282.16, 1.50, 0.006, 341.96, -7.76);
insert into SURVEY values (1328, 1322, 'PerteDesDents', 'PerteDesDents.205.UltimaPatagonia', 'Perte Des Dents');
 insert into CENTRELINE values (1329, 1328, NULL, NULL, NULL, 0.00, 0.00, 0.00);
 insert into CENTRELINE values (1330, 1328, NULL, '2008-02-01', NULL, 119.95, 0.00, 0.00);
 insert into SHOT values (2124, 2335, 2336, 1330, 18.300, 264.54, -45.00, 18.299, 264.54, -45.00, 0.002, 58.76, 1.91);
insert into SHOT values (2125, 2336, 2337, 1330, 8.500, 209.54, -42.00, 8.506, 209.57, -41.98, 0.007, 230.78, -18.68);
insert into SHOT values (2126, 2337, 2338, 1330, 11.000, 247.54, -33.00, 10.994, 247.55, -33.02, 0.007, 53.87, 8.28);
insert into SHOT values (2127, 2338, 2339, 1330, 8.600, 232.54, 6.00, 8.600, 232.55, 6.01, 0.002, 336.72, 29.55);
insert into SHOT values (2128, 2338, 2340, 1330, 3.100, 314.54, -20.00, 3.100, 314.44, -19.99, 0.005, 228.74, 3.00);
insert into SHOT values (2129, 2340, 2341, 1330, 11.500, 261.54, -52.00, 11.496, 261.55, -52.01, 0.004, 65.84, 32.00);
insert into SHOT values (2130, 2341, 2342, 1330, 13.200, 290.54, -35.00, 13.205, 290.56, -34.98, 0.008, 321.27, 9.12);
insert into SHOT values (2131, 2342, 2343, 1330, 14.900, 261.54, -43.00, 14.893, 261.50, -43.01, 0.011, 129.66, 8.98);
insert into SHOT values (2132, 2343, 2344, 1330, 8.400, 3.54, -73.00, 8.406, 3.50, -73.02, 0.007, 234.42, -73.27);
insert into SHOT values (2133, 2344, 2345, 1330, 3.100, 277.54, -32.00, 3.102, 277.64, -31.91, 0.007, 322.53, 23.80);
insert into SHOT values (2134, 2345, 2346, 1330, 4.700, 251.54, -4.00, 4.704, 251.49, -4.02, 0.007, 205.53, -19.22);
insert into SHOT values (2135, 2346, 2347, 1330, 14.650, 289.54, -72.00, 14.646, 289.64, -72.01, 0.009, 47.95, 19.27);
insert into CENTRELINE values (1331, 1328, NULL, NULL, NULL, 161.09, 0.00, 0.00);
 insert into SHOT values (2136, 2348, 2347, 1331, 9.300, 171.13, 35.00, 9.301, 171.09, 34.97, 0.008, 117.37, -33.68);
insert into SHOT values (2137, 2349, 2348, 1331, 14.300, 154.13, 35.00, 14.304, 154.13, 35.03, 0.008, 288.30, 85.03);
insert into SHOT values (2138, 2350, 2349, 1331, 5.440, 151.13, 28.00, 5.434, 151.08, 27.99, 0.008, 9.54, -31.24);
insert into SHOT values (2139, 2351, 2350, 1331, 9.460, 112.13, 27.00, 9.457, 112.18, 27.04, 0.010, 240.70, 30.31);
insert into SHOT values (2140, 2352, 2351, 1331, 11.300, 101.13, 56.00, 11.293, 101.13, 55.98, 0.008, 24.58, -89.62);
insert into SHOT values (2141, 2353, 2352, 1331, 8.600, 126.13, 45.00, 8.602, 126.04, 44.98, 0.010, 56.02, -6.19);
insert into SHOT values (2142, 2354, 2353, 1331, 6.300, 134.13, 25.00, 6.301, 134.22, 25.07, 0.012, 242.52, 39.58);
insert into SHOT values (2143, 2355, 2354, 1331, 5.000, 142.13, 45.00, 4.995, 142.13, 44.96, 0.006, 347.37, -78.81);
insert into SHOT values (2144, 2356, 2355, 1331, 2.130, 141.13, 40.00, 2.133, 140.96, 39.96, 0.006, 86.04, 8.04);
insert into SHOT values (2145, 2357, 2356, 1331, 5.060, 146.13, 25.00, 5.059, 146.21, 25.02, 0.006, 248.77, 14.46);
insert into SHOT values (2146, 2358, 2357, 1331, 3.000, 112.13, 20.00, 3.008, 112.03, 20.02, 0.010, 76.41, 23.89);
insert into SHOT values (2147, 2359, 2358, 1331, 4.100, 200.13, 20.00, 4.103, 200.17, 19.95, 0.005, 235.71, -25.74);
insert into SHOT values (2148, 2360, 2359, 1331, 13.300, 130.13, 21.00, 13.297, 130.13, 21.02, 0.006, 315.43, 39.20);
insert into SHOT values (2149, 2361, 2360, 1331, 7.100, 142.13, 18.00, 7.101, 142.10, 17.96, 0.007, 82.70, -38.19);
insert into SHOT values (2150, 2362, 2361, 1331, 8.000, 155.13, 52.00, 7.997, 155.15, 51.98, 0.004, 220.93, -66.15);
insert into SHOT values (2151, 2363, 2362, 1331, 5.000, 186.13, 25.00, 5.007, 186.20, 25.05, 0.010, 233.32, 43.21);
insert into SHOT values (2152, 2364, 2363, 1331, 6.400, 184.13, 60.00, 6.397, 184.12, 60.00, 0.003, 19.86, -55.12);
insert into SHOT values (2153, 2365, 2364, 1331, 7.600, 139.13, 10.00, 7.602, 139.12, 10.00, 0.003, 89.99, 5.62);
insert into SHOT values (2154, 2366, 2365, 1331, 5.200, 58.13, 10.00, 5.204, 58.08, 9.96, 0.007, 7.88, -24.90);
insert into SHOT values (2155, 2367, 2366, 1331, 8.300, 57.13, 40.00, 8.303, 57.13, 40.03, 0.005, 216.13, 81.90);
insert into SHOT values (2156, 2368, 2367, 1331, 16.200, 74.13, 15.00, 16.195, 74.16, 14.99, 0.009, 191.91, -18.57);
insert into CENTRELINE values (1332, 1328, NULL, NULL, NULL, 220.78, 0.00, 0.00);
 insert into SHOT values (2157, 2369, 2370, 1332, 0.900, 287.13, 0.00, 0.898, 286.82, 0.00, 0.005, 179.29, 0.00);
insert into SHOT values (2158, 2370, 2371, 1332, 2.360, 306.13, 0.00, 2.360, 306.38, 0.00, 0.010, 35.79, 0.00);
insert into SHOT values (2159, 2371, 2372, 1332, 1.640, 324.13, 0.00, 1.632, 323.97, 0.00, 0.009, 174.33, 0.00);
insert into SHOT values (2160, 2372, 2373, 1332, 2.380, 282.13, 0.00, 2.383, 282.11, 0.00, 0.003, 266.10, 0.00);
insert into SHOT values (2161, 2373, 2374, 1332, 2.780, 331.13, 0.00, 2.784, 331.23, 0.00, 0.006, 21.46, 0.00);
insert into SHOT values (2162, 2374, 2375, 1332, 5.000, 326.13, 0.00, 5.001, 326.09, 0.00, 0.004, 245.63, 0.00);
insert into SHOT values (2163, 2375, 2376, 1332, 5.300, 34.13, 0.00, 5.300, 34.08, 0.00, 0.005, 307.43, 0.00);
insert into SHOT values (2164, 2376, 2377, 1332, 5.500, 31.13, 0.00, 5.505, 31.18, 0.00, 0.007, 71.42, 0.00);
insert into SHOT values (2165, 2377, 2378, 1332, 7.120, 66.13, 0.00, 7.119, 66.14, 0.00, 0.001, 231.21, 0.00);
insert into SHOT values (2166, 2378, 2379, 1332, 25.700, 352.13, 0.00, 25.702, 352.13, 0.00, 0.003, 311.49, 0.00);
insert into SHOT values (2167, 2379, 2380, 1332, 14.000, 314.13, -1.00, 13.997, 314.10, -0.98, 0.009, 205.24, 29.22);
insert into SHOT values (2168, 2380, 2381, 1332, 8.000, 352.13, -1.00, 8.006, 352.17, -1.00, 0.008, 36.89, -2.68);
insert into SHOT values (2169, 2381, 2382, 1332, 4.570, 11.13, -1.00, 4.566, 11.11, -1.00, 0.004, 213.99, -3.46);
insert into SHOT values (2170, 2382, 2383, 1332, 7.070, 38.13, -1.00, 7.073, 38.17, -1.05, 0.008, 93.42, -52.53);
insert into SHOT values (2171, 2383, 2384, 1332, 5.220, 305.13, -1.00, 5.219, 305.09, -0.99, 0.004, 204.80, 15.95);
insert into SHOT values (2172, 2384, 2385, 1332, 13.500, 13.13, -1.00, 13.503, 13.10, -0.98, 0.010, 306.69, 33.47);
insert into SHOT values (2173, 2385, 2386, 1332, 9.570, 295.13, -1.00, 9.566, 295.12, -1.02, 0.006, 145.64, -32.27);
insert into SHOT values (2174, 2386, 2387, 1332, 19.300, 348.13, -1.00, 19.306, 348.13, -1.01, 0.006, 343.45, -29.39);
insert into SHOT values (2175, 2387, 2388, 1332, 17.340, 301.13, -1.00, 17.338, 301.12, -0.99, 0.005, 175.21, 34.80);
insert into SHOT values (2176, 2388, 2349, 1332, 5.000, 260.13, -10.00, 4.998, 260.17, -10.02, 0.004, 17.37, -23.69);
insert into SHOT values (2177, 2388, 2389, 1332, 15.000, 323.13, -30.00, 14.996, 323.14, -30.01, 0.005, 124.96, 0.00);
insert into SHOT values (2178, 2389, 2390, 1332, 4.350, 246.13, 0.00, 4.352, 246.14, 0.00, 0.002, 272.99, 0.00);
insert into SHOT values (2179, 2390, 2391, 1332, 3.620, 347.13, 0.00, 3.620, 347.23, 0.00, 0.006, 81.64, 0.00);
insert into SHOT values (2180, 2391, 2392, 1332, 2.950, 337.13, 43.00, 2.951, 337.11, 42.94, 0.003, 322.35, -35.92);
insert into SHOT values (2181, 2392, 2393, 1332, 3.470, 31.13, 15.00, 3.470, 31.08, 15.03, 0.004, 288.52, 31.57);
insert into SHOT values (2182, 2393, 2394, 1332, 5.100, 286.13, 0.00, 5.102, 286.16, 0.00, 0.003, 344.05, 0.00);
insert into SHOT values (2183, 2394, 2395, 1332, 4.100, 358.13, 0.00, 4.092, 358.18, 0.00, 0.009, 155.25, 0.00);
insert into SHOT values (2184, 2395, 2396, 1332, 5.200, 224.13, -34.00, 5.198, 224.15, -34.05, 0.005, 23.96, -25.91);
insert into SHOT values (2185, 2396, 2397, 1332, 6.740, 346.13, -5.00, 6.741, 346.13, -4.94, 0.008, 331.60, 78.32);
insert into SHOT values (2186, 2397, 2398, 1332, 5.600, 237.13, -14.00, 5.607, 237.16, -14.04, 0.008, 259.16, -40.06);
insert into SHOT values (2187, 2398, 2399, 1332, 2.400, 252.13, -20.00, 2.393, 252.13, -20.04, 0.007, 73.28, 7.14);
insert into SURVEY values (1334, 1322, 'SumideroJuanito', 'SumideroJuanito.205.UltimaPatagonia', 'Sumidero Juanito');
 insert into CENTRELINE values (1335, 1334, NULL, NULL, NULL, 0.00, 0.00, 0.00);
 insert into CENTRELINE values (1336, 1334, NULL, '2008-02-01', NULL, 155.90, 0.00, 0.00);
 insert into SHOT values (2188, 2400, 2401, 1336, 5.900, 230.54, 53.00, 5.899, 230.48, 52.98, 0.004, 157.16, -27.35);
insert into SHOT values (2189, 2402, 2400, 1336, 15.000, 139.54, 56.00, 15.002, 139.55, 56.02, 0.006, 307.54, 51.08);
insert into SHOT values (2190, 2403, 2402, 1336, 13.700, 130.54, 40.00, 13.698, 130.52, 39.97, 0.008, 70.40, -51.34);
insert into SHOT values (2191, 2404, 2403, 1336, 9.800, 89.54, 20.00, 9.804, 89.56, 20.04, 0.009, 160.23, 64.78);
insert into SHOT values (2192, 2405, 2404, 1336, 2.500, 42.54, 8.00, 2.501, 42.38, 7.81, 0.011, 327.02, -48.12);
insert into SHOT values (2193, 2406, 2405, 1336, 4.500, 5.54, 48.00, 4.500, 5.54, 48.12, 0.009, 186.42, 39.65);
insert into SHOT values (2194, 2407, 2406, 1336, 6.800, 95.54, 68.00, 6.797, 95.40, 67.95, 0.009, 37.35, -32.71);
insert into SHOT values (2195, 2408, 2407, 1336, 8.000, 73.54, 33.00, 7.998, 73.54, 33.03, 0.005, 259.06, 32.44);
insert into SHOT values (2196, 2409, 2408, 1336, 6.100, 55.54, 43.00, 6.099, 55.60, 43.01, 0.004, 160.14, -2.44);
insert into SHOT values (2197, 2410, 2409, 1336, 2.700, 109.54, 0.00, 2.695, 109.51, 0.00, 0.005, 305.05, 0.00);
insert into SHOT values (2198, 2411, 2410, 1336, 3.300, 77.54, 31.00, 3.298, 77.54, 31.02, 0.002, 264.01, 10.30);
insert into SHOT values (2199, 2412, 2411, 1336, 4.100, 112.54, 15.00, 4.102, 112.55, 14.97, 0.003, 128.20, -21.83);
insert into SHOT values (2200, 2413, 2412, 1336, 3.500, 15.54, 54.00, 3.497, 15.52, 54.02, 0.003, 211.15, -33.39);
insert into SHOT values (2201, 2414, 2413, 1336, 6.600, 72.54, 42.00, 6.605, 72.45, 42.00, 0.009, 7.84, 23.47);
insert into SHOT values (2202, 2415, 2414, 1336, 20.500, 95.54, 76.00, 20.500, 95.55, 75.99, 0.004, 105.61, -15.14);
insert into SHOT values (2203, 2416, 2415, 1336, 14.500, 105.54, 56.00, 14.499, 105.60, 56.00, 0.008, 193.72, -7.76);
insert into SHOT values (2204, 2417, 2416, 1336, 6.500, 127.54, 42.00, 6.499, 127.51, 42.02, 0.003, 358.35, 10.88);
insert into SHOT values (2205, 2418, 2417, 1336, 9.300, 111.54, 66.00, 9.304, 111.55, 66.00, 0.004, 124.62, 64.67);
insert into SHOT values (2206, 2419, 2418, 1336, 5.500, 223.54, 37.00, 5.500, 223.62, 37.00, 0.006, 314.40, 0.17);
insert into SHOT values (2207, 2420, 2419, 1336, 7.100, 15.54, 90.00, 7.100, 90.00, 90.00, 0.000, 15.54, -12.13);
insert into CENTRELINE values (1337, 1334, NULL, NULL, NULL, 49.00, 0.00, 0.00);
 insert into SHOT values (2208, 2417, 2421, 1337, 7.000, 16.13, 0.00, 6.994, 16.10, 0.00, 0.007, 229.13, 0.00);
insert into SHOT values (2209, 2421, 2422, 1337, 15.000, 292.13, -80.00, 14.997, 292.13, -80.01, 0.004, 115.50, 34.37);
insert into SHOT values (2210, 2422, 2423, 1337, 2.000, 16.13, 0.00, 2.010, 16.18, 0.00, 0.010, 26.04, 0.00);
insert into SHOT values (2211, 2423, 2424, 1337, 25.000, 196.13, -90.00, 25.000, 90.00, -90.00, 0.000, 196.13, 0.00);
insert into SURVEY values (1339, 1322, 'GrotteAudeline', 'GrotteAudeline.205.UltimaPatagonia', 'Grotte de l''Audeline');
 insert into CENTRELINE values (1340, 1339, NULL, NULL, NULL, 0.00, 0.00, 0.00);
 insert into CENTRELINE values (1341, 1339, NULL, '2010-02-01', NULL, 143.14, 0.00, 0.00);
 insert into SHOT values (2212, 2425, 2426, 1341, 7.000, 309.39, -10.00, 7.000, 309.35, -10.04, 0.007, 205.75, -40.98);
insert into SHOT values (2213, 2426, 2427, 1341, 17.000, 15.39, -90.00, 17.000, 90.00, -90.00, 0.000, 15.39, 0.00);
insert into SHOT values (2214, 2427, 2428, 1341, 0.500, 15.39, -90.00, 0.500, 90.00, -90.00, 0.000, 15.39, 0.00);
insert into SHOT values (2215, 2426, 2429, 1341, 3.450, 309.39, -10.00, 3.446, 309.50, -9.86, 0.011, 55.98, 52.26);
insert into SHOT values (2216, 2429, 2430, 1341, 6.690, 230.39, -3.00, 6.693, 230.40, -3.00, 0.003, 260.45, 2.31);
insert into SHOT values (2217, 2430, 2431, 1341, 9.000, 302.39, -36.00, 9.001, 302.38, -36.00, 0.002, 259.40, 2.37);
insert into SHOT values (2218, 2431, 2432, 1341, 6.890, 293.39, 19.00, 6.891, 293.42, 18.97, 0.005, 349.72, -39.05);
insert into SHOT values (2219, 2432, 2433, 1341, 5.320, 300.39, 18.00, 5.315, 300.42, 17.97, 0.006, 84.01, -41.48);
insert into SHOT values (2220, 2433, 2434, 1341, 15.380, 166.39, 2.00, 15.379, 166.42, 2.01, 0.008, 261.80, 24.50);
insert into SHOT values (2221, 2434, 2435, 1341, 8.890, 182.39, 5.00, 8.891, 182.33, 4.97, 0.011, 99.42, -27.26);
insert into SHOT values (2222, 2435, 2436, 1341, 5.860, 225.39, -3.00, 5.863, 225.42, -2.93, 0.008, 266.42, 59.03);
insert into SHOT values (2223, 2436, 2437, 1341, 12.520, 154.39, 0.00, 12.519, 154.40, 0.00, 0.002, 268.15, 0.00);
insert into SHOT values (2224, 2437, 2438, 1341, 11.060, 180.39, -3.00, 11.055, 180.36, -3.01, 0.007, 47.82, -9.67);
insert into SHOT values (2225, 2438, 2439, 1341, 11.100, 218.39, 2.00, 11.105, 218.38, 2.01, 0.006, 192.01, 26.98);
insert into SHOT values (2226, 2439, 2440, 1341, 7.600, 201.39, 1.00, 7.594, 201.40, 0.98, 0.006, 13.71, -25.15);
insert into SHOT values (2227, 2440, 2441, 1341, 5.900, 157.39, 4.00, 5.905, 157.44, 3.98, 0.007, 202.72, -12.06);
insert into SHOT values (2228, 2441, 2442, 1341, 8.980, 170.39, 4.00, 8.977, 170.42, 4.02, 0.007, 293.30, 30.60);
insert into SURVEY values (1343, 1322, 'AbriDuCerfeuil', 'AbriDuCerfeuil.205.UltimaPatagonia', 'Abri du Cerfeuil');
 insert into CENTRELINE values (1344, 1343, NULL, NULL, NULL, 0.00, 0.00, 0.00);
 insert into SURVEY values (1346, 1322, 'CuevaLaBas', 'CuevaLaBas.205.UltimaPatagonia', 'Cueva La-Bas');
 insert into CENTRELINE values (1347, 1346, NULL, NULL, NULL, 0.00, 0.00, 0.00);
 insert into SURVEY values (1349, 1322, 'CuevaArdilla', 'CuevaArdilla.205.UltimaPatagonia', 'Cueva Ardilla');
 insert into CENTRELINE values (1350, 1349, NULL, NULL, NULL, 0.00, 0.00, 0.00);
 insert into SURVEY values (1352, 1322, 'PozoEnBosque', 'PozoEnBosque.205.UltimaPatagonia', 'Pozo en Bosque');
 insert into CENTRELINE values (1353, 1352, NULL, NULL, NULL, 0.00, 0.00, 0.00);
 insert into SURVEY values (1355, 1322, 'MD/SOU01', 'MD/SOU01.205.UltimaPatagonia', 'MD/SOU01');
 insert into CENTRELINE values (1356, 1355, NULL, NULL, NULL, 0.00, 0.00, 0.00);
 insert into SURVEY values (1358, 1322, 'MD/SOU02', 'MD/SOU02.205.UltimaPatagonia', 'MD/SOU02');
 insert into CENTRELINE values (1359, 1358, NULL, NULL, NULL, 0.00, 0.00, 0.00);
 insert into SURVEY values (1361, 1322, 'PerteInattendue', 'PerteInattendue.205.UltimaPatagonia', 'Perte Inattendue');
 insert into CENTRELINE values (1362, 1361, NULL, NULL, NULL, 0.00, 0.00, 0.00);
 insert into SURVEY values (1364, 1322, 'PerteAmbree', 'PerteAmbree.205.UltimaPatagonia', 'La Perte Ambree');
 insert into CENTRELINE values (1365, 1364, NULL, NULL, NULL, 0.00, 0.00, 0.00);
 insert into SURVEY values (1367, 1322, 'PerteFaille', 'PerteFaille.205.UltimaPatagonia', 'perte-faille');
 insert into CENTRELINE values (1368, 1367, NULL, NULL, NULL, 0.00, 0.00, 0.00);
 insert into SURVEY values (1370, 1322, 'PerteDesQuatreChampignons', 'PerteDesQuatreChampignons.205.UltimaPatagonia', 'Perte des 4 champi');
 insert into CENTRELINE values (1371, 1370, NULL, NULL, NULL, 0.00, 0.00, 0.00);
 insert into SURVEY values (1373, 1322, 'PerteDuJump', 'PerteDuJump.205.UltimaPatagonia', 'Perte du Jump');
 insert into CENTRELINE values (1374, 1373, NULL, NULL, NULL, 0.00, 0.00, 0.00);
 insert into SURVEY values (1376, 1322, 'FailleDuCoinceur', 'FailleDuCoinceur.205.UltimaPatagonia', 'Faille du Coinceur');
 insert into CENTRELINE values (1377, 1376, NULL, NULL, NULL, 0.00, 0.00, 0.00);
 insert into SURVEY values (1379, 1322, 'IgueDuPlouc', 'IgueDuPlouc.205.UltimaPatagonia', 'Igue du Plouc');
 insert into CENTRELINE values (1380, 1379, NULL, NULL, NULL, 0.00, 0.00, 0.00);
 insert into SURVEY values (1382, 1322, 'CuevaDeLaFinDeMatinas', 'CuevaDeLaFinDeMatinas.205.UltimaPatagonia', 'Cueva de la fin de Matinas');
 insert into CENTRELINE values (1383, 1382, NULL, NULL, NULL, 0.00, 0.00, 0.00);
 insert into CENTRELINE values (1385, 1322, NULL, NULL, NULL, 0.00, 0.00, 0.00);
 insert into SURVEY values (1387, 22, '206', '206.UltimaPatagonia', '206 Roberto');
 insert into CENTRELINE values (1388, 1387, NULL, NULL, NULL, 0.00, 0.00, 0.00);
 insert into SURVEY values (1389, 1387, 'PozoDelContacto', 'PozoDelContacto.206.UltimaPatagonia', 'PozoDelContacto');
 insert into CENTRELINE values (1390, 1389, NULL, NULL, NULL, 0.00, 0.00, 0.00);
 insert into CENTRELINE values (1391, 1389, NULL, NULL, NULL, 87.19, 0.00, 0.00);
 insert into SHOT values (2229, 2481, 2482, 1391, 2.110, 206.13, 12.00, 2.108, 206.19, 12.05, 0.003, 341.78, 23.06);
insert into SHOT values (2230, 2482, 2483, 1391, 1.750, 264.13, 55.00, 1.748, 264.29, 54.90, 0.005, 330.13, -49.42);
insert into SHOT values (2231, 2483, 2484, 1391, 10.180, 191.13, 78.00, 10.183, 191.15, 77.98, 0.004, 202.16, 34.71);
insert into SHOT values (2232, 2484, 2485, 1391, 10.000, 216.13, 75.00, 10.001, 216.21, 74.99, 0.004, 275.39, 10.83);
insert into SHOT values (2233, 2485, 2486, 1391, 1.730, 286.13, 18.00, 1.729, 286.23, 17.85, 0.005, 10.75, -57.96);
insert into SHOT values (2234, 2486, 2487, 1391, 4.100, 281.13, 61.00, 4.103, 281.03, 61.04, 0.006, 175.22, 46.87);
insert into SHOT values (2235, 2487, 2488, 1391, 10.790, 266.13, 35.00, 10.792, 266.11, 35.00, 0.004, 200.98, 15.07);
insert into SHOT values (2236, 2488, 2489, 1391, 3.150, 271.13, 42.00, 3.151, 271.22, 42.03, 0.004, 6.86, 30.79);
insert into SHOT values (2237, 2489, 2490, 1391, 3.000, 296.13, -35.00, 2.994, 296.15, -35.06, 0.007, 110.90, 6.22);
insert into SHOT values (2238, 2490, 2491, 1391, 6.290, 231.13, -5.00, 6.290, 231.15, -5.02, 0.003, 329.21, -36.43);
insert into SHOT values (2239, 2489, 2492, 1391, 2.250, 196.13, 44.00, 2.245, 196.19, 44.03, 0.006, 356.67, -31.91);
insert into SHOT values (2240, 2492, 2493, 1391, 12.040, 306.13, 69.00, 12.037, 306.13, 69.03, 0.006, 131.13, -2.75);
insert into SHOT values (2241, 2489, 2494, 1391, 2.670, 156.13, 12.00, 2.672, 156.08, 11.88, 0.006, 117.26, -54.34);
insert into SHOT values (2242, 2494, 2495, 1391, 4.500, 206.13, 53.00, 4.503, 206.09, 53.07, 0.007, 64.66, 63.13);
insert into SHOT values (2243, 2495, 2496, 1391, 3.460, 186.13, 33.00, 3.453, 186.14, 32.98, 0.007, 359.98, -40.59);
insert into SHOT values (2244, 2496, 2497, 1391, 9.170, 236.13, 35.00, 9.174, 236.12, 34.99, 0.005, 215.91, 3.55);
insert into SURVEY values (1393, 1387, 'PerteDuMoral', 'PerteDuMoral.206.UltimaPatagonia', 'PerteDuMoral');
 insert into CENTRELINE values (1394, 1393, NULL, NULL, NULL, 0.00, 0.00, 0.00);
 insert into CENTRELINE values (1395, 1393, NULL, NULL, NULL, 127.50, 0.00, 0.00);
 insert into SHOT values (2245, 2498, 2499, 1395, 25.000, 146.13, -75.00, 25.002, 146.09, -75.00, 0.005, 57.85, -20.59);
insert into SHOT values (2246, 2499, 2500, 1395, 10.500, 331.13, -45.00, 10.497, 331.09, -44.98, 0.007, 249.75, 38.21);
insert into SHOT values (2247, 2500, 2501, 1395, 22.000, 321.13, -42.00, 22.000, 321.13, -42.00, 0.001, 313.41, 48.99);
insert into SHOT values (2248, 2501, 2502, 1395, 13.500, 216.13, -35.00, 13.503, 216.13, -35.03, 0.007, 26.34, -76.08);
insert into SHOT values (2249, 2502, 2503, 1395, 10.000, 248.13, -36.00, 9.999, 248.09, -35.95, 0.011, 196.01, 48.26);
insert into SHOT values (2250, 2503, 2504, 1395, 15.000, 271.13, -33.00, 14.994, 271.14, -33.02, 0.008, 79.98, -3.07);
insert into SHOT values (2251, 2503, 2505, 1395, 18.500, 36.13, 10.00, 18.508, 36.14, 9.99, 0.009, 52.81, -15.63);
insert into SHOT values (2252, 2505, 2506, 1395, 2.500, 16.13, -90.00, 2.500, 90.00, -90.00, 0.000, 16.13, 0.00);
insert into SHOT values (2253, 2506, 2507, 1395, 10.500, 30.13, -35.00, 10.496, 30.08, -35.00, 0.008, 278.80, 17.98);
insert into SURVEY values (1397, 1387, 'P85Camp400', 'P85Camp400.206.UltimaPatagonia', 'P85Camp400');
 insert into CENTRELINE values (1398, 1397, NULL, NULL, NULL, 0.00, 0.00, 0.00);
 insert into CENTRELINE values (1399, 1397, NULL, NULL, NULL, 92.90, 0.00, 0.00);
 insert into SHOT values (2254, 2508, 2509, 1399, 5.400, 20.13, -16.00, 5.398, 20.18, -16.02, 0.005, 137.39, -17.45);
insert into SHOT values (2255, 2509, 2510, 1399, 17.400, 138.13, -86.00, 17.402, 138.01, -86.01, 0.005, 358.87, -31.59);
insert into SHOT values (2256, 2510, 2511, 1399, 10.000, 216.13, -70.00, 9.994, 216.20, -69.99, 0.008, 305.70, 59.91);
insert into SHOT values (2257, 2511, 2512, 1399, 10.600, 216.13, -81.00, 10.601, 216.18, -80.99, 0.002, 251.58, -12.09);
insert into SHOT values (2258, 2512, 2513, 1399, 23.700, 45.13, -78.00, 23.697, 45.16, -78.01, 0.007, 200.56, 17.58);
insert into SHOT values (2259, 2513, 2514, 1399, 2.500, 48.13, -6.00, 2.508, 48.25, -6.18, 0.012, 85.83, -45.62);
insert into SHOT values (2260, 2514, 2515, 1399, 23.300, 16.13, -90.00, 23.300, 90.00, -90.00, 0.000, 16.13, 29.58);
insert into SURVEY values (1401, 1387, 'CuevaComete', 'CuevaComete.206.UltimaPatagonia', 'CuevaComete');
 insert into CENTRELINE values (1402, 1401, NULL, NULL, NULL, 0.00, 0.00, 0.00);
 insert into CENTRELINE values (1403, 1401, NULL, NULL, NULL, 111.40, 0.00, 0.00);
 insert into SHOT values (2261, 2516, 2517, 1403, 17.000, 16.13, -90.00, 17.000, 90.00, -90.00, 0.000, 16.13, 0.00);
insert into SHOT values (2262, 2517, 2518, 1403, 22.000, 16.13, -90.00, 22.000, 90.00, -90.00, 0.000, 16.13, 0.00);
insert into SHOT values (2263, 2518, 2519, 1403, 7.700, 186.13, 0.00, 7.704, 186.11, 0.00, 0.005, 147.52, 0.00);
insert into SHOT values (2264, 2519, 2520, 1403, 14.700, 16.13, -90.00, 14.700, 90.00, -90.00, 0.000, 16.13, 11.73);
insert into SHOT values (2265, 2518, 2521, 1403, 10.700, 16.13, -90.00, 10.700, 90.00, -90.00, 0.000, 16.13, 15.92);
insert into SHOT values (2266, 2521, 2522, 1403, 7.300, 351.13, -32.00, 7.303, 351.18, -32.00, 0.006, 52.95, -16.45);
insert into SHOT values (2267, 2522, 2523, 1403, 32.000, 16.13, -90.00, 32.000, 90.00, -90.00, 0.000, 16.13, 0.00);
insert into SURVEY values (1405, 1387, 'PerteDeLaRiviere', 'PerteDeLaRiviere.206.UltimaPatagonia', 'PerteDeLaRiviere');
 insert into CENTRELINE values (1406, 1405, NULL, NULL, NULL, 0.00, 0.00, 0.00);
 insert into CENTRELINE values (1407, 1405, NULL, NULL, NULL, 155.90, 0.00, 0.00);
 insert into SHOT values (2268, 2524, 2525, 1407, 6.500, 290.13, 62.00, 6.498, 290.16, 62.04, 0.005, 93.69, 9.32);
insert into SHOT values (2269, 2525, 2526, 1407, 2.000, 262.13, 13.00, 2.000, 262.04, 13.00, 0.003, 173.03, 1.71);
insert into SHOT values (2270, 2526, 2527, 1407, 2.200, 293.13, 0.00, 2.209, 293.20, 0.00, 0.009, 309.66, 0.00);
insert into SHOT values (2271, 2527, 2528, 1407, 3.500, 12.13, 0.00, 3.499, 12.21, 0.00, 0.005, 112.56, 0.00);
insert into SHOT values (2272, 2528, 2529, 1407, 1.400, 128.13, 0.00, 1.402, 128.34, 0.00, 0.006, 192.43, 0.00);
insert into SHOT values (2273, 2529, 2530, 1407, 3.600, 296.13, 10.00, 3.602, 296.28, 10.07, 0.010, 18.88, 28.53);
insert into SHOT values (2274, 2530, 2531, 1407, 4.000, 268.13, 14.00, 3.999, 268.08, 13.89, 0.009, 193.99, -64.71);
insert into SHOT values (2275, 2531, 2532, 1407, 2.000, 21.13, 0.00, 2.004, 21.06, 0.00, 0.005, 346.82, 0.00);
insert into SHOT values (2276, 2532, 2533, 1407, 13.600, 21.13, -60.00, 13.592, 21.13, -59.99, 0.009, 210.50, 68.54);
insert into SHOT values (2277, 2531, 2534, 1407, 28.400, 201.13, 60.00, 28.407, 201.13, 60.00, 0.007, 185.89, 44.32);
insert into SHOT values (2278, 2534, 2535, 1407, 14.300, 228.13, 26.00, 14.295, 228.16, 26.02, 0.008, 9.41, 9.00);
insert into SHOT values (2279, 2535, 2536, 1407, 8.500, 240.13, 67.00, 8.497, 240.04, 66.97, 0.007, 179.14, -35.33);
insert into SHOT values (2280, 2536, 2537, 1407, 2.100, 281.13, -25.00, 2.134, 295.43, -42.08, 0.764, 54.46, -45.26);
insert into SHOT values (2281, 2537, 2538, 1407, 4.400, 316.13, 18.00, 4.092, 329.42, 2.38, 1.530, 58.47, -51.04);
insert into SHOT values (2282, 2538, 2539, 1407, 11.700, 352.13, 63.00, 11.753, 358.83, 37.84, 5.174, 7.61, -38.41);
insert into SHOT values (2283, 2539, 2540, 1407, 3.600, 6.13, 22.00, 4.159, 13.03, 7.18, 1.228, 39.27, -42.45);
insert into SHOT values (2284, 2540, 2541, 1407, 1.200, 16.13, 5.00, 2.343, 21.71, -7.11, 1.207, 27.55, -19.08);
insert into SHOT values (2285, 2541, 2542, 1407, 2.400, 286.13, 6.00, 1.641, 303.39, -15.55, 1.211, 78.00, -34.78);
insert into SHOT values (2286, 2542, 2543, 1407, 4.500, 296.13, 10.00, 3.941, 310.03, -6.26, 1.658, 59.86, -46.95);
insert into SHOT values (2287, 2543, 2544, 1407, 4.300, 171.13, 28.00, 3.013, 157.11, 13.43, 1.775, 27.82, -47.97);
insert into SHOT values (2288, 2544, 2545, 1407, 8.200, 226.13, 5.00, 7.136, 225.24, -17.20, 3.134, 50.63, -64.34);
insert into SHOT values (2289, 2545, 2546, 1407, 12.000, 314.13, 68.00, 12.004, 314.10, 68.00, 0.005, 267.50, 46.46);
insert into SHOT values (2290, 2546, 2547, 1407, 11.500, 85.13, 90.00, 11.500, 90.00, 90.00, 0.000, 85.13, 0.00);
insert into CENTRELINE values (1408, 1405, NULL, NULL, NULL, 89.40, 0.00, 0.00);
 insert into SHOT values (2291, 2545, 2548, 1408, 10.000, 171.13, 47.00, 8.529, 157.53, 36.81, 2.733, 74.63, -53.74);
insert into SHOT values (2292, 2548, 2549, 1408, 7.300, 203.13, 1.00, 6.471, 194.52, -20.44, 2.868, 58.00, -56.35);
insert into SHOT values (2293, 2549, 2550, 1408, 4.800, 167.13, -44.00, 5.631, 154.68, -56.76, 1.590, 43.73, -59.91);
insert into SHOT values (2294, 2550, 2551, 1408, 31.800, 110.13, -90.00, 31.800, 90.00, -90.00, 0.000, 110.13, -1.83);
insert into SHOT values (2295, 2550, 2536, 1408, 6.600, 106.13, 0.00, 7.813, 94.41, -15.13, 2.669, 43.26, -49.84);
insert into SHOT values (2296, 2546, 2552, 1408, 2.400, 45.13, 21.00, 2.401, 45.18, 20.99, 0.002, 108.48, -2.26);
insert into SHOT values (2297, 2552, 2553, 1408, 2.200, 291.13, 31.00, 2.199, 291.12, 30.92, 0.003, 277.00, -71.03);
insert into SHOT values (2298, 2553, 2554, 1408, 3.800, 63.13, 30.00, 3.797, 63.05, 30.03, 0.006, 295.94, -0.00);
insert into SHOT values (2299, 2554, 2555, 1408, 5.500, 320.13, 19.50, 5.500, 320.17, 19.55, 0.005, 77.87, 49.84);
insert into SHOT values (2300, 2555, 2556, 1408, 15.000, 16.13, 90.00, 15.000, 90.00, 90.00, 0.000, 16.13, 0.00);
insert into CENTRELINE values (1409, 1405, NULL, NULL, NULL, 105.70, 0.00, 0.00);
 insert into SHOT values (2301, 2557, 2558, 1409, 9.600, 322.13, 33.00, 9.608, 322.11, 32.98, 0.009, 297.47, 9.39);
insert into SHOT values (2302, 2558, 2559, 1409, 7.400, 307.13, 4.00, 7.398, 307.18, 4.03, 0.007, 53.99, 30.55);
insert into SHOT values (2303, 2559, 2560, 1409, 6.500, 277.13, 13.00, 6.504, 277.07, 12.97, 0.009, 221.25, -14.39);
insert into SHOT values (2304, 2560, 2561, 1409, 4.000, 281.13, 8.00, 3.994, 281.22, 7.92, 0.011, 51.52, -38.71);
insert into SHOT values (2305, 2561, 2562, 1409, 6.900, 287.13, 8.00, 6.899, 287.11, 8.00, 0.003, 187.08, -5.86);
insert into SHOT values (2306, 2562, 2563, 1409, 6.100, 308.13, -30.00, 6.102, 308.08, -29.99, 0.005, 246.68, -0.00);
insert into SHOT values (2307, 2563, 2564, 1409, 4.900, 258.13, -47.00, 4.896, 258.25, -46.99, 0.008, 2.89, 26.64);
insert into SHOT values (2308, 2564, 2565, 1409, 5.600, 136.13, -36.00, 5.601, 136.16, -35.97, 0.004, 173.88, 22.90);
insert into SHOT values (2309, 2565, 2566, 1409, 5.900, 101.13, -26.00, 5.907, 101.08, -26.01, 0.009, 60.64, -24.52);
insert into SHOT values (2310, 2566, 2567, 1409, 10.800, 83.13, -74.00, 10.797, 83.23, -74.03, 0.008, 222.87, 11.32);
insert into SHOT values (2311, 2567, 2568, 1409, 5.500, 146.13, -80.00, 5.493, 146.14, -80.03, 0.007, 323.52, 59.77);
insert into SHOT values (2312, 2568, 2569, 1409, 4.200, 118.13, -61.00, 4.208, 118.07, -61.00, 0.008, 88.74, -56.54);
insert into SHOT values (2313, 2569, 2570, 1409, 4.200, 178.13, -71.00, 4.200, 178.33, -70.95, 0.006, 233.77, 11.77);
insert into SHOT values (2314, 2570, 2571, 1409, 1.900, 161.13, -4.00, 1.899, 160.90, -3.93, 0.008, 63.47, 17.79);
insert into SHOT values (2315, 2571, 2572, 1409, 5.600, 201.13, -5.00, 5.606, 201.10, -5.01, 0.007, 168.92, -16.27);
insert into SHOT values (2316, 2572, 2573, 1409, 5.200, 166.13, -25.00, 5.194, 166.23, -25.06, 0.011, 299.66, -12.25);
insert into SHOT values (2317, 2573, 2546, 1409, 11.400, 111.13, -19.00, 11.406, 111.14, -18.98, 0.007, 123.15, 11.68);
insert into SURVEY values (1411, 1387, 'Passoire', 'Passoire.206.UltimaPatagonia', 'Passoire');
 insert into CENTRELINE values (1412, 1411, NULL, NULL, NULL, 0.00, 0.00, 0.00);
 insert into CENTRELINE values (1413, 1411, NULL, NULL, NULL, 54.28, 0.00, 0.00);
 insert into SHOT values (2318, 2574, 2575, 1413, 11.300, 173.03, -66.70, 11.303, 173.07, -66.69, 0.004, 213.26, -21.27);
insert into SHOT values (2319, 2575, 2576, 1413, 15.480, 316.03, -85.10, 15.477, 316.22, -85.07, 0.009, 346.33, 21.78);
insert into SHOT values (2320, 2576, 2577, 1413, 2.990, 75.73, -20.30, 2.993, 75.77, -20.34, 0.004, 116.72, -47.13);
insert into SHOT values (2321, 2577, 2578, 1413, 7.490, 136.43, -86.50, 7.495, 136.74, -86.43, 0.011, 150.80, -21.74);
insert into SHOT values (2322, 2578, 2579, 1413, 10.010, 322.13, -35.00, 10.017, 322.13, -34.96, 0.010, 315.66, 8.87);
insert into SHOT values (2323, 2579, 2580, 1413, 7.010, 25.13, -40.00, 7.005, 25.13, -39.97, 0.006, 203.97, 73.75);
insert into CENTRELINE values (1414, 1411, NULL, NULL, NULL, 115.63, 0.00, 0.00);
 insert into SHOT values (2324, 2577, 2581, 1414, 11.800, 198.23, 22.80, 11.805, 198.20, 22.78, 0.009, 157.06, -16.87);
insert into SHOT values (2325, 2581, 2582, 1414, 4.010, 206.13, 7.00, 4.006, 206.11, 7.03, 0.005, 43.05, 16.33);
insert into SHOT values (2326, 2582, 2583, 1414, 25.860, 313.73, -81.80, 25.855, 313.68, -81.79, 0.007, 272.87, 49.03);
insert into SHOT values (2327, 2583, 2584, 1414, 7.190, 336.13, 10.10, 7.185, 336.15, 10.10, 0.005, 128.07, -9.56);
insert into SHOT values (2328, 2583, 2585, 1414, 2.840, 229.63, -10.80, 2.847, 229.64, -10.93, 0.010, 235.07, -54.92);
insert into SHOT values (2329, 2585, 2586, 1414, 25.030, 277.53, -70.20, 25.028, 277.59, -70.21, 0.010, 32.52, 1.39);
insert into SHOT values (2330, 2586, 2587, 1414, 2.710, 217.23, -13.90, 2.713, 217.13, -13.86, 0.006, 163.12, 10.01);
insert into SHOT values (2331, 2587, 2588, 1414, 8.570, 341.43, -66.70, 8.568, 341.40, -66.72, 0.004, 190.23, 17.52);
insert into SHOT values (2332, 2588, 2589, 1414, 11.710, 338.23, -63.30, 11.710, 338.26, -63.28, 0.004, 18.02, 19.82);
insert into SHOT values (2333, 2589, 2590, 1414, 7.370, 16.83, -20.80, 7.375, 16.78, -20.81, 0.008, 317.38, -20.87);
insert into SHOT values (2334, 2590, 2591, 1414, 5.810, 320.63, -67.70, 5.804, 320.53, -67.70, 0.007, 200.19, 49.43);
insert into SHOT values (2335, 2591, 2592, 1414, 2.730, 39.33, -0.90, 2.729, 39.35, -0.84, 0.003, 185.00, 64.98);
insert into CENTRELINE values (1415, 1411, NULL, NULL, NULL, 92.15, 0.00, 0.00);
 insert into SHOT values (2336, 2592, 2593, 1415, 10.950, 354.13, -52.00, 10.953, 354.13, -51.99, 0.004, 347.64, -18.13);
insert into SHOT values (2337, 2593, 2594, 1415, 14.600, 242.13, -72.00, 14.602, 242.07, -72.03, 0.010, 97.65, -28.25);
insert into SHOT values (2338, 2594, 2595, 1415, 12.600, 356.13, -59.00, 12.597, 356.11, -59.02, 0.005, 206.04, 3.37);
insert into SHOT values (2339, 2595, 2596, 1415, 22.000, 334.13, -59.00, 22.003, 334.16, -59.00, 0.006, 38.49, -22.22);
insert into SHOT values (2340, 2596, 2597, 1415, 7.600, 306.13, -70.00, 7.598, 306.08, -70.00, 0.003, 192.83, 30.78);
insert into SHOT values (2341, 2597, 2598, 1415, 4.500, 343.13, -57.00, 4.500, 342.97, -56.90, 0.011, 297.26, 21.96);
insert into SHOT values (2342, 2598, 2599, 1415, 2.500, 306.13, -45.00, 2.496, 306.22, -45.16, 0.008, 107.04, -15.41);
insert into SHOT values (2343, 2599, 2600, 1415, 8.100, 316.13, -69.00, 8.097, 316.12, -69.02, 0.004, 149.72, 32.19);
insert into SHOT values (2344, 2600, 2601, 1415, 9.300, 316.13, -90.00, 9.300, 90.00, -90.00, 0.000, 316.13, -18.17);
insert into SURVEY values (1417, 1387, 'GouffrePetitCreux', 'GouffrePetitCreux.206.UltimaPatagonia', 'Gouffre du Petit Creux');
 insert into CENTRELINE values (1418, 1417, NULL, NULL, NULL, 0.00, 0.00, 0.00);
 insert into CENTRELINE values (1419, 1417, NULL, '2006-02-01', NULL, 169.08, 0.00, 0.00);
 insert into SHOT values (2345, 2602, 2603, 1419, 15.460, 179.69, -82.50, 15.463, 179.72, -82.49, 0.003, 201.07, -45.23);
insert into SHOT values (2346, 2603, 2604, 1419, 8.110, 179.89, -21.60, 8.108, 179.92, -21.57, 0.007, 276.66, 53.33);
insert into SHOT values (2347, 2604, 2605, 1419, 4.440, 200.09, -35.30, 4.439, 200.04, -35.38, 0.007, 57.68, -36.66);
insert into SHOT values (2348, 2605, 2606, 1419, 5.840, 171.69, 5.50, 5.838, 171.69, 5.50, 0.002, 4.15, 6.98);
insert into SHOT values (2349, 2606, 2607, 1419, 3.750, 188.29, 2.10, 5.425, 170.49, 45.36, 3.903, 92.53, 72.53);
insert into SHOT values (2350, 2607, 2608, 1419, 5.490, 183.29, -55.50, 3.559, 164.68, 31.70, 6.472, 79.33, 81.15);
insert into SHOT values (2351, 2608, 2609, 1419, 13.840, 261.89, -68.70, 7.389, 258.28, -50.73, 7.190, 121.25, 86.30);
insert into SHOT values (2352, 2609, 2610, 1419, 7.430, 191.09, -47.10, 7.002, 176.05, 21.27, 8.255, 137.38, 75.25);
insert into SHOT values (2353, 2610, 2611, 1419, 6.980, 343.29, -8.20, 10.538, 4.86, 47.82, 9.188, 80.50, 73.42);
insert into SHOT values (2354, 2610, 2612, 1419, 6.450, 169.29, 41.30, 6.444, 169.29, 41.26, 0.007, 349.30, -79.36);
insert into SHOT values (2355, 2610, 2613, 1419, 4.520, 281.09, 6.40, 4.521, 281.03, 6.35, 0.006, 206.25, -39.02);
insert into SHOT values (2356, 2611, 2614, 1419, 24.490, 292.29, -70.60, 18.419, 299.08, -54.80, 8.495, 319.79, 71.36);
insert into SHOT values (2357, 2614, 2615, 1419, 1.710, 272.69, 3.30, 2.102, 82.87, 87.80, 2.683, 92.25, 48.25);
insert into SHOT values (2358, 2615, 2616, 1419, 1.220, 179.79, 8.10, 2.927, 163.00, 46.41, 2.159, 140.96, 64.49);
insert into SHOT values (2359, 2616, 2617, 1419, 12.120, 248.29, -74.80, 5.358, 227.17, -77.96, 6.812, 78.98, 71.40);
insert into SHOT values (2360, 2617, 2618, 1419, 3.180, 248.59, 28.00, 5.593, 240.84, 62.70, 3.504, 121.05, 82.84);
insert into SHOT values (2361, 2618, 2619, 1419, 5.120, 5.69, -1.60, 7.705, 24.00, 44.39, 5.798, 92.07, 72.60);
insert into SHOT values (2362, 2619, 2620, 1419, 2.360, 312.99, -31.80, 3.021, 110.27, 66.94, 5.098, 124.60, 52.11);
insert into SHOT values (2363, 2620, 2621, 1419, 6.250, 39.79, -22.90, 6.253, 39.86, -22.97, 0.010, 126.12, -51.33);
insert into SHOT values (2364, 2620, 2622, 1419, 9.750, 30.89, -87.50, 4.529, 38.91, -43.89, 7.187, 40.10, 66.69);
insert into SHOT values (2365, 2612, 2623, 1419, 6.970, 141.49, 41.90, 6.974, 141.50, 41.93, 0.005, 179.66, 86.37);
insert into SHOT values (2366, 2623, 2624, 1419, 3.640, 27.79, 69.60, 3.637, 27.78, 69.63, 0.003, 213.68, -30.31);
insert into SHOT values (2367, 2613, 2625, 1419, 9.960, 179.29, 34.00, 9.955, 179.31, 34.02, 0.007, 344.20, 3.67);
insert into CENTRELINE values (1420, 1417, NULL, NULL, NULL, 107.27, 0.00, 0.00);
 insert into SHOT values (2368, 2622, 2626, 1420, 2.550, 256.83, 45.50, 6.287, 252.63, 67.77, 4.047, 240.24, 81.33);
insert into SHOT values (2369, 2626, 2627, 1420, 2.280, 347.83, 23.70, 5.041, 0.18, 50.15, 3.216, 20.73, 66.71);
insert into SHOT values (2370, 2627, 2628, 1420, 2.320, 278.93, 28.50, 4.414, 281.48, 62.91, 2.825, 27.88, 88.09);
insert into SHOT values (2371, 2628, 2629, 1420, 2.660, 337.13, 15.40, 4.521, 352.47, 51.34, 2.925, 55.10, 74.86);
insert into SHOT values (2372, 2629, 2630, 1420, 8.980, 312.13, -67.70, 8.972, 312.02, -67.69, 0.011, 206.88, 51.60);
insert into SHOT values (2373, 2629, 2631, 1420, 3.680, 284.83, 28.20, 6.256, 289.67, 65.00, 3.984, 84.71, 80.64);
insert into SHOT values (2374, 2631, 2632, 1420, 20.020, 250.53, -64.90, 16.571, 244.93, -28.51, 11.935, 237.20, 58.90);
insert into SHOT values (2375, 2632, 2633, 1420, 1.520, 274.23, 1.90, 2.024, 90.00, 79.47, 2.707, 93.40, 45.77);
insert into SHOT values (2376, 2633, 2634, 1420, 9.400, 316.83, -78.60, 2.782, 20.81, -78.91, 6.702, 120.34, 75.37);
insert into SHOT values (2377, 2634, 2635, 1420, 27.070, 252.43, -88.70, 36.590, 72.76, -35.39, 31.005, 72.76, 10.92);
insert into SHOT values (2378, 2635, 2636, 1420, 3.000, 248.83, -9.30, 2.825, 214.92, 76.77, 4.058, 77.29, 52.85);
insert into SHOT values (2379, 2636, 2637, 1420, 4.060, 186.63, -46.70, 2.972, 155.42, 55.52, 5.638, 39.58, 73.48);
insert into SHOT values (2380, 2637, 2638, 1420, 2.530, 281.83, -5.50, 2.498, 329.53, 85.47, 3.630, 98.33, 48.82);
insert into SHOT values (2381, 2638, 2639, 1420, 4.510, 197.13, -17.00, 5.009, 174.97, 45.13, 5.154, 69.16, 70.85);
insert into SHOT values (2382, 2639, 2640, 1420, 3.210, 285.13, -2.00, 3.288, 297.02, 70.03, 3.841, 98.88, 56.46);
insert into SHOT values (2383, 2640, 2641, 1420, 9.480, 177.53, -83.80, 3.649, 163.79, -49.62, 6.789, 153.72, 78.18);
insert into CENTRELINE values (1421, 1417, NULL, NULL, NULL, 60.69, 0.00, 0.00);
 insert into SHOT values (2384, 2641, 2642, 1421, 3.140, 226.03, -8.70, 3.127, 195.66, 63.99, 3.868, 65.87, 58.13);
insert into SHOT values (2385, 2642, 2643, 1421, 2.940, 280.43, -10.00, 2.728, 304.70, 83.34, 4.146, 97.58, 50.97);
insert into SHOT values (2386, 2643, 2644, 1421, 24.970, 275.63, -79.10, 21.366, 94.83, -69.17, 13.132, 95.14, 20.27);
insert into SHOT values (2387, 2644, 2645, 1421, 2.240, 282.03, 14.60, 3.148, 287.71, 66.62, 2.505, 94.42, 68.14);
insert into SHOT values (2388, 2645, 2646, 1421, 7.520, 274.43, -56.20, 3.122, 275.54, 15.80, 7.197, 91.62, 80.55);
insert into SHOT values (2389, 2646, 2606, 1421, 7.470, 241.13, -49.10, 4.765, 230.19, 23.37, 7.605, 115.42, 82.28);
insert into SHOT values (2390, 2606, 2647, 1421, 7.200, 278.93, -87.90, 7.195, 278.75, -87.90, 0.005, 146.69, 77.38);
insert into SHOT values (2391, 2647, 2648, 1421, 5.210, 278.13, -90.00, 5.210, 90.00, -90.00, 0.000, 278.13, -63.46);
insert into SURVEY values (1423, 1387, 'PerteDuTemps', 'PerteDuTemps.206.UltimaPatagonia', 'Perte Du Temps');
 insert into CENTRELINE values (1424, 1423, NULL, NULL, NULL, 0.00, 0.00, 0.00);
 insert into CENTRELINE values (1425, 1423, NULL, '2000-02-01', NULL, 809.50, 0.00, 0.00);
 insert into SHOT values (2392, 2649, 2650, 1425, 9.300, 306.13, -55.00, 9.304, 306.16, -54.99, 0.005, 339.17, -20.87);
insert into SHOT values (2393, 2650, 2651, 1425, 18.700, 291.13, 1.00, 18.700, 291.13, 1.01, 0.004, 197.10, 76.54);
insert into SHOT values (2394, 2651, 2652, 1425, 11.150, 291.13, -34.00, 11.150, 291.12, -34.03, 0.006, 141.22, -55.98);
insert into SHOT values (2395, 2652, 2653, 1425, 6.350, 223.13, -25.00, 6.346, 223.10, -24.98, 0.006, 91.39, 37.84);
insert into SHOT values (2396, 2653, 2654, 1425, 12.300, 307.13, -24.00, 12.298, 307.11, -23.99, 0.005, 208.92, 38.86);
insert into SHOT values (2397, 2654, 2655, 1425, 14.000, 303.13, -38.00, 14.002, 303.13, -38.00, 0.002, 272.41, -24.94);
insert into SHOT values (2398, 2655, 2656, 1425, 3.600, 199.13, 0.00, 3.599, 199.14, 0.00, 0.001, 355.94, 0.00);
insert into SHOT values (2399, 2656, 2657, 1425, 8.200, 161.13, -16.00, 8.201, 161.13, -16.00, 0.002, 139.32, 8.29);
insert into SHOT values (2400, 2657, 2658, 1425, 8.600, 153.13, 8.00, 8.593, 153.10, 7.96, 0.010, 10.09, -44.05);
insert into SHOT values (2401, 2658, 2659, 1425, 7.400, 173.13, 0.00, 7.402, 173.17, 0.00, 0.006, 237.41, 0.00);
insert into SHOT values (2402, 2659, 2660, 1425, 19.500, 171.13, -18.00, 19.504, 171.13, -17.98, 0.008, 168.60, 43.32);
insert into SHOT values (2403, 2660, 2661, 1425, 5.500, 168.13, -45.00, 5.497, 168.11, -45.05, 0.006, 2.09, -8.70);
insert into SHOT values (2404, 2661, 2662, 1425, 4.600, 256.13, 0.00, 4.603, 256.18, 0.00, 0.005, 301.62, 0.00);
insert into SHOT values (2405, 2662, 2663, 1425, 5.600, 321.13, -30.00, 5.594, 321.12, -30.03, 0.007, 151.14, 0.00);
insert into SHOT values (2406, 2663, 2664, 1425, 7.000, 276.13, -33.00, 7.001, 276.16, -32.97, 0.005, 314.35, 31.36);
insert into SHOT values (2407, 2664, 2665, 1425, 6.600, 284.13, -42.00, 6.598, 284.18, -42.06, 0.008, 68.98, -28.96);
insert into SHOT values (2408, 2665, 2666, 1425, 2.000, 232.13, 8.00, 2.008, 232.15, 8.02, 0.008, 236.66, 12.00);
insert into SHOT values (2409, 2666, 2667, 1425, 18.400, 170.13, 14.00, 18.400, 170.13, 14.00, 0.002, 144.48, -59.03);
insert into SHOT values (2410, 2667, 2668, 1425, 10.700, 188.13, -5.00, 10.697, 188.09, -4.99, 0.009, 75.21, 17.42);
insert into SHOT values (2411, 2668, 2669, 1425, 4.000, 163.13, -24.00, 4.004, 163.15, -24.02, 0.004, 185.48, -45.13);
insert into SHOT values (2412, 2669, 2670, 1425, 6.600, 199.13, -55.00, 6.601, 199.30, -55.04, 0.012, 305.09, -17.65);
insert into SHOT values (2413, 2670, 2671, 1425, 6.900, 16.13, -90.00, 6.900, 90.00, -90.00, 0.000, 16.13, -12.47);
insert into SHOT values (2414, 2671, 2672, 1425, 22.000, 186.13, -4.00, 21.998, 186.12, -3.99, 0.007, 79.75, 45.29);
insert into SHOT values (2415, 2672, 2673, 1425, 5.000, 177.13, 14.00, 5.004, 177.17, 13.99, 0.005, 210.39, 4.19);
insert into SHOT values (2416, 2673, 2674, 1425, 2.400, 183.13, -80.00, 2.397, 182.73, -79.90, 0.006, 144.34, 36.63);
insert into SHOT values (2417, 2674, 2675, 1425, 12.100, 359.13, -67.00, 12.103, 359.15, -66.99, 0.004, 30.28, -31.22);
insert into SHOT values (2418, 2675, 2676, 1425, 20.000, 289.13, -57.00, 20.005, 289.13, -57.01, 0.007, 98.60, -80.48);
insert into SHOT values (2419, 2676, 2677, 1425, 24.000, 201.13, -11.00, 23.998, 201.15, -11.00, 0.008, 306.49, -4.25);
insert into SHOT values (2420, 2677, 2678, 1425, 4.000, 231.13, 41.00, 4.006, 231.04, 41.03, 0.008, 175.24, 45.64);
insert into SHOT values (2421, 2678, 2679, 1425, 10.700, 201.13, -9.00, 10.702, 201.13, -8.98, 0.005, 176.57, 57.32);
insert into SHOT values (2422, 2679, 2680, 1425, 4.600, 198.13, -48.00, 4.596, 198.02, -48.08, 0.010, 57.02, -9.22);
insert into SHOT values (2423, 2680, 2681, 1425, 6.300, 267.13, -61.00, 6.304, 267.19, -60.93, 0.010, 286.34, 0.60);
insert into SHOT values (2424, 2681, 2682, 1425, 5.900, 226.13, -49.00, 5.909, 226.05, -49.01, 0.010, 175.50, -43.41);
insert into SHOT values (2425, 2682, 2683, 1425, 7.100, 319.13, -13.00, 7.100, 319.22, -12.94, 0.013, 37.87, 33.87);
insert into SHOT values (2426, 2683, 2684, 1425, 17.700, 336.13, -4.00, 17.696, 336.11, -4.02, 0.010, 219.11, -30.70);
insert into SHOT values (2427, 2684, 2685, 1425, 11.700, 318.13, -4.00, 11.699, 318.13, -3.97, 0.006, 191.35, 74.59);
insert into SHOT values (2428, 2685, 2686, 1425, 11.200, 230.13, -5.00, 11.196, 230.13, -5.02, 0.006, 60.74, -42.88);
insert into SHOT values (2429, 2686, 2687, 1425, 16.600, 189.13, -3.00, 16.593, 189.13, -3.01, 0.007, 9.05, -9.64);
insert into SHOT values (2430, 2687, 2688, 1425, 11.000, 190.13, -22.00, 11.001, 190.16, -21.99, 0.006, 269.51, 6.70);
insert into SHOT values (2431, 2689, 2690, 1425, 8.000, 112.13, 35.00, 8.001, 112.14, 35.01, 0.002, 197.63, 51.07);
insert into SHOT values (2432, 2690, 2691, 1425, 6.400, 57.13, 24.00, 6.397, 57.15, 23.98, 0.004, 195.07, -45.25);
insert into SHOT values (2433, 2691, 2692, 1425, 4.800, 101.13, 0.00, 4.799, 101.05, 0.00, 0.007, 2.71, 0.00);
insert into SHOT values (2434, 2692, 2693, 1425, 22.300, 16.13, 90.00, 22.300, 90.00, 90.00, 0.000, 16.13, -2.61);
insert into SHOT values (2435, 2693, 2694, 1425, 4.900, 16.13, 90.00, 4.900, 90.00, 90.00, 0.000, 16.13, 17.30);
insert into SHOT values (2436, 2694, 2695, 1425, 10.000, 146.13, 50.00, 10.004, 146.09, 49.97, 0.008, 109.13, -3.04);
insert into SHOT values (2437, 2696, 2697, 1425, 7.000, 197.13, -18.00, 6.997, 197.13, -17.98, 0.004, 30.40, 53.67);
insert into SHOT values (2438, 2697, 2698, 1425, 11.000, 148.13, 17.00, 11.006, 148.12, 16.96, 0.011, 134.81, -34.65);
insert into SHOT values (2439, 2698, 2699, 1425, 8.700, 206.13, -11.00, 8.697, 206.20, -11.00, 0.011, 310.14, 0.20);
insert into SHOT values (2440, 2699, 2700, 1425, 10.600, 212.13, -16.00, 10.601, 212.13, -15.99, 0.002, 198.23, 49.23);
insert into SHOT values (2441, 2700, 2701, 1425, 7.900, 147.13, -7.00, 7.906, 147.12, -6.97, 0.007, 130.86, 24.23);
insert into SHOT values (2442, 2701, 2702, 1425, 9.000, 16.13, -90.00, 9.000, 90.00, -90.00, 0.000, 16.13, 0.00);
insert into SHOT values (2443, 2702, 2703, 1425, 8.900, 146.13, -12.00, 8.900, 146.15, -12.00, 0.002, 220.89, 11.37);
insert into SHOT values (2444, 2703, 2704, 1425, 7.650, 253.13, -23.00, 7.650, 253.16, -23.01, 0.004, 341.51, -14.81);
insert into SHOT values (2445, 2704, 2705, 1425, 13.100, 267.13, -30.00, 13.099, 267.12, -30.00, 0.003, 163.56, 0.00);
insert into SHOT values (2446, 2705, 2706, 1425, 2.400, 236.13, -2.00, 2.395, 236.24, -2.15, 0.009, 13.35, -42.44);
insert into SHOT values (2447, 2706, 2707, 1425, 18.700, 266.13, -65.00, 18.691, 266.08, -65.00, 0.012, 144.50, 42.94);
insert into SHOT values (2448, 2707, 2708, 1425, 16.100, 326.13, -10.00, 16.107, 326.13, -10.01, 0.008, 318.70, -33.76);
insert into SHOT values (2449, 2708, 2709, 1425, 7.300, 292.13, -18.00, 7.298, 292.09, -18.04, 0.007, 168.68, -35.82);
insert into SHOT values (2450, 2710, 2711, 1425, 21.900, 266.13, 10.00, 21.902, 266.12, 9.99, 0.006, 198.89, -27.20);
insert into SHOT values (2451, 2711, 2712, 1425, 7.000, 189.13, 13.00, 6.997, 189.12, 13.05, 0.007, 31.80, 47.71);
insert into SHOT values (2452, 2712, 2713, 1425, 19.300, 328.13, -20.00, 19.300, 328.12, -20.00, 0.006, 243.68, 10.12);
insert into SHOT values (2453, 2713, 2714, 1425, 12.000, 181.13, 22.00, 11.994, 181.13, 21.98, 0.007, 358.87, -52.62);
insert into SHOT values (2454, 2714, 2715, 1425, 10.000, 181.13, 5.00, 10.000, 181.09, 4.99, 0.007, 89.99, -12.71);
insert into SHOT values (2455, 2716, 2717, 1425, 22.300, 201.13, 17.00, 22.299, 201.14, 17.00, 0.002, 312.68, 3.03);
insert into SHOT values (2456, 2717, 2718, 1425, 24.200, 231.13, 11.00, 24.192, 231.14, 11.01, 0.009, 40.38, 14.80);
insert into SHOT values (2457, 2718, 2719, 1425, 8.100, 226.13, 37.00, 8.111, 226.13, 36.99, 0.011, 221.44, 29.32);
insert into SHOT values (2458, 2719, 2720, 1425, 16.300, 301.13, 8.00, 16.296, 301.16, 7.97, 0.012, 55.12, -46.73);
insert into SHOT values (2459, 2720, 2721, 1425, 13.400, 203.13, 16.00, 13.406, 203.12, 16.02, 0.008, 175.25, 53.63);
insert into SHOT values (2460, 2721, 2722, 1425, 11.200, 145.13, 17.00, 11.199, 145.15, 16.98, 0.006, 234.24, -50.64);
insert into SHOT values (2461, 2722, 2723, 1425, 10.450, 245.13, 13.00, 10.451, 245.15, 12.99, 0.003, 313.68, -15.78);
insert into SHOT values (2462, 2723, 2724, 1425, 7.100, 185.13, 15.00, 7.100, 185.10, 15.02, 0.004, 80.74, 33.71);
insert into SHOT values (2463, 2724, 2725, 1425, 15.000, 166.13, 38.00, 14.998, 166.14, 38.03, 0.008, 331.91, 38.47);
insert into SHOT values (2464, 2725, 2726, 1425, 11.200, 224.13, 42.00, 11.203, 224.12, 41.96, 0.009, 215.28, -29.42);
insert into SHOT values (2465, 2726, 2727, 1425, 18.500, 161.13, 41.00, 18.502, 161.11, 41.01, 0.006, 68.61, 28.75);
insert into SHOT values (2466, 2728, 2729, 1425, 7.500, 246.13, 0.00, 7.499, 246.17, 0.00, 0.005, 343.64, 0.00);
insert into CENTRELINE values (1426, 1423, NULL, '2000-02-01', NULL, 136.68, 0.00, 0.00);
 insert into SHOT values (2467, 2730, 2731, 1426, 10.270, 114.13, 5.00, 10.271, 114.11, 4.97, 0.007, 48.15, -49.45);
insert into SHOT values (2468, 2731, 2732, 1426, 5.110, 180.13, 21.00, 5.118, 180.12, 20.95, 0.010, 173.70, -7.58);
insert into SHOT values (2469, 2732, 2733, 1426, 5.600, 150.13, 1.00, 5.596, 150.09, 1.02, 0.006, 16.83, 21.64);
insert into SHOT values (2470, 2733, 2734, 1426, 5.050, 113.13, -2.00, 5.048, 113.11, -2.04, 0.005, 337.33, -51.73);
insert into SHOT values (2471, 2734, 2735, 1426, 5.340, 99.13, -1.00, 5.339, 99.16, -0.97, 0.004, 210.39, 47.04);
insert into SHOT values (2472, 2735, 2736, 1426, 5.270, 113.13, 8.00, 5.270, 113.13, 7.96, 0.004, 75.74, -75.21);
insert into SHOT values (2473, 2736, 2737, 1426, 3.260, 107.13, 23.00, 3.266, 107.23, 23.07, 0.009, 158.90, 44.03);
insert into SHOT values (2474, 2737, 2738, 1426, 2.990, 148.13, 5.00, 2.980, 148.08, 5.00, 0.010, 345.05, -3.41);
insert into SHOT values (2475, 2738, 2739, 1426, 1.620, 171.13, 19.00, 1.628, 171.03, 19.00, 0.008, 149.40, 18.68);
insert into SHOT values (2476, 2739, 2740, 1426, 3.860, 106.13, 4.00, 3.860, 106.13, 3.86, 0.009, 93.84, -83.61);
insert into SHOT values (2477, 2740, 2741, 1426, 3.080, 176.13, 12.00, 3.076, 176.19, 12.20, 0.012, 331.25, 55.36);
insert into SHOT values (2478, 2741, 2742, 1426, 10.430, 99.13, 0.00, 10.433, 99.16, 0.00, 0.005, 154.08, 0.00);
insert into SHOT values (2479, 2742, 2743, 1426, 13.330, 54.13, -26.00, 13.334, 54.13, -26.02, 0.007, 76.13, -81.38);
insert into SHOT values (2480, 2743, 2744, 1426, 17.100, 20.13, -40.00, 17.097, 20.10, -40.00, 0.009, 276.73, 10.76);
insert into SHOT values (2481, 2744, 2745, 1426, 12.950, 53.13, -40.00, 12.949, 53.15, -39.98, 0.006, 117.35, 45.95);
insert into SHOT values (2482, 2745, 2746, 1426, 10.160, 27.13, -48.00, 10.159, 27.13, -48.00, 0.001, 240.10, 37.14);
insert into SHOT values (2483, 2746, 2747, 1426, 6.290, 331.13, -34.00, 6.295, 331.13, -34.00, 0.005, 323.66, -32.92);
insert into SHOT values (2484, 2747, 2748, 1426, 14.970, 26.13, -41.00, 14.968, 26.16, -41.00, 0.005, 129.13, 13.81);
insert into CENTRELINE values (1427, 1423, NULL, '2000-02-01', NULL, 150.62, 0.00, 0.00);
 insert into SHOT values (2485, 2749, 2750, 1427, 3.930, 276.13, -19.00, 3.926, 276.19, -19.03, 0.006, 56.73, -5.34);
insert into SHOT values (2486, 2750, 2751, 1427, 7.750, 301.13, -15.00, 7.753, 301.12, -15.03, 0.005, 260.55, -61.24);
insert into SHOT values (2487, 2751, 2752, 1427, 6.000, 261.13, 6.00, 5.995, 261.12, 6.03, 0.006, 91.73, 25.95);
insert into SHOT values (2488, 2752, 2753, 1427, 2.980, 275.13, -11.00, 2.986, 275.09, -11.00, 0.007, 255.34, -11.72);
insert into SHOT values (2489, 2753, 2754, 1427, 2.230, 196.13, 6.00, 2.228, 195.98, 5.93, 0.007, 85.87, -26.36);
insert into SHOT values (2490, 2754, 2755, 1427, 17.700, 304.13, -5.00, 17.702, 304.11, -4.99, 0.007, 230.85, 23.54);
insert into SHOT values (2491, 2755, 2756, 1427, 9.970, 302.13, 2.00, 9.972, 302.13, 2.01, 0.003, 279.29, 40.73);
insert into SHOT values (2492, 2756, 2757, 1427, 3.980, 296.13, -10.00, 3.982, 296.17, -9.98, 0.004, 342.75, 16.36);
insert into SHOT values (2493, 2757, 2758, 1427, 11.820, 287.13, -3.00, 11.818, 287.10, -3.01, 0.007, 179.88, -10.91);
insert into SHOT values (2494, 2758, 2759, 1427, 3.880, 264.13, 3.00, 3.875, 264.22, 2.96, 0.008, 35.72, -22.19);
insert into SHOT values (2495, 2759, 2760, 1427, 8.720, 258.13, 3.00, 8.718, 258.14, 3.02, 0.004, 67.66, 60.18);
insert into SHOT values (2496, 2760, 2761, 1427, 5.600, 317.13, -27.00, 5.602, 317.03, -27.08, 0.012, 218.09, -40.49);
insert into SHOT values (2497, 2761, 2762, 1427, 8.830, 9.13, -38.00, 8.827, 9.18, -37.96, 0.008, 89.30, 48.28);
insert into SHOT values (2498, 2762, 2763, 1427, 4.160, 338.13, -34.00, 4.163, 338.04, -34.03, 0.007, 263.22, -34.34);
insert into SHOT values (2499, 2763, 2764, 1427, 7.680, 306.13, 3.00, 7.681, 306.20, 2.99, 0.009, 29.27, -12.47);
insert into SHOT values (2500, 2764, 2765, 1427, 3.380, 330.13, -21.00, 3.374, 330.10, -21.02, 0.007, 167.44, 11.10);
insert into SHOT values (2501, 2765, 2766, 1427, 10.200, 276.13, 0.00, 10.198, 276.14, 0.00, 0.002, 78.23, 0.00);
insert into SHOT values (2502, 2766, 2767, 1427, 6.890, 261.13, 20.00, 6.893, 261.21, 20.02, 0.009, 340.13, 22.18);
insert into SHOT values (2503, 2768, 2769, 1427, 15.770, 13.13, 34.00, 15.777, 13.12, 33.99, 0.008, 356.70, 10.79);
insert into SHOT values (2504, 2770, 2771, 1427, 9.150, 168.13, -24.00, 9.149, 168.13, -23.99, 0.002, 74.52, 57.61);
insert into CENTRELINE values (1428, 1423, NULL, '2000-02-01', NULL, 105.45, 0.00, 0.00);
 insert into SHOT values (2505, 2771, 2772, 1428, 5.500, 350.13, -17.00, 5.499, 350.14, -17.03, 0.003, 144.27, -40.34);
insert into SHOT values (2506, 2772, 2773, 1428, 17.950, 89.13, -10.00, 17.945, 89.12, -10.01, 0.007, 294.36, -27.51);
insert into SHOT values (2507, 2773, 2774, 1428, 5.260, 14.13, 53.00, 5.259, 14.08, 53.00, 0.003, 275.16, -15.67);
insert into SHOT values (2508, 2774, 2775, 1428, 10.850, 81.13, -10.00, 10.852, 81.12, -9.98, 0.006, 41.34, 46.62);
insert into SHOT values (2509, 2775, 2776, 1428, 4.400, 171.13, 6.00, 4.407, 171.07, 5.99, 0.008, 139.55, 0.51);
insert into SHOT values (2510, 2776, 2777, 1428, 7.700, 102.13, -12.00, 7.696, 102.12, -12.00, 0.005, 310.35, 11.31);
insert into SHOT values (2511, 2777, 2778, 1428, 5.300, 163.13, 4.00, 5.299, 163.18, 4.00, 0.004, 264.86, 4.05);
insert into SHOT values (2512, 2778, 2779, 1428, 5.660, 186.13, 21.00, 5.657, 186.09, 21.03, 0.006, 49.59, 15.51);
insert into SHOT values (2513, 2779, 2780, 1428, 7.900, 128.13, 22.00, 7.903, 128.18, 22.00, 0.007, 192.21, 4.79);
insert into SHOT values (2514, 2780, 2781, 1428, 9.250, 65.13, -11.00, 9.253, 65.13, -11.03, 0.006, 47.70, -63.86);
insert into SHOT values (2515, 2781, 2782, 1428, 8.480, 170.13, 22.00, 8.476, 170.11, 22.04, 0.008, 22.79, 26.35);
insert into SHOT values (2516, 2782, 2783, 1428, 17.200, 214.13, -23.00, 17.206, 214.14, -22.99, 0.008, 232.91, 4.28);
insert into CENTRELINE values (1429, 1423, NULL, '2000-02-01', NULL, 181.60, 0.00, 0.00);
 insert into SHOT values (2517, 2784, 2785, 1429, 17.200, 320.13, -5.00, 17.197, 320.14, -5.00, 0.004, 110.18, -13.98);
insert into SHOT values (2518, 2785, 2786, 1429, 20.400, 346.13, -20.00, 20.398, 346.12, -19.98, 0.009, 259.77, 52.35);
insert into SHOT values (2519, 2786, 2787, 1429, 9.750, 349.13, -30.00, 9.750, 349.14, -30.03, 0.006, 139.80, -58.74);
insert into SHOT values (2520, 2787, 2788, 1429, 4.150, 358.13, 15.00, 4.155, 358.14, 15.07, 0.007, 10.06, 58.67);
insert into SHOT values (2521, 2788, 2789, 1429, 2.900, 16.13, -90.00, 2.900, 90.00, -90.00, 0.000, 16.13, 39.81);
insert into SHOT values (2522, 2789, 2790, 1429, 10.500, 339.13, -16.00, 10.499, 339.16, -16.03, 0.008, 102.83, -46.99);
insert into SHOT values (2523, 2790, 2791, 1429, 6.150, 311.13, 0.00, 6.159, 311.12, 0.00, 0.009, 299.76, 0.00);
insert into SHOT values (2524, 2791, 2792, 1429, 10.000, 3.13, -9.00, 9.997, 3.13, -8.98, 0.005, 172.97, 63.77);
insert into SHOT values (2525, 2792, 2793, 1429, 6.200, 329.13, -23.00, 6.205, 329.12, -23.06, 0.008, 302.74, -72.85);
insert into SHOT values (2526, 2793, 2794, 1429, 5.350, 296.13, 45.00, 5.352, 296.23, 45.08, 0.010, 59.15, 43.51);
insert into SHOT values (2527, 2794, 2795, 1429, 19.800, 1.13, -24.00, 19.798, 1.14, -24.02, 0.008, 152.11, -51.41);
insert into SHOT values (2528, 2795, 2796, 1429, 19.100, 355.13, -23.00, 19.101, 355.11, -22.99, 0.009, 282.14, 19.48);
insert into SHOT values (2529, 2796, 2797, 1429, 13.150, 16.13, -36.00, 13.152, 16.15, -36.00, 0.004, 84.81, -8.93);
insert into SHOT values (2530, 2797, 2798, 1429, 6.150, 345.13, 12.00, 6.145, 345.15, 12.02, 0.006, 140.28, 13.76);
insert into SHOT values (2531, 2798, 2799, 1429, 3.950, 50.13, -34.00, 3.949, 50.08, -34.03, 0.004, 284.31, -18.56);
insert into SHOT values (2532, 2799, 2800, 1429, 10.250, 11.13, -12.00, 10.253, 11.15, -11.99, 0.005, 57.65, 12.48);
insert into SHOT values (2533, 2800, 2801, 1429, 7.200, 349.13, -23.00, 7.200, 349.13, -22.97, 0.004, 340.02, 68.24);
insert into SHOT values (2534, 2801, 2802, 1429, 3.700, 16.13, -90.00, 3.700, 90.00, -90.00, 0.000, 16.13, -11.65);
insert into SHOT values (2535, 2802, 2803, 1429, 5.700, 313.13, -30.00, 5.702, 313.03, -29.99, 0.009, 237.01, 0.00);
insert into CENTRELINE values (1430, 1423, NULL, '2000-02-01', NULL, 313.87, 0.00, 0.00);
 insert into SHOT values (2536, 2804, 2805, 1430, 6.390, 117.13, 3.00, 6.391, 117.13, 3.05, 0.006, 80.12, 79.78);
insert into SHOT values (2537, 2805, 2806, 1430, 17.610, 208.13, 3.00, 17.611, 208.12, 2.99, 0.003, 131.55, -31.84);
insert into SHOT values (2538, 2806, 2807, 1430, 17.200, 194.13, 1.00, 17.194, 194.14, 1.00, 0.007, 351.92, -1.50);
insert into SHOT values (2539, 2807, 2808, 1430, 7.600, 278.13, 4.00, 7.604, 278.11, 4.00, 0.005, 242.20, -1.59);
insert into SHOT values (2540, 2808, 2809, 1430, 10.220, 209.13, 3.00, 10.220, 209.08, 2.97, 0.011, 120.70, -25.96);
insert into SHOT values (2541, 2809, 2810, 1430, 5.820, 167.13, -2.00, 5.818, 167.18, -1.97, 0.006, 274.23, 30.38);
insert into SHOT values (2542, 2810, 2811, 1430, 9.260, 197.13, -17.00, 9.259, 197.15, -17.02, 0.004, 330.98, -43.51);
insert into SHOT values (2543, 2811, 2812, 1430, 16.360, 190.13, 5.00, 16.357, 190.14, 5.02, 0.006, 321.82, 42.42);
insert into SHOT values (2544, 2812, 2813, 1430, 8.900, 223.13, 4.00, 8.901, 223.13, 3.99, 0.001, 179.42, -44.88);
insert into SHOT values (2545, 2813, 2814, 1430, 6.140, 148.13, 0.00, 6.149, 148.09, 0.00, 0.010, 123.22, 0.00);
insert into SHOT values (2546, 2814, 2815, 1430, 23.140, 196.13, 4.00, 23.137, 196.15, 3.99, 0.009, 307.83, -28.89);
insert into SHOT values (2547, 2815, 2816, 1430, 15.760, 205.13, 6.00, 15.758, 205.11, 6.01, 0.007, 91.69, 21.06);
insert into SHOT values (2548, 2816, 2817, 1430, 10.780, 238.13, -8.00, 10.785, 238.13, -7.99, 0.006, 224.40, 2.90);
insert into SHOT values (2549, 2818, 2819, 1430, 23.100, 26.13, 24.00, 23.103, 26.12, 24.01, 0.008, 312.03, 34.34);
insert into SHOT values (2550, 2819, 2820, 1430, 11.760, 28.13, 10.00, 11.757, 28.14, 9.99, 0.004, 193.69, -33.33);
insert into SHOT values (2551, 2820, 2821, 1430, 18.270, 45.13, -19.00, 18.277, 45.14, -19.00, 0.008, 64.04, -13.96);
insert into SHOT values (2552, 2821, 2822, 1430, 19.020, 320.13, -20.00, 19.022, 320.13, -19.98, 0.006, 301.70, 54.25);
insert into SHOT values (2553, 2822, 2823, 1430, 11.520, 79.13, 10.00, 11.517, 79.18, 10.00, 0.009, 189.67, -2.69);
insert into SHOT values (2554, 2823, 2824, 1430, 10.500, 25.13, -19.00, 10.504, 25.15, -19.00, 0.004, 60.48, -21.10);
insert into SHOT values (2555, 2824, 2825, 1430, 10.040, 40.13, 2.00, 10.034, 40.11, 2.00, 0.008, 258.90, -2.96);
insert into SHOT values (2556, 2825, 2826, 1430, 7.720, 31.13, 8.00, 7.728, 31.16, 7.96, 0.011, 50.24, -24.50);
insert into SHOT values (2557, 2826, 2827, 1430, 6.340, 54.13, -24.00, 6.336, 54.14, -24.03, 0.005, 225.52, -14.36);
insert into SHOT values (2558, 2827, 2828, 1430, 13.520, 18.13, 15.00, 13.518, 18.12, 15.01, 0.004, 259.71, 9.99);
insert into SHOT values (2559, 2828, 2829, 1430, 8.660, 42.13, 11.00, 8.670, 42.14, 11.04, 0.012, 51.18, 39.45);
insert into SHOT values (2560, 2829, 2830, 1430, 11.520, 31.13, -19.00, 11.516, 31.14, -19.00, 0.004, 203.77, 7.93);
insert into SHOT values (2561, 2830, 2831, 1430, 6.720, 52.13, -24.00, 6.726, 52.14, -24.04, 0.008, 65.76, -59.26);
insert into CENTRELINE values (1431, 1423, NULL, '2000-02-01', NULL, 93.60, 0.00, 0.00);
 insert into SHOT values (2562, 2832, 2833, 1431, 7.600, 63.13, -32.00, 7.601, 63.16, -32.02, 0.004, 168.48, -42.98);
insert into SHOT values (2563, 2833, 2834, 1431, 17.000, 356.13, -3.00, 17.002, 356.12, -3.00, 0.005, 291.55, -3.10);
insert into SHOT values (2564, 2835, 2836, 1431, 19.600, 44.13, -25.00, 19.599, 44.13, -24.99, 0.003, 58.30, 74.01);
insert into SHOT values (2565, 2836, 2837, 1431, 19.300, 65.13, -18.00, 19.308, 65.14, -18.01, 0.009, 79.55, -42.27);
insert into SHOT values (2566, 2837, 2838, 1431, 16.100, 82.13, -32.00, 16.095, 82.13, -32.00, 0.005, 282.06, 18.19);
insert into SHOT values (2567, 2838, 2839, 1431, 14.000, 20.13, -30.00, 13.999, 20.17, -30.00, 0.008, 117.26, 0.00);
insert into CENTRELINE values (1432, 1423, NULL, '2000-02-01', NULL, 79.48, 0.00, 0.00);
 insert into SHOT values (2568, 2840, 2841, 1432, 20.500, 71.13, -25.00, 20.502, 71.13, -25.02, 0.007, 330.63, -71.60);
insert into SHOT values (2569, 2841, 2842, 1432, 20.300, 83.13, -22.00, 20.292, 83.13, -22.00, 0.008, 265.21, 33.50);
insert into SHOT values (2570, 2842, 2843, 1432, 10.200, 16.13, -90.00, 10.200, 90.00, -90.00, 0.000, 16.13, -5.70);
insert into SHOT values (2571, 2843, 2844, 1432, 9.870, 83.13, -14.00, 9.872, 83.16, -14.01, 0.006, 159.75, -22.22);
insert into SHOT values (2572, 2844, 2845, 1432, 9.740, 12.13, -20.00, 9.742, 12.17, -19.99, 0.007, 73.96, 10.92);
insert into SHOT values (2573, 2845, 2846, 1432, 8.870, 58.13, -21.00, 8.867, 58.13, -21.02, 0.004, 234.53, -21.05);
insert into CENTRELINE values (1433, 1423, NULL, '2000-02-01', NULL, 97.90, 0.00, 0.00);
 insert into SHOT values (2574, 2847, 2848, 1433, 6.300, 54.13, 0.00, 6.303, 54.17, 0.00, 0.005, 105.01, 0.00);
insert into SHOT values (2575, 2848, 2849, 1433, 12.150, 16.13, -90.00, 12.150, 90.00, -90.00, 0.000, 16.13, -7.16);
insert into SHOT values (2576, 2849, 2850, 1433, 6.510, 16.13, -90.00, 6.510, 90.00, -90.00, 0.000, 16.13, 21.34);
insert into SHOT values (2577, 2850, 2851, 1433, 20.280, 16.13, -90.00, 20.280, 90.00, -90.00, 0.000, 16.13, 0.00);
insert into SHOT values (2578, 2851, 2852, 1433, 4.410, 76.13, -41.00, 4.407, 76.09, -40.97, 0.004, 331.22, 50.90);
insert into SHOT values (2579, 2852, 2853, 1433, 24.400, 16.13, -90.00, 24.400, 90.00, -90.00, 0.000, 16.13, -4.77);
insert into SHOT values (2580, 2853, 2854, 1433, 5.370, 355.13, -56.00, 5.376, 355.03, -56.06, 0.010, 248.63, -55.28);
insert into SHOT values (2581, 2854, 2855, 1433, 13.050, 19.13, -68.00, 13.052, 19.21, -67.98, 0.008, 79.61, -1.83);
insert into SHOT values (2582, 2855, 2856, 1433, 5.430, 53.13, -56.00, 5.428, 53.17, -55.99, 0.003, 155.72, 41.16);
insert into CENTRELINE values (1434, 1423, NULL, '2000-02-01', NULL, 181.42, 0.00, 0.00);
 insert into SHOT values (2583, 2857, 2858, 1434, 5.000, 286.13, -10.00, 5.001, 286.15, -10.02, 0.003, 4.33, -44.23);
insert into SHOT values (2584, 2858, 2859, 1434, 5.500, 16.13, -14.00, 5.493, 16.12, -14.01, 0.007, 203.68, 4.61);
insert into SHOT values (2585, 2859, 2860, 1434, 14.000, 16.13, 90.00, 14.000, 90.00, 90.00, 0.000, 16.13, 0.00);
insert into SHOT values (2586, 2860, 2861, 1434, 18.100, 101.13, 75.00, 18.105, 101.09, 75.03, 0.010, 304.84, 40.52);
insert into SHOT values (2587, 2861, 2862, 1434, 31.000, 291.13, 82.00, 30.991, 291.09, 82.01, 0.011, 142.24, -50.34);
insert into SHOT values (2588, 2862, 2863, 1434, 13.500, 191.13, 85.00, 13.501, 191.31, 85.02, 0.005, 327.69, 14.56);
insert into SHOT values (2589, 2863, 2864, 1434, 6.000, 121.13, 70.00, 6.003, 121.06, 69.98, 0.004, 73.98, 27.27);
insert into SHOT values (2590, 2864, 2865, 1434, 10.500, 131.13, 53.00, 10.505, 131.15, 53.00, 0.005, 170.50, 52.28);
insert into SHOT values (2591, 2866, 2867, 1434, 10.250, 158.13, 12.00, 10.248, 158.09, 12.00, 0.007, 51.00, -8.48);
insert into SHOT values (2592, 2867, 2868, 1434, 8.800, 130.13, -2.00, 8.798, 130.16, -1.95, 0.008, 251.41, 59.42);
insert into SHOT values (2593, 2868, 2869, 1434, 7.100, 146.13, -3.00, 7.102, 146.15, -2.99, 0.003, 203.92, 27.86);
insert into SHOT values (2594, 2869, 2870, 1434, 8.270, 141.13, 25.00, 8.262, 141.13, 24.99, 0.008, 329.57, -37.22);
insert into SHOT values (2595, 2870, 2871, 1434, 10.600, 90.13, 12.00, 10.601, 90.17, 11.98, 0.007, 164.53, -31.79);
insert into SHOT values (2596, 2871, 2872, 1434, 3.300, 348.13, 0.00, 3.301, 348.11, 0.00, 0.001, 291.40, 0.00);
insert into SHOT values (2597, 2872, 2873, 1434, 11.000, 349.13, -27.00, 11.001, 349.18, -26.97, 0.010, 59.14, 23.03);
insert into SHOT values (2598, 2873, 2874, 1434, 9.000, 101.13, -7.00, 8.997, 101.17, -7.02, 0.008, 222.68, -24.04);
insert into SHOT values (2599, 2874, 2875, 1434, 9.500, 143.13, 38.00, 9.501, 143.15, 38.01, 0.002, 236.62, 35.91);
insert into SURVEY values (1436, 1387, 'CuevaAyayema', 'CuevaAyayema.206.UltimaPatagonia', 'Cueva Ayayema');
 insert into CENTRELINE values (1437, 1436, NULL, NULL, NULL, 0.00, 0.00, 0.00);
 insert into SURVEY values (1439, 1387, 'GrotteDuDyke', 'GrotteDuDyke.206.UltimaPatagonia', 'Grotte du Dyke');
 insert into CENTRELINE values (1440, 1439, NULL, NULL, NULL, 0.00, 0.00, 0.00);
 insert into CENTRELINE values (1442, 1387, NULL, NULL, NULL, 0.00, 0.00, 0.00);
 insert into SURVEY values (1444, 22, '207', '207.UltimaPatagonia', '207 Condors');
 insert into CENTRELINE values (1445, 1444, NULL, NULL, NULL, 0.00, 0.00, 0.00);
 insert into SURVEY values (1446, 1444, 'SystemeCondors', 'SystemeCondors.207.UltimaPatagonia', 'SystemeCondors');
 insert into CENTRELINE values (1447, 1446, NULL, NULL, NULL, 0.00, 0.00, 0.00);
 insert into CENTRELINE values (1448, 1446, NULL, '2006-02-01', NULL, 270.10, 0.00, 0.00);
 insert into SHOT values (2600, 2920, 2921, 1448, 13.000, 341.69, 6.00, 13.008, 341.66, 6.00, 0.011, 301.76, 6.10);
insert into SHOT values (2601, 2921, 2922, 1448, 7.700, 312.69, -4.00, 7.697, 312.73, -4.02, 0.007, 74.60, -26.02);
insert into SHOT values (2602, 2922, 2923, 1448, 8.800, 268.69, -24.00, 8.803, 268.65, -24.00, 0.007, 203.49, -5.65);
insert into SHOT values (2603, 2923, 2924, 1448, 10.200, 255.69, -27.00, 10.193, 255.72, -27.02, 0.009, 47.62, 4.64);
insert into SHOT values (2604, 2924, 2925, 1448, 8.500, 263.69, -2.00, 8.507, 263.65, -2.02, 0.010, 224.02, -19.48);
insert into SHOT values (2605, 2925, 2926, 1448, 12.500, 290.69, 0.00, 12.498, 290.71, 0.00, 0.005, 50.40, 0.00);
insert into SHOT values (2606, 2926, 2927, 1448, 11.900, 215.69, 24.00, 11.899, 215.68, 24.00, 0.003, 108.74, -3.29);
insert into SHOT values (2607, 2927, 2928, 1448, 13.000, 220.69, -11.00, 12.995, 220.71, -11.00, 0.006, 3.77, 5.21);
insert into SHOT values (2608, 2928, 2929, 1448, 7.800, 191.69, 1.00, 7.805, 191.76, 1.03, 0.011, 252.12, 21.38);
insert into SHOT values (2609, 2929, 2930, 1448, 6.700, 247.69, 20.00, 6.695, 247.67, 20.00, 0.005, 93.25, -17.78);
insert into SHOT values (2610, 2930, 2931, 1448, 15.200, 205.69, -13.00, 15.203, 205.68, -13.00, 0.004, 164.49, -10.42);
insert into SHOT values (2611, 2932, 2933, 1448, 3.200, 54.69, 0.00, 3.199, 54.67, 0.00, 0.002, 290.96, 0.00);
insert into SHOT values (2612, 2933, 2934, 1448, 9.300, 70.69, -1.00, 9.297, 70.65, -1.05, 0.011, 314.96, -43.96);
insert into SHOT values (2613, 2934, 2935, 1448, 8.600, 343.69, 4.00, 8.594, 343.74, 4.00, 0.010, 113.98, 0.56);
insert into SHOT values (2614, 2935, 2936, 1448, 9.200, 35.69, -30.00, 9.195, 35.65, -30.02, 0.009, 264.81, -0.00);
insert into SHOT values (2615, 2936, 2937, 1448, 6.800, 318.69, 8.00, 6.799, 318.73, 8.03, 0.006, 71.51, 34.83);
insert into SHOT values (2616, 2937, 2938, 1448, 2.600, 303.69, 18.00, 2.600, 303.63, 17.92, 0.005, 236.39, -47.54);
insert into SHOT values (2617, 2938, 2939, 1448, 2.000, 15.69, 90.00, 2.000, 90.00, 90.00, 0.000, 15.69, 0.00);
insert into SHOT values (2618, 2937, 2940, 1448, 8.600, 186.69, 6.00, 8.596, 186.72, 6.01, 0.006, 325.65, 10.73);
insert into SHOT values (2619, 2937, 2941, 1448, 5.000, 25.69, -30.00, 4.999, 25.74, -30.00, 0.003, 126.90, 0.00);
insert into SHOT values (2620, 2942, 2941, 1448, 9.300, 186.69, 29.00, 9.301, 186.64, 29.01, 0.008, 100.39, 8.84);
insert into SHOT values (2621, 2942, 2943, 1448, 12.200, 336.69, 22.00, 12.199, 336.72, 22.00, 0.006, 75.78, -2.02);
insert into SHOT values (2622, 2942, 2944, 1448, 17.500, 3.69, 3.00, 17.501, 3.71, 3.01, 0.006, 86.35, 43.63);
insert into SHOT values (2623, 2943, 2945, 1448, 4.000, 15.69, 90.00, 4.000, 90.00, 90.00, 0.000, 15.69, 0.00);
insert into SHOT values (2624, 2945, 2946, 1448, 15.500, 42.69, 0.00, 15.498, 42.70, 0.00, 0.002, 182.71, 0.00);
insert into SHOT values (2625, 2946, 2947, 1448, 5.300, 8.69, -4.00, 5.304, 8.70, -4.00, 0.004, 13.77, -4.42);
insert into SHOT values (2626, 2947, 2948, 1448, 13.700, 15.69, 8.00, 13.700, 15.70, 8.01, 0.003, 156.85, 72.55);
insert into SHOT values (2627, 2948, 2949, 1448, 14.200, 21.69, -2.00, 14.202, 21.67, -2.02, 0.008, 303.51, -33.24);
insert into SHOT values (2628, 2949, 2931, 1448, 7.800, 54.69, -24.00, 7.798, 54.77, -23.99, 0.010, 149.08, 14.73);
insert into SURVEY values (1450, 1444, 'ResurgenceLobos', 'ResurgenceLobos.207.UltimaPatagonia', 'Resurgence des Lobos');
 insert into CENTRELINE values (1451, 1450, NULL, NULL, NULL, 0.00, 0.00, 0.00);
 insert into CENTRELINE values (1452, 1450, NULL, '2000-02-01', NULL, 291.00, 0.00, 0.00);
 insert into SHOT values (2629, 2950, 2951, 1452, 1.000, 326.13, -53.13, 1.003, 325.78, -52.92, 0.006, 287.73, 0.00);
insert into SHOT values (2630, 2951, 2952, 1452, 5.000, 16.13, -16.26, 4.998, 16.09, -16.27, 0.004, 255.26, 0.00);
insert into SHOT values (2631, 2952, 2953, 1452, 5.000, 16.13, -22.33, 4.999, 16.20, -22.34, 0.006, 119.76, 0.00);
insert into SHOT values (2632, 2953, 2954, 1452, 10.000, 341.13, -32.01, 10.004, 341.16, -31.99, 0.006, 21.68, 0.00);
insert into SHOT values (2633, 2954, 2955, 1452, 10.000, 341.13, -17.46, 9.995, 341.09, -17.47, 0.009, 217.04, 0.00);
insert into SHOT values (2634, 2955, 2956, 1452, 10.000, 341.13, -17.46, 10.001, 341.17, -17.46, 0.006, 56.83, 0.00);
insert into SHOT values (2635, 2956, 2957, 1452, 10.000, 341.13, -27.39, 9.998, 341.14, -27.39, 0.002, 147.39, 0.00);
insert into SHOT values (2636, 2957, 2958, 1452, 30.000, 341.13, -19.47, 30.006, 341.13, -19.47, 0.006, 327.71, 0.00);
insert into SHOT values (2637, 2958, 2959, 1452, 20.000, 326.13, -23.58, 19.997, 326.15, -23.58, 0.005, 92.15, 0.00);
insert into SHOT values (2638, 2959, 2960, 1452, 20.000, 356.13, -2.87, 20.001, 356.12, -2.87, 0.003, 280.44, 0.00);
insert into SHOT values (2639, 2960, 2961, 1452, 25.000, 356.13, -2.29, 24.997, 356.12, -2.29, 0.006, 238.90, 0.00);
insert into SHOT values (2640, 2961, 2962, 1452, 15.000, 16.13, 41.81, 15.001, 16.15, 41.81, 0.003, 91.22, 0.00);
insert into SHOT values (2641, 2962, 2963, 1452, 40.000, 16.13, 7.18, 39.997, 16.14, 7.18, 0.004, 141.80, 0.00);
insert into SHOT values (2642, 2963, 2964, 1452, 10.000, 296.13, 30.00, 10.006, 296.15, 29.98, 0.008, 318.09, 0.00);
insert into SHOT values (2643, 2964, 2965, 1452, 5.000, 296.13, -53.13, 4.998, 296.14, -53.16, 0.004, 112.05, 0.00);
insert into SHOT values (2644, 2965, 2966, 1452, 5.000, 196.13, -53.13, 5.000, 196.26, -53.13, 0.007, 286.20, 0.00);
insert into SHOT values (2645, 2966, 2967, 1452, 15.000, 216.13, -32.23, 15.000, 216.12, -32.23, 0.003, 136.74, 0.00);
insert into SHOT values (2646, 2967, 2968, 1452, 5.000, 346.13, -23.58, 5.001, 346.12, -23.57, 0.002, 300.79, 0.00);
insert into SHOT values (2647, 2968, 2969, 1452, 10.000, 326.13, -5.74, 9.996, 326.15, -5.74, 0.005, 109.22, -0.00);
insert into SHOT values (2648, 2969, 2970, 1452, 5.000, 326.13, -53.13, 4.999, 326.15, -53.15, 0.002, 118.50, 0.00);
insert into SHOT values (2649, 2970, 2971, 1452, 5.000, 316.13, -11.54, 5.002, 316.07, -11.53, 0.005, 249.41, 0.00);
insert into SHOT values (2650, 2971, 2972, 1452, 10.000, 296.13, -5.74, 9.996, 296.13, -5.74, 0.004, 131.13, -0.00);
insert into SHOT values (2651, 2972, 2973, 1452, 10.000, 356.13, -5.74, 10.003, 356.14, -5.74, 0.003, 21.54, -0.00);
insert into SHOT values (2652, 2973, 2974, 1452, 10.000, 356.13, -17.46, 10.002, 356.15, -17.45, 0.004, 55.66, 0.00);
insert into CENTRELINE values (1454, 1444, NULL, NULL, NULL, 0.00, 0.00, 0.00);
 insert into SURVEY values (1456, 22, '208', '208.UltimaPatagonia', '208 Lobos');
 insert into CENTRELINE values (1457, 1456, NULL, NULL, NULL, 0.00, 0.00, 0.00);
 insert into SURVEY values (1458, 1456, 'Cueva10H10', 'Cueva10H10.208.UltimaPatagonia', 'Cueva 10H10');
 insert into CENTRELINE values (1459, 1458, NULL, NULL, NULL, 0.00, 0.00, 0.00);
 insert into CENTRELINE values (1460, 1458, NULL, '2008-02-26', NULL, 341.40, 0.00, 0.00);
 insert into SHOT values (2653, 2977, 2978, 1460, 10.800, 351.54, -9.00, 10.799, 351.54, -9.00, 0.001, 211.38, -24.54);
insert into SHOT values (2654, 2978, 2979, 1460, 45.700, 357.54, 0.00, 45.702, 357.54, 0.00, 0.003, 42.53, 0.00);
insert into SHOT values (2655, 2979, 2980, 1460, 51.700, 329.54, -6.00, 51.702, 329.54, -6.00, 0.006, 267.94, 42.27);
insert into SHOT values (2656, 2981, 2980, 1460, 37.500, 349.54, 0.00, 37.503, 349.54, 0.00, 0.004, 334.21, 0.00);
insert into SHOT values (2657, 2982, 2981, 1460, 36.500, 10.54, 0.00, 36.497, 10.55, 0.00, 0.006, 138.83, 0.00);
insert into SHOT values (2658, 2983, 2982, 1460, 15.300, 0.54, -15.00, 15.302, 0.54, -15.00, 0.002, 23.24, -1.81);
insert into SHOT values (2659, 2984, 2983, 1460, 5.600, 359.54, -8.00, 5.605, 359.48, -8.00, 0.007, 310.76, -5.03);
insert into SHOT values (2660, 2980, 2985, 1460, 21.300, 20.54, 0.00, 21.293, 20.54, 0.00, 0.007, 207.86, 0.00);
insert into SHOT values (2661, 2985, 2986, 1460, 29.000, 17.54, 15.00, 29.004, 17.56, 15.01, 0.009, 87.00, 27.14);
insert into SHOT values (2662, 2986, 2987, 1460, 25.000, 336.54, -1.00, 25.000, 336.54, -1.01, 0.004, 84.76, -68.91);
insert into SHOT values (2663, 2987, 2988, 1460, 22.000, 325.54, 10.00, 22.005, 325.55, 10.00, 0.006, 353.82, -2.38);
insert into SHOT values (2664, 2988, 2989, 1460, 19.000, 338.54, 25.00, 18.995, 338.53, 25.01, 0.006, 179.44, 2.42);
insert into SHOT values (2665, 2989, 2990, 1460, 22.000, 15.54, 30.00, 22.002, 15.52, 30.00, 0.006, 312.64, -0.00);
insert into SURVEY values (1462, 1456, 'Grotte20PlageDeLaBaleine', 'Grotte20PlageDeLaBaleine.208.UltimaPatagonia', 'Grotte 20 plage de la Baleine');
 insert into CENTRELINE values (1463, 1462, NULL, NULL, NULL, 0.00, 0.00, 0.00);
 insert into CENTRELINE values (1465, 1456, NULL, NULL, NULL, 0.00, 0.00, 0.00);
 insert into SURVEY values (1467, 22, '209', '209.UltimaPatagonia', '209 Soplador');
 insert into CENTRELINE values (1468, 1467, NULL, NULL, NULL, 0.00, 0.00, 0.00);
 insert into SURVEY values (1469, 1467, 'GrotteDuPleinCintre', 'GrotteDuPleinCintre.209.UltimaPatagonia', 'Perte du Plein Cintre');
 insert into CENTRELINE values (1470, 1469, NULL, NULL, NULL, 0.00, 0.00, 0.00);
 insert into CENTRELINE values (1471, 1469, NULL, NULL, NULL, 291.02, 0.00, 0.00);
 insert into SHOT values (2666, 2996, 2997, 1471, 3.800, 55.13, 80.00, 3.808, 54.87, 80.01, 0.008, 333.14, 68.12);
insert into SHOT values (2667, 2997, 2998, 1471, 2.080, 183.63, 5.00, 2.082, 183.59, 4.96, 0.003, 148.31, -27.73);
insert into SHOT values (2668, 2998, 2999, 1471, 3.640, 263.13, 38.00, 3.721, 261.05, 37.40, 0.139, 211.68, 7.86);
insert into SHOT values (2669, 2999, 3000, 1471, 7.570, 288.63, 35.00, 7.570, 285.95, 35.17, 0.291, 194.75, 3.55);
insert into SHOT values (2670, 3000, 3001, 1471, 2.580, 344.13, -12.00, 2.366, 342.90, -12.20, 0.221, 177.37, 9.50);
insert into SHOT values (2671, 3001, 3002, 1471, 2.440, 239.13, -21.00, 2.610, 237.35, -20.40, 0.187, 214.69, -10.94);
insert into SHOT values (2672, 3002, 3003, 1471, 2.440, 219.13, 0.00, 2.438, 219.17, 0.00, 0.003, 358.41, 0.00);
insert into SHOT values (2673, 3003, 3004, 1471, 3.540, 187.13, 12.00, 3.543, 187.13, 11.89, 0.007, 180.81, -55.34);
insert into SHOT values (2674, 3004, 3005, 1471, 3.220, 258.63, 17.00, 3.219, 258.76, 16.98, 0.007, 350.95, -11.57);
insert into SHOT values (2675, 3005, 3006, 1471, 1.850, 334.13, 0.00, 1.847, 333.99, 0.00, 0.005, 211.67, 0.00);
insert into SHOT values (2676, 3006, 3007, 1471, 4.080, 288.13, 4.00, 4.083, 288.17, 4.07, 0.007, 328.22, 54.02);
insert into SHOT values (2677, 3007, 3008, 1471, 6.420, 217.63, 32.00, 6.415, 217.61, 32.00, 0.005, 68.66, -23.93);
insert into SHOT values (2678, 3008, 3009, 1471, 5.950, 199.13, 43.00, 5.952, 199.18, 43.01, 0.004, 287.53, 28.18);
insert into SHOT values (2679, 3009, 3010, 1471, 3.230, 204.13, 7.00, 3.233, 204.09, 6.93, 0.006, 170.16, -40.03);
insert into SHOT values (2680, 3010, 3011, 1471, 5.100, 287.13, 13.00, 5.101, 287.09, 13.03, 0.005, 197.51, 34.11);
insert into SHOT values (2681, 3011, 3012, 1471, 5.220, 320.13, -11.00, 5.223, 320.22, -11.04, 0.009, 32.99, -25.15);
insert into SHOT values (2682, 3012, 3013, 1471, 2.100, 19.13, -8.00, 2.095, 19.13, -7.96, 0.005, 198.69, 24.55);
insert into SHOT values (2683, 3013, 3014, 1471, 5.600, 307.13, 0.00, 5.604, 307.09, 0.00, 0.005, 264.72, 0.00);
insert into SHOT values (2684, 3010, 3015, 1471, 10.300, 217.13, 19.00, 10.300, 217.15, 19.04, 0.008, 346.13, 56.94);
insert into SHOT values (2685, 3012, 3016, 1471, 12.440, 196.13, 5.00, 12.447, 196.15, 5.02, 0.010, 230.84, 34.34);
insert into SHOT values (2686, 3010, 3017, 1471, 6.000, 13.13, 10.00, 5.995, 13.12, 9.99, 0.005, 210.30, -20.72);
insert into SHOT values (2687, 3017, 3018, 1471, 10.210, 1.13, 27.00, 10.216, 1.13, 27.01, 0.007, 2.31, 45.93);
insert into SHOT values (2688, 3002, 3019, 1471, 9.150, 44.13, -59.00, 9.038, 45.38, -61.60, 0.438, 211.43, -14.13);
insert into SHOT values (2689, 2998, 3020, 1471, 3.680, 248.13, 44.00, 3.558, 250.06, 44.87, 0.160, 34.54, -16.86);
insert into SHOT values (2690, 3020, 3021, 1471, 5.300, 335.13, 39.00, 5.451, 336.47, 37.78, 0.213, 3.24, 1.24);
insert into SHOT values (2691, 3021, 3022, 1471, 2.390, 1.13, 6.00, 2.644, 1.74, 5.64, 0.256, 7.42, 2.28);
insert into SHOT values (2692, 3022, 3023, 1471, 1.950, 29.63, 16.00, 2.182, 29.00, 15.41, 0.234, 23.86, 10.45);
insert into SHOT values (2693, 3023, 3024, 1471, 3.800, 338.13, 13.00, 4.004, 339.48, 12.55, 0.225, 2.32, 3.88);
insert into SHOT values (2694, 3024, 3025, 1471, 1.970, 16.13, 7.00, 2.221, 16.05, 6.72, 0.252, 15.43, 4.54);
insert into SHOT values (2695, 3025, 3026, 1471, 3.380, 345.63, -2.00, 3.609, 346.70, -2.06, 0.238, 1.98, -2.90);
insert into SHOT values (2696, 3026, 3027, 1471, 3.430, 59.63, -35.00, 3.423, 59.60, -34.94, 0.008, 264.29, 60.16);
insert into SHOT values (2697, 3027, 3028, 1471, 7.810, 342.13, 3.00, 7.806, 342.15, 3.01, 0.004, 136.74, 16.30);
insert into SHOT values (2698, 3028, 3029, 1471, 4.290, 14.13, 0.00, 4.290, 14.17, 0.00, 0.003, 93.53, 0.00);
insert into SHOT values (2699, 3026, 3030, 1471, 3.740, 258.13, 48.00, 3.660, 260.23, 48.71, 0.129, 33.42, -13.18);
insert into SHOT values (2700, 3030, 3031, 1471, 4.670, 230.13, 14.00, 4.460, 231.49, 14.41, 0.237, 24.52, -4.79);
insert into SHOT values (2701, 3031, 3032, 1471, 4.510, 221.13, 24.00, 4.516, 221.26, 24.04, 0.012, 288.15, 28.60);
insert into SHOT values (2702, 3031, 3033, 1471, 0.700, 16.13, -90.00, 0.703, 9.46, -85.03, 0.061, 9.46, 0.00);
insert into SHOT values (2703, 3033, 3034, 1471, 5.950, 78.13, -44.00, 6.048, 76.09, -43.20, 0.202, 26.95, -1.93);
insert into SHOT values (2704, 3034, 3035, 1471, 4.260, 118.13, -39.00, 4.220, 116.01, -39.42, 0.131, 4.57, 0.39);
insert into SHOT values (2705, 3035, 3036, 1471, 3.160, 89.13, -58.00, 3.203, 86.34, -57.45, 0.098, 28.34, -11.84);
insert into SHOT values (2706, 3036, 3037, 1471, 2.300, 344.13, -3.00, 2.516, 345.24, -2.96, 0.221, 356.88, -2.49);
insert into SHOT values (2707, 3037, 3038, 1471, 2.720, 229.13, -18.00, 2.514, 230.63, -18.79, 0.219, 32.48, 8.03);
insert into SHOT values (2708, 3038, 3039, 1471, 4.300, 227.13, -10.00, 4.091, 228.43, -10.42, 0.231, 23.96, 1.66);
insert into SHOT values (2709, 3039, 3040, 1471, 7.560, 194.13, -18.00, 7.318, 194.06, -19.06, 0.278, 16.06, -11.15);
insert into SHOT values (2710, 3040, 3019, 1471, 0.000, 16.13, 0.00, 0.063, 18.43, 0.00, 0.063, 18.43, 0.00);
insert into SHOT values (2711, 2998, 3041, 1471, 1.770, 167.63, 13.00, 1.776, 167.65, 13.02, 0.006, 173.46, 18.71);
insert into SHOT values (2712, 3041, 3042, 1471, 2.640, 181.63, 3.00, 2.634, 181.74, 2.83, 0.011, 317.37, -48.52);
insert into SHOT values (2713, 3042, 3043, 1471, 2.710, 60.13, -7.00, 2.717, 60.20, -6.98, 0.007, 86.21, 2.04);
insert into SHOT values (2714, 3043, 3044, 1471, 10.180, 120.63, -46.00, 10.174, 120.63, -46.01, 0.006, 303.80, 26.52);
insert into SHOT values (2715, 3044, 3045, 1471, 4.220, 50.63, -9.00, 4.216, 50.65, -9.01, 0.004, 211.41, 2.00);
insert into SHOT values (2716, 3045, 3046, 1471, 4.300, 80.13, -70.00, 4.300, 80.22, -69.99, 0.002, 152.22, 16.47);
insert into SHOT values (2717, 3046, 3047, 1471, 3.890, 105.13, -60.00, 3.892, 105.18, -59.97, 0.004, 132.64, -19.26);
insert into SHOT values (2718, 3047, 3048, 1471, 4.430, 85.63, -13.00, 4.427, 85.61, -13.05, 0.005, 288.23, -39.99);
insert into SHOT values (2719, 3048, 3049, 1471, 3.530, 95.63, -3.00, 3.531, 95.53, -2.92, 0.008, 17.23, 37.11);
insert into SHOT values (2720, 3049, 3050, 1471, 2.450, 183.63, 3.00, 2.458, 183.50, 3.03, 0.010, 148.78, 10.41);
insert into SHOT values (2721, 3050, 3051, 1471, 4.850, 187.13, -5.00, 4.846, 187.14, -4.97, 0.005, 358.79, 33.06);
insert into SHOT values (2722, 3051, 3052, 1471, 6.800, 16.13, -90.00, 6.800, 90.00, -90.00, 0.000, 16.13, -25.93);
insert into SHOT values (2723, 3050, 3053, 1471, 7.700, 16.13, -90.00, 7.700, 90.00, -90.00, 0.000, 16.13, 23.24);
insert into SHOT values (2724, 3054, 3055, 1471, 3.520, 16.13, 90.00, 3.520, 90.00, 90.00, 0.000, 16.13, 39.73);
insert into SHOT values (2725, 3055, 3056, 1471, 2.870, 155.13, 25.00, 2.867, 155.21, 24.96, 0.005, 269.06, -37.37);
insert into SHOT values (2726, 3056, 3057, 1471, 3.530, 54.13, 22.00, 3.536, 54.18, 21.92, 0.008, 73.08, -16.40);
insert into SHOT values (2727, 3057, 3058, 1471, 2.220, 8.13, -25.00, 2.219, 8.01, -25.07, 0.005, 249.07, -19.84);
insert into SHOT values (2728, 3058, 3059, 1471, 5.270, 101.13, -26.00, 5.273, 101.19, -25.98, 0.006, 155.49, 2.07);
insert into SHOT values (2729, 3059, 3060, 1471, 5.610, 14.63, -20.00, 5.609, 14.62, -20.02, 0.002, 248.17, -34.23);
insert into SHOT values (2730, 3060, 3061, 1471, 3.590, 274.63, 15.00, 3.594, 274.63, 15.00, 0.004, 268.92, 12.94);
insert into SHOT values (2731, 3061, 3052, 1471, 4.110, 349.13, 24.00, 4.114, 349.26, 24.10, 0.012, 71.35, 44.93);
insert into CENTRELINE values (1472, 1469, NULL, NULL, NULL, 164.68, 0.00, 0.00);
 insert into SHOT values (2732, 3062, 3063, 1472, 6.720, 1.13, 6.00, 6.719, 1.20, 6.07, 0.011, 103.40, 42.98);
insert into SHOT values (2733, 3063, 3064, 1472, 6.350, 50.13, 8.00, 6.344, 50.10, 7.97, 0.007, 262.67, -30.23);
insert into SHOT values (2734, 3064, 3065, 1472, 2.270, 9.13, 31.00, 2.278, 9.13, 30.90, 0.009, 7.48, 5.50);
insert into SHOT values (2735, 3065, 3066, 1472, 1.330, 57.13, -32.00, 1.334, 57.30, -32.17, 0.006, 128.62, -57.01);
insert into SHOT values (2736, 3066, 3067, 1472, 4.960, 31.13, 1.00, 4.954, 31.12, 1.04, 0.007, 218.97, 28.21);
insert into SHOT values (2737, 3067, 3068, 1472, 1.780, 320.13, 0.00, 1.782, 320.24, 0.00, 0.004, 14.81, 0.00);
insert into SHOT values (2738, 3068, 3069, 1472, 3.760, 275.13, 6.00, 3.755, 275.07, 5.96, 0.007, 135.77, -25.59);
insert into SHOT values (2739, 3069, 3070, 1472, 7.180, 308.13, 32.00, 7.183, 308.13, 32.03, 0.005, 287.03, 84.22);
insert into SHOT values (2740, 3070, 3071, 1472, 3.090, 353.13, 31.00, 3.090, 353.06, 30.97, 0.004, 276.16, -23.88);
insert into SHOT values (2741, 3071, 3072, 1472, 2.910, 0.13, 23.00, 2.912, 0.21, 23.04, 0.005, 70.61, 36.41);
insert into SHOT values (2742, 3072, 3073, 1472, 3.900, 328.13, 7.00, 3.905, 328.07, 6.91, 0.009, 291.79, -37.85);
insert into SHOT values (2743, 3073, 3074, 1472, 3.900, 45.13, 0.00, 3.903, 45.21, 0.00, 0.006, 102.66, 0.00);
insert into SHOT values (2744, 3074, 3075, 1472, 8.960, 44.13, 8.00, 8.963, 44.13, 8.02, 0.004, 44.35, 51.36);
insert into SHOT values (2745, 3075, 3076, 1472, 3.130, 48.13, 35.00, 3.126, 48.01, 35.15, 0.011, 262.68, 26.53);
insert into SHOT values (2746, 3076, 3077, 1472, 3.700, 356.13, 16.00, 3.699, 356.13, 15.85, 0.010, 355.61, -81.72);
insert into SHOT values (2747, 3077, 3078, 1472, 1.450, 330.13, 3.00, 1.445, 330.06, 3.17, 0.007, 169.03, 35.37);
insert into SHOT values (2748, 3078, 3079, 1472, 5.200, 265.13, 0.00, 5.199, 265.14, 0.00, 0.002, 45.59, 0.00);
insert into SHOT values (2749, 3079, 3080, 1472, 6.490, 331.13, 19.00, 6.493, 331.18, 18.96, 0.007, 22.82, -23.93);
insert into SHOT values (2750, 3080, 3081, 1472, 2.760, 354.13, 20.00, 2.763, 354.03, 20.11, 0.008, 270.42, 51.05);
insert into SHOT values (2751, 3081, 3019, 1472, 5.150, 253.13, 0.00, 5.144, 253.04, 0.00, 0.010, 123.97, 0.00);
insert into SHOT values (2752, 3081, 3082, 1472, 7.140, 36.13, 0.00, 7.135, 36.16, 0.00, 0.007, 181.22, 0.00);
insert into SHOT values (2753, 3062, 3083, 1472, 15.890, 93.13, -35.00, 15.890, 93.13, -34.98, 0.005, 67.43, 50.68);
insert into SHOT values (2754, 3083, 3084, 1472, 18.670, 155.13, -32.00, 18.673, 155.13, -31.98, 0.006, 159.10, 34.24);
insert into SHOT values (2755, 3084, 3085, 1472, 8.020, 153.13, -61.00, 8.022, 153.04, -61.06, 0.011, 18.47, -31.88);
insert into SHOT values (2756, 3085, 3086, 1472, 4.720, 136.13, -48.00, 4.719, 136.28, -48.05, 0.009, 250.68, -14.38);
insert into SHOT values (2757, 3086, 3087, 1472, 2.050, 53.13, -32.00, 2.045, 53.20, -31.89, 0.007, 195.52, 63.53);
insert into SHOT values (2758, 3087, 3088, 1472, 3.600, 135.13, -30.00, 3.601, 135.13, -29.99, 0.001, 122.72, -0.00);
insert into SHOT values (2759, 3088, 3089, 1472, 8.900, 115.13, -53.00, 8.901, 115.08, -53.01, 0.005, 10.85, -23.53);
insert into SHOT values (2760, 3089, 3090, 1472, 4.640, 161.13, -33.00, 4.640, 161.10, -33.04, 0.004, 34.19, -45.43);
insert into SHOT values (2761, 3090, 3091, 1472, 6.060, 77.13, -47.00, 6.059, 77.14, -46.98, 0.002, 113.55, 64.51);
insert into CENTRELINE values (1473, 1469, NULL, NULL, NULL, 49.26, 0.00, 0.00);
 insert into SHOT values (2762, 3062, 3092, 1473, 19.200, 75.13, -32.00, 19.200, 75.13, -31.98, 0.006, 49.84, 52.81);
insert into SHOT values (2763, 3092, 3093, 1473, 9.560, 68.13, -31.00, 9.561, 68.16, -30.97, 0.007, 112.72, 34.29);
insert into SHOT values (2764, 3093, 3094, 1473, 2.380, 45.63, -10.00, 2.378, 45.52, -10.17, 0.009, 280.74, -49.97);
insert into SHOT values (2765, 3094, 3095, 1473, 2.960, 57.13, -58.00, 2.961, 57.22, -57.97, 0.003, 116.44, 4.52);
insert into SHOT values (2766, 3095, 3096, 1473, 4.010, 71.13, -8.00, 4.014, 71.06, -8.02, 0.007, 22.14, -16.82);
insert into SHOT values (2767, 3096, 3097, 1473, 2.720, 52.13, -59.00, 2.716, 51.98, -59.07, 0.006, 270.72, 14.17);
insert into SHOT values (2768, 3097, 3098, 1473, 8.430, 127.13, -48.00, 8.430, 127.15, -47.95, 0.007, 148.89, 39.55);
insert into SURVEY values (1475, 1467, 'EmergenceBarillet', 'EmergenceBarillet.209.UltimaPatagonia', 'Emergence du Barillet');
 insert into CENTRELINE values (1476, 1475, NULL, NULL, NULL, 0.00, 0.00, 0.00);
 insert into CENTRELINE values (1477, 1475, NULL, NULL, NULL, 64.25, 0.00, 0.00);
 insert into SHOT values (2769, 3099, 3100, 1477, 3.550, 121.13, 0.00, 3.553, 121.18, 0.00, 0.005, 164.21, 0.00);
insert into SHOT values (2770, 3100, 3101, 1477, 6.240, 0.13, 3.00, 6.249, 0.09, 3.03, 0.010, 332.72, 19.55);
insert into SHOT values (2771, 3101, 3102, 1477, 3.540, 347.13, -5.00, 3.531, 347.19, -5.04, 0.010, 146.16, -8.70);
insert into SHOT values (2772, 3102, 3103, 1477, 3.610, 246.13, 56.00, 3.608, 246.35, 55.96, 0.008, 329.91, -19.76);
insert into SHOT values (2773, 3102, 3104, 1477, 2.740, 83.13, -4.00, 2.737, 83.06, -3.98, 0.005, 310.47, 13.06);
insert into SHOT values (2774, 3104, 3105, 1477, 2.270, 113.13, 2.00, 2.273, 113.07, 2.02, 0.004, 71.73, 11.05);
insert into SHOT values (2775, 3105, 3106, 1477, 2.300, 19.13, 20.00, 2.297, 19.19, 19.86, 0.007, 139.59, -69.33);
insert into SHOT values (2776, 3106, 3107, 1477, 3.020, 314.13, 20.00, 3.027, 314.14, 20.09, 0.009, 321.08, 54.57);
insert into SHOT values (2777, 3107, 3108, 1477, 10.260, 16.13, 90.00, 10.260, 90.00, 90.00, 0.000, 16.13, -13.92);
insert into SHOT values (2778, 3108, 3109, 1477, 2.420, 70.13, 0.00, 2.423, 70.22, 0.00, 0.005, 121.00, 0.00);
insert into SHOT values (2779, 3105, 3110, 1477, 1.660, 107.13, 5.00, 1.660, 107.23, 4.84, 0.005, 186.05, -58.49);
insert into SHOT values (2780, 3110, 3111, 1477, 10.000, 79.13, -38.00, 10.004, 79.10, -38.01, 0.006, 15.73, -37.10);
insert into SHOT values (2781, 3111, 3112, 1477, 3.370, 120.13, -25.00, 3.370, 120.26, -24.92, 0.008, 192.71, 31.38);
insert into SHOT values (2782, 3112, 3113, 1477, 4.900, 107.13, -18.00, 4.895, 107.11, -17.97, 0.006, 309.73, 43.55);
insert into SHOT values (2783, 3113, 3114, 1477, 4.370, 129.13, -1.00, 4.372, 129.15, -1.05, 0.005, 162.67, -55.61);
insert into SURVEY values (1479, 1467, 'ResurgenceDeLaPlage', 'ResurgenceDeLaPlage.209.UltimaPatagonia', 'Resurgence de la Plage');
 insert into CENTRELINE values (1480, 1479, NULL, NULL, NULL, 0.00, 0.00, 0.00);
 insert into CENTRELINE values (1481, 1479, NULL, '2008-02-01', NULL, 185.52, 0.00, 0.00);
 insert into SHOT values (2784, 3115, 3116, 1481, 8.680, 262.54, 2.00, 8.679, 262.51, 1.98, 0.005, 161.71, -34.76);
insert into SHOT values (2785, 3116, 3117, 1481, 9.160, 339.54, -20.00, 9.164, 339.55, -19.97, 0.006, 344.73, 27.80);
insert into SHOT values (2786, 3116, 3118, 1481, 6.050, 176.54, 5.00, 6.044, 176.57, 5.03, 0.007, 329.45, 21.23);
insert into SHOT values (2787, 3118, 3119, 1481, 14.150, 157.54, 15.00, 14.148, 157.54, 14.99, 0.003, 315.72, -52.34);
insert into SHOT values (2788, 3118, 3120, 1481, 10.780, 283.54, 5.00, 10.779, 283.52, 5.00, 0.005, 174.70, 5.71);
insert into SHOT values (2789, 3120, 3121, 1481, 6.730, 227.54, 45.00, 6.729, 227.56, 45.02, 0.003, 20.64, 24.07);
insert into SHOT values (2790, 3121, 3122, 1481, 5.500, 213.54, 14.00, 5.500, 216.07, 16.15, 0.312, 317.82, 39.70);
insert into SHOT values (2791, 3122, 3123, 1481, 28.400, 335.54, -14.00, 28.397, 335.54, -14.00, 0.004, 193.58, 8.94);
insert into SHOT values (2792, 3123, 3124, 1481, 8.070, 123.54, -15.00, 8.069, 123.49, -15.01, 0.008, 22.79, -9.79);
insert into SHOT values (2793, 3123, 3125, 1481, 15.120, 348.54, -8.00, 15.125, 348.56, -8.02, 0.009, 38.30, -38.86);
insert into SHOT values (2794, 3122, 3126, 1481, 22.140, 144.54, 24.00, 22.258, 145.60, 32.96, 3.489, 311.98, 62.86);
insert into SHOT values (2795, 3126, 3127, 1481, 6.600, 8.54, -48.00, 6.571, 6.80, -45.05, 0.367, 336.42, 43.89);
insert into SHOT values (2796, 3127, 3128, 1481, 4.210, 171.54, 55.00, 4.212, 171.67, 55.00, 0.006, 253.77, 14.25);
insert into SHOT values (2797, 3128, 3129, 1481, 4.200, 108.54, 27.00, 4.203, 108.53, 27.03, 0.004, 89.48, 57.98);
insert into SHOT values (2798, 3129, 3130, 1481, 2.630, 151.54, -42.00, 2.631, 151.60, -41.99, 0.002, 218.26, -4.93);
insert into SHOT values (2799, 3130, 3131, 1481, 14.100, 165.54, 27.00, 14.104, 165.53, 26.99, 0.006, 144.70, -12.45);
insert into SHOT values (2800, 3127, 3121, 1481, 19.000, 333.54, -36.00, 19.281, 332.07, -27.79, 2.785, 318.91, 51.43);
insert into CENTRELINE values (1482, 1479, NULL, NULL, NULL, 192.00, 0.00, 0.00);
 insert into SHOT values (2801, 3132, 3133, 1482, 13.000, 26.13, 0.00, 12.996, 26.11, 0.00, 0.006, 259.30, 0.00);
insert into SHOT values (2802, 3133, 3134, 1482, 5.000, 96.13, 0.00, 5.009, 96.19, 0.00, 0.010, 124.20, 0.00);
insert into SHOT values (2803, 3134, 3135, 1482, 6.000, 141.13, -24.62, 5.994, 141.11, -24.65, 0.007, 338.09, 0.00);
insert into SHOT values (2804, 3135, 3136, 1482, 9.000, 126.13, -5.74, 8.998, 126.14, -5.74, 0.002, 276.97, 0.00);
insert into SHOT values (2805, 3136, 3137, 1482, 3.000, 121.13, -34.52, 3.004, 121.12, -34.47, 0.005, 115.72, 0.00);
insert into SHOT values (2806, 3137, 3138, 1482, 4.000, 131.13, -11.54, 4.000, 131.17, -11.54, 0.003, 224.12, 0.00);
insert into SHOT values (2807, 3138, 3139, 1482, 10.000, 166.13, -16.26, 10.000, 166.14, -16.26, 0.001, 281.94, -0.00);
insert into SHOT values (2808, 3139, 3140, 1482, 12.000, 126.13, 8.63, 12.001, 126.16, 8.63, 0.005, 207.75, 0.00);
insert into SHOT values (2809, 3140, 3141, 1482, 5.000, 106.13, -73.74, 5.001, 106.11, -73.68, 0.005, 100.97, -0.00);
insert into SHOT values (2810, 3141, 3142, 1482, 5.000, 136.13, -6.89, 4.994, 136.06, -6.90, 0.009, 0.52, 0.00);
insert into SHOT values (2811, 3142, 3143, 1482, 5.000, 76.13, -23.58, 4.999, 76.24, -23.58, 0.008, 173.20, 0.00);
insert into SHOT values (2812, 3143, 3144, 1482, 5.000, 76.13, 0.00, 4.996, 76.10, 0.00, 0.005, 290.80, 0.00);
insert into SHOT values (2813, 3144, 3145, 1482, 10.000, 106.13, 0.00, 10.004, 106.13, 0.00, 0.004, 110.16, 0.00);
insert into SHOT values (2814, 3145, 3146, 1482, 5.000, 106.13, -23.58, 4.997, 106.10, -23.59, 0.004, 327.43, 0.00);
insert into SHOT values (2815, 3146, 3147, 1482, 10.000, 136.13, 11.54, 9.997, 136.12, 11.54, 0.004, 1.40, 0.00);
insert into SHOT values (2816, 3147, 3148, 1482, 5.000, 226.13, 36.87, 5.008, 226.11, 36.80, 0.010, 217.75, 0.00);
insert into SHOT values (2817, 3148, 3149, 1482, 5.000, 166.13, 11.54, 4.995, 166.05, 11.55, 0.009, 43.30, 0.00);
insert into SHOT values (2818, 3149, 3150, 1482, 5.000, 176.13, 11.54, 5.002, 176.14, 11.53, 0.002, 191.08, 0.00);
insert into SHOT values (2819, 3150, 3151, 1482, 5.000, 146.13, 23.58, 4.994, 146.14, 23.61, 0.006, 323.42, 0.00);
insert into SHOT values (2820, 3151, 3152, 1482, 5.000, 116.13, 11.54, 5.003, 116.15, 11.53, 0.003, 141.17, 0.00);
insert into SHOT values (2821, 3152, 3153, 1482, 5.000, 146.13, 11.54, 5.002, 146.15, 11.53, 0.002, 181.78, 0.00);
insert into SHOT values (2822, 3153, 3154, 1482, 5.000, 166.13, 11.54, 5.003, 166.19, 11.53, 0.006, 227.56, 0.00);
insert into SHOT values (2823, 3154, 3155, 1482, 5.000, 206.13, 11.54, 4.989, 206.09, 11.56, 0.011, 43.43, 0.00);
insert into SHOT values (2824, 3155, 3156, 1482, 5.000, 226.13, 23.58, 5.007, 226.15, 23.54, 0.008, 235.24, 0.00);
insert into SHOT values (2825, 3156, 3157, 1482, 5.000, 106.13, 23.58, 5.006, 106.07, 23.55, 0.009, 67.16, 0.00);
insert into SHOT values (2826, 3157, 3158, 1482, 5.000, 156.13, 23.58, 4.998, 156.18, 23.59, 0.004, 279.35, 0.00);
insert into SHOT values (2827, 3158, 3159, 1482, 5.000, 146.13, 0.00, 5.009, 146.15, 0.00, 0.009, 156.49, 0.00);
insert into SHOT values (2828, 3159, 3160, 1482, 5.000, 156.13, 11.54, 4.999, 156.16, 11.54, 0.002, 271.01, 0.00);
insert into SHOT values (2829, 3160, 3161, 1482, 5.000, 136.13, 11.54, 4.995, 136.16, 11.55, 0.005, 290.95, 0.00);
insert into SHOT values (2830, 3161, 3162, 1482, 5.000, 156.13, 23.58, 5.002, 156.06, 23.57, 0.006, 83.18, 0.00);
insert into SHOT values (2831, 3162, 3163, 1482, 5.000, 196.13, 17.46, 5.000, 196.19, 17.46, 0.005, 291.76, 0.00);
insert into SHOT values (2832, 3163, 3125, 1482, 5.000, 166.13, 17.46, 5.001, 166.05, 17.45, 0.007, 84.36, 0.00);
insert into SURVEY values (1484, 1467, 'GrotteEvier', 'GrotteEvier.209.UltimaPatagonia', 'Grotte Evier');
 insert into CENTRELINE values (1485, 1484, NULL, NULL, NULL, 0.00, 0.00, 0.00);
 insert into CENTRELINE values (1486, 1484, NULL, NULL, NULL, 71.30, 0.00, 0.00);
 insert into SHOT values (2833, 3164, 3165, 1486, 6.000, 251.13, -10.00, 5.998, 251.14, -9.98, 0.002, 59.57, 50.13);
insert into SHOT values (2834, 3164, 3166, 1486, 1.000, 6.13, 0.00, 0.996, 6.34, 0.00, 0.005, 143.45, 0.00);
insert into SHOT values (2835, 3166, 3167, 1486, 14.000, 16.13, 90.00, 14.000, 90.00, 90.00, 0.000, 16.13, 0.00);
insert into SHOT values (2836, 3167, 3168, 1486, 10.500, 86.13, 80.00, 10.500, 85.91, 79.99, 0.007, 6.87, -3.89);
insert into SHOT values (2837, 3168, 3169, 1486, 4.100, 81.13, -12.00, 4.096, 81.24, -11.98, 0.009, 196.78, 15.89);
insert into SHOT values (2838, 3169, 3170, 1486, 18.500, 16.13, 90.00, 18.500, 90.00, 90.00, 0.000, 16.13, 0.00);
insert into SHOT values (2839, 3170, 3171, 1486, 17.200, 255.13, 88.00, 17.200, 255.50, 88.00, 0.004, 2.50, 6.77);
insert into SURVEY values (1488, 1467, 'LosGringos', 'LosGringos.209.UltimaPatagonia', 'Cueva los Gringos');
 insert into CENTRELINE values (1489, 1488, NULL, NULL, NULL, 0.00, 0.00, 0.00);
 insert into CENTRELINE values (1490, 1488, NULL, NULL, NULL, 63.90, 0.00, 0.00);
 insert into SHOT values (2840, 3172, 3173, 1490, 6.280, 181.13, -31.80, 6.275, 181.07, -31.84, 0.008, 41.18, -4.91);
insert into SHOT values (2841, 3173, 3174, 1490, 2.940, 162.13, 35.80, 2.940, 162.17, 35.80, 0.002, 253.38, 7.61);
insert into SHOT values (2842, 3174, 3175, 1490, 5.800, 112.93, 15.40, 5.801, 112.94, 15.40, 0.001, 170.59, -10.62);
insert into SHOT values (2843, 3175, 3176, 1490, 5.470, 197.93, 62.70, 5.472, 198.07, 62.65, 0.008, 247.88, -5.17);
insert into SHOT values (2844, 3176, 3177, 1490, 1.920, 161.53, 87.70, 1.922, 156.80, 87.73, 0.007, 61.12, 13.61);
insert into SHOT values (2845, 3177, 3178, 1490, 4.150, 220.03, 7.70, 4.153, 220.07, 7.61, 0.008, 256.99, -51.44);
insert into SHOT values (2846, 3178, 3179, 1490, 5.240, 315.13, 65.10, 5.234, 315.18, 65.16, 0.008, 119.56, -21.51);
insert into SHOT values (2847, 3179, 3180, 1490, 4.630, 345.33, 80.60, 4.632, 345.41, 80.63, 0.003, 136.52, 45.35);
insert into SHOT values (2848, 3180, 3181, 1490, 22.300, 241.03, 83.60, 22.299, 241.17, 83.59, 0.007, 306.63, -8.95);
insert into SHOT values (2849, 3181, 3182, 1490, 5.170, 127.53, 68.40, 5.173, 127.53, 68.40, 0.003, 126.13, 73.18);
insert into SURVEY values (1492, 1467, 'GouffreDeLaDetente', 'GouffreDeLaDetente.209.UltimaPatagonia', 'GouffreDeLaDetente');
 insert into CENTRELINE values (1493, 1492, NULL, NULL, NULL, 0.00, 0.00, 0.00);
 insert into CENTRELINE values (1494, 1492, NULL, NULL, NULL, 243.74, 0.00, 0.00);
 insert into SHOT values (2850, 3183, 3184, 1494, 7.900, 340.13, -32.00, 7.902, 340.10, -32.02, 0.005, 255.36, -47.88);
insert into SHOT values (2851, 3184, 3185, 1494, 15.690, 302.13, -58.00, 15.684, 302.12, -57.99, 0.006, 160.12, 67.55);
insert into SHOT values (2852, 3185, 3186, 1494, 15.020, 296.13, -90.00, 15.020, 90.00, -90.00, 0.000, 296.13, 18.71);
insert into SHOT values (2853, 3186, 3187, 1494, 9.780, 287.13, -26.00, 9.781, 287.14, -26.01, 0.003, 14.94, -78.26);
insert into SHOT values (2854, 3187, 3188, 1494, 3.350, 196.13, -90.00, 3.350, 90.00, -90.00, 0.000, 196.13, 71.12);
insert into SHOT values (2855, 3188, 3189, 1494, 6.200, 196.13, -23.00, 6.195, 196.08, -22.99, 0.007, 67.56, 22.02);
insert into SHOT values (2856, 3189, 3190, 1494, 4.500, 327.13, -36.00, 4.506, 327.09, -36.02, 0.007, 297.00, -46.02);
insert into SHOT values (2857, 3190, 3191, 1494, 4.950, 308.13, -57.00, 4.947, 308.06, -57.02, 0.005, 172.72, 16.63);
insert into SHOT values (2858, 3190, 3192, 1494, 8.440, 232.13, -52.00, 8.439, 232.12, -52.00, 0.002, 100.93, 21.32);
insert into SHOT values (2859, 3191, 3193, 1494, 3.400, 314.13, -43.00, 3.398, 314.18, -43.07, 0.005, 107.37, -13.73);
insert into SHOT values (2860, 3193, 3194, 1494, 3.800, 350.13, 5.00, 3.801, 350.11, 4.98, 0.002, 289.82, -41.30);
insert into SHOT values (2861, 3194, 3195, 1494, 5.150, 12.13, -54.00, 5.144, 12.02, -53.96, 0.009, 274.78, 45.89);
insert into SHOT values (2862, 3195, 3196, 1494, 2.160, 275.13, -6.00, 2.162, 275.34, -6.11, 0.009, 356.74, -28.30);
insert into SHOT values (2863, 3196, 3197, 1494, 5.800, 298.13, -59.00, 5.795, 298.03, -59.06, 0.010, 153.17, 9.35);
insert into SHOT values (2864, 3197, 3198, 1494, 9.460, 285.13, -71.00, 9.455, 285.26, -71.00, 0.008, 27.20, 34.37);
insert into SHOT values (2865, 3198, 3199, 1494, 4.760, 217.13, -17.00, 4.764, 217.15, -17.09, 0.009, 245.90, -74.34);
insert into SHOT values (2866, 3199, 3200, 1494, 8.070, 264.13, -67.00, 8.063, 264.18, -66.96, 0.009, 305.21, 64.39);
insert into SHOT values (2867, 3200, 3201, 1494, 8.450, 340.13, -47.00, 8.450, 340.12, -47.00, 0.002, 274.24, -2.31);
insert into SHOT values (2868, 3201, 3202, 1494, 2.200, 270.13, 10.00, 2.193, 270.00, 9.98, 0.009, 127.34, -13.77);
insert into SHOT values (2869, 3202, 3203, 1494, 4.300, 8.13, 2.00, 4.305, 8.02, 2.00, 0.010, 306.37, -0.39);
insert into SHOT values (2870, 3203, 3204, 1494, 1.900, 54.13, -15.00, 1.899, 54.32, -14.96, 0.006, 152.56, 16.39);
insert into SHOT values (2871, 3204, 3205, 1494, 3.000, 347.13, -45.00, 3.007, 347.21, -45.10, 0.009, 51.01, -70.35);
insert into SHOT values (2872, 3205, 3206, 1494, 3.400, 307.13, -31.00, 3.397, 307.18, -31.00, 0.004, 78.42, 17.76);
insert into SHOT values (2873, 3206, 3207, 1494, 13.600, 266.13, -57.00, 13.595, 266.13, -56.99, 0.006, 151.23, 85.52);
insert into SHOT values (2874, 3207, 3208, 1494, 10.000, 16.13, -90.00, 10.000, 90.00, -90.00, 0.000, 16.13, 0.00);
insert into SHOT values (2875, 3208, 3209, 1494, 11.000, 16.13, -90.00, 11.000, 90.00, -90.00, 0.000, 16.13, 0.00);
insert into SHOT values (2876, 3209, 3210, 1494, 7.000, 254.13, 5.00, 7.003, 254.11, 5.00, 0.004, 214.60, -1.25);
insert into SHOT values (2877, 3210, 3211, 1494, 11.700, 226.13, -72.00, 11.702, 226.23, -72.01, 0.007, 328.16, -22.13);
insert into SHOT values (2878, 3211, 3212, 1494, 4.000, 170.13, -44.00, 4.004, 170.21, -43.97, 0.006, 210.69, -12.72);
insert into SHOT values (2879, 3212, 3213, 1494, 7.500, 196.13, 0.00, 7.494, 196.11, 0.00, 0.006, 40.34, 0.00);
insert into SHOT values (2880, 3213, 3214, 1494, 4.000, 16.13, -90.00, 4.000, 90.00, -90.00, 0.000, 16.13, 0.00);
insert into SHOT values (2881, 3214, 3215, 1494, 2.260, 197.13, -25.00, 2.259, 197.02, -24.87, 0.007, 127.91, 50.04);
insert into SHOT values (2882, 3215, 3216, 1494, 8.500, 246.13, -75.00, 8.499, 246.12, -75.01, 0.002, 85.25, 11.38);
insert into SHOT values (2883, 3216, 3217, 1494, 22.500, 195.13, 0.00, 22.502, 195.15, 0.00, 0.006, 268.16, 0.00);
insert into CENTRELINE values (1495, 1492, NULL, '2020-02-23', NULL, 176.25, 0.00, 0.00);
 insert into SHOT values (2884, 3217, 3218, 1495, 16.950, 214.59, -75.00, 16.957, 214.60, -75.01, 0.008, 28.78, -78.50);
insert into SHOT values (2885, 3218, 3219, 1495, 7.400, 26.59, -18.00, 7.395, 26.60, -17.96, 0.007, 190.25, 64.01);
insert into SHOT values (2886, 3219, 3220, 1495, 1.800, 348.59, -20.00, 1.802, 348.76, -20.12, 0.007, 66.48, -41.63);
insert into SHOT values (2887, 3220, 3221, 1495, 6.600, 16.59, -25.00, 6.599, 16.62, -25.01, 0.003, 145.58, -13.29);
insert into SHOT values (2888, 3221, 3222, 1495, 7.300, 24.59, -30.00, 7.301, 24.58, -30.00, 0.002, 324.18, 0.00);
insert into SHOT values (2889, 3222, 3223, 1495, 8.600, 64.59, -23.00, 8.601, 64.57, -23.00, 0.004, 348.34, 4.42);
insert into SHOT values (2890, 3223, 3224, 1495, 4.600, 334.59, -75.00, 4.595, 334.52, -75.05, 0.006, 171.72, 30.72);
insert into SHOT values (2891, 3224, 3225, 1495, 5.800, 24.59, -26.00, 5.799, 24.60, -25.98, 0.003, 100.84, 80.37);
insert into SHOT values (2892, 3225, 3226, 1495, 1.800, 324.59, -2.00, 1.808, 324.46, -2.22, 0.011, 295.89, -39.72);
insert into SHOT values (2893, 3226, 3227, 1495, 1.600, 352.59, -8.00, 1.598, 352.74, -7.91, 0.005, 105.96, 31.30);
insert into SHOT values (2894, 3227, 3228, 1495, 3.400, 214.59, -0.00, 3.401, 214.58, 0.00, 0.001, 161.74, 0.00);
insert into SHOT values (2895, 3228, 3229, 1495, 7.400, 14.59, -25.00, 7.401, 14.60, -25.02, 0.003, 154.97, -83.01);
insert into SHOT values (2896, 3229, 3230, 1495, 3.150, 302.59, -17.00, 3.150, 302.53, -16.98, 0.004, 217.29, 15.94);
insert into SHOT values (2897, 3230, 3231, 1495, 3.100, 20.59, -13.00, 3.102, 20.53, -13.04, 0.004, 315.23, -37.25);
insert into SHOT values (2898, 3231, 3232, 1495, 1.900, 295.59, -0.00, 1.896, 295.62, 0.00, 0.004, 102.37, 0.00);
insert into SHOT values (2899, 3232, 3233, 1495, 2.900, 219.59, -26.00, 2.900, 219.55, -25.97, 0.002, 140.14, 33.50);
insert into SHOT values (2900, 3233, 3234, 1495, 2.000, 326.59, -2.00, 2.001, 326.63, -2.00, 0.002, 17.99, -7.58);
insert into SHOT values (2901, 3234, 3235, 1495, 10.000, 352.59, -38.00, 10.001, 352.57, -37.95, 0.010, 322.94, 43.15);
insert into SHOT values (2902, 3235, 3236, 1495, 10.600, 50.59, -18.00, 10.602, 50.59, -18.02, 0.004, 60.61, -81.24);
insert into SHOT values (2903, 3236, 3237, 1495, 4.000, 79.59, -70.00, 4.002, 79.92, -69.96, 0.008, 148.11, -8.36);
insert into SHOT values (2904, 3237, 3238, 1495, 12.200, 357.59, -10.00, 12.206, 357.57, -10.00, 0.008, 316.61, -10.35);
insert into SHOT values (2905, 3238, 3239, 1495, 1.400, 319.59, -3.00, 1.392, 319.67, -2.88, 0.008, 126.39, 22.88);
insert into SHOT values (2906, 3239, 3240, 1495, 2.400, 269.59, -5.00, 2.399, 269.76, -5.02, 0.007, 6.63, -6.74);
insert into SHOT values (2907, 3240, 3241, 1495, 1.000, 2.59, -0.00, 0.991, 2.31, 0.00, 0.010, 210.36, 0.00);
insert into SHOT values (2908, 3241, 3242, 1495, 1.600, 314.59, -0.00, 1.605, 314.75, 0.00, 0.007, 354.52, 0.00);
insert into SHOT values (2909, 3242, 3243, 1495, 2.400, 32.59, -5.00, 2.398, 32.69, -5.02, 0.005, 154.30, -9.76);
insert into SHOT values (2910, 3243, 3244, 1495, 1.400, 239.59, -0.00, 1.403, 239.60, 0.00, 0.003, 240.85, 0.00);
insert into SHOT values (2911, 3244, 3245, 1495, 4.000, 34.59, -4.00, 4.007, 34.60, -4.01, 0.007, 40.70, -8.03);
insert into SHOT values (2912, 3245, 3246, 1495, 2.800, 314.59, -4.00, 2.800, 314.56, -3.89, 0.006, 223.49, 75.06);
insert into SHOT values (2913, 3246, 3247, 1495, 3.300, 69.59, -30.00, 3.302, 69.54, -29.98, 0.004, 22.44, -0.00);
insert into SHOT values (2914, 3247, 3248, 1495, 5.000, 344.59, -8.00, 4.999, 344.53, -8.05, 0.007, 233.55, -35.64);
insert into SHOT values (2915, 3248, 3249, 1495, 2.000, 9.59, -0.00, 1.999, 9.79, 0.00, 0.007, 106.90, 0.00);
insert into SHOT values (2916, 3249, 3250, 1495, 4.500, 256.59, -18.00, 4.506, 256.64, -17.97, 0.007, 288.25, 4.56);
insert into SHOT values (2917, 3250, 3251, 1495, 3.000, 24.59, -30.00, 2.998, 24.59, -30.03, 0.003, 208.29, 0.00);
insert into SHOT values (2918, 3251, 3252, 1495, 6.500, 299.59, -64.00, 6.496, 299.72, -64.03, 0.008, 69.90, 14.77);
insert into SHOT values (2919, 3252, 3253, 1495, 7.150, 20.59, -12.00, 7.154, 20.58, -12.02, 0.005, 359.92, -47.27);
insert into SHOT values (2920, 3253, 3254, 1495, 4.700, 64.59, -72.00, 4.699, 64.67, -72.04, 0.004, 211.65, -0.54);
insert into CENTRELINE values (1496, 1492, NULL, NULL, NULL, 215.76, 0.00, 0.00);
 insert into SHOT values (2921, 3254, 3255, 1496, 5.900, 356.13, -10.00, 5.902, 356.15, -9.95, 0.006, 33.51, 52.78);
insert into SHOT values (2922, 3255, 3256, 1496, 7.800, 346.13, -9.00, 7.792, 346.09, -9.01, 0.010, 200.61, 1.07);
insert into SHOT values (2923, 3256, 3257, 1496, 6.600, 346.13, -32.00, 6.606, 346.16, -31.99, 0.007, 13.94, -22.21);
insert into SHOT values (2924, 3257, 3258, 1496, 2.850, 236.13, -5.00, 2.851, 236.20, -5.03, 0.004, 310.40, -25.48);
insert into SHOT values (2925, 3258, 3259, 1496, 2.400, 313.13, -35.00, 2.391, 313.14, -34.96, 0.009, 131.10, 46.49);
insert into SHOT values (2926, 3259, 3260, 1496, 3.900, 350.13, -25.00, 3.899, 350.06, -25.03, 0.005, 241.61, -20.19);
insert into SHOT values (2927, 3260, 3261, 1496, 1.400, 31.13, -50.00, 1.400, 31.40, -49.87, 0.005, 93.54, 27.44);
insert into SHOT values (2928, 3261, 3262, 1496, 2.200, 351.13, -22.00, 2.207, 351.00, -22.09, 0.009, 309.42, -39.14);
insert into SHOT values (2929, 3262, 3263, 1496, 2.100, 316.13, 10.00, 2.098, 316.18, 10.16, 0.006, 107.23, 58.10);
insert into SHOT values (2930, 3263, 3264, 1496, 2.400, 38.13, 4.00, 2.398, 38.21, 3.83, 0.008, 152.74, -64.09);
insert into SHOT values (2931, 3264, 3265, 1496, 3.200, 336.13, -45.00, 3.200, 336.04, -44.93, 0.005, 279.68, 31.30);
insert into SHOT values (2932, 3265, 3266, 1496, 4.200, 284.13, -43.00, 4.198, 284.13, -42.94, 0.005, 269.88, 73.71);
insert into SHOT values (2933, 3266, 3267, 1496, 4.200, 99.13, -10.00, 4.205, 99.03, -10.00, 0.009, 43.85, -4.30);
insert into SHOT values (2934, 3267, 3268, 1496, 9.600, 306.13, -8.00, 9.599, 306.10, -8.02, 0.007, 199.37, -33.54);
insert into SHOT values (2935, 3268, 3269, 1496, 3.000, 78.13, -38.00, 3.000, 78.02, -38.08, 0.006, 317.64, -30.11);
insert into SHOT values (2936, 3269, 3270, 1496, 9.000, 334.13, -4.00, 9.002, 334.12, -3.95, 0.008, 296.51, 67.09);
insert into SHOT values (2937, 3270, 3271, 1496, 3.200, 338.13, 0.00, 3.200, 338.17, 0.00, 0.002, 82.52, 0.00);
insert into SHOT values (2938, 3271, 3272, 1496, 8.500, 301.13, -55.00, 8.504, 301.15, -55.04, 0.008, 101.95, -65.51);
insert into SHOT values (2939, 3272, 3273, 1496, 3.700, 281.13, -18.00, 3.697, 281.15, -17.96, 0.004, 78.07, 50.69);
insert into SHOT values (2940, 3273, 3274, 1496, 3.400, 291.13, -12.00, 3.405, 290.94, -12.04, 0.012, 221.46, -14.47);
insert into SHOT values (2941, 3274, 3275, 1496, 3.800, 99.13, -22.00, 3.799, 98.98, -21.95, 0.010, 8.42, 20.62);
insert into SHOT values (2942, 3275, 3276, 1496, 8.350, 308.13, -14.00, 8.346, 308.13, -14.01, 0.004, 134.51, 0.68);
insert into SHOT values (2943, 3276, 3277, 1496, 2.150, 349.13, -15.00, 2.151, 349.18, -15.09, 0.004, 71.92, -65.37);
insert into SHOT values (2944, 3277, 3278, 1496, 4.550, 326.13, -15.00, 4.549, 326.13, -14.90, 0.008, 312.32, 81.87);
insert into SHOT values (2945, 3278, 3279, 1496, 1.500, 320.13, 0.00, 1.498, 320.15, 0.00, 0.002, 130.42, 0.00);
insert into SHOT values (2946, 3279, 3280, 1496, 4.200, 299.13, -13.00, 4.205, 299.07, -13.06, 0.008, 246.82, -41.83);
insert into SHOT values (2947, 3280, 3281, 1496, 2.750, 91.13, 10.00, 2.753, 91.06, 10.04, 0.005, 33.17, 30.33);
insert into SHOT values (2948, 3281, 3282, 1496, 2.500, 326.13, -10.00, 2.496, 326.12, -10.15, 0.008, 154.80, -51.14);
insert into SHOT values (2949, 3282, 3283, 1496, 1.600, 16.13, 4.00, 1.597, 16.04, 4.31, 0.010, 227.08, 60.37);
insert into SHOT values (2950, 3283, 3284, 1496, 1.700, 299.13, -18.00, 1.701, 299.26, -18.16, 0.006, 38.06, -51.82);
insert into SHOT values (2951, 3284, 3285, 1496, 2.500, 326.13, -22.00, 2.505, 326.24, -22.04, 0.007, 18.04, -31.86);
insert into SHOT values (2952, 3285, 3286, 1496, 1.750, 346.13, -8.00, 1.748, 345.96, -7.89, 0.006, 242.13, 34.04);
insert into SHOT values (2953, 3286, 3287, 1496, 1.500, 331.13, -16.00, 1.494, 331.29, -15.93, 0.008, 113.97, 27.28);
insert into SHOT values (2954, 3287, 3288, 1496, 7.750, 6.13, 8.00, 7.750, 6.13, 8.01, 0.002, 168.92, 64.52);
insert into SHOT values (2955, 3288, 3289, 1496, 3.160, 334.13, -8.00, 3.166, 334.09, -7.99, 0.006, 312.11, -1.91);
insert into SHOT values (2956, 3289, 3290, 1496, 2.100, 256.13, -8.00, 2.102, 256.10, -8.20, 0.008, 213.64, -76.23);
insert into SHOT values (2957, 3290, 3291, 1496, 2.200, 291.13, -18.00, 2.197, 291.04, -18.03, 0.005, 159.61, -2.01);
insert into SHOT values (2958, 3291, 3292, 1496, 2.000, 99.13, -12.00, 1.997, 99.13, -11.85, 0.006, 288.55, 74.83);
insert into SHOT values (2959, 3292, 3293, 1496, 2.300, 316.13, 0.00, 2.299, 316.23, 0.00, 0.004, 64.81, 0.00);
insert into SHOT values (2960, 3293, 3294, 1496, 2.300, 51.13, -5.00, 2.298, 51.03, -4.99, 0.005, 298.97, 5.77);
insert into SHOT values (2961, 3294, 3295, 1496, 2.800, 351.13, -10.00, 2.796, 351.22, -10.09, 0.008, 131.68, -29.20);
insert into SHOT values (2962, 3295, 3296, 1496, 2.000, 152.13, -8.00, 1.997, 152.27, -8.06, 0.006, 278.46, -15.86);
insert into SHOT values (2963, 3296, 3297, 1496, 4.700, 341.13, -12.00, 4.696, 341.21, -11.92, 0.010, 92.39, 47.10);
insert into SHOT values (2964, 3297, 3298, 1496, 3.300, 276.13, -6.00, 3.307, 276.11, -6.07, 0.009, 264.95, -36.29);
insert into SHOT values (2965, 3298, 3299, 1496, 3.750, 336.13, -8.00, 3.752, 336.19, -7.97, 0.005, 32.29, 21.58);
insert into SHOT values (2966, 3299, 3300, 1496, 4.800, 42.13, -10.00, 4.804, 42.09, -10.07, 0.008, 345.41, -54.82);
insert into SHOT values (2967, 3300, 3301, 1496, 1.750, 326.13, 0.00, 1.745, 326.22, 0.00, 0.006, 120.47, 0.00);
insert into SHOT values (2968, 3301, 3302, 1496, 1.950, 231.13, 0.00, 1.949, 231.25, 0.00, 0.004, 334.73, 0.00);
insert into SHOT values (2969, 3302, 3303, 1496, 3.200, 356.13, -8.00, 3.198, 356.02, -7.91, 0.008, 255.32, 39.57);
insert into SHOT values (2970, 3303, 3304, 1496, 10.800, 306.13, -18.00, 10.793, 306.12, -18.03, 0.009, 138.90, -16.64);
insert into SHOT values (2971, 3304, 3305, 1496, 5.700, 6.13, -4.00, 5.707, 6.15, -4.02, 0.007, 21.69, -19.05);
insert into SHOT values (2972, 3305, 3306, 1496, 6.950, 276.13, -25.00, 6.953, 276.10, -24.92, 0.011, 248.07, 42.81);
insert into SHOT values (2973, 3306, 3307, 1496, 4.000, 96.13, -45.00, 4.006, 96.07, -44.94, 0.008, 74.45, -11.05);
insert into SHOT values (2974, 3307, 3308, 1496, 5.300, 285.13, -22.00, 5.307, 285.08, -22.02, 0.008, 245.85, -33.49);
insert into SHOT values (2975, 3308, 3309, 1496, 2.900, 91.13, 20.00, 2.908, 91.05, 20.11, 0.011, 54.53, 50.72);
insert into SHOT values (2976, 3309, 3310, 1496, 1.650, 346.13, 0.00, 1.649, 345.96, 0.00, 0.005, 247.19, 0.00);
insert into CENTRELINE values (1497, 1492, NULL, NULL, NULL, 161.00, 0.00, 0.00);
 insert into SHOT values (2977, 3311, 3310, 1497, 3.800, 16.13, 90.00, 3.800, 90.00, 90.00, 0.000, 16.13, 41.03);
insert into SHOT values (2978, 3312, 3311, 1497, 2.900, 186.13, 12.00, 2.901, 186.07, 12.14, 0.008, 82.59, 66.55);
insert into SHOT values (2979, 3313, 3312, 1497, 3.300, 233.63, 11.00, 3.301, 233.66, 11.00, 0.002, 297.75, 10.62);
insert into SHOT values (2980, 3314, 3313, 1497, 2.300, 177.13, 4.00, 2.298, 177.25, 3.99, 0.005, 287.70, -5.01);
insert into SHOT values (2981, 3315, 3314, 1497, 3.300, 137.13, -1.00, 3.305, 137.08, -1.04, 0.006, 107.66, -23.25);
insert into SHOT values (2982, 3316, 3315, 1497, 5.400, 218.13, 2.00, 5.401, 218.23, 2.02, 0.009, 303.09, 9.63);
insert into SHOT values (2983, 3317, 3316, 1497, 2.700, 248.13, 14.00, 2.700, 248.04, 13.93, 0.005, 162.92, -35.78);
insert into SHOT values (2984, 3318, 3317, 1497, 2.600, 156.13, 33.00, 2.602, 155.90, 33.08, 0.010, 62.14, 24.32);
insert into SHOT values (2985, 3319, 3318, 1497, 3.600, 80.13, 27.00, 3.598, 80.13, 26.94, 0.004, 331.09, -85.32);
insert into SHOT values (2986, 3320, 3319, 1497, 5.400, 180.13, 49.00, 5.408, 180.16, 48.97, 0.009, 193.89, 31.31);
insert into SHOT values (2987, 3321, 3320, 1497, 1.800, 163.13, 6.00, 1.797, 163.09, 6.07, 0.004, 10.45, 30.19);
insert into SHOT values (2988, 3322, 3321, 1497, 5.100, 196.13, 14.00, 5.097, 196.20, 13.96, 0.007, 306.06, -31.56);
insert into SHOT values (2989, 3323, 3322, 1497, 1.900, 163.13, 6.00, 1.902, 163.10, 6.04, 0.003, 134.69, 29.99);
insert into SHOT values (2990, 3324, 3323, 1497, 2.500, 224.13, 8.00, 2.500, 224.02, 8.05, 0.005, 129.08, 22.57);
insert into SHOT values (2991, 3325, 3324, 1497, 5.300, 173.13, 10.00, 5.297, 173.17, 10.00, 0.005, 296.35, -4.19);
insert into SHOT values (2992, 3326, 3325, 1497, 3.500, 208.13, 11.00, 3.499, 208.13, 10.87, 0.008, 186.69, -88.51);
insert into SHOT values (2993, 3327, 3326, 1497, 3.100, 127.13, 6.00, 3.102, 127.09, 6.11, 0.006, 62.29, 68.38);
insert into SHOT values (2994, 3328, 3327, 1497, 3.700, 178.13, 4.00, 3.701, 178.14, 4.03, 0.002, 195.92, 61.97);
insert into SHOT values (2995, 3329, 3328, 1497, 2.600, 199.13, 25.00, 2.603, 199.05, 25.00, 0.005, 148.30, 15.10);
insert into SHOT values (2996, 3330, 3329, 1497, 5.500, 151.13, 35.00, 5.491, 151.16, 35.00, 0.009, 317.12, -31.90);
insert into SHOT values (2997, 3331, 3330, 1497, 1.600, 16.13, -90.00, 1.600, 90.00, -90.00, 0.000, 16.13, 45.94);
insert into SHOT values (2998, 3332, 3331, 1497, 3.500, 165.13, 1.00, 3.508, 165.13, 0.98, 0.008, 164.75, -7.74);
insert into SHOT values (2999, 3333, 3332, 1497, 2.000, 209.13, 1.00, 1.993, 209.14, 1.15, 0.009, 27.60, 33.88);
insert into SHOT values (3000, 3334, 3333, 1497, 1.600, 238.13, 0.00, 1.604, 237.99, 0.00, 0.005, 192.46, 0.00);
insert into SHOT values (3001, 3335, 3334, 1497, 2.400, 138.13, 1.00, 2.394, 138.05, 0.96, 0.007, 347.58, -14.77);
insert into SHOT values (3002, 3336, 3335, 1497, 2.600, 167.13, 0.00, 2.605, 167.14, 0.00, 0.005, 169.39, 0.00);
insert into SHOT values (3003, 3337, 3336, 1497, 2.000, 135.13, 7.00, 2.001, 135.20, 6.89, 0.005, 187.76, -50.23);
insert into SHOT values (3004, 3338, 3337, 1497, 2.700, 168.13, 6.00, 2.692, 168.14, 5.97, 0.008, 344.23, -15.33);
insert into SHOT values (3005, 3339, 3338, 1497, 1.500, 121.13, 0.00, 1.499, 121.36, 0.00, 0.006, 221.54, 0.00);
insert into SHOT values (3006, 3340, 3339, 1497, 5.300, 109.13, 12.00, 5.304, 109.13, 12.08, 0.008, 111.49, 73.82);
insert into SHOT values (3007, 3341, 3340, 1497, 3.700, 139.13, 28.00, 3.698, 139.09, 27.89, 0.007, 77.95, -70.59);
insert into SHOT values (3008, 3342, 3341, 1497, 5.900, 177.13, 32.00, 5.904, 177.14, 32.01, 0.004, 186.15, 51.18);
insert into SHOT values (3009, 3343, 3342, 1497, 3.100, 221.13, 17.00, 3.099, 221.17, 17.08, 0.005, 1.77, 51.85);
insert into SHOT values (3010, 3344, 3343, 1497, 3.000, 162.13, 32.00, 2.999, 162.14, 32.02, 0.002, 337.93, 8.87);
insert into SHOT values (3011, 3345, 3344, 1497, 1.000, 16.13, -10.00, 1.004, 15.87, -10.33, 0.008, 317.51, -49.69);
insert into SHOT values (3012, 3346, 3345, 1497, 5.400, 180.13, 1.00, 5.401, 180.11, 1.06, 0.006, 108.55, 65.45);
insert into SHOT values (3013, 3347, 3346, 1497, 2.500, 92.13, 4.00, 2.498, 92.30, 3.90, 0.009, 196.87, -30.28);
insert into SHOT values (3014, 3348, 3347, 1497, 3.400, 202.13, 1.00, 3.391, 202.18, 1.01, 0.009, 4.82, 4.20);
insert into SHOT values (3015, 3349, 3348, 1497, 2.800, 162.13, 3.00, 2.809, 162.15, 3.06, 0.010, 166.47, 21.14);
insert into SHOT values (3016, 3350, 3349, 1497, 1.900, 209.13, 8.00, 1.893, 209.02, 7.89, 0.008, 59.73, -32.61);
insert into SHOT values (3017, 3351, 3350, 1497, 1.500, 122.13, 0.00, 1.501, 122.21, 0.00, 0.002, 186.01, 0.00);
insert into SHOT values (3018, 3352, 3351, 1497, 13.400, 164.13, 2.00, 13.398, 164.14, 2.01, 0.003, 316.39, 47.31);
insert into SHOT values (3019, 3353, 3352, 1497, 10.500, 5.13, -10.00, 10.500, 5.10, -9.98, 0.006, 280.95, 32.65);
insert into SHOT values (3020, 3354, 3352, 1497, 7.400, 178.13, 22.00, 7.401, 178.16, 21.98, 0.005, 235.28, -25.60);
insert into CENTRELINE values (1498, 1492, NULL, NULL, NULL, 66.00, 0.00, 0.00);
 insert into SHOT values (3021, 3355, 3356, 1498, 2.000, 16.13, -90.00, 2.000, 90.00, -90.00, 0.000, 16.13, 0.00);
insert into SHOT values (3022, 3356, 3357, 1498, 6.000, 99.13, -58.00, 6.002, 99.23, -58.00, 0.006, 171.61, -17.56);
insert into SHOT values (3023, 3357, 3358, 1498, 2.000, 35.13, -28.00, 2.007, 35.12, -27.93, 0.007, 33.04, -8.67);
insert into SHOT values (3024, 3358, 3359, 1498, 5.000, 90.13, -33.00, 4.995, 90.14, -32.99, 0.005, 264.93, 43.60);
insert into SHOT values (3025, 3359, 3360, 1498, 2.000, 38.13, -18.00, 1.993, 38.14, -18.12, 0.008, 216.24, -14.41);
insert into SHOT values (3026, 3360, 3361, 1498, 2.000, 99.13, -24.00, 2.004, 99.10, -23.84, 0.007, 90.05, 29.78);
insert into SHOT values (3027, 3361, 3362, 1498, 3.000, 167.13, -19.00, 2.996, 167.14, -19.09, 0.006, 342.40, -30.54);
insert into SHOT values (3028, 3362, 3363, 1498, 5.000, 49.13, -12.00, 5.001, 49.14, -12.00, 0.002, 92.42, -16.40);
insert into SHOT values (3029, 3363, 3364, 1498, 3.000, 77.13, -11.00, 3.000, 77.05, -10.95, 0.005, 347.48, 29.50);
insert into SHOT values (3030, 3364, 3365, 1498, 1.000, 174.13, -10.00, 1.001, 174.17, -10.36, 0.006, 242.45, -83.18);
insert into SHOT values (3031, 3365, 3366, 1498, 4.000, 148.13, -21.00, 4.005, 148.22, -20.92, 0.009, 190.32, 21.79);
insert into SHOT values (3032, 3366, 3367, 1498, 2.000, 222.13, 1.00, 1.997, 222.16, 1.15, 0.006, 26.73, 56.93);
insert into SHOT values (3033, 3367, 3368, 1498, 2.000, 260.13, -24.00, 2.002, 260.23, -24.18, 0.007, 1.16, -64.54);
insert into SHOT values (3034, 3368, 3369, 1498, 2.000, 179.13, -32.00, 2.004, 178.99, -31.94, 0.006, 133.47, -1.55);
insert into SHOT values (3035, 3369, 3370, 1498, 2.000, 217.13, -54.00, 1.998, 217.36, -54.16, 0.007, 357.19, -15.23);
insert into SHOT values (3036, 3370, 3186, 1498, 23.000, 228.13, -61.00, 22.999, 228.12, -60.97, 0.012, 218.01, 31.72);
insert into SURVEY values (1500, 1467, 'PozoAlRato', 'PozoAlRato.209.UltimaPatagonia', 'Pozo Al Rato (Later On)');
 insert into CENTRELINE values (1501, 1500, NULL, NULL, NULL, 0.00, 0.00, 0.00);
 insert into CENTRELINE values (1502, 1500, NULL, NULL, NULL, 128.11, 0.00, 0.00);
 insert into SHOT values (3037, 3371, 3372, 1502, 4.500, 116.13, 50.00, 4.500, 116.30, 50.06, 0.010, 228.92, 17.10);
insert into SHOT values (3038, 3372, 3373, 1502, 12.100, 135.13, 28.00, 12.100, 135.11, 28.00, 0.004, 57.01, -9.59);
insert into SHOT values (3039, 3373, 3374, 1502, 20.810, 136.13, 90.00, 20.810, 90.00, 90.00, 0.000, 136.13, 2.80);
insert into SHOT values (3040, 3374, 3375, 1502, 22.300, 136.13, 90.00, 22.300, 90.00, 90.00, 0.000, 136.13, 7.79);
insert into SHOT values (3041, 3375, 3376, 1502, 10.400, 136.13, 90.00, 10.400, 90.00, 90.00, 0.000, 136.13, -32.45);
insert into SHOT values (3042, 3376, 3377, 1502, 21.300, 136.13, 90.00, 21.300, 90.00, 90.00, 0.000, 136.13, 8.16);
insert into SHOT values (3043, 3377, 3378, 1502, 7.300, 146.13, 83.00, 7.305, 145.95, 82.98, 0.006, 107.11, 44.96);
insert into SHOT values (3044, 3378, 3379, 1502, 4.900, 146.13, 90.00, 4.900, 90.00, 90.00, 0.000, 146.13, -53.47);
insert into SHOT values (3045, 3379, 3380, 1502, 5.800, 146.13, 90.00, 5.800, 90.00, 90.00, 0.000, 146.13, 29.69);
insert into SHOT values (3046, 3380, 3381, 1502, 6.200, 352.13, 71.00, 6.198, 352.03, 70.98, 0.004, 277.34, -30.69);
insert into SHOT values (3047, 3381, 3382, 1502, 12.500, 352.13, 90.00, 12.500, 90.00, 90.00, 0.000, 352.13, 0.00);
insert into SURVEY values (1504, 1467, 'PozoDeLosCinquetenos', 'PozoDeLosCinquetenos.209.UltimaPatagonia', 'Pozo De Los Cinquetenos');
 insert into CENTRELINE values (1505, 1504, NULL, NULL, NULL, 0.00, 0.00, 0.00);
 insert into CENTRELINE values (1506, 1504, NULL, NULL, NULL, 113.20, 0.00, 0.00);
 insert into SHOT values (3048, 3383, 3384, 1506, 3.000, 16.13, 90.00, 3.000, 90.00, 90.00, 0.000, 16.13, 0.00);
insert into SHOT values (3049, 3384, 3385, 1506, 2.000, 106.13, 0.00, 2.000, 106.26, 0.00, 0.004, 196.20, 0.00);
insert into SHOT values (3050, 3385, 3386, 1506, 3.000, 106.13, 90.00, 3.000, 90.00, 90.00, 0.000, 106.13, 0.00);
insert into SHOT values (3051, 3386, 3387, 1506, 6.000, 106.13, 0.00, 6.004, 106.05, 0.00, 0.010, 41.20, 0.00);
insert into SHOT values (3052, 3387, 3388, 1506, 7.300, 106.13, 90.00, 7.300, 90.00, 90.00, 0.000, 106.13, 24.37);
insert into SHOT values (3053, 3388, 3389, 1506, 6.500, 273.13, 45.00, 6.503, 273.12, 45.02, 0.004, 210.01, 70.51);
insert into SHOT values (3054, 3389, 3390, 1506, 9.600, 214.13, 13.00, 9.599, 214.15, 13.00, 0.003, 332.09, 8.89);
insert into SHOT values (3055, 3390, 3391, 1506, 8.200, 151.13, 23.00, 8.196, 151.16, 22.98, 0.006, 272.80, -44.05);
insert into SHOT values (3056, 3391, 3392, 1506, 18.000, 96.13, 72.00, 18.001, 96.19, 72.00, 0.006, 184.69, 9.61);
insert into SHOT values (3057, 3392, 3393, 1506, 8.700, 36.13, 82.00, 8.695, 36.30, 81.96, 0.008, 70.94, -39.84);
insert into SHOT values (3058, 3393, 3394, 1506, 10.600, 86.13, 68.00, 10.601, 86.10, 68.01, 0.003, 320.59, 33.32);
insert into SHOT values (3059, 3394, 3395, 1506, 17.800, 97.13, 73.00, 17.806, 97.18, 73.02, 0.010, 225.95, 54.79);
insert into SHOT values (3060, 3395, 3396, 1506, 12.500, 264.13, -20.00, 12.497, 264.13, -20.03, 0.007, 80.50, -45.38);
insert into SURVEY values (1508, 1467, 'CuevaTorseOublie', 'CuevaTorseOublie.209.UltimaPatagonia', 'Cueva du Torse Oublie');
 insert into CENTRELINE values (1509, 1508, NULL, NULL, NULL, 0.00, 0.00, 0.00);
 insert into CENTRELINE values (1510, 1508, NULL, NULL, NULL, 78.00, 0.00, 0.00);
 insert into SHOT values (3061, 3397, 3398, 1510, 21.000, 114.13, 33.00, 21.002, 114.16, 33.00, 0.010, 196.84, 14.86);
insert into SHOT values (3062, 3398, 3399, 1510, 12.000, 99.13, 63.00, 11.998, 99.08, 62.99, 0.005, 14.05, -23.28);
insert into SHOT values (3063, 3399, 3400, 1510, 24.000, 16.13, 90.00, 24.000, 90.00, 90.00, 0.000, 16.13, 0.00);
insert into SHOT values (3064, 3400, 3401, 1510, 12.000, 305.13, 77.00, 11.996, 305.17, 77.04, 0.009, 114.19, -16.25);
insert into SHOT values (3065, 3401, 3402, 1510, 9.000, 226.13, 85.00, 9.004, 226.55, 85.00, 0.007, 308.60, 36.48);
insert into SURVEY values (1512, 1467, 'PerteDesSabliers', 'PerteDesSabliers.209.UltimaPatagonia', 'PerteDesSabliers');
 insert into CENTRELINE values (1513, 1512, NULL, NULL, NULL, 0.00, 0.00, 0.00);
 insert into CENTRELINE values (1514, 1512, NULL, NULL, NULL, 145.56, 0.00, 0.00);
 insert into SHOT values (3066, 3403, 3404, 1514, 4.200, 246.13, 20.00, 4.199, 246.23, 20.05, 0.008, 353.43, 26.77);
insert into SHOT values (3067, 3404, 3405, 1514, 8.150, 200.13, 14.00, 8.154, 200.11, 13.98, 0.006, 160.65, -16.57);
insert into SHOT values (3068, 3405, 3406, 1514, 4.900, 204.13, 21.00, 4.897, 204.15, 21.06, 0.006, 3.62, 40.10);
insert into SHOT values (3069, 3406, 3407, 1514, 4.800, 161.13, 14.00, 4.800, 161.21, 13.98, 0.007, 245.19, -10.31);
insert into SHOT values (3070, 3407, 3408, 1514, 3.340, 192.13, 23.00, 3.332, 192.04, 22.97, 0.010, 46.74, -30.72);
insert into SHOT values (3071, 3408, 3409, 1514, 1.840, 176.13, -5.00, 1.841, 176.25, -4.99, 0.004, 252.06, 5.48);
insert into SHOT values (3072, 3406, 3410, 1514, 3.840, 238.13, 5.00, 3.841, 238.14, 4.93, 0.005, 253.13, -74.93);
insert into SHOT values (3073, 3410, 3411, 1514, 2.850, 335.13, 61.00, 2.846, 335.11, 61.04, 0.005, 163.95, -35.44);
insert into SHOT values (3074, 3411, 3412, 1514, 7.420, 327.13, -27.00, 7.422, 327.15, -26.92, 0.011, 343.43, 49.67);
insert into SHOT values (3075, 3410, 3413, 1514, 4.700, 248.13, 6.00, 4.701, 248.15, 5.98, 0.003, 295.19, -29.32);
insert into SHOT values (3076, 3413, 3414, 1514, 1.570, 180.13, 7.00, 1.572, 180.00, 6.94, 0.004, 115.33, -18.50);
insert into SHOT values (3077, 3414, 3415, 1514, 0.980, 210.13, 0.00, 0.981, 209.96, 0.00, 0.003, 141.09, 0.00);
insert into SHOT values (3078, 3415, 3416, 1514, 1.650, 128.13, 22.00, 1.646, 128.07, 22.13, 0.006, 324.21, 18.30);
insert into SHOT values (3079, 3416, 3417, 1514, 2.470, 241.13, -56.00, 2.473, 241.03, -55.99, 0.004, 187.60, -35.41);
insert into SHOT values (3080, 3417, 3418, 1514, 3.940, 208.13, -3.00, 3.942, 208.19, -2.91, 0.008, 267.16, 52.33);
insert into SHOT values (3081, 3418, 3419, 1514, 3.810, 136.13, 24.00, 3.816, 136.05, 23.97, 0.008, 94.82, 2.39);
insert into SHOT values (3082, 3419, 3420, 1514, 2.020, 301.13, 18.00, 2.022, 300.96, 17.86, 0.008, 239.58, -33.17);
insert into SHOT values (3083, 3420, 3421, 1514, 4.760, 186.13, 28.00, 4.755, 186.16, 28.11, 0.010, 353.41, 31.02);
insert into SHOT values (3084, 3421, 3422, 1514, 8.000, 16.13, 90.00, 8.000, 90.00, 90.00, 0.000, 16.13, 0.00);
insert into SHOT values (3085, 3422, 3423, 1514, 1.840, 226.13, 50.00, 1.839, 226.03, 50.05, 0.003, 98.02, 10.01);
insert into SHOT values (3086, 3423, 3424, 1514, 2.130, 151.13, -20.00, 2.138, 151.14, -19.96, 0.008, 152.79, -10.52);
insert into SHOT values (3087, 3424, 3425, 1514, 2.440, 222.13, 35.00, 2.438, 222.16, 35.04, 0.002, 20.61, 11.15);
insert into SHOT values (3088, 3425, 3426, 1514, 1.960, 167.13, 7.00, 1.963, 167.25, 7.02, 0.005, 223.02, 13.49);
insert into SHOT values (3089, 3426, 3427, 1514, 4.600, 210.13, 41.00, 4.592, 210.11, 40.96, 0.009, 47.80, -64.48);
insert into SHOT values (3090, 3427, 3428, 1514, 2.580, 226.13, 33.00, 2.583, 226.12, 33.09, 0.005, 184.38, 83.78);
insert into SHOT values (3091, 3428, 3429, 1514, 7.320, 191.13, 70.00, 7.320, 191.31, 70.04, 0.009, 314.43, 8.91);
insert into SHOT values (3092, 3429, 3430, 1514, 5.020, 233.13, 28.00, 5.013, 233.08, 27.96, 0.009, 96.76, -48.00);
insert into SHOT values (3093, 3430, 3431, 1514, 4.560, 188.13, -1.00, 4.567, 188.18, -1.00, 0.008, 217.49, -2.89);
insert into SHOT values (3094, 3431, 3432, 1514, 2.540, 136.13, 6.00, 2.539, 136.12, 6.10, 0.005, 334.53, 73.93);
insert into SHOT values (3095, 3432, 3433, 1514, 3.570, 164.13, 9.00, 3.570, 164.03, 9.02, 0.006, 74.07, 13.91);
insert into SHOT values (3096, 3433, 3434, 1514, 3.200, 111.13, -10.00, 3.203, 111.19, -10.07, 0.006, 171.85, -48.12);
insert into SHOT values (3097, 3434, 3435, 1514, 7.610, 196.13, 23.00, 7.614, 196.16, 23.04, 0.007, 257.26, 60.74);
insert into SHOT values (3098, 3435, 3436, 1514, 3.790, 195.13, 41.00, 3.786, 195.20, 40.93, 0.007, 289.46, -61.59);
insert into SHOT values (3099, 3436, 3437, 1514, 3.520, 134.13, -13.00, 3.513, 134.05, -13.00, 0.009, 348.60, 12.28);
insert into SHOT values (3100, 3437, 3438, 1514, 5.630, 189.13, -3.00, 5.638, 189.09, -2.95, 0.010, 165.25, 26.59);
insert into SHOT values (3101, 3436, 3439, 1514, 8.010, 199.13, 60.00, 8.010, 199.11, 60.04, 0.006, 35.17, 34.19);
insert into CENTRELINE values (1515, 1512, NULL, NULL, NULL, 55.57, 0.00, 0.00);
 insert into SHOT values (3102, 3440, 3441, 1515, 6.790, 171.63, 69.50, 6.789, 171.53, 69.52, 0.005, 56.79, -0.05);
insert into SHOT values (3103, 3441, 3442, 1515, 4.460, 165.13, 7.10, 4.461, 165.21, 7.08, 0.006, 247.05, -11.76);
insert into SHOT values (3104, 3442, 3443, 1515, 1.900, 158.33, 20.80, 1.903, 158.20, 20.94, 0.007, 80.96, 51.20);
insert into SHOT values (3105, 3443, 3444, 1515, 3.510, 189.43, -11.50, 3.508, 189.54, -11.51, 0.007, 295.67, -1.79);
insert into SHOT values (3106, 3444, 3445, 1515, 4.880, 192.43, 7.60, 4.885, 192.40, 7.53, 0.008, 167.56, -39.99);
insert into SHOT values (3107, 3445, 3446, 1515, 3.150, 262.83, -17.20, 3.144, 262.92, -17.21, 0.008, 45.87, 10.72);
insert into SHOT values (3108, 3446, 3447, 1515, 4.390, 293.83, 5.20, 4.392, 293.87, 5.22, 0.004, 345.98, 30.82);
insert into SHOT values (3109, 3447, 3448, 1515, 4.550, 188.43, 4.30, 4.552, 188.49, 4.28, 0.005, 248.17, -12.99);
insert into SHOT values (3110, 3448, 3449, 1515, 1.900, 213.13, 5.00, 1.902, 212.94, 5.13, 0.008, 137.60, 33.15);
insert into SHOT values (3111, 3449, 3450, 1515, 2.010, 205.13, 0.00, 2.013, 205.29, 0.00, 0.006, 267.36, 0.00);
insert into SHOT values (3112, 3450, 3451, 1515, 2.510, 305.63, -6.00, 2.515, 305.72, -6.16, 0.010, 348.89, -52.63);
insert into SHOT values (3113, 3451, 3452, 1515, 1.700, 0.83, 0.00, 1.700, 1.01, 0.00, 0.005, 88.06, 0.00);
insert into SHOT values (3114, 3452, 3453, 1515, 3.030, 342.93, 3.50, 3.030, 342.88, 3.60, 0.006, 243.93, 62.35);
insert into SHOT values (3115, 3453, 3454, 1515, 7.530, 267.93, 0.50, 7.525, 267.94, 0.46, 0.008, 71.20, -48.33);
insert into SHOT values (3116, 3454, 3403, 1515, 3.260, 293.23, 6.30, 3.259, 293.08, 6.34, 0.009, 196.60, 14.85);
insert into CENTRELINE values (1516, 1512, NULL, NULL, NULL, 94.64, 0.00, 0.00);
 insert into SHOT values (3117, 3440, 3455, 1516, 2.670, 326.63, -9.60, 2.671, 326.61, -9.48, 0.006, 303.34, 65.05);
insert into SHOT values (3118, 3455, 3456, 1516, 2.190, 23.73, -4.00, 2.191, 23.75, -4.19, 0.007, 83.58, -84.11);
insert into SHOT values (3119, 3456, 3457, 1516, 1.880, 38.63, -6.30, 1.882, 38.71, -6.10, 0.007, 85.28, 61.85);
insert into SHOT values (3120, 3457, 3458, 1516, 1.880, 307.63, 0.50, 1.882, 307.66, 0.30, 0.007, 330.44, -69.13);
insert into SHOT values (3121, 3458, 3459, 1516, 2.390, 51.83, 2.10, 2.388, 51.98, 2.16, 0.007, 159.46, 20.91);
insert into SHOT values (3122, 3459, 3460, 1516, 2.410, 344.33, -0.20, 2.409, 344.35, -0.24, 0.002, 118.29, -59.49);
insert into SHOT values (3123, 3460, 3461, 1516, 1.840, 55.13, -0.90, 1.845, 54.93, -0.93, 0.008, 3.53, -7.58);
insert into SHOT values (3124, 3461, 3462, 1516, 4.910, 347.53, -5.20, 4.906, 347.47, -5.15, 0.008, 224.25, 38.64);
insert into SHOT values (3125, 3462, 3463, 1516, 2.630, 74.63, -17.50, 2.632, 74.52, -17.46, 0.006, 14.88, 8.90);
insert into SHOT values (3126, 3463, 3464, 1516, 2.340, 49.43, -3.20, 2.337, 49.35, -3.19, 0.005, 276.81, 7.35);
insert into SHOT values (3127, 3464, 3465, 1516, 4.800, 352.43, 33.70, 4.790, 352.50, 33.73, 0.011, 145.55, -17.33);
insert into SHOT values (3128, 3465, 3466, 1516, 3.900, 353.13, 3.70, 3.906, 353.08, 3.67, 0.008, 322.52, -12.40);
insert into SHOT values (3129, 3466, 3467, 1516, 2.050, 41.63, -15.60, 2.044, 41.71, -15.61, 0.006, 196.88, 12.04);
insert into SHOT values (3130, 3467, 3468, 1516, 2.900, 358.13, -8.60, 2.903, 358.20, -8.52, 0.006, 39.79, 34.20);
insert into SHOT values (3131, 3468, 3469, 1516, 10.940, 6.63, -71.80, 10.946, 6.56, -71.83, 0.010, 228.85, -49.71);
insert into SHOT values (3132, 3469, 3470, 1516, 22.560, 354.73, -79.60, 22.552, 354.79, -79.58, 0.011, 39.58, 57.03);
insert into SHOT values (3133, 3470, 3471, 1516, 10.420, 351.53, -30.90, 10.422, 351.51, -30.95, 0.010, 224.04, -60.79);
insert into SHOT values (3134, 3471, 3472, 1516, 6.330, 48.73, -72.50, 6.324, 48.62, -72.46, 0.008, 350.94, 56.92);
insert into SHOT values (3135, 3472, 3473, 1516, 5.600, 341.13, 32.90, 5.600, 341.14, 32.88, 0.002, 32.61, -62.98);
insert into CENTRELINE values (1517, 1512, NULL, NULL, NULL, 124.29, 0.00, 0.00);
 insert into SHOT values (3136, 3473, 3474, 1517, 5.820, 1.13, -59.00, 5.818, 1.15, -59.06, 0.007, 173.82, -10.45);
insert into SHOT values (3137, 3474, 3475, 1517, 11.000, 5.13, -68.00, 11.003, 5.14, -67.97, 0.006, 13.11, -9.24);
insert into SHOT values (3138, 3475, 3476, 1517, 5.430, 307.13, -52.00, 5.429, 307.21, -52.03, 0.006, 69.63, -11.21);
insert into SHOT values (3139, 3476, 3477, 1517, 1.990, 321.13, -11.00, 1.992, 321.02, -11.00, 0.004, 257.23, -3.87);
insert into SHOT values (3140, 3477, 3478, 1517, 2.120, 13.13, -10.00, 2.119, 13.30, -10.06, 0.007, 119.48, -16.06);
insert into SHOT values (3141, 3478, 3479, 1517, 1.400, 19.05, 8.00, 1.399, 18.96, 8.22, 0.006, 260.50, 63.26);
insert into SHOT values (3142, 3479, 3480, 1517, 1.760, 50.13, -24.00, 1.758, 50.06, -24.17, 0.006, 260.96, -45.19);
insert into SHOT values (3143, 3480, 3481, 1517, 2.230, 293.13, 0.00, 2.231, 293.23, 0.00, 0.004, 10.18, 0.00);
insert into SHOT values (3144, 3481, 3482, 1517, 6.260, 41.13, -29.00, 6.254, 41.15, -28.98, 0.006, 202.22, 50.08);
insert into SHOT values (3145, 3482, 3483, 1517, 4.790, 16.13, -90.00, 4.790, 90.00, -90.00, 0.000, 16.13, 65.33);
insert into SHOT values (3146, 3483, 3484, 1517, 2.760, 67.13, 19.00, 2.767, 67.06, 18.98, 0.008, 42.84, 10.10);
insert into SHOT values (3147, 3484, 3485, 1517, 6.630, 6.13, 9.00, 6.628, 6.14, 8.94, 0.007, 153.90, -82.04);
insert into SHOT values (3148, 3485, 3486, 1517, 8.880, 40.13, -29.00, 8.869, 40.14, -29.00, 0.011, 217.03, 26.99);
insert into SHOT values (3149, 3486, 3487, 1517, 3.380, 95.13, -4.00, 3.382, 95.10, -4.07, 0.005, 46.90, -60.38);
insert into SHOT values (3150, 3487, 3488, 1517, 2.450, 11.13, -16.00, 2.449, 11.26, -15.88, 0.008, 98.36, 44.87);
insert into SHOT values (3151, 3488, 3489, 1517, 3.500, 29.13, -16.00, 3.499, 29.00, -16.10, 0.010, 278.61, -33.38);
insert into SHOT values (3152, 3489, 3490, 1517, 2.850, 14.13, 33.00, 2.857, 14.27, 33.09, 0.010, 71.55, 49.10);
insert into SHOT values (3153, 3490, 3491, 1517, 4.920, 35.13, 5.00, 4.920, 35.12, 4.90, 0.009, 341.60, -79.00);
insert into SHOT values (3154, 3491, 3492, 1517, 5.580, 16.13, -90.00, 5.580, 90.00, -90.00, 0.000, 16.13, 39.37);
insert into SHOT values (3155, 3492, 3493, 1517, 4.690, 1.13, -62.00, 4.688, 1.04, -62.01, 0.004, 248.44, 15.14);
insert into SHOT values (3156, 3493, 3494, 1517, 5.600, 28.13, -38.00, 5.594, 28.13, -37.95, 0.008, 205.43, 77.68);
insert into SHOT values (3157, 3494, 3495, 1517, 9.950, 327.13, -59.00, 9.953, 327.18, -58.98, 0.006, 11.16, -11.58);
insert into SHOT values (3158, 3495, 3496, 1517, 6.890, 1.13, -60.00, 6.891, 1.17, -60.04, 0.006, 156.22, -33.12);
insert into SHOT values (3159, 3496, 3497, 1517, 4.350, 16.13, -90.00, 4.350, 90.00, -90.00, 0.000, 16.13, -56.67);
insert into SHOT values (3160, 3497, 3498, 1517, 5.000, 256.13, -45.00, 5.002, 256.08, -45.05, 0.006, 136.50, -51.07);
insert into SHOT values (3161, 3498, 3499, 1517, 4.060, 278.13, -54.00, 4.061, 278.16, -53.87, 0.009, 287.60, 30.06);
insert into CENTRELINE values (1518, 1512, NULL, '2006-02-21', NULL, 247.10, 0.00, 0.00);
 insert into SHOT values (3162, 3499, 3500, 1518, 2.000, 176.69, 28.00, 1.998, 176.42, 28.06, 0.009, 69.96, 6.99);
insert into SHOT values (3163, 3500, 3501, 1518, 7.200, 230.69, -55.00, 7.205, 230.69, -54.97, 0.006, 230.19, -19.35);
insert into SHOT values (3164, 3501, 3502, 1518, 14.000, 230.69, -40.00, 14.000, 230.71, -40.01, 0.004, 335.22, -12.60);
insert into SHOT values (3165, 3502, 3503, 1518, 2.700, 300.69, -25.00, 2.697, 300.76, -25.01, 0.005, 76.98, 13.73);
insert into SHOT values (3166, 3503, 3504, 1518, 4.350, 235.69, -45.00, 4.348, 235.59, -44.92, 0.009, 173.10, 43.08);
insert into SHOT values (3167, 3504, 3505, 1518, 13.500, 265.69, -60.00, 13.507, 265.75, -60.02, 0.011, 7.48, -50.53);
insert into SHOT values (3168, 3505, 3506, 1518, 10.300, 215.69, -45.00, 10.301, 215.67, -44.97, 0.006, 189.38, 33.19);
insert into SHOT values (3169, 3506, 3507, 1518, 5.900, 208.69, 5.00, 5.902, 208.66, 4.96, 0.006, 156.43, -43.13);
insert into SHOT values (3170, 3507, 3508, 1518, 2.900, 15.69, -90.00, 2.900, 90.00, -90.00, 0.000, 15.69, 65.91);
insert into SHOT values (3171, 3508, 3509, 1518, 2.300, 200.69, 0.00, 2.301, 200.88, 0.00, 0.007, 282.62, 0.00);
insert into SHOT values (3172, 3509, 3510, 1518, 9.750, 265.69, -50.00, 9.743, 265.70, -49.96, 0.009, 326.42, 83.89);
insert into SHOT values (3173, 3510, 3511, 1518, 20.800, 265.69, -60.00, 20.805, 265.70, -60.01, 0.007, 26.00, -78.14);
insert into SHOT values (3174, 3511, 3512, 1518, 3.000, 15.69, -90.00, 3.000, 90.00, -90.00, 0.000, 15.69, 0.00);
insert into SHOT values (3175, 3512, 3513, 1518, 3.950, 305.69, -5.00, 3.947, 305.79, -4.94, 0.008, 54.07, 30.55);
insert into SHOT values (3176, 3513, 3514, 1518, 4.200, 55.69, -45.00, 4.197, 55.72, -45.05, 0.005, 218.64, -1.72);
insert into SHOT values (3177, 3514, 3515, 1518, 3.450, 325.69, -30.00, 3.452, 325.78, -30.08, 0.007, 63.32, -47.82);
insert into SHOT values (3178, 3515, 3516, 1518, 2.950, 65.69, -30.00, 2.940, 65.65, -30.00, 0.010, 258.67, 30.63);
insert into SHOT values (3179, 3516, 3517, 1518, 3.200, 290.69, -15.00, 3.198, 290.66, -15.04, 0.003, 143.90, -33.59);
insert into SHOT values (3180, 3517, 3518, 1518, 2.600, 45.69, -20.00, 2.604, 45.66, -19.99, 0.004, 26.18, -11.22);
insert into SHOT values (3181, 3518, 3519, 1518, 1.500, 315.69, 0.00, 1.499, 315.54, 0.00, 0.004, 213.27, 0.00);
insert into SHOT values (3182, 3519, 3520, 1518, 6.000, 45.69, -60.00, 6.006, 45.67, -59.97, 0.007, 35.91, -35.02);
insert into SHOT values (3183, 3520, 3521, 1518, 6.700, 325.69, -35.00, 6.694, 325.70, -35.00, 0.006, 134.93, 31.24);
insert into SHOT values (3184, 3521, 3522, 1518, 4.000, 305.69, 5.00, 4.006, 305.72, 5.01, 0.007, 324.50, 12.21);
insert into SHOT values (3185, 3522, 3523, 1518, 2.600, 60.69, -10.00, 2.596, 60.73, -9.98, 0.005, 219.16, 18.80);
insert into SHOT values (3186, 3523, 3524, 1518, 2.650, 345.69, -5.00, 2.651, 345.75, -4.98, 0.003, 50.83, 17.13);
insert into SHOT values (3187, 3524, 3525, 1518, 2.900, 45.69, -30.00, 2.899, 45.81, -30.01, 0.005, 146.91, 0.00);
insert into SHOT values (3188, 3525, 3526, 1518, 4.250, 30.69, -45.00, 4.255, 30.57, -45.02, 0.008, 325.74, -34.58);
insert into SHOT values (3189, 3526, 3527, 1518, 3.900, 15.69, -5.00, 3.899, 15.68, -5.00, 0.001, 245.50, -6.07);
insert into SHOT values (3190, 3527, 3528, 1518, 9.900, 335.69, -50.00, 9.898, 335.69, -49.98, 0.004, 321.08, 79.19);
insert into SHOT values (3191, 3528, 3529, 1518, 2.000, 15.69, 90.00, 2.000, 90.00, 90.00, 0.000, 15.69, 0.00);
insert into SHOT values (3192, 3529, 3530, 1518, 3.900, 260.69, -2.00, 3.894, 260.68, -2.06, 0.007, 86.19, -31.64);
insert into SHOT values (3193, 3530, 3531, 1518, 3.700, 15.69, -3.00, 3.693, 15.73, -2.95, 0.008, 174.79, 26.68);
insert into SHOT values (3194, 3531, 3532, 1518, 3.100, 30.69, -10.00, 3.100, 30.51, -10.03, 0.010, 299.79, -10.07);
insert into SHOT values (3195, 3532, 3533, 1518, 2.500, 35.69, 0.00, 2.500, 35.72, 0.00, 0.001, 106.19, 0.00);
insert into SHOT values (3196, 3533, 3534, 1518, 2.400, 60.69, 10.00, 2.401, 60.62, 10.07, 0.005, 341.67, 45.45);
insert into SHOT values (3197, 3534, 3535, 1518, 2.200, 335.69, -25.00, 2.194, 335.63, -25.08, 0.007, 173.83, -1.92);
insert into SHOT values (3198, 3535, 3536, 1518, 2.400, 295.69, -5.00, 2.398, 295.81, -5.02, 0.006, 52.26, -8.25);
insert into SHOT values (3199, 3536, 3537, 1518, 1.650, 330.69, -20.00, 1.651, 330.62, -20.20, 0.006, 206.76, -68.15);
insert into SHOT values (3200, 3537, 3538, 1518, 2.600, 39.69, -10.00, 2.602, 39.78, -9.96, 0.005, 93.41, 17.45);
insert into SHOT values (3201, 3538, 3539, 1518, 3.700, 280.69, -20.00, 3.702, 280.76, -19.90, 0.008, 324.75, 42.09);
insert into SHOT values (3202, 3539, 3540, 1518, 2.600, 50.69, 10.00, 2.598, 50.71, 9.98, 0.003, 210.00, -32.05);
insert into SHOT values (3203, 3539, 3541, 1518, 3.600, 283.69, -12.00, 3.598, 283.64, -12.03, 0.004, 160.11, -22.20);
insert into SHOT values (3204, 3541, 3542, 1518, 6.400, 20.69, -10.00, 6.401, 20.62, -9.99, 0.008, 298.36, 9.58);
insert into SHOT values (3205, 3542, 3543, 1518, 1.600, 95.69, 0.00, 1.608, 95.71, 0.00, 0.008, 99.47, 0.00);
insert into SHOT values (3206, 3543, 3544, 1518, 8.500, 323.69, -60.00, 8.498, 323.62, -60.01, 0.006, 215.54, 11.56);
insert into SHOT values (3207, 3544, 3545, 1518, 3.300, 305.69, -2.00, 3.305, 305.76, -2.08, 0.008, 345.83, -38.59);
insert into SHOT values (3208, 3545, 3546, 1518, 5.500, 10.69, 8.00, 5.499, 10.69, 8.05, 0.005, 193.60, 66.53);
insert into SHOT values (3209, 3546, 3547, 1518, 10.000, 339.69, -5.00, 9.998, 339.67, -4.99, 0.004, 222.86, 22.87);
insert into SHOT values (3210, 3547, 3548, 1518, 5.000, 40.69, 8.00, 4.997, 40.74, 7.94, 0.007, 157.30, -51.91);
insert into SHOT values (3211, 3548, 3549, 1518, 7.000, 340.69, -18.00, 7.005, 340.72, -17.96, 0.008, 10.14, 23.51);
insert into SURVEY values (1520, 1467, 'GouffreDeLaGachette', 'GouffreDeLaGachette.209.UltimaPatagonia', 'Gouffre de la Gachette');
 insert into CENTRELINE values (1521, 1520, NULL, NULL, NULL, 0.00, 0.00, 0.00);
 insert into SURVEY values (1523, 1467, 'BobLEponge', 'BobLEponge.209.UltimaPatagonia', 'Bob l''Eponge');
 insert into CENTRELINE values (1524, 1523, NULL, NULL, NULL, 0.00, 0.00, 0.00);
 insert into SURVEY values (1526, 1467, 'CuevaGringa', 'CuevaGringa.209.UltimaPatagonia', 'Cueva Gringa');
 insert into CENTRELINE values (1527, 1526, NULL, NULL, NULL, 0.00, 0.00, 0.00);
 insert into SURVEY values (1529, 1467, 'DolineCalafate', 'DolineCalafate.209.UltimaPatagonia', 'Doline Calafate');
 insert into CENTRELINE values (1530, 1529, NULL, NULL, NULL, 0.00, 0.00, 0.00);
 insert into CENTRELINE values (1532, 1467, NULL, NULL, NULL, 0.00, 0.00, 0.00);
 insert into SURVEY values (1534, 22, '210', '210.UltimaPatagonia', '210 Seno norte');
 insert into CENTRELINE values (1535, 1534, NULL, NULL, NULL, 0.00, 0.00, 0.00);
 insert into SURVEY values (1536, 1534, 'ResurgenceFinDeSeno', 'ResurgenceFinDeSeno.210.UltimaPatagonia', 'Resurgence Fin De Seno');
 insert into CENTRELINE values (1537, 1536, NULL, NULL, NULL, 0.00, 0.00, 0.00);
 insert into CENTRELINE values (1538, 1536, NULL, '2006-02-01', NULL, 46.15, 0.00, 0.00);
 insert into SHOT values (3212, 3608, 3609, 1538, 6.400, 266.69, -2.00, 6.404, 266.69, -1.97, 0.006, 256.97, 35.72);
insert into SHOT values (3213, 3609, 3610, 1538, 9.600, 25.69, -2.00, 9.604, 25.68, -2.03, 0.007, 5.68, -48.10);
insert into SHOT values (3214, 3610, 3611, 1538, 12.700, 1.69, -2.00, 12.693, 1.72, -1.99, 0.009, 143.45, 21.07);
insert into SHOT values (3215, 3611, 3612, 1538, 4.000, 15.69, 0.00, 3.999, 15.67, 0.00, 0.002, 245.23, 0.00);
insert into SHOT values (3216, 3612, 3613, 1538, 2.450, 29.69, -5.00, 2.451, 29.72, -5.15, 0.007, 100.96, -81.06);
insert into SHOT values (3217, 3610, 3614, 1538, 4.700, 120.69, -5.00, 4.703, 120.67, -5.00, 0.004, 90.91, -5.55);
insert into SHOT values (3218, 3614, 3615, 1538, 4.400, 127.69, -11.00, 4.401, 127.67, -11.00, 0.002, 68.87, -10.28);
insert into SHOT values (3219, 3610, 3616, 1538, 1.900, 253.69, -22.00, 1.900, 253.52, -21.94, 0.006, 171.71, 17.92);
insert into CENTRELINE values (1539, 1536, NULL, NULL, NULL, 0.00, 0.00, 0.00);
 insert into CENTRELINE values (1541, 1534, NULL, NULL, NULL, 0.00, 0.00, 0.00);
 insert into SURVEY values (1543, 22, '211', '211.UltimaPatagonia', '211 Quincas');
 insert into CENTRELINE values (1544, 1543, NULL, NULL, NULL, 0.00, 0.00, 0.00);
 insert into SURVEY values (1545, 1543, 'AbrigoDelViento', 'AbrigoDelViento.211.UltimaPatagonia', 'AbrigoDelViento');
 insert into CENTRELINE values (1546, 1545, NULL, NULL, NULL, 0.00, 0.00, 0.00);
 insert into CENTRELINE values (1547, 1545, NULL, NULL, NULL, 429.78, 0.00, 0.00);
 insert into SHOT values (3220, 3618, 3619, 1547, 5.740, 110.13, 12.00, 5.740, 110.21, 11.96, 0.008, 191.38, -24.04);
insert into SHOT values (3221, 3619, 3620, 1547, 8.270, 111.13, -14.00, 8.274, 111.10, -13.99, 0.006, 60.54, 6.50);
insert into SHOT values (3222, 3619, 3621, 1547, 8.800, 218.13, -17.00, 8.802, 218.15, -16.98, 0.005, 261.79, 38.43);
insert into SHOT values (3223, 3619, 3622, 1547, 1.300, 322.13, 0.00, 1.304, 322.16, 0.00, 0.004, 331.69, 0.00);
insert into SHOT values (3224, 3622, 3623, 1547, 13.240, 16.13, 90.00, 13.240, 90.00, 90.00, 0.000, 16.13, 10.88);
insert into SHOT values (3225, 3623, 3624, 1547, 3.500, 264.13, 41.00, 3.504, 264.14, 41.02, 0.004, 270.75, 58.17);
insert into SHOT values (3226, 3624, 3625, 1547, 13.500, 128.13, 0.00, 13.503, 128.14, 0.00, 0.004, 164.33, 0.00);
insert into SHOT values (3227, 3624, 3626, 1547, 12.600, 192.13, 0.00, 12.600, 192.09, 0.00, 0.008, 99.93, 0.00);
insert into SHOT values (3228, 3624, 3627, 1547, 12.200, 16.13, 90.00, 12.200, 90.00, 90.00, 0.000, 16.13, -14.05);
insert into SHOT values (3229, 3627, 3628, 1547, 5.530, 61.13, 25.00, 5.528, 61.13, 24.93, 0.007, 69.21, -82.27);
insert into SHOT values (3230, 3629, 3628, 1547, 5.400, 240.13, -15.00, 5.407, 240.15, -15.00, 0.008, 250.08, -18.22);
insert into SHOT values (3231, 3630, 3629, 1547, 4.150, 140.13, 22.00, 4.148, 140.06, 21.94, 0.007, 46.59, -43.78);
insert into SHOT values (3232, 3631, 3630, 1547, 2.100, 180.13, 5.00, 2.099, 180.27, 5.19, 0.009, 291.22, 51.56);
insert into SHOT values (3233, 3632, 3631, 1547, 7.200, 148.13, 38.00, 7.201, 148.10, 37.96, 0.006, 108.29, -29.96);
insert into SHOT values (3234, 3633, 3632, 1547, 7.600, 67.13, 20.00, 7.602, 67.10, 20.00, 0.005, 355.48, 7.73);
insert into SHOT values (3235, 3634, 3633, 1547, 12.300, 125.13, 48.00, 12.300, 125.16, 47.99, 0.004, 194.11, -10.12);
insert into SHOT values (3236, 3635, 3634, 1547, 8.500, 78.13, 32.00, 8.502, 78.16, 31.96, 0.008, 112.91, -35.06);
insert into SHOT values (3237, 3636, 3635, 1547, 4.300, 81.13, 36.00, 4.296, 81.05, 36.08, 0.008, 297.55, 17.28);
insert into SHOT values (3238, 3628, 3637, 1547, 11.500, 134.13, 33.00, 11.511, 134.12, 33.00, 0.011, 118.53, 37.21);
insert into SHOT values (3239, 3637, 3638, 1547, 9.600, 105.13, 35.00, 9.595, 105.11, 34.98, 0.007, 337.86, -63.79);
insert into SHOT values (3240, 3638, 3639, 1547, 6.300, 102.13, 43.00, 6.299, 102.16, 43.05, 0.006, 250.71, 34.90);
insert into SHOT values (3241, 3639, 3640, 1547, 7.700, 111.13, 28.00, 7.696, 111.13, 27.97, 0.005, 307.09, -69.44);
insert into SHOT values (3242, 3641, 3642, 1547, 2.500, 87.13, 5.00, 2.503, 87.01, 5.04, 0.006, 25.92, 19.32);
insert into SHOT values (3243, 3642, 3643, 1547, 4.900, 210.13, -33.00, 4.904, 210.06, -32.99, 0.007, 153.04, -10.95);
insert into SHOT values (3244, 3643, 3644, 1547, 10.300, 98.13, 12.00, 10.295, 98.11, 12.00, 0.007, 325.51, -13.19);
insert into SHOT values (3245, 3644, 3645, 1547, 6.200, 137.13, 26.00, 6.197, 137.11, 26.03, 0.005, 346.68, 25.57);
insert into SHOT values (3246, 3645, 3646, 1547, 6.500, 104.13, -28.00, 6.505, 104.21, -27.96, 0.010, 152.38, 9.07);
insert into SHOT values (3247, 3646, 3647, 1547, 4.500, 162.13, 22.00, 4.497, 162.13, 21.94, 0.006, 352.98, -79.13);
insert into SHOT values (3248, 3647, 3648, 1547, 4.800, 16.13, 90.00, 4.800, 90.00, 90.00, 0.000, 16.13, 34.57);
insert into SHOT values (3249, 3648, 3649, 1547, 4.800, 222.13, 47.00, 4.798, 222.27, 47.02, 0.009, 332.98, -3.31);
insert into SHOT values (3250, 3649, 3650, 1547, 8.800, 106.13, 17.00, 8.805, 106.13, 16.97, 0.007, 105.75, -25.06);
insert into SHOT values (3251, 3650, 3651, 1547, 14.150, 16.13, 90.00, 14.150, 90.00, 90.00, 0.000, 16.13, 34.34);
insert into SHOT values (3252, 3651, 3618, 1547, 2.800, 140.13, 56.00, 2.805, 140.19, 56.16, 0.010, 295.58, 64.98);
insert into SHOT values (3253, 3641, 3652, 1547, 46.500, 16.13, -90.00, 46.500, 90.00, -90.00, 0.000, 16.13, 0.00);
insert into SHOT values (3254, 3652, 3653, 1547, 7.500, 311.13, -22.00, 7.498, 311.21, -22.01, 0.010, 53.02, -2.72);
insert into SHOT values (3255, 3653, 3654, 1547, 2.700, 22.13, -58.00, 2.696, 21.88, -58.15, 0.011, 239.39, -1.47);
insert into SHOT values (3256, 3654, 3655, 1547, 7.000, 16.13, -90.00, 7.000, 90.00, -90.00, 0.000, 16.13, 0.00);
insert into SHOT values (3257, 3655, 3656, 1547, 4.700, 77.13, 0.00, 4.709, 77.11, 0.00, 0.009, 67.47, 0.00);
insert into SHOT values (3258, 3656, 3657, 1547, 7.900, 22.13, -47.00, 7.901, 22.14, -47.01, 0.002, 169.50, -70.89);
insert into SHOT values (3259, 3657, 3658, 1547, 4.100, 57.13, -10.00, 4.098, 57.14, -9.98, 0.003, 227.94, 46.29);
insert into SHOT values (3260, 3658, 3659, 1547, 1.100, 111.13, 0.00, 1.092, 110.92, 0.00, 0.009, 317.53, 0.00);
insert into SHOT values (3261, 3659, 3660, 1547, 2.500, 42.13, -33.00, 2.498, 42.29, -32.99, 0.006, 144.78, 14.96);
insert into SHOT values (3262, 3660, 3661, 1547, 1.600, 123.13, -30.00, 1.601, 123.23, -29.98, 0.003, 187.48, -0.00);
insert into SHOT values (3263, 3661, 3662, 1547, 3.600, 71.13, -20.00, 3.600, 71.03, -19.98, 0.006, 349.42, 11.70);
insert into SHOT values (3264, 3662, 3663, 1547, 1.800, 28.13, -14.00, 1.799, 28.03, -14.15, 0.006, 266.82, -52.23);
insert into SHOT values (3265, 3663, 3664, 1547, 10.100, 44.13, -74.00, 10.102, 44.13, -73.99, 0.003, 38.27, -27.65);
insert into SHOT values (3266, 3664, 3665, 1547, 6.300, 64.13, -51.00, 6.297, 64.15, -50.95, 0.007, 84.74, 67.18);
insert into SHOT values (3267, 3665, 3666, 1547, 1.900, 4.13, 30.00, 1.899, 4.18, 30.02, 0.002, 129.46, 0.00);
insert into SHOT values (3268, 3666, 3667, 1547, 5.400, 327.13, 29.00, 5.390, 327.12, 28.96, 0.011, 155.73, -46.33);
insert into SHOT values (3269, 3667, 3668, 1547, 2.000, 33.13, 38.00, 2.005, 33.08, 38.21, 0.009, 279.08, 80.60);
insert into SHOT values (3270, 3668, 3669, 1547, 16.200, 16.13, -90.00, 16.200, 90.00, -90.00, 0.000, 16.13, 10.67);
insert into SHOT values (3271, 3669, 3670, 1547, 3.900, 31.13, -40.00, 3.902, 31.03, -40.04, 0.006, 300.38, -30.21);
insert into SHOT values (3272, 3670, 3671, 1547, 1.700, 341.13, -10.00, 1.706, 341.24, -10.13, 0.008, 13.55, -38.90);
insert into SHOT values (3273, 3671, 3672, 1547, 2.700, 61.13, 0.00, 2.703, 61.25, 0.00, 0.007, 122.59, 0.00);
insert into SHOT values (3274, 3672, 3673, 1547, 3.100, 16.13, -90.00, 3.100, 90.00, -90.00, 0.000, 16.13, 28.07);
insert into SHOT values (3275, 3673, 3674, 1547, 3.000, 16.13, 0.00, 2.997, 16.08, 0.00, 0.004, 242.51, 0.00);
insert into SHOT values (3276, 3674, 3675, 1547, 4.700, 298.13, -22.00, 4.700, 298.21, -21.99, 0.006, 29.16, 6.17);
insert into SHOT values (3277, 3675, 3676, 1547, 10.000, 347.13, -23.00, 9.994, 347.13, -22.97, 0.008, 181.09, 61.97);
insert into SHOT values (3278, 3676, 3677, 1547, 3.500, 300.13, 46.00, 3.499, 300.04, 45.84, 0.011, 265.89, -46.62);
insert into SHOT values (3279, 3677, 3678, 1547, 5.300, 331.13, -68.00, 5.297, 331.11, -67.96, 0.005, 311.32, 64.30);
insert into SHOT values (3280, 3678, 3679, 1547, 9.200, 40.13, -77.00, 9.196, 40.30, -76.98, 0.008, 110.67, 33.01);
insert into SHOT values (3281, 3679, 3680, 1547, 8.200, 344.13, 0.00, 8.202, 344.15, 0.00, 0.003, 39.01, 0.00);
insert into SURVEY values (1549, 1543, 'SumideroPiquante', 'SumideroPiquante.211.UltimaPatagonia', 'SumideroPiquante');
 insert into CENTRELINE values (1550, 1549, NULL, NULL, NULL, 0.00, 0.00, 0.00);
 insert into CENTRELINE values (1551, 1549, NULL, NULL, NULL, 320.43, 0.00, 0.00);
 insert into SHOT values (3282, 3681, 3682, 1551, 6.400, 203.13, 34.00, 6.400, 203.09, 34.01, 0.005, 99.67, 14.47);
insert into SHOT values (3283, 3682, 3683, 1551, 5.300, 78.63, 43.00, 5.296, 78.69, 42.97, 0.006, 181.97, -48.97);
insert into SHOT values (3284, 3683, 3684, 1551, 12.500, 16.13, 90.00, 12.500, 90.00, 90.00, 0.000, 16.13, 0.00);
insert into SHOT values (3285, 3684, 3685, 1551, 5.180, 134.13, -3.00, 5.177, 134.14, -2.99, 0.004, 306.04, 17.94);
insert into SHOT values (3286, 3685, 3686, 1551, 2.890, 126.13, 48.00, 2.891, 126.16, 48.05, 0.003, 278.35, 51.29);
insert into SHOT values (3287, 3686, 3687, 1551, 8.330, 115.13, 55.00, 8.330, 115.12, 54.96, 0.006, 99.72, -38.11);
insert into SHOT values (3288, 3687, 3688, 1551, 6.500, 142.13, 27.00, 6.505, 142.08, 27.07, 0.011, 67.60, 59.47);
insert into SHOT values (3289, 3688, 3689, 1551, 10.330, 90.13, 68.00, 10.323, 90.15, 67.98, 0.008, 162.77, -82.02);
insert into SHOT values (3290, 3689, 3690, 1551, 5.700, 157.13, -33.00, 5.691, 157.20, -33.00, 0.010, 301.56, 26.26);
insert into SHOT values (3291, 3690, 3691, 1551, 17.000, 93.13, 75.00, 17.001, 93.12, 74.98, 0.007, 86.21, -6.33);
insert into SHOT values (3292, 3691, 3692, 1551, 6.000, 165.13, -28.00, 6.001, 165.12, -28.03, 0.003, 64.82, -76.24);
insert into SHOT values (3293, 3692, 3693, 1551, 2.670, 137.13, -9.00, 2.671, 137.30, -8.83, 0.011, 209.45, 43.00);
insert into SHOT values (3294, 3693, 3694, 1551, 2.800, 206.13, -1.00, 2.796, 206.11, -1.02, 0.005, 42.15, -13.91);
insert into SHOT values (3295, 3694, 3695, 1551, 6.620, 16.13, 90.00, 6.620, 90.00, 90.00, 0.000, 16.13, 10.88);
insert into SHOT values (3296, 3695, 3696, 1551, 6.070, 129.13, 43.00, 6.067, 129.14, 43.03, 0.004, 296.13, 3.94);
insert into SHOT values (3297, 3696, 3697, 1551, 7.000, 152.13, 46.00, 6.996, 152.17, 45.97, 0.006, 245.96, -59.31);
insert into SHOT values (3298, 3697, 3698, 1551, 2.650, 228.13, 20.00, 2.647, 228.10, 20.11, 0.006, 65.94, 37.00);
insert into SHOT values (3299, 3698, 3699, 1551, 7.840, 140.13, 31.00, 7.844, 140.13, 31.00, 0.004, 132.15, 34.49);
insert into SHOT values (3300, 3699, 3700, 1551, 1.000, 218.13, -12.00, 1.005, 218.39, -12.07, 0.006, 264.25, -19.07);
insert into SHOT values (3301, 3700, 3701, 1551, 7.000, 131.13, -43.00, 7.007, 131.12, -43.01, 0.008, 120.46, -51.89);
insert into SHOT values (3302, 3701, 3702, 1551, 3.650, 170.13, 19.00, 3.650, 170.16, 19.03, 0.002, 273.62, 49.70);
insert into SHOT values (3303, 3702, 3703, 1551, 4.260, 154.13, 41.00, 4.261, 154.15, 41.09, 0.007, 317.36, 52.46);
insert into SHOT values (3304, 3703, 3704, 1551, 17.000, 16.13, 90.00, 17.000, 90.00, 90.00, 0.000, 16.13, 0.00);
insert into SHOT values (3305, 3704, 3705, 1551, 5.750, 152.13, -11.00, 5.751, 152.12, -11.03, 0.003, 97.18, -59.35);
insert into SHOT values (3306, 3705, 3706, 1551, 4.000, 127.13, -20.00, 4.004, 127.11, -20.01, 0.004, 106.21, -28.78);
insert into SHOT values (3307, 3706, 3707, 1551, 4.400, 167.13, 27.00, 4.399, 167.17, 27.04, 0.004, 302.86, 33.81);
insert into SHOT values (3308, 3707, 3708, 1551, 1.600, 67.13, -33.00, 1.602, 67.25, -32.90, 0.004, 112.02, 20.17);
insert into SHOT values (3309, 3708, 3709, 1551, 0.600, 113.13, -20.00, 0.602, 112.93, -20.40, 0.005, 45.30, -65.98);
insert into SHOT values (3310, 3709, 3710, 1551, 1.900, 64.13, -24.00, 1.898, 64.03, -23.93, 0.004, 326.08, 40.55);
insert into SHOT values (3311, 3710, 3711, 1551, 2.560, 130.13, -22.00, 2.557, 130.21, -22.05, 0.005, 269.01, -11.99);
insert into SHOT values (3312, 3711, 3712, 1551, 4.550, 189.13, -2.00, 4.550, 189.11, -2.02, 0.002, 103.42, -34.11);
insert into SHOT values (3313, 3712, 3713, 1551, 5.350, 153.13, 25.00, 5.353, 153.17, 24.97, 0.005, 195.41, -11.79);
insert into SHOT values (3314, 3713, 3714, 1551, 4.050, 57.13, 20.00, 4.057, 57.10, 20.04, 0.008, 36.60, 39.89);
insert into SHOT values (3315, 3714, 3715, 1551, 2.550, 139.13, 18.00, 2.551, 139.35, 18.04, 0.009, 228.68, 12.44);
insert into SHOT values (3316, 3715, 3716, 1551, 1.870, 119.13, 34.00, 1.869, 118.88, 33.81, 0.009, 50.86, -37.18);
insert into SHOT values (3317, 3716, 3717, 1551, 12.000, 16.13, 90.00, 12.000, 90.00, 90.00, 0.000, 16.13, 0.00);
insert into SHOT values (3318, 3717, 3718, 1551, 6.800, 169.13, 25.00, 6.800, 169.15, 25.06, 0.007, 320.77, 63.74);
insert into SHOT values (3319, 3718, 3719, 1551, 4.200, 192.13, 5.00, 4.209, 192.11, 4.91, 0.011, 183.80, -32.62);
insert into SHOT values (3320, 3718, 3720, 1551, 5.230, 128.13, 2.00, 5.230, 128.16, 1.97, 0.004, 207.70, -41.46);
insert into SHOT values (3321, 3720, 3721, 1551, 12.000, 16.13, 90.00, 12.000, 90.00, 90.00, 0.000, 16.13, 0.00);
insert into SHOT values (3322, 3721, 3722, 1551, 6.850, 142.13, -28.00, 6.854, 142.18, -28.02, 0.007, 205.89, -34.68);
insert into SHOT values (3323, 3722, 3723, 1551, 4.900, 154.13, 24.00, 4.899, 154.01, 24.09, 0.013, 41.67, 33.57);
insert into SHOT values (3324, 3723, 3724, 1551, 1.600, 276.13, -4.00, 1.604, 276.10, -4.29, 0.009, 260.44, -69.88);
insert into SHOT values (3325, 3724, 3725, 1551, 2.050, 174.13, 4.00, 2.056, 174.12, 4.18, 0.009, 170.60, 50.43);
insert into SHOT values (3326, 3725, 3726, 1551, 2.100, 123.13, -4.00, 2.094, 123.08, -4.11, 0.007, 319.58, -28.05);
insert into SHOT values (3327, 3726, 3727, 1551, 2.400, 165.13, -11.00, 2.405, 165.02, -11.03, 0.007, 118.27, -18.20);
insert into SHOT values (3328, 3727, 3728, 1551, 1.500, 93.13, -45.00, 1.500, 93.24, -44.95, 0.002, 155.60, 16.43);
insert into SHOT values (3329, 3728, 3729, 1551, 1.500, 111.13, -8.00, 1.493, 111.01, -8.09, 0.008, 315.11, -9.03);
insert into SHOT values (3330, 3729, 3730, 1551, 1.200, 76.13, 4.00, 1.206, 76.54, 4.28, 0.012, 131.49, 31.10);
insert into SHOT values (3331, 3730, 3731, 1551, 2.030, 173.13, -44.00, 2.030, 173.31, -44.00, 0.005, 267.30, 1.94);
insert into SHOT values (3332, 3731, 3732, 1551, 1.710, 88.13, 23.00, 1.704, 88.18, 22.79, 0.009, 248.16, -66.90);
insert into SHOT values (3333, 3732, 3733, 1551, 5.100, 145.13, 22.00, 5.107, 145.07, 22.08, 0.012, 92.22, 54.66);
insert into SHOT values (3334, 3733, 3734, 1551, 6.500, 205.13, 41.00, 6.498, 205.21, 40.96, 0.008, 280.31, -33.50);
insert into SHOT values (3335, 3734, 3735, 1551, 3.150, 163.13, 58.00, 3.146, 162.87, 58.07, 0.009, 37.26, -8.23);
insert into SHOT values (3336, 3735, 3736, 1551, 3.970, 144.13, 39.00, 3.967, 144.25, 39.06, 0.008, 271.68, 11.73);
insert into SHOT values (3337, 3736, 3737, 1551, 1.550, 187.13, 20.00, 1.554, 187.08, 19.94, 0.005, 169.85, -1.56);
insert into SHOT values (3338, 3737, 3738, 1551, 2.650, 226.13, -49.00, 2.646, 226.17, -49.09, 0.006, 35.31, -0.19);
insert into SHOT values (3339, 3738, 3739, 1551, 5.050, 119.13, -28.00, 5.053, 119.09, -27.97, 0.005, 82.00, 9.02);
insert into SHOT values (3340, 3684, 3740, 1551, 6.220, 122.13, -28.00, 6.219, 122.13, -28.00, 0.001, 327.19, 5.17);
insert into SHOT values (3341, 3740, 3741, 1551, 4.350, 160.13, -15.00, 4.348, 160.10, -14.93, 0.006, 50.40, 65.62);
insert into SHOT values (3342, 3741, 3742, 1551, 5.250, 178.13, 30.00, 5.244, 178.11, 29.98, 0.007, 23.56, -47.37);
insert into SHOT values (3343, 3743, 3744, 1551, 10.700, 146.13, 80.00, 10.703, 145.97, 80.00, 0.006, 58.66, 25.56);
insert into SHOT values (3344, 3711, 3743, 1551, 4.000, 146.13, 30.00, 4.002, 146.17, 29.98, 0.004, 187.03, -0.00);
insert into CENTRELINE values (1552, 1549, NULL, NULL, NULL, 131.04, 0.00, 0.00);
 insert into SHOT values (3345, 3739, 3745, 1552, 3.600, 228.13, 20.00, 3.602, 228.11, 19.97, 0.003, 199.52, -28.32);
insert into SHOT values (3346, 3745, 3746, 1552, 3.200, 332.13, -50.00, 3.202, 331.94, -49.91, 0.009, 280.73, 8.78);
insert into SHOT values (3347, 3746, 3747, 1552, 4.400, 287.13, -4.00, 4.395, 287.11, -4.04, 0.006, 123.73, -29.53);
insert into SHOT values (3348, 3747, 3748, 1552, 3.500, 214.13, 0.00, 3.500, 214.05, 0.00, 0.005, 126.79, 0.00);
insert into SHOT values (3349, 3748, 3749, 1552, 2.900, 322.13, -75.00, 2.898, 322.06, -75.04, 0.003, 163.89, 24.23);
insert into SHOT values (3350, 3749, 3750, 1552, 5.300, 330.13, -40.00, 5.305, 330.03, -40.00, 0.009, 264.50, -21.57);
insert into SHOT values (3351, 3750, 3751, 1552, 8.800, 16.13, -90.00, 8.800, 90.00, -90.00, 0.000, 16.13, -19.13);
insert into SHOT values (3352, 3751, 3752, 1552, 4.000, 336.13, -50.00, 4.002, 336.22, -49.88, 0.010, 2.25, 25.57);
insert into SHOT values (3353, 3752, 3753, 1552, 3.200, 300.13, -55.00, 3.195, 300.21, -55.09, 0.008, 100.68, 9.68);
insert into SHOT values (3354, 3753, 3754, 1552, 9.600, 321.13, -50.00, 9.605, 321.05, -50.02, 0.011, 239.46, -33.68);
insert into SHOT values (3355, 3754, 3755, 1552, 5.000, 329.13, 0.00, 4.996, 329.17, 0.00, 0.006, 108.71, 0.00);
insert into SHOT values (3356, 3756, 3757, 1552, 2.000, 101.13, 2.00, 2.000, 101.25, 2.01, 0.004, 196.03, 2.71);
insert into SHOT values (3357, 3757, 3758, 1552, 1.750, 196.13, 2.00, 1.748, 195.95, 1.97, 0.006, 89.39, -10.21);
insert into SHOT values (3358, 3758, 3759, 1552, 1.530, 123.13, 3.00, 1.533, 123.27, 2.99, 0.005, 173.90, -0.86);
insert into SHOT values (3359, 3759, 3760, 1552, 2.100, 161.13, 30.00, 2.100, 161.07, 30.00, 0.002, 63.59, 0.00);
insert into SHOT values (3360, 3760, 3761, 1552, 4.780, 149.13, 23.00, 4.772, 149.17, 23.07, 0.010, 312.34, 12.90);
insert into SHOT values (3361, 3761, 3762, 1552, 7.210, 156.13, 30.00, 7.214, 156.10, 30.03, 0.006, 88.72, 54.81);
insert into SHOT values (3362, 3762, 3763, 1552, 3.130, 154.13, 30.00, 3.127, 154.19, 29.92, 0.006, 250.51, -60.80);
insert into SHOT values (3363, 3763, 3764, 1552, 2.500, 265.13, 30.00, 2.494, 264.95, 30.08, 0.010, 130.94, -0.00);
insert into SHOT values (3364, 3764, 3765, 1552, 5.570, 170.13, 32.00, 5.566, 170.12, 32.01, 0.004, 7.85, -23.55);
insert into SHOT values (3365, 3765, 3766, 1552, 5.000, 124.13, 30.00, 4.997, 124.17, 30.02, 0.004, 265.62, -0.00);
insert into SHOT values (3366, 3766, 3767, 1552, 4.000, 193.13, 29.00, 4.004, 193.20, 28.98, 0.006, 239.53, 7.29);
insert into SHOT values (3367, 3767, 3768, 1552, 2.000, 139.13, 22.00, 2.003, 138.93, 21.99, 0.007, 70.81, 6.36);
insert into SHOT values (3368, 3768, 3769, 1552, 3.500, 195.13, 33.00, 3.500, 195.22, 33.07, 0.006, 313.78, 36.17);
insert into SHOT values (3369, 3769, 3770, 1552, 7.120, 143.13, 42.00, 7.124, 143.13, 41.93, 0.010, 141.64, -25.54);
insert into SHOT values (3370, 3770, 3771, 1552, 6.000, 128.13, 17.00, 5.997, 128.13, 17.07, 0.007, 312.53, 52.31);
insert into SHOT values (3371, 3771, 3772, 1552, 6.300, 150.13, 62.00, 6.295, 150.13, 62.03, 0.006, 329.00, -24.50);
insert into SHOT values (3372, 3772, 3773, 1552, 5.750, 116.13, 40.00, 5.750, 116.10, 39.92, 0.008, 89.24, -47.57);
insert into SHOT values (3373, 3773, 3742, 1552, 7.300, 16.13, 90.00, 7.300, 90.00, 90.00, 0.000, 16.13, 24.37);
insert into SURVEY values (1554, 1543, 'GouffreAguilucho', 'GouffreAguilucho.211.UltimaPatagonia', 'Gouffre d''Aguilucho');
 insert into CENTRELINE values (1555, 1554, NULL, NULL, NULL, 0.00, 0.00, 0.00);
 insert into CENTRELINE values (1556, 1554, NULL, NULL, NULL, 85.16, 0.00, 0.00);
 insert into SHOT values (3374, 3774, 3775, 1556, 14.480, 346.13, -10.00, 14.475, 346.16, -10.03, 0.011, 119.36, -31.97);
insert into SHOT values (3375, 3774, 3776, 1556, 14.450, 166.13, 45.00, 14.445, 166.13, 44.98, 0.008, 96.59, -82.07);
insert into SHOT values (3376, 3776, 3777, 1556, 19.180, 196.13, 40.00, 19.177, 196.13, 40.01, 0.005, 31.42, 15.33);
insert into SHOT values (3377, 3777, 3778, 1556, 17.380, 154.13, 45.00, 17.381, 154.14, 45.00, 0.003, 224.61, 10.72);
insert into SHOT values (3378, 3778, 3779, 1556, 19.670, 138.13, 68.00, 19.673, 138.13, 67.99, 0.004, 141.34, 33.22);
insert into CENTRELINE values (1557, 1554, NULL, NULL, NULL, 217.00, 0.00, 0.00);
 insert into SHOT values (3379, 3775, 3780, 1557, 5.000, 341.13, -39.79, 5.005, 341.05, -39.74, 0.009, 300.86, 0.00);
insert into SHOT values (3380, 3780, 3781, 1557, 10.500, 346.13, -28.44, 10.496, 346.14, -28.45, 0.005, 143.41, -0.00);
insert into SHOT values (3381, 3781, 3782, 1557, 15.500, 326.13, -29.79, 15.502, 326.12, -29.78, 0.003, 274.86, 0.00);
insert into SHOT values (3382, 3782, 3783, 1557, 9.500, 336.13, -21.62, 9.502, 336.16, -21.61, 0.005, 45.22, -0.00);
insert into SHOT values (3383, 3783, 3784, 1557, 17.000, 333.13, -34.79, 16.997, 333.12, -34.80, 0.004, 189.00, 0.00);
insert into SHOT values (3384, 3784, 3785, 1557, 14.000, 351.13, -26.74, 14.007, 351.12, -26.73, 0.008, 338.48, -0.00);
insert into SHOT values (3385, 3785, 3786, 1557, 30.000, 346.13, -10.76, 29.996, 346.14, -10.76, 0.005, 133.16, -0.00);
insert into SHOT values (3386, 3774, 3787, 1557, 3.000, 11.13, 0.00, 2.997, 11.16, 0.00, 0.004, 167.91, 0.00);
insert into SHOT values (3387, 3787, 3788, 1557, 3.000, 106.13, -64.16, 3.001, 105.95, -64.11, 0.005, 48.78, 0.00);
insert into SHOT values (3388, 3788, 3789, 1557, 7.000, 281.13, 11.54, 7.000, 281.10, 11.54, 0.004, 186.52, -0.00);
insert into SHOT values (3389, 3789, 3790, 1557, 13.000, 226.13, 5.74, 13.001, 226.16, 5.74, 0.006, 308.55, 0.00);
insert into SHOT values (3390, 3790, 3791, 1557, 21.000, 211.13, 1.36, 20.997, 211.12, 1.36, 0.004, 85.50, 0.00);
insert into SHOT values (3391, 3791, 3792, 1557, 7.500, 251.13, 0.00, 7.504, 251.11, 0.00, 0.006, 212.62, 0.00);
insert into SHOT values (3392, 3792, 3793, 1557, 6.000, 251.13, -41.81, 5.997, 251.20, -41.83, 0.006, 16.58, 0.00);
insert into SHOT values (3393, 3793, 3794, 1557, 7.000, 231.13, 20.92, 6.998, 231.15, 20.93, 0.003, 14.44, 0.00);
insert into SHOT values (3394, 3794, 3795, 1557, 5.000, 286.13, 11.54, 5.003, 286.11, 11.53, 0.004, 252.58, 0.00);
insert into SHOT values (3395, 3795, 3796, 1557, 7.000, 141.13, 25.38, 7.005, 141.16, 25.36, 0.006, 167.99, 0.00);
insert into SHOT values (3396, 3796, 3797, 1557, 8.000, 182.13, -14.48, 7.999, 182.07, -14.48, 0.008, 85.82, 0.00);
insert into SHOT values (3397, 3797, 3798, 1557, 8.000, 174.13, -22.02, 8.002, 174.20, -22.02, 0.009, 251.93, 0.00);
insert into SHOT values (3398, 3798, 3799, 1557, 10.000, 231.13, -53.13, 9.997, 231.16, -53.15, 0.005, 17.35, 0.00);
insert into SHOT values (3399, 3799, 3800, 1557, 10.000, 201.13, 0.00, 10.000, 201.10, 0.00, 0.006, 115.49, 0.00);
insert into SURVEY values (1559, 1543, 'ExsurgencePicaflor', 'ExsurgencePicaflor.211.UltimaPatagonia', '<lang:fr>Exsurgence Picaflor<lang:es>Exsurgencia Picaflor');
 insert into CENTRELINE values (1560, 1559, NULL, NULL, NULL, 0.00, 0.00, 0.00);
 insert into CENTRELINE values (1561, 1559, NULL, '2008-02-01', NULL, 50.67, 0.00, 0.00);
 insert into SHOT values (3400, 3801, 3802, 1561, 4.970, 235.54, 0.00, 4.971, 235.57, 0.00, 0.003, 315.12, 0.00);
insert into SHOT values (3401, 3802, 3803, 1561, 7.580, 145.54, 10.00, 7.588, 145.52, 10.02, 0.009, 127.83, 24.95);
insert into SHOT values (3402, 3803, 3804, 1561, 16.480, 175.54, 10.00, 16.479, 175.55, 9.99, 0.002, 288.87, -46.58);
insert into SHOT values (3403, 3804, 3805, 1561, 11.410, 178.54, 0.00, 11.404, 178.54, 0.00, 0.006, 356.86, 0.00);
insert into SHOT values (3404, 3805, 3806, 1561, 4.000, 193.54, 3.00, 4.007, 193.58, 3.00, 0.008, 215.51, 4.67);
insert into SHOT values (3405, 3806, 3807, 1561, 6.230, 165.54, 5.00, 6.230, 165.54, 4.97, 0.003, 119.43, -79.99);
insert into CENTRELINE values (1562, 1559, NULL, NULL, NULL, 28.00, 0.00, 0.00);
 insert into SHOT values (3406, 3805, 3808, 1562, 2.000, 194.13, 0.00, 2.001, 194.18, 0.00, 0.002, 252.26, 0.00);
insert into SHOT values (3407, 3808, 3809, 1562, 4.500, 221.13, -40.12, 4.503, 221.00, -40.09, 0.009, 157.46, -0.00);
insert into SHOT values (3408, 3809, 3810, 1562, 1.000, 166.13, 11.54, 0.998, 166.39, 11.56, 0.005, 284.36, 0.00);
insert into SHOT values (3409, 3810, 3811, 1562, 3.500, 196.13, -14.90, 3.501, 196.13, -14.90, 0.001, 192.07, -0.00);
insert into SHOT values (3410, 3811, 3812, 1562, 2.000, 276.13, -23.58, 1.998, 276.27, -23.60, 0.005, 31.30, -0.00);
insert into SHOT values (3411, 3812, 3813, 1562, 2.000, 71.13, 71.81, 2.000, 71.27, 71.85, 0.002, 205.85, 0.00);
insert into SHOT values (3412, 3813, 3814, 1562, 3.000, 166.13, 56.44, 3.000, 166.05, 56.43, 0.003, 90.51, 0.00);
insert into SHOT values (3413, 3814, 3815, 1562, 10.000, 191.13, 5.74, 9.997, 191.13, 5.74, 0.003, 22.95, 0.00);
insert into SURVEY values (1564, 1543, 'PorcheDeLImpatience', 'PorcheDeLImpatience.211.UltimaPatagonia', 'Porche De L''Impatience');
 insert into CENTRELINE values (1565, 1564, NULL, NULL, NULL, 0.00, 0.00, 0.00);
 insert into CENTRELINE values (1566, 1564, NULL, NULL, NULL, 55.60, 0.00, 0.00);
 insert into SHOT values (3414, 3816, 3817, 1566, 9.500, 324.13, -20.00, 9.497, 324.12, -20.01, 0.004, 173.60, -10.63);
insert into SHOT values (3415, 3817, 3818, 1566, 31.100, 306.13, 20.00, 31.103, 306.15, 20.00, 0.009, 23.09, 20.91);
insert into SHOT values (3416, 3818, 3819, 1566, 10.000, 306.13, 20.00, 10.000, 306.13, 20.00, 0.001, 209.04, -10.49);
insert into SHOT values (3417, 3819, 3820, 1566, 5.000, 16.13, -90.00, 5.000, 90.00, -90.00, 0.000, 16.13, 0.00);
insert into SURVEY values (1568, 1543, 'Gouffre36', 'Gouffre36.211.UltimaPatagonia', 'Gouffre 36');
 insert into CENTRELINE values (1569, 1568, NULL, NULL, NULL, 0.00, 0.00, 0.00);
 insert into SCRAPS values (1570, 1568, 'DELETE-ME-survey-legs-Gouffre36-e', 2, 0.00000, 0.00000);
 insert into SCRAPS values (1572, 1568, 'Gouffre36-1e', 2, 0.00000, 0.00000);
 insert into CENTRELINE values (1586, 1568, NULL, '2010-01-01', '2010-01-01', 45.00, 0.00, 0.00);
 insert into SHOT values (3418, 3821, 3822, 1586, 45.000, 15.40, -90.00, 45.000, 90.00, -90.00, 0.000, 15.40, 0.00);
insert into SURVEY values (1588, 1543, 'GouffreDesMousquetaires', 'GouffreDesMousquetaires.211.UltimaPatagonia', 'Gouffre Des Mousquetaires');
 insert into CENTRELINE values (1589, 1588, NULL, NULL, NULL, 0.00, 0.00, 0.00);
 insert into CENTRELINE values (1590, 1588, NULL, '2010-02-01', NULL, 56.06, 0.00, 0.00);
 insert into SHOT values (3419, 3823, 3824, 1590, 8.260, 185.39, 43.00, 8.262, 185.41, 42.96, 0.007, 204.49, -27.73);
insert into SHOT values (3420, 3824, 3825, 1590, 6.900, 195.39, 33.00, 6.903, 195.43, 33.01, 0.005, 261.25, 24.56);
insert into SHOT values (3421, 3825, 3826, 1590, 5.370, 208.39, -22.00, 5.366, 208.32, -22.00, 0.007, 88.52, 12.62);
insert into SHOT values (3422, 3825, 3827, 1590, 17.080, 15.39, 90.00, 17.080, 90.00, 90.00, 0.000, 15.39, -13.40);
insert into SHOT values (3423, 3827, 3828, 1590, 12.500, 15.39, 90.00, 12.500, 90.00, 90.00, 0.000, 15.39, 0.00);
insert into SHOT values (3424, 3828, 3829, 1590, 5.950, 310.39, 56.00, 5.947, 310.49, 55.99, 0.006, 45.99, -25.47);
insert into SURVEY values (1592, 1543, 'GouffreDeLArche', 'GouffreDeLArche.211.UltimaPatagonia', 'Gouffre de l''Arche');
 insert into CENTRELINE values (1593, 1592, NULL, NULL, NULL, 0.00, 0.00, 0.00);
 insert into CENTRELINE values (1594, 1592, NULL, '2010-02-01', NULL, 40.70, 0.00, 0.00);
 insert into SHOT values (3425, 3830, 3831, 1594, 3.130, 177.39, 49.00, 3.128, 177.21, 48.99, 0.007, 78.35, -18.74);
insert into SHOT values (3426, 3831, 3832, 1594, 1.900, 50.39, 26.00, 1.896, 50.24, 25.97, 0.006, 282.29, -26.84);
insert into SHOT values (3427, 3832, 3833, 1594, 1.090, 160.39, 37.00, 1.095, 159.90, 37.08, 0.009, 89.86, 27.18);
insert into SHOT values (3428, 3833, 3834, 1594, 2.750, 343.39, 57.00, 2.742, 343.26, 57.01, 0.008, 199.32, -48.72);
insert into SHOT values (3429, 3834, 3835, 1594, 4.400, 19.39, 31.00, 4.403, 19.35, 31.03, 0.005, 318.47, 50.44);
insert into SHOT values (3430, 3835, 3836, 1594, 5.080, 127.39, 73.00, 5.082, 127.33, 73.02, 0.003, 357.88, 46.26);
insert into SHOT values (3431, 3836, 3837, 1594, 4.160, 137.39, 56.00, 4.158, 137.44, 56.06, 0.005, 292.71, 12.78);
insert into SHOT values (3432, 3837, 3838, 1594, 8.300, 179.39, 79.00, 8.294, 179.28, 78.95, 0.010, 153.90, -46.60);
insert into SHOT values (3433, 3838, 3839, 1594, 9.890, 190.39, 46.00, 9.896, 190.39, 46.01, 0.006, 203.13, 64.92);
insert into SURVEY values (1596, 1543, 'GrotteMarion', 'GrotteMarion.211.UltimaPatagonia', 'GrotteMarion');
 insert into CENTRELINE values (1597, 1596, NULL, NULL, NULL, 0.00, 0.00, 0.00);
 insert into CENTRELINE values (1598, 1596, NULL, '2010-02-01', NULL, 74.10, 0.00, 0.00);
 insert into SHOT values (3434, 3840, 3841, 1598, 5.500, 355.39, -15.00, 5.504, 355.36, -14.95, 0.006, 327.28, 32.66);
insert into SHOT values (3435, 3841, 3842, 1598, 10.000, 15.39, -20.00, 10.001, 15.43, -20.00, 0.006, 89.96, 1.84);
insert into SHOT values (3436, 3842, 3843, 1598, 11.000, 355.39, -15.00, 11.000, 355.36, -15.02, 0.007, 262.28, -26.63);
insert into SHOT values (3437, 3843, 3844, 1598, 8.300, 65.39, -10.00, 8.297, 65.41, -9.99, 0.004, 198.96, 16.78);
insert into SHOT values (3438, 3844, 3845, 1598, 12.500, 35.39, -32.00, 12.502, 35.40, -32.03, 0.006, 156.27, -70.19);
insert into SHOT values (3439, 3845, 3846, 1598, 5.200, 15.39, -8.00, 5.205, 15.41, -7.95, 0.007, 33.48, 30.50);
insert into SHOT values (3440, 3846, 3847, 1598, 4.400, 5.39, -5.00, 4.396, 5.37, -4.96, 0.005, 203.58, 39.47);
insert into SHOT values (3441, 3846, 3848, 1598, 6.700, 135.39, 0.00, 6.696, 135.42, 0.00, 0.005, 266.80, 0.00);
insert into SHOT values (3442, 3848, 3849, 1598, 10.500, 175.39, 30.00, 10.506, 175.34, 29.98, 0.011, 124.23, -0.00);
insert into SURVEY values (1600, 1543, 'MeandreDesSables', 'MeandreDesSables.211.UltimaPatagonia', 'Meandre Des Sables');
 insert into CENTRELINE values (1601, 1600, NULL, NULL, NULL, 0.00, 0.00, 0.00);
 insert into CENTRELINE values (1602, 1600, NULL, '2010-02-01', NULL, 37.50, 0.00, 0.00);
 insert into SHOT values (3443, 3850, 3851, 1602, 1.800, 103.39, 15.00, 1.809, 103.24, 15.06, 0.010, 73.05, 24.67);
insert into SHOT values (3444, 3851, 3852, 1602, 1.000, 103.39, 90.00, 1.000, 90.00, 90.00, 0.000, 103.39, 0.00);
insert into SHOT values (3445, 3852, 3853, 1602, 7.150, 80.39, 25.00, 7.141, 80.39, 25.02, 0.009, 258.51, -10.44);
insert into SHOT values (3446, 3853, 3854, 1602, 3.400, 70.39, -15.00, 3.405, 70.46, -14.98, 0.007, 109.48, -0.13);
insert into SHOT values (3447, 3854, 3855, 1602, 3.600, 145.39, -30.00, 3.595, 145.34, -30.04, 0.006, 352.01, -0.00);
insert into SHOT values (3448, 3853, 3856, 1602, 3.500, 220.39, -70.00, 3.499, 220.24, -70.08, 0.006, 72.79, -10.26);
insert into SHOT values (3449, 3854, 3857, 1602, 6.250, 65.39, 90.00, 6.250, 90.00, 90.00, 0.000, 65.39, 0.00);
insert into SHOT values (3450, 3857, 3858, 1602, 2.200, 65.39, 20.00, 2.199, 65.42, 19.94, 0.003, 153.12, -66.79);
insert into SHOT values (3451, 3858, 3859, 1602, 5.200, 150.39, 35.00, 5.194, 150.42, 35.01, 0.006, 305.24, -24.41);
insert into SHOT values (3452, 3859, 3860, 1602, 3.400, 95.39, 25.00, 3.403, 95.40, 25.03, 0.004, 104.88, 54.00);
insert into SURVEY values (1604, 1543, 'AvenDeLaTraverse', 'AvenDeLaTraverse.211.UltimaPatagonia', 'Aven De La Traverse');
 insert into CENTRELINE values (1605, 1604, NULL, NULL, NULL, 0.00, 0.00, 0.00);
 insert into CENTRELINE values (1606, 1604, NULL, '2010-02-01', NULL, 34.70, 0.00, 0.00);
 insert into SHOT values (3453, 3861, 3862, 1606, 8.500, 45.39, 25.00, 8.496, 45.37, 24.99, 0.005, 268.18, -28.37);
insert into SHOT values (3454, 3861, 3863, 1606, 5.200, 305.39, -20.00, 5.198, 305.41, -20.03, 0.004, 87.80, -22.74);
insert into SHOT values (3455, 3861, 3864, 1606, 10.000, 230.39, 30.00, 9.998, 230.39, 30.01, 0.002, 50.69, -0.00);
insert into SHOT values (3456, 3861, 3865, 1606, 11.000, 175.39, 70.00, 11.003, 175.43, 70.01, 0.004, 271.11, 54.40);
insert into SURVEY values (1608, 1543, 'SimaDelCol', 'SimaDelCol.211.UltimaPatagonia', 'Sima del Col');
 insert into CENTRELINE values (1609, 1608, NULL, NULL, NULL, 0.00, 0.00, 0.00);
 insert into SURVEY values (1611, 1543, 'MD/BDGS01', 'MD/BDGS01.211.UltimaPatagonia', 'MD/BDGS01');
 insert into CENTRELINE values (1612, 1611, NULL, NULL, NULL, 0.00, 0.00, 0.00);
 insert into SURVEY values (1614, 1543, 'MD/BDGS02', 'MD/BDGS02.211.UltimaPatagonia', 'MD/BDGS02');
 insert into CENTRELINE values (1615, 1614, NULL, NULL, NULL, 0.00, 0.00, 0.00);
 insert into SURVEY values (1617, 1543, 'MD/BDGS03', 'MD/BDGS03.211.UltimaPatagonia', 'MD/BDGS03');
 insert into CENTRELINE values (1618, 1617, NULL, NULL, NULL, 0.00, 0.00, 0.00);
 insert into SURVEY values (1620, 1543, 'MD/BDGS04', 'MD/BDGS04.211.UltimaPatagonia', 'MD/BDGS04');
 insert into CENTRELINE values (1621, 1620, NULL, NULL, NULL, 0.00, 0.00, 0.00);
 insert into SURVEY values (1623, 1543, 'MD/BDG05', 'MD/BDG05.211.UltimaPatagonia', 'MD/BDG05');
 insert into CENTRELINE values (1624, 1623, NULL, NULL, NULL, 0.00, 0.00, 0.00);
 insert into SURVEY values (1626, 1543, 'GrotteGrandeSoeur', 'GrotteGrandeSoeur.211.UltimaPatagonia', 'Grotte Grande Soeur');
 insert into CENTRELINE values (1627, 1626, NULL, NULL, NULL, 0.00, 0.00, 0.00);
 insert into CENTRELINE values (1629, 1543, NULL, NULL, NULL, 0.00, 0.00, 0.00);
 insert into SURVEY values (1631, 22, '212', '212.UltimaPatagonia', '212 Tarlton');
 insert into CENTRELINE values (1632, 1631, NULL, NULL, NULL, 0.00, 0.00, 0.00);
 insert into SURVEY values (1633, 1631, 'GrotteDeTarlton', 'GrotteDeTarlton.212.UltimaPatagonia', 'Grotte de Tarlton');
 insert into CENTRELINE values (1634, 1633, NULL, NULL, NULL, 0.00, 0.00, 0.00);
 insert into SURVEY values (1636, 1631, 'TAR01', 'TAR01.212.UltimaPatagonia', 'TAR01');
 insert into CENTRELINE values (1637, 1636, NULL, NULL, NULL, 0.00, 0.00, 0.00);
 insert into SURVEY values (1639, 1631, 'TAR02', 'TAR02.212.UltimaPatagonia', 'TAR02');
 insert into CENTRELINE values (1640, 1639, NULL, NULL, NULL, 0.00, 0.00, 0.00);
 insert into SURVEY values (1642, 1631, 'TAR03', 'TAR03.212.UltimaPatagonia', 'TAR03');
 insert into CENTRELINE values (1643, 1642, NULL, NULL, NULL, 0.00, 0.00, 0.00);
 insert into SURVEY values (1645, 1631, 'TAR04', 'TAR04.212.UltimaPatagonia', 'TAR04');
 insert into CENTRELINE values (1646, 1645, NULL, NULL, NULL, 0.00, 0.00, 0.00);
 insert into SURVEY values (1648, 1631, 'TAR05', 'TAR05.212.UltimaPatagonia', 'TAR05');
 insert into CENTRELINE values (1649, 1648, NULL, NULL, NULL, 0.00, 0.00, 0.00);
 insert into CENTRELINE values (1651, 1631, NULL, NULL, NULL, 0.00, 0.00, 0.00);
 insert into SURVEY values (1653, 22, '213', '213.UltimaPatagonia', '213 Guarello');
 insert into CENTRELINE values (1654, 1653, NULL, NULL, NULL, 0.00, 0.00, 0.00);
 insert into SURVEY values (1655, 1653, 'LeMasqueEtLaPlume', 'LeMasqueEtLaPlume.213.UltimaPatagonia', 'Gouffre du Masque et de la Plume');
 insert into CENTRELINE values (1656, 1655, NULL, NULL, NULL, 0.00, 0.00, 0.00);
 insert into CENTRELINE values (1657, 1655, NULL, NULL, NULL, 240.20, 0.00, 0.00);
 insert into SHOT values (3457, 3921, 3922, 1657, 3.800, 256.13, -20.00, 3.804, 256.08, -19.98, 0.005, 217.99, -3.51);
insert into SHOT values (3458, 3922, 3923, 1657, 3.900, 306.13, 0.00, 3.900, 306.14, 0.00, 0.000, 336.84, 0.00);
insert into SHOT values (3459, 3923, 3924, 1657, 5.200, 296.13, -16.00, 5.196, 296.26, -15.97, 0.012, 42.17, 16.33);
insert into SHOT values (3460, 3924, 3925, 1657, 4.500, 146.13, 10.00, 4.500, 146.13, 9.98, 0.001, 127.53, -71.80);
insert into SHOT values (3461, 3925, 3926, 1657, 4.800, 186.13, -40.00, 4.807, 186.24, -40.01, 0.009, 240.72, -29.28);
insert into SHOT values (3462, 3926, 3927, 1657, 8.000, 301.13, -3.00, 8.001, 301.12, -3.01, 0.002, 252.87, -38.11);
insert into SHOT values (3463, 3927, 3928, 1657, 8.400, 342.13, -15.00, 8.397, 342.12, -14.98, 0.005, 193.09, 58.43);
insert into SHOT values (3464, 3928, 3929, 1657, 8.400, 271.13, -10.00, 8.400, 271.18, -10.01, 0.007, 6.76, -11.72);
insert into SHOT values (3465, 3929, 3930, 1657, 8.600, 321.13, -10.00, 8.593, 321.14, -9.99, 0.007, 132.09, 28.11);
insert into SHOT values (3466, 3930, 3931, 1657, 13.300, 284.13, -8.00, 13.299, 284.15, -8.00, 0.005, 24.80, 12.25);
insert into SHOT values (3467, 3931, 3932, 1657, 6.900, 11.13, -20.00, 6.898, 11.12, -20.01, 0.003, 225.53, -1.31);
insert into SHOT values (3468, 3932, 3933, 1657, 7.400, 306.13, -10.00, 7.406, 306.13, -10.03, 0.007, 304.35, -44.84);
insert into SHOT values (3469, 3933, 3934, 1657, 10.800, 316.13, -15.00, 10.798, 316.13, -14.97, 0.005, 218.19, 77.68);
insert into SHOT values (3470, 3934, 3935, 1657, 4.600, 66.13, -10.00, 4.606, 66.20, -10.00, 0.008, 112.28, -8.80);
insert into SHOT values (3471, 3934, 3936, 1657, 8.500, 336.13, -20.00, 8.497, 336.13, -20.03, 0.006, 156.69, -30.91);
insert into SHOT values (3472, 3936, 3937, 1657, 11.800, 279.13, 5.00, 11.795, 279.16, 5.01, 0.008, 55.16, 11.90);
insert into SHOT values (3473, 3937, 3938, 1657, 6.200, 240.13, -25.00, 6.206, 240.15, -24.97, 0.007, 256.65, 1.80);
insert into SHOT values (3474, 3928, 3939, 1657, 6.700, 61.13, -15.00, 6.704, 61.10, -14.96, 0.007, 24.00, 33.88);
insert into SHOT values (3475, 3939, 3940, 1657, 8.600, 346.13, -24.00, 8.594, 346.14, -24.03, 0.008, 158.11, -14.34);
insert into SHOT values (3476, 3940, 3941, 1657, 14.000, 346.13, -40.00, 14.006, 346.15, -39.98, 0.008, 3.12, -6.95);
insert into SHOT values (3477, 3941, 3942, 1657, 13.600, 321.13, -30.00, 13.599, 321.14, -30.00, 0.001, 108.95, 0.00);
insert into SHOT values (3478, 3942, 3943, 1657, 9.000, 336.13, -33.00, 8.999, 336.08, -32.99, 0.007, 246.56, 15.23);
insert into SHOT values (3479, 3943, 3944, 1657, 17.800, 156.13, -60.00, 17.804, 156.14, -60.01, 0.005, 226.08, -71.67);
insert into SHOT values (3480, 3944, 3945, 1657, 6.800, 116.13, -43.00, 6.805, 116.10, -42.99, 0.006, 85.06, -24.92);
insert into SHOT values (3481, 3945, 3946, 1657, 3.200, 116.13, -28.00, 3.200, 116.02, -27.95, 0.006, 37.24, 22.39);
insert into SHOT values (3482, 3946, 3947, 1657, 8.000, 101.13, -52.00, 7.996, 101.24, -51.99, 0.010, 196.15, 23.50);
insert into SHOT values (3483, 3947, 3948, 1657, 6.500, 69.13, 10.00, 6.499, 69.13, 10.01, 0.002, 263.01, 42.90);
insert into SHOT values (3484, 3948, 3949, 1657, 6.600, 51.13, 0.00, 6.606, 51.08, 0.00, 0.008, 8.43, 0.00);
insert into SHOT values (3485, 3949, 3950, 1657, 3.200, 46.13, 0.00, 3.197, 46.27, 0.00, 0.008, 158.56, 0.00);
insert into SHOT values (3486, 3950, 3951, 1657, 7.300, 31.13, 60.00, 7.299, 30.99, 59.98, 0.009, 308.65, -12.28);
insert into SHOT values (3487, 3947, 3952, 1657, 3.800, 274.13, 0.00, 3.800, 274.23, 0.00, 0.006, 1.12, 0.00);
insert into CENTRELINE values (1658, 1655, NULL, NULL, NULL, 74.30, 0.00, 0.00);
 insert into SHOT values (3488, 3953, 3938, 1658, 7.100, 276.13, -37.00, 7.100, 276.17, -36.97, 0.006, 333.27, 31.28);
insert into SHOT values (3489, 3938, 3954, 1658, 14.300, 358.13, -20.00, 14.299, 358.17, -20.00, 0.008, 93.39, 6.41);
insert into SHOT values (3490, 3954, 3955, 1658, 19.000, 16.13, -90.00, 19.000, 90.00, -90.00, 0.000, 16.13, 0.00);
insert into SHOT values (3491, 3955, 3956, 1658, 11.200, 21.13, -58.00, 11.199, 21.16, -58.03, 0.006, 177.73, -17.35);
insert into SHOT values (3492, 3956, 3957, 1658, 9.500, 16.13, -90.00, 9.500, 90.00, -90.00, 0.000, 16.13, -6.11);
insert into SHOT values (3493, 3957, 3958, 1658, 13.200, 176.13, 0.00, 13.200, 176.13, 0.00, 0.000, 259.31, 0.00);
insert into CENTRELINE values (1659, 1655, NULL, NULL, NULL, 26.81, 0.00, 0.00);
 insert into SHOT values (3494, 3952, 3959, 1659, 1.580, 262.13, 5.00, 1.582, 261.97, 5.08, 0.005, 190.31, 26.38);
insert into SHOT values (3495, 3959, 3960, 1659, 17.000, 313.13, -9.00, 16.998, 313.14, -9.00, 0.003, 83.57, -10.14);
insert into SHOT values (3496, 3960, 3961, 1659, 8.230, 262.13, -11.00, 8.236, 262.18, -10.99, 0.009, 308.83, 2.20);
insert into CENTRELINE values (1660, 1655, NULL, NULL, NULL, 93.36, 0.00, 0.00);
 insert into SHOT values (3497, 3962, 3963, 1660, 0.000, 16.13, 0.00, 0.000, 90.00, 0.00, 0.000, 90.00, 0.00);
insert into SHOT values (3498, 3963, 3964, 1660, 5.360, 318.13, 12.00, 5.357, 318.09, 11.96, 0.006, 191.25, -45.01);
insert into SHOT values (3499, 3964, 3965, 1660, 5.230, 270.13, -24.00, 5.229, 270.12, -23.92, 0.008, 244.06, 71.55);
insert into SHOT values (3500, 3964, 3966, 1660, 2.130, 16.13, -90.00, 2.130, 90.00, -90.00, 0.000, 16.13, 30.84);
insert into SHOT values (3501, 3966, 3967, 1660, 2.290, 92.13, -23.00, 2.291, 92.17, -22.86, 0.006, 113.98, 51.23);
insert into SHOT values (3502, 3967, 3968, 1660, 2.900, 16.13, -90.00, 2.900, 90.00, -90.00, 0.000, 16.13, 7.50);
insert into SHOT values (3503, 3968, 3969, 1660, 3.500, 10.13, -15.00, 3.502, 10.05, -15.06, 0.007, 292.66, -38.69);
insert into SHOT values (3504, 3969, 3970, 1660, 2.220, 60.13, -23.00, 2.220, 60.05, -23.07, 0.004, 318.06, -39.35);
insert into SHOT values (3505, 3970, 3971, 1660, 5.100, 93.13, -18.00, 5.105, 93.19, -17.91, 0.010, 125.78, 35.30);
insert into SHOT values (3506, 3971, 3972, 1660, 2.900, 341.13, -39.00, 2.909, 341.16, -38.98, 0.009, 350.81, -33.65);
insert into SHOT values (3507, 3965, 3973, 1660, 5.580, 275.13, 13.00, 5.574, 275.18, 12.96, 0.008, 55.20, -39.62);
insert into SHOT values (3508, 3973, 3974, 1660, 4.350, 327.13, -16.00, 4.349, 327.11, -16.02, 0.002, 198.48, -23.31);
insert into SHOT values (3509, 3974, 3975, 1660, 6.400, 248.13, 7.00, 6.402, 248.20, 7.00, 0.008, 321.44, 0.27);
insert into SHOT values (3510, 3975, 3976, 1660, 1.700, 269.13, -2.00, 1.701, 268.99, -2.02, 0.005, 196.04, -8.57);
insert into SHOT values (3511, 3976, 3977, 1660, 4.600, 263.13, -40.00, 4.597, 263.16, -39.92, 0.007, 312.41, 73.66);
insert into SHOT values (3512, 3977, 3978, 1660, 17.400, 1.13, -38.00, 17.406, 1.13, -38.02, 0.008, 321.73, -77.61);
insert into SHOT values (3513, 3978, 3979, 1660, 4.200, 263.13, -23.00, 4.193, 263.00, -23.03, 0.011, 132.64, 5.37);
insert into SHOT values (3514, 3979, 3980, 1660, 8.700, 248.13, 55.00, 8.700, 248.22, 55.04, 0.009, 7.06, 21.25);
insert into SHOT values (3515, 3976, 3981, 1660, 5.300, 293.13, 12.00, 5.303, 293.16, 11.97, 0.005, 321.74, -24.42);
insert into SHOT values (3516, 3981, 3982, 1660, 3.500, 346.13, 44.00, 3.502, 346.18, 44.16, 0.010, 141.46, 57.66);
insert into CENTRELINE values (1661, 1655, NULL, NULL, NULL, 96.60, 0.00, 0.00);
 insert into SHOT values (3517, 3983, 3984, 1661, 7.700, 66.13, 48.00, 7.699, 66.07, 47.99, 0.006, 342.09, -21.82);
insert into SHOT values (3518, 3984, 3985, 1661, 22.000, 101.13, 5.00, 21.996, 101.13, 5.01, 0.005, 292.31, 31.50);
insert into SHOT values (3519, 3985, 3986, 1661, 14.600, 111.13, 2.00, 14.727, 108.45, 0.54, 0.792, 30.95, -27.82);
insert into SHOT values (3520, 3986, 3987, 1661, 16.600, 116.13, 4.00, 16.606, 116.15, 4.01, 0.007, 153.23, 16.04);
insert into SHOT values (3521, 3987, 3988, 1661, 5.400, 86.13, 19.00, 5.406, 86.07, 19.00, 0.008, 46.01, 13.42);
insert into SHOT values (3522, 3988, 3989, 1661, 5.200, 116.13, 58.00, 5.200, 116.29, 58.01, 0.007, 211.72, 1.16);
insert into SHOT values (3523, 3989, 3990, 1661, 10.500, 46.13, 53.00, 10.498, 46.15, 52.96, 0.007, 77.64, -52.16);
insert into SHOT values (3524, 3990, 3991, 1661, 8.200, 176.13, 42.00, 8.202, 176.14, 42.02, 0.003, 264.97, 71.99);
insert into SHOT values (3525, 3991, 3992, 1661, 6.400, 106.13, 45.00, 6.397, 106.07, 45.09, 0.011, 315.70, 23.44);
insert into CENTRELINE values (1662, 1655, NULL, NULL, NULL, 96.39, 0.00, 0.00);
 insert into SHOT values (3526, 3986, 3993, 1662, 6.650, 196.13, 28.00, 6.514, 194.81, 28.02, 0.191, 63.54, -18.96);
insert into SHOT values (3527, 3993, 3994, 1662, 7.500, 151.13, 9.00, 7.491, 149.08, 8.21, 0.285, 61.44, -21.21);
insert into SHOT values (3528, 3994, 3995, 1662, 12.200, 176.13, 14.00, 12.126, 173.43, 13.16, 0.589, 81.68, -18.95);
insert into SHOT values (3529, 3996, 3997, 1662, 5.280, 76.13, 22.00, 5.277, 76.16, 22.04, 0.005, 220.37, 25.34);
insert into SHOT values (3530, 3997, 3998, 1662, 4.500, 146.13, 13.00, 4.497, 146.16, 12.98, 0.004, 281.71, -32.86);
insert into SHOT values (3531, 3998, 3999, 1662, 5.000, 136.13, 32.00, 5.003, 136.15, 31.98, 0.003, 152.86, 6.79);
insert into SHOT values (3532, 3999, 4000, 1662, 9.400, 176.13, 35.00, 9.403, 176.13, 35.05, 0.009, 14.58, 72.91);
insert into SHOT values (3533, 4000, 4001, 1662, 10.000, 196.13, 12.00, 10.002, 196.14, 11.94, 0.010, 209.66, -64.93);
insert into SHOT values (3534, 4001, 4002, 1662, 4.900, 352.13, -22.00, 4.906, 352.17, -21.90, 0.011, 11.12, 29.76);
insert into SHOT values (3535, 4002, 4003, 1662, 5.700, 302.13, 11.00, 5.699, 302.07, 11.03, 0.007, 196.76, 20.82);
insert into SHOT values (3536, 4003, 4004, 1662, 5.300, 273.13, -3.00, 5.295, 273.14, -3.03, 0.006, 80.94, -28.18);
insert into SHOT values (3537, 4004, 4005, 1662, 6.860, 314.13, -26.00, 6.862, 314.08, -26.02, 0.006, 234.54, -25.82);
insert into SHOT values (3538, 4005, 4006, 1662, 7.900, 350.13, -28.00, 7.907, 350.19, -27.98, 0.010, 34.09, -7.02);
insert into SHOT values (3539, 4006, 4007, 1662, 4.200, 56.13, -38.00, 4.196, 56.21, -37.95, 0.007, 156.48, 50.44);
insert into SHOT values (3540, 4007, 3995, 1662, 1.000, 16.13, -90.00, 0.931, 243.43, -87.25, 0.083, 243.43, 57.43);
insert into CENTRELINE values (1663, 1655, NULL, NULL, NULL, 37.46, 0.00, 0.00);
 insert into SHOT values (3541, 4005, 4008, 1663, 5.900, 212.13, 23.00, 5.903, 212.14, 23.04, 0.005, 235.52, 70.47);
insert into SHOT values (3542, 4008, 4009, 1663, 10.480, 274.13, 12.00, 10.476, 274.14, 12.01, 0.005, 73.71, 13.52);
insert into SHOT values (3543, 4009, 4010, 1663, 5.290, 180.13, 21.00, 5.289, 180.12, 20.94, 0.006, 133.87, -71.04);
insert into SHOT values (3544, 4010, 4011, 1663, 8.850, 256.13, 17.00, 8.852, 256.19, 17.01, 0.009, 338.18, 15.42);
insert into SHOT values (3545, 4011, 4012, 1663, 5.320, 176.13, 18.00, 5.320, 176.15, 17.95, 0.005, 213.56, -60.12);
insert into SHOT values (3546, 4012, 4013, 1663, 1.620, 288.13, 0.00, 1.619, 287.99, 0.00, 0.004, 186.17, 0.00);
insert into CENTRELINE values (1664, 1655, NULL, NULL, NULL, 52.60, 0.00, 0.00);
 insert into SHOT values (3547, 3921, 4014, 1664, 8.400, 103.13, -5.00, 8.400, 103.12, -4.99, 0.003, 32.87, 54.56);
insert into SHOT values (3548, 4014, 4015, 1664, 7.900, 136.13, -5.00, 7.902, 136.18, -5.01, 0.007, 211.51, -11.42);
insert into SHOT values (3549, 4015, 4016, 1664, 7.100, 140.13, -27.00, 7.097, 140.07, -26.98, 0.008, 41.41, 24.42);
insert into SHOT values (3550, 4016, 4017, 1664, 4.300, 70.13, -30.00, 4.297, 70.20, -30.03, 0.006, 202.22, -0.00);
insert into SHOT values (3551, 4017, 4018, 1664, 5.000, 74.13, -45.00, 5.003, 74.08, -45.04, 0.006, 346.22, -52.39);
insert into SHOT values (3552, 4018, 4019, 1664, 3.000, 88.13, -33.00, 3.002, 88.18, -32.88, 0.007, 110.48, 34.57);
insert into SHOT values (3553, 4019, 4020, 1664, 10.700, 66.13, -39.00, 10.703, 66.09, -39.03, 0.009, 321.01, -42.16);
insert into SHOT values (3554, 4020, 4013, 1664, 6.200, 356.13, -65.00, 6.199, 356.05, -65.04, 0.005, 217.47, -9.42);
insert into CENTRELINE values (1665, 1655, NULL, NULL, NULL, 134.70, 0.00, 0.00);
 insert into SHOT values (3555, 4021, 4022, 1665, 13.000, 49.13, -56.00, 13.001, 49.18, -56.01, 0.007, 158.16, -19.68);
insert into SHOT values (3556, 4022, 4023, 1665, 5.400, 24.13, -38.00, 5.402, 24.10, -37.92, 0.008, 2.07, 34.52);
insert into SHOT values (3557, 4023, 4024, 1665, 5.600, 311.13, -31.00, 5.602, 311.12, -30.94, 0.007, 298.13, 39.01);
insert into SHOT values (3558, 4024, 4025, 1665, 7.300, 347.13, -28.00, 7.297, 347.17, -28.04, 0.007, 124.16, -23.69);
insert into SHOT values (3559, 4025, 4026, 1665, 3.800, 54.13, -35.00, 3.797, 54.16, -35.04, 0.005, 213.43, -5.12);
insert into SHOT values (3560, 4026, 4027, 1665, 6.800, 77.13, -26.00, 6.801, 77.15, -25.99, 0.002, 122.54, 24.87);
insert into SHOT values (3561, 4027, 4028, 1665, 11.100, 355.13, -28.00, 11.103, 355.14, -27.98, 0.005, 19.02, 13.05);
insert into SHOT values (3562, 4028, 4029, 1665, 3.700, 132.13, 6.00, 3.701, 132.14, 5.89, 0.007, 142.19, -74.72);
insert into SHOT values (3563, 4029, 4030, 1665, 5.300, 79.13, 29.00, 5.299, 79.05, 29.01, 0.007, 338.72, 4.49);
insert into SHOT values (3564, 4030, 4031, 1665, 3.700, 346.13, 19.00, 3.696, 346.08, 19.11, 0.009, 193.20, 39.17);
insert into SHOT values (3565, 4031, 4032, 1665, 15.600, 16.13, -51.00, 15.605, 16.15, -51.02, 0.007, 110.64, -70.78);
insert into SHOT values (3566, 4028, 4033, 1665, 4.800, 300.13, -17.00, 4.800, 300.09, -17.08, 0.008, 180.49, -56.83);
insert into SHOT values (3567, 4033, 4034, 1665, 23.000, 295.13, -27.00, 23.007, 295.14, -26.99, 0.010, 311.88, 10.75);
insert into SHOT values (3568, 4033, 4035, 1665, 7.800, 18.13, 14.00, 7.806, 18.08, 14.01, 0.010, 324.48, 17.99);
insert into SHOT values (3569, 4035, 4036, 1665, 16.600, 310.13, 49.00, 16.598, 310.16, 49.02, 0.007, 86.59, 15.74);
insert into SHOT values (3570, 4036, 3980, 1665, 1.200, 16.13, 90.00, 1.200, 90.00, 90.00, 0.000, 16.13, 34.57);
insert into CENTRELINE values (1666, 1655, NULL, NULL, NULL, 138.80, 0.00, 0.00);
 insert into SHOT values (3571, 4007, 4037, 1666, 0.000, 16.13, 0.00, 0.041, 56.31, -29.02, 0.041, 56.31, -29.02);
insert into SHOT values (3572, 4037, 4038, 1666, 7.000, 216.13, 20.00, 6.827, 215.30, 19.87, 0.198, 66.70, -21.99);
insert into SHOT values (3573, 4038, 4039, 1666, 5.000, 326.13, 7.00, 4.984, 327.79, 6.45, 0.152, 61.11, -18.98);
insert into SHOT values (3574, 4039, 4040, 1666, 7.800, 340.13, -7.00, 7.842, 342.24, -7.77, 0.307, 65.51, -20.88);
insert into SHOT values (3575, 4040, 4041, 1666, 7.900, 286.13, 12.00, 7.763, 287.67, 11.44, 0.259, 46.74, -23.33);
insert into SHOT values (3576, 4041, 4042, 1666, 4.800, 267.13, -18.00, 4.677, 267.80, -18.96, 0.155, 67.27, -13.66);
insert into SHOT values (3577, 4042, 4043, 1666, 3.200, 250.13, 40.00, 3.191, 250.16, 39.98, 0.009, 60.52, -47.91);
insert into SHOT values (3578, 4043, 4044, 1666, 7.800, 200.13, 15.00, 7.805, 200.09, 15.00, 0.007, 152.20, 9.92);
insert into SHOT values (3579, 4044, 4045, 1666, 7.200, 280.13, 19.00, 7.210, 280.14, 19.02, 0.011, 285.48, 34.00);
insert into SHOT values (3580, 4045, 4046, 1666, 6.600, 280.13, 15.00, 6.595, 280.13, 15.03, 0.006, 105.27, 16.95);
insert into SHOT values (3581, 4045, 4047, 1666, 3.100, 358.13, -20.00, 3.098, 358.23, -20.01, 0.005, 106.93, 2.92);
insert into SHOT values (3582, 4047, 4048, 1666, 11.000, 336.13, 50.00, 10.997, 336.15, 49.97, 0.008, 13.31, -57.71);
insert into SHOT values (3583, 4047, 4049, 1666, 4.700, 258.13, 2.00, 4.702, 258.21, 1.95, 0.008, 331.31, -30.68);
insert into SHOT values (3584, 4049, 4050, 1666, 4.200, 300.13, 17.00, 4.195, 300.08, 17.05, 0.008, 149.39, 15.60);
insert into SHOT values (3585, 4050, 4051, 1666, 5.000, 188.13, 0.00, 5.001, 188.16, 0.00, 0.003, 263.97, 0.00);
insert into SHOT values (3586, 4050, 3962, 1666, 9.000, 254.13, -16.00, 8.997, 254.16, -16.00, 0.006, 17.63, 7.42);
insert into SHOT values (3587, 3962, 4052, 1666, 5.300, 174.13, 31.00, 5.300, 174.19, 31.00, 0.004, 259.56, 3.80);
insert into SHOT values (3588, 4052, 4053, 1666, 5.600, 286.13, 59.00, 5.599, 286.11, 59.01, 0.002, 155.70, -5.06);
insert into SHOT values (3589, 4053, 4054, 1666, 6.000, 89.13, 0.00, 6.001, 89.14, 0.00, 0.001, 140.45, 0.00);
insert into SHOT values (3590, 4054, 4055, 1666, 4.100, 266.13, 35.00, 4.099, 266.07, 34.99, 0.004, 165.86, -24.90);
insert into SHOT values (3591, 4055, 4056, 1666, 2.700, 248.13, 34.00, 2.701, 248.25, 33.99, 0.005, 324.44, 2.25);
insert into SHOT values (3592, 4056, 4057, 1666, 3.500, 44.13, 55.00, 3.503, 44.19, 55.02, 0.004, 111.97, 52.35);
insert into SHOT values (3593, 4057, 4058, 1666, 5.600, 165.13, 43.00, 5.601, 165.15, 43.00, 0.002, 209.26, 24.76);
insert into SHOT values (3594, 4058, 4059, 1666, 3.600, 184.13, 0.00, 3.599, 184.14, 0.00, 0.001, 318.44, 0.00);
insert into SHOT values (3595, 4059, 4060, 1666, 4.000, 76.13, 10.00, 4.006, 76.07, 9.92, 0.009, 43.63, -29.56);
insert into SHOT values (3596, 4060, 4061, 1666, 4.100, 52.13, 30.00, 4.098, 52.10, 30.01, 0.003, 278.38, -0.00);
insert into CENTRELINE values (1667, 1655, NULL, NULL, NULL, 24.50, 0.00, 0.00);
 insert into SHOT values (3597, 3985, 4062, 1667, 0.000, 16.13, 0.00, 0.046, 243.43, 12.60, 0.046, 243.43, 12.60);
insert into SHOT values (3598, 4062, 4063, 1667, 11.400, 193.13, 22.00, 11.542, 195.09, 22.30, 0.394, 267.50, 16.12);
insert into SHOT values (3599, 4063, 4064, 1667, 3.000, 261.13, 32.00, 3.171, 260.61, 31.77, 0.174, 251.89, 27.54);
insert into SHOT values (3600, 4064, 4065, 1667, 3.900, 162.13, 13.00, 3.956, 163.69, 13.60, 0.125, 229.55, 25.02);
insert into SHOT values (3601, 4065, 4042, 1667, 6.200, 160.13, 26.00, 6.254, 161.89, 26.49, 0.187, 242.77, 22.63);
insert into CENTRELINE values (1668, 1655, NULL, NULL, NULL, 107.10, 0.00, 0.00);
 insert into SHOT values (3602, 4066, 4067, 1668, 7.700, 98.13, -24.00, 7.697, 98.18, -24.00, 0.006, 216.00, 17.18);
insert into SHOT values (3603, 4067, 4068, 1668, 9.000, 184.13, 8.00, 9.000, 184.12, 7.98, 0.004, 108.51, -46.90);
insert into SHOT values (3604, 4068, 4069, 1668, 4.200, 106.13, 0.00, 4.194, 106.06, 0.00, 0.008, 326.69, 0.00);
insert into SHOT values (3605, 4067, 4070, 1668, 4.400, 10.13, -10.00, 4.403, 10.09, -9.94, 0.006, 332.39, 39.03);
insert into SHOT values (3606, 4070, 4071, 1668, 14.200, 338.13, 52.00, 14.197, 338.16, 52.02, 0.007, 118.50, 2.01);
insert into SHOT values (3607, 4067, 4072, 1668, 9.800, 44.13, 17.00, 9.807, 44.14, 17.02, 0.007, 49.72, 40.64);
insert into SHOT values (3608, 4072, 4073, 1668, 5.900, 91.13, 0.00, 5.891, 91.17, 0.00, 0.009, 249.09, 0.00);
insert into SHOT values (3609, 4073, 4074, 1668, 3.800, 64.13, 12.00, 3.804, 64.19, 11.99, 0.006, 107.05, -0.65);
insert into SHOT values (3610, 4074, 4075, 1668, 4.800, 114.13, 15.00, 4.796, 114.08, 14.98, 0.006, 347.65, -22.10);
insert into SHOT values (3611, 4075, 4076, 1668, 3.800, 61.13, 30.00, 3.799, 61.10, 30.01, 0.002, 301.52, -0.00);
insert into SHOT values (3612, 4076, 4077, 1668, 4.300, 118.13, 30.00, 4.306, 118.14, 29.95, 0.007, 124.35, 0.00);
insert into SHOT values (3613, 4077, 4078, 1668, 5.500, 150.13, 25.00, 5.495, 150.14, 24.97, 0.006, 318.17, -51.31);
insert into SHOT values (3614, 4074, 4079, 1668, 2.600, 25.13, -43.00, 2.611, 25.09, -42.98, 0.011, 15.75, -37.61);
insert into SHOT values (3615, 4079, 4080, 1668, 6.000, 81.13, 0.00, 6.001, 81.18, 0.00, 0.005, 160.69, 0.00);
insert into SHOT values (3616, 4079, 4081, 1668, 1.700, 292.13, -3.00, 1.707, 292.05, -3.02, 0.008, 273.09, -7.88);
insert into SHOT values (3617, 4081, 4082, 1668, 1.200, 6.13, -25.00, 1.196, 6.34, -24.71, 0.008, 109.43, 60.47);
insert into SHOT values (3618, 4082, 4083, 1668, 3.600, 1.13, -2.00, 3.593, 1.12, -2.07, 0.008, 188.91, -31.24);
insert into SHOT values (3619, 4083, 4084, 1668, 2.100, 42.13, -1.00, 2.103, 42.11, -1.09, 0.005, 26.38, -46.09);
insert into SHOT values (3620, 4084, 4085, 1668, 2.500, 79.13, -1.00, 2.505, 79.18, -0.92, 0.006, 103.71, 34.11);
insert into SHOT values (3621, 4085, 4086, 1668, 10.000, 41.13, -60.00, 9.998, 41.02, -60.01, 0.010, 294.20, 1.47);
insert into CENTRELINE values (1669, 1655, NULL, NULL, NULL, 16.80, 0.00, 0.00);
 insert into SHOT values (3622, 4060, 4087, 1669, 2.500, 277.13, 20.00, 2.501, 277.09, 20.12, 0.005, 148.16, 68.06);
insert into SHOT values (3623, 4087, 4088, 1669, 1.400, 196.13, 48.00, 1.402, 196.70, 47.90, 0.010, 269.37, -2.38);
insert into SHOT values (3624, 4088, 4089, 1669, 5.600, 246.13, 0.00, 5.601, 246.09, 0.00, 0.004, 164.90, 0.00);
insert into SHOT values (3625, 4089, 4067, 1669, 7.300, 214.13, -2.00, 7.299, 214.10, -2.04, 0.006, 107.96, -54.08);
insert into SURVEY values (1671, 1653, 'GrotteFinistere', 'GrotteFinistere.213.UltimaPatagonia', 'Grotte du Finistere');
 insert into CENTRELINE values (1672, 1671, NULL, NULL, NULL, 0.00, 0.00, 0.00);
 insert into CENTRELINE values (1673, 1671, NULL, NULL, NULL, 412.54, 0.00, 0.00);
 insert into SHOT values (3626, 4090, 4091, 1673, 2.740, 39.13, 13.00, 2.737, 39.06, 13.09, 0.006, 259.55, 35.89);
insert into SHOT values (3627, 4091, 4092, 1673, 5.750, 30.13, -25.00, 5.754, 30.15, -24.98, 0.005, 53.11, 0.64);
insert into SHOT values (3628, 4092, 4093, 1673, 4.120, 80.13, -12.00, 4.120, 80.14, -12.05, 0.003, 209.97, -78.29);
insert into SHOT values (3629, 4093, 4094, 1673, 5.620, 98.13, 0.00, 5.617, 98.19, 0.00, 0.006, 215.01, 0.00);
insert into SHOT values (3630, 4094, 4095, 1673, 5.410, 117.13, 1.00, 5.412, 117.04, 0.95, 0.010, 41.57, -25.72);
insert into SHOT values (3631, 4095, 4096, 1673, 1.960, 49.13, -4.00, 1.961, 49.14, -3.80, 0.007, 64.40, 76.92);
insert into SHOT values (3632, 4096, 4097, 1673, 5.050, 140.13, -3.00, 5.048, 140.15, -3.07, 0.006, 284.90, -64.06);
insert into SHOT values (3633, 4097, 4098, 1673, 2.940, 177.13, 12.00, 2.947, 177.22, 11.95, 0.009, 206.19, -8.20);
insert into SHOT values (3634, 4098, 4099, 1673, 6.830, 115.13, 21.00, 6.834, 115.04, 21.01, 0.011, 41.97, 12.12);
insert into SHOT values (3635, 4099, 4100, 1673, 4.650, 39.13, -15.00, 4.643, 39.12, -14.98, 0.007, 229.27, 29.51);
insert into SHOT values (3636, 4100, 4101, 1673, 7.110, 25.13, -19.00, 7.117, 25.16, -19.03, 0.008, 51.54, -40.37);
insert into SHOT values (3637, 4101, 4102, 1673, 5.000, 25.13, -19.00, 4.994, 25.05, -18.93, 0.011, 269.86, 44.87);
insert into SHOT values (3638, 4101, 4103, 1673, 8.400, 178.13, 22.00, 8.406, 178.16, 22.01, 0.008, 213.25, 25.51);
insert into SHOT values (3639, 4103, 4104, 1673, 6.150, 194.13, 25.00, 6.146, 194.14, 25.03, 0.005, 10.39, 9.84);
insert into SHOT values (3640, 4104, 4105, 1673, 12.450, 184.13, 28.00, 12.453, 184.12, 27.97, 0.008, 159.63, -38.10);
insert into SHOT values (3641, 4105, 4106, 1673, 4.990, 132.13, 4.00, 4.989, 132.15, 4.02, 0.003, 248.07, 49.04);
insert into SHOT values (3642, 4106, 4107, 1673, 3.720, 170.13, -5.00, 3.718, 170.21, -4.94, 0.007, 281.42, 39.23);
insert into SHOT values (3643, 4107, 4108, 1673, 6.410, 174.13, 32.00, 6.414, 174.09, 32.01, 0.006, 120.10, 32.94);
insert into SHOT values (3644, 4108, 4109, 1673, 6.010, 252.13, 11.00, 6.013, 252.15, 10.93, 0.008, 270.95, -53.72);
insert into SHOT values (3645, 4109, 4110, 1673, 6.100, 319.13, 4.00, 6.106, 319.19, 4.04, 0.010, 10.79, 28.08);
insert into SHOT values (3646, 4110, 4111, 1673, 5.240, 223.13, 0.00, 5.243, 223.07, 0.00, 0.006, 157.09, 0.00);
insert into SHOT values (3647, 4111, 4112, 1673, 5.330, 247.13, 12.00, 5.325, 247.18, 12.03, 0.007, 32.29, 14.52);
insert into SHOT values (3648, 4112, 4113, 1673, 5.740, 176.13, -3.00, 5.740, 176.20, -3.00, 0.007, 262.09, 3.50);
insert into SHOT values (3649, 4113, 4114, 1673, 7.500, 247.13, 16.00, 7.499, 247.06, 15.95, 0.011, 161.29, -39.37);
insert into SHOT values (3650, 4114, 4115, 1673, 10.810, 324.13, -18.00, 10.814, 324.18, -17.99, 0.009, 23.34, 2.90);
insert into SHOT values (3651, 4114, 4116, 1673, 5.660, 299.13, -9.00, 5.661, 299.22, -8.94, 0.011, 20.23, 31.02);
insert into SHOT values (3652, 4116, 4117, 1673, 15.470, 174.13, 18.00, 15.473, 174.15, 17.99, 0.006, 223.71, -4.81);
insert into SHOT values (3653, 4117, 4118, 1673, 21.860, 173.13, 30.00, 21.855, 173.14, 30.01, 0.007, 326.31, -0.00);
insert into SHOT values (3654, 4118, 4119, 1673, 5.740, 197.13, 12.00, 5.742, 197.08, 11.96, 0.007, 139.12, -29.42);
insert into SHOT values (3655, 4119, 4120, 1673, 12.930, 154.13, 18.00, 12.938, 154.12, 18.01, 0.008, 135.42, 32.45);
insert into SHOT values (3656, 4120, 4121, 1673, 10.170, 144.13, 18.00, 10.159, 144.14, 18.00, 0.011, 319.00, -14.06);
insert into SHOT values (3657, 4121, 4122, 1673, 2.860, 54.13, 10.00, 2.866, 54.23, 10.05, 0.008, 91.90, 24.05);
insert into SHOT values (3658, 4122, 4123, 1673, 8.910, 290.13, 66.00, 8.912, 289.98, 65.97, 0.010, 225.17, 1.70);
insert into SHOT values (3659, 4123, 4124, 1673, 15.000, 145.13, 70.00, 14.997, 145.07, 69.98, 0.009, 95.66, -37.02);
insert into SHOT values (3660, 4120, 4125, 1673, 9.680, 200.13, 38.00, 9.680, 200.17, 38.00, 0.005, 292.48, 4.65);
insert into SHOT values (3661, 4125, 4126, 1673, 1.770, 234.13, 30.00, 1.767, 234.03, 29.87, 0.006, 130.52, -59.99);
insert into SHOT values (3662, 4126, 4127, 1673, 9.860, 210.13, 27.00, 9.855, 210.16, 27.04, 0.009, 1.80, 24.19);
insert into SHOT values (3663, 4127, 4128, 1673, 2.940, 188.13, 29.00, 2.942, 188.26, 28.86, 0.009, 234.35, -34.81);
insert into SHOT values (3664, 4128, 4129, 1673, 5.190, 209.13, 42.00, 5.193, 209.03, 42.08, 0.011, 97.40, 42.99);
insert into SHOT values (3665, 4129, 4130, 1673, 2.750, 196.13, 31.00, 2.744, 196.28, 30.92, 0.009, 311.13, -43.62);
insert into SHOT values (3666, 4130, 4131, 1673, 4.690, 224.13, 39.00, 4.692, 224.11, 38.95, 0.005, 206.98, -18.60);
insert into SHOT values (3667, 4131, 4132, 1673, 3.730, 192.13, 39.00, 3.729, 192.16, 39.07, 0.005, 349.32, 32.87);
insert into SHOT values (3668, 4132, 4133, 1673, 3.950, 218.13, 40.00, 3.947, 218.01, 40.06, 0.008, 89.28, 6.69);
insert into SHOT values (3669, 4133, 4134, 1673, 3.400, 164.13, 28.00, 3.404, 164.16, 28.04, 0.005, 198.47, 56.71);
insert into SHOT values (3670, 4134, 4135, 1673, 6.150, 195.13, 56.00, 6.143, 195.17, 55.95, 0.009, 264.50, -75.38);
insert into SHOT values (3671, 4135, 4136, 1673, 2.840, 137.13, 76.00, 2.844, 136.77, 76.04, 0.006, 36.01, 44.69);
insert into SHOT values (3672, 4130, 4137, 1673, 9.000, 196.13, 40.00, 9.007, 196.07, 40.00, 0.010, 141.29, 28.39);
insert into SHOT values (3673, 4120, 4138, 1673, 10.090, 287.13, -7.00, 10.090, 287.13, -7.00, 0.001, 116.49, -37.76);
insert into SHOT values (3674, 4138, 4139, 1673, 11.230, 19.13, -32.00, 11.231, 19.12, -31.99, 0.003, 330.48, 19.24);
insert into SHOT values (3675, 4139, 4140, 1673, 4.940, 18.13, -28.00, 4.942, 18.02, -28.00, 0.009, 303.04, -5.21);
insert into SHOT values (3676, 4140, 4141, 1673, 9.500, 34.13, -21.00, 9.503, 34.16, -21.03, 0.007, 109.61, -55.91);
insert into SHOT values (3677, 4141, 4142, 1673, 6.000, 349.13, 0.00, 5.997, 349.14, 0.00, 0.003, 152.98, 0.00);
insert into SHOT values (3678, 4137, 4143, 1673, 6.940, 158.13, 50.00, 6.935, 158.15, 49.97, 0.007, 268.98, -76.49);
insert into SHOT values (3679, 4143, 4144, 1673, 4.700, 113.13, 38.00, 4.698, 113.10, 38.12, 0.010, 310.51, 39.61);
insert into SHOT values (3680, 4144, 4145, 1673, 5.150, 150.13, 52.00, 5.152, 150.12, 52.00, 0.002, 114.52, 57.03);
insert into SHOT values (3681, 4145, 4146, 1673, 5.700, 215.13, 42.00, 5.696, 215.19, 41.98, 0.006, 330.97, -39.86);
insert into SHOT values (3682, 4146, 4147, 1673, 4.900, 248.13, 40.00, 4.898, 248.09, 40.02, 0.004, 118.57, 4.83);
insert into SHOT values (3683, 4147, 4148, 1673, 4.890, 215.13, 40.00, 4.889, 215.00, 39.96, 0.009, 138.69, -20.56);
insert into SHOT values (3684, 4148, 4149, 1673, 2.480, 291.13, 0.00, 2.488, 291.20, 0.00, 0.009, 310.98, 0.00);
insert into SHOT values (3685, 4149, 4150, 1673, 6.200, 184.13, 38.00, 6.199, 184.11, 38.04, 0.005, 35.11, 38.66);
insert into SHOT values (3686, 4150, 4151, 1673, 4.900, 215.13, 47.00, 4.900, 215.02, 46.94, 0.008, 156.12, -25.37);
insert into SHOT values (3687, 4151, 4152, 1673, 4.700, 203.13, 36.00, 4.701, 203.26, 36.10, 0.012, 317.07, 39.16);
insert into SHOT values (3688, 4152, 4153, 1673, 3.960, 232.13, 36.00, 3.958, 232.09, 35.89, 0.008, 194.43, -64.99);
insert into SHOT values (3689, 4153, 4154, 1673, 5.680, 184.13, 55.00, 5.686, 184.05, 55.04, 0.009, 96.64, 56.30);
insert into CENTRELINE values (1674, 1671, NULL, NULL, NULL, 449.80, 0.00, 0.00);
 insert into SHOT values (3690, 4155, 4156, 1674, 3.000, 71.13, -10.00, 2.996, 71.01, -10.00, 0.007, 309.00, 7.36);
insert into SHOT values (3691, 4156, 4157, 1674, 4.000, 22.13, -2.00, 3.999, 22.20, -2.01, 0.005, 127.48, -4.66);
insert into SHOT values (3692, 4157, 4158, 1674, 4.000, 306.13, -11.00, 3.995, 306.08, -10.97, 0.006, 166.56, 30.76);
insert into SHOT values (3693, 4158, 4159, 1674, 3.000, 346.13, -21.00, 3.002, 346.16, -21.08, 0.005, 54.92, -72.41);
insert into SHOT values (3694, 4159, 4160, 1674, 2.000, 327.13, -12.00, 2.006, 327.28, -12.09, 0.008, 13.74, -30.63);
insert into SHOT values (3695, 4160, 4161, 1674, 7.000, 320.13, -22.00, 6.998, 320.13, -21.99, 0.003, 166.40, 55.71);
insert into SHOT values (3696, 4161, 4162, 1674, 4.000, 325.13, -19.00, 4.001, 325.01, -18.96, 0.009, 248.46, 15.04);
insert into SHOT values (3697, 4162, 4163, 1674, 2.000, 30.13, 5.00, 1.997, 30.17, 4.88, 0.005, 183.36, -53.80);
insert into SHOT values (3698, 4163, 4164, 1674, 3.000, 27.13, -14.00, 3.008, 27.09, -13.85, 0.011, 14.75, 30.55);
insert into SHOT values (3699, 4164, 4165, 1674, 3.000, 71.13, 30.00, 3.001, 71.15, 29.99, 0.002, 96.17, -0.00);
insert into SHOT values (3700, 4165, 4166, 1674, 7.000, 25.13, 29.00, 6.996, 25.14, 28.98, 0.005, 185.13, -53.32);
insert into SHOT values (3701, 4166, 4167, 1674, 2.000, 65.13, -24.00, 2.001, 65.12, -23.88, 0.004, 54.12, 50.61);
insert into SHOT values (3702, 4167, 4168, 1674, 8.000, 22.13, -30.00, 7.994, 22.15, -30.03, 0.008, 181.55, 0.00);
insert into SHOT values (3703, 4168, 4169, 1674, 15.000, 131.13, 0.00, 14.997, 131.11, 0.00, 0.007, 17.01, 0.00);
insert into SHOT values (3704, 4162, 4170, 1674, 7.000, 181.13, 34.00, 6.996, 181.09, 33.98, 0.007, 65.66, -40.10);
insert into SHOT values (3705, 4170, 4171, 1674, 10.000, 211.13, 0.00, 10.000, 211.13, 0.00, 0.000, 143.04, 0.00);
insert into SHOT values (3706, 4171, 4172, 1674, 10.000, 256.13, 22.00, 10.000, 256.14, 22.03, 0.005, 35.43, 55.09);
insert into SHOT values (3707, 4172, 4173, 1674, 5.000, 154.13, 12.00, 4.998, 154.17, 12.01, 0.004, 280.71, 6.55);
insert into SHOT values (3708, 4173, 4174, 1674, 9.000, 115.13, 12.00, 9.000, 115.14, 11.99, 0.002, 174.54, -47.47);
insert into SHOT values (3709, 4174, 4175, 1674, 7.000, 138.13, 0.00, 6.997, 138.13, 0.00, 0.003, 326.70, 0.00);
insert into SHOT values (3710, 4175, 4176, 1674, 3.800, 71.13, 7.00, 3.797, 71.28, 6.96, 0.010, 174.23, -17.69);
insert into SHOT values (3711, 4176, 4177, 1674, 4.000, 185.13, 6.00, 3.998, 185.05, 6.03, 0.007, 70.04, 16.77);
insert into SHOT values (3712, 4177, 4178, 1674, 6.000, 188.13, 15.00, 5.995, 188.14, 15.08, 0.010, 358.92, 44.25);
insert into SHOT values (3713, 4178, 4179, 1674, 7.000, 120.13, 0.00, 6.999, 120.19, 0.00, 0.007, 214.18, 0.00);
insert into SHOT values (3714, 4179, 4180, 1674, 3.000, 242.13, 34.00, 2.996, 242.20, 33.88, 0.008, 332.69, -69.30);
insert into SHOT values (3715, 4180, 4181, 1674, 3.000, 181.13, 25.00, 3.002, 181.05, 25.02, 0.005, 113.25, 27.78);
insert into SHOT values (3716, 4171, 4182, 1674, 13.000, 337.13, -15.00, 12.999, 337.13, -14.98, 0.005, 248.10, 85.56);
insert into SHOT values (3717, 4182, 4183, 1674, 6.000, 187.13, 8.00, 6.005, 187.15, 8.04, 0.007, 207.30, 45.25);
insert into SHOT values (3718, 4182, 4184, 1674, 8.000, 205.13, 24.00, 7.610, 206.45, 24.29, 0.425, 1.97, -16.94);
insert into SHOT values (3719, 4184, 4185, 1674, 9.000, 287.13, -30.00, 9.142, 291.68, -31.16, 0.661, 16.72, -20.35);
insert into SHOT values (3720, 4185, 4186, 1674, 5.000, 327.13, -35.00, 5.317, 329.22, -34.61, 0.355, 356.91, -25.40);
insert into SHOT values (3721, 4186, 4187, 1674, 4.000, 16.13, -19.00, 4.396, 15.77, -18.99, 0.396, 12.17, -18.80);
insert into SHOT values (3722, 4187, 4188, 1674, 4.000, 135.13, 5.00, 3.760, 132.19, 3.81, 0.321, 354.16, -17.88);
insert into SHOT values (3723, 4188, 4189, 1674, 4.000, 59.13, 3.00, 4.234, 56.76, 1.76, 0.303, 22.35, -15.17);
insert into SHOT values (3724, 4189, 4182, 1674, 9.000, 133.13, 40.00, 8.755, 129.46, 40.36, 0.502, 14.06, -13.26);
insert into SHOT values (3725, 4187, 4190, 1674, 4.000, 317.13, -20.00, 4.006, 317.15, -20.00, 0.006, 330.37, -18.16);
insert into SHOT values (3726, 4190, 4191, 1674, 5.000, 59.13, -17.00, 5.003, 59.20, -16.97, 0.007, 118.93, 15.80);
insert into SHOT values (3727, 4190, 4192, 1674, 19.000, 276.13, 0.00, 18.999, 276.13, 0.00, 0.001, 79.29, 0.00);
insert into SHOT values (3728, 4192, 4193, 1674, 6.000, 284.13, -23.00, 5.997, 284.16, -23.07, 0.008, 76.01, -42.88);
insert into SHOT values (3729, 4193, 4194, 1674, 7.000, 282.13, -24.00, 7.003, 282.08, -23.92, 0.011, 243.32, 38.58);
insert into SHOT values (3730, 4194, 4195, 1674, 10.000, 325.13, -6.00, 9.998, 325.16, -6.03, 0.007, 88.16, -40.71);
insert into SHOT values (3731, 4195, 4196, 1674, 15.000, 275.13, -8.00, 15.059, 271.64, -4.80, 1.239, 192.88, 41.91);
insert into SHOT values (3732, 4196, 4197, 1674, 8.000, 175.13, 17.00, 8.006, 175.21, 16.99, 0.012, 231.97, 5.05);
insert into SHOT values (3733, 4197, 4198, 1674, 1.000, 16.13, -90.00, 1.000, 90.00, -90.00, 0.000, 16.13, 0.00);
insert into SHOT values (3734, 4198, 4199, 1674, 7.000, 177.13, 24.00, 6.991, 177.13, 23.97, 0.010, 0.83, -46.41);
insert into SHOT values (3735, 4196, 4200, 1674, 5.000, 312.13, -34.00, 4.851, 310.60, -33.25, 0.196, 182.42, 43.97);
insert into SHOT values (3736, 4200, 4201, 1674, 12.000, 288.13, -33.00, 11.929, 285.64, -30.87, 0.631, 218.48, 41.17);
insert into SHOT values (3737, 4201, 4202, 1674, 22.000, 335.13, -20.00, 21.879, 331.99, -17.12, 1.592, 255.25, 42.95);
insert into SHOT values (3738, 4202, 4203, 1674, 4.000, 151.13, -10.00, 4.103, 152.23, -8.55, 0.164, 184.81, 31.01);
insert into SHOT values (3739, 4203, 4204, 1674, 4.000, 53.13, -5.00, 3.847, 54.12, -3.73, 0.189, 208.97, 31.51);
insert into SHOT values (3740, 4204, 4205, 1674, 2.000, 112.13, 4.00, 2.032, 113.90, 5.36, 0.085, 178.42, 36.45);
insert into SHOT values (3741, 4205, 4206, 1674, 1.000, 147.13, 25.00, 1.171, 149.04, 26.36, 0.176, 160.86, 33.54);
insert into SHOT values (3742, 4206, 4207, 1674, 7.000, 142.13, 20.00, 7.154, 143.59, 21.14, 0.268, 203.68, 43.84);
insert into SHOT values (3743, 4207, 4208, 1674, 7.000, 72.13, 7.00, 6.925, 73.79, 8.89, 0.313, 190.91, 43.85);
insert into SHOT values (3744, 4208, 4209, 1674, 7.000, 112.13, 27.00, 7.092, 114.02, 28.37, 0.281, 202.16, 43.08);
insert into SHOT values (3745, 4209, 4210, 1674, 3.000, 143.13, 4.00, 3.115, 144.31, 5.16, 0.145, 173.43, 29.19);
insert into SHOT values (3746, 4210, 4211, 1674, 4.000, 41.13, 32.00, 3.623, 36.76, 33.88, 0.466, 251.43, -12.35);
insert into SHOT values (3747, 4211, 4212, 1674, 3.000, 95.13, 4.00, 2.379, 96.05, 4.10, 0.622, 271.64, -3.62);
insert into SHOT values (3748, 4212, 4213, 1674, 12.000, 127.13, 18.00, 11.612, 133.92, 19.99, 1.437, 241.21, 10.49);
insert into SHOT values (3749, 4213, 4214, 1674, 3.000, 138.13, 5.00, 3.110, 139.46, 6.09, 0.143, 172.95, 28.66);
insert into SHOT values (3750, 4214, 4215, 1674, 5.000, 199.13, -5.00, 5.161, 199.03, -3.44, 0.212, 196.12, 36.35);
insert into SHOT values (3751, 4215, 4195, 1674, 3.000, 16.13, 90.00, 3.151, 194.04, 88.50, 0.171, 194.04, 61.20);
insert into SHOT values (3752, 4213, 4216, 1674, 1.000, 340.13, -10.00, 1.360, 334.20, -11.45, 0.380, 318.14, -14.69);
insert into SHOT values (3753, 4216, 4217, 1674, 11.000, 231.13, 5.00, 11.447, 238.25, 1.75, 1.593, 305.56, -22.46);
insert into SHOT values (3754, 4217, 4218, 1674, 4.000, 282.13, -47.00, 4.550, 282.28, -44.52, 0.580, 283.06, -27.13);
insert into SHOT values (3755, 4218, 4210, 1674, 10.000, 17.13, -15.00, 10.122, 8.70, -17.54, 1.493, 282.59, -18.02);
insert into SHOT values (3756, 4202, 4219, 1674, 5.000, 268.13, -5.00, 5.002, 268.04, -5.05, 0.009, 192.27, -28.22);
insert into SHOT values (3757, 4219, 4220, 1674, 7.000, 213.13, 0.00, 7.001, 213.17, 0.00, 0.004, 295.16, 0.00);
insert into SHOT values (3758, 4220, 4221, 1674, 3.000, 251.13, -24.00, 2.998, 251.04, -24.01, 0.005, 137.85, 2.39);
insert into SHOT values (3759, 4221, 4222, 1674, 4.000, 200.13, 24.00, 4.001, 200.17, 24.04, 0.004, 291.91, 51.49);
insert into SHOT values (3760, 4222, 4223, 1674, 6.000, 221.13, 41.00, 6.003, 221.15, 41.02, 0.004, 296.14, 68.40);
insert into SHOT values (3761, 4223, 4224, 1674, 3.000, 357.13, -25.00, 3.005, 357.26, -25.00, 0.008, 53.31, -15.96);
insert into SHOT values (3762, 4224, 4225, 1674, 2.000, 255.13, 0.00, 2.006, 255.27, 0.00, 0.008, 294.48, 0.00);
insert into SHOT values (3763, 4225, 4226, 1674, 4.000, 222.13, 0.00, 4.000, 222.06, 0.00, 0.005, 136.86, 0.00);
insert into CENTRELINE values (1675, 1671, NULL, NULL, NULL, 222.40, 0.00, 0.00);
 insert into SHOT values (3764, 4221, 4227, 1675, 0.000, 16.13, 0.00, 0.000, 90.00, 0.00, 0.000, 90.00, 0.00);
insert into SHOT values (3765, 4227, 4228, 1675, 2.540, 343.13, -33.00, 2.540, 343.09, -32.91, 0.004, 306.83, 54.97);
insert into SHOT values (3766, 4228, 4229, 1675, 2.050, 277.13, -21.00, 2.053, 277.20, -21.13, 0.006, 337.71, -64.43);
insert into SHOT values (3767, 4229, 4230, 1675, 7.360, 354.13, -29.00, 7.353, 354.11, -28.96, 0.009, 209.22, 64.08);
insert into SHOT values (3768, 4230, 4231, 1675, 4.060, 328.13, -14.00, 4.066, 328.16, -14.09, 0.009, 357.75, -60.67);
insert into SHOT values (3769, 4231, 4232, 1675, 2.980, 39.13, -5.00, 2.982, 39.26, -5.00, 0.007, 113.18, -2.26);
insert into SHOT values (3770, 4232, 4233, 1675, 5.190, 348.13, -12.00, 5.191, 348.07, -11.90, 0.011, 287.72, 55.15);
insert into SHOT values (3771, 4233, 4234, 1675, 5.870, 279.13, -7.00, 5.869, 279.19, -7.05, 0.007, 24.44, -38.68);
insert into SHOT values (3772, 4234, 4235, 1675, 4.820, 241.13, -11.00, 4.820, 241.05, -11.00, 0.007, 148.52, -2.56);
insert into SHOT values (3773, 4235, 4236, 1675, 3.390, 216.13, 19.00, 3.390, 216.12, 18.94, 0.004, 178.68, -71.67);
insert into SHOT values (3774, 4236, 4237, 1675, 4.020, 310.13, -13.00, 4.026, 310.14, -12.92, 0.009, 315.12, 29.98);
insert into SHOT values (3775, 4237, 4238, 1675, 6.480, 349.13, -19.00, 6.473, 349.17, -19.03, 0.009, 143.92, -2.08);
insert into SHOT values (3776, 4238, 4239, 1675, 9.400, 5.13, -10.00, 9.400, 5.14, -9.99, 0.003, 92.32, 51.15);
insert into SHOT values (3777, 4239, 4240, 1675, 23.310, 16.13, -29.00, 23.313, 16.12, -28.99, 0.007, 318.25, 7.13);
insert into SHOT values (3778, 4239, 4241, 1675, 12.300, 354.13, -37.00, 12.306, 354.10, -36.97, 0.010, 324.86, 12.98);
insert into SHOT values (3779, 4241, 4242, 1675, 10.460, 346.13, -3.00, 10.458, 346.15, -3.01, 0.005, 108.62, -34.22);
insert into SHOT values (3780, 4242, 4243, 1675, 9.300, 24.13, -20.00, 9.294, 24.13, -20.01, 0.006, 209.20, 7.31);
insert into SHOT values (3781, 4243, 4244, 1675, 11.330, 273.13, -15.00, 11.334, 273.14, -15.03, 0.008, 308.95, -67.74);
insert into SHOT values (3782, 4239, 4245, 1675, 11.750, 196.13, 19.00, 11.747, 196.15, 18.98, 0.007, 308.02, -54.86);
insert into SHOT values (3783, 4245, 4246, 1675, 3.950, 163.13, 8.00, 3.946, 163.19, 8.01, 0.006, 303.41, 2.56);
insert into SHOT values (3784, 4246, 4247, 1675, 3.930, 35.13, 0.00, 3.932, 35.27, 0.00, 0.009, 115.70, 0.00);
insert into SHOT values (3785, 4247, 4248, 1675, 4.170, 43.13, -20.00, 4.162, 43.03, -19.95, 0.011, 272.33, 34.50);
insert into SHOT values (3786, 4226, 4249, 1675, 0.000, 16.13, 0.00, 0.000, 90.00, 0.00, 0.000, 90.00, 0.00);
insert into SHOT values (3787, 4249, 4250, 1675, 8.340, 315.13, -46.00, 8.344, 315.14, -45.98, 0.005, 323.65, -8.21);
insert into SHOT values (3788, 4250, 4251, 1675, 4.490, 190.13, 10.00, 4.497, 190.14, 9.99, 0.007, 196.24, 2.45);
insert into SHOT values (3789, 4251, 4252, 1675, 3.180, 86.13, 9.00, 3.186, 86.17, 9.03, 0.007, 106.31, 21.13);
insert into SHOT values (3790, 4252, 4253, 1675, 5.990, 169.13, 18.00, 5.985, 169.16, 18.01, 0.006, 318.93, -9.29);
insert into SHOT values (3791, 4253, 4254, 1675, 3.070, 210.13, 42.00, 3.063, 210.06, 42.01, 0.007, 59.23, -34.47);
insert into SHOT values (3792, 4252, 4255, 1675, 4.730, 255.13, 68.00, 4.723, 255.26, 68.02, 0.008, 29.00, -46.46);
insert into SHOT values (3793, 4255, 4256, 1675, 3.950, 151.13, 67.00, 3.952, 151.27, 67.07, 0.007, 287.40, 36.72);
insert into SHOT values (3794, 4256, 4257, 1675, 4.570, 181.13, 8.00, 4.574, 181.14, 7.92, 0.008, 185.85, -48.18);
insert into SHOT values (3795, 4257, 4258, 1675, 4.840, 172.13, 18.00, 4.842, 172.13, 18.05, 0.004, 200.57, 87.00);
insert into SHOT values (3796, 4258, 4259, 1675, 4.150, 158.13, 7.00, 4.149, 158.04, 6.92, 0.009, 65.15, -41.95);
insert into SHOT values (3797, 4259, 4260, 1675, 3.160, 168.13, 23.00, 3.164, 168.30, 23.08, 0.010, 247.59, 30.85);
insert into SHOT values (3798, 4260, 4102, 1675, 1.300, 88.13, 43.00, 1.302, 87.59, 43.11, 0.010, 358.38, 20.66);
insert into SHOT values (3799, 4255, 4256, 1675, 3.950, 151.13, 67.00, 3.952, 151.27, 67.07, 0.007, 287.40, 36.72);
insert into SHOT values (3800, 4256, 4257, 1675, 4.570, 181.13, 8.00, 4.574, 181.14, 7.92, 0.008, 185.85, -48.18);
insert into SHOT values (3801, 4257, 4258, 1675, 4.840, 172.13, 18.00, 4.842, 172.13, 18.05, 0.004, 200.57, 87.00);
insert into SHOT values (3802, 4258, 4259, 1675, 4.150, 158.13, 7.00, 4.149, 158.04, 6.92, 0.009, 65.15, -41.95);
insert into SHOT values (3803, 4259, 4260, 1675, 3.160, 168.13, 23.00, 3.164, 168.30, 23.08, 0.010, 247.59, 30.85);
insert into SHOT values (3804, 4260, 4102, 1675, 1.300, 88.13, 43.00, 1.302, 87.59, 43.11, 0.010, 358.38, 20.66);
insert into SURVEY values (1677, 1653, 'PerteGlaciaire', 'PerteGlaciaire.213.UltimaPatagonia', 'PerteGlaciaire');
 insert into CENTRELINE values (1678, 1677, NULL, NULL, NULL, 0.00, 0.00, 0.00);
 insert into CENTRELINE values (1679, 1677, NULL, '2006-02-01', NULL, 165.78, 0.00, 0.00);
 insert into SHOT values (3805, 4261, 4262, 1679, 18.000, 222.69, 39.00, 18.003, 222.71, 39.00, 0.005, 288.55, 24.23);
insert into SHOT values (3806, 4262, 4263, 1679, 14.400, 113.69, -21.00, 14.407, 113.67, -20.99, 0.010, 77.43, 2.90);
insert into SHOT values (3807, 4263, 4264, 1679, 17.470, 62.69, -20.00, 17.465, 62.69, -20.02, 0.009, 260.86, -34.60);
insert into SHOT values (3808, 4264, 4265, 1679, 10.730, 95.69, 35.00, 10.736, 95.68, 35.01, 0.007, 63.43, 52.05);
insert into SHOT values (3809, 4265, 4266, 1679, 18.130, 157.69, 10.00, 18.131, 157.69, 9.97, 0.009, 117.92, -67.58);
insert into SHOT values (3810, 4266, 4267, 1679, 6.000, 141.69, -60.00, 5.994, 141.91, -59.98, 0.013, 238.50, 28.61);
insert into SHOT values (3811, 4267, 4268, 1679, 11.000, 127.69, 9.00, 11.000, 127.67, 9.00, 0.004, 44.50, -10.66);
insert into SHOT values (3812, 4268, 4269, 1679, 9.800, 172.69, 17.00, 9.802, 172.71, 16.96, 0.007, 204.10, -47.93);
insert into SHOT values (3813, 4269, 4270, 1679, 23.000, 232.69, 34.00, 22.997, 232.70, 34.03, 0.013, 44.51, 42.28);
insert into SHOT values (3814, 4270, 4271, 1679, 4.710, 190.69, 20.00, 4.710, 190.68, 19.99, 0.002, 126.28, -30.90);
insert into SHOT values (3815, 4266, 4272, 1679, 11.540, 247.69, 44.00, 11.542, 247.70, 44.01, 0.004, 357.15, 76.83);
insert into SHOT values (3816, 4272, 4273, 1679, 21.000, 247.69, 44.00, 21.006, 247.68, 43.99, 0.008, 214.93, 16.00);
insert into CENTRELINE values (1681, 1653, NULL, NULL, NULL, 0.00, 0.00, 0.00);
 insert into SURVEY values (1683, 22, '303', '303.UltimaPatagonia', '303 Avenir');
 insert into CENTRELINE values (1684, 1683, NULL, NULL, NULL, 0.00, 0.00, 0.00);
 insert into SURVEY values (1685, 1683, 'PerteDesPortesDAbraham', 'PerteDesPortesDAbraham.303.UltimaPatagonia', 'Perte Des Portes D''Abraham');
 insert into CENTRELINE values (1686, 1685, NULL, NULL, NULL, 0.00, 0.00, 0.00);
 insert into CENTRELINE values (1687, 1685, NULL, '2014-02-01', NULL, 482.98, 0.00, 0.00);
 insert into SHOT values (3817, 4277, 4278, 1687, 6.100, 15.10, -90.00, 6.100, 90.00, -90.00, 0.000, 15.10, 14.05);
insert into SHOT values (3818, 4278, 4279, 1687, 3.600, 49.10, -37.00, 3.599, 49.10, -37.08, 0.005, 231.85, -41.07);
insert into SHOT values (3819, 4279, 4280, 1687, 8.470, 72.10, -33.00, 8.468, 72.13, -32.99, 0.005, 174.40, 42.31);
insert into SHOT values (3820, 4280, 4281, 1687, 7.050, 24.10, -8.00, 7.056, 24.07, -7.98, 0.007, 354.74, 9.29);
insert into SHOT values (3821, 4281, 4282, 1687, 12.430, 271.10, 42.00, 12.435, 271.05, 42.00, 0.009, 211.32, 17.69);
insert into SHOT values (3822, 4281, 4283, 1687, 12.200, 54.10, -47.00, 12.199, 54.09, -46.99, 0.003, 9.84, 66.11);
insert into SHOT values (3823, 4283, 4284, 1687, 6.390, 117.10, -15.00, 6.391, 117.19, -15.05, 0.011, 209.27, -32.84);
insert into SHOT values (3824, 4284, 4285, 1687, 2.940, 81.10, -21.00, 2.938, 80.98, -20.94, 0.007, 342.57, 32.77);
insert into SHOT values (3825, 4283, 4286, 1687, 6.580, 359.10, 54.00, 6.573, 359.11, 54.03, 0.008, 173.73, -24.86);
insert into SHOT values (3826, 4286, 4287, 1687, 2.000, 5.10, -3.00, 2.001, 5.17, -2.87, 0.005, 75.35, 61.31);
insert into SHOT values (3827, 4287, 4288, 1687, 1.620, 332.10, -22.00, 1.626, 331.91, -22.03, 0.008, 289.70, -22.47);
insert into SHOT values (3828, 4288, 4289, 1687, 8.690, 55.10, -76.00, 8.689, 55.25, -75.98, 0.007, 116.06, 16.14);
insert into SHOT values (3829, 4288, 4290, 1687, 25.040, 260.10, 81.00, 25.038, 260.15, 81.00, 0.004, 340.86, -24.84);
insert into SHOT values (3830, 4290, 4291, 1687, 3.770, 254.10, 10.00, 3.771, 254.05, 10.08, 0.006, 166.65, 61.44);
insert into SHOT values (3831, 4291, 4292, 1687, 4.200, 232.10, 39.00, 4.197, 231.97, 38.98, 0.008, 131.62, -22.92);
insert into SHOT values (3832, 4292, 4293, 1687, 5.600, 277.10, -22.00, 5.600, 277.19, -22.03, 0.009, 16.30, -14.33);
insert into SHOT values (3833, 4293, 4294, 1687, 2.900, 265.10, 1.00, 2.901, 265.06, 0.99, 0.003, 204.33, -13.62);
insert into SHOT values (3834, 4294, 4295, 1687, 3.300, 265.10, 1.00, 3.302, 265.14, 1.04, 0.004, 306.00, 37.22);
insert into SHOT values (3835, 4294, 4296, 1687, 6.800, 215.10, 59.00, 6.805, 215.14, 58.95, 0.008, 233.41, 9.27);
insert into SHOT values (3836, 4296, 4297, 1687, 6.900, 255.10, 0.00, 6.901, 255.14, 0.00, 0.005, 334.71, 0.00);
insert into SHOT values (3837, 4296, 4298, 1687, 9.900, 206.10, 52.00, 9.897, 206.10, 52.01, 0.004, 21.55, -18.91);
insert into SHOT values (3838, 4298, 4299, 1687, 8.600, 222.10, 33.00, 8.599, 222.08, 33.05, 0.008, 73.68, 47.08);
insert into SHOT values (3839, 4299, 4300, 1687, 4.400, 246.10, 65.00, 4.394, 245.91, 64.93, 0.010, 179.42, -49.53);
insert into SHOT values (3840, 4300, 4301, 1687, 3.000, 151.10, 24.00, 2.998, 151.19, 24.01, 0.005, 261.42, -2.63);
insert into SHOT values (3841, 4301, 4302, 1687, 7.500, 194.10, 0.00, 7.497, 194.13, 0.00, 0.005, 323.94, 0.00);
insert into SHOT values (3842, 4301, 4303, 1687, 3.600, 192.10, 48.00, 3.601, 192.24, 48.10, 0.009, 316.54, 32.37);
insert into SHOT values (3843, 4303, 4304, 1687, 2.800, 225.10, 42.00, 2.796, 225.00, 41.97, 0.005, 107.15, -41.11);
insert into SHOT values (3844, 4304, 4305, 1687, 0.000, 15.10, 0.00, 0.000, 90.00, 0.00, 0.000, 90.00, 0.00);
insert into SHOT values (3845, 4305, 4306, 1687, 2.200, 268.10, 41.00, 2.205, 268.27, 41.12, 0.008, 353.78, 52.63);
insert into SHOT values (3846, 4306, 4307, 1687, 4.200, 340.10, 29.00, 4.194, 340.08, 28.95, 0.007, 174.59, -56.76);
insert into SHOT values (3847, 4307, 4308, 1687, 4.500, 219.10, 51.00, 4.501, 218.98, 51.04, 0.007, 110.63, 23.86);
insert into SHOT values (3848, 4308, 4309, 1687, 5.300, 287.10, 52.00, 5.304, 287.10, 52.01, 0.004, 294.93, 69.00);
insert into SHOT values (3849, 4309, 4310, 1687, 2.700, 337.10, 45.00, 2.703, 336.92, 44.95, 0.007, 280.34, 6.44);
insert into SHOT values (3850, 4310, 4311, 1687, 14.000, 318.10, -5.00, 13.998, 318.11, -5.04, 0.011, 98.50, -66.75);
insert into SHOT values (3851, 4311, 4312, 1687, 15.000, 261.10, 0.00, 15.000, 261.10, 0.00, 0.001, 321.78, 0.00);
insert into SHOT values (3852, 4312, 4313, 1687, 11.000, 279.10, -10.00, 11.003, 279.08, -10.00, 0.005, 227.01, 1.58);
insert into SHOT values (3853, 4313, 4314, 1687, 11.000, 251.10, 13.00, 11.000, 251.11, 13.03, 0.006, 5.46, 71.33);
insert into SHOT values (3854, 4314, 4315, 1687, 7.500, 212.10, 20.00, 7.495, 212.07, 19.97, 0.007, 86.72, -45.35);
insert into SHOT values (3855, 4315, 4316, 1687, 7.700, 237.10, 9.00, 7.704, 237.12, 9.04, 0.007, 282.47, 49.43);
insert into SHOT values (3856, 4316, 4317, 1687, 5.600, 201.10, 36.00, 5.601, 201.07, 35.97, 0.004, 164.08, -25.34);
insert into SHOT values (3857, 4317, 4318, 1687, 7.200, 250.10, 1.00, 7.201, 250.11, 1.03, 0.004, 293.29, 76.21);
insert into SHOT values (3858, 4318, 4319, 1687, 8.700, 218.10, 19.00, 8.693, 218.08, 19.00, 0.007, 59.24, -20.27);
insert into SHOT values (3859, 4319, 4320, 1687, 4.300, 101.10, 39.00, 4.296, 101.04, 38.94, 0.007, 13.22, -60.66);
insert into SHOT values (3860, 4320, 4321, 1687, 10.900, 233.10, 34.00, 10.907, 233.09, 34.00, 0.007, 221.11, 40.51);
insert into SHOT values (3861, 4321, 4322, 1687, 3.000, 15.10, 90.00, 3.000, 90.00, 90.00, 0.000, 15.10, 0.00);
insert into SHOT values (3862, 4290, 4323, 1687, 0.000, 15.10, 0.00, 0.000, 90.00, 0.00, 0.000, 90.00, 0.00);
insert into SHOT values (3863, 4323, 4324, 1687, 9.200, 15.10, -90.00, 9.200, 90.00, -90.00, 0.000, 15.10, -6.31);
insert into SHOT values (3864, 4324, 4325, 1687, 9.300, 48.10, 3.00, 9.304, 48.14, 3.02, 0.008, 107.83, 22.72);
insert into SHOT values (3865, 4325, 4326, 1687, 10.500, 295.10, -53.00, 10.507, 295.07, -52.98, 0.009, 266.34, -29.50);
insert into SHOT values (3866, 4326, 4327, 1687, 7.300, 307.10, -66.00, 7.298, 307.18, -66.05, 0.008, 97.03, -7.72);
insert into SHOT values (3867, 4327, 4328, 1687, 20.000, 36.10, -75.00, 19.991, 36.12, -75.00, 0.009, 176.93, 73.67);
insert into SHOT values (3868, 4328, 4329, 1687, 11.200, 55.10, -34.00, 11.199, 55.09, -34.05, 0.009, 243.88, -50.33);
insert into SHOT values (3869, 4328, 4330, 1687, 7.200, 230.10, 12.00, 7.205, 230.12, 11.93, 0.010, 251.19, -42.65);
insert into SHOT values (3870, 4327, 4331, 1687, 5.200, 310.10, -53.00, 5.202, 310.09, -52.91, 0.008, 304.57, 21.07);
insert into SHOT values (3871, 4331, 4332, 1687, 8.500, 255.10, -30.00, 8.499, 255.04, -30.01, 0.008, 152.65, 0.00);
insert into SHOT values (3872, 4332, 4333, 1687, 8.000, 305.10, -60.00, 8.000, 305.12, -60.02, 0.003, 89.80, -34.44);
insert into SHOT values (3873, 4333, 4334, 1687, 2.100, 255.10, -81.00, 2.096, 255.96, -80.95, 0.007, 330.47, 38.88);
insert into SHOT values (3874, 4334, 4335, 1687, 4.300, 285.10, -33.00, 4.298, 285.12, -32.99, 0.003, 71.96, 46.19);
insert into SHOT values (3875, 4335, 4336, 1687, 6.200, 235.10, -36.00, 6.208, 235.14, -36.01, 0.008, 268.78, -42.64);
insert into SHOT values (3876, 4336, 4337, 1687, 10.700, 87.10, -66.00, 10.697, 87.10, -65.97, 0.006, 93.68, 54.66);
insert into SHOT values (3877, 4338, 4339, 1687, 7.000, 205.10, -14.00, 6.998, 205.09, -13.97, 0.004, 57.88, 68.77);
insert into SHOT values (3878, 4339, 4340, 1687, 1.400, 200.10, -38.00, 1.402, 200.07, -37.84, 0.005, 192.47, 25.33);
insert into SHOT values (3879, 4340, 4341, 1687, 5.700, 95.10, -56.00, 5.706, 95.03, -55.98, 0.008, 57.58, -35.98);
insert into SHOT values (3880, 4337, 4338, 1687, 8.500, 350.10, -65.00, 8.506, 350.07, -65.01, 0.007, 297.80, -67.37);
insert into SHOT values (3881, 4338, 4342, 1687, 5.500, 285.10, 5.00, 5.498, 285.03, 5.01, 0.007, 180.74, 5.05);
insert into SHOT values (3882, 4342, 4343, 1687, 1.900, 290.10, 12.00, 1.897, 290.19, 12.18, 0.007, 75.89, 42.30);
insert into SHOT values (3883, 4343, 4344, 1687, 4.100, 275.10, 21.00, 4.107, 275.09, 20.97, 0.008, 268.28, 5.29);
insert into SHOT values (3884, 4344, 4345, 1687, 2.900, 245.10, 35.00, 2.894, 245.06, 34.99, 0.006, 87.48, -35.56);
insert into SHOT values (3885, 4345, 4346, 1687, 4.700, 250.10, 33.00, 4.702, 250.14, 32.98, 0.004, 295.43, 2.80);
insert into SHOT values (3886, 4346, 4347, 1687, 12.000, 55.10, 0.00, 12.001, 55.08, 0.00, 0.005, 337.07, 0.00);
insert into SHOT values (3887, 4346, 4348, 1687, 8.400, 175.10, 31.00, 8.399, 175.06, 31.03, 0.007, 51.67, 30.43);
insert into SURVEY values (1689, 1683, 'CuevaNutria', 'CuevaNutria.303.UltimaPatagonia', 'CuevaNutria');
 insert into CENTRELINE values (1690, 1689, NULL, NULL, NULL, 0.00, 0.00, 0.00);
 insert into CENTRELINE values (1691, 1689, NULL, '2014-02-01', NULL, 191.39, 0.00, 0.00);
 insert into SHOT values (3888, 4349, 4350, 1691, 2.960, 207.10, 7.00, 3.140, 208.95, 6.58, 0.206, 236.27, -0.20);
insert into SHOT values (3889, 4350, 4351, 1691, 4.090, 201.10, -29.00, 4.237, 203.12, -28.63, 0.197, 244.37, -13.86);
insert into SHOT values (3890, 4351, 4352, 1691, 3.700, 199.10, -37.00, 3.837, 201.08, -36.45, 0.176, 238.50, -17.61);
insert into SHOT values (3891, 4352, 4353, 1691, 5.450, 247.10, 37.00, 5.452, 247.03, 36.98, 0.006, 184.53, 0.98);
insert into SHOT values (3892, 4353, 4354, 1691, 3.900, 212.10, 59.00, 3.897, 212.19, 58.98, 0.004, 301.07, -43.96);
insert into SHOT values (3893, 4354, 4355, 1691, 7.770, 270.10, 44.00, 7.772, 270.10, 44.01, 0.003, 291.85, 72.38);
insert into SHOT values (3894, 4355, 4356, 1691, 6.000, 15.10, 90.00, 6.000, 90.00, 90.00, 0.000, 15.10, 0.00);
insert into SHOT values (3895, 4353, 4357, 1691, 2.730, 223.10, -8.00, 2.729, 223.20, -8.00, 0.005, 324.42, -0.68);
insert into SHOT values (3896, 4357, 4358, 1691, 3.870, 243.10, 0.00, 3.868, 243.10, 0.00, 0.002, 52.44, 0.00);
insert into SHOT values (3897, 4352, 4359, 1691, 9.380, 139.10, 25.00, 9.384, 139.10, 24.96, 0.007, 138.69, -35.29);
insert into SHOT values (3898, 4359, 4360, 1691, 7.000, 58.10, 43.00, 6.995, 58.02, 42.99, 0.009, 306.48, -27.11);
insert into SHOT values (3899, 4359, 4361, 1691, 4.100, 61.10, -34.00, 4.093, 61.09, -34.02, 0.007, 244.55, 22.96);
insert into SHOT values (3900, 4361, 4362, 1691, 6.760, 123.10, -46.00, 6.761, 123.08, -46.08, 0.009, 318.74, -51.14);
insert into SHOT values (3901, 4362, 4363, 1691, 5.460, 26.10, 15.00, 5.469, 26.18, 15.05, 0.013, 68.74, 33.01);
insert into SHOT values (3902, 4363, 4364, 1691, 5.000, 15.10, 90.00, 5.000, 90.00, 90.00, 0.000, 15.10, 0.00);
insert into SHOT values (3903, 4362, 4365, 1691, 4.190, 15.10, -90.00, 4.190, 90.00, -90.00, 0.000, 15.10, 3.47);
insert into SHOT values (3904, 4362, 4366, 1691, 1.120, 15.10, 90.00, 1.120, 90.00, 90.00, 0.000, 15.10, 12.80);
insert into SHOT values (3905, 4366, 4367, 1691, 6.400, 193.10, 24.00, 6.398, 193.06, 24.08, 0.010, 48.32, 45.19);
insert into SHOT values (3906, 4367, 4368, 1691, 4.200, 208.10, 29.00, 4.197, 208.10, 28.93, 0.006, 23.81, -85.73);
insert into SHOT values (3907, 4368, 4369, 1691, 4.650, 220.10, 0.00, 4.655, 220.12, 0.00, 0.006, 237.56, 0.00);
insert into SHOT values (3908, 4369, 4370, 1691, 2.000, 220.10, 0.00, 1.995, 219.92, 0.00, 0.008, 91.01, 0.00);
insert into SHOT values (3909, 4359, 4371, 1691, 4.400, 242.10, 20.00, 4.401, 242.20, 19.93, 0.009, 308.61, -32.66);
insert into SHOT values (3910, 4371, 4372, 1691, 6.950, 234.10, 11.00, 6.945, 234.07, 11.04, 0.007, 85.80, 31.47);
insert into SHOT values (3911, 4352, 4373, 1691, 2.500, 106.10, -20.00, 2.276, 107.58, -21.39, 0.239, 272.77, 6.02);
insert into SHOT values (3912, 4373, 4374, 1691, 3.800, 75.10, -11.00, 3.533, 74.92, -11.76, 0.271, 257.40, 1.07);
insert into SHOT values (3913, 4369, 4375, 1691, 8.000, 15.10, 90.00, 8.000, 90.00, 90.00, 0.000, 15.10, 0.00);
insert into SHOT values (3914, 4375, 4376, 1691, 20.000, 220.10, 29.00, 19.998, 220.08, 29.02, 0.008, 86.72, 28.02);
insert into SHOT values (3915, 4374, 4377, 1691, 3.800, 75.10, 11.00, 3.513, 75.04, 11.16, 0.287, 255.87, -9.04);
insert into SHOT values (3916, 4373, 4378, 1691, 2.200, 254.10, -32.00, 2.193, 254.10, -31.93, 0.007, 75.18, 52.48);
insert into SHOT values (3917, 4378, 4379, 1691, 8.500, 15.10, -90.00, 8.500, 90.00, -90.00, 0.000, 15.10, 0.00);
insert into SHOT values (3918, 4349, 4380, 1691, 3.510, 46.10, -28.00, 3.703, 47.33, -26.81, 0.218, 65.19, -5.83);
insert into SHOT values (3919, 4380, 4381, 1691, 9.500, 152.10, 2.00, 9.599, 148.30, 2.39, 0.644, 68.89, 6.10);
insert into SHOT values (3920, 4381, 4382, 1691, 2.700, 223.10, -37.00, 2.494, 221.49, -38.12, 0.219, 58.92, 22.76);
insert into SHOT values (3921, 4382, 4377, 1691, 2.800, 253.10, -49.00, 2.591, 252.56, -50.87, 0.227, 77.44, 27.00);
insert into SHOT values (3922, 4379, 4383, 1691, 6.000, 254.10, 1.00, 5.999, 254.13, 0.96, 0.006, 352.85, -52.74);
insert into SHOT values (3923, 4384, 4379, 1691, 6.000, 199.10, 4.00, 6.004, 199.10, 4.01, 0.005, 200.43, 18.47);
insert into SURVEY values (1693, 1683, 'CuevaTortillaConCitron', 'CuevaTortillaConCitron.303.UltimaPatagonia', 'CuevaTortillaConCitron');
 insert into CENTRELINE values (1694, 1693, NULL, NULL, NULL, 0.00, 0.00, 0.00);
 insert into CENTRELINE values (1695, 1693, NULL, '2014-02-01', NULL, 120.96, 0.00, 0.00);
 insert into SHOT values (3924, 4385, 4386, 1695, 6.720, 56.10, -41.00, 6.722, 56.09, -41.00, 0.002, 21.24, -43.19);
insert into SHOT values (3925, 4386, 4387, 1695, 10.600, 104.10, -29.00, 10.599, 104.11, -29.01, 0.002, 227.48, -24.14);
insert into SHOT values (3926, 4387, 4388, 1695, 11.000, 132.10, -15.00, 10.993, 132.10, -14.97, 0.009, 312.06, 54.62);
insert into SHOT values (3927, 4388, 4389, 1695, 4.000, 144.10, -16.00, 4.009, 144.08, -16.07, 0.011, 135.16, -44.52);
insert into SHOT values (3928, 4389, 4390, 1695, 4.600, 110.10, -26.00, 4.595, 110.10, -25.94, 0.007, 286.96, 66.91);
insert into SHOT values (3929, 4390, 4391, 1695, 3.100, 187.10, -15.00, 3.101, 187.10, -15.14, 0.008, 3.30, -79.54);
insert into SHOT values (3930, 4391, 4392, 1695, 4.900, 148.10, -16.00, 4.901, 148.10, -15.99, 0.002, 142.71, 22.25);
insert into SHOT values (3931, 4392, 4393, 1695, 4.500, 49.10, -17.00, 4.498, 49.05, -16.93, 0.007, 311.44, 57.66);
insert into SHOT values (3932, 4393, 4394, 1695, 10.600, 70.10, -4.00, 10.607, 70.11, -4.00, 0.007, 84.69, -4.56);
insert into SHOT values (3933, 4394, 4395, 1695, 3.600, 152.10, -19.00, 3.600, 152.16, -18.97, 0.004, 237.34, 31.60);
insert into SHOT values (3934, 4395, 4396, 1695, 2.200, 105.10, 0.00, 2.195, 105.05, 0.00, 0.005, 307.38, 0.00);
insert into SHOT values (3935, 4396, 4397, 1695, 10.900, 159.10, -6.00, 10.904, 159.09, -6.00, 0.004, 137.24, -8.93);
insert into SHOT values (3936, 4397, 4398, 1695, 2.100, 116.10, -67.00, 2.107, 115.94, -67.01, 0.008, 72.65, -64.68);
insert into SHOT values (3937, 4398, 4399, 1695, 1.800, 29.10, 0.00, 1.795, 28.99, 0.00, 0.006, 242.56, 0.00);
insert into SHOT values (3938, 4399, 4400, 1695, 1.800, 119.10, 20.00, 1.802, 118.99, 20.12, 0.005, 38.33, 52.81);
insert into SHOT values (3939, 4400, 4401, 1695, 7.950, 15.10, -90.00, 7.950, 90.00, -90.00, 0.000, 15.10, -31.30);
insert into SHOT values (3940, 4401, 4402, 1695, 2.300, 106.10, 0.00, 2.301, 106.15, 0.00, 0.002, 174.74, 0.00);
insert into SHOT values (3941, 4402, 4403, 1695, 6.100, 206.10, -6.00, 6.103, 206.10, -6.02, 0.003, 209.10, -45.84);
insert into SHOT values (3942, 4403, 4404, 1695, 6.900, 132.10, -7.00, 6.898, 132.10, -6.99, 0.002, 313.08, 23.43);
insert into SHOT values (3943, 4404, 4405, 1695, 7.890, 56.10, 0.00, 7.891, 56.11, 0.00, 0.001, 118.28, 0.00);
insert into SHOT values (3944, 4405, 4406, 1695, 7.400, 124.10, 5.00, 7.403, 124.06, 5.04, 0.008, 62.88, 38.57);
insert into SHOT values (3945, 4406, 4407, 1695, 0.000, 15.10, 0.00, 0.000, 90.00, 0.00, 0.000, 90.00, 0.00);
insert into CENTRELINE values (1697, 1683, NULL, NULL, NULL, 0.00, 0.00, 0.00);
 insert into SURVEY values (1699, 22, '304', '304.UltimaPatagonia', '304 Pelantaro');
 insert into CENTRELINE values (1700, 1699, NULL, NULL, NULL, 0.00, 0.00, 0.00);
 insert into SURVEY values (1701, 1699, 'PerteDeLaSucriereInferieure', 'PerteDeLaSucriereInferieure.304.UltimaPatagonia', 'Perte De La Sucriere Inferieure');
 insert into CENTRELINE values (1702, 1701, NULL, NULL, NULL, 0.00, 0.00, 0.00);
 insert into CENTRELINE values (1703, 1701, NULL, '2014-02-01', NULL, 213.04, 0.00, 0.00);
 insert into SHOT values (3946, 4423, 4424, 1703, 9.140, 148.20, -69.70, 9.178, 150.61, -69.73, 0.139, 235.95, -15.72);
insert into SHOT values (3947, 4423, 4425, 1703, 6.140, 71.90, -3.10, 6.410, 71.14, -2.59, 0.288, 54.59, 8.39);
insert into SHOT values (3948, 4425, 4426, 1703, 5.300, 237.70, -49.40, 5.096, 237.71, -51.36, 0.271, 57.59, 9.39);
insert into SHOT values (3949, 4426, 4424, 1703, 5.850, 211.00, -48.40, 5.654, 209.96, -50.13, 0.271, 45.17, 7.35);
insert into SHOT values (3950, 4424, 4427, 1703, 5.320, 152.00, -20.00, 5.326, 152.00, -19.98, 0.007, 153.56, -3.85);
insert into SHOT values (3951, 4427, 4428, 1703, 2.940, 135.00, 1.90, 2.929, 135.00, 1.96, 0.011, 314.86, 12.97);
insert into SHOT values (3952, 4428, 4429, 1703, 11.270, 172.20, -64.30, 11.278, 172.13, -64.27, 0.011, 139.79, -25.21);
insert into SHOT values (3953, 4429, 4430, 1703, 3.930, 202.50, -9.90, 3.922, 202.52, -9.84, 0.009, 12.60, 39.22);
insert into SHOT values (3954, 4430, 4431, 1703, 9.260, 192.40, -45.50, 9.265, 192.45, -45.51, 0.008, 261.26, -39.59);
insert into SHOT values (3955, 4431, 4432, 1703, 3.930, 222.30, 3.20, 3.928, 222.31, 3.21, 0.002, 19.38, 14.65);
insert into SHOT values (3956, 4432, 4433, 1703, 8.410, 162.80, -72.50, 8.411, 162.78, -72.47, 0.005, 152.71, 9.20);
insert into SHOT values (3957, 4433, 4434, 1703, 9.360, 251.50, -46.90, 9.354, 251.48, -46.90, 0.007, 97.40, 40.98);
insert into SHOT values (3958, 4434, 4435, 1703, 1.330, 285.80, -9.20, 1.337, 285.83, -9.04, 0.008, 290.72, 20.22);
insert into SHOT values (3959, 4435, 4436, 1703, 3.020, 237.00, -24.10, 3.021, 237.00, -24.24, 0.007, 53.86, -70.11);
insert into SHOT values (3960, 4436, 4437, 1703, 1.910, 273.60, -33.50, 1.908, 273.60, -33.39, 0.004, 270.92, 84.29);
insert into SHOT values (3961, 4437, 4438, 1703, 1.220, 208.10, -21.40, 1.226, 207.69, -21.53, 0.011, 147.95, -27.20);
insert into SHOT values (3962, 4438, 4439, 1703, 1.530, 290.80, -30.70, 1.530, 290.91, -30.64, 0.003, 356.71, 21.66);
insert into SHOT values (3963, 4439, 4440, 1703, 4.090, 352.90, -15.00, 4.090, 352.87, -15.02, 0.002, 258.47, -40.18);
insert into SHOT values (3964, 4440, 4441, 1703, 4.310, 310.30, -31.30, 4.310, 310.26, -31.31, 0.002, 213.84, -20.70);
insert into SHOT values (3965, 4441, 4442, 1703, 3.680, 318.70, -38.30, 3.682, 318.65, -38.26, 0.004, 275.61, 11.32);
insert into SHOT values (3966, 4442, 4443, 1703, 4.150, 52.80, -52.10, 4.149, 52.64, -52.01, 0.010, 356.27, 28.36);
insert into SHOT values (3967, 4443, 4444, 1703, 4.700, 45.20, -49.60, 4.697, 45.27, -49.66, 0.007, 192.66, -6.64);
insert into SHOT values (3968, 4444, 4445, 1703, 6.700, 286.60, -70.30, 6.701, 286.75, -70.33, 0.007, 42.71, -18.26);
insert into SHOT values (3969, 4445, 4446, 1703, 3.200, 321.80, 1.20, 3.198, 321.73, 1.25, 0.005, 199.82, 33.93);
insert into SHOT values (3970, 4446, 4447, 1703, 1.860, 325.40, -8.10, 1.860, 325.62, -8.04, 0.007, 53.13, 16.34);
insert into SHOT values (3971, 4447, 4448, 1703, 2.470, 291.50, 0.90, 2.470, 291.37, 0.70, 0.010, 202.70, -57.73);
insert into SHOT values (3972, 4448, 4449, 1703, 2.380, 153.80, -19.50, 2.376, 153.78, -19.42, 0.005, 349.89, 55.85);
insert into SHOT values (3973, 4449, 4450, 1703, 1.400, 220.40, 3.80, 1.400, 220.65, 3.69, 0.007, 309.47, -24.86);
insert into SHOT values (3974, 4450, 4451, 1703, 6.210, 136.80, 57.40, 6.209, 136.82, 57.39, 0.002, 198.59, -55.48);
insert into SHOT values (3975, 4451, 4452, 1703, 8.370, 166.20, 37.60, 8.373, 166.13, 37.61, 0.009, 89.80, 20.81);
insert into SHOT values (3976, 4452, 4453, 1703, 11.450, 331.20, 68.30, 11.451, 331.20, 68.30, 0.001, 281.80, 73.57);
insert into SHOT values (3977, 4448, 4454, 1703, 4.290, 9.60, -8.00, 4.290, 9.62, -7.90, 0.007, 51.67, 74.22);
insert into SHOT values (3978, 4454, 4455, 1703, 4.050, 297.70, -54.20, 4.055, 297.65, -54.22, 0.006, 243.12, -62.38);
insert into SHOT values (3979, 4455, 4456, 1703, 10.930, 272.60, -64.60, 10.925, 272.57, -64.61, 0.006, 127.43, 38.60);
insert into SHOT values (3980, 4455, 4457, 1703, 3.050, 239.30, -69.90, 3.045, 239.51, -69.94, 0.007, 13.77, 38.68);
insert into SHOT values (3981, 4457, 4458, 1703, 5.570, 318.40, -49.80, 5.576, 318.38, -49.81, 0.007, 296.93, -59.01);
insert into SHOT values (3982, 4458, 4459, 1703, 9.260, 358.10, -8.60, 9.258, 358.12, -8.57, 0.006, 103.08, 51.43);
insert into SHOT values (3983, 4433, 4460, 1703, 13.820, 338.00, -85.90, 13.816, 338.09, -85.88, 0.006, 2.30, 50.18);
insert into SHOT values (3984, 4460, 4461, 1703, 7.240, 325.70, -35.00, 7.244, 325.72, -35.05, 0.008, 71.25, -72.91);
insert into SURVEY values (1705, 1699, 'ResurgenceDeLAvenir', 'ResurgenceDeLAvenir.304.UltimaPatagonia', 'Resurgence De L''Avenir');
 insert into CENTRELINE values (1706, 1705, NULL, NULL, NULL, 0.00, 0.00, 0.00);
 insert into CENTRELINE values (1707, 1705, NULL, NULL, NULL, 89.00, 0.00, 0.00);
 insert into SHOT values (3985, 4462, 4463, 1707, 5.000, 246.13, -23.58, 4.998, 246.18, -23.59, 0.004, 9.35, 0.00);
insert into SHOT values (3986, 4463, 4464, 1707, 5.000, 256.13, -9.21, 5.000, 256.05, -9.21, 0.007, 166.25, -0.00);
insert into SHOT values (3987, 4464, 4465, 1707, 3.000, 186.13, -13.49, 2.999, 186.10, -13.50, 0.002, 73.18, 0.00);
insert into SHOT values (3988, 4465, 4466, 1707, 17.000, 196.13, -9.48, 17.003, 196.13, -9.48, 0.003, 199.54, -0.00);
insert into SHOT values (3989, 4466, 4467, 1707, 6.000, 146.13, -40.54, 5.996, 146.10, -40.58, 0.006, 351.01, -0.00);
insert into SHOT values (3990, 4467, 4468, 1707, 12.000, 286.13, -50.06, 11.999, 286.13, -50.06, 0.001, 124.57, 0.00);
insert into SHOT values (3991, 4468, 4469, 1707, 4.000, 311.13, 10.08, 4.002, 311.09, 10.07, 0.004, 260.71, -0.00);
insert into SHOT values (3992, 4469, 4470, 1707, 13.000, 311.13, 32.58, 13.002, 311.15, 32.57, 0.004, 10.68, 0.00);
insert into SHOT values (3993, 4470, 4471, 1707, 11.000, 321.13, 25.87, 10.995, 321.11, 25.88, 0.006, 172.00, 0.00);
insert into SHOT values (3994, 4471, 4472, 1707, 4.000, 301.13, 33.37, 4.002, 301.17, 33.35, 0.003, 350.20, -0.00);
insert into SHOT values (3995, 4472, 4473, 1707, 3.000, 276.13, 30.00, 2.997, 276.19, 30.03, 0.004, 52.65, 0.00);
insert into SHOT values (3996, 4473, 4474, 1707, 6.000, 296.13, 32.23, 6.001, 296.06, 32.23, 0.006, 211.80, 0.00);
insert into CENTRELINE values (1708, 1705, NULL, NULL, NULL, 160.23, 0.00, 0.00);
 insert into SHOT values (3997, 4474, 4475, 1708, 5.000, 21.13, 10.00, 5.005, 21.05, 10.01, 0.009, 323.55, 11.26);
insert into SHOT values (3998, 4475, 4476, 1708, 8.000, 1.13, 10.00, 7.993, 1.16, 10.01, 0.008, 148.31, 5.72);
insert into SHOT values (3999, 4476, 4477, 1708, 9.880, 356.13, 1.60, 9.886, 356.11, 1.56, 0.009, 328.58, -38.28);
insert into SHOT values (4000, 4477, 4478, 1708, 10.700, 303.33, 8.40, 10.694, 303.31, 8.44, 0.010, 149.29, 42.20);
insert into SHOT values (4001, 4478, 4479, 1708, 5.040, 44.13, -8.70, 5.045, 44.11, -8.78, 0.009, 12.21, -60.31);
insert into SHOT values (4002, 4479, 4480, 1708, 3.870, 282.53, -8.00, 3.867, 282.51, -7.88, 0.009, 147.35, 77.56);
insert into SHOT values (4003, 4480, 4481, 1708, 5.930, 296.93, 18.50, 5.936, 296.93, 18.46, 0.007, 294.14, -13.04);
insert into SHOT values (4004, 4481, 4482, 1708, 4.110, 284.43, -20.60, 4.106, 284.47, -20.68, 0.007, 79.05, -33.67);
insert into SHOT values (4005, 4478, 4483, 1708, 8.090, 306.03, 24.00, 8.094, 306.03, 23.98, 0.004, 306.89, -6.77);
insert into SHOT values (4006, 4483, 4484, 1708, 5.230, 254.03, -12.20, 5.228, 253.98, -12.26, 0.008, 128.96, -38.53);
insert into SHOT values (4007, 4484, 4485, 1708, 5.010, 227.53, -18.70, 5.005, 227.56, -18.64, 0.007, 8.30, 56.94);
insert into SHOT values (4008, 4485, 4486, 1708, 1.110, 230.93, 8.30, 2.087, 230.30, 7.99, 0.977, 229.58, 7.63);
insert into SHOT values (4009, 4486, 4487, 1708, 6.140, 211.63, -47.50, 6.141, 211.63, -47.39, 0.012, 208.49, 36.53);
insert into SHOT values (4010, 4486, 4488, 1708, 5.340, 181.73, 6.80, 6.089, 187.51, 7.17, 0.943, 222.38, 7.79);
insert into SHOT values (4011, 4488, 4489, 1708, 3.110, 214.53, -23.70, 3.942, 215.75, -20.33, 0.860, 219.84, -8.02);
insert into SHOT values (4012, 4489, 4490, 1708, 7.420, 193.53, -27.40, 8.154, 198.43, -22.04, 1.196, 227.95, 17.24);
insert into SHOT values (4013, 4485, 4491, 1708, 11.710, 198.53, -9.30, 11.009, 190.68, -13.93, 1.910, 74.90, -23.37);
insert into SHOT values (4014, 4491, 4492, 1708, 5.130, 215.13, 18.20, 4.184, 213.04, 20.28, 0.974, 43.69, -9.00);
insert into SHOT values (4015, 4492, 4493, 1708, 6.770, 201.23, -11.70, 5.954, 196.19, -15.49, 1.066, 50.11, -11.75);
insert into SHOT values (4016, 4493, 4494, 1708, 2.310, 283.93, -34.40, 1.985, 294.26, -38.30, 0.473, 67.16, 9.14);
insert into SHOT values (4017, 4494, 4490, 1708, 0.820, 1.93, 33.70, 1.359, 10.09, 28.10, 0.563, 20.57, 19.17);
insert into SHOT values (4018, 4477, 4495, 1708, 5.480, 232.83, 14.20, 5.479, 232.81, 14.26, 0.007, 97.25, 58.76);
insert into SHOT values (4019, 4495, 4496, 1708, 5.160, 235.53, 9.00, 5.161, 235.47, 8.92, 0.009, 162.73, -50.27);
insert into SHOT values (4020, 4496, 4497, 1708, 9.750, 208.03, -2.50, 9.753, 208.04, -2.47, 0.006, 225.86, 60.83);
insert into SHOT values (4021, 4497, 4498, 1708, 10.090, 253.63, 1.40, 10.091, 253.65, 1.42, 0.005, 324.04, 48.72);
insert into SHOT values (4022, 4498, 4499, 1708, 9.030, 258.33, 58.20, 9.026, 258.36, 58.19, 0.005, 2.30, -63.11);
insert into CENTRELINE values (1709, 1705, NULL, NULL, NULL, 18.00, 0.00, 0.00);
 insert into SHOT values (4023, 4474, 4500, 1709, 18.000, 166.13, -3.50, 17.998, 166.12, -3.50, 0.005, 55.36, 0.00);
insert into CENTRELINE values (1710, 1705, NULL, NULL, NULL, 35.00, 0.00, 0.00);
 insert into SHOT values (4024, 4500, 4501, 1710, 3.000, 146.13, -17.46, 3.000, 146.25, -17.46, 0.006, 232.09, 0.00);
insert into SHOT values (4025, 4501, 4502, 1710, 8.000, 136.13, -29.18, 7.996, 136.10, -29.19, 0.006, 354.69, 0.00);
insert into SHOT values (4026, 4502, 4503, 1710, 5.000, 156.13, 11.54, 4.999, 156.16, 11.54, 0.002, 271.01, 0.00);
insert into SHOT values (4027, 4503, 4504, 1710, 6.000, 156.13, -16.46, 5.999, 156.11, -16.46, 0.003, 40.43, -0.00);
insert into SHOT values (4028, 4504, 4505, 1710, 3.000, 331.13, 41.81, 2.995, 331.02, 41.90, 0.008, 183.21, 0.00);
insert into SHOT values (4029, 4505, 4506, 1710, 8.000, 261.13, 22.80, 8.002, 261.19, 22.79, 0.008, 334.99, 0.00);
insert into SHOT values (4030, 4506, 4507, 1710, 2.000, 316.13, 48.59, 1.995, 316.23, 48.75, 0.008, 118.89, 0.00);
insert into CENTRELINE values (1711, 1705, NULL, NULL, NULL, 10.00, 0.00, 0.00);
 insert into SHOT values (4031, 4507, 4508, 1711, 10.000, 276.13, 0.00, 9.997, 276.14, 0.00, 0.003, 58.41, 0.00);
insert into CENTRELINE values (1712, 1705, NULL, '2020-02-15', NULL, 130.44, 0.00, 0.00);
 insert into SHOT values (4032, 4509, 4510, 1712, 2.750, 280.60, -44.00, 2.754, 280.80, -44.19, 0.012, 35.49, -51.64);
insert into SHOT values (4033, 4510, 4511, 1712, 3.100, 265.60, -21.00, 3.104, 265.65, -20.96, 0.005, 296.67, 10.71);
insert into SHOT values (4034, 4511, 4512, 1712, 25.000, 296.60, 2.00, 24.997, 296.59, 2.02, 0.009, 169.74, 52.82);
insert into SHOT values (4035, 4512, 4513, 1712, 9.800, 305.60, 21.00, 9.802, 305.62, 20.98, 0.005, 353.83, -23.34);
insert into SHOT values (4036, 4512, 4462, 1712, 4.400, 210.60, -17.00, 4.399, 210.59, -17.05, 0.004, 40.78, -54.46);
insert into SHOT values (4037, 4512, 4514, 1712, 4.150, 173.60, 1.00, 4.146, 173.63, 0.97, 0.005, 321.04, -28.50);
insert into SHOT values (4038, 4514, 4515, 1712, 9.200, 155.60, 23.00, 9.197, 155.58, 22.98, 0.005, 27.10, -64.43);
insert into SHOT values (4039, 4515, 4516, 1712, 2.600, 140.60, 1.00, 2.601, 140.62, 1.10, 0.005, 188.12, 73.99);
insert into SHOT values (4040, 4516, 4517, 1712, 4.700, 217.60, -40.00, 4.695, 217.54, -40.04, 0.007, 67.53, 8.80);
insert into SHOT values (4041, 4517, 4518, 1712, 5.600, 137.60, 1.00, 5.600, 137.68, 1.02, 0.008, 226.33, 15.77);
insert into SHOT values (4042, 4518, 4519, 1712, 9.250, 143.60, 14.00, 9.247, 143.56, 13.95, 0.009, 42.47, -56.89);
insert into SHOT values (4043, 4516, 4520, 1712, 8.150, 133.60, 6.00, 8.150, 133.60, 5.99, 0.002, 184.07, -67.26);
insert into SHOT values (4044, 4520, 4521, 1712, 3.440, 136.60, 13.00, 3.447, 136.57, 12.91, 0.009, 125.12, -24.65);
insert into SHOT values (4045, 4521, 4522, 1712, 3.300, 163.60, 1.00, 3.295, 163.60, 1.04, 0.006, 340.83, 23.66);
insert into SHOT values (4046, 4512, 4523, 1712, 7.000, 98.60, 30.00, 7.004, 98.53, 29.98, 0.008, 44.17, -0.00);
insert into SHOT values (4047, 4523, 4524, 1712, 18.000, 114.60, -4.00, 17.997, 114.62, -4.01, 0.010, 227.47, -25.08);
insert into SHOT values (4048, 4510, 4525, 1712, 3.000, 34.60, -2.00, 3.000, 34.54, -1.91, 0.006, 310.41, 57.01);
insert into SHOT values (4049, 4525, 4526, 1712, 7.000, 304.60, 0.00, 6.996, 304.58, 0.00, 0.005, 153.67, 0.00);
insert into SURVEY values (1714, 1699, 'SumideroFuturo', 'SumideroFuturo.304.UltimaPatagonia', 'Perte du Futur');
 insert into CENTRELINE values (1715, 1714, NULL, NULL, NULL, 0.00, 0.00, 0.00);
 insert into CENTRELINE values (1716, 1714, NULL, '2014-02-01', NULL, 284.00, 0.00, 0.00);
 insert into SHOT values (4050, 4527, 4528, 1716, 5.000, 15.10, -90.00, 5.000, 90.00, -90.00, 0.000, 15.10, 0.00);
insert into SHOT values (4051, 4528, 4529, 1716, 32.000, 268.10, -72.00, 31.995, 268.09, -72.00, 0.005, 123.48, 45.66);
insert into SHOT values (4052, 4530, 4531, 1716, 20.000, 340.10, -37.00, 20.004, 340.09, -37.00, 0.005, 289.66, -48.53);
insert into SHOT values (4053, 4531, 4532, 1716, 18.000, 340.10, -36.00, 17.999, 340.08, -36.00, 0.004, 229.33, 1.85);
insert into SHOT values (4054, 4532, 4533, 1716, 14.000, 347.10, -47.00, 14.003, 347.11, -47.00, 0.004, 28.96, -16.88);
insert into SHOT values (4055, 4533, 4534, 1716, 13.000, 47.10, -47.00, 13.007, 47.10, -46.98, 0.008, 48.77, -18.67);
insert into SHOT values (4056, 4534, 4535, 1716, 6.000, 0.10, -28.00, 5.990, 0.11, -27.98, 0.010, 174.03, 41.50);
insert into SHOT values (4057, 4535, 4536, 1716, 5.000, 353.10, -90.00, 5.000, 90.00, -90.00, 0.000, 353.10, 0.00);
insert into SHOT values (4058, 4536, 4537, 1716, 20.000, 327.10, -32.00, 20.004, 327.08, -32.00, 0.007, 264.57, -12.74);
insert into SHOT values (4059, 4537, 4538, 1716, 20.000, 1.10, -43.00, 20.004, 1.10, -42.99, 0.006, 353.22, -0.33);
insert into SHOT values (4060, 4538, 4539, 1716, 18.000, 335.10, -35.00, 18.001, 335.09, -35.02, 0.007, 204.05, -51.62);
insert into SHOT values (4061, 4539, 4540, 1716, 10.000, 345.10, -45.00, 10.002, 345.18, -44.98, 0.011, 50.95, 5.73);
insert into SHOT values (4062, 4540, 4541, 1716, 9.000, 15.10, -90.00, 9.000, 90.00, -90.00, 0.000, 15.10, 0.00);
insert into SHOT values (4063, 4541, 4542, 1716, 3.000, 7.10, -15.00, 2.992, 6.95, -14.91, 0.012, 235.67, 33.22);
insert into SHOT values (4064, 4542, 4543, 1716, 8.000, 15.10, -90.00, 8.000, 90.00, -90.00, 0.000, 15.10, 0.00);
insert into SHOT values (4065, 4543, 4544, 1716, 5.000, 310.10, -30.00, 4.999, 310.13, -30.01, 0.002, 68.19, 0.00);
insert into SHOT values (4066, 4544, 4545, 1716, 9.000, 320.10, -26.00, 9.006, 320.11, -26.02, 0.006, 344.98, -46.07);
insert into SHOT values (4067, 4545, 4546, 1716, 4.000, 33.10, -48.00, 4.000, 33.27, -47.95, 0.009, 104.65, 16.61);
insert into SHOT values (4068, 4546, 4547, 1716, 1.000, 113.10, 0.00, 0.999, 112.97, 0.00, 0.002, 4.30, 0.00);
insert into SHOT values (4069, 4547, 4548, 1716, 7.000, 15.10, -90.00, 7.000, 90.00, -90.00, 0.000, 15.10, 0.00);
insert into SHOT values (4070, 4548, 4549, 1716, 10.000, 93.10, -35.00, 9.995, 93.15, -35.05, 0.013, 233.38, -19.62);
insert into SHOT values (4071, 4549, 4550, 1716, 18.000, 95.10, -32.00, 18.005, 95.07, -32.00, 0.009, 39.16, -9.38);
insert into SHOT values (4072, 4550, 4551, 1716, 19.000, 345.10, -41.00, 18.992, 345.08, -41.00, 0.009, 200.45, 33.32);
insert into SHOT values (4073, 4551, 4552, 1716, 7.000, 340.10, -40.00, 7.005, 340.18, -39.97, 0.010, 33.70, -2.93);
insert into SHOT values (4074, 4552, 4553, 1716, 3.000, 15.10, -90.00, 3.000, 90.00, -90.00, 0.000, 15.10, 0.00);
insert into CENTRELINE values (1717, 1714, NULL, '2014-02-01', NULL, 80.00, 0.00, 0.00);
 insert into SHOT values (4075, 4554, 4555, 1717, 15.000, 3.10, -48.00, 15.000, 3.08, -47.96, 0.011, 340.76, 41.24);
insert into SHOT values (4076, 4556, 4554, 1717, 10.000, 331.10, -38.00, 10.004, 331.09, -38.01, 0.004, 308.32, -58.62);
insert into SHOT values (4077, 4557, 4556, 1717, 2.000, 11.10, -40.00, 1.995, 11.31, -39.92, 0.008, 124.17, 42.39);
insert into SHOT values (4078, 4558, 4557, 1717, 7.000, 339.10, -58.00, 7.002, 338.97, -58.03, 0.009, 231.23, -23.18);
insert into SHOT values (4079, 4559, 4558, 1717, 8.000, 263.10, -57.00, 7.997, 263.14, -57.04, 0.007, 57.84, -5.54);
insert into SHOT values (4080, 4560, 4559, 1717, 10.000, 259.10, -68.00, 9.999, 259.08, -67.99, 0.003, 223.57, 39.74);
insert into SHOT values (4081, 4561, 4560, 1717, 17.000, 285.10, -62.00, 17.002, 285.10, -61.99, 0.005, 282.21, 1.35);
insert into SHOT values (4082, 4562, 4561, 1717, 10.000, 246.10, -49.00, 9.998, 246.06, -49.04, 0.009, 103.85, -19.37);
insert into SHOT values (4083, 4563, 4562, 1717, 1.000, 259.10, 0.00, 1.008, 259.14, 0.00, 0.008, 263.65, 0.00);
insert into CENTRELINE values (1718, 1714, NULL, '2014-02-01', NULL, 230.00, 0.00, 0.00);
 insert into SHOT values (4084, 4564, 4565, 1718, 11.000, 280.10, -64.00, 10.999, 280.05, -64.05, 0.010, 127.20, -19.46);
insert into SHOT values (4085, 4565, 4566, 1718, 20.000, 15.10, -90.00, 20.000, 90.00, -90.00, 0.000, 15.10, 0.00);
insert into SHOT values (4086, 4566, 4567, 1718, 3.000, 308.10, 0.00, 3.007, 307.98, 0.00, 0.009, 263.25, 0.00);
insert into SHOT values (4087, 4567, 4568, 1718, 21.000, 15.10, -90.00, 21.000, 90.00, -90.00, 0.000, 15.10, 0.00);
insert into SHOT values (4088, 4568, 4569, 1718, 2.000, 322.10, 0.00, 1.996, 322.33, 0.00, 0.009, 77.88, 0.00);
insert into SHOT values (4089, 4569, 4570, 1718, 9.000, 15.10, -90.00, 9.000, 90.00, -90.00, 0.000, 15.10, 0.00);
insert into SHOT values (4090, 4570, 4571, 1718, 13.000, 340.10, 2.00, 13.006, 340.07, 1.98, 0.009, 296.06, -23.45);
insert into SHOT values (4091, 4571, 4572, 1718, 14.000, 345.10, -2.00, 13.997, 345.13, -2.01, 0.008, 97.25, -10.16);
insert into SHOT values (4092, 4572, 4573, 1718, 18.000, 20.10, -40.00, 17.998, 20.06, -40.00, 0.009, 276.51, 1.18);
insert into SHOT values (4093, 4573, 4574, 1718, 9.000, 3.10, -2.00, 8.999, 3.12, -1.97, 0.006, 110.34, 46.30);
insert into SHOT values (4094, 4574, 4575, 1718, 11.000, 14.10, 0.00, 11.001, 14.10, 0.00, 0.001, 13.52, 0.00);
insert into SHOT values (4095, 4576, 4577, 1718, 3.000, 158.10, -3.00, 3.001, 158.06, -2.87, 0.007, 97.08, 69.90);
insert into SHOT values (4096, 4577, 4578, 1718, 4.000, 109.10, -28.00, 4.004, 109.15, -28.00, 0.006, 148.95, -22.53);
insert into SHOT values (4097, 4578, 4579, 1718, 2.000, 95.10, -8.00, 1.997, 94.93, -8.06, 0.007, 335.94, -14.04);
insert into SHOT values (4098, 4579, 4580, 1718, 15.000, 27.10, -10.00, 14.999, 27.10, -9.98, 0.005, 117.15, 79.77);
insert into SHOT values (4099, 4580, 4581, 1718, 9.000, 350.10, 0.00, 8.995, 350.08, 0.00, 0.006, 203.19, 0.00);
insert into SHOT values (4100, 4581, 4582, 1718, 6.000, 340.10, 28.00, 5.995, 340.13, 27.95, 0.008, 112.20, -62.66);
insert into SHOT values (4101, 4582, 4583, 1718, 6.000, 325.10, -15.00, 6.007, 325.11, -14.95, 0.008, 329.18, 20.22);
insert into SHOT values (4102, 4583, 4584, 1718, 9.000, 359.10, -20.00, 8.995, 359.12, -20.02, 0.007, 154.76, -14.89);
insert into SHOT values (4103, 4584, 4585, 1718, 6.000, 2.10, 5.00, 6.007, 2.11, 4.97, 0.008, 8.55, -22.98);
insert into SHOT values (4104, 4585, 4586, 1718, 4.000, 25.10, 1.00, 4.000, 25.16, 1.00, 0.004, 116.46, 2.79);
insert into SHOT values (4105, 4586, 4587, 1718, 6.000, 7.10, -22.00, 5.996, 7.02, -21.94, 0.011, 266.58, 45.26);
insert into SHOT values (4106, 4587, 4588, 1718, 4.000, 325.10, -2.00, 3.997, 325.20, -2.01, 0.007, 78.93, -3.13);
insert into SHOT values (4107, 4588, 4589, 1718, 3.000, 10.10, -5.00, 2.997, 10.03, -4.98, 0.005, 240.80, 17.46);
insert into SHOT values (4108, 4589, 4590, 1718, 2.000, 310.10, 40.00, 1.997, 310.24, 39.87, 0.007, 31.53, -56.41);
insert into SHOT values (4109, 4590, 4591, 1718, 4.000, 282.10, -12.00, 4.004, 282.08, -11.96, 0.005, 268.46, 20.83);
insert into SHOT values (4110, 4591, 4592, 1718, 8.000, 348.10, -7.00, 7.999, 348.15, -7.04, 0.009, 87.74, -34.23);
insert into SHOT values (4111, 4592, 4593, 1718, 4.000, 5.10, 25.00, 3.999, 5.07, 25.00, 0.002, 248.41, -11.16);
insert into SHOT values (4112, 4593, 4594, 1718, 4.000, 55.10, -10.00, 3.996, 55.14, -9.94, 0.006, 191.00, 49.55);
insert into CENTRELINE values (1719, 1714, NULL, '2014-02-01', NULL, 107.00, 0.00, 0.00);
 insert into SHOT values (4113, 4595, 4596, 1719, 12.000, 349.10, -45.00, 11.995, 349.06, -44.99, 0.008, 247.99, 42.22);
insert into SHOT values (4114, 4597, 4595, 1719, 15.000, 352.10, -22.00, 15.004, 352.11, -22.00, 0.005, 21.46, -11.16);
insert into SHOT values (4115, 4598, 4597, 1719, 7.000, 355.10, 2.00, 7.000, 355.08, 1.96, 0.005, 266.09, -60.94);
insert into SHOT values (4116, 4599, 4598, 1719, 9.000, 346.10, -22.00, 8.998, 346.13, -21.99, 0.005, 93.36, 17.24);
insert into SHOT values (4117, 4600, 4599, 1719, 23.000, 343.10, -15.00, 22.993, 343.09, -15.00, 0.008, 192.29, 22.21);
insert into SHOT values (4118, 4601, 4600, 1719, 13.000, 17.10, -9.00, 13.007, 17.07, -9.02, 0.011, 324.97, -34.27);
insert into SHOT values (4119, 4602, 4601, 1719, 11.000, 356.10, -2.00, 10.992, 356.14, -1.98, 0.012, 135.08, 19.39);
insert into SHOT values (4120, 4603, 4602, 1719, 6.000, 325.10, -10.00, 6.002, 325.13, -9.98, 0.004, 11.18, 25.53);
insert into SHOT values (4121, 4604, 4603, 1719, 11.000, 347.10, 1.00, 11.000, 347.08, 0.99, 0.005, 260.99, -23.34);
insert into SHOT values (4122, 4529, 4530, 1719, 0.000, 15.10, 0.00, 0.000, 90.00, 0.00, 0.000, 90.00, 0.00);
insert into SHOT values (4123, 4563, 4553, 1719, 0.000, 15.10, 0.00, 0.000, 90.00, 0.00, 0.000, 90.00, 0.00);
insert into SHOT values (4124, 4555, 4564, 1719, 0.000, 15.10, 0.00, 0.000, 90.00, 0.00, 0.000, 90.00, 0.00);
insert into SHOT values (4125, 4576, 4573, 1719, 0.000, 15.10, 0.00, 0.000, 90.00, 0.00, 0.000, 90.00, 0.00);
insert into SHOT values (4126, 4594, 4604, 1719, 0.000, 15.10, 0.00, 0.000, 90.00, 0.00, 0.000, 90.00, 0.00);
insert into SURVEY values (1721, 1699, 'CuevaDelSol', 'CuevaDelSol.304.UltimaPatagonia', 'Cueva Del Sol');
 insert into CENTRELINE values (1722, 1721, NULL, NULL, NULL, 0.00, 0.00, 0.00);
 insert into CENTRELINE values (1723, 1721, NULL, '2014-02-01', NULL, 37.48, 0.00, 0.00);
 insert into SHOT values (4127, 4605, 4606, 1723, 5.070, 125.10, 32.00, 5.072, 125.06, 32.03, 0.005, 44.94, 46.00);
insert into SHOT values (4128, 4606, 4607, 1723, 6.920, 146.10, 43.00, 6.919, 146.12, 43.02, 0.003, 283.01, 11.37);
insert into SHOT values (4129, 4607, 4608, 1723, 21.000, 146.10, 53.00, 20.999, 146.10, 53.00, 0.002, 104.51, -50.95);
insert into SHOT values (4130, 4608, 4609, 1723, 4.490, 180.10, 19.00, 4.494, 180.13, 18.96, 0.006, 209.60, -18.69);
insert into CENTRELINE values (1724, 1721, NULL, '2014-02-01', NULL, 21.22, 0.00, 0.00);
 insert into SHOT values (4131, 4610, 4609, 1724, 0.000, 15.10, 0.00, 0.000, 90.00, 0.00, 0.000, 90.00, 0.00);
insert into SHOT values (4132, 4611, 4610, 1724, 6.700, 16.10, -13.00, 6.698, 16.10, -13.03, 0.004, 188.34, -51.18);
insert into SHOT values (4133, 4612, 4611, 1724, 8.130, 354.10, -51.00, 8.124, 354.06, -50.96, 0.009, 280.30, 63.46);
insert into SHOT values (4134, 4613, 4612, 1724, 6.390, 327.10, -31.00, 6.393, 327.15, -31.08, 0.010, 77.16, -59.23);
insert into CENTRELINE values (1725, 1721, NULL, '2014-02-01', NULL, 46.65, 0.00, 0.00);
 insert into SHOT values (4135, 4609, 4614, 1725, 3.130, 132.10, -5.00, 3.134, 132.01, -4.94, 0.007, 86.19, 23.45);
insert into SHOT values (4136, 4614, 4615, 1725, 27.730, 200.10, 84.00, 27.722, 200.19, 84.00, 0.009, 297.64, -61.44);
insert into SHOT values (4137, 4615, 4616, 1725, 12.070, 348.10, 78.00, 12.075, 348.06, 77.98, 0.006, 330.54, 36.38);
insert into SHOT values (4138, 4616, 4617, 1725, 3.720, 351.10, 49.00, 3.721, 351.04, 49.03, 0.004, 244.37, 42.97);
insert into CENTRELINE values (1727, 1699, NULL, NULL, NULL, 0.00, 0.00, 0.00);
 insert into SURVEY values (1729, 22, '401', '401.UltimaPatagonia', '401 Tempanos');
 insert into CENTRELINE values (1730, 1729, NULL, NULL, NULL, 0.00, 0.00, 0.00);
 insert into CENTRELINE values (1731, 1729, NULL, NULL, NULL, 0.00, 0.00, 0.00);
 insert into CENTRELINE values (1733, 22, NULL, NULL, NULL, 0.00, 0.00, 0.00);
 insert into STATION values (1, 'ENT_101001', 24, 476162.00, 4461336.00, 2.00);
insert into STATION_FLAG values(1, 'fix');
insert into STATION values (2, 'ENT_102001', 28, 476260.00, 4449342.00, 30.00);
insert into STATION_FLAG values(2, 'fix');
insert into STATION values (3, 'ENT_102002', 28, 474766.00, 4451367.00, 50.00);
insert into STATION_FLAG values(3, 'fix');
insert into STATION values (4, 'ENT_104001', 32, 475478.00, 4450597.00, 5.00);
insert into STATION_FLAG values(4, 'fix');
insert into STATION values (5, 'ENT_104002', 32, 475729.00, 4450525.00, 0.00);
insert into STATION_FLAG values(5, 'fix');
insert into STATION values (6, 'ENT_105001', 36, 482677.00, 4454593.00, 20.00);
insert into STATION_FLAG values(6, 'fix');
insert into STATION values (7, 'ENT_105002', 36, 482677.00, 4454593.00, 30.00);
insert into STATION_FLAG values(7, 'fix');
insert into STATION values (8, '2', 740, 490172.68, 4452142.42, 78.50);
insert into STATION values (9, '1', 740, 490178.58, 4452136.23, 78.65);
insert into STATION values (10, '3', 740, 490174.16, 4452153.38, 70.23);
insert into STATION values (11, '4', 740, 490177.25, 4452154.54, 67.53);
insert into STATION values (12, '5', 740, 490184.40, 4452157.89, 70.69);
insert into STATION values (13, '6', 740, 490191.83, 4452167.30, 72.24);
insert into STATION values (14, '7', 740, 490193.24, 4452177.74, 70.94);
insert into STATION values (15, '8', 740, 490196.73, 4452184.13, 72.90);
insert into STATION values (16, '9', 740, 490196.55, 4452189.89, 75.99);
insert into STATION values (17, '10', 740, 490195.22, 4452198.47, 72.20);
insert into STATION values (18, '11', 740, 490195.13, 4452205.33, 70.56);
insert into STATION values (19, '12', 740, 490200.22, 4452212.12, 66.37);
insert into STATION values (20, '13', 740, 490203.48, 4452218.35, 63.62);
insert into STATION values (21, '14', 740, 490194.36, 4452235.45, 53.97);
insert into STATION values (22, '15', 740, 490204.29, 4452239.97, 51.05);
insert into STATION values (23, '16', 740, 490208.47, 4452242.14, 52.13);
insert into STATION values (24, '17', 740, 490211.73, 4452246.54, 49.81);
insert into STATION values (25, '18', 740, 490205.93, 4452260.55, 56.56);
insert into STATION_FLAG values(25, 'con');
insert into STATION values (26, '19', 740, 490189.45, 4452245.91, 48.43);
insert into STATION values (27, '20', 740, 490186.99, 4452257.76, 45.14);
insert into STATION values (28, '21', 740, 490174.29, 4452277.09, 35.24);
insert into STATION values (29, '22', 740, 490168.01, 4452290.89, 30.31);
insert into STATION values (30, '23', 740, 490171.32, 4452295.36, 30.41);
insert into STATION values (31, '24', 740, 490171.16, 4452294.96, 36.53);
insert into STATION values (32, '25', 740, 490174.06, 4452293.65, 37.08);
insert into STATION values (33, '26', 740, 490178.44, 4452310.42, 29.94);
insert into STATION values (34, '27', 740, 490181.35, 4452314.59, 28.14);
insert into STATION values (35, '28', 740, 490185.50, 4452321.26, 26.40);
insert into STATION values (36, '29', 740, 490194.03, 4452328.55, 25.33);
insert into STATION values (37, '30', 740, 490204.39, 4452330.04, 23.78);
insert into STATION values (38, '31', 740, 490201.14, 4452334.18, 22.63);
insert into STATION values (39, '32', 740, 490208.56, 4452337.56, 21.13);
insert into STATION values (40, '33', 740, 490212.00, 4452344.36, 19.72);
insert into STATION values (41, '34', 740, 490216.96, 4452346.14, 20.54);
insert into STATION values (42, '35', 740, 490221.00, 4452347.20, 19.08);
insert into STATION values (43, '36', 740, 490216.60, 4452353.66, 16.15);
insert into STATION values (44, '37', 740, 490215.26, 4452354.08, 14.52);
insert into STATION values (45, '38', 740, 490213.89, 4452355.71, 13.11);
insert into STATION values (46, '39', 740, 490219.00, 4452360.98, 13.34);
insert into STATION values (47, '40', 740, 490220.86, 4452361.87, 12.93);
insert into STATION values (48, '41', 740, 490221.36, 4452364.57, 13.01);
insert into STATION values (49, '42', 740, 490221.94, 4452363.37, 10.08);
insert into STATION values (50, '43', 740, 490225.29, 4452364.92, 9.94);
insert into STATION values (51, '44', 740, 490218.79, 4452378.48, 3.53);
insert into STATION_FLAG values(51, 'ent');
insert into STATION values (52, '50', 744, 490169.13, 4452134.38, 74.01);
insert into STATION values (53, '1', 744, 490178.58, 4452136.23, 78.65);
insert into STATION values (54, '51', 744, 490157.05, 4452136.49, 68.37);
insert into STATION values (55, '52', 744, 490150.27, 4452141.58, 64.70);
insert into STATION values (56, '53', 744, 490151.79, 4452138.65, 65.82);
insert into STATION values (57, '54', 744, 490148.66, 4452149.47, 60.23);
insert into STATION values (58, '55', 744, 490142.47, 4452148.00, 59.25);
insert into STATION values (59, '56', 744, 490143.86, 4452135.74, 66.66);
insert into STATION values (60, '57', 744, 490147.44, 4452132.68, 67.66);
insert into STATION values (61, '58', 744, 490145.63, 4452126.95, 70.09);
insert into STATION values (62, '59', 744, 490140.84, 4452122.08, 71.54);
insert into STATION values (63, '60', 744, 490139.28, 4452119.33, 73.84);
insert into STATION values (64, '61', 744, 490132.98, 4452117.23, 75.13);
insert into STATION values (65, '62', 744, 490128.59, 4452119.61, 73.60);
insert into STATION values (66, '63', 744, 490126.71, 4452117.08, 73.21);
insert into STATION values (67, '64', 744, 490124.06, 4452111.78, 73.83);
insert into STATION values (68, '65', 744, 490116.40, 4452108.12, 74.28);
insert into STATION values (69, '66', 744, 490115.66, 4452109.16, 73.52);
insert into STATION values (70, '67', 744, 490111.19, 4452111.69, 74.06);
insert into STATION values (71, '68', 744, 490102.90, 4452116.58, 73.22);
insert into STATION values (72, '69', 744, 490095.24, 4452123.13, 69.94);
insert into STATION values (73, '70', 744, 490089.81, 4452120.77, 71.20);
insert into STATION values (74, '71', 744, 490081.09, 4452124.21, 70.87);
insert into STATION values (75, '72', 744, 490077.07, 4452124.88, 70.15);
insert into STATION values (76, '73', 744, 490074.63, 4452125.90, 69.92);
insert into STATION values (77, '74', 744, 490066.98, 4452125.97, 65.69);
insert into STATION values (78, '75', 744, 490059.99, 4452126.16, 60.97);
insert into STATION values (79, '76', 744, 490053.66, 4452121.13, 57.70);
insert into STATION values (80, '77', 744, 490050.35, 4452114.20, 59.06);
insert into STATION values (81, '78', 744, 490045.36, 4452103.27, 61.39);
insert into STATION values (82, '79', 744, 490038.94, 4452092.39, 58.48);
insert into STATION values (83, '80', 744, 490032.55, 4452081.96, 52.77);
insert into STATION values (84, '81', 744, 490030.83, 4452077.61, 52.69);
insert into STATION values (85, '82', 744, 490030.62, 4452072.98, 52.85);
insert into STATION values (86, '83', 744, 490025.24, 4452063.85, 49.20);
insert into STATION values (87, '84', 744, 490023.84, 4452057.56, 48.41);
insert into STATION values (88, '85', 744, 490017.80, 4452057.51, 46.21);
insert into STATION values (89, '86', 744, 490010.51, 4452058.21, 42.64);
insert into STATION values (90, '87', 744, 490005.75, 4452060.19, 44.72);
insert into STATION values (91, '88', 744, 489998.19, 4452054.19, 45.22);
insert into STATION values (92, '89', 744, 489989.48, 4452047.01, 54.36);
insert into STATION values (93, '93', 744, 489989.48, 4452047.01, 79.36);
insert into STATION values (94, '17', 744, 490211.73, 4452246.54, 49.81);
insert into STATION values (95, '90', 744, 490205.93, 4452260.57, 56.89);
insert into STATION values (96, '91', 744, 490201.03, 4452272.41, 69.71);
insert into STATION values (97, '92', 744, 490198.38, 4452274.85, 73.18);
insert into STATION values (98, '101', 748, 490168.13, 4452294.83, 29.48);
insert into STATION values (99, '23', 748, 490171.32, 4452295.36, 30.41);
insert into STATION values (100, '102', 748, 490170.18, 4452297.41, 29.25);
insert into STATION values (101, '103', 748, 490170.56, 4452299.95, 27.52);
insert into STATION values (102, '104', 748, 490168.89, 4452309.98, 21.16);
insert into STATION values (103, '105', 748, 490169.14, 4452319.33, 17.00);
insert into STATION values (104, '106', 748, 490168.70, 4452322.68, 15.63);
insert into STATION values (105, '17', 748, 490211.73, 4452246.54, 49.81);
insert into STATION values (106, '107', 748, 490214.81, 4452243.98, 51.41);
insert into STATION values (107, '108', 748, 490217.94, 4452241.08, 51.10);
insert into STATION values (108, '109', 748, 490220.11, 4452240.83, 53.06);
insert into STATION values (109, '110', 748, 490223.04, 4452238.88, 55.42);
insert into STATION values (110, '111', 748, 490224.32, 4452237.43, 54.17);
insert into STATION values (111, '112', 748, 490227.90, 4452236.54, 58.92);
insert into STATION values (112, '113', 748, 490233.15, 4452228.28, 59.43);
insert into STATION values (113, '114', 748, 490237.06, 4452220.75, 54.14);
insert into STATION values (114, '115', 748, 490237.96, 4452218.86, 54.28);
insert into STATION values (115, '116', 748, 490240.56, 4452214.78, 48.30);
insert into STATION values (116, '117', 748, 490227.40, 4452237.47, 60.09);
insert into STATION values (117, '118', 748, 490233.45, 4452242.82, 61.51);
insert into STATION values (118, '119', 748, 490235.81, 4452251.29, 61.20);
insert into STATION values (119, '120', 748, 490236.28, 4452252.81, 63.96);
insert into STATION values (120, '121', 748, 490239.37, 4452258.48, 63.16);
insert into STATION values (121, '122', 748, 490246.28, 4452260.52, 64.31);
insert into STATION values (122, '123', 748, 490248.23, 4452267.56, 64.31);
insert into STATION values (123, '124', 748, 490248.86, 4452255.56, 69.00);
insert into STATION values (124, '125', 748, 490246.37, 4452266.86, 62.96);
insert into STATION values (125, '126', 748, 490241.40, 4452273.35, 55.60);
insert into STATION values (126, '127', 748, 490218.74, 4452243.80, 55.22);
insert into STATION values (127, '15', 748, 490204.29, 4452239.97, 51.05);
insert into STATION values (128, '128', 748, 490209.57, 4452234.41, 55.65);
insert into STATION values (129, '129', 748, 490204.47, 4452233.14, 66.38);
insert into STATION values (130, '16', 748, 490208.47, 4452242.14, 52.13);
insert into STATION values (131, '130', 748, 490209.36, 4452241.06, 51.59);
insert into STATION values (132, '131', 748, 490209.53, 4452234.26, 56.18);
insert into STATION values (133, '53', 752, 490151.79, 4452138.65, 65.82);
insert into STATION values (134, '150', 752, 490151.14, 4452135.16, 66.44);
insert into STATION values (135, '151', 752, 490154.76, 4452121.14, 70.33);
insert into STATION values (136, '152', 752, 490152.17, 4452111.81, 73.85);
insert into STATION values (137, '153', 752, 490148.42, 4452102.77, 79.05);
insert into STATION values (138, '154', 752, 490144.25, 4452097.54, 83.23);
insert into STATION values (139, '155', 752, 490139.68, 4452087.05, 87.62);
insert into STATION values (140, '156', 752, 490146.96, 4452081.46, 91.90);
insert into STATION values (141, '55', 752, 490142.47, 4452148.00, 59.25);
insert into STATION values (142, '157', 752, 490145.75, 4452165.65, 51.59);
insert into STATION values (143, '158', 752, 490149.00, 4452175.00, 49.32);
insert into STATION values (144, '159', 752, 490145.28, 4452184.27, 46.88);
insert into STATION values (145, '160', 752, 490154.87, 4452193.04, 46.57);
insert into STATION values (146, '161', 752, 490154.42, 4452194.53, 47.91);
insert into STATION values (147, '162', 752, 490154.60, 4452199.98, 46.50);
insert into STATION values (148, '163', 752, 490148.02, 4452214.14, 40.28);
insert into STATION values (149, '21', 756, 490174.29, 4452277.09, 35.24);
insert into STATION values (150, '200', 756, 490171.07, 4452268.35, 37.03);
insert into STATION values (151, '201', 756, 490168.64, 4452260.61, 38.29);
insert into STATION values (152, '202', 756, 490160.57, 4452262.57, 32.06);
insert into STATION values (153, '203', 756, 490160.24, 4452275.17, 29.38);
insert into STATION values (154, '204', 756, 490158.49, 4452281.97, 26.97);
insert into STATION values (155, '205', 756, 490156.42, 4452287.83, 24.20);
insert into STATION values (156, '206', 756, 490154.82, 4452262.13, 28.37);
insert into STATION values (157, '207', 756, 490138.34, 4452259.63, 23.70);
insert into STATION values (158, '208', 756, 490140.03, 4452237.17, 31.61);
insert into STATION values (159, '209', 756, 490140.54, 4452237.13, 31.54);
insert into STATION values (160, '210', 756, 490145.39, 4452233.23, 34.34);
insert into STATION values (161, '211', 756, 490157.58, 4452227.14, 40.58);
insert into STATION values (162, '212', 756, 490165.81, 4452223.73, 44.74);
insert into STATION values (163, '213', 756, 490176.74, 4452214.39, 52.70);
insert into STATION values (164, '214', 756, 490150.18, 4452218.87, 39.66);
insert into STATION values (165, '215', 756, 490148.51, 4452214.66, 41.44);
insert into STATION values (166, '163', 756, 490148.02, 4452214.14, 40.28);
insert into STATION values (167, '66', 756, 490115.66, 4452109.16, 73.52);
insert into STATION values (168, '216', 756, 490126.08, 4452114.12, 73.52);
insert into STATION values (169, '217', 756, 490124.77, 4452116.63, 72.65);
insert into STATION values (170, '218', 756, 490122.45, 4452119.08, 72.71);
insert into STATION values (171, '219', 756, 490120.58, 4452128.30, 69.47);
insert into STATION values (172, '220', 756, 490124.92, 4452132.40, 66.43);
insert into STATION values (173, '221', 756, 490122.23, 4452143.62, 62.90);
insert into STATION values (174, '222', 756, 490119.84, 4452149.71, 61.27);
insert into STATION values (175, '223', 756, 490125.49, 4452155.87, 56.44);
insert into STATION values (176, '224', 756, 490132.32, 4452167.00, 50.35);
insert into STATION values (177, '225', 756, 490136.37, 4452163.42, 53.60);
insert into STATION values (178, '226', 756, 490141.22, 4452148.90, 59.17);
insert into STATION values (179, '55', 756, 490142.17, 4452149.11, 58.80);
insert into STATION values (180, '1', 763, 490088.00, 4452354.00, 105.00);
insert into STATION_FLAG values(180, 'ent');
insert into STATION values (181, '2', 763, 490088.47, 4452347.92, 105.64);
insert into STATION values (182, '3', 763, 490088.16, 4452340.83, 104.13);
insert into STATION values (183, '30', 763, 490088.16, 4452340.83, 96.16);
insert into STATION values (184, '4', 763, 490088.03, 4452341.05, 102.81);
insert into STATION values (185, '5', 763, 490090.11, 4452336.87, 104.15);
insert into STATION values (186, '6', 763, 490087.97, 4452336.11, 103.66);
insert into STATION values (187, '7', 763, 490092.07, 4452337.72, 106.10);
insert into STATION values (188, '8', 763, 490091.61, 4452335.01, 105.67);
insert into STATION values (189, '9', 763, 490091.48, 4452337.19, 108.57);
insert into STATION values (190, '10', 763, 490100.90, 4452337.44, 108.57);
insert into STATION values (191, '11', 763, 490096.52, 4452337.52, 102.09);
insert into STATION values (192, '12', 763, 490098.11, 4452341.18, 102.09);
insert into STATION values (193, '13', 763, 490100.78, 4452342.57, 103.06);
insert into STATION values (194, '14', 763, 490092.01, 4452340.63, 100.20);
insert into STATION values (195, '15', 763, 490093.41, 4452344.56, 96.57);
insert into STATION values (196, '16', 763, 490089.95, 4452336.88, 102.55);
insert into STATION values (197, '17', 763, 490082.80, 4452340.30, 106.42);
insert into STATION values (198, '18', 763, 490083.90, 4452338.50, 107.18);
insert into STATION values (199, '19', 763, 490085.37, 4452338.83, 107.64);
insert into STATION values (200, '20', 763, 490086.37, 4452340.59, 109.06);
insert into STATION values (201, '21', 763, 490089.76, 4452340.74, 109.60);
insert into STATION values (202, '22', 763, 490092.39, 4452347.08, 112.24);
insert into STATION values (203, '23', 763, 490088.45, 4452337.97, 109.24);
insert into STATION values (204, '24', 763, 490087.48, 4452338.78, 105.07);
insert into STATION values (205, '25', 763, 490092.14, 4452343.35, 107.07);
insert into STATION values (206, '2', 767, 490078.84, 4452333.58, 89.62);
insert into STATION values (207, '1', 767, 490077.87, 4452337.34, 85.31);
insert into STATION values (208, '3', 767, 490080.24, 4452333.49, 92.37);
insert into STATION values (209, '4', 767, 490082.91, 4452335.33, 93.49);
insert into STATION values (210, '5', 767, 490083.43, 4452339.87, 95.57);
insert into STATION values (211, '6', 767, 490088.16, 4452340.83, 96.16);
insert into STATION values (212, '2', 771, 490088.93, 4452346.81, 89.22);
insert into STATION values (213, '1', 771, 490093.61, 4452352.49, 84.97);
insert into STATION values (214, '3', 771, 490085.58, 4452344.51, 94.42);
insert into STATION values (215, '4', 771, 490086.08, 4452341.53, 96.16);
insert into STATION values (216, '5', 771, 490088.16, 4452340.83, 96.16);
insert into STATION values (217, '0', 776, 490247.25, 4452345.97, 45.05);
insert into STATION values (218, '1', 776, 490242.48, 4452337.05, 53.54);
insert into STATION values (219, '2', 776, 490244.15, 4452332.15, 54.64);
insert into STATION values (220, '3', 776, 490244.49, 4452330.20, 60.73);
insert into STATION values (221, '4', 776, 490239.84, 4452330.24, 54.70);
insert into STATION values (222, '5', 776, 490236.69, 4452328.70, 55.70);
insert into STATION values (223, '6', 776, 490237.75, 4452324.39, 59.43);
insert into STATION values (224, '7', 776, 490235.92, 4452331.10, 55.03);
insert into STATION values (225, '8', 776, 490237.87, 4452333.50, 50.61);
insert into STATION values (226, '9', 776, 490233.54, 4452336.22, 47.66);
insert into STATION values (227, '10', 776, 490229.02, 4452340.92, 38.68);
insert into STATION values (228, '11', 776, 490228.54, 4452342.41, 33.20);
insert into STATION values (229, '12', 776, 490224.21, 4452347.98, 26.39);
insert into STATION values (230, '13', 776, 490216.73, 4452348.52, 21.13);
insert into STATION values (231, '14', 776, 490215.43, 4452347.18, 19.33);
insert into STATION values (232, 'C', 776, 490216.75, 4452346.69, 17.39);
insert into STATION values (233, '15', 776, 490210.23, 4452345.80, 18.86);
insert into STATION values (234, '16', 776, 490202.98, 4452336.89, 20.47);
insert into STATION values (235, '17', 776, 490194.39, 4452334.61, 22.85);
insert into STATION values (236, '100', 776, 490218.79, 4452378.48, 3.53);
insert into STATION values (237, '101', 776, 490230.34, 4452369.12, 16.63);
insert into STATION values (238, '102', 776, 490236.78, 4452365.83, 16.50);
insert into STATION values (239, '103', 776, 490240.31, 4452361.47, 19.12);
insert into STATION values (240, '104', 776, 490243.66, 4452358.02, 19.31);
insert into STATION values (241, '105', 776, 490245.09, 4452350.66, 21.11);
insert into STATION values (242, '106', 776, 490236.02, 4452348.00, 18.23);
insert into STATION values (243, '107', 776, 490231.22, 4452346.79, 17.82);
insert into STATION values (244, '108', 776, 490225.74, 4452340.58, 16.63);
insert into STATION values (245, 'U', 776, 490221.36, 4452343.51, 16.38);
insert into STATION values (246, 'A', 776, 490213.17, 4452353.61, 14.03);
insert into STATION values (247, 'B', 776, 490216.27, 4452349.67, 16.85);
insert into STATION values (248, 'D', 776, 490212.61, 4452347.20, 19.63);
insert into STATION values (249, 'E', 776, 490208.40, 4452344.82, 18.91);
insert into STATION values (250, 'F', 776, 490201.03, 4452335.97, 21.20);
insert into STATION values (251, 'G', 776, 490199.85, 4452337.19, 21.20);
insert into STATION values (252, 'H', 776, 490204.04, 4452342.92, 29.07);
insert into STATION values (253, 'I', 776, 490199.17, 4452335.36, 21.64);
insert into STATION values (254, 'J', 776, 490202.27, 4452332.76, 23.63);
insert into STATION values (255, 'K', 776, 490192.87, 4452330.23, 25.63);
insert into STATION values (256, 'L', 776, 490188.32, 4452326.35, 25.60);
insert into STATION values (257, 'M', 776, 490180.56, 4452319.68, 26.42);
insert into STATION values (258, 'N', 776, 490177.04, 4452310.46, 29.31);
insert into STATION values (259, '30', 776, 490219.15, 4452361.00, 13.08);
insert into STATION values (260, '31', 776, 490220.01, 4452362.90, 13.06);
insert into STATION values (261, '32', 776, 490220.00, 4452363.00, 10.00);
insert into STATION_FLAG values(261, 'ent');
insert into STATION values (262, '33', 776, 490222.25, 4452364.95, 9.71);
insert into STATION values (263, 'N1', 776, 490171.16, 4452294.96, 36.53);
insert into STATION values (264, 'O', 776, 490208.31, 4452333.59, 24.72);
insert into STATION values (265, 'P', 776, 490212.58, 4452337.34, 22.73);
insert into STATION values (266, 'Q', 776, 490213.97, 4452342.78, 21.34);
insert into STATION values (267, 'R', 776, 490213.01, 4452341.08, 19.83);
insert into STATION values (268, 'S', 776, 490215.73, 4452338.94, 18.64);
insert into STATION values (269, 'T', 776, 490219.06, 4452339.53, 17.10);
insert into STATION values (270, 'ENT_106001', 40, 490220.00, 4452363.00, 10.00);
insert into STATION_FLAG values(270, 'fix');
insert into STATION values (271, 'ENT_106002', 40, 490289.00, 4451286.00, 35.00);
insert into STATION_FLAG values(271, 'fix');
insert into STATION values (272, 'ENT_106003', 40, 490289.00, 4451286.00, 3.00);
insert into STATION_FLAG values(272, 'fix');
insert into STATION values (273, 'ENT_106004', 40, 490541.00, 4453870.00, 20.00);
insert into STATION_FLAG values(273, 'fix');
insert into STATION values (274, 'ENT_106005', 40, 490289.00, 4451286.00, 70.00);
insert into STATION_FLAG values(274, 'fix');
insert into STATION values (275, 'ENT_106006', 40, 490604.00, 4450548.00, 0.00);
insert into STATION_FLAG values(275, 'fix');
insert into STATION values (276, 'ENT_106008', 40, 490080.00, 4452381.00, 96.00);
insert into STATION_FLAG values(276, 'fix');
insert into STATION values (277, 'ENT_106009', 40, 488815.00, 4453011.00, 186.00);
insert into STATION_FLAG values(277, 'fix');
insert into STATION values (278, 'ENT_106010', 40, 488956.00, 4452962.00, 189.00);
insert into STATION_FLAG values(278, 'fix');
insert into STATION values (279, 'ENT_106011', 40, 488956.00, 4452962.00, 201.00);
insert into STATION_FLAG values(279, 'fix');
insert into STATION values (280, 'ENT_106012', 40, 489317.00, 4452812.00, 224.00);
insert into STATION_FLAG values(280, 'fix');
insert into STATION values (281, 'ENT_106013', 40, 489234.00, 4452876.00, 213.00);
insert into STATION_FLAG values(281, 'fix');
insert into STATION values (282, 'ENT_106014', 40, 487636.00, 4452795.00, 226.00);
insert into STATION_FLAG values(282, 'fix');
insert into STATION values (283, 'ENT_106015', 40, 487474.00, 4452740.00, 218.00);
insert into STATION_FLAG values(283, 'fix');
insert into STATION values (284, 'ENT_106016', 40, 487506.00, 4452738.00, 220.00);
insert into STATION_FLAG values(284, 'fix');
insert into STATION values (285, 'ENT_106017', 40, 487836.00, 4452871.00, 225.00);
insert into STATION_FLAG values(285, 'fix');
insert into STATION values (286, 'ENT_106018', 40, 489278.00, 4452871.00, 216.00);
insert into STATION_FLAG values(286, 'fix');
insert into STATION values (287, 'ENT_106019', 40, 488833.00, 4451227.00, 325.00);
insert into STATION_FLAG values(287, 'fix');
insert into STATION values (288, 'ENT_106020', 40, 489409.00, 4452098.00, 187.00);
insert into STATION_FLAG values(288, 'fix');
insert into STATION values (289, 'ENT_106021', 40, 490088.00, 4452354.00, 105.00);
insert into STATION_FLAG values(289, 'fix');
insert into STATION values (290, '0', 791, 482804.00, 4447950.00, 369.00);
insert into STATION_FLAG values(290, 'ent');
insert into STATION values (291, '1', 791, 482801.61, 4447953.37, 369.00);
insert into STATION values (292, '2', 791, 482799.09, 4447960.98, 367.59);
insert into STATION values (293, '3', 791, 482794.21, 4447968.41, 363.63);
insert into STATION values (294, '4', 791, 482792.32, 4447973.52, 362.47);
insert into STATION values (295, '5', 791, 482789.43, 4447976.37, 358.82);
insert into STATION values (296, '6', 791, 482788.09, 4447979.50, 354.13);
insert into STATION values (297, 'A', 791, 482785.08, 4447981.58, 344.60);
insert into STATION values (298, '7', 791, 482796.47, 4447986.13, 352.81);
insert into STATION values (299, '8', 791, 482797.22, 4447990.50, 350.35);
insert into STATION values (300, '9', 791, 482798.76, 4447991.29, 349.10);
insert into STATION values (301, 'B1', 791, 482800.49, 4447988.33, 349.34);
insert into STATION values (302, 'B2', 791, 482805.05, 4447986.43, 351.14);
insert into STATION values (303, '10', 791, 482797.97, 4447993.54, 348.76);
insert into STATION values (304, '11', 791, 482796.01, 4447996.31, 346.21);
insert into STATION values (305, '12', 791, 482792.57, 4447995.99, 346.02);
insert into STATION values (306, '13', 791, 482788.69, 4447997.30, 345.81);
insert into STATION values (307, '14', 791, 482788.35, 4447999.00, 343.88);
insert into STATION values (308, '15', 791, 482786.10, 4447999.90, 342.31);
insert into STATION values (309, '16', 791, 482784.59, 4448001.20, 340.24);
insert into STATION values (310, '17', 791, 482783.09, 4448002.36, 337.21);
insert into STATION values (311, '18', 791, 482782.28, 4448004.44, 334.24);
insert into STATION values (312, 'C1', 791, 482779.63, 4448009.16, 330.45);
insert into STATION values (313, '19', 791, 482780.57, 4448007.90, 334.71);
insert into STATION values (314, '20', 791, 482780.05, 4448009.78, 337.50);
insert into STATION values (315, '21', 791, 482777.52, 4448010.35, 335.54);
insert into STATION values (316, '22', 791, 482774.85, 4448011.25, 331.35);
insert into STATION values (317, '23', 791, 482772.71, 4448010.82, 327.88);
insert into STATION values (318, '24', 791, 482763.79, 4448012.35, 321.99);
insert into STATION values (319, '25', 791, 482749.92, 4448026.06, 308.34);
insert into STATION values (320, '26', 791, 482748.38, 4448027.09, 307.59);
insert into STATION values (321, '27', 791, 482742.69, 4448028.16, 295.18);
insert into STATION values (322, 'D1', 791, 482741.38, 4448023.14, 294.91);
insert into STATION values (323, '28', 791, 482737.48, 4448026.53, 294.22);
insert into STATION values (324, '29', 791, 482732.83, 4448028.29, 293.69);
insert into STATION values (325, '30', 791, 482727.25, 4448029.96, 289.91);
insert into STATION values (326, '31', 791, 482720.52, 4448026.64, 283.61);
insert into STATION values (327, '32', 791, 482720.13, 4448021.88, 281.96);
insert into STATION values (328, '33', 791, 482715.49, 4448030.14, 275.81);
insert into STATION values (329, '34', 791, 482708.61, 4448041.01, 266.81);
insert into STATION values (330, '35', 791, 482706.56, 4448041.96, 265.16);
insert into STATION values (331, '36', 791, 482709.03, 4448046.29, 265.42);
insert into STATION values (332, '37', 791, 482708.99, 4448052.57, 261.50);
insert into STATION values (333, '38', 791, 482708.84, 4448059.05, 260.00);
insert into STATION values (334, '46A', 791, 482707.57, 4448064.87, 258.29);
insert into STATION values (335, '16B', 791, 482617.72, 4448334.05, 212.93);
insert into STATION values (336, '2A', 791, 482625.48, 4448331.12, 213.22);
insert into STATION values (337, '3A', 791, 482629.83, 4448329.03, 217.57);
insert into STATION values (338, '4A', 791, 482632.08, 4448328.13, 221.60);
insert into STATION values (339, '5A', 791, 482632.36, 4448321.05, 222.09);
insert into STATION values (340, '6A', 791, 482633.29, 4448313.88, 220.29);
insert into STATION values (341, '7A', 791, 482636.05, 4448310.73, 220.66);
insert into STATION values (342, '8A', 791, 482639.76, 4448309.62, 221.13);
insert into STATION values (343, '9A', 791, 482643.28, 4448304.05, 221.83);
insert into STATION values (344, '10A', 791, 482638.07, 4448297.31, 223.33);
insert into STATION values (345, '11A', 791, 482647.45, 4448293.00, 224.23);
insert into STATION values (346, '12A', 791, 482650.06, 4448286.32, 225.11);
insert into STATION values (347, '13A', 791, 482654.28, 4448284.47, 225.27);
insert into STATION values (348, '14A', 791, 482658.74, 4448264.06, 227.47);
insert into STATION values (349, '15A', 791, 482665.49, 4448254.54, 228.90);
insert into STATION values (350, '16A', 791, 482668.57, 4448250.34, 229.36);
insert into STATION values (351, '17A', 791, 482670.04, 4448243.64, 229.84);
insert into STATION values (352, '18A', 791, 482671.32, 4448237.74, 230.58);
insert into STATION values (353, '19A', 791, 482675.04, 4448230.84, 231.82);
insert into STATION values (354, '20A', 791, 482676.94, 4448223.90, 232.83);
insert into STATION values (355, '21A', 791, 482677.68, 4448218.12, 233.34);
insert into STATION values (356, '22A', 791, 482679.02, 4448211.43, 234.42);
insert into STATION values (357, '23A', 791, 482680.79, 4448204.48, 235.30);
insert into STATION values (358, '24A', 791, 482681.76, 4448196.92, 236.24);
insert into STATION values (359, '25A', 791, 482682.44, 4448185.33, 237.87);
insert into STATION values (360, '26A', 791, 482686.17, 4448172.56, 239.50);
insert into STATION values (361, '27A', 791, 482688.03, 4448159.84, 241.08);
insert into STATION values (362, '28A', 791, 482690.04, 4448152.97, 241.71);
insert into STATION values (363, '29A', 791, 482692.47, 4448147.84, 242.10);
insert into STATION values (364, '30A', 791, 482692.40, 4448141.73, 242.64);
insert into STATION values (365, '31A', 791, 482695.15, 4448138.71, 243.89);
insert into STATION values (366, '32A', 791, 482694.53, 4448135.68, 243.23);
insert into STATION values (367, '33A', 791, 482696.03, 4448129.31, 244.15);
insert into STATION values (368, '34A', 791, 482695.72, 4448125.49, 244.49);
insert into STATION values (369, '35A', 791, 482700.97, 4448116.14, 245.80);
insert into STATION values (370, '36A', 791, 482703.14, 4448105.28, 247.76);
insert into STATION values (371, '37A', 791, 482708.50, 4448098.97, 249.67);
insert into STATION values (372, '38A', 791, 482708.24, 4448093.61, 250.91);
insert into STATION values (373, '39A', 791, 482707.52, 4448091.58, 251.02);
insert into STATION values (374, '40A', 791, 482708.30, 4448088.91, 252.62);
insert into STATION values (375, '41A', 791, 482709.48, 4448085.13, 253.18);
insert into STATION values (376, '42A', 791, 482708.32, 4448082.73, 251.52);
insert into STATION values (377, '43A', 791, 482708.59, 4448078.22, 252.23);
insert into STATION values (378, '44A', 791, 482707.07, 4448072.81, 253.32);
insert into STATION values (379, '45A', 791, 482709.41, 4448069.74, 257.47);
insert into STATION values (380, 'JP', 791, 482592.22, 4448396.37, 189.85);
insert into STATION values (381, '1B', 791, 482597.84, 4448383.92, 194.03);
insert into STATION values (382, '2B', 791, 482596.03, 4448373.32, 188.07);
insert into STATION values (383, '3B', 791, 482595.85, 4448371.07, 184.96);
insert into STATION values (384, '4B', 791, 482597.81, 4448368.41, 184.55);
insert into STATION values (385, '5B', 791, 482602.09, 4448362.13, 184.55);
insert into STATION values (386, '6B', 791, 482603.62, 4448362.49, 183.75);
insert into STATION values (387, '7B', 791, 482604.23, 4448362.72, 185.75);
insert into STATION values (388, '8B', 791, 482607.15, 4448361.55, 185.70);
insert into STATION values (389, '9B', 791, 482608.54, 4448360.59, 188.10);
insert into STATION values (390, '10B', 791, 482609.66, 4448356.20, 188.74);
insert into STATION values (391, '11B', 791, 482607.68, 4448354.51, 188.14);
insert into STATION values (392, '12B', 791, 482610.48, 4448348.59, 189.06);
insert into STATION values (393, '13B', 791, 482612.60, 4448343.15, 184.16);
insert into STATION values (394, '14B', 791, 482612.63, 4448338.83, 208.69);
insert into STATION values (395, '15B', 791, 482613.27, 4448338.01, 213.56);
insert into STATION values (396, '1', 797, 478700.00, 4446570.00, 0.00);
insert into STATION_FLAG values(396, 'ent');
insert into STATION values (397, '2', 797, 478702.19, 4446572.22, -9.50);
insert into STATION values (398, '3', 797, 478707.21, 4446577.30, -16.50);
insert into STATION values (399, '4', 797, 478710.43, 4446580.56, -18.50);
insert into STATION values (400, '5', 797, 478714.18, 4446582.34, -21.30);
insert into STATION values (401, '6', 797, 478722.38, 4446578.57, -17.00);
insert into STATION values (402, '7', 797, 478727.22, 4446577.31, -17.00);
insert into STATION values (403, '8', 797, 478735.15, 4446578.05, -17.80);
insert into STATION values (404, '9', 797, 478742.09, 4446568.26, -17.60);
insert into STATION values (405, '10', 797, 478743.34, 4446563.69, -16.00);
insert into STATION values (406, '11', 797, 478749.38, 4446553.37, -15.00);
insert into STATION values (407, '12', 797, 478749.14, 4446550.38, -15.00);
insert into STATION values (408, '13', 797, 478750.41, 4446547.71, -14.50);
insert into STATION values (409, '14', 797, 478753.09, 4446545.72, -12.30);
insert into STATION values (410, '15', 797, 478754.11, 4446548.59, -6.00);
insert into STATION values (411, '16', 797, 478757.51, 4446541.42, -5.00);
insert into STATION values (412, '17', 797, 478759.65, 4446539.31, -5.00);
insert into STATION values (413, '18', 797, 478766.70, 4446532.34, -3.70);
insert into STATION values (414, '19', 797, 478770.22, 4446528.86, -3.00);
insert into STATION values (415, '20', 797, 478774.27, 4446523.15, -3.00);
insert into STATION values (416, '21', 797, 478777.70, 4446515.92, -3.00);
insert into STATION values (417, '22', 797, 478781.58, 4446512.09, -0.50);
insert into STATION values (418, '23', 797, 478783.95, 4446503.42, 0.00);
insert into STATION values (419, '24', 797, 478785.92, 4446499.28, -2.00);
insert into STATION values (420, '25', 797, 478789.07, 4446496.16, -4.30);
insert into STATION values (421, '26', 797, 478792.28, 4446492.39, -5.00);
insert into STATION values (422, '27', 797, 478793.58, 4446487.66, -6.00);
insert into STATION values (423, '28', 797, 478796.19, 4446478.14, -4.40);
insert into STATION values (424, '29', 797, 478796.36, 4446476.32, -3.60);
insert into STATION values (425, '30', 797, 478794.60, 4446469.60, -2.70);
insert into STATION values (426, '31', 797, 478796.10, 4446453.67, -2.50);
insert into STATION values (427, '32', 797, 478801.40, 4446446.20, -6.50);
insert into STATION values (428, '33', 797, 478805.94, 4446444.11, -6.60);
insert into STATION values (429, '34', 797, 478813.69, 4446440.56, -9.50);
insert into STATION values (430, '35', 797, 478823.28, 4446443.19, -10.50);
insert into STATION values (431, '36', 797, 478826.23, 4446442.95, -11.00);
insert into STATION values (432, '37', 797, 478827.51, 4446441.69, -13.40);
insert into STATION values (433, '38', 797, 478830.21, 4446440.98, -14.50);
insert into STATION values (434, '39', 797, 478839.19, 4446448.61, -16.80);
insert into STATION values (435, '40', 797, 478845.06, 4446451.39, -24.40);
insert into STATION values (436, '41', 797, 478855.01, 4446448.79, -28.30);
insert into STATION values (437, '42', 797, 478859.58, 4446448.42, -18.30);
insert into STATION values (438, '43', 797, 478867.29, 4446450.53, -18.50);
insert into STATION values (439, '44', 797, 478870.72, 4446454.00, -17.40);
insert into STATION values (440, '45', 797, 478873.56, 4446458.12, -17.30);
insert into STATION values (441, '46', 797, 478877.64, 4446461.01, -17.30);
insert into STATION values (442, '47', 797, 478878.49, 4446464.26, -13.60);
insert into STATION values (443, '48', 797, 478874.46, 4446461.41, -12.80);
insert into STATION values (444, '49', 797, 478877.46, 4446455.08, -12.90);
insert into STATION values (445, '50', 797, 478877.30, 4446453.13, -12.50);
insert into STATION values (446, '51', 797, 478878.91, 4446449.73, -9.20);
insert into STATION values (447, '52', 797, 478878.05, 4446452.87, -5.40);
insert into STATION values (448, '53', 797, 478880.43, 4446444.19, -5.10);
insert into STATION values (449, '0', 801, 479563.18, 4447211.34, 316.60);
insert into STATION values (450, '1', 801, 479561.41, 4447213.81, 320.00);
insert into STATION values (451, '2', 801, 479554.92, 4447212.13, 323.10);
insert into STATION values (452, '3', 801, 479552.64, 4447215.95, 324.65);
insert into STATION values (453, '3_1', 801, 479550.83, 4447218.67, 325.27);
insert into STATION values (454, '3_2', 801, 479547.91, 4447220.10, 323.27);
insert into STATION values (455, '3_3', 801, 479545.26, 4447218.50, 324.12);
insert into STATION values (456, '3_4', 801, 479541.14, 4447221.43, 326.89);
insert into STATION values (457, '3_5', 801, 479539.14, 4447228.35, 328.77);
insert into STATION values (458, '4', 801, 479553.63, 4447216.32, 354.95);
insert into STATION values (459, '5', 801, 479556.10, 4447215.00, 356.65);
insert into STATION values (460, '6', 801, 479562.88, 4447214.94, 371.54);
insert into STATION values (461, '7', 801, 479562.96, 4447217.90, 376.78);
insert into STATION values (462, '8', 801, 479556.00, 4447204.00, 380.00);
insert into STATION_FLAG values(462, 'ent');
insert into STATION values (463, '0_0', 801, 479563.18, 4447211.34, 266.60);
insert into STATION values (464, '0', 805, 476133.00, 4447399.00, 39.00);
insert into STATION_FLAG values(464, 'ent');
insert into STATION values (465, '1', 805, 476129.25, 4447416.06, 30.10);
insert into STATION values (466, '2', 805, 476121.74, 4447428.36, 25.42);
insert into STATION values (467, '3', 805, 476104.84, 4447422.24, 30.06);
insert into STATION values (468, '4', 805, 476100.02, 4447433.37, 28.73);
insert into STATION values (469, '5', 805, 476090.77, 4447428.37, 36.37);
insert into STATION values (470, '6', 805, 476086.79, 4447431.55, 36.47);
insert into STATION values (471, '7', 805, 476090.53, 4447442.93, 43.53);
insert into STATION values (472, '8', 805, 476085.89, 4447453.16, 48.30);
insert into STATION values (473, '9', 805, 476087.11, 4447459.69, 51.98);
insert into STATION values (474, '10', 805, 476083.60, 4447463.81, 52.98);
insert into STATION values (475, '11', 805, 476077.71, 4447466.51, 53.44);
insert into STATION values (476, '12', 805, 476075.43, 4447469.00, 53.32);
insert into STATION values (477, '13', 805, 476075.48, 4447473.45, 56.55);
insert into STATION values (478, '14', 805, 476078.28, 4447437.44, 35.80);
insert into STATION values (479, '100', 805, 476140.58, 4447444.40, 35.17);
insert into STATION values (480, '101', 805, 476156.49, 4447436.89, 44.17);
insert into STATION values (481, '102', 805, 476163.07, 4447443.00, 48.04);
insert into STATION values (482, '103', 805, 476156.13, 4447452.44, 48.12);
insert into STATION values (483, '104', 805, 476155.06, 4447470.04, 44.11);
insert into STATION values (484, '105', 805, 476125.63, 4447477.92, 51.71);
insert into STATION values (485, '106', 805, 476114.57, 4447490.92, 50.93);
insert into STATION values (486, '107', 805, 476106.90, 4447497.38, 50.32);
insert into STATION values (487, '108', 805, 476102.29, 4447505.10, 49.33);
insert into STATION values (488, '109', 805, 476098.83, 4447515.51, 48.96);
insert into STATION values (489, '110', 805, 476092.48, 4447500.71, 56.27);
insert into STATION values (490, '111', 805, 476087.03, 4447506.26, 56.10);
insert into STATION values (491, '112', 805, 476086.06, 4447507.26, 48.23);
insert into STATION values (492, 'A0', 809, 482342.79, 4446993.18, 28.85);
insert into STATION values (493, 'A1', 809, 482343.77, 4446989.74, 31.48);
insert into STATION values (494, 'B0', 809, 482343.77, 4446989.74, 31.48);
insert into STATION values (495, 'A2', 809, 482344.47, 4446983.36, 35.83);
insert into STATION values (496, 'A3', 809, 482347.30, 4446982.08, 38.26);
insert into STATION values (497, 'A4', 809, 482352.49, 4446974.29, 47.28);
insert into STATION values (498, 'A5', 809, 482357.00, 4446971.00, 50.00);
insert into STATION_FLAG values(498, 'ent');
insert into STATION values (499, 'S1-0', 809, 482341.31, 4446996.53, 25.45);
insert into STATION values (500, 'S1-1', 809, 482339.97, 4447005.08, 18.65);
insert into STATION values (501, 'S1-2', 809, 482338.03, 4447012.95, 14.75);
insert into STATION values (502, 'S1-3', 809, 482337.84, 4447015.70, 11.85);
insert into STATION values (503, 'S1-4', 809, 482339.64, 4447032.37, 9.05);
insert into STATION values (504, 'S1-5', 809, 482347.87, 4447037.90, 10.35);
insert into STATION values (505, 'S1-6', 809, 482352.24, 4447038.19, 12.75);
insert into STATION values (506, 'S1-7', 809, 482357.81, 4447037.59, 16.05);
insert into STATION values (507, 'S1-8', 809, 482362.70, 4447034.64, 19.15);
insert into STATION values (508, 'S1-9', 809, 482368.21, 4447036.00, 23.25);
insert into STATION values (509, 'S1-10', 809, 482371.83, 4447041.99, 23.35);
insert into STATION values (510, 'S1-11', 809, 482372.36, 4447046.93, 22.75);
insert into STATION values (511, 'S1-12', 809, 482376.03, 4447056.41, 14.65);
insert into STATION values (512, 'D1', 809, 482352.24, 4446997.88, 36.11);
insert into STATION values (513, 'D2', 809, 482351.48, 4446999.21, 35.57);
insert into STATION values (514, 'D3', 809, 482356.11, 4447002.06, 37.94);
insert into STATION values (515, 'D4', 809, 482357.32, 4447014.78, 30.17);
insert into STATION values (516, 'D5', 809, 482358.61, 4447006.48, 35.06);
insert into STATION values (517, 'D6', 809, 482366.05, 4447009.25, 38.52);
insert into STATION values (518, 'D7', 809, 482378.01, 4447001.92, 50.05);
insert into STATION values (519, 'D8', 809, 482379.60, 4446997.79, 53.53);
insert into STATION values (520, 'D9', 809, 482363.08, 4447015.96, 30.47);
insert into STATION values (521, 'D10', 809, 482360.27, 4447022.05, 27.20);
insert into STATION values (522, 'D11', 809, 482358.41, 4446999.57, 40.21);
insert into STATION values (523, 'D12', 809, 482362.35, 4446996.07, 45.11);
insert into STATION values (524, 'D13', 809, 482362.49, 4446992.10, 48.99);
insert into STATION values (525, 'D14', 809, 482366.64, 4446988.88, 52.00);
insert into STATION values (526, 'D15', 809, 482369.11, 4446990.89, 53.60);
insert into STATION values (527, 'D16', 809, 482366.49, 4446985.23, 54.16);
insert into STATION values (528, 'cairn', 816, 479886.38, 4447869.91, 336.88);
insert into STATION values (529, '1', 816, 479875.97, 4447873.38, 332.09);
insert into STATION values (530, '2', 816, 479872.00, 4447878.76, 329.99);
insert into STATION values (531, '3', 816, 479868.06, 4447883.27, 328.65);
insert into STATION values (532, '4', 816, 479867.98, 4447885.02, 327.16);
insert into STATION values (533, '5', 816, 479859.25, 4447882.54, 320.49);
insert into STATION values (534, '6', 816, 479856.55, 4447878.87, 315.05);
insert into STATION values (535, '7', 816, 479852.93, 4447876.62, 311.57);
insert into STATION values (536, '8', 816, 479848.29, 4447870.72, 306.16);
insert into STATION values (537, '9', 816, 479846.82, 4447868.03, 302.86);
insert into STATION values (538, '10', 816, 479845.52, 4447869.48, 299.90);
insert into STATION values (539, '11', 816, 479844.52, 4447869.93, 294.93);
insert into STATION values (540, '12', 816, 479843.34, 4447870.74, 286.11);
insert into STATION values (541, '13', 816, 479842.19, 4447873.22, 286.71);
insert into STATION values (542, '14', 816, 479836.00, 4447878.56, 293.50);
insert into STATION values (543, '15', 816, 479834.64, 4447878.41, 293.60);
insert into STATION values (544, '16', 816, 479827.95, 4447878.29, 285.46);
insert into STATION values (545, '17', 816, 479827.59, 4447875.97, 285.78);
insert into STATION values (546, '18', 816, 479823.76, 4447876.44, 273.37);
insert into STATION values (547, '19', 816, 479807.91, 4447878.27, 212.84);
insert into STATION values (548, '20', 816, 479807.58, 4447878.27, 217.61);
insert into STATION values (549, '21', 816, 479807.58, 4447878.27, 237.61);
insert into STATION values (550, '22', 816, 479806.42, 4447875.22, 238.28);
insert into STATION values (551, '23', 816, 479803.93, 4447872.47, 240.64);
insert into STATION values (552, '24', 816, 479803.93, 4447872.47, 257.39);
insert into STATION values (553, '25', 816, 479804.54, 4447868.57, 257.34);
insert into STATION values (554, '26', 816, 479808.08, 4447866.38, 262.11);
insert into STATION values (555, '27', 816, 479809.30, 4447866.33, 262.26);
insert into STATION values (556, '28', 816, 479810.22, 4447865.35, 262.19);
insert into STATION values (557, '29', 816, 479813.26, 4447866.50, 262.58);
insert into STATION values (558, '30', 816, 479814.64, 4447865.85, 265.23);
insert into STATION values (559, '31', 816, 479816.02, 4447869.71, 268.08);
insert into STATION values (560, '1000', 816, 479807.93, 4447873.35, 207.24);
insert into STATION values (561, '1001', 816, 479810.02, 4447875.27, 206.02);
insert into STATION values (562, '1002', 816, 479809.74, 4447877.82, 206.51);
insert into STATION values (563, '1003', 816, 479808.70, 4447878.60, 206.47);
insert into STATION values (564, '1004', 816, 479807.09, 4447878.47, 206.73);
insert into STATION values (565, '1005', 816, 479806.79, 4447879.99, 206.53);
insert into STATION values (566, '1006', 816, 479810.67, 4447882.08, 207.02);
insert into STATION values (567, '1007', 816, 479810.03, 4447883.86, 205.02);
insert into STATION values (568, '1008', 816, 479809.47, 4447885.42, 204.24);
insert into STATION values (569, '1009', 816, 479808.17, 4447887.07, 204.41);
insert into STATION values (570, '1010', 816, 479808.90, 4447888.54, 204.95);
insert into STATION values (571, '1011', 816, 479807.94, 4447889.46, 205.05);
insert into STATION values (572, '1012', 816, 479806.88, 4447889.73, 205.13);
insert into STATION values (573, '1013', 816, 479806.07, 4447891.54, 203.98);
insert into STATION values (574, '1014', 816, 479804.59, 4447893.37, 202.98);
insert into STATION values (575, '1015', 816, 479802.85, 4447894.01, 202.67);
insert into STATION values (576, '1016', 816, 479802.09, 4447895.24, 202.24);
insert into STATION values (577, '1017', 816, 479800.92, 4447894.68, 202.94);
insert into STATION values (578, '1018', 816, 479799.60, 4447895.25, 202.32);
insert into STATION values (579, '1019', 816, 479797.32, 4447894.77, 201.67);
insert into STATION values (580, '1020', 816, 479797.26, 4447897.17, 203.78);
insert into STATION values (581, '1021', 816, 479796.63, 4447893.57, 201.94);
insert into STATION values (582, '1022', 816, 479792.66, 4447893.98, 200.90);
insert into STATION values (583, '1023', 816, 479794.04, 4447897.05, 201.00);
insert into STATION values (584, '1024', 816, 479789.83, 4447897.33, 200.97);
insert into STATION values (585, '1025', 816, 479790.87, 4447899.06, 201.70);
insert into STATION values (586, '1026', 816, 479791.99, 4447899.73, 201.07);
insert into STATION values (587, '1027', 816, 479792.10, 4447902.64, 200.53);
insert into STATION values (588, '1028', 816, 479790.42, 4447903.70, 199.82);
insert into STATION values (589, '1029', 816, 479791.48, 4447906.21, 199.90);
insert into STATION values (590, '1030', 816, 479790.05, 4447907.86, 200.05);
insert into STATION values (591, '1031', 816, 479789.73, 4447909.60, 199.32);
insert into STATION values (592, '1032', 816, 479788.58, 4447910.25, 199.84);
insert into STATION values (593, '1033', 816, 479791.95, 4447913.22, 199.12);
insert into STATION values (594, '1034', 816, 479787.93, 4447913.33, 198.86);
insert into STATION values (595, '1035', 816, 479787.07, 4447914.68, 198.37);
insert into STATION values (596, '1036', 816, 479790.28, 4447916.89, 197.65);
insert into STATION values (597, '1037', 816, 479789.29, 4447919.31, 197.60);
insert into STATION values (598, '1038', 816, 479789.12, 4447921.53, 198.05);
insert into STATION values (599, '1039', 816, 479786.95, 4447920.66, 196.51);
insert into STATION values (600, '1040', 816, 479787.72, 4447924.10, 195.44);
insert into STATION values (601, '1041', 816, 479786.93, 4447926.04, 195.84);
insert into STATION values (602, '1042', 816, 479786.26, 4447928.92, 195.63);
insert into STATION values (603, '1043', 816, 479788.18, 4447931.24, 195.06);
insert into STATION values (604, '1044', 816, 479786.41, 4447934.68, 193.86);
insert into STATION values (605, '1045', 816, 479787.06, 4447937.57, 194.04);
insert into STATION values (606, '1046', 816, 479785.00, 4447938.48, 194.26);
insert into STATION values (607, '1047', 816, 479784.40, 4447939.92, 194.52);
insert into STATION values (608, '1048', 816, 479787.95, 4447942.53, 194.49);
insert into STATION values (609, '1049', 816, 479785.59, 4447942.79, 194.32);
insert into STATION values (610, '1050', 816, 479787.22, 4447945.14, 193.31);
insert into STATION values (611, '1051', 816, 479786.13, 4447946.57, 193.26);
insert into STATION values (612, '1052', 816, 479789.27, 4447947.72, 193.43);
insert into STATION values (613, '1053', 816, 479789.74, 4447948.94, 193.57);
insert into STATION values (614, '1054', 816, 479787.58, 4447949.89, 192.85);
insert into STATION values (615, '1055', 816, 479789.32, 4447952.14, 193.33);
insert into STATION values (616, '1056', 816, 479788.02, 4447955.20, 193.37);
insert into STATION values (617, '1057', 816, 479785.63, 4447952.50, 192.64);
insert into STATION values (618, '1058', 816, 479784.08, 4447951.01, 192.58);
insert into STATION values (619, '1059', 816, 479781.66, 4447955.23, 191.69);
insert into STATION values (620, '1060', 816, 479783.41, 4447956.75, 191.78);
insert into STATION values (621, '1061', 816, 479781.30, 4447957.05, 192.28);
insert into STATION values (622, '1062', 816, 479779.32, 4447961.92, 190.73);
insert into STATION values (623, '1063', 816, 479782.00, 4447963.74, 190.52);
insert into STATION values (624, '1064', 816, 479781.57, 4447965.73, 189.63);
insert into STATION values (625, '1065', 816, 479783.95, 4447967.93, 188.55);
insert into STATION values (626, '1066', 816, 479781.35, 4447963.85, 193.12);
insert into STATION values (627, '1067', 816, 479783.32, 4447963.59, 193.57);
insert into STATION values (628, '1068', 816, 479786.75, 4447968.10, 192.38);
insert into STATION values (629, '1069', 816, 479789.18, 4447970.46, 190.58);
insert into STATION values (630, '1070', 816, 479787.28, 4447972.98, 187.63);
insert into STATION values (631, '1071', 816, 479789.37, 4447973.22, 186.40);
insert into STATION values (632, '1072', 816, 479791.35, 4447975.29, 184.65);
insert into STATION values (633, '1073', 816, 479790.06, 4447976.80, 183.00);
insert into STATION values (634, '999', 816, 479809.93, 4447870.90, 207.48);
insert into STATION values (635, '998', 816, 479809.09, 4447869.82, 207.58);
insert into STATION values (636, '997', 816, 479810.10, 4447868.96, 208.28);
insert into STATION values (637, '996', 816, 479811.42, 4447866.94, 208.38);
insert into STATION values (638, '995', 816, 479817.11, 4447863.62, 208.90);
insert into STATION values (639, '994', 816, 479815.01, 4447865.14, 217.43);
insert into STATION values (640, '993', 816, 479814.45, 4447865.67, 240.82);
insert into STATION values (641, '992', 816, 479816.58, 4447863.79, 264.30);
insert into STATION values (642, '991', 816, 479814.70, 4447864.10, 267.75);
insert into STATION values (643, '990', 816, 479815.08, 4447863.99, 270.53);
insert into STATION values (644, 'Dev', 816, 479881.23, 4447865.46, 342.63);
insert into STATION values (645, '0', 816, 479879.00, 4447862.00, 347.00);
insert into STATION_FLAG values(645, 'ent');
insert into STATION values (646, '1074', 816, 479788.57, 4447978.14, 183.94);
insert into STATION values (647, '1075', 816, 479788.60, 4447978.63, 183.98);
insert into STATION values (648, '1076', 816, 479790.05, 4447978.25, 179.85);
insert into STATION values (649, '1077', 816, 479788.73, 4447980.52, 179.29);
insert into STATION values (650, '1078', 816, 479789.32, 4447982.74, 176.14);
insert into STATION values (651, '1079', 816, 479790.40, 4447984.40, 175.47);
insert into STATION values (652, '1080', 816, 479788.20, 4447985.11, 172.71);
insert into STATION values (653, '1081', 816, 479785.12, 4447985.98, 172.87);
insert into STATION values (654, '1082', 816, 479783.90, 4447985.43, 165.28);
insert into STATION values (655, '1083', 816, 479782.18, 4447987.55, 164.82);
insert into STATION values (656, '1084', 816, 479780.77, 4447986.66, 164.37);
insert into STATION values (657, '1085', 816, 479780.52, 4447988.20, 164.17);
insert into STATION values (658, '1086', 816, 479778.53, 4447988.04, 164.29);
insert into STATION values (659, '1087', 816, 479782.10, 4447996.63, 160.30);
insert into STATION values (660, '1088', 816, 479780.72, 4447997.28, 160.40);
insert into STATION values (661, '1089', 816, 479782.37, 4447997.73, 160.55);
insert into STATION values (662, '1090', 816, 479778.40, 4448000.11, 160.25);
insert into STATION values (663, '1091', 816, 479778.13, 4447998.14, 160.14);
insert into STATION values (664, '1092', 816, 479777.58, 4447999.60, 159.99);
insert into STATION values (665, '1093', 816, 479775.67, 4447999.43, 159.65);
insert into STATION values (666, '1094', 816, 479776.70, 4448001.10, 159.41);
insert into STATION values (667, '1095', 816, 479775.17, 4448001.12, 158.83);
insert into STATION values (668, '1096', 816, 479774.99, 4448007.02, 158.29);
insert into STATION values (669, '1097', 816, 479773.88, 4448007.89, 158.06);
insert into STATION values (670, '1098', 816, 479774.79, 4448006.68, 157.92);
insert into STATION values (671, '1099', 816, 479775.35, 4448009.73, 156.40);
insert into STATION values (672, '1100', 816, 479778.70, 4448012.90, 156.05);
insert into STATION values (673, '1101', 816, 479780.08, 4448017.18, 155.69);
insert into STATION values (674, '1102', 816, 479778.53, 4448017.42, 155.60);
insert into STATION values (675, '1103', 816, 479776.19, 4448019.07, 154.47);
insert into STATION values (676, '1104', 816, 479773.56, 4448021.87, 153.46);
insert into STATION values (677, '1105', 816, 479773.97, 4448024.60, 153.64);
insert into STATION values (678, '1106', 816, 479775.10, 4448024.39, 154.24);
insert into STATION values (679, '1107', 816, 479770.42, 4448027.19, 155.76);
insert into STATION values (680, '1108', 816, 479779.68, 4448037.42, 154.55);
insert into STATION values (681, '1109', 816, 479783.50, 4448041.80, 153.92);
insert into STATION values (682, '1110', 816, 479783.42, 4448045.03, 153.78);
insert into STATION values (683, '1111', 816, 479783.11, 4448046.60, 153.96);
insert into STATION values (684, '1112', 816, 479773.38, 4448039.85, 153.65);
insert into STATION values (685, '1113', 816, 479766.54, 4448032.48, 153.25);
insert into STATION values (686, '1114', 816, 479757.42, 4448034.40, 153.41);
insert into STATION values (687, '1115', 816, 479757.40, 4448042.88, 153.30);
insert into STATION values (688, '1116', 816, 479762.84, 4448044.22, 152.62);
insert into STATION values (689, '1117', 816, 479760.60, 4448046.29, 152.94);
insert into STATION values (690, '1118', 816, 479768.51, 4448054.36, 152.51);
insert into STATION values (691, '1119', 816, 479760.63, 4448059.14, 152.31);
insert into STATION values (692, '1120', 816, 479761.06, 4448063.14, 152.18);
insert into STATION values (693, '1121', 816, 479756.69, 4448068.32, 151.97);
insert into STATION values (694, '1122', 816, 479759.52, 4448073.67, 151.72);
insert into STATION values (695, '1123', 816, 479756.77, 4448077.88, 150.61);
insert into STATION values (696, '1124', 816, 479754.41, 4448078.46, 150.64);
insert into STATION values (697, '1125', 816, 479750.15, 4448076.98, 150.18);
insert into STATION values (698, '1126', 816, 479748.87, 4448073.25, 150.23);
insert into STATION values (699, '1127', 816, 479750.38, 4448070.48, 150.09);
insert into STATION values (700, '1128', 816, 479749.09, 4448065.71, 149.47);
insert into STATION values (701, '1129', 816, 479743.00, 4448059.63, 149.56);
insert into STATION values (702, '1130', 816, 479742.79, 4448053.15, 148.59);
insert into STATION values (703, '1131', 816, 479740.70, 4448050.35, 148.10);
insert into STATION values (704, '1132', 816, 479741.47, 4448048.78, 148.88);
insert into STATION values (705, '1133', 816, 479737.52, 4448046.53, 148.75);
insert into STATION values (706, '1134', 816, 479737.10, 4448043.59, 148.35);
insert into STATION values (707, '1135', 816, 479735.82, 4448040.74, 147.81);
insert into STATION values (708, '1136', 816, 479731.56, 4448042.61, 147.94);
insert into STATION values (709, '2000', 816, 479730.18, 4448048.34, 148.14);
insert into STATION values (710, '2001', 816, 479727.15, 4448046.50, 149.13);
insert into STATION values (711, '2002', 816, 479719.99, 4448048.05, 147.68);
insert into STATION values (712, '2003', 816, 479714.61, 4448045.46, 148.64);
insert into STATION values (713, '2004', 816, 479708.09, 4448047.27, 148.19);
insert into STATION values (714, '2005', 816, 479704.14, 4448048.67, 148.36);
insert into STATION values (715, '2006', 816, 479700.66, 4448046.25, 148.25);
insert into STATION values (716, '2007', 816, 479691.25, 4448048.06, 148.02);
insert into STATION values (717, '2008', 816, 479681.97, 4448048.11, 147.89);
insert into STATION values (718, '2009', 816, 479673.96, 4448045.32, 147.66);
insert into STATION values (719, '2010', 816, 479659.53, 4448041.65, 147.04);
insert into STATION values (720, '2011', 816, 479661.22, 4448034.51, 147.59);
insert into STATION values (721, '2012', 816, 479657.37, 4448032.48, 147.79);
insert into STATION values (722, '2013', 816, 479655.21, 4448038.63, 147.25);
insert into STATION values (723, '2014', 816, 479649.47, 4448035.08, 147.50);
insert into STATION values (724, '2015', 816, 479637.99, 4448035.24, 146.76);
insert into STATION values (725, '2016', 816, 479634.83, 4448034.34, 147.13);
insert into STATION values (726, '2017', 816, 479637.13, 4448025.07, 147.55);
insert into STATION values (727, '2018', 816, 479623.70, 4448022.42, 146.50);
insert into STATION values (728, '2019', 816, 479613.34, 4448019.46, 146.59);
insert into STATION values (729, '2020', 816, 479608.34, 4448020.14, 146.33);
insert into STATION values (730, '2021', 816, 479606.74, 4448030.10, 146.36);
insert into STATION values (731, '2022', 816, 479599.22, 4448025.46, 146.11);
insert into STATION values (732, '2023', 816, 479591.11, 4448023.16, 145.89);
insert into STATION values (733, '2024', 816, 479589.03, 4448020.66, 145.66);
insert into STATION values (734, '2025', 816, 479581.53, 4448018.48, 146.65);
insert into STATION values (735, '2026', 816, 479576.16, 4448009.94, 145.59);
insert into STATION values (736, '2027', 816, 479567.66, 4448010.74, 145.72);
insert into STATION values (737, '2028', 816, 479560.44, 4448000.75, 145.98);
insert into STATION values (738, '2029', 816, 479551.77, 4447994.76, 146.31);
insert into STATION values (739, '2030', 816, 479537.62, 4447999.87, 145.84);
insert into STATION values (740, '2031', 816, 479534.25, 4447984.36, 145.39);
insert into STATION values (741, '2032', 816, 479521.88, 4447982.85, 145.09);
insert into STATION values (742, '2033', 816, 479519.57, 4447972.65, 145.46);
insert into STATION values (743, '2034', 816, 479506.37, 4447971.62, 145.48);
insert into STATION values (744, '2035', 816, 479489.91, 4447966.10, 144.78);
insert into STATION values (745, '2036', 816, 479493.66, 4447948.23, 144.62);
insert into STATION values (746, '2037', 816, 479499.15, 4447943.06, 144.24);
insert into STATION values (747, '2038', 816, 479499.72, 4447933.77, 144.50);
insert into STATION values (748, 'A1', 816, 479634.23, 4447881.47, 157.22);
insert into STATION values (749, 'A2', 816, 479629.53, 4447882.53, 156.31);
insert into STATION values (750, 'A3', 816, 479627.66, 4447889.55, 153.83);
insert into STATION values (751, 'A4', 816, 479627.50, 4447892.54, 153.73);
insert into STATION values (752, 'A5', 816, 479624.15, 4447891.78, 153.64);
insert into STATION values (753, 'A6', 816, 479623.54, 4447894.01, 153.72);
insert into STATION values (754, 'A7', 816, 479619.98, 4447891.21, 153.67);
insert into STATION values (755, 'A8', 816, 479618.66, 4447890.97, 153.60);
insert into STATION values (756, 'A9', 816, 479616.56, 4447894.46, 152.28);
insert into STATION values (757, 'A10', 816, 479612.97, 4447893.72, 152.45);
insert into STATION values (758, 'A11', 816, 479611.81, 4447895.65, 152.18);
insert into STATION values (759, 'A12', 816, 479614.40, 4447896.88, 152.15);
insert into STATION values (760, 'A13', 816, 479612.67, 4447900.49, 151.86);
insert into STATION values (761, 'A14', 816, 479609.98, 4447899.18, 151.80);
insert into STATION values (762, 'A15', 816, 479607.03, 4447900.75, 151.71);
insert into STATION values (763, 'A16', 816, 479608.87, 4447904.09, 151.65);
insert into STATION values (764, 'A17', 816, 479608.75, 4447906.51, 151.70);
insert into STATION values (765, 'A18', 816, 479611.68, 4447906.25, 151.32);
insert into STATION values (766, 'A19', 816, 479609.88, 4447911.78, 151.28);
insert into STATION values (767, 'A20', 816, 479607.95, 4447913.80, 151.52);
insert into STATION values (768, 'A21', 816, 479610.91, 4447916.11, 151.87);
insert into STATION values (769, 'A22', 816, 479612.83, 4447914.26, 150.86);
insert into STATION values (770, 'A23', 816, 479614.57, 4447916.50, 150.71);
insert into STATION values (771, 'A24', 816, 479614.31, 4447917.93, 150.26);
insert into STATION values (772, 'A25', 816, 479618.28, 4447916.16, 149.56);
insert into STATION values (773, 'A26', 816, 479620.27, 4447916.26, 149.24);
insert into STATION values (774, 'A27', 816, 479619.66, 4447919.82, 148.93);
insert into STATION values (775, 'A28', 816, 479619.31, 4447921.47, 149.14);
insert into STATION values (776, 'A29', 816, 479623.25, 4447921.35, 149.30);
insert into STATION values (777, 'A30', 816, 479622.77, 4447925.28, 149.22);
insert into STATION values (778, 'A31', 816, 479619.26, 4447926.84, 148.98);
insert into STATION values (779, 'A32', 816, 479618.06, 4447928.42, 149.07);
insert into STATION values (780, 'A33', 816, 479615.29, 4447928.90, 148.70);
insert into STATION values (781, 'A34', 816, 479613.89, 4447933.25, 147.69);
insert into STATION values (782, 'A35', 816, 479608.64, 4447940.67, 146.93);
insert into STATION values (783, 'A36', 816, 479601.25, 4447943.06, 146.87);
insert into STATION values (784, 'A37', 816, 479599.49, 4447941.65, 146.72);
insert into STATION values (785, 'A38', 816, 479596.18, 4447943.41, 146.12);
insert into STATION values (786, 'A39', 816, 479601.29, 4447944.72, 146.59);
insert into STATION values (787, 'A40', 816, 479601.01, 4447949.41, 146.07);
insert into STATION values (788, 'A41', 816, 479597.54, 4447950.89, 145.92);
insert into STATION values (789, 'A42', 816, 479600.26, 4447952.67, 145.50);
insert into STATION values (790, 'A43', 816, 479597.90, 4447956.54, 146.00);
insert into STATION values (791, 'A44', 816, 479597.55, 4447961.42, 145.88);
insert into STATION values (792, 'A45', 816, 479599.92, 4447964.25, 145.38);
insert into STATION values (793, 'A46', 816, 479598.50, 4447966.25, 145.26);
insert into STATION values (794, 'A47', 816, 479601.75, 4447972.45, 144.99);
insert into STATION values (795, 'A48', 816, 479606.75, 4447975.78, 145.47);
insert into STATION values (796, 'A49', 816, 479603.62, 4447978.39, 146.39);
insert into STATION values (797, 'A50', 816, 479601.33, 4447977.64, 146.33);
insert into STATION values (798, 'A51', 816, 479596.85, 4447983.52, 145.88);
insert into STATION values (799, 'A52', 816, 479597.56, 4447992.04, 145.88);
insert into STATION values (800, 'A53', 816, 479592.22, 4447995.44, 146.31);
insert into STATION values (801, 'A54', 816, 479586.17, 4447989.97, 145.62);
insert into STATION values (802, 'A55', 816, 479577.69, 4448000.58, 146.03);
insert into STATION values (803, 'A56', 816, 479580.51, 4448008.96, 146.37);
insert into STATION values (804, '0', 824, 478574.00, 4446622.00, 50.00);
insert into STATION_FLAG values(804, 'ent');
insert into STATION values (805, '1', 824, 478579.15, 4446613.88, 47.82);
insert into STATION values (806, '2', 824, 478586.46, 4446611.17, 46.47);
insert into STATION values (807, '3', 824, 478583.09, 4446606.74, 45.21);
insert into STATION values (808, '4', 824, 478588.42, 4446596.29, 43.19);
insert into STATION values (809, '5', 824, 478578.86, 4446601.54, 43.31);
insert into STATION values (810, '6', 824, 478578.48, 4446605.99, 41.86);
insert into STATION values (811, '7', 824, 478576.20, 4446610.16, 41.60);
insert into STATION values (812, '8', 824, 478574.80, 4446606.01, 40.91);
insert into STATION values (813, '9', 824, 478571.77, 4446607.08, 40.92);
insert into STATION values (814, '10', 824, 478565.21, 4446607.77, 39.10);
insert into STATION values (815, '11', 824, 478562.45, 4446613.38, 40.91);
insert into STATION values (816, '12', 824, 478567.55, 4446605.22, 38.31);
insert into STATION values (817, '13', 824, 478561.03, 4446613.16, 36.11);
insert into STATION values (818, '14', 824, 478587.97, 4446589.65, 45.49);
insert into STATION values (819, '15', 824, 478597.95, 4446609.73, 52.55);
insert into STATION values (820, '16', 824, 478597.65, 4446597.00, 59.90);
insert into STATION values (821, '17', 824, 478606.94, 4446599.36, 64.23);
insert into STATION values (822, '18', 824, 478598.49, 4446622.11, 47.09);
insert into STATION values (823, '19', 824, 478605.39, 4446606.61, 62.53);
insert into STATION values (824, '20', 824, 478598.28, 4446628.36, 47.29);
insert into STATION values (825, '21', 824, 478598.09, 4446636.92, 49.00);
insert into STATION values (826, '22', 824, 478596.35, 4446643.50, 46.53);
insert into STATION values (827, '23', 824, 478591.29, 4446653.61, 43.43);
insert into STATION values (828, '24', 824, 478603.08, 4446625.21, 47.98);
insert into STATION values (829, '25', 824, 478604.86, 4446624.82, 46.45);
insert into STATION values (830, '26', 824, 478606.55, 4446627.21, 43.59);
insert into STATION values (831, '27', 824, 478607.40, 4446627.21, 40.96);
insert into STATION values (832, '28', 824, 478610.22, 4446629.11, 40.30);
insert into STATION values (833, '29', 824, 478609.58, 4446632.87, 39.08);
insert into STATION values (834, '30', 824, 478613.11, 4446638.75, 35.98);
insert into STATION values (835, '31', 824, 478614.17, 4446642.68, 34.55);
insert into STATION values (836, '32', 824, 478615.43, 4446649.41, 35.88);
insert into STATION values (837, '33', 824, 478618.03, 4446653.72, 34.46);
insert into STATION values (838, '34', 824, 478619.53, 4446658.42, 34.17);
insert into STATION values (839, '35', 824, 478621.73, 4446666.86, 33.69);
insert into STATION values (840, '36', 824, 478624.00, 4446666.81, 35.44);
insert into STATION values (841, '37', 824, 478630.07, 4446661.77, 35.89);
insert into STATION values (842, '38', 824, 478637.25, 4446668.80, 33.94);
insert into STATION values (843, '39', 824, 478640.73, 4446673.86, 33.24);
insert into STATION values (844, '40', 824, 478643.72, 4446675.02, 32.97);
insert into STATION values (845, '41', 824, 478647.64, 4446676.40, 34.46);
insert into STATION values (846, '42', 824, 478651.89, 4446671.58, 29.83);
insert into STATION values (847, '43', 824, 478658.73, 4446663.34, 31.80);
insert into STATION values (848, '44', 824, 478645.01, 4446682.99, 39.04);
insert into STATION values (849, '45', 824, 478642.18, 4446690.24, 36.97);
insert into STATION values (850, '46', 824, 478638.71, 4446692.01, 38.15);
insert into STATION values (851, '47', 824, 478636.78, 4446681.78, 43.94);
insert into STATION values (852, '48', 824, 478626.08, 4446676.39, 44.42);
insert into STATION values (853, '49', 824, 478617.59, 4446677.37, 41.97);
insert into STATION values (854, '50', 824, 478610.67, 4446676.26, 41.92);
insert into STATION values (855, '51', 824, 478607.05, 4446680.22, 40.85);
insert into STATION values (856, '52', 824, 478596.83, 4446678.46, 41.34);
insert into STATION values (857, '53', 824, 478596.09, 4446683.04, 41.93);
insert into STATION values (858, '54', 824, 478664.18, 4446657.14, 36.13);
insert into STATION values (859, '55', 824, 478666.41, 4446665.00, 34.42);
insert into STATION values (860, '56', 824, 478670.79, 4446669.72, 33.07);
insert into STATION values (861, '57', 824, 478676.72, 4446670.93, 33.97);
insert into STATION values (862, '58', 824, 478682.29, 4446674.79, 31.43);
insert into STATION values (863, '59', 824, 478687.48, 4446675.72, 28.44);
insert into STATION values (864, '60', 824, 478693.19, 4446671.28, 28.30);
insert into STATION values (865, '61', 824, 478666.03, 4446679.45, 32.43);
insert into STATION values (866, '62', 824, 478671.58, 4446680.71, 35.69);
insert into STATION values (867, '63', 824, 478672.44, 4446682.68, 35.76);
insert into STATION values (868, '64', 824, 478672.08, 4446681.58, 38.98);
insert into STATION values (869, '65', 824, 478676.94, 4446675.35, 38.37);
insert into STATION values (870, '66', 824, 478672.53, 4446674.18, 34.19);
insert into STATION values (871, '67', 824, 478683.85, 4446674.61, 40.60);
insert into STATION values (872, '68', 824, 478682.71, 4446670.53, 40.67);
insert into STATION values (873, '69', 824, 478691.66, 4446668.92, 41.28);
insert into STATION values (874, '70', 824, 478697.07, 4446674.74, 39.99);
insert into STATION values (875, '71', 824, 478700.75, 4446677.47, 39.14);
insert into STATION values (876, '72', 824, 478701.23, 4446671.04, 40.62);
insert into STATION values (877, '73', 824, 478701.95, 4446684.30, 37.67);
insert into STATION values (878, '74', 824, 478705.63, 4446693.01, 33.88);
insert into STATION values (879, '75', 824, 478709.80, 4446690.82, 29.80);
insert into STATION values (880, '76', 824, 478726.14, 4446679.83, 24.04);
insert into STATION values (881, '77', 824, 478740.36, 4446673.12, 18.51);
insert into STATION values (882, '78', 824, 478748.18, 4446662.31, 17.78);
insert into STATION values (883, '79', 824, 478754.25, 4446656.26, 17.12);
insert into STATION values (884, '80', 824, 478755.78, 4446653.82, 17.13);
insert into STATION values (885, '81', 824, 478756.05, 4446643.07, 11.62);
insert into STATION values (886, '82', 824, 478764.89, 4446658.30, 20.23);
insert into STATION values (887, '83', 824, 478773.52, 4446648.36, 21.71);
insert into STATION values (888, '84', 824, 478787.62, 4446627.66, 19.96);
insert into STATION values (889, '85', 824, 478800.57, 4446617.09, 25.13);
insert into STATION values (890, '86', 824, 478808.61, 4446599.99, 22.27);
insert into STATION values (891, '87', 824, 478808.03, 4446583.60, 17.97);
insert into STATION values (892, '88', 824, 478813.40, 4446583.09, 18.63);
insert into STATION values (893, '89', 824, 478819.83, 4446562.42, 19.87);
insert into STATION values (894, '90', 824, 478789.67, 4446584.25, 11.60);
insert into STATION values (895, '91', 824, 478791.59, 4446582.46, 12.80);
insert into STATION values (896, '92', 824, 478808.05, 4446574.77, 15.03);
insert into STATION values (897, '93', 824, 478815.60, 4446575.71, 18.26);
insert into STATION values (898, '94', 824, 478825.33, 4446559.36, 20.69);
insert into STATION values (899, '95', 824, 478830.04, 4446552.36, 24.50);
insert into STATION values (900, '96', 824, 478839.41, 4446545.94, 27.80);
insert into STATION values (901, '97', 824, 478844.69, 4446540.59, 30.62);
insert into STATION values (902, '98', 824, 478855.67, 4446523.80, 30.27);
insert into STATION values (903, '99', 824, 478857.55, 4446524.77, 30.94);
insert into STATION values (904, '100', 824, 478862.32, 4446518.29, 21.56);
insert into STATION values (905, '101', 824, 478865.89, 4446516.28, 20.76);
insert into STATION values (906, '102', 824, 478868.85, 4446516.98, 19.61);
insert into STATION values (907, '103', 824, 478870.78, 4446513.81, 18.23);
insert into STATION values (908, 'A', 824, 478794.56, 4446579.85, 12.09);
insert into STATION values (909, '1001', 824, 478833.28, 4446559.14, 28.56);
insert into STATION values (910, '1002', 824, 478838.24, 4446556.03, 29.78);
insert into STATION values (911, '1003', 824, 478840.68, 4446563.82, 28.25);
insert into STATION values (912, '1004', 824, 478849.83, 4446577.09, 27.12);
insert into STATION values (913, '1005', 824, 478854.67, 4446567.58, 34.00);
insert into STATION values (914, '1006', 824, 478862.31, 4446566.74, 34.42);
insert into STATION values (915, '1007', 824, 478869.81, 4446566.90, 32.01);
insert into STATION values (916, '1008', 824, 478873.41, 4446562.21, 35.20);
insert into STATION values (917, '1009', 824, 478877.72, 4446560.00, 38.79);
insert into STATION values (918, '1010', 824, 478874.98, 4446574.16, 29.00);
insert into STATION values (919, '1011', 824, 478869.02, 4446569.82, 29.34);
insert into STATION values (920, '1012', 824, 478859.47, 4446576.55, 27.20);
insert into STATION values (921, '1013', 824, 478853.76, 4446576.63, 28.72);
insert into STATION values (922, '1014', 824, 478884.87, 4446569.61, 33.40);
insert into STATION values (923, '1015', 824, 478886.49, 4446576.54, 29.01);
insert into STATION values (924, '1016', 824, 478880.76, 4446574.17, 30.02);
insert into STATION values (925, '1017', 824, 478876.42, 4446577.47, 26.81);
insert into STATION values (926, '1015A', 824, 478893.35, 4446578.69, 29.27);
insert into STATION values (927, '1015B', 824, 478889.80, 4446574.74, 29.48);
insert into STATION values (928, '1018', 824, 478892.26, 4446575.01, 30.25);
insert into STATION values (929, '1019', 824, 478895.07, 4446571.01, 31.42);
insert into STATION values (930, '1020', 824, 478905.28, 4446569.64, 33.17);
insert into STATION values (931, '1021', 824, 478909.95, 4446561.23, 32.05);
insert into STATION values (932, '1022', 824, 478915.96, 4446558.71, 36.93);
insert into STATION values (933, '1023', 824, 478923.35, 4446557.17, 35.44);
insert into STATION values (934, '1024', 824, 478931.17, 4446547.53, 31.64);
insert into STATION values (935, '1025', 824, 478928.01, 4446540.61, 32.44);
insert into STATION values (936, '1026', 824, 478908.85, 4446562.63, 32.34);
insert into STATION values (937, '1027', 824, 478907.94, 4446557.63, 34.14);
insert into STATION values (938, '1028', 824, 478904.42, 4446555.55, 37.35);
insert into STATION values (939, '2000', 824, 478890.12, 4446557.49, 41.99);
insert into STATION values (940, '1029', 824, 478895.72, 4446559.65, 40.75);
insert into STATION values (941, '1030', 824, 478852.12, 4446585.97, 23.32);
insert into STATION values (942, '1031', 824, 478855.02, 4446590.02, 23.76);
insert into STATION values (943, '1032', 824, 478860.40, 4446583.50, 29.26);
insert into STATION values (944, '1033', 824, 478876.78, 4446563.93, 36.82);
insert into STATION values (945, '1034', 824, 478885.55, 4446551.60, 42.03);
insert into STATION values (946, '1035', 824, 478837.97, 4446568.97, 22.80);
insert into STATION values (947, '1036', 824, 478836.86, 4446564.73, 27.18);
insert into STATION values (948, '1037', 824, 478835.62, 4446567.27, 26.54);
insert into STATION values (949, '1038', 824, 478831.04, 4446565.92, 24.56);
insert into STATION values (950, '1039', 824, 478826.04, 4446564.90, 24.91);
insert into STATION values (951, '2001', 824, 478894.23, 4446548.39, 47.63);
insert into STATION values (952, '2002', 824, 478901.82, 4446552.95, 48.54);
insert into STATION values (953, '2003', 824, 478904.77, 4446542.98, 54.34);
insert into STATION values (954, '2004', 824, 478915.26, 4446554.46, 53.83);
insert into STATION values (955, '2005', 824, 478921.79, 4446554.94, 54.30);
insert into STATION values (956, '2006', 824, 478929.90, 4446544.22, 64.01);
insert into STATION values (957, '2007', 824, 478933.16, 4446546.58, 62.28);
insert into STATION values (958, '2008', 824, 478938.58, 4446546.62, 57.04);
insert into STATION values (959, '2009', 824, 478951.77, 4446544.34, 51.16);
insert into STATION values (960, '2010', 824, 478961.40, 4446554.29, 46.11);
insert into STATION values (961, '2011', 824, 478974.94, 4446556.26, 48.06);
insert into STATION values (962, '2012', 824, 478980.28, 4446561.05, 42.81);
insert into STATION values (963, '2013', 824, 478988.92, 4446573.51, 38.07);
insert into STATION values (964, '2014', 824, 478992.31, 4446583.10, 39.85);
insert into STATION values (965, '2015', 824, 478983.90, 4446588.04, 39.03);
insert into STATION values (966, '2016', 824, 478983.36, 4446592.91, 38.17);
insert into STATION values (967, '2017', 824, 478970.99, 4446600.24, 38.58);
insert into STATION values (968, '2018', 824, 478962.82, 4446597.85, 38.41);
insert into STATION values (969, '2019', 824, 478967.06, 4446614.08, 36.30);
insert into STATION values (970, '2020', 824, 478968.53, 4446632.23, 36.01);
insert into STATION values (971, '2021', 824, 478985.55, 4446648.42, 27.60);
insert into STATION values (972, '2022', 824, 478991.72, 4446639.71, 25.98);
insert into STATION values (973, '2023', 824, 478997.61, 4446653.50, 25.98);
insert into STATION values (974, '2024', 824, 478976.56, 4446579.33, 40.44);
insert into STATION values (975, '1040', 824, 478907.78, 4446546.78, 41.12);
insert into STATION values (976, '1041', 824, 478913.40, 4446537.84, 39.62);
insert into STATION values (977, '1042', 824, 478921.99, 4446534.23, 40.33);
insert into STATION values (978, '1043', 824, 478925.68, 4446528.48, 42.73);
insert into STATION values (979, '1044', 824, 478924.22, 4446537.43, 44.34);
insert into STATION values (980, '1045', 824, 478924.37, 4446545.87, 43.16);
insert into STATION values (981, '1046', 824, 478926.17, 4446552.07, 47.95);
insert into STATION values (982, '1048', 824, 478921.27, 4446541.31, 43.45);
insert into STATION values (983, '1049', 824, 478925.37, 4446543.40, 44.10);
insert into STATION values (984, '1050', 824, 478929.27, 4446543.67, 43.78);
insert into STATION values (985, '1051', 824, 478931.20, 4446542.40, 44.97);
insert into STATION values (986, '1052', 824, 478935.48, 4446538.68, 47.57);
insert into STATION values (987, '1047', 824, 478928.95, 4446552.67, 47.58);
insert into STATION values (988, '1053', 824, 478930.87, 4446557.98, 37.31);
insert into STATION values (989, '1054', 824, 478930.66, 4446555.01, 40.63);
insert into STATION values (990, '1055', 824, 478931.74, 4446553.42, 41.67);
insert into STATION values (991, '1056', 824, 478935.12, 4446548.80, 31.86);
insert into STATION values (992, '1057', 824, 478941.11, 4446548.04, 34.03);
insert into STATION values (993, '1058', 824, 478941.18, 4446546.68, 34.16);
insert into STATION values (994, '1059', 824, 478948.80, 4446544.17, 35.36);
insert into STATION values (995, '1060', 824, 478954.90, 4446542.43, 35.40);
insert into STATION values (996, '1061', 824, 478957.15, 4446544.57, 32.34);
insert into STATION values (997, '1062', 824, 478958.63, 4446544.61, 34.51);
insert into STATION values (998, '1063', 824, 478958.82, 4446550.67, 34.25);
insert into STATION values (999, '1064', 824, 478958.11, 4446555.95, 31.34);
insert into STATION values (1000, '1065', 824, 478958.71, 4446558.23, 32.02);
insert into STATION values (1001, '1066', 824, 478959.22, 4446559.09, 34.91);
insert into STATION values (1002, '1067', 824, 478956.62, 4446561.21, 35.69);
insert into STATION values (1003, '1068', 824, 478962.77, 4446561.98, 39.65);
insert into STATION values (1004, '1070', 824, 478925.05, 4446562.26, 34.99);
insert into STATION values (1005, '1071', 824, 478924.02, 4446566.37, 35.99);
insert into STATION values (1006, '1072', 824, 478929.59, 4446557.82, 37.67);
insert into STATION values (1007, '1073', 824, 478904.60, 4446563.07, 46.35);
insert into STATION values (1008, '104', 824, 478867.39, 4446512.55, 19.33);
insert into STATION values (1009, '105', 824, 478865.64, 4446515.50, 20.26);
insert into STATION values (1010, '106', 824, 478870.07, 4446511.96, 22.83);
insert into STATION values (1011, '107', 824, 478873.22, 4446506.73, 21.40);
insert into STATION values (1012, '108', 824, 478877.16, 4446501.22, 20.85);
insert into STATION values (1013, '109', 824, 478877.80, 4446500.75, 13.55);
insert into STATION values (1014, '110', 824, 478883.31, 4446490.28, 12.74);
insert into STATION values (1015, '111', 824, 478887.06, 4446487.94, 17.40);
insert into STATION values (1016, '112', 824, 478895.46, 4446472.25, 24.99);
insert into STATION values (1017, '113', 824, 478897.75, 4446469.50, 30.91);
insert into STATION values (1018, '114', 824, 478903.79, 4446456.87, 32.35);
insert into STATION values (1019, '115', 824, 478911.52, 4446440.58, 31.66);
insert into STATION values (1020, '116', 824, 478912.58, 4446436.95, 33.58);
insert into STATION values (1021, '117', 824, 478913.98, 4446434.12, 26.07);
insert into STATION values (1022, '118', 824, 478914.72, 4446426.30, 27.08);
insert into STATION values (1023, '119', 824, 478916.47, 4446422.20, 22.40);
insert into STATION values (1024, '120', 824, 478917.66, 4446421.81, 22.64);
insert into STATION values (1025, '121', 824, 478920.67, 4446415.45, 12.81);
insert into STATION values (1026, '122', 824, 478924.73, 4446418.41, 12.27);
insert into STATION values (1027, '123', 824, 478929.97, 4446429.38, 10.49);
insert into STATION values (1028, '124', 824, 478928.63, 4446413.85, 14.28);
insert into STATION values (1029, '125', 824, 478929.47, 4446409.02, 17.38);
insert into STATION values (1030, '126', 824, 478869.51, 4446513.10, 11.09);
insert into STATION values (1031, '127', 824, 478859.18, 4446522.61, 11.87);
insert into STATION values (1032, '128', 824, 478855.25, 4446525.14, 15.76);
insert into STATION values (1033, '129', 824, 478849.30, 4446534.41, 12.99);
insert into STATION values (1034, '130', 824, 478844.77, 4446539.51, 14.56);
insert into STATION values (1035, '131', 824, 478834.67, 4446555.38, 11.24);
insert into STATION values (1036, '132', 824, 478829.14, 4446560.95, 13.67);
insert into STATION values (1037, '133', 824, 478822.90, 4446565.87, 16.27);
insert into STATION values (1038, '1000', 824, 478822.96, 4446560.83, 18.35);
insert into STATION values (1039, '4000', 824, 478716.14, 4446690.64, 27.39);
insert into STATION values (1040, '4001', 824, 478706.81, 4446686.38, 20.29);
insert into STATION values (1041, '4002', 824, 478702.81, 4446688.09, 19.73);
insert into STATION values (1042, '4003', 824, 478699.98, 4446681.60, 20.55);
insert into STATION values (1043, '4004', 824, 478688.69, 4446688.40, 23.16);
insert into STATION values (1044, '4005', 824, 478686.25, 4446684.86, 19.18);
insert into STATION values (1045, '4005a', 824, 478690.49, 4446673.19, 22.62);
insert into STATION values (1046, '4006', 824, 478682.93, 4446684.31, 12.05);
insert into STATION values (1047, '4007', 824, 478677.59, 4446683.27, 10.62);
insert into STATION values (1048, '4008', 824, 478676.99, 4446677.95, 11.57);
insert into STATION values (1049, '4009', 824, 478664.29, 4446682.91, 3.96);
insert into STATION values (1050, '4010', 824, 478658.53, 4446682.30, 4.72);
insert into STATION values (1051, '4011', 824, 478657.12, 4446684.36, 5.06);
insert into STATION values (1052, '4012', 824, 478652.20, 4446679.88, 7.91);
insert into STATION values (1053, '4013', 824, 478646.75, 4446675.22, 8.24);
insert into STATION values (1054, '4014', 824, 478642.02, 4446671.28, 5.24);
insert into STATION values (1055, '4015', 824, 478639.73, 4446672.84, 5.95);
insert into STATION values (1056, '4016', 824, 478641.91, 4446678.69, 7.33);
insert into STATION values (1057, '4017', 824, 478646.15, 4446681.45, 13.97);
insert into STATION values (1058, '4018', 824, 478649.00, 4446678.24, 14.27);
insert into STATION values (1059, '4019', 824, 478646.50, 4446677.28, 17.28);
insert into STATION values (1060, '4020', 824, 478651.75, 4446672.71, 22.07);
insert into STATION values (1061, '4021', 824, 478650.51, 4446674.16, 24.38);
insert into STATION values (1062, '4022', 824, 478652.22, 4446672.40, 25.13);
insert into STATION values (1063, '4023', 824, 478653.57, 4446673.38, 28.80);
insert into STATION values (1064, '1074', 824, 478969.99, 4446567.66, 33.87);
insert into STATION values (1065, '1075', 824, 478979.02, 4446569.04, 36.84);
insert into STATION values (1066, '1076', 824, 478982.35, 4446566.96, 38.75);
insert into STATION values (1067, '1077', 824, 478988.16, 4446577.67, 38.41);
insert into STATION values (1068, '1078', 824, 478990.02, 4446579.83, 40.15);
insert into STATION values (1069, '1079', 824, 478981.97, 4446586.23, 39.89);
insert into STATION values (1070, '1080', 824, 478979.46, 4446590.73, 38.70);
insert into STATION values (1071, '1081', 824, 478967.67, 4446597.98, 37.40);
insert into STATION values (1072, '1082', 824, 478961.06, 4446592.41, 39.06);
insert into STATION values (1073, '1083', 824, 478961.20, 4446593.70, 35.77);
insert into STATION values (1074, '7001', 824, 478966.07, 4446593.49, 35.11);
insert into STATION values (1075, '7002', 824, 478982.63, 4446594.62, 29.10);
insert into STATION values (1076, '7003', 824, 478993.13, 4446596.49, 25.67);
insert into STATION values (1077, '7004', 824, 478994.32, 4446596.84, 25.45);
insert into STATION values (1078, '7005', 824, 479015.62, 4446591.29, 31.39);
insert into STATION values (1079, '7006', 824, 479013.58, 4446592.92, 39.40);
insert into STATION values (1080, '7007', 824, 478996.37, 4446600.15, 24.22);
insert into STATION values (1081, '7008', 824, 479000.24, 4446600.20, 22.62);
insert into STATION values (1082, '7009', 824, 478955.42, 4446625.55, 31.61);
insert into STATION values (1083, '7010', 824, 478963.61, 4446565.53, 35.00);
insert into STATION values (1084, '7011', 824, 478958.59, 4446567.53, 33.37);
insert into STATION values (1085, '7012', 824, 478955.70, 4446573.67, 31.11);
insert into STATION values (1086, '7013', 824, 478962.41, 4446577.14, 30.93);
insert into STATION values (1087, '7014', 824, 478964.91, 4446580.01, 31.41);
insert into STATION values (1088, '7015', 824, 478971.06, 4446581.66, 33.83);
insert into STATION values (1089, '7016', 824, 478986.51, 4446588.63, 42.50);
insert into STATION values (1090, '7017', 824, 478998.01, 4446590.68, 42.26);
insert into STATION values (1091, '7018', 824, 479000.66, 4446593.68, 39.90);
insert into STATION values (1092, '7019', 824, 479001.63, 4446593.52, 35.30);
insert into STATION values (1093, '7020', 824, 478978.76, 4446559.63, 49.30);
insert into STATION values (1094, '7021', 824, 478983.44, 4446558.20, 50.17);
insert into STATION values (1095, '7022', 824, 478988.26, 4446556.33, 49.17);
insert into STATION values (1096, '7023', 824, 478999.65, 4446560.52, 43.15);
insert into STATION values (1097, '7024', 824, 479005.11, 4446563.92, 41.93);
insert into STATION values (1098, '7025', 824, 479009.93, 4446574.59, 41.83);
insert into STATION values (1099, '7026', 824, 478957.70, 4446551.58, 46.47);
insert into STATION values (1100, '7027', 824, 478950.68, 4446548.22, 44.14);
insert into STATION values (1101, '7028', 824, 478932.48, 4446552.02, 42.58);
insert into STATION values (1102, '7029', 824, 478928.55, 4446550.55, 41.19);
insert into STATION values (1103, '7030', 824, 478928.40, 4446547.78, 38.59);
insert into STATION values (1104, '7031', 824, 478925.27, 4446549.47, 38.91);
insert into STATION values (1105, '7036', 824, 478931.91, 4446545.59, 34.88);
insert into STATION values (1106, '7037', 824, 478938.79, 4446545.13, 33.63);
insert into STATION values (1107, '7032', 824, 478960.21, 4446549.18, 53.72);
insert into STATION values (1108, '7033', 824, 478955.56, 4446549.00, 59.45);
insert into STATION values (1109, '7034', 824, 478947.99, 4446545.04, 54.98);
insert into STATION values (1110, '7035', 824, 478951.99, 4446544.16, 51.20);
insert into STATION values (1111, '8001', 824, 478693.18, 4446683.53, 36.96);
insert into STATION values (1112, '8002', 824, 478694.97, 4446687.43, 39.09);
insert into STATION values (1113, '8003', 824, 478699.51, 4446693.61, 41.05);
insert into STATION values (1114, '8004', 824, 478705.08, 4446695.64, 37.45);
insert into STATION values (1115, '8005', 824, 478707.75, 4446695.15, 35.56);
insert into STATION values (1116, '8006', 824, 478712.25, 4446697.79, 31.53);
insert into STATION values (1117, '8007', 824, 478711.67, 4446695.09, 32.38);
insert into STATION values (1118, '8008', 824, 478709.22, 4446694.01, 26.35);
insert into STATION values (1119, '0', 834, 482761.00, 4445427.00, 0.00);
insert into STATION_FLAG values(1119, 'ent');
insert into STATION values (1120, '1', 834, 482763.87, 4445424.54, -1.60);
insert into STATION values (1121, '2', 834, 482764.66, 4445422.02, -1.65);
insert into STATION values (1122, '3', 834, 482766.72, 4445425.50, -0.01);
insert into STATION values (1123, '4', 834, 482767.98, 4445425.07, 1.23);
insert into STATION values (1124, '5', 834, 482766.89, 4445426.40, 1.23);
insert into STATION values (1125, '6', 834, 482767.59, 4445429.09, 1.08);
insert into STATION values (1126, '7', 834, 482772.28, 4445430.29, 0.91);
insert into STATION values (1127, '8', 834, 482773.69, 4445431.94, -3.35);
insert into STATION values (1128, '9', 834, 482779.67, 4445428.11, -5.79);
insert into STATION values (1129, '10', 834, 482779.54, 4445425.22, -8.69);
insert into STATION values (1130, '11', 834, 482779.08, 4445424.71, -8.69);
insert into STATION values (1131, '12', 834, 482783.27, 4445420.27, -8.80);
insert into STATION values (1132, '13', 834, 482787.06, 4445414.94, -9.26);
insert into STATION values (1133, '14', 834, 482789.63, 4445415.51, -9.12);
insert into STATION values (1134, '15', 834, 482791.16, 4445414.84, -11.68);
insert into STATION values (1135, '16', 834, 482786.72, 4445414.81, -14.79);
insert into STATION values (1136, '17', 834, 482787.54, 4445410.34, -17.74);
insert into STATION values (1137, '18', 834, 482790.37, 4445408.86, -21.83);
insert into STATION values (1138, '19', 834, 482794.35, 4445407.97, -24.00);
insert into STATION values (1139, '20', 834, 482797.02, 4445406.39, -26.61);
insert into STATION values (1140, '21', 834, 482797.58, 4445405.60, -32.11);
insert into STATION values (1141, '22', 834, 482797.39, 4445398.54, -34.68);
insert into STATION values (1142, '21a', 834, 482793.07, 4445408.60, -32.68);
insert into STATION values (1143, '21b', 834, 482792.45, 4445400.95, -36.43);
insert into STATION values (1144, 'MPH1', 834, 482795.88, 4445408.21, -31.89);
insert into STATION values (1145, 'MPH2', 834, 482793.14, 4445410.20, -34.24);
insert into STATION values (1146, 'MPH3', 834, 482792.11, 4445409.49, -34.85);
insert into STATION values (1147, 'MPH4', 834, 482796.78, 4445400.72, -34.20);
insert into STATION values (1148, 'MPH5', 834, 482795.52, 4445408.01, -29.09);
insert into STATION values (1149, 'MPH6', 834, 482796.07, 4445414.43, -27.62);
insert into STATION values (1150, 'MPH7', 834, 482789.55, 4445419.09, -29.48);
insert into STATION values (1151, 'MPH8', 834, 482789.50, 4445421.00, -29.03);
insert into STATION values (1152, 'MPH9', 834, 482786.80, 4445421.28, -29.85);
insert into STATION values (1153, 'MPH10', 834, 482787.03, 4445413.27, -33.56);
insert into STATION values (1154, 'MPH11', 834, 482803.51, 4445407.31, -22.76);
insert into STATION values (1155, 'MPH12', 834, 482807.19, 4445405.56, -19.59);
insert into STATION values (1156, 'MPH13', 834, 482804.16, 4445401.73, -18.25);
insert into STATION values (1157, 'MPH14', 834, 482808.79, 4445399.77, -17.41);
insert into STATION values (1158, 'MPH15', 834, 482812.29, 4445397.36, -16.85);
insert into STATION values (1159, 'MPH16', 834, 482810.92, 4445393.16, -17.65);
insert into STATION values (1160, 'MPH17', 834, 482817.50, 4445385.83, -15.17);
insert into STATION values (1161, 'MPH18', 834, 482819.37, 4445386.23, -15.52);
insert into STATION values (1162, 'MPH19', 834, 482823.33, 4445383.58, -12.98);
insert into STATION values (1163, 'MPH20', 834, 482826.67, 4445379.69, -11.80);
insert into STATION values (1164, 'MPH21', 834, 482831.03, 4445382.83, -12.12);
insert into STATION values (1165, 'MPH22', 834, 482837.00, 4445379.73, -12.14);
insert into STATION values (1166, 'MPH23', 834, 482840.58, 4445377.88, -9.85);
insert into STATION values (1167, 'MPH24', 834, 482845.08, 4445376.02, -9.42);
insert into STATION values (1168, 'MPH25', 834, 482854.85, 4445369.39, -11.87);
insert into STATION values (1169, '0', 838, 478634.00, 4447073.00, 0.00);
insert into STATION_FLAG values(1169, 'ent');
insert into STATION values (1170, '1', 838, 478629.35, 4447074.68, -3.40);
insert into STATION values (1171, '2', 838, 478626.76, 4447073.18, -3.60);
insert into STATION values (1172, '3', 838, 478623.92, 4447073.93, -3.00);
insert into STATION values (1173, '4', 838, 478621.65, 4447070.67, -2.50);
insert into STATION values (1174, '5', 838, 478617.94, 4447068.06, -4.60);
insert into STATION values (1175, '6', 838, 478618.07, 4447069.58, -8.30);
insert into STATION values (1176, '7', 838, 478621.60, 4447073.12, -8.30);
insert into STATION values (1177, '8', 838, 478612.11, 4447075.64, -6.40);
insert into STATION values (1178, '9', 838, 478608.97, 4447074.49, -4.20);
insert into STATION values (1179, '10', 838, 478604.16, 4447073.18, -3.80);
insert into STATION values (1180, '11', 838, 478601.20, 4447073.44, -3.40);
insert into STATION values (1181, '12', 838, 478600.21, 4447076.12, -4.30);
insert into STATION values (1182, '13', 838, 478593.71, 4447080.65, -5.40);
insert into STATION values (1183, '14', 838, 478591.94, 4447087.18, -7.20);
insert into STATION values (1184, '15', 838, 478591.52, 4447091.83, -9.00);
insert into STATION values (1185, '16', 838, 478591.50, 4447101.46, -11.70);
insert into STATION values (1186, '17', 838, 478590.43, 4447113.32, -16.90);
insert into STATION values (1187, '18', 838, 478587.51, 4447124.10, -21.30);
insert into STATION values (1188, '19', 838, 478586.48, 4447127.92, -21.90);
insert into STATION values (1189, '20', 838, 478582.50, 4447133.57, -23.00);
insert into STATION values (1190, '21', 838, 478575.71, 4447132.96, -21.40);
insert into STATION values (1191, '22', 838, 478570.84, 4447132.52, -20.40);
insert into STATION values (1192, '23', 838, 478567.86, 4447138.85, -20.40);
insert into STATION values (1193, '24', 838, 478562.76, 4447149.72, -20.40);
insert into STATION values (1194, '25', 838, 478548.97, 4447157.63, -22.20);
insert into STATION values (1195, '26', 838, 478536.92, 4447190.49, -21.60);
insert into STATION values (1196, '27', 838, 478526.60, 4447200.76, -18.00);
insert into STATION values (1197, '28', 838, 478505.12, 4447196.91, -20.80);
insert into STATION values (1198, '29', 838, 478494.55, 4447199.72, -22.00);
insert into STATION values (1199, '30', 838, 478490.99, 4447212.87, -25.20);
insert into STATION values (1200, '31', 838, 478478.66, 4447216.14, -27.70);
insert into STATION values (1201, '32', 838, 478475.56, 4447224.59, -28.00);
insert into STATION values (1202, '33', 838, 478462.43, 4447233.73, -28.10);
insert into STATION values (1203, '34', 838, 478456.78, 4447229.75, -27.00);
insert into STATION values (1204, '35', 838, 478450.98, 4447231.29, -26.80);
insert into STATION values (1205, '36', 838, 478448.86, 4447235.81, -26.60);
insert into STATION values (1206, '37', 838, 478444.95, 4447250.28, -27.30);
insert into STATION values (1207, '38', 838, 478576.34, 4447138.88, -15.10);
insert into STATION values (1208, '39', 838, 478594.66, 4447143.83, -14.10);
insert into STATION values (1209, '40', 838, 478605.43, 4447145.76, -13.00);
insert into STATION values (1210, '41', 838, 478611.34, 4447149.19, -11.50);
insert into STATION values (1211, '42', 838, 478612.34, 4447141.27, -12.00);
insert into STATION values (1212, '43', 838, 478623.66, 4447143.30, -8.60);
insert into STATION values (1213, '44', 838, 478634.95, 4447146.35, -5.90);
insert into STATION values (1214, '45', 838, 478639.76, 4447152.11, -6.00);
insert into STATION values (1215, '46', 838, 478643.94, 4447152.49, -7.60);
insert into STATION values (1216, '47', 838, 478652.51, 4447154.81, 6.90);
insert into STATION values (1217, '0', 842, 482764.00, 4445438.00, 25.00);
insert into STATION_FLAG values(1217, 'ent');
insert into STATION values (1218, '1', 842, 482773.11, 4445440.02, 26.48);
insert into STATION values (1219, '2', 842, 482776.19, 4445442.75, 37.07);
insert into STATION values (1220, '3', 842, 482771.26, 4445443.92, 46.02);
insert into STATION values (1221, '4', 842, 482768.02, 4445441.63, 48.07);
insert into STATION values (1222, '5', 842, 482763.15, 4445439.19, 51.04);
insert into STATION values (1223, '6', 842, 482771.41, 4445445.29, 44.83);
insert into STATION values (1224, '7', 842, 482771.94, 4445448.51, 45.42);
insert into STATION values (1225, '8', 842, 482772.10, 4445453.90, 47.32);
insert into STATION values (1226, '9', 842, 482773.12, 4445455.73, 46.95);
insert into STATION values (1227, '10', 842, 482770.07, 4445459.04, 46.90);
insert into STATION values (1228, '11', 842, 482771.14, 4445463.22, 48.57);
insert into STATION values (1229, '12', 842, 482770.29, 4445465.09, 48.76);
insert into STATION values (1230, '13', 842, 482771.61, 4445468.86, 48.97);
insert into STATION values (1231, '14', 842, 482776.11, 4445473.23, 50.60);
insert into STATION values (1232, '15', 842, 482778.43, 4445478.44, 50.51);
insert into STATION values (1233, '16', 842, 482780.36, 4445479.05, 50.90);
insert into STATION values (1234, '17', 842, 482781.33, 4445480.55, 50.88);
insert into STATION values (1235, '18', 842, 482784.48, 4445482.13, 51.13);
insert into STATION values (1236, '19', 842, 482783.47, 4445477.94, 51.48);
insert into STATION values (1237, '20', 842, 482785.86, 4445479.94, 51.53);
insert into STATION values (1238, '21', 842, 482787.06, 4445477.48, 52.64);
insert into STATION values (1239, '22', 842, 482797.12, 4445488.22, 51.35);
insert into STATION values (1240, '23', 842, 482799.99, 4445490.29, 50.85);
insert into STATION values (1241, '24', 842, 482817.10, 4445494.20, 53.01);
insert into STATION values (1242, '25', 842, 482817.79, 4445498.50, 49.48);
insert into STATION values (1243, '26', 842, 482820.12, 4445505.02, 46.10);
insert into STATION values (1244, '27', 842, 482816.46, 4445510.48, 42.00);
insert into STATION values (1245, '28', 842, 482815.26, 4445511.12, 34.29);
insert into STATION values (1246, '29', 842, 482829.18, 4445512.27, 33.07);
insert into STATION values (1247, '30', 842, 482835.55, 4445512.93, 30.48);
insert into STATION values (1248, '31', 842, 482854.32, 4445511.24, 32.13);
insert into STATION values (1249, '32', 842, 482854.07, 4445508.90, 32.08);
insert into STATION values (1250, '33', 842, 482853.66, 4445507.49, 20.17);
insert into STATION values (1251, '34', 842, 482817.88, 4445511.11, 30.17);
insert into STATION values (1252, '35', 842, 482809.51, 4445507.58, 29.06);
insert into STATION values (1253, '0', 847, 479551.43, 4447229.21, 343.14);
insert into STATION values (1254, '1', 847, 479555.97, 4447234.48, 337.72);
insert into STATION values (1255, '2', 847, 479544.90, 4447231.00, 336.76);
insert into STATION values (1256, '3', 847, 479545.87, 4447224.65, 373.55);
insert into STATION values (1257, '4', 847, 479550.03, 4447222.24, 375.87);
insert into STATION values (1258, '5', 847, 479547.00, 4447215.00, 384.00);
insert into STATION_FLAG values(1258, 'ent');
insert into STATION values (1259, 'ENT_107001', 789, 482449.00, 4444663.00, 40.00);
insert into STATION_FLAG values(1259, 'fix');
insert into STATION values (1260, 'ENT_107002', 789, 478634.00, 4447073.00, 0.00);
insert into STATION_FLAG values(1260, 'fix');
insert into STATION values (1261, 'ENT_107003', 789, 478906.00, 4446437.00, 0.00);
insert into STATION_FLAG values(1261, 'fix');
insert into STATION values (1262, 'ENT_107004', 789, 482761.00, 4445427.00, 0.00);
insert into STATION_FLAG values(1262, 'fix');
insert into STATION values (1263, 'ENT_107005', 789, 479065.00, 4447905.00, 436.00);
insert into STATION_FLAG values(1263, 'fix');
insert into STATION values (1264, 'ENT_107006', 789, 479490.00, 4447336.00, 361.00);
insert into STATION_FLAG values(1264, 'fix');
insert into STATION values (1265, 'ENT_107007', 789, 479389.00, 4447402.00, 311.00);
insert into STATION_FLAG values(1265, 'fix');
insert into STATION values (1266, 'ENT_107008', 789, 479490.00, 4447336.00, 0.00);
insert into STATION_FLAG values(1266, 'fix');
insert into STATION values (1267, 'ENT_107009', 789, 479556.00, 4447204.00, 380.00);
insert into STATION_FLAG values(1267, 'fix');
insert into STATION values (1268, 'ENT_107010', 789, 478796.00, 4448311.00, 420.00);
insert into STATION_FLAG values(1268, 'fix');
insert into STATION values (1269, 'ENT_107011', 789, 476133.00, 4447399.00, 39.00);
insert into STATION_FLAG values(1269, 'fix');
insert into STATION values (1270, 'ENT_107012', 789, 482764.00, 4445438.00, 25.00);
insert into STATION_FLAG values(1270, 'fix');
insert into STATION values (1271, 'ENT_107013', 789, 478876.00, 4447299.00, 106.00);
insert into STATION_FLAG values(1271, 'fix');
insert into STATION values (1272, 'ENT_107014', 789, 482357.00, 4446971.00, 50.00);
insert into STATION_FLAG values(1272, 'fix');
insert into STATION values (1273, 'ENT_107015', 789, 480135.00, 4447658.00, 411.00);
insert into STATION_FLAG values(1273, 'fix');
insert into STATION values (1274, 'ENT_107016', 789, 480211.00, 4447632.00, 429.00);
insert into STATION_FLAG values(1274, 'fix');
insert into STATION values (1275, 'ENT_107017', 789, 482762.00, 4445436.00, 0.00);
insert into STATION_FLAG values(1275, 'fix');
insert into STATION values (1276, 'ENT_107018', 789, 482762.00, 4445436.00, 0.00);
insert into STATION_FLAG values(1276, 'fix');
insert into STATION values (1277, 'ENT_107019', 789, 479879.00, 4447862.00, 347.00);
insert into STATION_FLAG values(1277, 'fix');
insert into STATION values (1278, 'ENT_107020', 789, 479373.00, 4446955.00, 387.00);
insert into STATION_FLAG values(1278, 'fix');
insert into STATION values (1279, 'ENT_107021', 789, 479569.00, 4447160.00, 387.00);
insert into STATION_FLAG values(1279, 'fix');
insert into STATION values (1280, 'ENT_107022', 789, 479547.00, 4447215.00, 384.00);
insert into STATION_FLAG values(1280, 'fix');
insert into STATION values (1281, 'ENT_107023', 789, 479795.00, 4447413.00, 405.00);
insert into STATION_FLAG values(1281, 'fix');
insert into STATION values (1282, 'ENT_107024', 789, 479591.00, 4447357.00, 383.00);
insert into STATION_FLAG values(1282, 'fix');
insert into STATION values (1283, 'ENT_107025', 789, 478700.00, 4446570.00, 0.00);
insert into STATION_FLAG values(1283, 'fix');
insert into STATION values (1284, 'ENT_107026', 789, 477817.00, 4446753.00, 60.00);
insert into STATION_FLAG values(1284, 'fix');
insert into STATION values (1285, 'ENT_107027', 789, 477795.00, 4446685.00, 60.00);
insert into STATION_FLAG values(1285, 'fix');
insert into STATION values (1286, 'ENT_107028', 789, 482804.00, 4447950.00, 369.00);
insert into STATION_FLAG values(1286, 'fix');
insert into STATION values (1287, 'ENT_107029', 789, 482664.00, 4447782.00, 362.00);
insert into STATION_FLAG values(1287, 'fix');
insert into STATION values (1288, 'ENT_107030', 789, 478605.00, 4447058.00, 0.00);
insert into STATION_FLAG values(1288, 'fix');
insert into STATION values (1289, 'ENT_107031', 789, 478574.00, 4446622.00, 50.00);
insert into STATION_FLAG values(1289, 'fix');
insert into STATION values (1290, '0', 858, 484180.99, 4446704.89, 369.68);
insert into STATION values (1291, '1', 858, 484180.59, 4446699.48, 369.36);
insert into STATION values (1292, '2', 858, 484186.76, 4446691.38, 369.68);
insert into STATION values (1293, '3', 858, 484187.58, 4446688.58, 369.40);
insert into STATION values (1294, '4', 858, 484189.92, 4446686.42, 370.49);
insert into STATION values (1295, '5', 858, 484190.12, 4446690.83, 373.94);
insert into STATION values (1296, '6', 858, 484185.62, 4446694.31, 375.85);
insert into STATION values (1297, '7', 858, 484186.33, 4446699.51, 376.97);
insert into STATION values (1298, '8', 858, 484207.22, 4446695.66, 357.30);
insert into STATION values (1299, '9', 858, 484211.32, 4446698.78, 357.26);
insert into STATION values (1300, '10', 858, 484205.55, 4446692.61, 358.25);
insert into STATION values (1301, '11', 858, 484206.72, 4446701.25, 359.47);
insert into STATION values (1302, '12', 858, 484201.30, 4446688.31, 359.24);
insert into STATION values (1303, '13', 858, 484195.22, 4446690.02, 368.25);
insert into STATION values (1304, '14', 858, 484193.95, 4446689.30, 369.31);
insert into STATION values (1305, '15', 858, 484191.55, 4446685.84, 370.45);
insert into STATION values (1306, '16', 858, 484179.70, 4446702.44, 369.25);
insert into STATION values (1307, '17', 858, 484180.62, 4446705.37, 375.54);
insert into STATION values (1308, '18', 858, 484180.26, 4446706.01, 375.68);
insert into STATION values (1309, '19', 858, 484178.62, 4446707.23, 377.11);
insert into STATION values (1310, '20', 858, 484177.28, 4446706.57, 377.01);
insert into STATION values (1311, '21', 858, 484175.93, 4446711.47, 380.19);
insert into STATION values (1312, '22', 858, 484174.22, 4446723.22, 378.39);
insert into STATION values (1313, '23', 858, 484172.00, 4446730.78, 379.78);
insert into STATION values (1314, '24', 858, 484170.45, 4446732.02, 379.63);
insert into STATION values (1315, '25', 858, 484165.74, 4446729.49, 379.90);
insert into STATION values (1316, '26', 858, 484166.38, 4446735.86, 380.46);
insert into STATION values (1317, '27', 858, 484162.54, 4446742.43, 381.66);
insert into STATION values (1318, '28', 858, 484158.98, 4446743.56, 383.09);
insert into STATION values (1319, '29', 858, 484155.46, 4446748.17, 383.09);
insert into STATION values (1320, '30', 858, 484154.58, 4446750.22, 385.40);
insert into STATION values (1321, '31', 858, 484150.78, 4446753.60, 398.01);
insert into STATION values (1322, '32', 858, 484147.96, 4446761.64, 401.48);
insert into STATION values (1323, '33', 858, 484150.00, 4446766.00, 406.00);
insert into STATION_FLAG values(1323, 'ent');
insert into STATION values (1324, '0', 862, 484240.45, 4447306.68, 225.84);
insert into STATION values (1325, '1', 862, 484239.98, 4447304.74, 226.25);
insert into STATION values (1326, '2', 862, 484243.07, 4447301.50, 227.51);
insert into STATION values (1327, '3', 862, 484242.95, 4447290.67, 230.25);
insert into STATION values (1328, '4', 862, 484251.48, 4447281.57, 238.48);
insert into STATION values (1329, '5', 862, 484247.82, 4447272.94, 239.94);
insert into STATION values (1330, '6', 862, 484244.62, 4447272.81, 236.99);
insert into STATION values (1331, '7', 862, 484242.75, 4447272.53, 234.67);
insert into STATION values (1332, '8', 862, 484238.90, 4447270.90, 233.56);
insert into STATION values (1333, '9', 862, 484237.13, 4447276.25, 228.36);
insert into STATION values (1334, '10', 862, 484227.37, 4447284.51, 222.75);
insert into STATION values (1335, '11', 862, 484223.31, 4447291.63, 219.89);
insert into STATION values (1336, '12', 862, 484219.55, 4447295.47, 219.22);
insert into STATION values (1337, '13', 862, 484262.35, 4447268.57, 243.66);
insert into STATION values (1338, '14', 862, 484264.29, 4447246.05, 261.83);
insert into STATION values (1339, '15', 862, 484270.20, 4447226.98, 274.12);
insert into STATION values (1340, '16', 862, 484270.60, 4447212.88, 287.59);
insert into STATION values (1341, '17', 862, 484274.48, 4447200.68, 303.01);
insert into STATION values (1342, '18', 862, 484277.31, 4447191.37, 313.52);
insert into STATION values (1343, '19', 862, 484282.87, 4447180.46, 329.83);
insert into STATION values (1344, '20', 862, 484287.52, 4447172.24, 338.33);
insert into STATION values (1345, '21', 862, 484288.65, 4447167.36, 344.53);
insert into STATION values (1346, '22', 862, 484289.46, 4447164.23, 347.99);
insert into STATION values (1347, '23', 862, 484293.85, 4447158.96, 357.09);
insert into STATION values (1348, '24', 862, 484295.00, 4447150.00, 365.00);
insert into STATION values (1349, '25', 862, 484295.00, 4447150.00, 365.00);
insert into STATION_FLAG values(1349, 'ent');
insert into STATION values (1350, '0', 866, 484396.00, 4447498.00, 294.00);
insert into STATION_FLAG values(1350, 'ent');
insert into STATION values (1351, '1', 866, 484392.15, 4447498.63, 291.23);
insert into STATION values (1352, '2', 866, 484387.13, 4447501.86, 286.23);
insert into STATION values (1353, '3', 866, 484382.54, 4447504.81, 282.58);
insert into STATION values (1354, '4', 866, 484383.03, 4447510.97, 276.82);
insert into STATION values (1355, '5', 866, 484382.56, 4447518.91, 272.23);
insert into STATION values (1356, '6', 866, 484374.68, 4447528.99, 261.38);
insert into STATION values (1357, '7', 866, 484376.12, 4447536.17, 254.25);
insert into STATION values (1358, '8', 866, 484375.38, 4447536.99, 250.41);
insert into STATION values (1359, '9', 866, 484365.86, 4447538.19, 243.96);
insert into STATION values (1360, '10', 866, 484362.63, 4447541.85, 240.10);
insert into STATION values (1361, '11', 866, 484355.87, 4447544.24, 237.40);
insert into STATION values (1362, '12', 866, 484352.31, 4447547.13, 235.40);
insert into STATION values (1363, '13', 866, 484348.07, 4447549.69, 231.87);
insert into STATION values (1364, '14', 866, 484343.36, 4447555.39, 225.77);
insert into STATION values (1365, '15', 866, 484341.75, 4447562.96, 220.63);
insert into STATION values (1366, '16', 866, 484342.46, 4447569.49, 216.06);
insert into STATION values (1367, '17', 866, 484346.04, 4447576.84, 215.04);
insert into STATION values (1368, '18', 866, 484344.12, 4447583.37, 209.37);
insert into STATION values (1369, '19', 866, 484344.15, 4447589.84, 205.46);
insert into STATION values (1370, '20', 866, 484343.64, 4447602.48, 200.73);
insert into STATION values (1371, '21', 866, 484343.70, 4447615.70, 196.76);
insert into STATION values (1372, '22', 866, 484339.17, 4447616.76, 195.36);
insert into STATION values (1373, '23', 866, 484335.17, 4447617.02, 191.52);
insert into STATION values (1374, '24', 866, 484334.26, 4447621.02, 189.40);
insert into STATION values (1375, '26', 866, 484336.64, 4447636.66, 177.82);
insert into STATION values (1376, '25', 866, 484334.96, 4447634.06, 178.90);
insert into STATION values (1377, '27', 866, 484330.07, 4447645.25, 173.88);
insert into STATION values (1378, '28', 866, 484331.54, 4447647.15, 173.76);
insert into STATION values (1379, '29', 866, 484330.34, 4447653.06, 170.41);
insert into STATION values (1380, '30', 866, 484326.95, 4447656.41, 168.09);
insert into STATION values (1381, '31', 866, 484326.46, 4447661.61, 164.57);
insert into STATION values (1382, '32', 866, 484327.28, 4447667.02, 163.40);
insert into STATION values (1383, '33', 866, 484324.38, 4447676.89, 157.22);
insert into STATION values (1384, '34', 866, 484323.39, 4447685.66, 152.53);
insert into STATION values (1385, '35', 866, 484320.00, 4447691.69, 151.43);
insert into STATION values (1386, '36', 866, 484321.36, 4447697.32, 149.88);
insert into STATION values (1387, '37', 866, 484316.68, 4447711.40, 143.88);
insert into STATION values (1388, '38', 866, 484339.53, 4447685.70, 166.13);
insert into STATION values (1389, '39', 866, 484340.28, 4447681.60, 170.44);
insert into STATION values (1390, '40', 866, 484346.97, 4447678.11, 177.00);
insert into STATION values (1391, 'ENT_108001', 856, 484150.00, 4446766.00, 406.00);
insert into STATION_FLAG values(1391, 'fix');
insert into STATION values (1392, 'ENT_108002', 856, 484295.00, 4447150.00, 365.00);
insert into STATION_FLAG values(1392, 'fix');
insert into STATION values (1393, 'ENT_108003', 856, 484486.00, 4447573.00, 0.00);
insert into STATION_FLAG values(1393, 'fix');
insert into STATION values (1394, 'ENT_108004', 856, 484396.00, 4447498.00, 294.00);
insert into STATION_FLAG values(1394, 'fix');
insert into STATION values (1395, 'ENT_108005', 856, 484535.00, 4448170.00, 198.00);
insert into STATION_FLAG values(1395, 'fix');
insert into STATION values (1396, 'ENT_108006', 856, 484595.00, 4448213.00, 180.00);
insert into STATION_FLAG values(1396, 'fix');
insert into STATION values (1397, 'ENT_108007', 856, 484633.00, 4448258.00, 191.00);
insert into STATION_FLAG values(1397, 'fix');
insert into STATION values (1398, 'ENT_108008', 856, 484956.00, 4448483.00, 220.00);
insert into STATION_FLAG values(1398, 'fix');
insert into STATION values (1399, 'ENT_108009', 856, 485157.00, 4448585.00, 225.00);
insert into STATION_FLAG values(1399, 'fix');
insert into STATION values (1400, 'ENT_108010', 856, 485495.00, 4447616.00, 317.00);
insert into STATION_FLAG values(1400, 'fix');
insert into STATION values (1401, 'ENT_108011', 856, 486016.00, 4447774.00, 290.00);
insert into STATION_FLAG values(1401, 'fix');
insert into STATION values (1402, 'ENT_108012', 856, 483835.00, 4446220.00, 417.00);
insert into STATION_FLAG values(1402, 'fix');
insert into STATION values (1403, 'ENT_108013', 856, 484396.00, 4447498.00, 350.00);
insert into STATION_FLAG values(1403, 'fix');
insert into STATION values (1404, 'ENT_108014', 856, 486742.00, 4448369.00, 15.00);
insert into STATION_FLAG values(1404, 'fix');
insert into STATION values (1405, '1.0', 875, 485621.57, 4444768.26, 45.50);
insert into STATION values (1406, '1.1', 875, 485618.00, 4444774.00, 60.00);
insert into STATION_FLAG values(1406, 'ent');
insert into STATION values (1407, '1.2', 875, 485611.41, 4444784.59, 66.36);
insert into STATION values (1408, '1.3', 875, 485604.30, 4444788.24, 66.64);
insert into STATION values (1409, '2.1', 875, 485618.00, 4444774.00, 60.00);
insert into STATION values (1410, '2.2', 875, 485615.68, 4444790.80, 58.81);
insert into STATION values (1411, '2.3', 875, 485615.28, 4444803.05, 48.53);
insert into STATION values (1412, '2.4', 875, 485607.47, 4444811.46, 42.43);
insert into STATION values (1413, '2.5', 875, 485591.69, 4444827.88, 45.63);
insert into STATION values (1414, '2.6', 875, 485576.13, 4444841.95, 44.53);
insert into STATION values (1415, '2.7', 875, 485574.47, 4444843.51, 33.77);
insert into STATION values (1416, '2.8', 875, 485558.42, 4444857.04, 34.50);
insert into STATION values (1417, '2.9', 875, 485541.79, 4444870.57, 39.45);
insert into STATION values (1418, '2.10', 875, 485533.03, 4444880.01, 41.26);
insert into STATION values (1419, '2.11', 875, 485531.56, 4444879.23, 49.08);
insert into STATION values (1420, '2.12', 875, 485530.96, 4444879.18, 54.05);
insert into STATION values (1421, '2.13', 875, 485516.07, 4444891.73, 61.91);
insert into STATION values (1422, '2.14', 875, 485515.73, 4444891.66, 66.90);
insert into STATION values (1423, '2.15', 875, 485513.49, 4444889.50, 64.38);
insert into STATION values (1424, '2.16', 875, 485512.81, 4444881.92, 66.86);
insert into STATION values (1425, '2.17', 875, 485510.63, 4444878.84, 71.52);
insert into STATION values (1426, '2.18', 875, 485505.86, 4444873.37, 74.90);
insert into STATION values (1427, '2.19', 875, 485506.60, 4444872.96, 76.71);
insert into STATION values (1428, '2.20', 875, 485505.00, 4444874.05, 76.23);
insert into STATION values (1429, '2.21', 875, 485497.62, 4444879.05, 74.98);
insert into STATION values (1430, '3.1', 875, 485573.78, 4444842.12, 27.97);
insert into STATION values (1431, 'E12', 879, 485649.00, 4444763.00, 53.00);
insert into STATION_FLAG values(1431, 'ent');
insert into STATION values (1432, 'J1', 879, 485647.41, 4444775.63, 53.14);
insert into STATION values (1433, 'J2', 879, 485646.39, 4444784.22, 54.79);
insert into STATION values (1434, 'J2A', 879, 485635.52, 4444792.15, 56.75);
insert into STATION values (1435, 'J2B', 879, 485630.44, 4444793.50, 56.75);
insert into STATION values (1436, 'J3', 879, 485646.88, 4444795.64, 53.18);
insert into STATION values (1437, 'J4', 879, 485644.04, 4444817.88, 44.62);
insert into STATION values (1438, 'J5', 879, 485634.04, 4444829.56, 42.82);
insert into STATION values (1439, 'J6', 879, 485625.76, 4444841.68, 42.00);
insert into STATION values (1440, 'J7', 879, 485624.14, 4444848.81, 36.68);
insert into STATION values (1441, 'J8', 879, 485614.32, 4444852.20, 43.85);
insert into STATION values (1442, 'J9', 879, 485606.42, 4444853.85, 45.77);
insert into STATION values (1443, 'J10', 879, 485602.80, 4444860.49, 40.96);
insert into STATION values (1444, 'J11', 879, 485596.68, 4444871.50, 35.84);
insert into STATION values (1445, 'J12', 879, 485587.01, 4444878.04, 36.29);
insert into STATION values (1446, 'J13', 879, 485565.27, 4444892.99, 39.06);
insert into STATION values (1447, 'J14', 879, 485560.01, 4444899.69, 39.85);
insert into STATION values (1448, 'J15', 879, 485554.74, 4444899.31, 44.05);
insert into STATION values (1449, 'J16', 879, 485549.74, 4444900.08, 49.58);
insert into STATION values (1450, 'J17', 879, 485541.28, 4444901.61, 53.84);
insert into STATION values (1451, 'J18', 879, 485535.93, 4444911.39, 53.32);
insert into STATION values (1452, 'J19', 879, 485528.11, 4444913.93, 54.21);
insert into STATION values (1453, 'J20', 879, 485524.10, 4444909.42, 54.39);
insert into STATION values (1454, 'J21', 879, 485517.75, 4444904.64, 58.69);
insert into STATION values (1455, 'J22', 879, 485517.91, 4444898.63, 60.79);
insert into STATION values (1456, 'J23', 879, 485520.35, 4444894.14, 60.45);
insert into STATION values (1457, 'J24', 879, 485518.04, 4444889.96, 64.41);
insert into STATION values (1458, 'J25', 879, 485516.88, 4444889.47, 65.34);
insert into STATION values (1459, 'J26', 879, 485509.92, 4444892.83, 65.27);
insert into STATION values (1460, 'A0', 879, 485509.60, 4444892.78, 65.00);
insert into STATION values (1461, 'A1', 879, 485506.12, 4444897.90, 59.14);
insert into STATION values (1462, 'A2', 879, 485509.43, 4444892.06, 55.45);
insert into STATION values (1463, 'A3', 879, 485505.37, 4444884.60, 62.08);
insert into STATION values (1464, 'A4', 879, 485501.66, 4444891.92, 64.60);
insert into STATION values (1465, 'A5', 879, 485489.64, 4444910.25, 53.86);
insert into STATION values (1466, 'A6', 879, 485482.79, 4444908.29, 53.07);
insert into STATION values (1467, 'A7', 879, 485475.32, 4444907.79, 60.69);
insert into STATION values (1468, 'A8', 879, 485467.79, 4444909.73, 58.70);
insert into STATION values (1469, 'A9', 879, 485459.71, 4444914.89, 64.97);
insert into STATION values (1470, 'A10', 879, 485454.20, 4444918.81, 62.48);
insert into STATION values (1471, 'A11', 879, 485452.32, 4444920.84, 62.29);
insert into STATION values (1472, 'B1', 879, 485505.16, 4444900.54, 59.34);
insert into STATION values (1473, 'B2', 879, 485520.93, 4444895.45, 57.83);
insert into STATION values (1474, 'B21', 879, 485525.84, 4444898.75, 52.62);
insert into STATION values (1475, 'B3', 879, 485520.36, 4444897.47, 57.59);
insert into STATION values (1476, 'B4', 879, 485516.66, 4444904.70, 59.06);
insert into STATION values (1477, 'S0', 879, 485432.37, 4444942.62, 31.87);
insert into STATION values (1478, 'S1', 879, 485436.61, 4444932.95, 33.92);
insert into STATION values (1479, 'S2', 879, 485441.04, 4444923.09, 37.25);
insert into STATION values (1480, 'S3', 879, 485442.40, 4444919.44, 39.90);
insert into STATION values (1481, 'S4', 879, 485445.33, 4444920.26, 51.12);
insert into STATION values (1482, '171', 879, 485545.99, 4444894.38, 57.40);
insert into STATION values (1483, '172', 879, 485545.63, 4444887.32, 61.25);
insert into STATION values (1484, '173', 879, 485549.81, 4444888.16, 60.27);
insert into STATION values (1485, '174', 879, 485551.87, 4444883.94, 59.12);
insert into STATION values (1486, '175', 879, 485557.50, 4444878.54, 56.84);
insert into STATION values (1487, '176', 879, 485559.89, 4444876.98, 54.67);
insert into STATION values (1488, '176A', 879, 485566.09, 4444874.55, 60.46);
insert into STATION values (1489, '176B', 879, 485568.69, 4444874.41, 54.60);
insert into STATION values (1490, '176C', 879, 485566.15, 4444872.58, 60.11);
insert into STATION values (1491, '176D', 879, 485566.15, 4444872.58, 58.66);
insert into STATION values (1492, '176E', 879, 485563.45, 4444873.57, 57.26);
insert into STATION values (1493, '176F', 879, 485563.12, 4444874.75, 56.00);
insert into STATION values (1494, '176G', 879, 485559.73, 4444875.86, 55.56);
insert into STATION values (1495, '176H', 879, 485565.53, 4444877.86, 52.82);
insert into STATION values (1496, '176I', 879, 485573.29, 4444881.79, 43.16);
insert into STATION values (1497, '176J', 879, 485559.71, 4444878.17, 54.67);
insert into STATION values (1498, '176K', 879, 485560.76, 4444887.94, 47.79);
insert into STATION values (1499, '177', 879, 485552.98, 4444882.97, 52.13);
insert into STATION values (1500, '178', 879, 485552.57, 4444888.99, 52.45);
insert into STATION values (1501, 'CV', 879, 485555.71, 4444898.03, 41.82);
insert into STATION values (1502, '179', 879, 485546.87, 4444884.78, 54.23);
insert into STATION values (1503, '180', 879, 485541.56, 4444884.44, 60.15);
insert into STATION values (1504, '181', 879, 485536.53, 4444882.56, 62.19);
insert into STATION values (1505, '182', 879, 485516.44, 4444888.70, 65.07);
insert into STATION values (1506, '183', 879, 485519.75, 4444888.40, 65.39);
insert into STATION values (1507, '184', 879, 485523.22, 4444887.97, 65.29);
insert into STATION values (1508, '185', 879, 485526.80, 4444883.16, 66.63);
insert into STATION values (1509, '186', 879, 485530.64, 4444879.29, 67.85);
insert into STATION values (1510, '187', 879, 485535.12, 4444884.20, 67.68);
insert into STATION values (1511, '188', 879, 485527.56, 4444889.93, 69.70);
insert into STATION values (1512, '189', 879, 485541.57, 4444884.32, 63.33);
insert into STATION values (1513, '190', 879, 485540.52, 4444878.99, 64.59);
insert into STATION values (1514, '181B', 879, 485532.78, 4444887.23, 62.08);
insert into STATION values (1515, '181C', 879, 485527.27, 4444888.74, 62.28);
insert into STATION values (1516, '181D', 879, 485524.90, 4444894.66, 60.57);
insert into STATION values (1517, '191', 879, 485536.25, 4444872.69, 68.81);
insert into STATION values (1518, '192', 879, 485537.42, 4444866.61, 69.68);
insert into STATION values (1519, '193', 879, 485529.95, 4444862.67, 72.43);
insert into STATION values (1520, '194', 879, 485525.14, 4444862.76, 72.59);
insert into STATION values (1521, '195', 879, 485520.15, 4444862.16, 72.07);
insert into STATION values (1522, '196', 879, 485514.64, 4444862.65, 72.94);
insert into STATION values (1523, '197', 879, 485515.18, 4444858.18, 74.58);
insert into STATION values (1524, '198', 879, 485511.51, 4444856.16, 75.32);
insert into STATION values (1525, 'E0', 879, 485670.03, 4444779.91, 38.32);
insert into STATION values (1526, 'E1', 879, 485667.74, 4444772.90, 39.49);
insert into STATION values (1527, 'E2', 879, 485674.26, 4444782.44, 37.45);
insert into STATION values (1528, 'E3', 879, 485662.71, 4444776.52, 41.09);
insert into STATION values (1529, 'E4', 879, 485665.90, 4444785.23, 37.37);
insert into STATION values (1530, 'E5', 879, 485668.04, 4444788.00, 34.95);
insert into STATION values (1531, 'E6', 879, 485683.25, 4444777.79, 31.20);
insert into STATION values (1532, 'E7', 879, 485655.83, 4444784.56, 43.46);
insert into STATION values (1533, 'E8', 879, 485667.32, 4444794.96, 33.84);
insert into STATION values (1534, 'E9', 879, 485666.35, 4444802.00, 33.97);
insert into STATION values (1535, 'E10', 879, 485657.72, 4444766.68, 46.85);
insert into STATION values (1536, 'E13', 879, 485645.91, 4444769.99, 53.80);
insert into STATION values (1537, 'E14', 879, 485658.71, 4444770.82, 49.42);
insert into STATION values (1538, 'E16', 879, 485644.43, 4444754.45, 58.83);
insert into STATION values (1539, 'E17', 879, 485641.56, 4444750.05, 62.11);
insert into STATION values (1540, 'E18', 879, 485637.14, 4444743.99, 67.36);
insert into STATION values (1541, 'E19', 879, 485633.03, 4444753.87, 68.65);
insert into STATION values (1542, '601', 879, 485685.67, 4444773.39, 29.85);
insert into STATION values (1543, '602', 879, 485690.34, 4444769.98, 27.75);
insert into STATION values (1544, '603', 879, 485696.03, 4444765.36, 22.62);
insert into STATION values (1545, '604', 879, 485702.89, 4444759.77, 16.87);
insert into STATION values (1546, '605', 879, 485709.05, 4444759.00, 15.78);
insert into STATION values (1547, '606', 879, 485718.79, 4444754.84, 16.89);
insert into STATION values (1548, '607', 879, 485725.51, 4444752.77, 13.76);
insert into STATION values (1549, '608', 879, 485731.04, 4444750.29, 8.85);
insert into STATION values (1550, '609', 879, 485738.61, 4444747.52, 3.41);
insert into STATION values (1551, '610', 879, 485742.72, 4444746.56, 1.79);
insert into STATION values (1552, '611', 879, 485750.92, 4444744.80, 2.23);
insert into STATION values (1553, '612', 879, 485755.67, 4444745.37, 2.91);
insert into STATION values (1554, 'vasque', 879, 485755.37, 4444749.78, -1.22);
insert into STATION values (1555, 'seuil', 879, 485744.48, 4444740.73, 2.11);
insert into STATION values (1556, 'mer', 879, 485745.64, 4444735.25, -0.04);
insert into STATION values (1557, '300', 879, 485400.20, 4444899.26, 71.53);
insert into STATION values (1558, '301', 879, 485397.90, 4444902.68, 72.77);
insert into STATION values (1559, '302', 879, 485396.82, 4444907.86, 69.20);
insert into STATION values (1560, '303', 879, 485401.10, 4444912.76, 64.02);
insert into STATION values (1561, '304', 879, 485402.48, 4444921.34, 58.38);
insert into STATION values (1562, '305', 879, 485401.23, 4444926.38, 54.74);
insert into STATION values (1563, '306', 879, 485408.47, 4444926.09, 54.86);
insert into STATION values (1564, '307', 879, 485409.69, 4444923.82, 57.70);
insert into STATION values (1565, '308', 879, 485413.12, 4444922.76, 58.85);
insert into STATION values (1566, '309', 879, 485423.96, 4444928.86, 51.47);
insert into STATION values (1567, '310', 879, 485429.38, 4444930.30, 52.35);
insert into STATION values (1568, '311', 879, 485431.92, 4444934.93, 47.09);
insert into STATION values (1569, '312', 879, 485434.31, 4444938.91, 39.97);
insert into STATION values (1570, '300A', 879, 485421.79, 4444940.92, 37.34);
insert into STATION values (1571, '313', 879, 485434.64, 4444943.02, 39.67);
insert into STATION values (1572, '314', 879, 485434.64, 4444944.76, 35.34);
insert into STATION values (1573, '315', 879, 485432.79, 4444945.12, 33.92);
insert into STATION values (1574, '199', 879, 485516.62, 4444846.08, 76.31);
insert into STATION values (1575, '200', 879, 485515.54, 4444838.49, 76.68);
insert into STATION values (1576, '201', 879, 485518.28, 4444833.72, 74.89);
insert into STATION values (1577, '202', 879, 485516.29, 4444831.60, 75.61);
insert into STATION values (1578, '203', 879, 485512.81, 4444830.20, 74.68);
insert into STATION values (1579, '204', 879, 485511.49, 4444830.68, 68.60);
insert into STATION values (1580, '205', 879, 485522.46, 4444835.48, 71.94);
insert into STATION values (1581, '206', 879, 485524.95, 4444835.30, 68.96);
insert into STATION values (1582, '207', 879, 485525.80, 4444831.60, 68.76);
insert into STATION values (1583, '208', 879, 485525.28, 4444829.56, 70.80);
insert into STATION values (1584, '209', 879, 485523.81, 4444824.47, 76.29);
insert into STATION values (1585, '210', 879, 485523.90, 4444836.99, 71.91);
insert into STATION values (1586, '211', 879, 485529.24, 4444840.05, 69.29);
insert into STATION values (1587, 'JJ17', 879, 485534.33, 4444839.50, 68.02);
insert into STATION values (1588, '212', 879, 485513.21, 4444835.00, 76.59);
insert into STATION values (1589, '213', 879, 485510.28, 4444833.25, 78.11);
insert into STATION values (1590, '214', 879, 485503.01, 4444832.24, 81.22);
insert into STATION values (1591, '215', 879, 485500.49, 4444831.98, 81.58);
insert into STATION values (1592, '216', 879, 485499.87, 4444833.54, 81.30);
insert into STATION values (1593, '217', 879, 485493.93, 4444835.96, 82.54);
insert into STATION values (1594, '217b', 879, 485492.24, 4444832.51, 84.34);
insert into STATION values (1595, '218', 879, 485493.53, 4444832.27, 84.52);
insert into STATION values (1596, '219', 879, 485493.53, 4444832.27, 85.52);
insert into STATION values (1597, '220', 879, 485491.82, 4444826.72, 88.35);
insert into STATION values (1598, '221', 879, 485484.52, 4444823.02, 93.87);
insert into STATION values (1599, '222', 879, 485488.61, 4444821.84, 101.23);
insert into STATION values (1600, '223', 879, 485507.57, 4444859.85, 75.23);
insert into STATION values (1601, '224', 879, 485503.19, 4444859.32, 77.78);
insert into STATION values (1602, '225', 879, 485498.29, 4444856.73, 80.48);
insert into STATION values (1603, '226', 879, 485495.12, 4444859.71, 81.97);
insert into STATION values (1604, '227', 879, 485487.74, 4444873.66, 82.53);
insert into STATION values (1605, 'Boy1', 879, 485480.66, 4444841.50, 96.28);
insert into STATION values (1606, 'Boy0', 879, 485482.13, 4444835.09, 95.01);
insert into STATION values (1607, 'Boy2', 879, 485480.74, 4444843.61, 95.68);
insert into STATION values (1608, 'Boy3', 879, 485482.89, 4444845.17, 93.82);
insert into STATION values (1609, 'Boy4', 879, 485484.32, 4444848.21, 92.98);
insert into STATION values (1610, 'Boy5', 879, 485487.55, 4444850.46, 90.33);
insert into STATION values (1611, 'Boy6', 879, 485491.20, 4444851.93, 86.78);
insert into STATION values (1612, 'Boy7', 879, 485491.37, 4444855.02, 85.53);
insert into STATION values (1613, 'Boy8', 879, 485491.09, 4444857.36, 84.48);
insert into STATION values (1614, 'Boy9', 879, 485495.02, 4444857.90, 82.63);
insert into STATION values (1615, '250', 879, 485451.73, 4444895.48, 80.75);
insert into STATION values (1616, '250A', 879, 485445.02, 4444895.34, 94.82);
insert into STATION values (1617, '251', 879, 485462.85, 4444892.66, 81.57);
insert into STATION values (1618, '252', 879, 485468.40, 4444889.04, 81.11);
insert into STATION values (1619, '253', 879, 485469.34, 4444885.67, 80.77);
insert into STATION values (1620, '253B', 879, 485463.71, 4444879.44, 85.82);
insert into STATION values (1621, '253C', 879, 485463.71, 4444879.44, 93.82);
insert into STATION values (1622, '254', 879, 485479.44, 4444880.07, 81.46);
insert into STATION values (1623, '255', 879, 485485.65, 4444877.56, 79.37);
insert into STATION values (1624, 'Y2', 879, 485395.25, 4444900.01, 70.28);
insert into STATION values (1625, 'Y3', 879, 485393.89, 4444894.79, 69.42);
insert into STATION values (1626, 'Y4', 879, 485396.15, 4444892.40, 69.42);
insert into STATION values (1627, 'Y5', 879, 485387.18, 4444884.49, 69.01);
insert into STATION values (1628, 'Y6', 879, 485390.13, 4444883.61, 72.42);
insert into STATION values (1629, 'Y7', 879, 485383.66, 4444879.66, 75.96);
insert into STATION values (1630, 'Y8', 879, 485378.60, 4444878.64, 79.06);
insert into STATION values (1631, 'Y9', 879, 485374.46, 4444875.70, 85.11);
insert into STATION values (1632, 'Y10', 879, 485367.70, 4444872.92, 82.01);
insert into STATION values (1633, 'Y11', 879, 485366.43, 4444879.84, 86.07);
insert into STATION values (1634, 'Y12', 879, 485372.61, 4444880.42, 87.17);
insert into STATION values (1635, 'Y13', 879, 485372.93, 4444884.39, 88.23);
insert into STATION values (1636, 'Y14', 879, 485376.88, 4444887.76, 96.87);
insert into STATION values (1637, 'Y15', 879, 485378.83, 4444895.23, 94.80);
insert into STATION values (1638, 'Y16', 879, 485378.03, 4444902.34, 95.43);
insert into STATION values (1639, 'Y17', 879, 485378.58, 4444905.56, 97.17);
insert into STATION values (1640, 'Y18', 879, 485378.29, 4444912.45, 95.95);
insert into STATION values (1641, 'Y19', 879, 485379.63, 4444914.26, 93.70);
insert into STATION values (1642, 'JJ1', 879, 485536.66, 4444858.74, 70.70);
insert into STATION values (1643, 'JJ2', 879, 485538.22, 4444855.47, 70.82);
insert into STATION values (1644, 'JJ3', 879, 485540.05, 4444851.68, 71.62);
insert into STATION values (1645, 'JJ4', 879, 485541.06, 4444845.63, 71.12);
insert into STATION values (1646, 'JJ5', 879, 485542.16, 4444841.18, 72.29);
insert into STATION values (1647, 'JJ6', 879, 485539.09, 4444841.24, 71.88);
insert into STATION values (1648, 'JJ7', 879, 485535.03, 4444841.97, 72.54);
insert into STATION values (1649, 'JJ8', 879, 485539.48, 4444839.56, 70.87);
insert into STATION values (1650, 'JJ9', 879, 485538.64, 4444838.73, 70.51);
insert into STATION values (1651, 'JJ10', 879, 485539.61, 4444836.22, 73.06);
insert into STATION values (1652, 'JJX', 879, 485536.34, 4444823.51, 77.63);
insert into STATION values (1653, 'JJ11', 879, 485538.51, 4444832.44, 73.41);
insert into STATION values (1654, 'JJ12', 879, 485544.15, 4444846.81, 69.52);
insert into STATION values (1655, 'JG1', 879, 485514.17, 4444865.03, 73.26);
insert into STATION values (1656, 'JG2', 879, 485511.09, 4444870.06, 65.02);
insert into STATION values (1657, 'JG3', 879, 485509.45, 4444874.35, 64.05);
insert into STATION values (1658, 'JG4', 879, 485508.52, 4444881.53, 61.33);
insert into STATION values (1659, 'JG5', 879, 485506.25, 4444885.25, 60.89);
insert into STATION values (1660, 'JG6', 879, 485503.95, 4444888.80, 57.02);
insert into STATION values (1661, 'JG7', 879, 485501.81, 4444891.06, 60.07);
insert into STATION values (1662, 'XX', 879, 485520.70, 4444906.20, 56.16);
insert into STATION values (1663, 'JJ13', 879, 485524.89, 4444907.31, 56.17);
insert into STATION values (1664, 'JJ14', 879, 485529.24, 4444909.91, 57.10);
insert into STATION values (1665, 'JJ15', 879, 485529.24, 4444909.91, 58.10);
insert into STATION values (1666, '198bis', 879, 485499.38, 4444883.59, 75.32);
insert into STATION values (1667, '1000', 879, 485408.06, 4444983.22, 88.77);
insert into STATION values (1668, '1001', 879, 485408.59, 4444982.03, 93.31);
insert into STATION values (1669, '1002', 879, 485403.97, 4444979.28, 95.48);
insert into STATION values (1670, '1003', 879, 485400.35, 4444968.85, 97.43);
insert into STATION values (1671, '1004', 879, 485399.29, 4444960.36, 97.73);
insert into STATION values (1672, '1005', 879, 485397.37, 4444949.58, 99.85);
insert into STATION values (1673, '1006', 879, 485395.08, 4444943.66, 99.74);
insert into STATION values (1674, '1007', 879, 485391.12, 4444945.78, 92.83);
insert into STATION values (1675, '1008', 879, 485387.01, 4444933.24, 95.88);
insert into STATION values (1676, '1009', 879, 485382.36, 4444923.32, 91.89);
insert into STATION values (1677, '1010', 879, 485379.97, 4444917.45, 92.78);
insert into STATION values (1678, 'A10b', 879, 485450.52, 4444922.57, 63.00);
insert into STATION values (1679, 'A10c', 879, 485450.56, 4444922.55, 73.02);
insert into STATION values (1680, '2000', 879, 485450.69, 4444922.43, 73.02);
insert into STATION values (1681, '2001', 879, 485444.02, 4444929.40, 78.51);
insert into STATION values (1682, '2002', 879, 485436.65, 4444942.78, 90.78);
insert into STATION values (1683, '2003', 879, 485428.50, 4444931.97, 94.35);
insert into STATION values (1684, '2004', 879, 485438.80, 4444944.25, 89.23);
insert into STATION values (1685, '2005', 879, 485432.81, 4444949.40, 88.31);
insert into STATION values (1686, '2006', 879, 485431.29, 4444948.82, 81.96);
insert into STATION values (1687, '2007', 879, 485431.74, 4444940.44, 79.72);
insert into STATION values (1688, '2008', 879, 485435.09, 4444932.89, 82.64);
insert into STATION values (1689, '2009', 879, 485436.59, 4444922.79, 79.59);
insert into STATION values (1690, '2010', 879, 485439.35, 4444919.03, 77.44);
insert into STATION values (1691, '2011', 879, 485438.36, 4444917.30, 72.64);
insert into STATION values (1692, '2012', 879, 485431.35, 4444922.78, 68.18);
insert into STATION values (1693, '2013', 879, 485427.91, 4444922.61, 57.52);
insert into STATION values (1694, '2014', 879, 485427.49, 4444928.55, 54.88);
insert into STATION values (1695, '3000', 879, 485408.06, 4444983.22, 88.77);
insert into STATION values (1696, '3001', 879, 485405.56, 4444983.06, 89.63);
insert into STATION values (1697, '3002', 879, 485398.20, 4444989.26, 78.83);
insert into STATION values (1698, '3003', 879, 485405.27, 4444984.96, 83.84);
insert into STATION values (1699, '3004', 879, 485408.31, 4444983.58, 84.41);
insert into STATION values (1700, '3005', 879, 485408.09, 4444977.63, 85.31);
insert into STATION values (1701, '3006', 879, 485402.30, 4444970.89, 79.55);
insert into STATION values (1702, '3007', 879, 485401.30, 4444965.00, 82.21);
insert into STATION values (1703, '3008', 879, 485398.35, 4444999.36, 73.73);
insert into STATION values (1704, '3009', 879, 485399.09, 4445009.63, 77.96);
insert into STATION values (1705, '3010', 879, 485407.13, 4445020.60, 78.81);
insert into STATION values (1706, '3011', 879, 485411.93, 4445043.51, 79.14);
insert into STATION values (1707, '3012', 879, 485413.60, 4445045.03, 81.99);
insert into STATION values (1708, '4000', 879, 485415.42, 4445058.46, 74.35);
insert into STATION values (1709, '3014', 879, 485403.41, 4445081.17, 75.43);
insert into STATION values (1710, '3015', 879, 485393.43, 4445081.02, 78.54);
insert into STATION values (1711, '3016', 879, 485385.26, 4445073.44, 81.61);
insert into STATION values (1712, '3017', 879, 485397.46, 4445070.21, 87.84);
insert into STATION values (1713, '3018', 879, 485381.25, 4445071.97, 79.92);
insert into STATION values (1714, '3019', 879, 485371.48, 4445073.92, 81.00);
insert into STATION values (1715, '3020', 879, 485382.92, 4445080.53, 77.90);
insert into STATION values (1716, '3021', 879, 485381.56, 4445090.13, 72.39);
insert into STATION values (1717, '3022', 879, 485381.13, 4445094.98, 69.18);
insert into STATION values (1718, '3023', 879, 485386.54, 4445098.75, 64.53);
insert into STATION values (1719, '3024', 879, 485373.14, 4445100.50, 74.77);
insert into STATION values (1720, '3025', 879, 485371.58, 4445110.87, 75.91);
insert into STATION values (1721, '3026', 879, 485368.47, 4445110.93, 76.94);
insert into STATION values (1722, '4001', 879, 485419.82, 4445069.42, 77.96);
insert into STATION values (1723, '4002', 879, 485433.05, 4445088.71, 74.67);
insert into STATION values (1724, '4003', 879, 485435.41, 4445092.99, 72.50);
insert into STATION values (1725, '4004', 879, 485444.37, 4445088.05, 67.50);
insert into STATION values (1726, '4005', 879, 485446.70, 4445103.01, 66.98);
insert into STATION values (1727, '4006', 879, 485448.63, 4445110.27, 66.19);
insert into STATION values (1728, '4007', 879, 485451.93, 4445117.09, 66.58);
insert into STATION values (1729, '4008', 879, 485447.07, 4445118.02, 67.64);
insert into STATION values (1730, '4009', 879, 485450.82, 4445123.38, 63.40);
insert into STATION values (1731, '4010', 879, 485453.73, 4445125.08, 54.58);
insert into STATION values (1732, '4011', 879, 485446.42, 4445140.64, 49.98);
insert into STATION values (1733, '4012', 879, 485430.97, 4445156.56, 64.38);
insert into STATION values (1734, '4013', 879, 485427.99, 4445175.10, 56.41);
insert into STATION values (1735, '4014', 879, 485440.03, 4445177.91, 48.69);
insert into STATION values (1736, '4015', 879, 485441.50, 4445173.13, 46.40);
insert into STATION values (1737, '4016', 879, 485451.69, 4445183.44, 29.84);
insert into STATION values (1738, '4017', 879, 485447.28, 4445193.24, 28.09);
insert into STATION values (1739, '4018', 879, 485437.61, 4445190.39, 31.99);
insert into STATION values (1740, '4019', 879, 485430.17, 4445194.78, 32.73);
insert into STATION values (1741, '4020', 879, 485438.42, 4445202.65, 31.14);
insert into STATION values (1742, '4021', 879, 485431.08, 4445200.21, 28.99);
insert into STATION values (1743, '4022', 879, 485455.20, 4445176.65, 27.69);
insert into STATION values (1744, '4023', 879, 485474.27, 4445153.22, 26.10);
insert into STATION values (1745, '4024', 879, 485484.29, 4445149.35, 20.87);
insert into STATION values (1746, '4025', 879, 485484.75, 4445153.03, 21.65);
insert into STATION values (1747, '4026', 879, 485485.62, 4445161.91, 20.24);
insert into STATION values (1748, '4027', 879, 485489.15, 4445172.41, 19.08);
insert into STATION values (1749, '4028', 879, 485493.84, 4445164.86, 17.67);
insert into STATION values (1750, '4029', 879, 485501.21, 4445157.46, 18.77);
insert into STATION values (1751, '7000', 879, 485449.82, 4445175.64, 25.44);
insert into STATION values (1752, '7001', 879, 485433.74, 4445195.28, 20.51);
insert into STATION values (1753, '7002', 879, 485428.02, 4445204.87, 24.27);
insert into STATION values (1754, '7003', 879, 485424.77, 4445210.32, 25.45);
insert into STATION values (1755, '7004', 879, 485426.41, 4445212.79, 24.31);
insert into STATION values (1756, '4021a', 879, 485429.90, 4445200.53, 28.77);
insert into STATION values (1757, 'AF1', 879, 485484.29, 4445148.38, 20.30);
insert into STATION values (1758, 'AF2', 879, 485484.98, 4445147.56, 20.40);
insert into STATION values (1759, '5001', 879, 485429.71, 4444952.14, 89.54);
insert into STATION values (1760, '5002', 879, 485418.27, 4444965.37, 91.50);
insert into STATION values (1761, '5003', 879, 485413.53, 4444966.92, 93.29);
insert into STATION values (1762, '5004', 879, 485412.72, 4444968.21, 92.79);
insert into STATION values (1763, '5005', 879, 485407.95, 4444966.52, 95.41);
insert into STATION values (1764, '5006', 879, 485414.54, 4444971.78, 90.83);
insert into STATION values (1765, '5007', 879, 485401.75, 4444927.29, 54.46);
insert into STATION values (1766, '5008', 879, 485398.13, 4444930.51, 48.96);
insert into STATION values (1767, '5009', 879, 485398.13, 4444930.51, 44.96);
insert into STATION values (1768, '5010', 879, 485386.59, 4444872.40, 84.32);
insert into STATION values (1769, '8020', 879, 485421.57, 4445174.33, 62.86);
insert into STATION values (1770, '8021', 879, 485416.17, 4445180.25, 62.68);
insert into STATION values (1771, '8022', 879, 485411.33, 4445189.97, 68.37);
insert into STATION values (1772, '8023', 879, 485411.01, 4445198.80, 64.31);
insert into STATION values (1773, '8024', 879, 485403.93, 4445205.39, 68.32);
insert into STATION values (1774, '8025', 879, 485399.32, 4445219.67, 68.32);
insert into STATION values (1775, '8001', 879, 485444.22, 4445236.83, 17.72);
insert into STATION values (1776, '8000', 879, 485451.86, 4445227.78, 23.94);
insert into STATION values (1777, '8002', 879, 485439.61, 4445237.22, 21.50);
insert into STATION values (1778, '8003', 879, 485424.77, 4445243.32, 23.58);
insert into STATION values (1779, '8004', 879, 485410.98, 4445248.73, 23.38);
insert into STATION values (1780, '8005', 879, 485405.28, 4445248.76, 26.55);
insert into STATION values (1781, '8006', 879, 485403.73, 4445254.66, 24.86);
insert into STATION values (1782, '8007', 879, 485406.42, 4445256.22, 26.14);
insert into STATION values (1783, '8008', 879, 485401.88, 4445262.86, 25.78);
insert into STATION values (1784, '8009', 879, 485396.20, 4445267.71, 26.40);
insert into STATION values (1785, '8010', 879, 485415.00, 4445237.04, 18.95);
insert into STATION values (1786, '8011', 879, 485420.09, 4445229.73, 17.76);
insert into STATION values (1787, '8000A', 879, 485356.86, 4445108.35, 61.12);
insert into STATION values (1788, '8001A', 879, 485356.34, 4445107.76, 58.15);
insert into STATION values (1789, '8002A', 879, 485357.17, 4445110.04, 36.89);
insert into STATION values (1790, '8003A', 879, 485359.13, 4445113.28, 30.85);
insert into STATION values (1791, '8004A', 879, 485354.55, 4445115.83, 31.82);
insert into STATION values (1792, '8005A', 879, 485346.06, 4445112.71, 31.72);
insert into STATION values (1793, '8010A', 879, 485360.02, 4445114.02, 67.91);
insert into STATION values (1794, 'LBH0', 879, 485555.93, 4445166.72, 11.84);
insert into STATION values (1795, 'LBH1', 879, 485548.46, 4445171.88, 16.87);
insert into STATION values (1796, 'LBH2', 879, 485536.12, 4445177.52, 25.69);
insert into STATION values (1797, 'LBH3', 879, 485524.68, 4445179.46, 36.88);
insert into STATION values (1798, 'LBH4', 879, 485515.41, 4445179.39, 43.87);
insert into STATION values (1799, 'LBH5', 879, 485505.28, 4445177.53, 45.13);
insert into STATION values (1800, 'LBH6', 879, 485480.86, 4445177.36, 59.81);
insert into STATION values (1801, 'LBH7', 879, 485476.55, 4445173.28, 58.22);
insert into STATION values (1802, 'LBH8', 879, 485460.42, 4445174.58, 68.33);
insert into STATION values (1803, 'LBH9', 879, 485455.39, 4445177.44, 73.19);
insert into STATION values (1804, 'LBH10', 879, 485448.88, 4445186.59, 74.57);
insert into STATION values (1805, 'LBH11', 879, 485440.31, 4445188.98, 75.35);
insert into STATION values (1806, 'LBH12', 879, 485427.93, 4445195.72, 86.36);
insert into STATION values (1807, 'LBH13', 879, 485419.36, 4445210.33, 83.37);
insert into STATION values (1808, 'LBH14', 879, 485408.62, 4445210.63, 89.58);
insert into STATION values (1809, 'LBH15', 879, 485401.98, 4445216.95, 89.10);
insert into STATION values (1810, 'LBH5.1', 879, 485513.74, 4445172.73, 34.71);
insert into STATION values (1811, 'LBH5.2', 879, 485498.35, 4445167.00, 20.44);
insert into STATION values (1812, '0', 901, 485602.00, 4444774.00, 60.00);
insert into STATION_FLAG values(1812, 'ent');
insert into STATION values (1813, '1', 901, 485588.28, 4444775.96, 58.05);
insert into STATION values (1814, '2', 901, 485573.19, 4444785.81, 48.47);
insert into STATION values (1815, '3', 901, 485573.19, 4444785.81, 58.47);
insert into STATION values (1816, '4', 901, 485564.40, 4444785.83, 62.57);
insert into STATION values (1817, '30', 901, 485585.91, 4444760.98, 69.00);
insert into STATION values (1818, '31', 901, 485581.14, 4444769.63, 66.90);
insert into STATION values (1819, '32', 901, 485573.87, 4444780.87, 62.80);
insert into STATION values (1820, '5', 901, 485552.77, 4444782.96, 65.78);
insert into STATION values (1821, '6', 901, 485548.99, 4444785.15, 76.09);
insert into STATION values (1822, '7', 901, 485550.36, 4444780.62, 83.39);
insert into STATION values (1823, '8', 901, 485551.89, 4444770.86, 88.00);
insert into STATION values (1824, '9', 901, 485556.24, 4444759.43, 98.62);
insert into STATION values (1825, '10', 901, 485560.96, 4444747.05, 99.78);
insert into STATION values (1826, '40', 901, 485580.67, 4444744.04, 60.64);
insert into STATION values (1827, '41', 901, 485580.93, 4444757.07, 56.41);
insert into STATION values (1828, '80', 901, 485586.95, 4444772.63, 53.16);
insert into STATION values (1829, '42', 901, 485580.93, 4444757.07, 61.01);
insert into STATION values (1830, '43', 901, 485588.67, 4444760.18, 69.35);
insert into STATION values (1831, '51', 901, 485604.59, 4444782.96, 62.67);
insert into STATION values (1832, '52', 901, 485607.21, 4444790.95, 65.57);
insert into STATION values (1833, '53', 901, 485607.31, 4444792.38, 64.84);
insert into STATION values (1834, '54', 901, 485613.24, 4444791.10, 65.48);
insert into STATION values (1835, '55', 901, 485616.82, 4444789.72, 62.27);
insert into STATION values (1836, '56', 901, 485616.82, 4444789.72, 28.17);
insert into STATION values (1837, '57', 901, 485612.53, 4444779.69, 31.50);
insert into STATION values (1838, '58', 901, 485615.67, 4444773.76, 36.38);
insert into STATION values (1839, '59', 901, 485615.67, 4444773.76, 58.98);
insert into STATION values (1840, '60', 901, 485617.38, 4444759.59, 42.44);
insert into STATION values (1841, '70', 901, 485605.74, 4444771.31, 56.62);
insert into STATION values (1842, '0', 1150, 485808.00, 4445794.00, 370.00);
insert into STATION_FLAG values(1842, 'ent');
insert into STATION values (1843, '1', 1150, 485810.12, 4445795.55, 369.35);
insert into STATION values (1844, '2', 1150, 485809.43, 4445797.14, 356.99);
insert into STATION values (1845, '3', 1150, 485808.54, 4445800.45, 352.75);
insert into STATION values (1846, '4', 1150, 485806.65, 4445802.33, 346.49);
insert into STATION values (1847, '5', 1150, 485805.35, 4445800.71, 343.41);
insert into STATION values (1848, '6', 1150, 485812.26, 4445796.07, 331.06);
insert into STATION values (1849, '7', 1150, 485810.39, 4445799.05, 326.71);
insert into STATION values (1850, '8', 1150, 485808.55, 4445800.82, 324.25);
insert into STATION values (1851, '9', 1150, 485808.55, 4445800.82, 299.75);
insert into STATION values (1852, '10', 1150, 485803.95, 4445806.68, 296.28);
insert into STATION values (1853, '11', 1150, 485803.95, 4445806.68, 288.88);
insert into STATION values (1854, '12', 1150, 485801.71, 4445807.44, 288.50);
insert into STATION values (1855, '13', 1150, 485798.67, 4445810.07, 285.01);
insert into STATION values (1856, '14', 1150, 485803.41, 4445804.30, 281.37);
insert into STATION values (1857, '15', 1150, 485803.41, 4445804.30, 279.17);
insert into STATION values (1858, '15B', 1150, 485808.54, 4445806.47, 296.08);
insert into STATION values (1859, '16', 1150, 485809.44, 4445806.89, 290.96);
insert into STATION values (1860, '17', 1150, 485806.30, 4445808.76, 286.29);
insert into STATION values (1861, '18', 1150, 485806.70, 4445807.92, 281.50);
insert into STATION values (1862, '19', 1150, 485807.27, 4445805.27, 281.45);
insert into STATION values (1863, '20', 1150, 485809.26, 4445803.99, 269.25);
insert into STATION values (1864, '21', 1150, 485806.49, 4445804.67, 255.82);
insert into STATION values (1865, '22', 1150, 485809.19, 4445803.22, 280.59);
insert into STATION values (1866, '23', 1150, 485811.29, 4445800.91, 277.36);
insert into STATION values (1867, '24', 1150, 485812.33, 4445800.34, 276.13);
insert into STATION values (1868, '25', 1150, 485811.89, 4445798.98, 272.41);
insert into STATION values (1869, '26', 1150, 485812.21, 4445800.28, 268.53);
insert into STATION values (1870, '27', 1150, 485813.04, 4445802.24, 265.12);
insert into STATION values (1871, '28', 1150, 485814.73, 4445802.93, 262.19);
insert into STATION values (1872, '29', 1150, 485814.20, 4445804.54, 256.65);
insert into STATION values (1873, '30', 1150, 485813.10, 4445805.72, 254.58);
insert into STATION values (1874, '31', 1150, 485812.17, 4445806.27, 247.74);
insert into STATION values (1875, '32', 1150, 485813.12, 4445806.39, 242.78);
insert into STATION values (1876, '33', 1150, 485814.17, 4445805.35, 237.96);
insert into STATION values (1877, '34', 1150, 485814.33, 4445802.50, 236.86);
insert into STATION values (1878, '0', 1154, 485812.00, 4445780.00, 364.00);
insert into STATION_FLAG values(1878, 'ent');
insert into STATION values (1879, '1', 1154, 485812.42, 4445778.88, 360.71);
insert into STATION values (1880, '2', 1154, 485814.14, 4445778.17, 354.80);
insert into STATION values (1881, '3', 1154, 485812.55, 4445777.24, 335.59);
insert into STATION values (1882, '4', 1154, 485805.23, 4445778.85, 329.58);
insert into STATION values (1883, '5', 1154, 485807.62, 4445778.61, 325.43);
insert into STATION values (1884, '6', 1154, 485807.33, 4445774.16, 320.43);
insert into STATION values (1885, '7', 1154, 485809.60, 4445772.81, 316.78);
insert into STATION values (1886, '8', 1154, 485806.39, 4445772.38, 315.00);
insert into STATION values (1887, '9', 1154, 485803.43, 4445772.57, 312.63);
insert into STATION values (1888, '10', 1154, 485802.68, 4445770.16, 306.53);
insert into STATION values (1889, '11', 1154, 485803.96, 4445770.19, 300.98);
insert into STATION values (1890, '12', 1154, 485806.45, 4445770.44, 285.18);
insert into STATION values (1891, '13', 1154, 485807.59, 4445769.80, 270.23);
insert into STATION values (1892, '14', 1154, 485807.75, 4445788.66, 257.27);
insert into STATION values (1893, '0', 1158, 485537.00, 4445627.00, 359.00);
insert into STATION values (1894, '1', 1158, 485528.83, 4445631.29, 355.38);
insert into STATION values (1895, '2', 1158, 485529.70, 4445629.19, 380.53);
insert into STATION values (1896, '3', 1158, 485527.64, 4445630.83, 385.92);
insert into STATION values (1897, '4', 1158, 485522.43, 4445633.93, 389.32);
insert into STATION values (1898, '5', 1158, 485520.59, 4445635.20, 390.04);
insert into STATION values (1899, '6', 1158, 485517.47, 4445637.13, 391.72);
insert into STATION values (1900, '7', 1158, 485515.44, 4445638.75, 393.56);
insert into STATION values (1901, '8', 1158, 485513.60, 4445639.68, 394.66);
insert into STATION values (1902, '9', 1158, 485510.73, 4445643.06, 394.91);
insert into STATION values (1903, '10', 1158, 485507.71, 4445643.96, 396.58);
insert into STATION values (1904, '11', 1158, 485505.56, 4445643.08, 401.79);
insert into STATION_FLAG values(1904, 'ent');
insert into STATION values (1905, '0', 1162, 485584.00, 4445478.00, 319.00);
insert into STATION_FLAG values(1905, 'ent');
insert into STATION values (1906, '1', 1162, 485578.19, 4445486.51, 315.45);
insert into STATION values (1907, '2', 1162, 485583.00, 4445491.55, 316.81);
insert into STATION values (1908, '3', 1162, 485585.54, 4445496.29, 317.95);
insert into STATION values (1909, '4', 1162, 485587.93, 4445506.09, 320.04);
insert into STATION values (1910, '5', 1162, 485596.05, 4445517.11, 316.24);
insert into STATION values (1911, '6', 1162, 485596.05, 4445517.11, 329.64);
insert into STATION values (1912, '7', 1162, 485602.72, 4445516.68, 320.26);
insert into STATION values (1913, '8', 1162, 485605.65, 4445524.86, 319.81);
insert into STATION values (1914, '9', 1162, 485612.78, 4445525.90, 324.31);
insert into STATION values (1915, '0', 1166, 485438.00, 4445269.00, 300.00);
insert into STATION_FLAG values(1915, 'ent');
insert into STATION values (1916, '1', 1166, 485440.18, 4445272.86, 296.16);
insert into STATION values (1917, '2', 1166, 485441.41, 4445276.51, 285.80);
insert into STATION values (1918, '3', 1166, 485440.51, 4445279.13, 278.22);
insert into STATION values (1919, '4', 1166, 485439.18, 4445279.59, 272.68);
insert into STATION values (1920, '5', 1166, 485437.28, 4445280.50, 265.94);
insert into STATION values (1921, '6', 1166, 485439.74, 4445282.31, 256.56);
insert into STATION values (1922, '7', 1166, 485442.06, 4445284.16, 246.63);
insert into STATION values (1923, '8', 1166, 485443.05, 4445287.84, 228.07);
insert into STATION values (1924, '9', 1166, 485440.40, 4445289.15, 223.52);
insert into STATION values (1925, '10', 1166, 485437.66, 4445297.06, 215.04);
insert into STATION values (1926, '11', 1166, 485434.08, 4445302.94, 210.77);
insert into STATION values (1927, '0', 1170, 485816.00, 4445878.00, 360.00);
insert into STATION_FLAG values(1927, 'ent');
insert into STATION values (1928, '1', 1170, 485816.00, 4445878.00, 354.00);
insert into STATION values (1929, '2', 1170, 485810.16, 4445884.41, 347.23);
insert into STATION values (1930, '3', 1170, 485808.97, 4445885.59, 345.81);
insert into STATION values (1931, '4', 1170, 485803.90, 4445889.65, 339.33);
insert into STATION values (1932, '5', 1170, 485811.37, 4445883.00, 336.46);
insert into STATION values (1933, '0', 1174, 486346.03, 4445898.02, -63.00);
insert into STATION values (1934, '1', 1174, 486339.70, 4445873.84, -63.00);
insert into STATION values (1935, '2', 1174, 486339.00, 4445865.38, -56.00);
insert into STATION values (1936, '3', 1174, 486333.96, 4445846.13, -54.00);
insert into STATION values (1937, '4', 1174, 486343.77, 4445832.28, -48.00);
insert into STATION values (1938, '5', 1174, 486343.77, 4445832.28, -35.00);
insert into STATION values (1939, '6', 1174, 486344.43, 4445829.87, -35.00);
insert into STATION values (1940, 'A1', 1174, 486342.09, 4445820.94, -30.00);
insert into STATION values (1941, 'A2', 1174, 486345.34, 4445809.09, -24.40);
insert into STATION values (1942, 'A3', 1174, 486349.75, 4445802.86, -22.00);
insert into STATION values (1943, 'A4', 1174, 486352.21, 4445800.43, -20.00);
insert into STATION values (1944, 'A5', 1174, 486353.75, 4445783.92, -13.00);
insert into STATION values (1945, 'A6', 1174, 486357.36, 4445770.73, -10.00);
insert into STATION values (1946, 'A7', 1174, 486358.75, 4445755.82, -9.00);
insert into STATION values (1947, 'A8', 1174, 486360.01, 4445742.21, -6.00);
insert into STATION values (1948, 'A9', 1174, 486359.52, 4445740.31, -5.60);
insert into STATION values (1949, 'A10', 1174, 486362.31, 4445730.11, -2.60);
insert into STATION values (1950, 'A11', 1174, 486363.37, 4445726.25, -2.40);
insert into STATION values (1951, 'A12', 1174, 486366.62, 4445719.38, 0.10);
insert into STATION values (1952, 'A13', 1174, 486365.76, 4445708.93, 0.50);
insert into STATION values (1953, 'A14', 1174, 486362.65, 4445690.69, 0.20);
insert into STATION values (1954, 'A15', 1174, 486355.30, 4445662.64, 0.20);
insert into STATION values (1955, 'A16', 1174, 486353.02, 4445659.35, 0.00);
insert into STATION values (1956, 'A17', 1174, 486350.24, 4445648.71, 0.00);
insert into STATION values (1957, 'A18', 1174, 486347.21, 4445637.16, -3.70);
insert into STATION values (1958, 'A19', 1174, 486338.68, 4445624.83, -3.30);
insert into STATION values (1959, 'A20', 1174, 486340.00, 4445620.00, 0.00);
insert into STATION_FLAG values(1959, 'ent');
insert into STATION values (1960, 'ENT_109001', 873, 485618.00, 4444774.00, 60.00);
insert into STATION_FLAG values(1960, 'fix');
insert into STATION values (1961, 'ENT_109002', 873, 485602.00, 4444774.00, 60.00);
insert into STATION_FLAG values(1961, 'fix');
insert into STATION values (1962, 'ENT_109003', 873, 485779.00, 4445842.00, 375.00);
insert into STATION_FLAG values(1962, 'fix');
insert into STATION values (1963, 'ENT_109004', 873, 485808.00, 4445794.00, 370.00);
insert into STATION_FLAG values(1963, 'fix');
insert into STATION values (1964, 'ENT_109005', 873, 485651.00, 4445694.00, 384.00);
insert into STATION_FLAG values(1964, 'fix');
insert into STATION values (1965, 'ENT_109006', 873, 486410.00, 4445941.00, 414.00);
insert into STATION_FLAG values(1965, 'fix');
insert into STATION values (1966, 'ENT_109007', 873, 485737.00, 4445148.00, 278.00);
insert into STATION_FLAG values(1966, 'fix');
insert into STATION values (1967, 'ENT_109008', 873, 485812.00, 4445780.00, 364.00);
insert into STATION_FLAG values(1967, 'fix');
insert into STATION values (1968, 'ENT_109009', 873, 485537.00, 4445627.00, 359.00);
insert into STATION_FLAG values(1968, 'fix');
insert into STATION values (1969, 'ENT_109010', 873, 485587.00, 4445498.00, 319.00);
insert into STATION_FLAG values(1969, 'fix');
insert into STATION values (1970, 'ENT_109011', 873, 485584.00, 4445478.00, 319.00);
insert into STATION_FLAG values(1970, 'fix');
insert into STATION values (1971, 'ENT_109012', 873, 486478.00, 4445928.00, 388.00);
insert into STATION_FLAG values(1971, 'fix');
insert into STATION values (1972, 'ENT_109013', 873, 485438.00, 4445269.00, 300.00);
insert into STATION_FLAG values(1972, 'fix');
insert into STATION values (1973, 'ENT_109014', 873, 485816.00, 4445878.00, 360.00);
insert into STATION_FLAG values(1973, 'fix');
insert into STATION values (1974, 'ENT_109015', 873, 485649.00, 4444763.00, 53.00);
insert into STATION_FLAG values(1974, 'fix');
insert into STATION values (1975, 'ENT_109016', 873, 485795.00, 4444848.00, 36.00);
insert into STATION_FLAG values(1975, 'fix');
insert into STATION values (1976, 'ENT_109017', 873, 486340.00, 4445620.00, 0.00);
insert into STATION_FLAG values(1976, 'fix');
insert into STATION values (1977, 'ENT_109018', 873, 485880.00, 4445791.00, 0.00);
insert into STATION_FLAG values(1977, 'fix');
insert into STATION values (1978, 'ENT_109019', 873, 485684.00, 4444706.00, 0.00);
insert into STATION_FLAG values(1978, 'fix');
insert into STATION values (1979, '0', 1185, 476491.00, 4441850.00, 292.00);
insert into STATION values (1980, '1', 1185, 476489.56, 4441848.83, 295.18);
insert into STATION values (1981, '2', 1185, 476488.60, 4441846.63, 299.43);
insert into STATION values (1982, '3', 1185, 476488.33, 4441843.47, 304.94);
insert into STATION values (1983, '4', 1185, 476488.11, 4441843.32, 314.33);
insert into STATION values (1984, '5', 1185, 476487.26, 4441840.83, 317.81);
insert into STATION values (1985, '6', 1185, 476488.82, 4441839.68, 327.01);
insert into STATION values (1986, '7', 1185, 476492.56, 4441834.04, 333.89);
insert into STATION values (1987, '8', 1185, 476493.33, 4441828.89, 336.91);
insert into STATION_FLAG values(1987, 'ent');
insert into STATION values (1988, '0', 1189, 476217.00, 4441660.00, 314.00);
insert into STATION_FLAG values(1988, 'ent');
insert into STATION values (1989, '1', 1189, 476211.53, 4441666.82, 312.49);
insert into STATION values (1990, '2', 1189, 476214.80, 4441665.49, 309.14);
insert into STATION values (1991, '3', 1189, 476219.83, 4441665.00, 284.73);
insert into STATION values (1992, '4', 1189, 476216.99, 4441666.21, 283.88);
insert into STATION values (1993, '5', 1189, 476216.58, 4441668.47, 281.66);
insert into STATION values (1994, '6', 1189, 476222.87, 4441666.66, 281.95);
insert into STATION values (1995, '7', 1189, 476227.32, 4441667.04, 271.83);
insert into STATION values (1996, '8', 1189, 476232.92, 4441672.38, 240.06);
insert into STATION values (1997, 'A4', 1189, 476217.88, 4441670.37, 272.75);
insert into STATION values (1998, 'A5', 1189, 476221.75, 4441673.64, 251.47);
insert into STATION values (1999, 'A6', 1189, 476223.78, 4441673.66, 241.30);
insert into STATION values (2000, 'A7', 1189, 476225.38, 4441675.89, 235.82);
insert into STATION values (2001, 'A8', 1189, 476225.27, 4441675.31, 218.07);
insert into STATION values (2002, '0', 1194, 479866.00, 4441309.00, 356.00);
insert into STATION_FLAG values(2002, 'ent');
insert into STATION values (2003, '1', 1194, 479864.60, 4441307.46, 359.30);
insert into STATION values (2004, '2', 1194, 479863.58, 4441302.59, 368.38);
insert into STATION values (2005, '3', 1194, 479864.25, 4441301.38, 377.98);
insert into STATION values (2006, '4', 1194, 479863.70, 4441299.56, 381.61);
insert into STATION values (2007, '5', 1194, 479865.09, 4441297.70, 387.82);
insert into STATION values (2008, '6', 1194, 479868.17, 4441296.82, 393.80);
insert into STATION values (2009, '7', 1194, 479870.23, 4441294.12, 396.57);
insert into STATION values (2010, '0', 1198, 476597.00, 4441532.00, 316.00);
insert into STATION values (2011, '1', 1198, 476599.18, 4441527.47, 327.40);
insert into STATION values (2012, '2', 1198, 476600.04, 4441525.92, 334.46);
insert into STATION values (2013, '3', 1198, 476599.50, 4441527.31, 340.68);
insert into STATION values (2014, '4', 1198, 476600.12, 4441529.87, 344.78);
insert into STATION values (2015, '4a', 1198, 476597.15, 4441520.80, 344.78);
insert into STATION values (2016, '4b', 1198, 476601.20, 4441533.59, 344.78);
insert into STATION values (2017, '0', 1202, 481123.95, 4440175.21, 111.78);
insert into STATION values (2018, '1', 1202, 481124.74, 4440170.62, 113.66);
insert into STATION values (2019, '2', 1202, 481138.49, 4440169.39, 109.17);
insert into STATION values (2020, '3', 1202, 481145.02, 4440176.87, 108.83);
insert into STATION values (2021, '4', 1202, 481148.35, 4440183.96, 109.10);
insert into STATION values (2022, '5', 1202, 481151.79, 4440180.84, 109.10);
insert into STATION values (2023, '6', 1202, 481160.49, 4440174.25, 110.25);
insert into STATION values (2024, '7', 1202, 481163.50, 4440178.23, 109.46);
insert into STATION values (2025, '8', 1202, 481169.07, 4440177.23, 109.46);
insert into STATION values (2026, '9', 1202, 481177.70, 4440171.16, 110.38);
insert into STATION values (2027, '10', 1202, 481204.02, 4440168.33, 103.29);
insert into STATION values (2028, '11', 1202, 481216.62, 4440145.46, 108.36);
insert into STATION values (2029, '12', 1202, 481213.94, 4440163.88, 97.75);
insert into STATION values (2030, '13', 1202, 481218.06, 4440162.45, 94.09);
insert into STATION values (2031, '14', 1202, 481221.44, 4440158.27, 91.91);
insert into STATION values (2032, '15', 1202, 481224.57, 4440155.43, 90.70);
insert into STATION values (2033, '16', 1202, 481225.01, 4440153.50, 89.98);
insert into STATION values (2034, '17', 1202, 481232.76, 4440148.26, 87.82);
insert into STATION values (2035, '18', 1202, 481235.48, 4440143.10, 86.04);
insert into STATION values (2036, '19', 1202, 481240.71, 4440130.71, 73.93);
insert into STATION values (2037, '20', 1202, 481241.52, 4440122.80, 66.77);
insert into STATION values (2038, '21', 1202, 481238.52, 4440116.67, 57.38);
insert into STATION values (2039, '22', 1202, 481238.25, 4440103.02, 50.72);
insert into STATION values (2040, '23', 1202, 481244.00, 4440093.00, 29.00);
insert into STATION_FLAG values(2040, 'ent');
insert into STATION values (2041, 'R1BL_1', 1206, 481047.86, 4440042.32, 35.60);
insert into STATION values (2042, 'R1BL_0', 1206, 481048.19, 4440049.32, 39.02);
insert into STATION values (2043, 'R1BL_1A', 1206, 481046.34, 4440045.14, 35.60);
insert into STATION values (2044, 'R1BL_2', 1206, 481050.66, 4440035.14, 35.60);
insert into STATION values (2045, 'R1BL_3', 1206, 481058.34, 4440037.99, 35.17);
insert into STATION values (2046, 'R1BL_4', 1206, 481061.08, 4440039.11, 35.64);
insert into STATION values (2047, 'R1BL_4B', 1206, 481060.74, 4440036.22, 36.37);
insert into STATION values (2048, 'R1BL_5', 1206, 481061.08, 4440039.11, 30.64);
insert into STATION values (2049, 'R1BL_6', 1206, 481064.87, 4440040.59, 31.14);
insert into STATION values (2050, 'R1BL_7', 1206, 481064.87, 4440040.59, 27.24);
insert into STATION values (2051, 'R1BL_8', 1206, 481070.25, 4440040.90, 26.87);
insert into STATION values (2052, 'R1BL_9', 1206, 481072.75, 4440040.87, 26.74);
insert into STATION values (2053, 'R1BL_10', 1206, 481076.02, 4440045.78, 26.53);
insert into STATION values (2054, 'R1BL_11', 1206, 481072.12, 4440051.94, 26.15);
insert into STATION values (2055, 'R1BL_12', 1206, 481079.64, 4440047.83, 27.35);
insert into STATION values (2056, 'R1BL_13', 1206, 481084.01, 4440045.72, 24.98);
insert into STATION values (2057, 'R1BL_14', 1206, 481088.65, 4440047.44, 22.36);
insert into STATION values (2058, 'R1BL_14C', 1206, 481088.63, 4440050.42, 21.72);
insert into STATION values (2059, 'R1BL_14D', 1206, 481095.63, 4440050.70, 19.44);
insert into STATION values (2060, 'R1BL_15', 1206, 481093.28, 4440043.31, 23.45);
insert into STATION values (2061, 'R1BL_16', 1206, 481102.51, 4440040.01, 22.07);
insert into STATION values (2062, 'R1BL_17', 1206, 481110.59, 4440033.54, 22.07);
insert into STATION values (2063, 'R1BL_18', 1206, 481113.41, 4440029.08, 14.54);
insert into STATION values (2064, 'R1BL_19', 1206, 481118.37, 4440028.84, 12.43);
insert into STATION values (2065, 'R1BL_20', 1206, 481118.25, 4440030.51, 10.57);
insert into STATION values (2066, 'R1BL_21', 1206, 481126.62, 4440033.61, 8.34);
insert into STATION values (2067, 'R1BL_22', 1206, 481139.78, 4440024.16, 8.34);
insert into STATION values (2068, 'R1BL_23', 1206, 481150.23, 4440022.18, 4.26);
insert into STATION values (2069, 'R1BL_24', 1206, 481166.00, 4440010.00, 6.00);
insert into STATION_FLAG values(2069, 'ent');
insert into STATION values (2070, 'ENT_201001', 1183, 478266.00, 4438945.00, 0.00);
insert into STATION_FLAG values(2070, 'fix');
insert into STATION values (2071, 'ENT_201002', 1183, 473138.00, 4437000.00, 325.00);
insert into STATION_FLAG values(2071, 'fix');
insert into STATION values (2072, 'ENT_201003', 1183, 473081.00, 4438618.00, 385.00);
insert into STATION_FLAG values(2072, 'fix');
insert into STATION values (2073, 'ENT_201004', 1183, 473185.00, 4437080.00, 337.00);
insert into STATION_FLAG values(2073, 'fix');
insert into STATION values (2074, 'ENT_201005', 1183, 473614.00, 4437045.00, 273.00);
insert into STATION_FLAG values(2074, 'fix');
insert into STATION values (2075, 'ENT_201006', 1183, 473794.00, 4437339.00, 294.00);
insert into STATION_FLAG values(2075, 'fix');
insert into STATION values (2076, 'ENT_201007', 1183, 473598.00, 4437045.00, 290.00);
insert into STATION_FLAG values(2076, 'fix');
insert into STATION values (2077, 'ENT_201008', 1183, 473527.00, 4437152.00, 338.00);
insert into STATION_FLAG values(2077, 'fix');
insert into STATION values (2078, 'ENT_201009', 1183, 473512.00, 4437140.00, 340.00);
insert into STATION_FLAG values(2078, 'fix');
insert into STATION values (2079, 'ENT_201010', 1183, 473749.00, 4437328.00, 309.00);
insert into STATION_FLAG values(2079, 'fix');
insert into STATION values (2080, 'ENT_201011', 1183, 473423.00, 4437558.00, 492.00);
insert into STATION_FLAG values(2080, 'fix');
insert into STATION values (2081, 'ENT_201012', 1183, 473607.00, 4437277.00, 386.00);
insert into STATION_FLAG values(2081, 'fix');
insert into STATION values (2082, 'ENT_201013', 1183, 473066.00, 4437002.00, 311.00);
insert into STATION_FLAG values(2082, 'fix');
insert into STATION values (2083, 'ENT_201014', 1183, 473378.00, 4437631.00, 526.00);
insert into STATION_FLAG values(2083, 'fix');
insert into STATION values (2084, 'ENT_201015', 1183, 473524.00, 4437766.00, 469.00);
insert into STATION_FLAG values(2084, 'fix');
insert into STATION values (2085, 'ENT_201016', 1183, 473535.00, 4437264.00, 347.00);
insert into STATION_FLAG values(2085, 'fix');
insert into STATION values (2086, 'ENT_201017', 1183, 473581.00, 4437960.00, 393.00);
insert into STATION_FLAG values(2086, 'fix');
insert into STATION values (2087, 'ENT_201018', 1183, 473619.00, 4437025.00, 268.00);
insert into STATION_FLAG values(2087, 'fix');
insert into STATION values (2088, 'ENT_201019', 1183, 473196.00, 4437124.00, 274.00);
insert into STATION_FLAG values(2088, 'fix');
insert into STATION values (2089, 'ENT_201020', 1183, 481166.00, 4440010.00, 6.00);
insert into STATION_FLAG values(2089, 'fix');
insert into STATION values (2090, 'ENT_201021', 1183, 473580.00, 4437961.00, 393.00);
insert into STATION_FLAG values(2090, 'fix');
insert into STATION values (2091, 'ENT_201022', 1183, 473519.00, 4437155.00, 335.00);
insert into STATION_FLAG values(2091, 'fix');
insert into STATION values (2092, 'ENT_201023', 1183, 473690.00, 4437099.00, 272.00);
insert into STATION_FLAG values(2092, 'fix');
insert into STATION values (2093, 'ENT_201024', 1183, 473520.00, 4437115.00, 8.00);
insert into STATION_FLAG values(2093, 'fix');
insert into STATION values (2094, 'ENT_201025', 1183, 473276.00, 4437291.00, 412.00);
insert into STATION_FLAG values(2094, 'fix');
insert into STATION values (2095, 'ENT_201026', 1183, 471000.00, 4440731.00, 9.00);
insert into STATION_FLAG values(2095, 'fix');
insert into STATION values (2096, 'ENT_201027', 1183, 473138.00, 4437000.00, 325.00);
insert into STATION_FLAG values(2096, 'fix');
insert into STATION values (2097, 'ENT_201028', 1183, 473066.00, 4437002.00, 310.00);
insert into STATION_FLAG values(2097, 'fix');
insert into STATION values (2098, 'ENT_201029', 1183, 473670.00, 4437075.00, 270.00);
insert into STATION_FLAG values(2098, 'fix');
insert into STATION values (2099, 'ENT_201030', 1183, 473185.00, 4437080.00, 337.00);
insert into STATION_FLAG values(2099, 'fix');
insert into STATION values (2100, 'ENT_201031', 1183, 473587.00, 4437133.00, 303.00);
insert into STATION_FLAG values(2100, 'fix');
insert into STATION values (2101, 'ENT_201032', 1183, 473735.00, 4437228.00, 306.00);
insert into STATION_FLAG values(2101, 'fix');
insert into STATION values (2102, 'ENT_201033', 1183, 473607.00, 4437277.00, 385.00);
insert into STATION_FLAG values(2102, 'fix');
insert into STATION values (2103, 'ENT_201034', 1183, 473652.00, 4437656.00, 397.00);
insert into STATION_FLAG values(2103, 'fix');
insert into STATION values (2104, 'ENT_201035', 1183, 473683.00, 4437677.00, 381.00);
insert into STATION_FLAG values(2104, 'fix');
insert into STATION values (2105, 'ENT_201036', 1183, 473577.00, 4438008.00, 389.00);
insert into STATION_FLAG values(2105, 'fix');
insert into STATION values (2106, 'ENT_201037', 1183, 473579.00, 4438420.00, 361.00);
insert into STATION_FLAG values(2106, 'fix');
insert into STATION values (2107, 'ENT_201038', 1183, 473601.00, 4438564.00, 347.00);
insert into STATION_FLAG values(2107, 'fix');
insert into STATION values (2108, 'ENT_201039', 1183, 473616.00, 4438593.00, 342.00);
insert into STATION_FLAG values(2108, 'fix');
insert into STATION values (2109, 'ENT_201040', 1183, 473599.00, 4438718.00, 337.00);
insert into STATION_FLAG values(2109, 'fix');
insert into STATION values (2110, 'ENT_201041', 1183, 473407.00, 4438857.00, 403.00);
insert into STATION_FLAG values(2110, 'fix');
insert into STATION values (2111, 'ENT_201042', 1183, 473028.00, 4438978.00, 312.00);
insert into STATION_FLAG values(2111, 'fix');
insert into STATION values (2112, 'ENT_201043', 1183, 473077.00, 4439130.00, 313.00);
insert into STATION_FLAG values(2112, 'fix');
insert into STATION values (2113, 'ENT_201044', 1183, 473044.00, 4439162.00, 307.00);
insert into STATION_FLAG values(2113, 'fix');
insert into STATION values (2114, 'ENT_201045', 1183, 473343.00, 4439239.00, 391.00);
insert into STATION_FLAG values(2114, 'fix');
insert into STATION values (2115, 'ENT_201046', 1183, 473652.00, 4437656.00, 397.00);
insert into STATION_FLAG values(2115, 'fix');
insert into STATION values (2116, 'ENT_201047', 1183, 473344.00, 4439239.00, 391.00);
insert into STATION_FLAG values(2116, 'fix');
insert into STATION values (2117, 'ENT_201048', 1183, 473077.00, 4439130.00, 313.00);
insert into STATION_FLAG values(2117, 'fix');
insert into STATION values (2118, 'ENT_201049', 1183, 473683.00, 4437677.00, 382.00);
insert into STATION_FLAG values(2118, 'fix');
insert into STATION values (2119, 'ENT_201050', 1183, 473599.00, 4438718.00, 338.00);
insert into STATION_FLAG values(2119, 'fix');
insert into STATION values (2120, 'ENT_201051', 1183, 477006.00, 4441940.00, 0.00);
insert into STATION_FLAG values(2120, 'fix');
insert into STATION values (2121, 'ENT_201052', 1183, 479866.00, 4441309.00, 356.00);
insert into STATION_FLAG values(2121, 'fix');
insert into STATION values (2122, 'ENT_201053', 1183, 480018.00, 4441221.00, 351.00);
insert into STATION_FLAG values(2122, 'fix');
insert into STATION values (2123, 'ENT_201054', 1183, 479883.00, 4441642.00, 239.00);
insert into STATION_FLAG values(2123, 'fix');
insert into STATION values (2124, 'ENT_201055', 1183, 476404.00, 4442053.00, 0.00);
insert into STATION_FLAG values(2124, 'fix');
insert into STATION values (2125, 'ENT_201056', 1183, 476668.00, 4441599.00, 303.00);
insert into STATION_FLAG values(2125, 'fix');
insert into STATION values (2126, 'ENT_201057', 1183, 476670.00, 4441599.00, 306.00);
insert into STATION_FLAG values(2126, 'fix');
insert into STATION values (2127, 'ENT_201058', 1183, 476570.00, 4441550.00, 329.00);
insert into STATION_FLAG values(2127, 'fix');
insert into STATION values (2128, 'ENT_201059', 1183, 476811.00, 4441550.00, 298.00);
insert into STATION_FLAG values(2128, 'fix');
insert into STATION values (2129, 'ENT_201060', 1183, 476555.00, 4442064.00, 0.00);
insert into STATION_FLAG values(2129, 'fix');
insert into STATION values (2130, 'ENT_201061', 1183, 476491.00, 4441850.00, 292.00);
insert into STATION_FLAG values(2130, 'fix');
insert into STATION values (2131, 'ENT_201062', 1183, 476217.00, 4441660.00, 314.00);
insert into STATION_FLAG values(2131, 'fix');
insert into STATION values (2132, 'ENT_201063', 1183, 476293.00, 4441568.00, 344.00);
insert into STATION_FLAG values(2132, 'fix');
insert into STATION values (2133, 'ENT_201064', 1183, 476287.00, 4441655.00, 364.00);
insert into STATION_FLAG values(2133, 'fix');
insert into STATION values (2134, 'ENT_201065', 1183, 476316.00, 4440859.00, 596.00);
insert into STATION_FLAG values(2134, 'fix');
insert into STATION values (2135, 'ENT_201066', 1183, 476028.00, 4441666.00, 277.00);
insert into STATION_FLAG values(2135, 'fix');
insert into STATION values (2136, 'ENT_201067', 1183, 475784.00, 4441912.00, 388.00);
insert into STATION_FLAG values(2136, 'fix');
insert into STATION values (2137, 'ENT_201068', 1183, 475808.00, 4441893.00, 380.00);
insert into STATION_FLAG values(2137, 'fix');
insert into STATION values (2138, 'ENT_201069', 1183, 475787.00, 4441900.00, 382.00);
insert into STATION_FLAG values(2138, 'fix');
insert into STATION values (2139, 'ENT_201070', 1183, 476036.00, 4441670.00, 295.00);
insert into STATION_FLAG values(2139, 'fix');
insert into STATION values (2140, 'ENT_201071', 1183, 476576.00, 4441740.00, 281.00);
insert into STATION_FLAG values(2140, 'fix');
insert into STATION values (2141, 'ENT_201072', 1183, 476632.00, 4441445.00, 378.00);
insert into STATION_FLAG values(2141, 'fix');
insert into STATION values (2142, 'ENT_201073', 1183, 476597.00, 4441532.00, 316.00);
insert into STATION_FLAG values(2142, 'fix');
insert into STATION values (2143, 'ENT_201074', 1183, 481244.00, 4440093.00, 29.00);
insert into STATION_FLAG values(2143, 'fix');
insert into STATION values (2144, 'ENT_201075', 1183, 475551.00, 4442964.00, 285.00);
insert into STATION_FLAG values(2144, 'fix');
insert into STATION values (2145, 'ENT_201076', 1183, 475670.00, 4442920.00, 323.00);
insert into STATION_FLAG values(2145, 'fix');
insert into STATION values (2146, 'ENT_201077', 1183, 475375.00, 4442069.00, 430.00);
insert into STATION_FLAG values(2146, 'fix');
insert into STATION values (2147, 'ENT_201078', 1183, 475272.00, 4442209.00, 460.00);
insert into STATION_FLAG values(2147, 'fix');
insert into STATION values (2148, 'ENT_201079', 1183, 473005.00, 4437401.00, 471.00);
insert into STATION_FLAG values(2148, 'fix');
insert into STATION values (2149, 'ENT_201080', 1183, 470851.00, 4437247.00, 13.00);
insert into STATION_FLAG values(2149, 'fix');
insert into STATION values (2150, 'SOMMET360', 1183, 472954.00, 4437990.00, 662.00);
insert into STATION_FLAG values(2150, 'fix');
insert into STATION values (2151, 'BLOCSGRES', 1183, 472902.00, 4437730.00, 603.00);
insert into STATION_FLAG values(2151, 'fix');
insert into STATION values (2152, 'ENT_202001', 1281, 481705.00, 4438320.00, 5.00);
insert into STATION_FLAG values(2152, 'fix');
insert into STATION values (2153, 'ENT_203001', 1285, 472905.00, 4434743.00, 253.00);
insert into STATION_FLAG values(2153, 'fix');
insert into STATION values (2154, 'ENT_203002', 1285, 473028.00, 4434786.00, 258.00);
insert into STATION_FLAG values(2154, 'fix');
insert into STATION values (2155, 'ENT_203003', 1285, 473145.00, 4434865.00, 249.00);
insert into STATION_FLAG values(2155, 'fix');
insert into STATION values (2156, 'ENT_203004', 1285, 473023.00, 4434914.00, 252.00);
insert into STATION_FLAG values(2156, 'fix');
insert into STATION values (2157, 'ENT_203005', 1285, 472899.00, 4435932.00, 34.00);
insert into STATION_FLAG values(2157, 'fix');
insert into STATION values (2158, 'ENT_203006', 1285, 472591.00, 4435495.00, 119.00);
insert into STATION_FLAG values(2158, 'fix');
insert into STATION values (2159, 'ENT_203007', 1285, 472563.00, 4435496.00, 121.00);
insert into STATION_FLAG values(2159, 'fix');
insert into STATION values (2160, 'ENT_203008', 1285, 473096.00, 4434992.00, 334.00);
insert into STATION_FLAG values(2160, 'fix');
insert into STATION values (2161, 'ENT_203009', 1285, 472629.00, 4435676.00, 105.00);
insert into STATION_FLAG values(2161, 'fix');
insert into STATION values (2162, 'ENT_203010', 1285, 470851.00, 4437247.00, 13.00);
insert into STATION_FLAG values(2162, 'fix');
insert into STATION values (2163, 'ENT_203011', 1285, 470883.00, 4433935.00, 35.00);
insert into STATION_FLAG values(2163, 'fix');
insert into STATION values (2164, 'ENT_203012', 1285, 471003.00, 4434013.00, 0.00);
insert into STATION_FLAG values(2164, 'fix');
insert into STATION values (2165, 'G0', 1300, 474598.22, 4432508.02, 88.54);
insert into STATION values (2166, 'G1', 1300, 474603.35, 4432500.60, 91.82);
insert into STATION values (2167, 'G2', 1300, 474609.06, 4432492.32, 96.51);
insert into STATION values (2168, 'G3', 1300, 474610.53, 4432491.77, 99.87);
insert into STATION values (2169, 'G4', 1300, 474611.99, 4432490.53, 101.47);
insert into STATION values (2170, 'G5', 1300, 474614.73, 4432487.22, 107.62);
insert into STATION values (2171, 'G6', 1300, 474615.38, 4432486.28, 110.06);
insert into STATION values (2172, 'G7', 1300, 474613.51, 4432487.61, 111.67);
insert into STATION values (2173, 'G8', 1300, 474611.53, 4432488.77, 114.95);
insert into STATION values (2174, 'G9', 1300, 474613.11, 4432485.31, 116.97);
insert into STATION values (2175, 'G10', 1300, 474614.36, 4432484.05, 117.22);
insert into STATION values (2176, 'G11', 1300, 474613.21, 4432482.43, 121.48);
insert into STATION values (2177, 'G12', 1300, 474615.35, 4432478.67, 123.05);
insert into STATION values (2178, 'G13', 1300, 474618.53, 4432474.06, 121.55);
insert into STATION values (2179, 'F8', 1300, 474621.86, 4432469.24, 122.27);
insert into STATION values (2180, 'F0', 1300, 474630.00, 4432456.00, 153.00);
insert into STATION_FLAG values(2180, 'ent');
insert into STATION values (2181, 'F1', 1300, 474628.96, 4432454.39, 151.09);
insert into STATION values (2182, 'F2', 1300, 474628.95, 4432454.37, 141.79);
insert into STATION values (2183, 'F3', 1300, 474633.16, 4432451.88, 138.98);
insert into STATION values (2184, 'F4', 1300, 474637.24, 4432450.74, 133.01);
insert into STATION values (2185, 'F5', 1300, 474630.92, 4432456.11, 129.62);
insert into STATION values (2186, 'F6', 1300, 474624.99, 4432464.70, 127.78);
insert into STATION values (2187, 'F7', 1300, 474622.58, 4432468.19, 123.54);
insert into STATION values (2188, 'F9', 1300, 474623.28, 4432461.94, 127.57);
insert into STATION values (2189, 'F10', 1300, 474620.87, 4432462.26, 126.27);
insert into STATION values (2190, 'F11', 1300, 474611.84, 4432463.66, 132.35);
insert into STATION values (2191, 'F12', 1300, 474609.28, 4432465.57, 136.31);
insert into STATION values (2192, 'F13', 1300, 474605.79, 4432461.84, 137.36);
insert into STATION values (2193, 'F14', 1300, 474605.01, 4432455.53, 139.11);
insert into STATION values (2194, 'F15', 1300, 474598.83, 4432454.27, 139.61);
insert into STATION values (2195, 'F16', 1300, 474600.97, 4432451.75, 139.39);
insert into STATION values (2196, 'F17', 1300, 474603.51, 4432450.65, 135.96);
insert into STATION values (2197, 'F18', 1300, 474617.22, 4432454.55, 131.44);
insert into STATION values (2198, '0', 1304, 475586.00, 4431730.00, 130.00);
insert into STATION_FLAG values(2198, 'ent');
insert into STATION values (2199, '1', 1304, 475598.50, 4431711.88, 131.93);
insert into STATION values (2200, '2', 1304, 475601.63, 4431707.35, 131.93);
insert into STATION values (2201, '3', 1304, 475606.18, 4431703.48, 136.94);
insert into STATION values (2202, '4', 1304, 475613.70, 4431701.41, 142.01);
insert into STATION values (2203, '5', 1304, 475612.98, 4431689.26, 145.27);
insert into STATION values (2204, '6', 1304, 475615.96, 4431666.95, 151.30);
insert into STATION values (2205, '7', 1304, 475618.19, 4431647.68, 154.72);
insert into STATION values (2206, '8', 1304, 475623.67, 4431635.72, 159.51);
insert into STATION values (2207, '9', 1304, 475621.81, 4431634.18, 160.15);
insert into STATION values (2208, 'A0', 1308, 474547.50, 4432393.53, 137.59);
insert into STATION_FLAG values(2208, 'ent');
insert into STATION values (2209, 'A1', 1308, 474552.46, 4432394.11, 137.59);
insert into STATION values (2210, 'A2', 1308, 474556.12, 4432394.53, 139.80);
insert into STATION values (2211, 'A3', 1308, 474557.91, 4432394.70, 139.65);
insert into STATION values (2212, 'A4', 1308, 474562.05, 4432401.50, 137.66);
insert into STATION values (2213, 'A4B', 1308, 474557.99, 4432401.67, 135.12);
insert into STATION values (2214, 'A5', 1308, 474570.49, 4432406.49, 137.49);
insert into STATION values (2215, 'A5B', 1308, 474566.45, 4432411.02, 132.92);
insert into STATION values (2216, 'A6', 1308, 474577.08, 4432409.10, 138.74);
insert into STATION values (2217, 'A7', 1308, 474581.14, 4432412.01, 138.74);
insert into STATION values (2218, 'A7B', 1308, 474580.06, 4432415.23, 135.79);
insert into STATION values (2219, 'A8', 1308, 474584.49, 4432406.77, 142.94);
insert into STATION values (2220, 'A8B', 1308, 474586.91, 4432403.00, 145.96);
insert into STATION values (2221, 'A9', 1308, 474579.56, 4432402.39, 142.94);
insert into STATION values (2222, 'A10', 1308, 474572.95, 4432416.36, 143.76);
insert into STATION values (2223, 'A11', 1308, 474570.00, 4432422.00, 145.00);
insert into STATION values (2224, 'A12', 1308, 474570.81, 4432424.64, 146.28);
insert into STATION values (2225, 'A13', 1308, 474576.36, 4432424.24, 146.38);
insert into STATION values (2226, 'A14', 1308, 474580.31, 4432429.30, 144.78);
insert into STATION values (2227, 'A15', 1308, 474579.77, 4432434.55, 143.18);
insert into STATION values (2228, 'A16', 1308, 474584.75, 4432439.55, 141.03);
insert into STATION values (2229, 'A17', 1308, 474589.40, 4432446.48, 140.15);
insert into STATION values (2230, 'A18', 1308, 474592.37, 4432446.58, 140.79);
insert into STATION values (2231, 'A19', 1308, 474596.38, 4432448.54, 141.02);
insert into STATION values (2232, 'A20', 1308, 474599.79, 4432447.80, 142.44);
insert into STATION values (2233, 'A20B', 1308, 474597.85, 4432450.83, 145.91);
insert into STATION values (2234, 'A21', 1308, 474601.44, 4432452.34, 140.59);
insert into STATION values (2235, 'F15', 1308, 474598.83, 4432454.27, 139.61);
insert into STATION values (2236, '100', 1308, 474663.59, 4432430.73, 89.13);
insert into STATION values (2237, '101', 1308, 474661.19, 4432439.92, 89.13);
insert into STATION values (2238, '102', 1308, 474657.66, 4432441.99, 94.56);
insert into STATION values (2239, '103', 1308, 474651.71, 4432449.18, 101.34);
insert into STATION values (2240, '104', 1308, 474644.28, 4432455.96, 106.03);
insert into STATION values (2241, '105', 1308, 474635.39, 4432461.82, 109.29);
insert into STATION values (2242, '106', 1308, 474637.15, 4432455.52, 115.61);
insert into STATION values (2243, '107', 1308, 474638.34, 4432448.48, 121.60);
insert into STATION values (2244, '109', 1308, 474643.18, 4432442.65, 128.78);
insert into STATION values (2245, '108', 1308, 474638.42, 4432449.15, 131.03);
insert into STATION values (2246, 'F4', 1308, 474637.24, 4432450.74, 133.01);
insert into STATION values (2247, '110', 1308, 474646.88, 4432433.31, 131.66);
insert into STATION values (2248, '111', 1308, 474648.39, 4432429.50, 137.52);
insert into STATION values (2249, '112', 1308, 474646.13, 4432429.47, 140.99);
insert into STATION values (2250, '113', 1308, 474648.12, 4432425.97, 143.92);
insert into STATION values (2251, '114', 1308, 474650.07, 4432422.25, 146.34);
insert into STATION values (2252, '115', 1308, 474648.48, 4432419.04, 150.32);
insert into STATION values (2253, 'G0', 1312, 475703.96, 4431769.40, 151.78);
insert into STATION values (2254, 'G1', 1312, 475703.96, 4431769.40, 163.78);
insert into STATION values (2255, 'G2', 1312, 475705.65, 4431764.47, 165.18);
insert into STATION values (2256, 'G3', 1312, 475707.54, 4431763.92, 165.53);
insert into STATION values (2257, 'G4', 1312, 475710.01, 4431758.34, 167.75);
insert into STATION values (2258, 'G5', 1312, 475708.00, 4431755.00, 170.00);
insert into STATION_FLAG values(2258, 'ent');
insert into STATION values (2259, 'A0', 1312, 475681.81, 4431813.78, 148.79);
insert into STATION values (2260, 'A1', 1312, 475694.87, 4431825.32, 150.44);
insert into STATION values (2261, 'A2', 1312, 475700.20, 4431827.07, 149.95);
insert into STATION values (2262, 'A3', 1312, 475701.27, 4431806.56, 153.93);
insert into STATION values (2263, 'A4', 1312, 475716.58, 4431797.56, 150.70);
insert into STATION values (2264, '1', 1312, 475683.36, 4431798.96, 156.23);
insert into STATION values (2265, '2', 1312, 475688.94, 4431780.69, 157.37);
insert into STATION values (2266, '3', 1312, 475692.89, 4431770.39, 157.33);
insert into STATION values (2267, '4', 1312, 475698.66, 4431766.30, 152.55);
insert into STATION values (2268, '6', 1312, 475715.08, 4431782.34, 150.79);
insert into STATION values (2269, 'ENT_204001', 1298, 474630.00, 4432456.00, 153.00);
insert into STATION_FLAG values(2269, 'fix');
insert into STATION values (2270, 'ENT_204002', 1298, 474370.00, 4432520.00, 74.00);
insert into STATION_FLAG values(2270, 'fix');
insert into STATION values (2271, 'ENT_204003', 1298, 475586.00, 4431730.00, 130.00);
insert into STATION_FLAG values(2271, 'fix');
insert into STATION values (2272, 'ENT_204004', 1298, 474570.00, 4432422.00, 145.00);
insert into STATION_FLAG values(2272, 'fix');
insert into STATION values (2273, 'ENT_204005', 1298, 473390.00, 4434247.00, 316.00);
insert into STATION_FLAG values(2273, 'fix');
insert into STATION values (2274, 'ENT_204006', 1298, 473289.00, 4434576.00, 305.00);
insert into STATION_FLAG values(2274, 'fix');
insert into STATION values (2275, 'ENT_204007', 1298, 474168.00, 4435461.00, 157.00);
insert into STATION_FLAG values(2275, 'fix');
insert into STATION values (2276, 'ENT_204008', 1298, 472046.00, 4433537.00, 84.00);
insert into STATION_FLAG values(2276, 'fix');
insert into STATION values (2277, 'ENT_204009', 1298, 471984.00, 4433604.00, 50.00);
insert into STATION_FLAG values(2277, 'fix');
insert into STATION values (2278, 'ENT_204010', 1298, 475708.00, 4431755.00, 170.00);
insert into STATION_FLAG values(2278, 'fix');
insert into STATION values (2279, '0', 1324, 468749.00, 4428616.00, 2.00);
insert into STATION_FLAG values(2279, 'ent');
insert into STATION values (2280, '1', 1324, 468752.57, 4428618.42, 2.74);
insert into STATION values (2281, '2', 1324, 468757.44, 4428619.99, 3.76);
insert into STATION values (2282, '3', 1324, 468762.93, 4428628.14, 4.62);
insert into STATION values (2283, '4', 1324, 468766.68, 4428631.39, 4.83);
insert into STATION values (2284, '5', 1324, 468769.41, 4428633.75, 5.05);
insert into STATION values (2285, '6', 1324, 468771.17, 4428630.98, 5.27);
insert into STATION values (2286, 'A', 1324, 468768.14, 4428629.10, 9.09);
insert into STATION values (2287, '7', 1324, 468776.03, 4428632.59, 5.43);
insert into STATION values (2288, '8', 1324, 468777.98, 4428634.59, 5.45);
insert into STATION values (2289, '9', 1324, 468781.31, 4428637.64, 5.47);
insert into STATION values (2290, '10', 1324, 468786.07, 4428640.38, 5.65);
insert into STATION values (2291, '11', 1324, 468789.43, 4428640.75, 5.97);
insert into STATION values (2292, '12', 1324, 468792.56, 4428642.76, 5.99);
insert into STATION values (2293, '13', 1324, 468796.09, 4428642.85, 6.17);
insert into STATION values (2294, '14', 1324, 468797.55, 4428645.06, 6.05);
insert into STATION values (2295, '15', 1324, 468794.12, 4428647.05, 6.12);
insert into STATION values (2296, '16', 1324, 468793.23, 4428648.55, 6.05);
insert into STATION values (2297, '17', 1324, 468794.63, 4428652.61, 6.12);
insert into STATION values (2298, '18', 1324, 468793.41, 4428654.16, 6.09);
insert into STATION values (2299, 'B', 1324, 468798.23, 4428655.35, 6.11);
insert into STATION values (2300, '19', 1324, 468791.77, 4428658.24, 6.13);
insert into STATION values (2301, 'C', 1324, 468789.02, 4428661.97, 6.66);
insert into STATION values (2302, 'C1', 1324, 468789.29, 4428662.91, 6.66);
insert into STATION values (2303, '20', 1324, 468791.11, 4428656.30, 6.10);
insert into STATION values (2304, '21', 1324, 468789.63, 4428654.62, 6.10);
insert into STATION values (2305, '22', 1324, 468788.57, 4428651.22, 6.04);
insert into STATION values (2306, '23', 1324, 468786.90, 4428649.17, 5.82);
insert into STATION values (2307, '24', 1324, 468784.25, 4428647.53, 5.44);
insert into STATION values (2308, '25', 1324, 468782.71, 4428646.78, 5.38);
insert into STATION values (2309, '26', 1324, 468779.13, 4428646.51, 5.28);
insert into STATION values (2310, '27', 1324, 468775.54, 4428646.33, 5.18);
insert into STATION values (2311, '28', 1324, 468774.23, 4428645.02, 5.05);
insert into STATION values (2312, '29', 1324, 468772.29, 4428645.58, 5.12);
insert into STATION values (2313, '30', 1324, 468769.73, 4428645.74, 5.69);
insert into STATION values (2314, '31', 1324, 468770.08, 4428647.25, 5.16);
insert into STATION values (2315, '32', 1324, 468771.83, 4428648.96, 4.91);
insert into STATION values (2316, '33', 1324, 468772.60, 4428651.00, 5.14);
insert into STATION values (2317, '34', 1324, 468772.64, 4428654.47, 5.56);
insert into STATION values (2318, '35', 1324, 468776.23, 4428657.48, 5.29);
insert into STATION values (2319, 'D', 1324, 468779.36, 4428660.70, 5.29);
insert into STATION values (2320, '36', 1324, 468772.77, 4428654.87, 5.24);
insert into STATION values (2321, '37', 1324, 468770.04, 4428653.79, 5.47);
insert into STATION values (2322, '38', 1324, 468767.16, 4428653.96, 5.54);
insert into STATION values (2323, 'E', 1324, 468764.89, 4428639.72, 4.49);
insert into STATION values (2324, '40', 1324, 468800.31, 4428645.04, 6.14);
insert into STATION values (2325, '41', 1324, 468804.25, 4428642.73, 6.48);
insert into STATION values (2326, '42', 1324, 468808.29, 4428640.21, 6.76);
insert into STATION values (2327, '43', 1324, 468811.35, 4428642.99, 6.77);
insert into STATION values (2328, '44', 1324, 468809.99, 4428648.87, 6.70);
insert into STATION values (2329, '45', 1324, 468806.63, 4428650.84, 6.63);
insert into STATION values (2330, '46', 1324, 468802.52, 4428651.77, 6.57);
insert into STATION values (2331, '47', 1324, 468800.54, 4428647.46, 6.25);
insert into STATION values (2332, '100', 1324, 468787.36, 4428644.73, 5.51);
insert into STATION values (2333, 'Z', 1324, 468772.20, 4428639.06, 4.84);
insert into STATION values (2334, 'X', 1324, 468761.34, 4428641.40, 5.13);
insert into STATION values (2335, '0', 1328, 472991.00, 4429200.00, 250.00);
insert into STATION_FLAG values(2335, 'ent');
insert into STATION values (2336, '1', 1328, 472978.12, 4429198.77, 237.06);
insert into STATION values (2337, '2', 1328, 472975.00, 4429193.27, 231.37);
insert into STATION values (2338, '3', 1328, 472966.48, 4429189.75, 225.38);
insert into STATION values (2339, '3A', 1328, 472959.69, 4429184.55, 226.28);
insert into STATION values (2340, '4', 1328, 472964.40, 4429191.79, 224.32);
insert into STATION values (2341, '5', 1328, 472957.40, 4429190.75, 215.26);
insert into STATION values (2342, '6', 1328, 472947.27, 4429194.55, 207.69);
insert into STATION values (2343, '7', 1328, 472936.50, 4429192.94, 197.53);
insert into STATION values (2344, '8', 1328, 472936.65, 4429195.39, 189.49);
insert into STATION values (2345, '9', 1328, 472934.04, 4429195.74, 187.85);
insert into STATION values (2346, '10', 1328, 472929.59, 4429194.25, 187.52);
insert into STATION values (2347, '11', 1328, 472925.33, 4429195.77, 173.59);
insert into STATION values (2348, '12', 1328, 472924.15, 4429203.30, 168.26);
insert into STATION values (2349, '2.1', 1328, 472919.04, 4429213.84, 160.05);
insert into STATION values (2350, '2.2', 1328, 472916.72, 4429218.04, 157.50);
insert into STATION values (2351, '2.3', 1328, 472908.92, 4429221.22, 153.20);
insert into STATION values (2352, '2.4', 1328, 472902.72, 4429222.44, 143.84);
insert into STATION values (2353, '2.5', 1328, 472897.80, 4429226.02, 137.76);
insert into STATION values (2354, '2.7', 1328, 472893.71, 4429230.00, 135.09);
insert into STATION values (2355, '2.8', 1328, 472891.54, 4429232.79, 131.56);
insert into STATION values (2356, '2.9', 1328, 472890.51, 4429234.06, 130.19);
insert into STATION values (2357, '2.10', 1328, 472887.96, 4429237.87, 128.05);
insert into STATION values (2358, '2.11', 1328, 472885.34, 4429238.93, 127.02);
insert into STATION values (2359, '2.12', 1328, 472886.67, 4429242.55, 125.62);
insert into STATION values (2360, '2.13', 1328, 472877.18, 4429250.55, 120.85);
insert into STATION values (2361, '2.14', 1328, 472873.03, 4429255.88, 118.66);
insert into STATION values (2362, '2.15', 1328, 472870.96, 4429260.35, 112.36);
insert into STATION values (2363, '2.16', 1328, 472871.45, 4429264.86, 110.24);
insert into STATION values (2364, '2.17', 1328, 472871.68, 4429268.05, 104.70);
insert into STATION values (2365, '2.18', 1328, 472866.78, 4429273.71, 103.38);
insert into STATION values (2366, '2.19', 1328, 472862.43, 4429271.00, 102.48);
insert into STATION values (2367, '2.20', 1328, 472857.09, 4429267.55, 97.14);
insert into STATION values (2368, '2.21', 1328, 472842.04, 4429263.28, 92.95);
insert into STATION values (2369, '1.0', 1328, 472959.83, 4429091.40, 162.64);
insert into STATION values (2370, '1.1', 1328, 472958.97, 4429091.66, 162.64);
insert into STATION values (2371, '1.2', 1328, 472957.07, 4429093.06, 162.64);
insert into STATION values (2372, '1.3', 1328, 472956.11, 4429094.38, 162.64);
insert into STATION values (2373, '1.4', 1328, 472953.78, 4429094.88, 162.64);
insert into STATION values (2374, '1.5', 1328, 472952.44, 4429097.32, 162.64);
insert into STATION values (2375, '1.6', 1328, 472949.65, 4429101.47, 162.64);
insert into STATION values (2376, '1.7', 1328, 472952.62, 4429105.86, 162.64);
insert into STATION values (2377, '1.8', 1328, 472955.47, 4429110.57, 162.64);
insert into STATION values (2378, '1.9', 1328, 472961.98, 4429113.45, 162.64);
insert into STATION values (2379, '1.10', 1328, 472958.46, 4429138.91, 162.64);
insert into STATION values (2380, '1.11', 1328, 472948.41, 4429148.65, 162.40);
insert into STATION values (2381, '1.12', 1328, 472947.32, 4429156.58, 162.26);
insert into STATION values (2382, '1.13', 1328, 472948.20, 4429161.06, 162.18);
insert into STATION values (2383, '1.14', 1328, 472952.57, 4429166.62, 162.05);
insert into STATION values (2384, '1.15', 1328, 472948.30, 4429169.62, 161.96);
insert into STATION values (2385, '1.16', 1328, 472951.36, 4429182.77, 161.73);
insert into STATION values (2386, '1.17', 1328, 472942.70, 4429186.83, 161.56);
insert into STATION values (2387, '1.18', 1328, 472938.73, 4429205.72, 161.22);
insert into STATION values (2388, '1.19', 1328, 472923.89, 4429214.68, 160.92);
insert into STATION values (2389, '1.20', 1328, 472916.10, 4429225.07, 153.42);
insert into STATION values (2390, '1.21', 1328, 472912.12, 4429223.31, 153.42);
insert into STATION values (2391, '1.22', 1328, 472911.32, 4429226.84, 153.42);
insert into STATION values (2392, '1.23', 1328, 472910.48, 4429228.83, 155.43);
insert into STATION values (2393, '1.24', 1328, 472912.21, 4429231.70, 156.33);
insert into STATION values (2394, '1.25', 1328, 472907.31, 4429233.12, 156.33);
insert into STATION values (2395, '1.26', 1328, 472907.18, 4429237.21, 156.33);
insert into STATION values (2396, '1.27', 1328, 472904.18, 4429234.12, 153.42);
insert into STATION values (2397, '1.28', 1328, 472902.57, 4429240.64, 152.84);
insert into STATION values (2398, '1.29', 1328, 472898.00, 4429237.69, 151.48);
insert into STATION values (2399, '1.30', 1328, 472895.86, 4429237.00, 150.66);
insert into STATION values (2400, '1', 1334, 472890.74, 4429346.26, 228.29);
insert into STATION values (2401, '0', 1334, 472888.00, 4429344.00, 233.00);
insert into STATION_FLAG values(2401, 'ent');
insert into STATION values (2402, '2', 1334, 472885.30, 4429352.64, 215.85);
insert into STATION values (2403, '3', 1334, 472877.32, 4429359.46, 207.05);
insert into STATION values (2404, '4', 1334, 472868.11, 4429359.39, 203.69);
insert into STATION values (2405, '5', 1334, 472866.44, 4429357.56, 203.35);
insert into STATION values (2406, '6', 1334, 472866.15, 4429354.57, 200.00);
insert into STATION values (2407, '7', 1334, 472863.61, 4429354.81, 193.70);
insert into STATION values (2408, '8', 1334, 472857.18, 4429352.91, 189.34);
insert into STATION values (2409, '9', 1334, 472853.50, 4429350.39, 185.18);
insert into STATION values (2410, '10', 1334, 472850.96, 4429351.29, 185.18);
insert into STATION values (2411, '11', 1334, 472848.20, 4429350.68, 183.48);
insert into STATION values (2412, '12', 1334, 472844.54, 4429352.20, 182.42);
insert into STATION values (2413, '13', 1334, 472843.99, 4429350.22, 179.59);
insert into STATION values (2414, '14', 1334, 472839.31, 4429348.74, 175.17);
insert into STATION values (2415, '15', 1334, 472834.37, 4429349.22, 155.28);
insert into STATION values (2416, '16', 1334, 472826.56, 4429351.40, 143.26);
insert into STATION values (2417, '17', 1334, 472822.73, 4429354.34, 138.91);
insert into STATION values (2418, '18', 1334, 472819.21, 4429355.73, 130.41);
insert into STATION values (2419, '19', 1334, 472822.24, 4429358.91, 127.10);
insert into STATION values (2420, '20', 1334, 472822.24, 4429358.91, 120.00);
insert into STATION values (2421, '30', 1334, 472824.67, 4429361.06, 138.91);
insert into STATION values (2422, '31', 1334, 472822.26, 4429362.04, 124.14);
insert into STATION values (2423, '32', 1334, 472822.82, 4429363.97, 124.14);
insert into STATION values (2424, '33', 1334, 472822.82, 4429363.97, 99.14);
insert into STATION values (2425, '0', 1339, 471572.00, 4429671.00, 357.00);
insert into STATION_FLAG values(2425, 'ent');
insert into STATION values (2426, '1', 1339, 471566.67, 4429675.37, 355.78);
insert into STATION values (2427, '1A', 1339, 471566.67, 4429675.37, 338.78);
insert into STATION values (2428, '1B', 1339, 471566.67, 4429675.37, 338.28);
insert into STATION values (2429, '2', 1339, 471564.05, 4429677.53, 355.19);
insert into STATION values (2430, '3', 1339, 471558.90, 4429673.27, 354.84);
insert into STATION values (2431, '4', 1339, 471552.75, 4429677.17, 349.55);
insert into STATION values (2432, '5', 1339, 471546.77, 4429679.76, 351.79);
insert into STATION values (2433, '6', 1339, 471542.41, 4429682.32, 353.43);
insert into STATION values (2434, '7', 1339, 471546.02, 4429667.38, 353.97);
insert into STATION values (2435, '8', 1339, 471545.66, 4429658.53, 354.74);
insert into STATION values (2436, '9', 1339, 471541.49, 4429654.42, 354.44);
insert into STATION values (2437, '10', 1339, 471546.90, 4429643.13, 354.44);
insert into STATION values (2438, '11', 1339, 471546.83, 4429632.09, 353.86);
insert into STATION values (2439, '12', 1339, 471539.94, 4429623.39, 354.25);
insert into STATION values (2440, '13', 1339, 471537.17, 4429616.32, 354.38);
insert into STATION values (2441, '14', 1339, 471539.43, 4429610.88, 354.79);
insert into STATION values (2442, '15', 1339, 471540.92, 4429602.05, 355.42);
insert into STATION values (2443, 'ENT_205001', 1322, 468749.00, 4428616.00, 2.00);
insert into STATION_FLAG values(2443, 'fix');
insert into STATION values (2444, 'ENT_205002', 1322, 469246.00, 4429044.00, 183.00);
insert into STATION_FLAG values(2444, 'fix');
insert into STATION values (2445, 'ENT_205003', 1322, 472569.00, 4429495.00, 270.00);
insert into STATION_FLAG values(2445, 'fix');
insert into STATION values (2446, 'ENT_205004', 1322, 472991.00, 4429200.00, 250.00);
insert into STATION_FLAG values(2446, 'fix');
insert into STATION values (2447, 'ENT_205005', 1322, 472888.00, 4429344.00, 233.00);
insert into STATION_FLAG values(2447, 'fix');
insert into STATION values (2448, 'ENT_205006', 1322, 472675.00, 4429462.00, 245.00);
insert into STATION_FLAG values(2448, 'fix');
insert into STATION values (2449, 'ENT_205007', 1322, 472620.00, 4429466.00, 237.00);
insert into STATION_FLAG values(2449, 'fix');
insert into STATION values (2450, 'ENT_205008', 1322, 472373.00, 4429958.00, 300.00);
insert into STATION_FLAG values(2450, 'fix');
insert into STATION values (2451, 'ENT_205009', 1322, 472414.00, 4429499.00, 281.00);
insert into STATION_FLAG values(2451, 'fix');
insert into STATION values (2452, 'ENT_205010', 1322, 472798.00, 4429403.00, 260.00);
insert into STATION_FLAG values(2452, 'fix');
insert into STATION values (2453, 'ENT_205011', 1322, 472768.00, 4429435.00, 265.00);
insert into STATION_FLAG values(2453, 'fix');
insert into STATION values (2454, 'ENT_205012', 1322, 472890.00, 4429492.00, 294.00);
insert into STATION_FLAG values(2454, 'fix');
insert into STATION values (2455, 'ENT_205013', 1322, 472672.00, 4429457.00, 249.00);
insert into STATION_FLAG values(2455, 'fix');
insert into STATION values (2456, 'ENT_205014', 1322, 471557.00, 4429685.00, 399.00);
insert into STATION_FLAG values(2456, 'fix');
insert into STATION values (2457, 'ENT_205015', 1322, 472343.00, 4429312.00, 309.00);
insert into STATION_FLAG values(2457, 'fix');
insert into STATION values (2458, 'ENT_205016', 1322, 471527.00, 4429604.00, 415.00);
insert into STATION_FLAG values(2458, 'fix');
insert into STATION values (2459, 'ENT_205017', 1322, 471546.00, 4429667.00, 407.00);
insert into STATION_FLAG values(2459, 'fix');
insert into STATION values (2460, 'ENT_205018', 1322, 471601.00, 4429940.00, 413.00);
insert into STATION_FLAG values(2460, 'fix');
insert into STATION values (2461, 'ENT_205019', 1322, 471184.00, 4431010.00, 275.00);
insert into STATION_FLAG values(2461, 'fix');
insert into STATION values (2462, 'ENT_205020', 1322, 472620.00, 4429463.00, 249.00);
insert into STATION_FLAG values(2462, 'fix');
insert into STATION values (2463, 'ENT_205021', 1322, 474306.00, 4431894.00, 207.00);
insert into STATION_FLAG values(2463, 'fix');
insert into STATION values (2464, 'ENT_205022', 1322, 474215.00, 4431943.00, 230.00);
insert into STATION_FLAG values(2464, 'fix');
insert into STATION values (2465, 'ENT_205023', 1322, 474413.00, 4431894.00, 191.00);
insert into STATION_FLAG values(2465, 'fix');
insert into STATION values (2466, 'ENT_205024', 1322, 474282.00, 4432118.00, 190.00);
insert into STATION_FLAG values(2466, 'fix');
insert into STATION values (2467, 'ENT_205025', 1322, 474109.00, 4432134.00, 200.00);
insert into STATION_FLAG values(2467, 'fix');
insert into STATION values (2468, 'ENT_205026', 1322, 474488.00, 4432062.00, 170.00);
insert into STATION_FLAG values(2468, 'fix');
insert into STATION values (2469, 'ENT_205027', 1322, 470380.00, 4431713.00, 1.00);
insert into STATION_FLAG values(2469, 'fix');
insert into STATION values (2470, 'ENT_205028', 1322, 470163.00, 4431420.00, 2.00);
insert into STATION_FLAG values(2470, 'fix');
insert into STATION values (2471, 'ENT_205029', 1322, 470109.00, 4431220.00, 28.00);
insert into STATION_FLAG values(2471, 'fix');
insert into STATION values (2472, 'ENT_205030', 1322, 471491.00, 4431944.00, 20.00);
insert into STATION_FLAG values(2472, 'fix');
insert into STATION values (2473, 'ENT_205031', 1322, 471572.00, 4429671.00, 357.00);
insert into STATION_FLAG values(2473, 'fix');
insert into STATION values (2474, 'ENT_205032', 1322, 472373.00, 4429958.00, 301.00);
insert into STATION_FLAG values(2474, 'fix');
insert into STATION values (2475, 'ENT_205033', 1322, 472620.00, 4429466.00, 237.00);
insert into STATION_FLAG values(2475, 'fix');
insert into STATION values (2476, 'ENT_205034', 1322, 472414.00, 4429499.00, 281.00);
insert into STATION_FLAG values(2476, 'fix');
insert into STATION values (2477, 'ENT_205035', 1322, 471623.00, 4430070.00, 388.00);
insert into STATION_FLAG values(2477, 'fix');
insert into STATION values (2478, 'ENT_205036', 1322, 471645.00, 4430061.00, 360.00);
insert into STATION_FLAG values(2478, 'fix');
insert into STATION values (2479, 'ENT_205037', 1322, 471621.00, 4429939.00, 423.00);
insert into STATION_FLAG values(2479, 'fix');
insert into STATION values (2480, 'ENT_205038', 1322, 467673.00, 4428748.00, 6.00);
insert into STATION_FLAG values(2480, 'fix');
insert into STATION values (2481, 'PDC0', 1389, 475088.22, 4426304.72, 583.80);
insert into STATION values (2482, 'PDC1', 1389, 475087.31, 4426302.87, 584.24);
insert into STATION values (2483, 'PDC2', 1389, 475086.31, 4426302.77, 585.67);
insert into STATION values (2484, 'PDC3', 1389, 475085.90, 4426300.69, 595.63);
insert into STATION values (2485, 'PDC4', 1389, 475084.37, 4426298.60, 605.29);
insert into STATION values (2486, 'PDC5', 1389, 475082.79, 4426299.06, 605.82);
insert into STATION values (2487, 'PDC6', 1389, 475080.84, 4426299.44, 609.41);
insert into STATION values (2488, 'PDC7', 1389, 475072.02, 4426298.84, 615.60);
insert into STATION values (2489, 'PDC8', 1389, 475069.68, 4426298.89, 617.71);
insert into STATION values (2490, 'PDC9', 1389, 475067.48, 4426299.97, 615.99);
insert into STATION values (2491, 'PDC10', 1389, 475062.60, 4426296.04, 615.44);
insert into STATION values (2492, 'PDC11', 1389, 475069.23, 4426297.34, 619.27);
insert into STATION values (2493, 'PDC12', 1389, 475065.75, 4426299.88, 630.51);
insert into STATION values (2494, 'PDC13', 1389, 475070.74, 4426296.50, 618.26);
insert into STATION values (2495, 'PDC14', 1389, 475069.55, 4426294.07, 621.86);
insert into STATION values (2496, 'PDC15', 1389, 475069.24, 4426291.19, 623.74);
insert into STATION values (2497, 'PDC16', 1389, 475063.00, 4426287.00, 629.00);
insert into STATION_FLAG values(2497, 'ent');
insert into STATION values (2498, 'PM0', 1393, 475550.00, 4427985.00, 360.00);
insert into STATION_FLAG values(2498, 'ent');
insert into STATION values (2499, 'PM1', 1393, 475553.61, 4427979.63, 335.85);
insert into STATION values (2500, 'PM2', 1393, 475550.02, 4427986.13, 328.43);
insert into STATION values (2501, 'PM3', 1393, 475539.76, 4427998.86, 313.71);
insert into STATION values (2502, 'PM4', 1393, 475533.24, 4427989.93, 305.96);
insert into STATION values (2503, 'PM5', 1393, 475525.73, 4427986.91, 300.09);
insert into STATION values (2504, 'PM6', 1393, 475513.16, 4427987.16, 291.92);
insert into STATION values (2505, 'PM7', 1393, 475536.48, 4428001.63, 303.30);
insert into STATION values (2506, 'PM8', 1393, 475536.48, 4428001.63, 300.80);
insert into STATION values (2507, 'PM9', 1393, 475540.79, 4428009.07, 294.78);
insert into STATION values (2508, 'P80_0', 1397, 474992.00, 4427009.00, 519.00);
insert into STATION_FLAG values(2508, 'ent');
insert into STATION values (2509, 'P80_1', 1397, 474993.79, 4427013.87, 517.51);
insert into STATION values (2510, 'P80_2', 1397, 474994.60, 4427012.97, 500.15);
insert into STATION values (2511, 'P80_3', 1397, 474992.58, 4427010.21, 490.76);
insert into STATION values (2512, 'P80_4', 1397, 474991.60, 4427008.87, 480.29);
insert into STATION values (2513, 'P80_5', 1397, 474995.09, 4427012.34, 457.11);
insert into STATION values (2514, 'P80_6', 1397, 474996.95, 4427014.00, 456.84);
insert into STATION values (2515, 'P80_7', 1397, 474996.95, 4427014.00, 433.54);
insert into STATION values (2516, 'ZI1', 1401, 475017.00, 4427584.00, 380.00);
insert into STATION_FLAG values(2516, 'ent');
insert into STATION values (2517, 'ZI2', 1401, 475017.00, 4427584.00, 363.00);
insert into STATION values (2518, 'ZI3', 1401, 475017.00, 4427584.00, 341.00);
insert into STATION values (2519, 'ZI4', 1401, 475016.18, 4427576.34, 341.00);
insert into STATION values (2520, 'ZI5', 1401, 475016.18, 4427576.34, 326.30);
insert into STATION values (2521, 'ZI6', 1401, 475017.00, 4427584.00, 330.30);
insert into STATION values (2522, 'ZI7', 1401, 475016.05, 4427590.12, 326.43);
insert into STATION values (2523, 'ZI8', 1401, 475016.05, 4427590.12, 294.43);
insert into STATION values (2524, 'RI01', 1405, 474505.33, 4423265.43, 37.77);
insert into STATION values (2525, 'RI02', 1405, 474502.47, 4423266.48, 43.51);
insert into STATION values (2526, 'RI03', 1405, 474500.54, 4423266.21, 43.96);
insert into STATION values (2527, 'RI04', 1405, 474498.51, 4423267.08, 43.96);
insert into STATION values (2528, 'RI05', 1405, 474499.25, 4423270.50, 43.96);
insert into STATION values (2529, 'RI06', 1405, 474500.35, 4423269.63, 43.96);
insert into STATION values (2530, 'RI07', 1405, 474497.17, 4423271.20, 44.59);
insert into STATION values (2531, 'RI08', 1405, 474493.29, 4423271.07, 45.55);
insert into STATION values (2532, 'RI08a', 1405, 474494.01, 4423272.94, 45.55);
insert into STATION values (2533, 'RI08b', 1405, 474496.46, 4423279.28, 33.78);
insert into STATION values (2534, 'RI09', 1405, 474488.17, 4423257.82, 70.15);
insert into STATION values (2535, 'RI10', 1405, 474478.60, 4423249.25, 76.42);
insert into STATION values (2536, 'RI11', 1405, 474475.72, 4423247.59, 84.24);
insert into STATION values (2537, 'RI12', 1405, 474474.29, 4423248.27, 82.81);
insert into STATION values (2538, 'RI13', 1405, 474472.21, 4423251.79, 82.98);
insert into STATION values (2539, 'RI14', 1405, 474472.02, 4423261.07, 90.19);
insert into STATION values (2540, 'RI15', 1405, 474472.95, 4423265.09, 90.71);
insert into STATION values (2541, 'RI16', 1405, 474473.81, 4423267.25, 90.42);
insert into STATION values (2542, 'RI17', 1405, 474472.49, 4423268.12, 89.98);
insert into STATION values (2543, 'RI17a', 1405, 474469.49, 4423270.64, 89.55);
insert into STATION values (2544, 'RI18', 1405, 474470.63, 4423267.94, 90.25);
insert into STATION values (2545, 'RI19', 1405, 474465.79, 4423263.14, 88.14);
insert into STATION values (2546, 'RI20', 1405, 474462.56, 4423266.27, 99.27);
insert into STATION values (2547, 'RI21', 1405, 474462.56, 4423266.27, 110.77);
insert into STATION values (2548, 'RI22', 1405, 474468.40, 4423256.83, 93.25);
insert into STATION values (2549, 'RI23', 1405, 474466.88, 4423250.96, 90.99);
insert into STATION values (2550, 'RI24', 1405, 474468.20, 4423248.17, 86.28);
insert into STATION values (2551, 'RI25', 1405, 474468.20, 4423248.17, 54.48);
insert into STATION values (2552, 'RI27', 1405, 474464.15, 4423267.85, 100.13);
insert into STATION values (2553, 'RI28', 1405, 474462.39, 4423268.53, 101.26);
insert into STATION values (2554, 'RI29', 1405, 474465.32, 4423270.02, 103.16);
insert into STATION values (2555, 'RI30', 1405, 474462.00, 4423274.00, 105.00);
insert into STATION values (2556, 'RI31', 1405, 474462.00, 4423274.00, 120.00);
insert into STATION_FLAG values(2556, 'ent');
insert into STATION values (2557, 'MA0', 1405, 474474.06, 4423271.83, 133.03);
insert into STATION values (2558, 'MA1', 1405, 474469.11, 4423278.19, 138.26);
insert into STATION values (2559, 'MA2', 1405, 474463.23, 4423282.65, 138.78);
insert into STATION values (2560, 'MA3', 1405, 474456.94, 4423283.43, 140.24);
insert into STATION values (2561, 'MA4', 1405, 474453.06, 4423284.20, 140.79);
insert into STATION values (2562, 'MA5', 1405, 474446.53, 4423286.21, 141.75);
insert into STATION values (2563, 'MA6', 1405, 474442.37, 4423289.47, 138.70);
insert into STATION values (2564, 'MA7', 1405, 474439.10, 4423288.79, 135.12);
insert into STATION values (2565, 'MA8', 1405, 474442.24, 4423285.52, 131.83);
insert into STATION values (2566, 'MA9', 1405, 474447.45, 4423284.50, 129.24);
insert into STATION values (2567, 'MA10', 1405, 474450.40, 4423284.85, 118.86);
insert into STATION values (2568, 'MA11', 1405, 474450.93, 4423284.06, 113.45);
insert into STATION values (2569, 'MA12', 1405, 474452.73, 4423283.10, 109.77);
insert into STATION values (2570, 'MA13', 1405, 474452.77, 4423281.73, 105.80);
insert into STATION values (2571, 'MA14', 1405, 474453.39, 4423279.94, 105.67);
insert into STATION values (2572, 'MA15', 1405, 474451.38, 4423274.73, 105.18);
insert into STATION values (2573, 'MA16', 1405, 474452.50, 4423270.16, 102.98);
insert into STATION values (2574, 'gd2a1', 1411, 474946.00, 4424727.00, 340.00);
insert into STATION_FLAG values(2574, 'ent');
insert into STATION values (2575, 'gd2a2', 1411, 474946.54, 4424722.56, 329.62);
insert into STATION values (2576, 'gd2a3', 1411, 474945.62, 4424723.52, 314.20);
insert into STATION values (2577, 'gd2a4', 1411, 474948.34, 4424724.21, 313.16);
insert into STATION values (2578, 'gd2a5', 1411, 474948.66, 4424723.87, 305.68);
insert into STATION values (2579, 'gd2a6', 1411, 474943.62, 4424730.35, 299.94);
insert into STATION values (2580, 'gd2a7', 1411, 474945.90, 4424735.21, 295.44);
insert into STATION values (2581, 'gd2a8', 1411, 474944.94, 4424713.87, 317.73);
insert into STATION values (2582, 'gd2a9', 1411, 474943.19, 4424710.30, 318.22);
insert into STATION values (2583, 'gd2a10', 1411, 474940.52, 4424712.85, 292.63);
insert into STATION values (2584, 'gd2a11', 1411, 474937.66, 4424719.32, 293.89);
insert into STATION values (2585, 'gd2a12', 1411, 474938.39, 4424711.04, 292.09);
insert into STATION values (2586, 'gd2a13', 1411, 474929.99, 4424712.16, 268.54);
insert into STATION values (2587, 'gd2a14', 1411, 474928.40, 4424710.06, 267.89);
insert into STATION values (2588, 'gd2a15', 1411, 474927.32, 4424713.27, 260.02);
insert into STATION values (2589, 'gd2a16', 1411, 474925.37, 4424718.16, 249.56);
insert into STATION values (2590, 'gd2a17', 1411, 474927.36, 4424724.76, 246.94);
insert into STATION values (2591, 'gd2a18', 1411, 474925.96, 4424726.46, 241.57);
insert into STATION values (2592, 'gd2a19', 1411, 474927.69, 4424728.57, 241.53);
insert into STATION values (2593, 'gd2a19.1', 1411, 474927.00, 4424735.28, 232.90);
insert into STATION values (2594, 'gd2a19.2', 1411, 474923.02, 4424733.17, 219.01);
insert into STATION values (2595, 'gd2a19.3', 1411, 474922.58, 4424739.64, 208.21);
insert into STATION values (2596, 'gd2a19.4', 1411, 474917.64, 4424749.84, 189.35);
insert into STATION values (2597, 'gd2a19.5', 1411, 474915.54, 4424751.37, 182.21);
insert into STATION values (2598, 'gd2a19.6', 1411, 474914.82, 4424753.72, 178.44);
insert into STATION values (2599, 'gd2a19.7', 1411, 474913.40, 4424754.76, 176.67);
insert into STATION values (2600, 'gd2a19.8', 1411, 474911.39, 4424756.85, 169.11);
insert into STATION values (2601, 'gd2a19.9', 1411, 474911.39, 4424756.85, 159.81);
insert into STATION values (2602, 'GP01_1.0', 1417, 474990.00, 4425248.00, 437.00);
insert into STATION_FLAG values(2602, 'ent');
insert into STATION values (2603, 'GP01_1.1', 1417, 474990.01, 4425245.98, 421.67);
insert into STATION values (2604, 'GP01_1.2', 1417, 474990.02, 4425238.44, 418.69);
insert into STATION values (2605, 'GP01_1.3', 1417, 474988.78, 4425235.04, 416.12);
insert into STATION values (2606, 'GP01_1.4', 1417, 474989.62, 4425229.29, 416.68);
insert into STATION values (2607, 'GP01_1.5', 1417, 474990.25, 4425225.53, 420.54);
insert into STATION values (2608, 'GP01_1.6', 1417, 474991.05, 4425222.61, 422.41);
insert into STATION values (2609, 'GP01_1.7', 1417, 474986.47, 4425221.66, 416.69);
insert into STATION values (2610, 'GP01_1.8', 1417, 474986.92, 4425215.15, 419.23);
insert into STATION values (2611, 'GP01_1.9', 1417, 474987.52, 4425222.20, 427.04);
insert into STATION values (2612, 'GP01_1.8A', 1417, 474987.82, 4425210.39, 423.48);
insert into STATION values (2613, 'GP01_1.8D', 1417, 474982.51, 4425216.01, 419.73);
insert into STATION values (2614, 'GP01_1.10', 1417, 474978.24, 4425227.36, 411.99);
insert into STATION values (2615, 'GP01_1.11', 1417, 474978.32, 4425227.37, 414.09);
insert into STATION values (2616, 'GP01_1.12', 1417, 474978.91, 4425225.44, 416.21);
insert into STATION values (2617, 'GP01_1.13', 1417, 474978.09, 4425224.68, 410.97);
insert into STATION values (2618, 'GP01_1.14', 1417, 474975.85, 4425223.43, 415.94);
insert into STATION values (2619, 'GP01_1.15', 1417, 474978.09, 4425228.46, 421.33);
insert into STATION values (2620, 'GP01_1.16', 1417, 474979.20, 4425228.05, 424.11);
insert into STATION values (2621, 'GP01_1.17', 1417, 474982.89, 4425232.47, 421.67);
insert into STATION values (2622, 'GP01_1.18', 1417, 474981.25, 4425230.59, 420.97);
insert into STATION values (2623, 'GP01_1.8B', 1417, 474991.05, 4425206.33, 428.14);
insert into STATION values (2624, 'GP01_1.8C', 1417, 474991.64, 4425207.45, 431.55);
insert into STATION values (2625, 'GP01_1.8E', 1417, 474982.61, 4425207.76, 425.30);
insert into STATION values (2626, 'GP01_1.19', 1417, 474978.98, 4425229.88, 426.79);
insert into STATION values (2627, 'GP01_1.20', 1417, 474978.99, 4425233.11, 430.66);
insert into STATION values (2628, 'GP01_1.21', 1417, 474977.02, 4425233.51, 434.59);
insert into STATION values (2629, 'GP01_1.22', 1417, 474976.65, 4425236.31, 438.12);
insert into STATION values (2630, 'GP01_1.23', 1417, 474974.12, 4425238.59, 429.82);
insert into STATION values (2631, 'GP01_1.24', 1417, 474974.16, 4425237.20, 443.79);
insert into STATION values (2632, 'GP01_1.25', 1417, 474960.97, 4425231.03, 435.88);
insert into STATION values (2633, 'GP01_1.26', 1417, 474961.34, 4425231.03, 437.87);
insert into STATION values (2634, 'GP01_1.27', 1417, 474961.53, 4425231.53, 435.14);
insert into STATION values (2635, 'GP01_1.28', 1417, 474990.02, 4425240.37, 413.95);
insert into STATION values (2636, 'GP01_1.29', 1417, 474989.65, 4425239.84, 416.70);
insert into STATION values (2637, 'GP01_1.30', 1417, 474990.35, 4425238.31, 419.15);
insert into STATION values (2638, 'GP01_1.31', 1417, 474990.25, 4425238.48, 421.64);
insert into STATION values (2639, 'GP01_1.32', 1417, 474990.56, 4425234.96, 425.19);
insert into STATION values (2640, 'GP01_1.33', 1417, 474989.56, 4425235.47, 428.28);
insert into STATION values (2641, 'GP01_1.34', 1417, 474990.22, 4425233.20, 425.50);
insert into STATION values (2642, 'GP01_1.35', 1417, 474989.85, 4425231.88, 428.31);
insert into STATION values (2643, 'GP01_1.36', 1417, 474989.59, 4425232.06, 431.02);
insert into STATION values (2644, 'GP01_1.37', 1417, 474997.16, 4425231.42, 411.05);
insert into STATION values (2645, 'GP01_1.38', 1417, 474995.97, 4425231.80, 413.94);
insert into STATION values (2646, 'GP01_1.39', 1417, 474992.98, 4425232.09, 414.79);
insert into STATION values (2647, 'GP01_1.41', 1417, 474989.36, 4425229.33, 409.49);
insert into STATION values (2648, 'GP01_1.42', 1417, 474989.36, 4425229.33, 404.28);
insert into STATION values (2649, '100', 1423, 473872.00, 4428412.00, 140.00);
insert into STATION_FLAG values(2649, 'ent');
insert into STATION values (2650, '101', 1423, 473867.69, 4428415.15, 132.38);
insert into STATION values (2651, '102', 1423, 473850.25, 4428421.89, 132.71);
insert into STATION values (2652, '103', 1423, 473841.63, 4428425.22, 126.47);
insert into STATION values (2653, '104', 1423, 473837.70, 4428421.02, 123.79);
insert into STATION values (2654, '105', 1423, 473828.74, 4428427.80, 118.79);
insert into STATION values (2655, '106', 1423, 473819.50, 4428433.83, 110.17);
insert into STATION values (2656, '107', 1423, 473818.32, 4428430.43, 110.17);
insert into STATION values (2657, '108', 1423, 473820.87, 4428422.97, 107.91);
insert into STATION values (2658, '109', 1423, 473824.72, 4428415.38, 109.10);
insert into STATION values (2659, '110', 1423, 473825.60, 4428408.03, 109.10);
insert into STATION values (2660, '111', 1423, 473828.46, 4428389.70, 103.08);
insert into STATION values (2661, '112', 1423, 473829.26, 4428385.90, 99.19);
insert into STATION values (2662, '113', 1423, 473824.79, 4428384.80, 99.19);
insert into STATION values (2663, '114', 1423, 473821.75, 4428388.57, 96.39);
insert into STATION values (2664, '115', 1423, 473815.91, 4428389.20, 92.58);
insert into STATION values (2665, '116', 1423, 473811.16, 4428390.40, 88.16);
insert into STATION values (2666, '117', 1423, 473809.59, 4428389.18, 88.44);
insert into STATION values (2667, '118', 1423, 473812.65, 4428371.59, 92.89);
insert into STATION values (2668, '119', 1423, 473811.15, 4428361.04, 91.96);
insert into STATION values (2669, '120', 1423, 473812.21, 4428357.54, 90.33);
insert into STATION values (2670, '121', 1423, 473810.96, 4428353.97, 84.92);
insert into STATION values (2671, '122', 1423, 473810.96, 4428353.97, 78.02);
insert into STATION values (2672, '123', 1423, 473808.62, 4428332.15, 76.49);
insert into STATION values (2673, '124', 1423, 473808.86, 4428327.30, 77.70);
insert into STATION values (2674, '125', 1423, 473808.84, 4428326.88, 75.34);
insert into STATION values (2675, '126', 1423, 473808.77, 4428331.61, 64.20);
insert into STATION values (2676, '127', 1423, 473798.48, 4428335.18, 47.42);
insert into STATION values (2677, '128', 1423, 473789.98, 4428313.21, 42.84);
insert into STATION values (2678, '129', 1423, 473787.63, 4428311.31, 45.47);
insert into STATION values (2679, '130', 1423, 473783.82, 4428301.45, 43.80);
insert into STATION values (2680, '131', 1423, 473782.87, 4428298.53, 40.38);
insert into STATION values (2681, '132', 1423, 473779.81, 4428298.38, 34.87);
insert into STATION values (2682, '133', 1423, 473777.02, 4428295.69, 30.41);
insert into STATION values (2683, '134', 1423, 473772.50, 4428300.93, 28.82);
insert into STATION values (2684, '135', 1423, 473765.35, 4428317.07, 27.58);
insert into STATION values (2685, '136', 1423, 473757.56, 4428325.76, 26.77);
insert into STATION values (2686, '137', 1423, 473749.00, 4428318.61, 25.79);
insert into STATION values (2687, '138', 1423, 473746.37, 4428302.25, 24.92);
insert into STATION values (2688, '139', 1423, 473744.57, 4428292.21, 20.80);
insert into STATION values (2689, '200', 1423, 473815.91, 4428389.20, 92.58);
insert into STATION values (2690, '201', 1423, 473821.98, 4428386.73, 97.17);
insert into STATION values (2691, '202', 1423, 473826.89, 4428389.90, 99.77);
insert into STATION values (2692, '203', 1423, 473831.60, 4428388.98, 99.77);
insert into STATION values (2693, '204', 1423, 473831.60, 4428388.98, 122.07);
insert into STATION values (2694, '205', 1423, 473831.60, 4428388.98, 126.97);
insert into STATION values (2695, '206', 1423, 473835.19, 4428383.64, 134.63);
insert into STATION values (2696, '300', 1423, 473808.86, 4428327.30, 77.70);
insert into STATION values (2697, '301', 1423, 473806.90, 4428320.94, 75.54);
insert into STATION values (2698, '302', 1423, 473812.46, 4428312.00, 78.75);
insert into STATION values (2699, '303', 1423, 473808.69, 4428304.34, 77.09);
insert into STATION values (2700, '304', 1423, 473803.27, 4428295.71, 74.17);
insert into STATION values (2701, '305', 1423, 473807.53, 4428289.12, 73.21);
insert into STATION values (2702, '306', 1423, 473807.53, 4428289.12, 64.21);
insert into STATION values (2703, '307', 1423, 473812.38, 4428281.89, 62.36);
insert into STATION values (2704, '308', 1423, 473805.64, 4428279.85, 59.37);
insert into STATION values (2705, '309', 1423, 473794.31, 4428279.28, 52.82);
insert into STATION values (2706, '310', 1423, 473792.32, 4428277.95, 52.73);
insert into STATION values (2707, '311', 1423, 473784.44, 4428277.41, 35.79);
insert into STATION values (2708, '312', 1423, 473775.60, 4428290.58, 32.99);
insert into STATION values (2709, '313', 1423, 473769.17, 4428293.19, 30.73);
insert into STATION values (2710, '400', 1423, 473775.60, 4428290.58, 32.99);
insert into STATION values (2711, '401', 1423, 473754.08, 4428289.12, 36.79);
insert into STATION values (2712, '402', 1423, 473753.00, 4428282.39, 38.37);
insert into STATION values (2713, '403', 1423, 473743.42, 4428297.79, 31.77);
insert into STATION values (2714, '404', 1423, 473743.20, 4428286.67, 36.26);
insert into STATION values (2715, '405', 1423, 473743.01, 4428276.71, 37.13);
insert into STATION values (2716, '500', 1423, 473754.08, 4428289.12, 36.79);
insert into STATION values (2717, '501', 1423, 473746.39, 4428269.23, 43.31);
insert into STATION values (2718, '502', 1423, 473727.90, 4428254.33, 47.93);
insert into STATION values (2719, '503', 1423, 473723.23, 4428249.84, 52.81);
insert into STATION values (2720, '504', 1423, 473709.42, 4428258.19, 55.07);
insert into STATION values (2721, '505', 1423, 473704.36, 4428246.34, 58.77);
insert into STATION values (2722, '506', 1423, 473710.48, 4428237.55, 62.04);
insert into STATION values (2723, '507', 1423, 473701.24, 4428233.27, 64.39);
insert into STATION values (2724, '508', 1423, 473700.63, 4428226.44, 66.23);
insert into STATION values (2725, '509', 1423, 473703.46, 4428214.97, 75.47);
insert into STATION values (2726, '510', 1423, 473697.66, 4428208.99, 82.96);
insert into STATION values (2727, '511', 1423, 473702.18, 4428195.78, 95.10);
insert into STATION values (2728, '600', 1423, 473700.63, 4428226.44, 66.23);
insert into STATION values (2729, '601', 1423, 473693.77, 4428223.41, 66.23);
insert into STATION values (2730, '700', 1423, 473628.76, 4428179.10, 134.89);
insert into STATION values (2731, '701', 1423, 473638.10, 4428174.92, 135.78);
insert into STATION values (2732, '702', 1423, 473638.09, 4428170.14, 137.61);
insert into STATION values (2733, '703', 1423, 473640.88, 4428165.29, 137.71);
insert into STATION values (2734, '704', 1423, 473645.52, 4428163.31, 137.53);
insert into STATION values (2735, '705', 1423, 473650.79, 4428162.46, 137.44);
insert into STATION values (2736, '706', 1423, 473655.59, 4428160.41, 138.17);
insert into STATION values (2737, '707', 1423, 473658.46, 4428159.52, 139.45);
insert into STATION values (2738, '708', 1423, 473660.03, 4428157.00, 139.71);
insert into STATION values (2739, '709', 1423, 473660.27, 4428155.48, 140.24);
insert into STATION values (2740, '710', 1423, 473663.97, 4428154.41, 140.50);
insert into STATION values (2741, '711', 1423, 473664.17, 4428151.41, 141.15);
insert into STATION values (2742, '712', 1423, 473674.47, 4428149.75, 141.15);
insert into STATION values (2743, '713', 1423, 473684.18, 4428156.77, 135.30);
insert into STATION values (2744, '714', 1423, 473688.68, 4428169.07, 124.31);
insert into STATION values (2745, '715', 1423, 473696.62, 4428175.02, 115.99);
insert into STATION values (2746, '716', 1423, 473699.72, 4428181.07, 108.44);
insert into STATION values (2747, '717', 1423, 473697.20, 4428185.64, 104.92);
insert into STATION values (2748, '718', 1423, 473702.18, 4428195.78, 95.10);
insert into STATION values (2749, '800', 1423, 473628.76, 4428179.10, 134.89);
insert into STATION values (2750, '801', 1423, 473625.07, 4428179.50, 133.61);
insert into STATION values (2751, '802', 1423, 473618.66, 4428183.37, 131.60);
insert into STATION values (2752, '803', 1423, 473612.77, 4428182.45, 132.23);
insert into STATION values (2753, '804', 1423, 473609.85, 4428182.71, 131.66);
insert into STATION values (2754, '805', 1423, 473609.24, 4428180.58, 131.89);
insert into STATION values (2755, '806', 1423, 473594.64, 4428190.47, 130.35);
insert into STATION values (2756, '807', 1423, 473586.20, 4428195.77, 130.70);
insert into STATION values (2757, '808', 1423, 473582.68, 4428197.50, 130.01);
insert into STATION values (2758, '809', 1423, 473571.40, 4428200.97, 129.39);
insert into STATION values (2759, '810', 1423, 473567.55, 4428200.58, 129.59);
insert into STATION values (2760, '811', 1423, 473559.03, 4428198.79, 130.05);
insert into STATION values (2761, '812', 1423, 473555.63, 4428202.44, 127.50);
insert into STATION values (2762, '813', 1423, 473556.74, 4428209.31, 122.07);
insert into STATION values (2763, '814', 1423, 473555.45, 4428212.51, 119.74);
insert into STATION values (2764, '815', 1423, 473549.26, 4428217.04, 120.14);
insert into STATION values (2765, '816', 1423, 473547.69, 4428219.77, 118.93);
insert into STATION values (2766, '817', 1423, 473537.55, 4428220.86, 118.93);
insert into STATION values (2767, '818', 1423, 473531.15, 4428219.87, 121.29);
insert into STATION values (2768, '900', 1423, 473547.69, 4428219.77, 118.93);
insert into STATION values (2769, '901', 1423, 473550.66, 4428232.51, 127.75);
insert into STATION values (2770, '1000', 1423, 473535.35, 4428236.54, 120.99);
insert into STATION values (2771, '1001', 1423, 473537.07, 4428228.36, 117.27);
insert into STATION values (2772, '1002', 1423, 473536.17, 4428233.54, 115.66);
insert into STATION values (2773, '1003', 1423, 473553.84, 4428233.81, 112.54);
insert into STATION values (2774, '1004', 1423, 473554.61, 4428236.88, 116.74);
insert into STATION values (2775, '1005', 1423, 473565.17, 4428238.53, 114.86);
insert into STATION values (2776, '1006', 1423, 473565.85, 4428234.20, 115.32);
insert into STATION values (2777, '1007', 1423, 473573.21, 4428232.62, 113.72);
insert into STATION values (2778, '1008', 1423, 473574.74, 4428227.56, 114.09);
insert into STATION values (2779, '1009', 1423, 473574.18, 4428222.31, 116.12);
insert into STATION values (2780, '1010', 1423, 473579.94, 4428217.78, 119.08);
insert into STATION values (2781, '1011', 1423, 473588.18, 4428221.60, 117.31);
insert into STATION values (2782, '1012', 1423, 473589.53, 4428213.86, 120.49);
insert into STATION values (2783, '1013', 1423, 473580.64, 4428200.75, 113.77);
insert into STATION values (2784, '1100', 1423, 473537.96, 4428254.96, 119.73);
insert into STATION values (2785, '1101', 1423, 473526.98, 4428268.11, 118.23);
insert into STATION values (2786, '1102', 1423, 473522.38, 4428286.72, 111.26);
insert into STATION values (2787, '1103', 1423, 473520.79, 4428295.01, 106.38);
insert into STATION values (2788, '1104', 1423, 473520.66, 4428299.02, 107.46);
insert into STATION values (2789, '1105', 1423, 473520.66, 4428299.02, 104.56);
insert into STATION values (2790, '1106', 1423, 473517.07, 4428308.45, 101.66);
insert into STATION values (2791, '1107', 1423, 473512.43, 4428312.50, 101.66);
insert into STATION values (2792, '1108', 1423, 473512.97, 4428322.36, 100.10);
insert into STATION values (2793, '1109', 1423, 473510.04, 4428327.26, 97.67);
insert into STATION values (2794, '1110', 1423, 473506.65, 4428328.93, 101.46);
insert into STATION values (2795, '1111', 1423, 473507.01, 4428347.01, 93.40);
insert into STATION values (2796, '1112', 1423, 473505.51, 4428364.53, 85.94);
insert into STATION values (2797, '1113', 1423, 473508.47, 4428374.75, 78.21);
insert into STATION values (2798, '1114', 1423, 473506.93, 4428380.56, 79.49);
insert into STATION values (2799, '1115', 1423, 473509.44, 4428382.66, 77.28);
insert into STATION values (2800, '1116', 1423, 473511.38, 4428392.50, 75.15);
insert into STATION values (2801, '1117', 1423, 473510.13, 4428399.01, 72.34);
insert into STATION values (2802, '1118', 1423, 473510.13, 4428399.01, 68.64);
insert into STATION values (2803, '1119', 1423, 473506.52, 4428402.38, 65.79);
insert into STATION values (2804, '1200', 1423, 473537.96, 4428254.96, 119.73);
insert into STATION values (2805, '1201', 1423, 473543.64, 4428252.05, 120.07);
insert into STATION values (2806, '1202', 1423, 473535.35, 4428236.54, 120.99);
insert into STATION values (2807, '1203', 1423, 473531.15, 4428219.87, 121.29);
insert into STATION values (2808, '1204', 1423, 473523.64, 4428220.94, 121.82);
insert into STATION values (2809, '1205', 1423, 473518.68, 4428212.02, 122.35);
insert into STATION values (2810, '1206', 1423, 473519.97, 4428206.35, 122.15);
insert into STATION values (2811, '1207', 1423, 473517.36, 4428197.89, 119.44);
insert into STATION values (2812, '1208', 1423, 473514.49, 4428181.85, 120.87);
insert into STATION values (2813, '1209', 1423, 473508.42, 4428175.37, 121.49);
insert into STATION values (2814, '1210', 1423, 473511.67, 4428170.15, 121.49);
insert into STATION values (2815, '1211', 1423, 473505.25, 4428147.98, 123.10);
insert into STATION values (2816, '1212', 1423, 473498.60, 4428133.79, 124.75);
insert into STATION values (2817, '1213', 1423, 473489.53, 4428128.15, 123.25);
insert into STATION values (2818, '1300', 1423, 473432.34, 4428018.18, 129.67);
insert into STATION values (2819, '1301', 1423, 473441.63, 4428037.13, 139.07);
insert into STATION values (2820, '1302', 1423, 473447.09, 4428047.34, 141.11);
insert into STATION values (2821, '1303', 1423, 473459.34, 4428059.53, 135.16);
insert into STATION values (2822, '1304', 1423, 473447.88, 4428073.25, 128.66);
insert into STATION values (2823, '1305', 1423, 473459.02, 4428075.38, 130.66);
insert into STATION values (2824, '1306', 1423, 473463.24, 4428084.37, 127.24);
insert into STATION values (2825, '1307', 1423, 473469.70, 4428092.04, 127.59);
insert into STATION values (2826, '1308', 1423, 473473.66, 4428098.59, 128.66);
insert into STATION values (2827, '1309', 1423, 473478.35, 4428101.98, 126.08);
insert into STATION values (2828, '1310', 1423, 473482.41, 4428114.39, 129.58);
insert into STATION values (2829, '1311', 1423, 473488.12, 4428120.70, 131.24);
insert into STATION values (2830, '1312', 1423, 473493.75, 4428130.02, 127.49);
insert into STATION values (2831, '1313', 1423, 473498.60, 4428133.79, 124.75);
insert into STATION values (2832, '1400', 1423, 473520.66, 4428299.02, 104.56);
insert into STATION values (2833, '1401', 1423, 473526.41, 4428301.93, 100.53);
insert into STATION values (2834, '1402', 1423, 473525.26, 4428318.87, 99.64);
insert into STATION values (2835, '1500', 1423, 473505.51, 4428364.53, 85.94);
insert into STATION values (2836, '1501', 1423, 473517.88, 4428377.28, 77.66);
insert into STATION values (2837, '1502', 1423, 473534.54, 4428385.00, 71.69);
insert into STATION values (2838, '1503', 1423, 473548.06, 4428386.87, 63.16);
insert into STATION values (2839, '1504', 1423, 473552.24, 4428398.25, 56.16);
insert into STATION values (2840, '1600', 1423, 473589.53, 4428213.86, 120.49);
insert into STATION values (2841, '1601', 1423, 473607.11, 4428219.87, 111.82);
insert into STATION values (2842, '1602', 1423, 473625.79, 4428222.12, 104.22);
insert into STATION values (2843, '1603', 1423, 473625.79, 4428222.12, 94.02);
insert into STATION values (2844, '1604', 1423, 473635.30, 4428223.26, 91.63);
insert into STATION values (2845, '1605', 1423, 473637.23, 4428232.21, 88.30);
insert into STATION values (2846, '1606', 1423, 473644.26, 4428236.58, 85.12);
insert into STATION values (2847, '1700', 1423, 473486.48, 4428119.87, 212.04);
insert into STATION values (2848, '1701', 1423, 473491.59, 4428123.56, 212.04);
insert into STATION values (2849, '1702', 1423, 473491.59, 4428123.56, 199.89);
insert into STATION values (2850, '1703', 1423, 473491.59, 4428123.56, 193.38);
insert into STATION values (2851, '1704', 1423, 473491.59, 4428123.56, 173.10);
insert into STATION values (2852, '1705', 1423, 473494.82, 4428124.36, 170.21);
insert into STATION values (2853, '1706', 1423, 473494.82, 4428124.36, 145.81);
insert into STATION values (2854, '1707', 1423, 473494.56, 4428127.35, 141.35);
insert into STATION values (2855, '1708', 1423, 473496.17, 4428131.97, 129.25);
insert into STATION values (2856, '1709', 1423, 473498.60, 4428133.79, 124.75);
insert into STATION values (2857, '1800', 1423, 473459.34, 4428059.53, 135.16);
insert into STATION values (2858, '1801', 1423, 473454.61, 4428060.90, 134.29);
insert into STATION values (2859, '1802', 1423, 473456.09, 4428066.02, 132.96);
insert into STATION values (2860, '1803', 1423, 473456.09, 4428066.02, 146.96);
insert into STATION values (2861, '1804', 1423, 473460.68, 4428065.12, 164.45);
insert into STATION values (2862, '1805', 1423, 473456.66, 4428066.67, 195.14);
insert into STATION values (2863, '1806', 1423, 473456.43, 4428065.52, 208.59);
insert into STATION values (2864, '1807', 1423, 473458.19, 4428064.46, 214.23);
insert into STATION values (2865, '1808', 1423, 473462.95, 4428060.30, 222.62);
insert into STATION values (2866, '1900', 1423, 473754.08, 4428289.12, 36.79);
insert into STATION values (2867, '1901', 1423, 473757.82, 4428279.82, 38.92);
insert into STATION values (2868, '1902', 1423, 473764.54, 4428274.15, 38.62);
insert into STATION values (2869, '1903', 1423, 473768.49, 4428268.26, 38.25);
insert into STATION values (2870, '1904', 1423, 473773.19, 4428262.43, 41.74);
insert into STATION values (2871, '1905', 1423, 473783.56, 4428262.40, 43.94);
insert into STATION values (2872, '1906', 1423, 473782.88, 4428265.63, 43.94);
insert into STATION values (2873, '1907', 1423, 473781.04, 4428275.26, 38.95);
insert into STATION values (2874, '1908', 1423, 473789.80, 4428273.53, 37.85);
insert into STATION values (2875, '1909', 1423, 473794.29, 4428267.54, 43.70);
insert into STATION values (2876, 'ENT_206001', 1387, 476883.00, 4424327.00, 0.00);
insert into STATION_FLAG values(2876, 'fix');
insert into STATION values (2877, 'ENT_206002', 1387, 476461.00, 4423410.00, 0.00);
insert into STATION_FLAG values(2877, 'fix');
insert into STATION values (2878, 'ENT_206003', 1387, 475043.00, 4425186.00, 433.00);
insert into STATION_FLAG values(2878, 'fix');
insert into STATION values (2879, 'ENT_206004', 1387, 475107.00, 4425112.00, 429.00);
insert into STATION_FLAG values(2879, 'fix');
insert into STATION values (2880, 'ENT_206005', 1387, 475175.00, 4425192.00, 444.00);
insert into STATION_FLAG values(2880, 'fix');
insert into STATION values (2881, 'ENT_206006', 1387, 475069.00, 4425245.00, 452.00);
insert into STATION_FLAG values(2881, 'fix');
insert into STATION values (2882, 'ENT_206007', 1387, 475140.00, 4424860.00, 358.00);
insert into STATION_FLAG values(2882, 'fix');
insert into STATION values (2883, 'ENT_206008', 1387, 474961.00, 4425621.00, 457.00);
insert into STATION_FLAG values(2883, 'fix');
insert into STATION values (2884, 'ENT_206009', 1387, 474841.00, 4425409.00, 373.00);
insert into STATION_FLAG values(2884, 'fix');
insert into STATION values (2885, 'ENT_206010', 1387, 474836.00, 4425367.00, 380.00);
insert into STATION_FLAG values(2885, 'fix');
insert into STATION values (2886, 'ENT_206011', 1387, 474969.00, 4425554.00, 455.00);
insert into STATION_FLAG values(2886, 'fix');
insert into STATION values (2887, 'ENT_206012', 1387, 474969.00, 4424637.00, 338.00);
insert into STATION_FLAG values(2887, 'fix');
insert into STATION values (2888, 'ENT_206013', 1387, 474998.00, 4424705.00, 335.00);
insert into STATION_FLAG values(2888, 'fix');
insert into STATION values (2889, 'ENT_206014', 1387, 474477.00, 4423817.00, 365.00);
insert into STATION_FLAG values(2889, 'fix');
insert into STATION values (2890, 'ENT_206015', 1387, 474952.00, 4424624.00, 334.00);
insert into STATION_FLAG values(2890, 'fix');
insert into STATION values (2891, 'ENT_206016', 1387, 475187.00, 4426380.00, 669.00);
insert into STATION_FLAG values(2891, 'fix');
insert into STATION values (2892, 'ENT_206017', 1387, 475255.00, 4426406.00, 691.00);
insert into STATION_FLAG values(2892, 'fix');
insert into STATION values (2893, 'ENT_206018', 1387, 475361.00, 4426071.00, 679.00);
insert into STATION_FLAG values(2893, 'fix');
insert into STATION values (2894, 'ENT_206019', 1387, 475208.00, 4426189.00, 635.00);
insert into STATION_FLAG values(2894, 'fix');
insert into STATION values (2895, 'ENT_206020', 1387, 475205.00, 4426209.00, 632.00);
insert into STATION_FLAG values(2895, 'fix');
insert into STATION values (2896, 'ENT_206021', 1387, 475202.00, 4426174.00, 618.00);
insert into STATION_FLAG values(2896, 'fix');
insert into STATION values (2897, 'ENT_206022', 1387, 475202.00, 4426174.00, 618.00);
insert into STATION_FLAG values(2897, 'fix');
insert into STATION values (2898, 'ENT_206023', 1387, 475218.00, 4426185.00, 628.00);
insert into STATION_FLAG values(2898, 'fix');
insert into STATION values (2899, 'ENT_206024', 1387, 474458.00, 4427709.00, 214.00);
insert into STATION_FLAG values(2899, 'fix');
insert into STATION values (2900, 'ENT_206025', 1387, 475373.00, 4426432.00, 759.00);
insert into STATION_FLAG values(2900, 'fix');
insert into STATION values (2901, 'ENT_206026', 1387, 475365.00, 4426421.00, 745.00);
insert into STATION_FLAG values(2901, 'fix');
insert into STATION values (2902, 'ENT_206027', 1387, 475063.00, 4426287.00, 600.00);
insert into STATION_FLAG values(2902, 'fix');
insert into STATION values (2903, 'ENT_206028', 1387, 475063.00, 4426287.00, 629.00);
insert into STATION_FLAG values(2903, 'fix');
insert into STATION values (2904, 'ENT_206029', 1387, 475118.00, 4426181.00, 621.00);
insert into STATION_FLAG values(2904, 'fix');
insert into STATION values (2905, 'ENT_206030', 1387, 475065.00, 4426047.00, 584.00);
insert into STATION_FLAG values(2905, 'fix');
insert into STATION values (2906, 'ENT_206031', 1387, 474466.00, 4425996.00, 120.00);
insert into STATION_FLAG values(2906, 'fix');
insert into STATION values (2907, 'ENT_206032', 1387, 475106.00, 4425962.00, 579.00);
insert into STATION_FLAG values(2907, 'fix');
insert into STATION values (2908, 'ENT_206033', 1387, 475550.00, 4427985.00, 360.00);
insert into STATION_FLAG values(2908, 'fix');
insert into STATION values (2909, 'ENT_206034', 1387, 474992.00, 4427009.00, 519.00);
insert into STATION_FLAG values(2909, 'fix');
insert into STATION values (2910, 'ENT_206035', 1387, 475017.00, 4427584.00, 380.00);
insert into STATION_FLAG values(2910, 'fix');
insert into STATION values (2911, 'ENT_206036', 1387, 474963.00, 4427404.00, 398.00);
insert into STATION_FLAG values(2911, 'fix');
insert into STATION values (2912, 'ENT_206037', 1387, 475017.00, 4427584.00, 380.00);
insert into STATION_FLAG values(2912, 'fix');
insert into STATION values (2913, 'ENT_206038', 1387, 474946.00, 4427389.00, 396.00);
insert into STATION_FLAG values(2913, 'fix');
insert into STATION values (2914, 'ENT_206039', 1387, 474982.00, 4427513.00, 382.00);
insert into STATION_FLAG values(2914, 'fix');
insert into STATION values (2915, 'ENT_206040', 1387, 474462.00, 4423274.00, 120.00);
insert into STATION_FLAG values(2915, 'fix');
insert into STATION values (2916, 'ENT_206041', 1387, 474946.00, 4424727.00, 340.00);
insert into STATION_FLAG values(2916, 'fix');
insert into STATION values (2917, 'ENT_206042', 1387, 474990.00, 4425248.00, 437.00);
insert into STATION_FLAG values(2917, 'fix');
insert into STATION values (2918, 'ENT_206043', 1387, 473872.00, 4428412.00, 140.00);
insert into STATION_FLAG values(2918, 'fix');
insert into STATION values (2919, 'ENT_206044', 1387, 477682.00, 4426231.00, 0.00);
insert into STATION_FLAG values(2919, 'fix');
insert into STATION values (2920, 'PC0', 1446, 479447.76, 4428581.99, 143.90);
insert into STATION values (2921, 'PC1', 1446, 479443.69, 4428594.27, 145.26);
insert into STATION values (2922, 'PC2', 1446, 479438.05, 4428599.48, 144.72);
insert into STATION values (2923, 'PC3', 1446, 479430.01, 4428599.29, 141.14);
insert into STATION values (2924, 'PC4', 1446, 479421.21, 4428597.05, 136.51);
insert into STATION values (2925, 'PC5', 1446, 479412.76, 4428596.11, 136.21);
insert into STATION values (2926, 'PC6', 1446, 479401.07, 4428600.53, 136.21);
insert into STATION values (2927, 'PC7', 1446, 479394.73, 4428591.70, 141.05);
insert into STATION values (2928, 'PC8', 1446, 479386.41, 4428582.03, 138.57);
insert into STATION values (2929, 'PC9', 1446, 479384.82, 4428574.39, 138.71);
insert into STATION values (2930, 'PC10', 1446, 479379.00, 4428572.00, 141.00);
insert into STATION_FLAG values(2930, 'ent');
insert into STATION values (2931, 'PC11', 1446, 479372.58, 4428558.65, 137.58);
insert into STATION values (2932, 'PC100', 1446, 479339.01, 4428464.61, 141.37);
insert into STATION values (2933, 'PC101', 1446, 479341.62, 4428466.46, 141.37);
insert into STATION values (2934, 'PC102', 1446, 479350.39, 4428469.54, 141.20);
insert into STATION values (2935, 'PC103', 1446, 479347.99, 4428477.77, 141.80);
insert into STATION values (2936, 'PC104', 1446, 479352.63, 4428484.24, 137.20);
insert into STATION values (2937, 'PC105', 1446, 479348.19, 4428489.30, 138.15);
insert into STATION values (2938, 'PC106', 1446, 479346.13, 4428490.67, 138.95);
insert into STATION values (2939, 'PC107', 1446, 479346.13, 4428490.67, 140.95);
insert into STATION values (2940, 'PC108', 1446, 479347.19, 4428480.81, 139.05);
insert into STATION values (2941, 'PC109', 1446, 479350.07, 4428493.20, 135.65);
insert into STATION values (2942, 'PC200', 1446, 479351.01, 4428501.28, 131.14);
insert into STATION values (2943, 'PC201', 1446, 479346.54, 4428511.67, 135.71);
insert into STATION values (2944, 'PC202', 1446, 479352.14, 4428518.72, 132.06);
insert into STATION values (2945, 'PCA', 1446, 479346.54, 4428511.67, 139.71);
insert into STATION values (2946, 'PCB', 1446, 479357.05, 4428523.06, 139.71);
insert into STATION values (2947, 'PCC', 1446, 479357.85, 4428528.29, 139.34);
insert into STATION values (2948, 'PCD', 1446, 479361.52, 4428541.35, 141.25);
insert into STATION values (2949, 'PCE', 1446, 479366.76, 4428554.54, 140.75);
insert into STATION values (2950, '0', 1450, 479667.74, 4427696.00, 0.00);
insert into STATION_FLAG values(2950, 'ent');
insert into STATION values (2951, '1', 1450, 479667.40, 4427696.50, -0.80);
insert into STATION values (2952, '2', 1450, 479668.73, 4427701.11, -2.20);
insert into STATION values (2953, '3', 1450, 479670.02, 4427705.55, -4.10);
insert into STATION values (2954, '4', 1450, 479667.28, 4427713.58, -9.40);
insert into STATION values (2955, '5', 1450, 479664.19, 4427722.60, -12.40);
insert into STATION values (2956, '6', 1450, 479661.11, 4427731.63, -15.40);
insert into STATION values (2957, '7', 1450, 479658.24, 4427740.03, -20.00);
insert into STATION values (2958, '8', 1450, 479649.09, 4427766.80, -30.00);
insert into STATION values (2959, '9', 1450, 479638.88, 4427782.02, -38.00);
insert into STATION values (2960, '10', 1450, 479637.53, 4427801.95, -39.00);
insert into STATION values (2961, '11', 1450, 479635.84, 4427826.87, -40.00);
insert into STATION values (2962, '12', 1450, 479638.95, 4427837.61, -30.00);
insert into STATION values (2963, '13', 1450, 479649.98, 4427875.73, -25.00);
insert into STATION values (2964, '14', 1450, 479642.20, 4427879.55, -20.00);
insert into STATION values (2965, '15', 1450, 479639.51, 4427880.87, -24.00);
insert into STATION values (2966, '16', 1450, 479638.67, 4427877.99, -28.00);
insert into STATION values (2967, '17', 1450, 479631.19, 4427867.74, -36.00);
insert into STATION values (2968, '18', 1450, 479630.09, 4427872.19, -38.00);
insert into STATION values (2969, '19', 1450, 479624.55, 4427880.45, -39.00);
insert into STATION values (2970, '20', 1450, 479622.88, 4427882.94, -43.00);
insert into STATION values (2971, '21', 1450, 479619.48, 4427886.47, -44.00);
insert into STATION values (2972, '22', 1450, 479610.55, 4427890.85, -45.00);
insert into STATION values (2973, '23', 1450, 479609.88, 4427900.78, -46.00);
insert into STATION values (2974, '24', 1450, 479609.24, 4427910.30, -49.00);
insert into STATION values (2975, 'ENT_207001', 1444, 479379.00, 4428572.00, 141.00);
insert into STATION_FLAG values(2975, 'fix');
insert into STATION values (2976, 'ENT_207002', 1444, 479667.74, 4427696.00, 0.00);
insert into STATION_FLAG values(2976, 'fix');
insert into STATION values (2977, '0', 1458, 468816.09, 4427046.64, 57.17);
insert into STATION values (2978, '1', 1458, 468814.52, 4427057.19, 55.48);
insert into STATION values (2979, '2', 1458, 468812.56, 4427102.85, 55.48);
insert into STATION values (2980, '3', 1458, 468786.49, 4427147.17, 50.08);
insert into STATION values (2981, '10', 1458, 468793.30, 4427110.29, 50.08);
insert into STATION values (2982, '11', 1458, 468786.62, 4427074.41, 50.08);
insert into STATION values (2983, '12', 1458, 468786.48, 4427059.63, 54.04);
insert into STATION values (2984, '13', 1458, 468786.53, 4427054.08, 54.82);
insert into STATION values (2985, '4', 1458, 468793.96, 4427167.11, 50.08);
insert into STATION values (2986, '5', 1458, 468802.41, 4427193.82, 57.59);
insert into STATION values (2987, '6', 1458, 468792.46, 4427216.75, 57.15);
insert into STATION values (2988, '7', 1458, 468780.20, 4427234.62, 60.97);
insert into STATION values (2989, '8', 1458, 468773.90, 4427250.64, 69.00);
insert into STATION values (2990, '9', 1458, 468779.00, 4427269.00, 80.00);
insert into STATION_FLAG values(2990, 'ent');
insert into STATION values (2991, 'ENT_208001', 1456, 468779.00, 4427269.00, 80.00);
insert into STATION_FLAG values(2991, 'fix');
insert into STATION values (2992, 'ENT_208002', 1456, 468617.00, 4427344.00, 40.00);
insert into STATION_FLAG values(2992, 'fix');
insert into STATION values (2993, 'ENT_208003', 1456, 468950.00, 4428050.00, 20.00);
insert into STATION_FLAG values(2993, 'fix');
insert into STATION values (2994, 'ENT_208004', 1456, 470687.00, 4426335.00, 559.00);
insert into STATION_FLAG values(2994, 'fix');
insert into STATION values (2995, 'ENT_208005', 1456, 470676.00, 4426340.00, 561.00);
insert into STATION_FLAG values(2995, 'fix');
insert into STATION values (2996, '0', 1469, 473604.47, 4425934.45, 239.66);
insert into STATION values (2997, '1', 1469, 473605.01, 4425934.83, 243.41);
insert into STATION values (2998, '2', 1469, 473604.88, 4425932.76, 243.59);
insert into STATION values (2999, '3', 1469, 473601.96, 4425932.30, 245.85);
insert into STATION values (3000, '4', 1469, 473596.01, 4425934.00, 250.21);
insert into STATION values (3001, '5', 1469, 473595.33, 4425936.21, 249.71);
insert into STATION values (3002, '6', 1469, 473593.27, 4425934.89, 248.80);
insert into STATION values (3003, '7', 1469, 473591.73, 4425933.00, 248.80);
insert into STATION values (3004, '8', 1469, 473591.30, 4425929.56, 249.53);
insert into STATION values (3005, '9', 1469, 473588.28, 4425928.96, 250.47);
insert into STATION values (3006, '10', 1469, 473587.47, 4425930.62, 250.47);
insert into STATION values (3007, '14', 1469, 473583.60, 4425931.89, 250.76);
insert into STATION values (3008, '15', 1469, 473580.28, 4425927.58, 254.16);
insert into STATION values (3009, '16', 1469, 473578.85, 4425923.47, 258.22);
insert into STATION values (3010, '17', 1469, 473577.54, 4425920.54, 258.61);
insert into STATION values (3011, '18', 1469, 473572.79, 4425922.00, 259.76);
insert into STATION values (3012, '19', 1469, 473569.51, 4425925.94, 258.76);
insert into STATION values (3013, '20', 1469, 473570.19, 4425927.90, 258.47);
insert into STATION values (3014, '21', 1469, 473565.72, 4425931.28, 258.47);
insert into STATION values (3015, '17A', 1469, 473571.66, 4425912.78, 261.97);
insert into STATION values (3016, '19A', 1469, 473566.06, 4425914.03, 259.85);
insert into STATION values (3017, '17B', 1469, 473578.88, 4425926.29, 259.65);
insert into STATION values (3018, '17C', 1469, 473579.06, 4425935.39, 264.29);
insert into STATION values (3019, '6A', 1469, 473596.33, 4425937.91, 240.85);
insert into STATION values (3020, '2A', 1469, 473602.51, 4425931.90, 246.10);
insert into STATION values (3021, '2B', 1469, 473600.79, 4425935.85, 249.44);
insert into STATION values (3022, '2C', 1469, 473600.87, 4425938.48, 249.70);
insert into STATION values (3023, '2D', 1469, 473601.89, 4425940.32, 250.28);
insert into STATION values (3024, '2E', 1469, 473600.52, 4425943.98, 251.15);
insert into STATION values (3025, '2F', 1469, 473601.13, 4425946.10, 251.41);
insert into STATION values (3026, '2G', 1469, 473600.30, 4425949.61, 251.28);
insert into STATION values (3027, '2H', 1469, 473602.72, 4425951.03, 249.32);
insert into STATION values (3028, '2I', 1469, 473600.33, 4425958.45, 249.73);
insert into STATION values (3029, '2J', 1469, 473601.38, 4425962.61, 249.73);
insert into STATION values (3030, '2G0', 1469, 473597.92, 4425949.20, 254.03);
insert into STATION values (3031, '2G1', 1469, 473594.54, 4425946.51, 255.14);
insert into STATION values (3032, '2G2', 1469, 473591.82, 4425943.41, 256.98);
insert into STATION values (3033, '2G1A0', 1469, 473594.55, 4425946.57, 254.44);
insert into STATION values (3034, '2G1A', 1469, 473598.83, 4425947.63, 250.30);
insert into STATION values (3035, '2G1B', 1469, 473601.76, 4425946.20, 247.62);
insert into STATION values (3036, '2G1C', 1469, 473603.48, 4425946.31, 244.92);
insert into STATION values (3037, '2G1D', 1469, 473602.84, 4425948.74, 244.79);
insert into STATION values (3038, '2G1E', 1469, 473601.00, 4425947.23, 243.98);
insert into STATION values (3039, '2G1F', 1469, 473597.99, 4425944.56, 243.24);
insert into STATION values (3040, '2G1G', 1469, 473596.31, 4425937.85, 240.85);
insert into STATION values (3041, '201', 1469, 473605.25, 4425931.07, 243.99);
insert into STATION values (3042, '202', 1469, 473605.17, 4425928.44, 244.12);
insert into STATION values (3043, '203', 1469, 473607.51, 4425929.78, 243.79);
insert into STATION values (3044, '203A', 1469, 473613.59, 4425926.18, 236.47);
insert into STATION values (3045, '204', 1469, 473616.81, 4425928.82, 235.81);
insert into STATION values (3046, '205', 1469, 473618.26, 4425929.07, 231.77);
insert into STATION values (3047, '206', 1469, 473620.14, 4425928.56, 228.40);
insert into STATION values (3048, '207', 1469, 473624.44, 4425928.89, 227.40);
insert into STATION values (3049, '208', 1469, 473627.95, 4425928.55, 227.22);
insert into STATION values (3050, '209', 1469, 473627.80, 4425926.10, 227.35);
insert into STATION values (3051, '210', 1469, 473627.20, 4425921.31, 226.93);
insert into STATION values (3052, '211', 1469, 473627.20, 4425921.31, 220.13);
insert into STATION values (3053, '209A', 1469, 473627.80, 4425926.10, 219.65);
insert into STATION values (3054, '510', 1469, 473621.35, 4425911.61, 216.64);
insert into STATION values (3055, '511', 1469, 473621.35, 4425911.61, 220.16);
insert into STATION values (3056, '512', 1469, 473622.44, 4425909.25, 221.37);
insert into STATION values (3057, '513', 1469, 473625.10, 4425911.17, 222.69);
insert into STATION values (3058, '514', 1469, 473625.38, 4425913.16, 221.75);
insert into STATION values (3059, '515', 1469, 473630.03, 4425912.24, 219.44);
insert into STATION values (3060, '516', 1469, 473631.36, 4425917.34, 217.52);
insert into STATION values (3061, '517', 1469, 473627.90, 4425917.62, 218.45);
insert into STATION values (3062, 'D0', 1469, 473603.00, 4425884.71, 224.11);
insert into STATION values (3063, 'D1', 1469, 473603.14, 4425891.39, 224.82);
insert into STATION values (3064, 'D2', 1469, 473607.96, 4425895.42, 225.70);
insert into STATION values (3065, 'D3', 1469, 473608.27, 4425897.35, 226.87);
insert into STATION values (3066, 'D4', 1469, 473609.22, 4425897.96, 226.16);
insert into STATION values (3067, 'D5', 1469, 473611.78, 4425902.20, 226.25);
insert into STATION values (3068, 'D6', 1469, 473610.64, 4425903.57, 226.25);
insert into STATION values (3069, 'D7', 1469, 473606.92, 4425903.90, 226.64);
insert into STATION values (3070, 'D8', 1469, 473602.13, 4425907.66, 230.45);
insert into STATION values (3071, 'D9', 1469, 473601.81, 4425910.29, 232.04);
insert into STATION values (3072, 'D10', 1469, 473601.82, 4425912.97, 233.18);
insert into STATION values (3073, 'D11', 1469, 473599.77, 4425916.26, 233.65);
insert into STATION values (3074, 'D12', 1469, 473602.54, 4425919.01, 233.65);
insert into STATION values (3075, 'D13', 1469, 473608.72, 4425925.38, 234.90);
insert into STATION values (3076, 'D14', 1469, 473610.62, 4425927.09, 236.70);
insert into STATION values (3077, 'D15', 1469, 473610.38, 4425930.64, 237.71);
insert into STATION values (3078, 'D16', 1469, 473609.66, 4425931.89, 237.79);
insert into STATION values (3079, 'D17', 1469, 473604.48, 4425931.45, 237.79);
insert into STATION values (3080, 'D18', 1469, 473601.52, 4425936.83, 239.90);
insert into STATION values (3081, 'D19', 1469, 473601.25, 4425939.41, 240.85);
insert into STATION values (3082, 'D20A', 1469, 473605.46, 4425945.17, 240.85);
insert into STATION values (3083, 'E1', 1469, 473616.00, 4425884.00, 215.00);
insert into STATION_FLAG values(3083, 'ent');
insert into STATION values (3084, 'E2', 1469, 473622.66, 4425869.63, 205.11);
insert into STATION values (3085, 'E3', 1469, 473624.42, 4425866.17, 198.09);
insert into STATION values (3086, 'E4', 1469, 473626.60, 4425863.89, 194.58);
insert into STATION values (3087, 'E5', 1469, 473627.99, 4425864.93, 193.50);
insert into STATION values (3088, 'E6', 1469, 473630.19, 4425862.72, 191.70);
insert into STATION values (3089, 'E7', 1469, 473635.04, 4425860.45, 184.59);
insert into STATION values (3090, 'E8', 1469, 473636.30, 4425856.77, 182.06);
insert into STATION values (3091, 'E9', 1469, 473640.33, 4425857.69, 177.63);
insert into STATION values (3092, 'A', 1469, 473618.74, 4425888.89, 213.94);
insert into STATION values (3093, 'B', 1469, 473626.35, 4425891.94, 209.02);
insert into STATION values (3094, 'C', 1469, 473628.02, 4425893.58, 208.60);
insert into STATION values (3095, 'D', 1469, 473629.34, 4425894.43, 206.09);
insert into STATION values (3096, 'E', 1469, 473633.10, 4425895.72, 205.53);
insert into STATION values (3097, 'F', 1469, 473634.20, 4425896.58, 203.20);
insert into STATION values (3098, 'G', 1469, 473638.70, 4425893.17, 196.94);
insert into STATION values (3099, '0', 1475, 472922.00, 4425932.00, 436.00);
insert into STATION_FLAG values(3099, 'ent');
insert into STATION values (3100, '1', 1475, 472925.04, 4425930.16, 436.00);
insert into STATION values (3101, '2', 1475, 472925.05, 4425936.40, 436.33);
insert into STATION values (3102, '3', 1475, 472924.27, 4425939.83, 436.02);
insert into STATION values (3103, 'A', 1475, 472922.42, 4425939.02, 439.01);
insert into STATION values (3104, '4', 1475, 472926.98, 4425940.16, 435.83);
insert into STATION values (3105, '5', 1475, 472929.07, 4425939.27, 435.91);
insert into STATION values (3106, 'B1', 1475, 472929.78, 4425941.31, 436.69);
insert into STATION values (3107, 'B2', 1475, 472927.74, 4425943.29, 437.73);
insert into STATION values (3108, 'B3', 1475, 472927.74, 4425943.29, 447.99);
insert into STATION values (3109, 'B4', 1475, 472930.02, 4425944.11, 447.99);
insert into STATION values (3110, '6', 1475, 472930.65, 4425938.78, 436.05);
insert into STATION values (3111, '7', 1475, 472938.39, 4425940.27, 429.89);
insert into STATION values (3112, '8', 1475, 472941.03, 4425938.73, 428.47);
insert into STATION values (3113, '9', 1475, 472945.48, 4425937.36, 426.96);
insert into STATION values (3114, '10', 1475, 472948.87, 4425934.60, 426.88);
insert into STATION values (3115, '0', 1479, 471328.00, 4422992.00, 3.00);
insert into STATION_FLAG values(3115, 'ent');
insert into STATION values (3116, '1', 1479, 471319.40, 4422990.87, 3.30);
insert into STATION values (3117, 'A', 1479, 471316.39, 4422998.94, 0.17);
insert into STATION values (3118, '2', 1479, 471319.76, 4422984.86, 3.83);
insert into STATION values (3119, 'B', 1479, 471324.98, 4422972.23, 7.49);
insert into STATION values (3120, '3', 1479, 471309.32, 4422987.37, 4.77);
insert into STATION values (3121, '4', 1479, 471305.81, 4422984.16, 9.53);
insert into STATION values (3122, '5', 1479, 471302.70, 4422979.89, 11.06);
insert into STATION values (3123, '6', 1479, 471291.29, 4423004.97, 4.19);
insert into STATION values (3124, 'C', 1479, 471297.79, 4423000.67, 2.10);
insert into STATION values (3125, '7', 1479, 471288.32, 4423019.65, 2.08);
insert into STATION values (3126, '2.1', 1479, 471313.25, 4422964.48, 23.17);
insert into STATION values (3127, '2.2', 1479, 471313.80, 4422969.09, 18.52);
insert into STATION values (3128, '3.1', 1479, 471314.15, 4422966.70, 21.97);
insert into STATION values (3129, '3.2', 1479, 471317.70, 4422965.51, 23.88);
insert into STATION values (3130, '3.3', 1479, 471318.63, 4422963.79, 22.12);
insert into STATION values (3131, '3.4', 1479, 471321.77, 4422951.62, 28.52);
insert into STATION values (3132, 'S0', 1479, 471195.02, 4423116.81, -7.62);
insert into STATION values (3133, 'S1', 1479, 471200.74, 4423128.48, -7.62);
insert into STATION values (3134, 'S2', 1479, 471205.72, 4423127.94, -7.62);
insert into STATION values (3135, 'S3', 1479, 471209.14, 4423123.70, -10.12);
insert into STATION values (3136, 'S4', 1479, 471216.37, 4423118.42, -11.02);
insert into STATION values (3137, 'S5', 1479, 471218.49, 4423117.14, -12.72);
insert into STATION values (3138, 'S6', 1479, 471221.44, 4423114.56, -13.52);
insert into STATION values (3139, 'S7', 1479, 471223.74, 4423105.24, -16.32);
insert into STATION values (3140, 'S8', 1479, 471233.32, 4423098.24, -14.52);
insert into STATION values (3141, 'S9', 1479, 471234.67, 4423097.85, -19.32);
insert into STATION values (3142, 'S10', 1479, 471238.11, 4423094.28, -19.92);
insert into STATION values (3143, 'S11', 1479, 471242.56, 4423095.37, -21.92);
insert into STATION values (3144, 'S12', 1479, 471247.41, 4423096.57, -21.92);
insert into STATION values (3145, 'S13', 1479, 471257.02, 4423093.79, -21.92);
insert into STATION values (3146, 'S14', 1479, 471261.42, 4423092.52, -23.92);
insert into STATION values (3147, 'S15', 1479, 471268.21, 4423085.46, -21.92);
insert into STATION values (3148, 'S16', 1479, 471265.32, 4423082.68, -18.92);
insert into STATION values (3149, 'S17', 1479, 471266.50, 4423077.93, -17.92);
insert into STATION values (3150, 'S18', 1479, 471266.83, 4423073.04, -16.92);
insert into STATION values (3151, 'S19', 1479, 471269.38, 4423069.24, -14.92);
insert into STATION values (3152, 'S20', 1479, 471273.78, 4423067.08, -13.92);
insert into STATION values (3153, 'S21', 1479, 471276.51, 4423063.01, -12.92);
insert into STATION values (3154, 'S22', 1479, 471277.68, 4423058.25, -11.92);
insert into STATION values (3155, 'S23', 1479, 471275.53, 4423053.86, -10.92);
insert into STATION values (3156, 'S24', 1479, 471272.22, 4423050.68, -8.92);
insert into STATION values (3157, 'S25', 1479, 471276.63, 4423049.41, -6.92);
insert into STATION values (3158, 'S26', 1479, 471278.48, 4423045.22, -4.92);
insert into STATION values (3159, 'S27', 1479, 471281.27, 4423041.06, -4.92);
insert into STATION values (3160, 'S28', 1479, 471283.25, 4423036.58, -3.92);
insert into STATION values (3161, 'S29', 1479, 471286.64, 4423033.05, -2.92);
insert into STATION values (3162, 'S30', 1479, 471288.50, 4423028.86, -0.92);
insert into STATION values (3163, 'S31', 1479, 471287.17, 4423024.28, 0.58);
insert into STATION values (3164, '0', 1484, 473521.69, 4428262.42, 135.82);
insert into STATION values (3165, '-1', 1484, 473516.10, 4428260.51, 134.78);
insert into STATION values (3166, '1', 1484, 473521.80, 4428263.41, 135.82);
insert into STATION values (3167, '2', 1484, 473521.80, 4428263.41, 149.82);
insert into STATION values (3168, '3', 1484, 473523.62, 4428263.54, 160.16);
insert into STATION values (3169, '4', 1484, 473527.58, 4428264.15, 159.31);
insert into STATION values (3170, '5', 1484, 473527.58, 4428264.15, 177.81);
insert into STATION values (3171, '6', 1484, 473527.00, 4428264.00, 195.00);
insert into STATION_FLAG values(3171, 'ent');
insert into STATION values (3172, '0', 1488, 472980.03, 4428708.46, 110.43);
insert into STATION values (3173, '1', 1488, 472979.93, 4428703.13, 107.12);
insert into STATION values (3174, '2', 1488, 472980.66, 4428700.86, 108.84);
insert into STATION values (3175, '3', 1488, 472985.81, 4428698.68, 110.38);
insert into STATION values (3176, '4', 1488, 472985.03, 4428696.29, 115.24);
insert into STATION values (3177, '5', 1488, 472985.06, 4428696.22, 117.16);
insert into STATION values (3178, '6', 1488, 472982.41, 4428693.07, 117.71);
insert into STATION values (3179, '7', 1488, 472980.86, 4428694.63, 122.46);
insert into STATION values (3180, '8', 1488, 472980.67, 4428695.36, 127.03);
insert into STATION values (3181, '9', 1488, 472978.49, 4428694.16, 149.19);
insert into STATION values (3182, '10', 1488, 472980.00, 4428693.00, 154.00);
insert into STATION_FLAG values(3182, 'ent');
insert into STATION values (3183, 'GD-d', 1492, 473050.00, 4425902.00, 445.00);
insert into STATION_FLAG values(3183, 'ent');
insert into STATION values (3184, 'GD-c', 1492, 473047.72, 4425908.30, 440.81);
insert into STATION values (3185, 'GD-b', 1492, 473040.68, 4425912.72, 427.51);
insert into STATION values (3186, 'GD-0', 1492, 473040.68, 4425912.72, 412.49);
insert into STATION values (3187, 'GD-1', 1492, 473032.28, 4425915.31, 408.20);
insert into STATION values (3188, 'GD-2', 1492, 473032.28, 4425915.31, 404.85);
insert into STATION values (3189, 'GD-3', 1492, 473030.70, 4425909.83, 402.43);
insert into STATION values (3190, 'GD-4', 1492, 473028.72, 4425912.89, 399.78);
insert into STATION values (3191, 'GD-5', 1492, 473026.60, 4425914.55, 395.63);
insert into STATION values (3192, 'GD-a', 1492, 473024.62, 4425909.70, 393.13);
insert into STATION values (3193, 'GD-6', 1492, 473024.82, 4425916.28, 393.31);
insert into STATION values (3194, 'GD-7', 1492, 473024.17, 4425920.01, 393.64);
insert into STATION values (3195, 'GD-8', 1492, 473024.80, 4425922.97, 389.48);
insert into STATION values (3196, 'GD-9', 1492, 473022.66, 4425923.17, 389.25);
insert into STATION values (3197, 'GD-10', 1492, 473020.03, 4425924.57, 384.28);
insert into STATION values (3198, 'GD-11', 1492, 473017.06, 4425925.38, 375.34);
insert into STATION values (3199, 'GD-12', 1492, 473014.31, 4425921.75, 373.94);
insert into STATION values (3200, 'GD-13', 1492, 473011.17, 4425921.43, 366.52);
insert into STATION values (3201, 'GD-14', 1492, 473009.21, 4425926.85, 360.34);
insert into STATION values (3202, 'GD-15', 1492, 473007.05, 4425926.85, 360.72);
insert into STATION values (3203, 'GD-16', 1492, 473007.65, 4425931.11, 360.87);
insert into STATION values (3204, 'GD-17', 1492, 473009.14, 4425932.18, 360.38);
insert into STATION values (3205, 'GD-18', 1492, 473008.67, 4425934.25, 358.25);
insert into STATION values (3206, 'GD-19', 1492, 473006.35, 4425936.01, 356.50);
insert into STATION values (3207, 'GD-20', 1492, 472998.96, 4425935.51, 345.10);
insert into STATION values (3208, 'GD-21', 1492, 472998.96, 4425935.51, 335.10);
insert into STATION values (3209, 'GD-22', 1492, 472998.96, 4425935.51, 324.10);
insert into STATION values (3210, 'GD-23', 1492, 472992.25, 4425933.60, 324.71);
insert into STATION values (3211, 'GD-24', 1492, 472989.64, 4425931.10, 313.58);
insert into STATION values (3212, 'GD-25', 1492, 472990.13, 4425928.26, 310.80);
insert into STATION values (3213, 'GD-251', 1492, 472988.05, 4425921.06, 310.80);
insert into STATION values (3214, 'GD-252', 1492, 472988.05, 4425921.06, 306.80);
insert into STATION values (3215, 'GD-26', 1492, 472987.45, 4425919.10, 305.85);
insert into STATION values (3216, 'GD-27', 1492, 472985.44, 4425918.21, 297.64);
insert into STATION values (3217, 'GD-28', 1492, 472979.56, 4425896.49, 297.64);
insert into STATION values (3218, '36', 1492, 472977.07, 4425892.88, 281.26);
insert into STATION values (3219, '35', 1492, 472980.22, 4425899.17, 278.98);
insert into STATION values (3220, '34', 1492, 472979.89, 4425900.83, 278.36);
insert into STATION values (3221, '33', 1492, 472981.60, 4425906.56, 275.57);
insert into STATION values (3222, '32', 1492, 472984.23, 4425912.31, 271.92);
insert into STATION values (3223, '31', 1492, 472991.38, 4425915.71, 268.56);
insert into STATION values (3224, '30', 1492, 472990.87, 4425916.78, 264.12);
insert into STATION values (3225, '29', 1492, 472993.04, 4425921.52, 261.58);
insert into STATION values (3226, '28', 1492, 472991.99, 4425922.99, 261.51);
insert into STATION values (3227, '27', 1492, 472991.79, 4425924.56, 261.29);
insert into STATION values (3228, '26', 1492, 472989.86, 4425921.76, 261.29);
insert into STATION values (3229, '25', 1492, 472991.55, 4425928.25, 258.16);
insert into STATION values (3230, '24', 1492, 472989.01, 4425929.87, 257.24);
insert into STATION values (3231, '23', 1492, 472990.07, 4425932.70, 256.54);
insert into STATION values (3232, '22', 1492, 472988.36, 4425933.52, 256.54);
insert into STATION values (3233, '21', 1492, 472986.70, 4425931.51, 255.27);
insert into STATION values (3234, '20', 1492, 472985.60, 4425933.18, 255.20);
insert into STATION values (3235, '19', 1492, 472984.58, 4425941.00, 249.05);
insert into STATION values (3236, '18', 1492, 472992.37, 4425947.40, 245.77);
insert into STATION values (3237, '17', 1492, 472993.72, 4425947.64, 242.01);
insert into STATION values (3238, '16', 1492, 472993.21, 4425959.65, 239.89);
insert into STATION values (3239, '15', 1492, 472992.31, 4425960.71, 239.82);
insert into STATION values (3240, '14', 1492, 472989.92, 4425960.70, 239.61);
insert into STATION values (3241, '13', 1492, 472989.96, 4425961.69, 239.61);
insert into STATION values (3242, '12', 1492, 472988.82, 4425962.82, 239.61);
insert into STATION values (3243, '11', 1492, 472990.11, 4425964.83, 239.40);
insert into STATION values (3244, '10', 1492, 472988.90, 4425964.12, 239.40);
insert into STATION values (3245, '9', 1492, 472991.17, 4425967.41, 239.12);
insert into STATION values (3246, '8', 1492, 472989.18, 4425969.37, 238.93);
insert into STATION values (3247, '7', 1492, 472991.86, 4425970.37, 237.28);
insert into STATION values (3248, '6', 1492, 472990.54, 4425975.14, 236.58);
insert into STATION values (3249, '5', 1492, 472990.88, 4425977.11, 236.58);
insert into STATION values (3250, '4', 1492, 472986.71, 4425976.12, 235.19);
insert into STATION values (3251, '3', 1492, 472987.79, 4425978.48, 233.69);
insert into STATION values (3252, '2', 1492, 472985.32, 4425979.89, 227.85);
insert into STATION values (3253, '1', 1492, 472987.78, 4425986.44, 226.36);
insert into STATION values (3254, '0', 1492, 472989.09, 4425987.06, 221.89);
insert into STATION values (3255, '11a', 1492, 472988.70, 4425992.86, 220.87);
insert into STATION values (3256, '12a', 1492, 472986.85, 4426000.33, 219.65);
insert into STATION values (3257, '13a', 1492, 472985.51, 4426005.77, 216.15);
insert into STATION values (3258, '14a', 1492, 472983.15, 4426004.19, 215.90);
insert into STATION values (3259, '15a', 1492, 472981.72, 4426005.53, 214.53);
insert into STATION values (3260, '16a', 1492, 472981.11, 4426009.01, 212.88);
insert into STATION values (3261, '17a', 1492, 472981.58, 4426009.78, 211.81);
insert into STATION values (3262, '18a', 1492, 472981.26, 4426011.80, 210.98);
insert into STATION values (3263, '19a', 1492, 472979.83, 4426013.29, 211.35);
insert into STATION values (3264, '110', 1492, 472981.31, 4426015.17, 211.51);
insert into STATION values (3265, '111', 1492, 472980.39, 4426017.24, 209.25);
insert into STATION values (3266, '112', 1492, 472977.41, 4426017.99, 206.39);
insert into STATION values (3267, '113', 1492, 472981.50, 4426017.34, 205.66);
insert into STATION values (3268, '114', 1492, 472973.82, 4426022.94, 204.32);
insert into STATION values (3269, '115', 1492, 472976.13, 4426023.43, 202.47);
insert into STATION values (3270, '116', 1492, 472972.21, 4426031.51, 201.85);
insert into STATION values (3271, '117', 1492, 472971.02, 4426034.48, 201.85);
insert into STATION values (3272, '118', 1492, 472966.85, 4426037.00, 194.88);
insert into STATION values (3273, '119', 1492, 472963.40, 4426037.68, 193.74);
insert into STATION values (3274, '120', 1492, 472960.29, 4426038.87, 193.03);
insert into STATION values (3275, '121', 1492, 472963.77, 4426038.32, 191.61);
insert into STATION values (3276, '122', 1492, 472957.40, 4426043.32, 189.59);
insert into STATION values (3277, '123', 1492, 472957.01, 4426045.36, 189.03);
insert into STATION values (3278, '124', 1492, 472954.56, 4426049.01, 187.86);
insert into STATION values (3279, '125', 1492, 472953.60, 4426050.16, 187.86);
insert into STATION values (3280, '126', 1492, 472950.02, 4426052.15, 186.91);
insert into STATION values (3281, '127', 1492, 472952.73, 4426052.10, 187.39);
insert into STATION values (3282, '128', 1492, 472951.36, 4426054.14, 186.95);
insert into STATION values (3283, '129', 1492, 472951.80, 4426055.67, 187.07);
insert into STATION values (3284, '130', 1492, 472950.39, 4426056.46, 186.54);
insert into STATION values (3285, '131', 1492, 472949.10, 4426058.39, 185.60);
insert into STATION values (3286, '132', 1492, 472948.68, 4426060.07, 185.36);
insert into STATION values (3287, '133', 1492, 472947.99, 4426061.33, 184.95);
insert into STATION values (3288, '134', 1492, 472948.81, 4426068.96, 186.03);
insert into STATION values (3289, '135', 1492, 472947.44, 4426071.78, 185.59);
insert into STATION values (3290, '136', 1492, 472945.42, 4426071.28, 185.29);
insert into STATION values (3291, '137', 1492, 472943.47, 4426072.03, 184.61);
insert into STATION values (3292, '138', 1492, 472945.40, 4426071.72, 184.20);
insert into STATION values (3293, '139', 1492, 472943.81, 4426073.38, 184.20);
insert into STATION values (3294, '140', 1492, 472945.59, 4426074.82, 184.00);
insert into STATION values (3295, '141', 1492, 472945.17, 4426077.54, 183.51);
insert into STATION values (3296, '142', 1492, 472946.09, 4426075.79, 183.23);
insert into STATION values (3297, '143', 1492, 472944.61, 4426080.14, 182.26);
insert into STATION values (3298, '144', 1492, 472941.34, 4426080.49, 181.91);
insert into STATION values (3299, '145', 1492, 472939.84, 4426083.89, 181.39);
insert into STATION values (3300, '146', 1492, 472943.01, 4426087.40, 180.55);
insert into STATION values (3301, '147', 1492, 472942.04, 4426088.85, 180.55);
insert into STATION values (3302, '148', 1492, 472940.52, 4426087.63, 180.55);
insert into STATION values (3303, '149', 1492, 472940.30, 4426090.79, 180.11);
insert into STATION values (3304, '150', 1492, 472932.01, 4426096.84, 176.77);
insert into STATION values (3305, '151', 1492, 472932.62, 4426102.50, 176.37);
insert into STATION values (3306, '152', 1492, 472926.35, 4426103.17, 173.44);
insert into STATION values (3307, '153', 1492, 472929.17, 4426102.87, 170.61);
insert into STATION values (3308, '154', 1492, 472924.42, 4426104.15, 168.62);
insert into STATION values (3309, '155', 1492, 472927.15, 4426104.10, 169.62);
insert into STATION values (3310, '156', 1492, 472926.75, 4426105.70, 169.62);
insert into STATION values (3311, '1001', 1492, 472926.75, 4426105.70, 165.82);
insert into STATION values (3312, '1002', 1492, 472927.05, 4426108.52, 165.21);
insert into STATION values (3313, '1003', 1492, 472929.66, 4426110.44, 164.58);
insert into STATION values (3314, '1004', 1492, 472929.55, 4426112.73, 164.42);
insert into STATION values (3315, '1005', 1492, 472927.30, 4426115.15, 164.48);
insert into STATION values (3316, '1006', 1492, 472930.64, 4426119.39, 164.29);
insert into STATION values (3317, '1007', 1492, 472933.07, 4426120.37, 163.64);
insert into STATION values (3318, '1008', 1492, 472932.18, 4426122.36, 162.22);
insert into STATION values (3319, '1009', 1492, 472929.02, 4426121.81, 160.59);
insert into STATION values (3320, '1010', 1492, 472929.03, 4426125.36, 156.51);
insert into STATION values (3321, '1011', 1492, 472928.51, 4426127.07, 156.32);
insert into STATION values (3322, '1012', 1492, 472929.89, 4426131.82, 155.09);
insert into STATION values (3323, '1013', 1492, 472929.34, 4426133.63, 154.89);
insert into STATION values (3324, '1014', 1492, 472931.06, 4426135.41, 154.54);
insert into STATION values (3325, '1015', 1492, 472930.44, 4426140.59, 153.62);
insert into STATION values (3326, '1016', 1492, 472932.06, 4426143.62, 152.96);
insert into STATION values (3327, '1017', 1492, 472929.60, 4426145.48, 152.63);
insert into STATION values (3328, '1018', 1492, 472929.48, 4426149.17, 152.37);
insert into STATION values (3329, '1019', 1492, 472930.25, 4426151.40, 151.27);
insert into STATION values (3330, '1020', 1492, 472928.08, 4426155.34, 148.12);
insert into STATION values (3331, '1021', 1492, 472928.08, 4426155.34, 149.72);
insert into STATION values (3332, '1022', 1492, 472927.18, 4426158.73, 149.66);
insert into STATION values (3333, '1023', 1492, 472928.15, 4426160.47, 149.62);
insert into STATION values (3334, '1024', 1492, 472929.51, 4426161.32, 149.62);
insert into STATION values (3335, '1025', 1492, 472927.91, 4426163.10, 149.58);
insert into STATION values (3336, '1026', 1492, 472927.33, 4426165.64, 149.58);
insert into STATION values (3337, '1027', 1492, 472925.93, 4426167.05, 149.34);
insert into STATION values (3338, '1028', 1492, 472925.38, 4426169.67, 149.06);
insert into STATION values (3339, '1029', 1492, 472924.10, 4426170.45, 149.06);
insert into STATION values (3340, '1030', 1492, 472919.20, 4426172.15, 147.95);
insert into STATION values (3341, '1031', 1492, 472917.06, 4426174.62, 146.22);
insert into STATION values (3342, '1032', 1492, 472916.81, 4426179.62, 143.09);
insert into STATION values (3343, '1033', 1492, 472918.76, 4426181.85, 142.18);
insert into STATION values (3344, '1034', 1492, 472917.98, 4426184.27, 140.59);
insert into STATION values (3345, '1035', 1492, 472917.71, 4426183.32, 140.77);
insert into STATION values (3346, '1036', 1492, 472917.72, 4426188.72, 140.67);
insert into STATION values (3347, '1037', 1492, 472915.23, 4426188.82, 140.50);
insert into STATION values (3348, '1038', 1492, 472916.51, 4426191.96, 140.44);
insert into STATION values (3349, '1039', 1492, 472915.65, 4426194.63, 140.29);
insert into STATION values (3350, '1040', 1492, 472916.56, 4426196.27, 140.03);
insert into STATION values (3351, '1041', 1492, 472915.29, 4426197.07, 140.03);
insert into STATION values (3352, '1042', 1492, 472911.63, 4426209.95, 139.56);
insert into STATION values (3353, '1042B', 1492, 472910.71, 4426199.65, 141.38);
insert into STATION values (3354, '1043', 1492, 472911.41, 4426216.81, 136.79);
insert into STATION values (3355, 'GE', 1492, 473032.21, 4425925.52, 452.44);
insert into STATION values (3356, 'G0', 1492, 473032.21, 4425925.52, 450.44);
insert into STATION values (3357, 'G1', 1492, 473035.35, 4425925.01, 445.35);
insert into STATION values (3358, 'G2', 1492, 473036.37, 4425926.46, 444.41);
insert into STATION values (3359, 'G3', 1492, 473040.56, 4425926.45, 441.69);
insert into STATION values (3360, 'G4', 1492, 473041.73, 4425927.94, 441.07);
insert into STATION values (3361, 'G5', 1492, 473043.54, 4425927.65, 440.26);
insert into STATION values (3362, 'G6', 1492, 473044.17, 4425924.89, 439.28);
insert into STATION values (3363, 'G7', 1492, 473047.87, 4425928.09, 438.24);
insert into STATION values (3364, 'G8', 1492, 473050.74, 4425928.75, 437.67);
insert into STATION values (3365, 'G9', 1492, 473050.84, 4425927.77, 437.49);
insert into STATION values (3366, 'G10', 1492, 473052.81, 4425924.59, 436.06);
insert into STATION values (3367, 'G11', 1492, 473051.47, 4425923.11, 436.10);
insert into STATION values (3368, 'G12', 1492, 473049.67, 4425922.80, 435.28);
insert into STATION values (3369, 'G13', 1492, 473049.70, 4425921.10, 434.22);
insert into STATION values (3370, 'G14', 1492, 473048.99, 4425920.17, 432.60);
insert into STATION values (3371, 'PL0', 1500, 470986.65, 4424718.59, 259.75);
insert into STATION values (3372, 'PL1', 1500, 470989.24, 4424717.31, 263.20);
insert into STATION values (3373, 'PL2', 1500, 470996.78, 4424709.74, 268.88);
insert into STATION values (3374, 'PL3', 1500, 470996.78, 4424709.74, 289.69);
insert into STATION values (3375, 'PL4', 1500, 470996.78, 4424709.74, 311.99);
insert into STATION values (3376, 'PL5', 1500, 470996.78, 4424709.74, 322.39);
insert into STATION values (3377, 'PL6', 1500, 470996.78, 4424709.74, 343.69);
insert into STATION values (3378, 'PL7', 1500, 470997.28, 4424709.00, 350.94);
insert into STATION values (3379, 'PL8', 1500, 470997.28, 4424709.00, 355.84);
insert into STATION values (3380, 'PL9', 1500, 470997.28, 4424709.00, 361.64);
insert into STATION values (3381, 'PL10', 1500, 470997.00, 4424711.00, 367.50);
insert into STATION values (3382, 'PL11', 1500, 470997.00, 4424711.00, 380.00);
insert into STATION_FLAG values(3382, 'ent');
insert into STATION values (3383, 'PLCA0', 1504, 471308.82, 4425667.52, 314.43);
insert into STATION values (3384, 'PLCA1', 1504, 471308.82, 4425667.52, 317.43);
insert into STATION values (3385, 'PLCA2', 1504, 471310.74, 4425666.96, 317.43);
insert into STATION values (3386, 'PLCA3', 1504, 471310.74, 4425666.96, 320.43);
insert into STATION values (3387, 'PLC0a', 1504, 471316.51, 4425665.30, 320.43);
insert into STATION values (3388, 'PLC0', 1504, 471316.51, 4425665.30, 327.73);
insert into STATION values (3389, 'PLC1', 1504, 471311.92, 4425665.55, 332.33);
insert into STATION values (3390, 'PLC2', 1504, 471306.67, 4425657.81, 334.49);
insert into STATION values (3391, 'PLC3', 1504, 471310.31, 4425651.20, 337.69);
insert into STATION values (3392, 'PLC4', 1504, 471315.84, 4425650.60, 354.81);
insert into STATION values (3393, 'PLC5', 1504, 471316.56, 4425651.58, 363.42);
insert into STATION values (3394, 'PLC6', 1504, 471320.52, 4425651.85, 373.25);
insert into STATION values (3395, 'PLC7', 1504, 471325.68, 4425651.20, 390.28);
insert into STATION values (3396, 'PLC8', 1504, 471314.00, 4425650.00, 386.00);
insert into STATION_FLAG values(3396, 'ent');
insert into STATION values (3397, '0', 1508, 473098.32, 4426015.06, 377.21);
insert into STATION values (3398, '1', 1508, 473114.39, 4426007.85, 388.65);
insert into STATION values (3399, '2', 1508, 473119.77, 4426006.99, 399.34);
insert into STATION values (3400, '3', 1508, 473119.77, 4426006.99, 423.34);
insert into STATION values (3401, '4', 1508, 473117.57, 4426008.54, 435.03);
insert into STATION values (3402, '5', 1508, 473117.00, 4426008.00, 444.00);
insert into STATION_FLAG values(3402, 'ent');
insert into STATION values (3403, '1.0', 1512, 473117.95, 4426383.84, 406.48);
insert into STATION values (3404, '1.1', 1512, 473114.34, 4426382.25, 407.92);
insert into STATION values (3405, '1.2', 1512, 473111.62, 4426374.82, 409.89);
insert into STATION values (3406, '1.3', 1512, 473109.75, 4426370.65, 411.65);
insert into STATION values (3407, '1.A', 1512, 473111.25, 4426366.24, 412.81);
insert into STATION values (3408, '1.B', 1512, 473110.61, 4426363.24, 414.11);
insert into STATION values (3409, '1.C', 1512, 473110.73, 4426361.41, 413.95);
insert into STATION values (3410, '1.4', 1512, 473106.50, 4426368.63, 411.98);
insert into STATION values (3411, '1.AA', 1512, 473105.92, 4426369.88, 414.47);
insert into STATION values (3412, '1.BB', 1512, 473102.33, 4426375.44, 411.11);
insert into STATION values (3413, '1.5', 1512, 473102.16, 4426366.89, 412.47);
insert into STATION values (3414, '1.6', 1512, 473102.16, 4426365.33, 412.66);
insert into STATION values (3415, '1.7', 1512, 473101.67, 4426364.48, 412.66);
insert into STATION values (3416, '1.8', 1512, 473102.87, 4426363.54, 413.28);
insert into STATION values (3417, '1.9', 1512, 473101.66, 4426362.87, 411.23);
insert into STATION values (3418, '1.10', 1512, 473099.80, 4426359.40, 411.03);
insert into STATION values (3419, '1.11', 1512, 473102.22, 4426356.89, 412.58);
insert into STATION values (3420, '1.12', 1512, 473100.57, 4426357.88, 413.20);
insert into STATION values (3421, '1.13', 1512, 473100.12, 4426353.71, 415.44);
insert into STATION values (3422, '1.14', 1512, 473100.12, 4426353.71, 423.44);
insert into STATION values (3423, '1.15', 1512, 473099.27, 4426352.89, 424.85);
insert into STATION values (3424, '1.16', 1512, 473100.24, 4426351.13, 424.12);
insert into STATION values (3425, '1.17', 1512, 473098.90, 4426349.65, 425.52);
insert into STATION values (3426, '1.18', 1512, 473099.33, 4426347.75, 425.76);
insert into STATION values (3427, '1.19', 1512, 473097.59, 4426344.75, 428.77);
insert into STATION values (3428, '1.20', 1512, 473096.03, 4426343.25, 430.18);
insert into STATION values (3429, '1.21', 1512, 473095.54, 4426340.80, 437.06);
insert into STATION values (3430, '1.22', 1512, 473092.00, 4426338.14, 439.41);
insert into STATION values (3431, '1.23', 1512, 473091.35, 4426333.62, 439.33);
insert into STATION values (3432, '1.24', 1512, 473093.10, 4426331.80, 439.60);
insert into STATION values (3433, '1.25', 1512, 473094.07, 4426328.41, 440.16);
insert into STATION values (3434, '1.26', 1512, 473097.01, 4426327.27, 439.60);
insert into STATION values (3435, '1.27', 1512, 473095.06, 4426320.54, 442.58);
insert into STATION values (3436, '1.28', 1512, 473094.31, 4426317.78, 445.06);
insert into STATION values (3437, '1.29', 1512, 473096.77, 4426315.40, 444.27);
insert into STATION values (3438, '1.30', 1512, 473095.88, 4426309.84, 443.98);
insert into STATION values (3439, '1.31', 1512, 473093.00, 4426314.00, 452.00);
insert into STATION_FLAG values(3439, 'ent');
insert into STATION values (3440, '2.0', 1512, 473140.35, 4426399.69, 398.63);
insert into STATION values (3441, '2.1', 1512, 473140.70, 4426397.34, 404.99);
insert into STATION values (3442, '2.2', 1512, 473141.83, 4426393.06, 405.54);
insert into STATION values (3443, '2.3', 1512, 473142.49, 4426391.41, 406.22);
insert into STATION values (3444, '2.4', 1512, 473141.92, 4426388.02, 405.52);
insert into STATION values (3445, '2.5', 1512, 473140.88, 4426383.29, 406.16);
insert into STATION values (3446, '2.6', 1512, 473137.90, 4426382.92, 405.23);
insert into STATION values (3447, '2.7', 1512, 473133.90, 4426384.69, 405.63);
insert into STATION values (3448, '2.8', 1512, 473133.23, 4426380.20, 405.97);
insert into STATION values (3449, '2.9', 1512, 473132.20, 4426378.61, 406.14);
insert into STATION values (3450, '2.10', 1512, 473131.34, 4426376.79, 406.14);
insert into STATION values (3451, '2.11', 1512, 473129.31, 4426378.25, 405.87);
insert into STATION values (3452, '2.12', 1512, 473129.34, 4426379.95, 405.87);
insert into STATION values (3453, '2.13', 1512, 473128.45, 4426382.84, 406.06);
insert into STATION values (3454, '2.14', 1512, 473120.93, 4426382.57, 406.12);
insert into STATION values (3455, '2.16', 1512, 473138.90, 4426401.89, 398.19);
insert into STATION values (3456, '2.17', 1512, 473139.78, 4426403.89, 398.03);
insert into STATION values (3457, '2.18', 1512, 473140.95, 4426405.35, 397.83);
insert into STATION values (3458, '2.19', 1512, 473139.46, 4426406.50, 397.84);
insert into STATION values (3459, '2.20', 1512, 473141.34, 4426407.97, 397.93);
insert into STATION values (3460, '2.21', 1512, 473140.69, 4426410.29, 397.92);
insert into STATION values (3461, '2.22', 1512, 473142.20, 4426411.35, 397.89);
insert into STATION values (3462, '2.23', 1512, 473141.14, 4426416.12, 397.45);
insert into STATION values (3463, '2.24', 1512, 473143.56, 4426416.79, 396.66);
insert into STATION values (3464, '2.25', 1512, 473145.33, 4426418.31, 396.53);
insert into STATION values (3465, '2.26', 1512, 473144.81, 4426422.26, 399.19);
insert into STATION values (3466, '2.27', 1512, 473144.34, 4426426.13, 399.44);
insert into STATION values (3467, '2.28', 1512, 473145.65, 4426427.60, 398.89);
insert into STATION values (3468, '2.29', 1512, 473145.56, 4426430.47, 398.46);
insert into STATION values (3469, '2.30', 1512, 473145.95, 4426433.86, 388.06);
insert into STATION values (3470, '2.31', 1512, 473145.58, 4426437.92, 365.88);
insert into STATION values (3471, '2.32', 1512, 473144.26, 4426446.76, 360.52);
insert into STATION values (3472, '2.33', 1512, 473145.69, 4426448.02, 354.49);
insert into STATION values (3473, '2.34', 1512, 473144.17, 4426452.47, 357.53);
insert into STATION values (3474, '3.1', 1512, 473144.23, 4426455.46, 352.54);
insert into STATION values (3475, '3.2', 1512, 473144.60, 4426459.57, 342.34);
insert into STATION values (3476, '3.3', 1512, 473141.94, 4426461.59, 338.06);
insert into STATION values (3477, '3.4', 1512, 473140.71, 4426463.11, 337.68);
insert into STATION values (3478, '3.5', 1512, 473141.19, 4426465.14, 337.31);
insert into STATION values (3479, '3.6', 1512, 473141.64, 4426466.45, 337.51);
insert into STATION values (3480, '3.7', 1512, 473142.87, 4426467.48, 336.79);
insert into STATION values (3481, '3.8', 1512, 473140.82, 4426468.36, 336.79);
insert into STATION values (3482, '3.9', 1512, 473144.42, 4426472.48, 333.76);
insert into STATION values (3483, '3.10', 1512, 473144.42, 4426472.48, 328.97);
insert into STATION values (3484, '3.11', 1512, 473146.83, 4426473.50, 329.87);
insert into STATION values (3485, '3.12', 1512, 473147.53, 4426480.01, 330.90);
insert into STATION values (3486, '3.13', 1512, 473152.53, 4426485.94, 326.60);
insert into STATION values (3487, '3.14', 1512, 473155.89, 4426485.64, 326.36);
insert into STATION values (3488, '3.15', 1512, 473156.35, 4426487.95, 325.69);
insert into STATION values (3489, '3.16', 1512, 473157.98, 4426490.89, 324.72);
insert into STATION values (3490, '3.17', 1512, 473158.57, 4426493.21, 326.28);
insert into STATION values (3491, '3.18', 1512, 473161.39, 4426497.22, 326.70);
insert into STATION values (3492, '3.19', 1512, 473161.39, 4426497.22, 321.12);
insert into STATION values (3493, '3.20', 1512, 473161.43, 4426499.42, 316.98);
insert into STATION values (3494, '3.21', 1512, 473163.51, 4426503.31, 313.54);
insert into STATION values (3495, '3.22', 1512, 473160.73, 4426507.62, 305.01);
insert into STATION values (3496, '3.23', 1512, 473160.80, 4426511.06, 299.04);
insert into STATION values (3497, '3.24', 1512, 473160.80, 4426511.06, 294.69);
insert into STATION values (3498, '3.25', 1512, 473157.37, 4426510.21, 291.15);
insert into STATION values (3499, '3.26', 1512, 473155.00, 4426510.55, 287.87);
insert into STATION values (3500, '4.1', 1512, 473155.11, 4426508.79, 288.81);
insert into STATION values (3501, '4.2', 1512, 473151.91, 4426506.17, 282.91);
insert into STATION values (3502, '4.3', 1512, 473143.61, 4426499.38, 273.91);
insert into STATION values (3503, '4.4', 1512, 473141.51, 4426500.63, 272.77);
insert into STATION values (3504, '4.5', 1512, 473138.97, 4426498.89, 269.70);
insert into STATION values (3505, '4.6', 1512, 473132.24, 4426498.39, 258.00);
insert into STATION values (3506, '4.7', 1512, 473127.99, 4426492.47, 250.72);
insert into STATION values (3507, '4.8', 1512, 473125.17, 4426487.31, 251.23);
insert into STATION values (3508, '4.9', 1512, 473125.17, 4426487.31, 248.33);
insert into STATION values (3509, '4.10', 1512, 473124.35, 4426485.16, 248.33);
insert into STATION values (3510, '4.11', 1512, 473118.10, 4426484.69, 240.87);
insert into STATION values (3511, '4.12', 1512, 473107.73, 4426483.91, 222.85);
insert into STATION values (3512, '4.13', 1512, 473107.73, 4426483.91, 219.85);
insert into STATION values (3513, '4.14', 1512, 473104.54, 4426486.21, 219.51);
insert into STATION values (3514, '4.15', 1512, 473106.99, 4426487.88, 216.54);
insert into STATION values (3515, '4.16', 1512, 473105.31, 4426490.35, 214.81);
insert into STATION values (3516, '4.17', 1512, 473107.63, 4426491.40, 213.34);
insert into STATION values (3517, '4.18', 1512, 473104.74, 4426492.49, 212.51);
insert into STATION values (3518, '4.19', 1512, 473106.49, 4426494.20, 211.62);
insert into STATION values (3519, '4.20', 1512, 473105.44, 4426495.27, 211.62);
insert into STATION values (3520, '4.21', 1512, 473107.59, 4426497.37, 206.42);
insert into STATION values (3521, '4.22', 1512, 473104.50, 4426501.90, 202.58);
insert into STATION values (3522, '4.23', 1512, 473101.26, 4426504.23, 202.93);
insert into STATION values (3523, '4.24', 1512, 473103.49, 4426505.48, 202.48);
insert into STATION values (3524, '4.25', 1512, 473102.84, 4426508.04, 202.25);
insert into STATION values (3525, '4.26', 1512, 473104.64, 4426509.79, 200.80);
insert into STATION values (3526, '4.27', 1512, 473106.17, 4426512.38, 197.79);
insert into STATION values (3527, '4.28', 1512, 473107.22, 4426516.12, 197.45);
insert into STATION values (3528, '4.29', 1512, 473104.60, 4426521.92, 189.87);
insert into STATION values (3529, '4.30', 1512, 473104.60, 4426521.92, 191.87);
insert into STATION values (3530, '4.31', 1512, 473100.76, 4426521.29, 191.73);
insert into STATION values (3531, '4.32', 1512, 473101.76, 4426524.84, 191.54);
insert into STATION values (3532, '4.33', 1512, 473103.31, 4426527.47, 191.00);
insert into STATION values (3533, '4.34', 1512, 473104.77, 4426529.50, 191.00);
insert into STATION values (3534, '4.35', 1512, 473106.83, 4426530.66, 191.42);
insert into STATION values (3535, '4.36', 1512, 473106.01, 4426532.47, 190.49);
insert into STATION values (3536, '4.37', 1512, 473103.86, 4426533.51, 190.28);
insert into STATION values (3537, '4.38', 1512, 473103.10, 4426534.86, 189.71);
insert into STATION values (3538, '4.39', 1512, 473104.74, 4426536.83, 189.26);
insert into STATION values (3539, '4.40', 1512, 473101.32, 4426537.48, 188.00);
insert into STATION values (3540, '4.41', 1512, 473103.30, 4426539.10, 188.45);
insert into STATION values (3541, '4.42', 1512, 473097.90, 4426538.31, 187.25);
insert into STATION values (3542, '4.43', 1512, 473100.12, 4426544.21, 186.14);
insert into STATION values (3543, '4.44', 1512, 473101.72, 4426544.05, 186.14);
insert into STATION values (3544, '4.45', 1512, 473099.20, 4426547.47, 178.78);
insert into STATION values (3545, '4.46', 1512, 473096.52, 4426549.40, 178.66);
insert into STATION values (3546, '4.47', 1512, 473097.53, 4426554.75, 179.43);
insert into STATION values (3547, '4.48', 1512, 473094.07, 4426564.09, 178.56);
insert into STATION values (3548, '4.49', 1512, 473097.30, 4426567.84, 179.25);
insert into STATION values (3549, '4.50', 1512, 473095.10, 4426574.13, 177.09);
insert into STATION values (3550, 'ENT_209001', 1467, 473616.00, 4425884.00, 215.00);
insert into STATION_FLAG values(3550, 'fix');
insert into STATION values (3551, 'ENT_209002', 1467, 472922.00, 4425932.00, 436.00);
insert into STATION_FLAG values(3551, 'fix');
insert into STATION values (3552, 'ENT_209003', 1467, 473027.00, 4425922.00, 428.00);
insert into STATION_FLAG values(3552, 'fix');
insert into STATION values (3553, 'ENT_209004', 1467, 473027.00, 4425450.00, 334.00);
insert into STATION_FLAG values(3553, 'fix');
insert into STATION values (3554, 'ENT_209005', 1467, 473067.00, 4425846.00, 422.00);
insert into STATION_FLAG values(3554, 'fix');
insert into STATION values (3555, 'ENT_209006', 1467, 471328.00, 4422992.00, 3.00);
insert into STATION_FLAG values(3555, 'fix');
insert into STATION values (3556, 'ENT_209007', 1467, 473527.00, 4428264.00, 195.00);
insert into STATION_FLAG values(3556, 'fix');
insert into STATION values (3557, 'ENT_209009', 1467, 472980.00, 4428693.00, 154.00);
insert into STATION_FLAG values(3557, 'fix');
insert into STATION values (3558, 'ENT_209010', 1467, 473125.00, 4428203.00, 250.00);
insert into STATION_FLAG values(3558, 'fix');
insert into STATION values (3559, 'ENT_209011', 1467, 473050.00, 4425902.00, 445.00);
insert into STATION_FLAG values(3559, 'fix');
insert into STATION values (3560, 'ENT_209012', 1467, 473026.00, 4425860.00, 450.00);
insert into STATION_FLAG values(3560, 'fix');
insert into STATION values (3561, 'ENT_209013', 1467, 473542.00, 4426174.00, 357.00);
insert into STATION_FLAG values(3561, 'fix');
insert into STATION values (3562, 'ENT_209014', 1467, 470653.00, 4425395.00, 505.00);
insert into STATION_FLAG values(3562, 'fix');
insert into STATION values (3563, 'ENT_209015', 1467, 471149.00, 4425341.00, 412.00);
insert into STATION_FLAG values(3563, 'fix');
insert into STATION values (3564, 'ENT_209016', 1467, 470988.00, 4425143.00, 0.00);
insert into STATION_FLAG values(3564, 'fix');
insert into STATION values (3565, 'ENT_209017', 1467, 471051.00, 4425241.00, 428.00);
insert into STATION_FLAG values(3565, 'fix');
insert into STATION values (3566, 'ENT_209018', 1467, 471314.00, 4425512.00, 0.00);
insert into STATION_FLAG values(3566, 'fix');
insert into STATION values (3567, 'ENT_209019', 1467, 471049.00, 4425081.00, 413.00);
insert into STATION_FLAG values(3567, 'fix');
insert into STATION values (3568, 'ENT_209020', 1467, 470677.00, 4425348.00, 0.00);
insert into STATION_FLAG values(3568, 'fix');
insert into STATION values (3569, 'ENT_209021', 1467, 471014.00, 4425120.00, 0.00);
insert into STATION_FLAG values(3569, 'fix');
insert into STATION values (3570, 'ENT_209022', 1467, 471157.00, 4425311.00, 418.00);
insert into STATION_FLAG values(3570, 'fix');
insert into STATION values (3571, 'ENT_209023', 1467, 471349.00, 4425470.00, 0.00);
insert into STATION_FLAG values(3571, 'fix');
insert into STATION values (3572, 'ENT_209024', 1467, 471052.00, 4425189.00, 428.00);
insert into STATION_FLAG values(3572, 'fix');
insert into STATION values (3573, 'ENT_209025', 1467, 471078.00, 4425341.00, 451.00);
insert into STATION_FLAG values(3573, 'fix');
insert into STATION values (3574, 'ENT_209026', 1467, 471817.00, 4424205.00, 434.00);
insert into STATION_FLAG values(3574, 'fix');
insert into STATION values (3575, 'ENT_209027', 1467, 471827.00, 4424273.00, 433.00);
insert into STATION_FLAG values(3575, 'fix');
insert into STATION values (3576, 'ENT_209028', 1467, 471576.00, 4424536.00, 414.00);
insert into STATION_FLAG values(3576, 'fix');
insert into STATION values (3577, 'ENT_209029', 1467, 471504.00, 4425157.00, 359.00);
insert into STATION_FLAG values(3577, 'fix');
insert into STATION values (3578, 'ENT_209030', 1467, 471073.00, 4425289.00, 433.00);
insert into STATION_FLAG values(3578, 'fix');
insert into STATION values (3579, 'ENT_209031', 1467, 471511.00, 4425318.00, 347.00);
insert into STATION_FLAG values(3579, 'fix');
insert into STATION values (3580, 'ENT_209032', 1467, 471002.00, 4425391.00, 466.00);
insert into STATION_FLAG values(3580, 'fix');
insert into STATION values (3581, 'ENT_209033', 1467, 471288.00, 4425378.00, 370.00);
insert into STATION_FLAG values(3581, 'fix');
insert into STATION values (3582, 'ENT_209034', 1467, 473653.00, 4425395.00, 512.00);
insert into STATION_FLAG values(3582, 'fix');
insert into STATION values (3583, 'ENT_209035', 1467, 470677.00, 4425348.00, 0.00);
insert into STATION_FLAG values(3583, 'fix');
insert into STATION values (3584, 'ENT_209036', 1467, 471001.00, 4424711.00, 351.00);
insert into STATION_FLAG values(3584, 'fix');
insert into STATION values (3585, 'ENT_209037', 1467, 470986.00, 4424781.00, 393.00);
insert into STATION_FLAG values(3585, 'fix');
insert into STATION values (3586, 'ENT_209038', 1467, 471262.00, 4425085.00, 405.00);
insert into STATION_FLAG values(3586, 'fix');
insert into STATION values (3587, 'ENT_209039', 1467, 471238.00, 4424660.00, 368.00);
insert into STATION_FLAG values(3587, 'fix');
insert into STATION values (3588, 'ENT_209040', 1467, 470997.00, 4424711.00, 380.00);
insert into STATION_FLAG values(3588, 'fix');
insert into STATION values (3589, 'ENT_209041', 1467, 471314.00, 4425650.00, 386.00);
insert into STATION_FLAG values(3589, 'fix');
insert into STATION values (3590, 'ENT_209042', 1467, 470993.00, 4424746.00, 388.00);
insert into STATION_FLAG values(3590, 'fix');
insert into STATION values (3591, 'ENT_209043', 1467, 471486.00, 4424551.00, 364.00);
insert into STATION_FLAG values(3591, 'fix');
insert into STATION values (3592, 'ENT_209044', 1467, 471388.00, 4424669.00, 392.00);
insert into STATION_FLAG values(3592, 'fix');
insert into STATION values (3593, 'CampRobertoEst', 1467, 473067.00, 4426206.00, 486.00);
insert into STATION_FLAG values(3593, 'fix');
insert into STATION values (3594, 'ENT_209045', 1467, 472851.00, 4426016.00, 578.00);
insert into STATION_FLAG values(3594, 'fix');
insert into STATION values (3595, 'ENT_209046', 1467, 472846.00, 4425985.00, 583.00);
insert into STATION_FLAG values(3595, 'fix');
insert into STATION values (3596, 'ENT_209047', 1467, 472795.00, 4425923.00, 594.00);
insert into STATION_FLAG values(3596, 'fix');
insert into STATION values (3597, 'ENT_209048', 1467, 472783.00, 4425894.00, 609.00);
insert into STATION_FLAG values(3597, 'fix');
insert into STATION values (3598, 'ENT_209049', 1467, 472772.00, 4425818.00, 588.00);
insert into STATION_FLAG values(3598, 'fix');
insert into STATION values (3599, 'ENT_209050', 1467, 472828.00, 4425970.00, 592.00);
insert into STATION_FLAG values(3599, 'fix');
insert into STATION values (3600, 'ENT_209051', 1467, 472733.00, 4425773.00, 599.00);
insert into STATION_FLAG values(3600, 'fix');
insert into STATION values (3601, 'ENT_209052', 1467, 472721.00, 4425717.00, 573.00);
insert into STATION_FLAG values(3601, 'fix');
insert into STATION values (3602, 'ENT_209053', 1467, 473117.00, 4426008.00, 444.00);
insert into STATION_FLAG values(3602, 'fix');
insert into STATION values (3603, 'ENT_209054', 1467, 472926.00, 4426115.00, 548.00);
insert into STATION_FLAG values(3603, 'fix');
insert into STATION values (3604, 'ENT_209055', 1467, 473111.00, 4426060.00, 463.00);
insert into STATION_FLAG values(3604, 'fix');
insert into STATION values (3605, 'ENT_209056', 1467, 472712.00, 4426041.00, 673.00);
insert into STATION_FLAG values(3605, 'fix');
insert into STATION values (3606, 'ENT_209057', 1467, 473106.00, 4426027.00, 449.00);
insert into STATION_FLAG values(3606, 'fix');
insert into STATION values (3607, 'ENT_209058', 1467, 473093.00, 4426314.00, 452.00);
insert into STATION_FLAG values(3607, 'fix');
insert into STATION values (3608, 'FS0', 1536, 482476.00, 4427291.00, 0.00);
insert into STATION_FLAG values(3608, 'ent');
insert into STATION values (3609, 'FS1', 1536, 482469.61, 4427290.63, -0.22);
insert into STATION values (3610, 'FS2', 1536, 482473.77, 4427299.28, -0.56);
insert into STATION values (3611, 'FS3', 1536, 482474.15, 4427311.96, -1.00);
insert into STATION values (3612, 'FS4', 1536, 482475.23, 4427315.81, -1.00);
insert into STATION values (3613, 'FS5', 1536, 482476.44, 4427317.93, -1.22);
insert into STATION values (3614, 'FSa', 1536, 482477.80, 4427296.89, -0.97);
insert into STATION values (3615, 'FSb', 1536, 482481.22, 4427294.25, -1.81);
insert into STATION values (3616, 'FSA', 1536, 482472.08, 4427298.78, -1.27);
insert into STATION values (3617, 'ENT_210001', 1534, 482476.00, 4427291.00, 0.00);
insert into STATION_FLAG values(3617, 'fix');
insert into STATION values (3618, '0', 1545, 469361.70, 4421490.30, 380.51);
insert into STATION values (3619, '1', 1545, 469366.97, 4421488.36, 381.70);
insert into STATION values (3620, 'A', 1545, 469374.46, 4421485.47, 379.70);
insert into STATION values (3621, 'B', 1545, 469361.77, 4421481.74, 379.13);
insert into STATION values (3622, '2', 1545, 469366.17, 4421489.39, 381.70);
insert into STATION values (3623, '3', 1545, 469366.17, 4421489.39, 394.94);
insert into STATION values (3624, '4', 1545, 469363.54, 4421489.12, 397.24);
insert into STATION values (3625, 'C', 1545, 469374.16, 4421480.78, 397.24);
insert into STATION values (3626, 'D', 1545, 469360.90, 4421476.80, 397.24);
insert into STATION values (3627, '5', 1545, 469363.54, 4421489.12, 409.44);
insert into STATION values (3628, '6', 1545, 469367.93, 4421491.54, 411.77);
insert into STATION values (3629, '7', 1545, 469372.46, 4421494.14, 413.17);
insert into STATION values (3630, '8', 1545, 469369.99, 4421497.09, 411.62);
insert into STATION values (3631, '9', 1545, 469370.00, 4421499.18, 411.43);
insert into STATION values (3632, '10', 1545, 469367.00, 4421504.00, 407.00);
insert into STATION values (3633, '11', 1545, 469360.42, 4421501.22, 404.40);
insert into STATION values (3634, '12', 1545, 469353.69, 4421505.96, 395.26);
insert into STATION values (3635, '13', 1545, 469346.63, 4421504.48, 390.76);
insert into STATION values (3636, '14', 1545, 469343.20, 4421503.94, 388.23);
insert into STATION values (3637, '7''', 1545, 469374.86, 4421484.82, 418.04);
insert into STATION values (3638, '8''', 1545, 469382.45, 4421482.77, 423.54);
insert into STATION values (3639, '9''', 1545, 469386.95, 4421481.80, 427.84);
insert into STATION values (3640, '10''', 1545, 469393.29, 4421479.35, 431.45);
insert into STATION_FLAG values(3640, 'ent');
insert into STATION values (3641, '25', 1545, 469333.77, 4421510.57, 352.11);
insert into STATION values (3642, '24', 1545, 469336.26, 4421510.70, 352.33);
insert into STATION values (3643, '23', 1545, 469334.20, 4421507.14, 349.66);
insert into STATION values (3644, '22', 1545, 469344.17, 4421505.72, 351.80);
insert into STATION values (3645, '21', 1545, 469347.96, 4421501.64, 354.52);
insert into STATION values (3646, '20', 1545, 469353.53, 4421500.23, 351.47);
insert into STATION values (3647, '19', 1545, 469354.81, 4421496.26, 353.15);
insert into STATION values (3648, '18', 1545, 469354.81, 4421496.26, 357.95);
insert into STATION values (3649, '17', 1545, 469352.61, 4421493.84, 361.46);
insert into STATION values (3650, '16', 1545, 469360.70, 4421491.50, 364.03);
insert into STATION values (3651, '15', 1545, 469360.70, 4421491.50, 378.18);
insert into STATION values (3652, '1.0', 1545, 469333.77, 4421510.57, 305.61);
insert into STATION values (3653, '1.1', 1545, 469328.54, 4421515.15, 302.80);
insert into STATION values (3654, '1.2', 1545, 469329.07, 4421516.47, 300.51);
insert into STATION values (3655, '1.3', 1545, 469329.07, 4421516.47, 293.51);
insert into STATION values (3656, '1.4', 1545, 469333.66, 4421517.52, 293.51);
insert into STATION values (3657, '1.5', 1545, 469335.69, 4421522.51, 287.73);
insert into STATION values (3658, '1.6', 1545, 469339.08, 4421524.70, 287.02);
insert into STATION values (3659, '1.7', 1545, 469340.10, 4421524.31, 287.02);
insert into STATION values (3660, '1.8', 1545, 469341.51, 4421525.86, 285.66);
insert into STATION values (3661, '1.9', 1545, 469342.67, 4421525.10, 284.86);
insert into STATION values (3662, '1.10', 1545, 469345.87, 4421526.20, 283.63);
insert into STATION values (3663, '1.11', 1545, 469346.69, 4421527.74, 283.19);
insert into STATION values (3664, '1.12', 1545, 469348.63, 4421529.74, 273.48);
insert into STATION values (3665, '1.13', 1545, 469352.20, 4421531.47, 268.59);
insert into STATION values (3666, '1.14', 1545, 469352.32, 4421533.11, 269.54);
insert into STATION values (3667, '1.15', 1545, 469349.76, 4421537.07, 272.15);
insert into STATION values (3668, '1.16', 1545, 469350.62, 4421538.39, 273.39);
insert into STATION values (3669, '1.17', 1545, 469350.62, 4421538.39, 257.19);
insert into STATION values (3670, '1.18', 1545, 469352.16, 4421540.95, 254.68);
insert into STATION values (3671, '1.19', 1545, 469351.62, 4421542.54, 254.38);
insert into STATION values (3672, '1.20', 1545, 469353.99, 4421543.84, 254.38);
insert into STATION values (3673, '1.21', 1545, 469353.99, 4421543.84, 251.28);
insert into STATION values (3674, '1.22', 1545, 469354.82, 4421546.72, 251.28);
insert into STATION values (3675, '1.23', 1545, 469350.98, 4421548.78, 249.52);
insert into STATION values (3676, '1.24', 1545, 469348.93, 4421557.75, 245.62);
insert into STATION values (3677, '1.25', 1545, 469346.82, 4421558.97, 248.13);
insert into STATION values (3678, '1.26', 1545, 469345.86, 4421560.71, 243.22);
insert into STATION values (3679, '1.27', 1545, 469347.20, 4421562.29, 234.26);
insert into STATION values (3680, '1.28', 1545, 469344.96, 4421570.18, 234.26);
insert into STATION values (3681, 'Per', 1549, 469512.08, 4421918.88, 187.42);
insert into STATION values (3682, 'E', 1549, 469510.00, 4421914.00, 191.00);
insert into STATION_FLAG values(3682, 'ent');
insert into STATION values (3683, '1', 1549, 469513.80, 4421914.76, 194.61);
insert into STATION values (3684, '2', 1549, 469513.80, 4421914.76, 207.11);
insert into STATION values (3685, '3', 1549, 469517.51, 4421911.16, 206.84);
insert into STATION values (3686, '4', 1549, 469519.07, 4421910.02, 208.99);
insert into STATION values (3687, '5', 1549, 469523.40, 4421907.99, 215.81);
insert into STATION values (3688, '6', 1549, 469526.96, 4421903.42, 218.77);
insert into STATION values (3689, '7', 1549, 469530.83, 4421903.41, 228.34);
insert into STATION values (3690, '8', 1549, 469532.68, 4421899.01, 225.24);
insert into STATION values (3691, '9', 1549, 469537.08, 4421898.77, 241.66);
insert into STATION values (3692, '10', 1549, 469538.44, 4421893.65, 238.84);
insert into STATION values (3693, '11', 1549, 469540.23, 4421891.71, 238.43);
insert into STATION values (3694, '12', 1549, 469539.00, 4421889.20, 238.38);
insert into STATION values (3695, '13', 1549, 469539.00, 4421889.20, 245.00);
insert into STATION values (3696, '14', 1549, 469542.44, 4421886.40, 249.14);
insert into STATION values (3697, '15', 1549, 469544.71, 4421882.10, 254.17);
insert into STATION values (3698, '16', 1549, 469542.86, 4421880.44, 255.08);
insert into STATION values (3699, '17', 1549, 469547.17, 4421875.28, 259.12);
insert into STATION values (3700, '18', 1549, 469546.56, 4421874.51, 258.91);
insert into STATION values (3701, '19', 1549, 469550.42, 4421871.14, 254.13);
insert into STATION values (3702, '20', 1549, 469551.01, 4421867.74, 255.32);
insert into STATION values (3703, '21', 1549, 469552.41, 4421864.85, 258.12);
insert into STATION values (3704, '22', 1549, 469552.41, 4421864.85, 275.12);
insert into STATION values (3705, '23', 1549, 469555.05, 4421859.86, 274.02);
insert into STATION values (3706, '24', 1549, 469558.05, 4421857.59, 272.65);
insert into STATION values (3707, '25', 1549, 469558.92, 4421853.77, 274.65);
insert into STATION values (3708, '26', 1549, 469560.16, 4421854.29, 273.78);
insert into STATION values (3709, '27', 1549, 469560.68, 4421854.07, 273.57);
insert into STATION values (3710, '28', 1549, 469562.24, 4421854.83, 272.80);
insert into STATION values (3711, '29', 1549, 469564.05, 4421853.30, 271.84);
insert into STATION values (3712, '30', 1549, 469563.33, 4421848.81, 271.68);
insert into STATION values (3713, '31', 1549, 469565.52, 4421844.48, 273.94);
insert into STATION values (3714, '32', 1549, 469568.72, 4421846.55, 275.33);
insert into STATION values (3715, '33', 1549, 469570.30, 4421844.71, 276.12);
insert into STATION values (3716, '34', 1549, 469571.66, 4421843.96, 277.16);
insert into STATION values (3717, '35', 1549, 469571.66, 4421843.96, 289.16);
insert into STATION values (3718, '36', 1549, 469572.82, 4421837.91, 292.04);
insert into STATION values (3719, '36B', 1549, 469571.94, 4421833.81, 292.40);
insert into STATION values (3720, '37', 1549, 469576.93, 4421834.68, 292.22);
insert into STATION values (3721, '38', 1549, 469576.93, 4421834.68, 304.22);
insert into STATION values (3722, '39', 1549, 469580.64, 4421829.90, 301.00);
insert into STATION values (3723, '40', 1549, 469582.60, 4421825.88, 303.00);
insert into STATION values (3724, '41', 1549, 469581.01, 4421826.05, 302.88);
insert into STATION values (3725, '42', 1549, 469581.22, 4421824.01, 303.03);
insert into STATION values (3726, '43', 1549, 469582.97, 4421822.87, 302.88);
insert into STATION values (3727, '44', 1549, 469583.58, 4421820.59, 302.42);
insert into STATION values (3728, '45', 1549, 469584.64, 4421820.53, 301.36);
insert into STATION values (3729, '46', 1549, 469586.02, 4421820.00, 301.15);
insert into STATION values (3730, '47', 1549, 469587.19, 4421820.28, 301.24);
insert into STATION values (3731, '48', 1549, 469587.36, 4421818.83, 299.83);
insert into STATION values (3732, '49', 1549, 469588.93, 4421818.88, 300.49);
insert into STATION values (3733, '50', 1549, 469591.64, 4421815.00, 302.41);
insert into STATION values (3734, '51', 1549, 469589.55, 4421810.56, 306.67);
insert into STATION values (3735, '52', 1549, 469590.04, 4421808.97, 309.34);
insert into STATION values (3736, '53', 1549, 469591.84, 4421806.47, 311.84);
insert into STATION values (3737, '54', 1549, 469591.66, 4421805.02, 312.37);
insert into STATION values (3738, '55', 1549, 469590.41, 4421803.82, 310.37);
insert into STATION values (3739, '56', 1549, 469594.31, 4421801.65, 308.00);
insert into STATION values (3740, '101', 1549, 469518.45, 4421911.84, 204.19);
insert into STATION values (3741, '102', 1549, 469519.88, 4421907.89, 203.07);
insert into STATION values (3742, '103', 1549, 469520.03, 4421903.35, 205.69);
insert into STATION values (3743, 'B', 1549, 469565.98, 4421850.42, 273.84);
insert into STATION values (3744, 'A', 1549, 469567.02, 4421848.88, 284.38);
insert into STATION values (3745, '1.1', 1549, 469591.79, 4421799.39, 309.23);
insert into STATION values (3746, '1.2', 1549, 469590.82, 4421801.21, 306.78);
insert into STATION values (3747, '1.3', 1549, 469586.63, 4421802.50, 306.47);
insert into STATION values (3748, '1.4', 1549, 469584.67, 4421799.60, 306.47);
insert into STATION values (3749, '1.5', 1549, 469584.21, 4421800.19, 303.67);
insert into STATION values (3750, '1.6', 1549, 469582.18, 4421803.71, 300.26);
insert into STATION values (3751, '1.7', 1549, 469582.18, 4421803.71, 291.46);
insert into STATION values (3752, '1.8', 1549, 469581.14, 4421806.07, 288.40);
insert into STATION values (3753, '1.9', 1549, 469579.56, 4421806.99, 285.78);
insert into STATION values (3754, '1.10', 1549, 469575.68, 4421811.79, 278.42);
insert into STATION values (3755, '1.11', 1549, 469573.12, 4421816.08, 278.42);
insert into STATION values (3756, '2.0', 1549, 469495.71, 4421947.09, 163.02);
insert into STATION values (3757, '2.1', 1549, 469497.67, 4421946.70, 163.09);
insert into STATION values (3758, '2.2', 1549, 469497.19, 4421945.02, 163.15);
insert into STATION values (3759, '2.3', 1549, 469498.47, 4421944.18, 163.23);
insert into STATION values (3760, '2.4', 1549, 469499.06, 4421942.46, 164.28);
insert into STATION values (3761, '2.5', 1549, 469501.31, 4421938.69, 166.15);
insert into STATION values (3762, '2.6', 1549, 469503.84, 4421932.98, 169.76);
insert into STATION values (3763, '2.7', 1549, 469505.02, 4421930.54, 171.32);
insert into STATION values (3764, '2.8', 1549, 469502.87, 4421930.35, 172.57);
insert into STATION values (3765, '2.9', 1549, 469503.68, 4421925.70, 175.52);
insert into STATION values (3766, '2.10', 1549, 469507.26, 4421923.27, 178.02);
insert into STATION values (3767, '2.11', 1549, 469506.46, 4421919.86, 179.96);
insert into STATION values (3768, '2.12', 1549, 469507.68, 4421918.46, 180.71);
insert into STATION values (3769, '2.13', 1549, 469506.91, 4421915.63, 182.62);
insert into STATION values (3770, '2.14', 1549, 469510.09, 4421911.39, 187.38);
insert into STATION values (3771, '2.15', 1549, 469514.60, 4421907.85, 189.14);
insert into STATION values (3772, '2.16', 1549, 469516.07, 4421905.29, 194.70);
insert into STATION values (3773, '2.17', 1549, 469520.03, 4421903.35, 198.39);
insert into STATION values (3774, '0', 1554, 470293.35, 4421566.58, 19.93);
insert into STATION values (3775, 'A', 1554, 470289.94, 4421580.42, 17.41);
insert into STATION values (3776, '1', 1554, 470295.80, 4421556.66, 30.14);
insert into STATION values (3777, '2', 1554, 470291.72, 4421542.55, 42.47);
insert into STATION values (3778, '3', 1554, 470297.08, 4421531.49, 54.76);
insert into STATION values (3779, '4', 1554, 470302.00, 4421526.00, 73.00);
insert into STATION_FLAG values(3779, 'ent');
insert into STATION values (3780, 'A1', 1554, 470288.69, 4421584.06, 14.21);
insert into STATION values (3781, 'A2', 1554, 470286.48, 4421593.02, 9.21);
insert into STATION values (3782, 'A3', 1554, 470278.98, 4421604.19, 1.51);
insert into STATION values (3783, 'A4', 1554, 470275.41, 4421612.27, -1.99);
insert into STATION values (3784, 'A5', 1554, 470269.10, 4421624.72, -11.69);
insert into STATION values (3785, 'A6', 1554, 470267.17, 4421637.08, -17.99);
insert into STATION values (3786, 'A7', 1554, 470260.11, 4421665.69, -23.59);
insert into STATION values (3787, 'B0', 1554, 470293.93, 4421569.52, 19.93);
insert into STATION values (3788, 'B1', 1554, 470295.19, 4421569.16, 17.23);
insert into STATION values (3789, 'B2', 1554, 470288.46, 4421570.48, 18.63);
insert into STATION values (3790, 'B3', 1554, 470279.13, 4421561.52, 19.93);
insert into STATION values (3791, 'B4', 1554, 470268.28, 4421543.55, 20.43);
insert into STATION values (3792, 'B5', 1554, 470261.18, 4421541.12, 20.43);
insert into STATION values (3793, 'B6', 1554, 470256.95, 4421539.68, 16.43);
insert into STATION values (3794, 'B7', 1554, 470251.86, 4421535.58, 18.93);
insert into STATION values (3795, 'B8', 1554, 470247.15, 4421536.94, 19.93);
insert into STATION values (3796, 'B9', 1554, 470251.12, 4421532.01, 22.93);
insert into STATION values (3797, 'B10', 1554, 470250.84, 4421524.27, 20.93);
insert into STATION values (3798, 'B11', 1554, 470251.59, 4421516.89, 17.93);
insert into STATION values (3799, 'B12', 1554, 470246.92, 4421513.13, 9.93);
insert into STATION values (3800, 'B13', 1554, 470243.32, 4421503.80, 9.93);
insert into STATION values (3801, '0', 1559, 470298.00, 4421336.00, 10.00);
insert into STATION_FLAG values(3801, 'ent');
insert into STATION values (3802, '1', 1559, 470293.90, 4421333.19, 10.00);
insert into STATION values (3803, '2', 1559, 470298.13, 4421327.03, 11.32);
insert into STATION values (3804, '3', 1559, 470299.39, 4421310.85, 14.18);
insert into STATION values (3805, '4', 1559, 470299.68, 4421299.45, 14.18);
insert into STATION values (3806, '5', 1559, 470298.74, 4421295.56, 14.39);
insert into STATION values (3807, '6', 1559, 470300.29, 4421289.55, 14.93);
insert into STATION values (3808, 'A0', 1559, 470299.19, 4421297.51, 14.18);
insert into STATION values (3809, 'A1', 1559, 470296.93, 4421294.91, 11.28);
insert into STATION values (3810, 'A2', 1559, 470297.16, 4421293.96, 11.48);
insert into STATION values (3811, 'A3', 1559, 470296.22, 4421290.71, 10.58);
insert into STATION values (3812, 'A4', 1559, 470294.40, 4421290.91, 9.78);
insert into STATION values (3813, 'A5', 1559, 470294.99, 4421291.11, 11.68);
insert into STATION values (3814, 'A6', 1559, 470295.39, 4421289.50, 14.18);
insert into STATION values (3815, 'A7', 1559, 470293.47, 4421279.74, 15.18);
insert into STATION values (3816, '0', 1564, 470940.00, 4420800.00, 30.00);
insert into STATION_FLAG values(3816, 'ent');
insert into STATION values (3817, '1', 1564, 470934.77, 4420807.23, 26.75);
insert into STATION values (3818, '2', 1564, 470911.17, 4420824.47, 37.39);
insert into STATION values (3819, '3', 1564, 470903.58, 4420830.01, 40.81);
insert into STATION values (3820, '4', 1564, 470903.58, 4420830.01, 35.81);
insert into STATION values (3821, '0', 1568, 469283.00, 4422857.00, 392.00);
insert into STATION_FLAG values(3821, 'ent');
insert into STATION values (3822, 'FOND', 1568, 469283.00, 4422857.00, 347.00);
insert into STATION values (3823, '0', 1588, 469813.64, 4422772.44, 254.10);
insert into STATION values (3824, '1', 1588, 469813.07, 4422766.42, 259.73);
insert into STATION values (3825, '2', 1588, 469811.53, 4422760.84, 263.49);
insert into STATION values (3826, 'a', 1588, 469809.17, 4422756.46, 261.48);
insert into STATION values (3827, '3', 1588, 469811.53, 4422760.84, 280.57);
insert into STATION values (3828, '4', 1588, 469811.53, 4422760.84, 293.07);
insert into STATION values (3829, '5', 1588, 469809.00, 4422763.00, 298.00);
insert into STATION_FLAG values(3829, 'ent');
insert into STATION values (3830, '0', 1592, 469947.47, 4422845.79, 301.58);
insert into STATION_FLAG values(3830, 'ent');
insert into STATION values (3831, '1', 1592, 469947.57, 4422843.74, 303.94);
insert into STATION values (3832, '2', 1592, 469948.88, 4422844.83, 304.77);
insert into STATION values (3833, '3', 1592, 469949.18, 4422844.01, 305.43);
insert into STATION values (3834, '4', 1592, 469948.75, 4422845.44, 307.73);
insert into STATION values (3835, '5', 1592, 469950.00, 4422849.00, 310.00);
insert into STATION values (3836, '6', 1592, 469951.18, 4422848.10, 314.86);
insert into STATION values (3837, '7', 1592, 469952.75, 4422846.39, 318.31);
insert into STATION values (3838, '8', 1592, 469952.77, 4422844.80, 326.45);
insert into STATION values (3839, '9', 1592, 469951.53, 4422838.04, 333.57);
insert into STATION values (3840, '0', 1596, 468214.00, 4423045.00, 339.00);
insert into STATION_FLAG values(3840, 'ent');
insert into STATION values (3841, '1', 1596, 468213.57, 4423050.30, 337.58);
insert into STATION values (3842, '2', 1596, 468216.07, 4423059.36, 334.16);
insert into STATION values (3843, '3', 1596, 468215.21, 4423069.95, 331.31);
insert into STATION values (3844, '4', 1596, 468222.64, 4423073.35, 329.87);
insert into STATION values (3845, '5', 1596, 468228.78, 4423081.99, 323.24);
insert into STATION values (3846, '6', 1596, 468230.15, 4423086.96, 322.52);
insert into STATION values (3847, '7', 1596, 468230.56, 4423091.32, 322.14);
insert into STATION values (3848, '8', 1596, 468234.85, 4423082.19, 322.52);
insert into STATION values (3849, '9', 1596, 468235.59, 4423073.12, 327.77);
insert into STATION values (3850, '0', 1600, 469480.77, 4422847.35, 368.97);
insert into STATION values (3851, '1', 1600, 469482.47, 4422846.95, 369.44);
insert into STATION values (3852, '1bis', 1600, 469482.47, 4422846.95, 370.44);
insert into STATION values (3853, '2', 1600, 469488.85, 4422848.03, 373.46);
insert into STATION values (3854, '3', 1600, 469491.95, 4422849.13, 372.58);
insert into STATION values (3855, '4', 1600, 469493.72, 4422846.57, 370.78);
insert into STATION values (3856, '5', 1600, 469488.08, 4422847.12, 370.17);
insert into STATION values (3857, '6', 1600, 469491.95, 4422849.13, 378.83);
insert into STATION values (3858, '7', 1600, 469493.83, 4422849.99, 379.58);
insert into STATION values (3859, '8', 1600, 469495.93, 4422846.29, 382.56);
insert into STATION values (3860, '9', 1600, 469499.00, 4422846.00, 384.00);
insert into STATION_FLAG values(3860, 'ent');
insert into STATION values (3861, '0', 1604, 467933.00, 4422916.00, 353.00);
insert into STATION_FLAG values(3861, 'ent');
insert into STATION values (3862, '1', 1604, 467938.48, 4422921.41, 356.59);
insert into STATION values (3863, '2', 1604, 467929.02, 4422918.83, 351.22);
insert into STATION values (3864, '3', 1604, 467926.33, 4422910.48, 358.00);
insert into STATION values (3865, '4', 1604, 467933.30, 4422912.25, 363.34);
insert into STATION values (3866, 'ENT_211001', 1543, 469367.00, 4421504.00, 407.00);
insert into STATION_FLAG values(3866, 'fix');
insert into STATION values (3867, 'ENT_211002', 1543, 469510.00, 4421914.00, 191.00);
insert into STATION_FLAG values(3867, 'fix');
insert into STATION values (3868, 'ENT_211003', 1543, 470302.00, 4421526.00, 73.00);
insert into STATION_FLAG values(3868, 'fix');
insert into STATION values (3869, 'ENT_211004', 1543, 470298.00, 4421336.00, 10.00);
insert into STATION_FLAG values(3869, 'fix');
insert into STATION values (3870, 'ENT_211005', 1543, 470940.00, 4420800.00, 30.00);
insert into STATION_FLAG values(3870, 'fix');
insert into STATION values (3871, 'ENT_211006', 1543, 469700.00, 4421477.00, 348.00);
insert into STATION_FLAG values(3871, 'fix');
insert into STATION values (3872, 'ENT_211007', 1543, 470451.00, 4422187.00, 192.00);
insert into STATION_FLAG values(3872, 'fix');
insert into STATION values (3873, 'ENT_211008', 1543, 469167.00, 4420570.00, 461.00);
insert into STATION_FLAG values(3873, 'fix');
insert into STATION values (3874, 'ENT_211009', 1543, 470593.00, 4421961.00, 71.00);
insert into STATION_FLAG values(3874, 'fix');
insert into STATION values (3875, 'ENT_211010', 1543, 469430.00, 4420543.00, 536.00);
insert into STATION_FLAG values(3875, 'fix');
insert into STATION values (3876, 'ENT_211011', 1543, 469163.00, 4421761.00, 310.00);
insert into STATION_FLAG values(3876, 'fix');
insert into STATION values (3877, 'ENT_211012', 1543, 468326.00, 4422439.00, 360.00);
insert into STATION_FLAG values(3877, 'fix');
insert into STATION values (3878, 'ENT_211013', 1543, 469283.00, 4422857.00, 392.00);
insert into STATION_FLAG values(3878, 'fix');
insert into STATION values (3879, 'ENT_211014', 1543, 469809.00, 4422763.00, 298.00);
insert into STATION_FLAG values(3879, 'fix');
insert into STATION values (3880, 'ENT_211015', 1543, 469950.00, 4422849.00, 310.00);
insert into STATION_FLAG values(3880, 'fix');
insert into STATION values (3881, 'ENT_211016', 1543, 469828.00, 4422922.00, 332.00);
insert into STATION_FLAG values(3881, 'fix');
insert into STATION values (3882, 'ENT_211017', 1543, 469300.00, 4422855.00, 322.00);
insert into STATION_FLAG values(3882, 'fix');
insert into STATION values (3883, 'ENT_211018', 1543, 469869.00, 4422885.00, 328.00);
insert into STATION_FLAG values(3883, 'fix');
insert into STATION values (3884, 'ENT_211019', 1543, 468214.00, 4423045.00, 339.00);
insert into STATION_FLAG values(3884, 'fix');
insert into STATION values (3885, 'ENT_211020', 1543, 469499.00, 4422846.00, 384.00);
insert into STATION_FLAG values(3885, 'fix');
insert into STATION values (3886, 'ENT_211021', 1543, 468835.00, 4422513.00, 364.00);
insert into STATION_FLAG values(3886, 'fix');
insert into STATION values (3887, 'ENT_211022', 1543, 470151.00, 4422766.00, 352.00);
insert into STATION_FLAG values(3887, 'fix');
insert into STATION values (3888, 'ENT_211023', 1543, 467933.00, 4422916.00, 353.00);
insert into STATION_FLAG values(3888, 'fix');
insert into STATION values (3889, 'ENT_211024', 1543, 468873.00, 4422340.00, 354.00);
insert into STATION_FLAG values(3889, 'fix');
insert into STATION values (3890, 'ENT_211025', 1543, 469520.00, 4422874.00, 291.00);
insert into STATION_FLAG values(3890, 'fix');
insert into STATION values (3891, 'ENT_211026', 1543, 468705.00, 4422852.00, 364.00);
insert into STATION_FLAG values(3891, 'fix');
insert into STATION values (3892, 'ENT_211027', 1543, 469418.00, 4422796.00, 294.00);
insert into STATION_FLAG values(3892, 'fix');
insert into STATION values (3893, 'ENT_211028', 1543, 469283.00, 4422170.00, 403.00);
insert into STATION_FLAG values(3893, 'fix');
insert into STATION values (3894, 'ENT_211029', 1543, 469741.00, 4422253.00, 432.00);
insert into STATION_FLAG values(3894, 'fix');
insert into STATION values (3895, 'ENT_211030', 1543, 468572.00, 4422366.00, 365.00);
insert into STATION_FLAG values(3895, 'fix');
insert into STATION values (3896, 'ENT_211031', 1543, 468805.00, 4422367.00, 374.00);
insert into STATION_FLAG values(3896, 'fix');
insert into STATION values (3897, 'ENT_211032', 1543, 470582.00, 4422455.00, 581.00);
insert into STATION_FLAG values(3897, 'fix');
insert into STATION values (3898, 'ENT_211033', 1543, 468379.00, 4422465.00, 357.00);
insert into STATION_FLAG values(3898, 'fix');
insert into STATION values (3899, 'ENT_211034', 1543, 470236.00, 4422475.00, 309.00);
insert into STATION_FLAG values(3899, 'fix');
insert into STATION values (3900, 'ENT_211035', 1543, 468258.00, 4422538.00, 415.00);
insert into STATION_FLAG values(3900, 'fix');
insert into STATION values (3901, 'ENT_211036', 1543, 470178.00, 4422545.00, 303.00);
insert into STATION_FLAG values(3901, 'fix');
insert into STATION values (3902, 'ENT_211037', 1543, 470197.00, 4422588.00, 288.00);
insert into STATION_FLAG values(3902, 'fix');
insert into STATION values (3903, 'ENT_211038', 1543, 468322.00, 4422615.00, 389.00);
insert into STATION_FLAG values(3903, 'fix');
insert into STATION values (3904, 'ENT_211039', 1543, 469821.00, 4422749.00, 298.00);
insert into STATION_FLAG values(3904, 'fix');
insert into STATION values (3905, 'ENT_211040', 1543, 469656.00, 4422828.00, 287.00);
insert into STATION_FLAG values(3905, 'fix');
insert into STATION values (3906, 'ENT_211041', 1543, 469763.00, 4422959.00, 310.00);
insert into STATION_FLAG values(3906, 'fix');
insert into STATION values (3907, 'ENT_211042', 1543, 469807.00, 4423507.00, 433.00);
insert into STATION_FLAG values(3907, 'fix');
insert into STATION values (3908, 'ENT_211043', 1543, 468573.00, 4422358.00, 332.00);
insert into STATION_FLAG values(3908, 'fix');
insert into STATION values (3909, 'ENT_211044', 1543, 467782.00, 4422983.00, 330.00);
insert into STATION_FLAG values(3909, 'fix');
insert into STATION values (3910, 'ENT_211045', 1543, 468699.00, 4422722.00, 355.00);
insert into STATION_FLAG values(3910, 'fix');
insert into STATION values (3911, 'ENT_211046', 1543, 468496.00, 4422512.00, 331.00);
insert into STATION_FLAG values(3911, 'fix');
insert into STATION values (3912, 'ENT_211047', 1543, 468516.00, 4422547.00, 0.00);
insert into STATION_FLAG values(3912, 'fix');
insert into STATION values (3913, 'ENT_211048', 1543, 468366.00, 4422459.00, 0.00);
insert into STATION_FLAG values(3913, 'fix');
insert into STATION values (3914, 'ENT_211049', 1543, 467782.00, 4422983.00, 330.00);
insert into STATION_FLAG values(3914, 'fix');
insert into STATION values (3915, 'ENT_212001', 1631, 468000.00, 4417000.00, 30.00);
insert into STATION_FLAG values(3915, 'fix');
insert into STATION values (3916, 'ENT_212002', 1631, 470651.00, 4418054.00, 294.00);
insert into STATION_FLAG values(3916, 'fix');
insert into STATION values (3917, 'ENT_212003', 1631, 470567.00, 4417883.00, 380.00);
insert into STATION_FLAG values(3917, 'fix');
insert into STATION values (3918, 'ENT_212004', 1631, 470359.00, 4417650.00, 525.00);
insert into STATION_FLAG values(3918, 'fix');
insert into STATION values (3919, 'ENT_212005', 1631, 470446.00, 4417762.00, 476.00);
insert into STATION_FLAG values(3919, 'fix');
insert into STATION values (3920, 'ENT_212006', 1631, 470679.00, 4418000.00, 340.00);
insert into STATION_FLAG values(3920, 'fix');
insert into STATION values (3921, '0', 1655, 473667.00, 4416955.00, 90.00);
insert into STATION_FLAG values(3921, 'ent');
insert into STATION values (3922, '1', 1655, 473663.53, 4416954.14, 88.70);
insert into STATION values (3923, '2', 1655, 473660.38, 4416956.44, 88.70);
insert into STATION values (3924, '3', 1655, 473655.90, 4416958.65, 87.27);
insert into STATION values (3925, '4', 1655, 473658.37, 4416954.97, 88.05);
insert into STATION values (3926, '5', 1655, 473657.97, 4416951.31, 84.96);
insert into STATION values (3927, '6', 1655, 473651.13, 4416955.44, 84.54);
insert into STATION values (3928, '7', 1655, 473648.64, 4416963.16, 82.37);
insert into STATION values (3929, '8', 1655, 473640.37, 4416963.33, 80.91);
insert into STATION values (3930, '9', 1655, 473635.06, 4416969.92, 79.42);
insert into STATION values (3931, '10', 1655, 473622.29, 4416973.14, 77.57);
insert into STATION values (3932, '11', 1655, 473623.54, 4416979.50, 75.21);
insert into STATION values (3933, '12', 1655, 473617.65, 4416983.80, 73.92);
insert into STATION values (3934, '13', 1655, 473610.42, 4416991.32, 71.13);
insert into STATION values (3935, '13''', 1655, 473614.57, 4416993.15, 70.33);
insert into STATION values (3936, '14', 1655, 473607.19, 4416998.62, 68.22);
insert into STATION values (3937, '15', 1655, 473595.59, 4417000.49, 69.25);
insert into STATION values (3938, '16', 1655, 473590.71, 4416997.69, 66.63);
insert into STATION values (3939, '20', 1655, 473654.31, 4416966.29, 80.64);
insert into STATION values (3940, '21', 1655, 473652.43, 4416973.91, 77.14);
insert into STATION values (3941, '22', 1655, 473649.86, 4416984.33, 68.14);
insert into STATION values (3942, '23', 1655, 473642.47, 4416993.50, 61.34);
insert into STATION values (3943, '24', 1655, 473639.41, 4417000.40, 56.44);
insert into STATION values (3944, '25', 1655, 473643.01, 4416992.26, 41.02);
insert into STATION values (3945, '26', 1655, 473647.48, 4416990.07, 36.38);
insert into STATION values (3946, '27', 1655, 473650.02, 4416988.83, 34.88);
insert into STATION values (3947, '28', 1655, 473654.85, 4416987.87, 28.58);
insert into STATION values (3948, '29', 1655, 473660.83, 4416990.15, 29.71);
insert into STATION values (3949, '30', 1655, 473665.97, 4416994.30, 29.71);
insert into STATION values (3950, '31', 1655, 473668.28, 4416996.51, 29.71);
insert into STATION values (3951, '32', 1655, 473670.16, 4416999.64, 36.03);
insert into STATION values (3952, '33', 1655, 473651.06, 4416988.15, 28.58);
insert into STATION values (3953, 'M400', 1655, 473596.35, 4416997.08, 70.90);
insert into STATION values (3954, 'M401', 1655, 473590.28, 4417011.12, 61.74);
insert into STATION values (3955, 'M402', 1655, 473590.28, 4417011.12, 42.74);
insert into STATION values (3956, 'M403', 1655, 473592.42, 4417016.65, 33.24);
insert into STATION values (3957, 'M404', 1655, 473592.42, 4417016.65, 23.74);
insert into STATION values (3958, 'M405', 1655, 473593.31, 4417003.48, 23.74);
insert into STATION values (3959, 'M1', 1655, 473649.50, 4416987.93, 28.72);
insert into STATION values (3960, 'M2', 1655, 473637.25, 4416999.41, 26.06);
insert into STATION values (3961, 'M3', 1655, 473629.24, 4416998.31, 24.49);
insert into STATION values (3962, 'J12', 1655, 473677.16, 4416978.35, 54.87);
insert into STATION values (3963, '_J12', 1655, 473677.16, 4416978.35, 54.87);
insert into STATION values (3964, 'M500', 1655, 473673.66, 4416982.25, 55.98);
insert into STATION values (3965, 'M501', 1655, 473668.88, 4416982.26, 53.86);
insert into STATION values (3966, 'M600', 1655, 473673.66, 4416982.25, 53.85);
insert into STATION values (3967, 'M601', 1655, 473675.77, 4416982.17, 52.96);
insert into STATION values (3968, 'M602', 1655, 473675.77, 4416982.17, 50.06);
insert into STATION values (3969, 'M603', 1655, 473676.36, 4416985.50, 49.15);
insert into STATION values (3970, 'M604', 1655, 473678.13, 4416986.52, 48.28);
insert into STATION values (3971, 'M605', 1655, 473682.98, 4416986.25, 46.71);
insert into STATION values (3972, 'M606', 1655, 473682.25, 4416988.39, 44.88);
insert into STATION values (3973, 'M502', 1655, 473663.47, 4416982.75, 55.11);
insert into STATION values (3974, 'M503', 1655, 473661.20, 4416986.26, 53.91);
insert into STATION values (3975, 'M504', 1655, 473655.30, 4416983.90, 54.69);
insert into STATION values (3976, 'M505', 1655, 473653.60, 4416983.87, 54.63);
insert into STATION values (3977, 'M506', 1655, 473650.10, 4416983.45, 51.68);
insert into STATION values (3978, 'M507', 1655, 473650.37, 4416997.16, 40.96);
insert into STATION values (3979, 'M508', 1655, 473646.54, 4416996.69, 39.32);
insert into STATION values (3980, '_24', 1655, 473641.91, 4416994.84, 46.45);
insert into STATION values (3981, 'M700', 1655, 473648.83, 4416985.91, 55.73);
insert into STATION values (3982, 'M701', 1655, 473648.23, 4416988.35, 58.17);
insert into STATION values (3983, '_32', 1655, 473681.69, 4417005.38, 33.18);
insert into STATION values (3984, 'M101', 1655, 473686.40, 4417007.47, 38.90);
insert into STATION values (3985, 'M102', 1655, 473707.90, 4417003.24, 40.82);
insert into STATION values (3986, 'M103', 1655, 473721.87, 4416998.58, 40.96);
insert into STATION values (3987, 'M104', 1655, 473736.74, 4416991.28, 42.12);
insert into STATION values (3988, 'M105', 1655, 473741.84, 4416991.63, 43.88);
insert into STATION values (3989, 'M106', 1655, 473744.31, 4416990.41, 48.29);
insert into STATION values (3990, 'M107', 1655, 473748.87, 4416994.79, 56.67);
insert into STATION values (3991, 'M108', 1655, 473749.28, 4416988.71, 62.16);
insert into STATION values (3992, 'M109', 1655, 473753.62, 4416987.46, 66.69);
insert into STATION values (3993, 'M200', 1655, 473720.40, 4416993.02, 44.02);
insert into STATION values (3994, 'M201', 1655, 473724.21, 4416986.66, 45.09);
insert into STATION values (3995, 'M202', 1655, 473725.56, 4416974.93, 47.85);
insert into STATION values (3996, '_M202', 1655, 473731.18, 4416976.78, 45.99);
insert into STATION values (3997, 'M203', 1655, 473735.93, 4416977.95, 47.97);
insert into STATION values (3998, 'M204', 1655, 473738.37, 4416974.31, 48.98);
insert into STATION values (3999, 'M205', 1655, 473741.31, 4416971.25, 51.63);
insert into STATION values (4000, 'M206', 1655, 473741.83, 4416963.57, 57.03);
insert into STATION values (4001, 'M207', 1655, 473739.11, 4416954.17, 59.10);
insert into STATION values (4002, 'M208', 1655, 473738.49, 4416958.68, 57.27);
insert into STATION values (4003, 'M209', 1655, 473733.75, 4416961.65, 58.36);
insert into STATION values (4004, 'M210', 1655, 473728.47, 4416961.94, 58.08);
insert into STATION values (4005, 'M211', 1655, 473724.04, 4416966.23, 55.07);
insert into STATION values (4006, 'M212', 1655, 473722.85, 4416973.11, 51.36);
insert into STATION values (4007, 'M213', 1655, 473725.60, 4416974.95, 48.78);
insert into STATION values (4008, 'M300', 1655, 473721.15, 4416961.63, 57.38);
insert into STATION values (4009, 'M301', 1655, 473710.93, 4416962.37, 59.56);
insert into STATION values (4010, 'M302', 1655, 473710.92, 4416957.43, 61.45);
insert into STATION values (4011, 'M303', 1655, 473702.70, 4416955.41, 64.04);
insert into STATION values (4012, 'M304', 1655, 473703.04, 4416950.36, 65.68);
insert into STATION values (4013, 'H', 1655, 473701.50, 4416950.86, 65.68);
insert into STATION values (4014, 'A', 1655, 473675.15, 4416953.10, 89.27);
insert into STATION values (4015, 'B', 1655, 473680.60, 4416947.42, 88.58);
insert into STATION values (4016, 'C', 1655, 473684.66, 4416942.57, 85.36);
insert into STATION values (4017, 'D', 1655, 473688.16, 4416943.83, 83.21);
insert into STATION values (4018, 'E', 1655, 473691.56, 4416944.80, 79.67);
insert into STATION values (4019, 'F', 1655, 473694.08, 4416944.88, 78.04);
insert into STATION values (4020, 'G', 1655, 473701.68, 4416948.25, 71.30);
insert into STATION values (4021, 'T0', 1655, 473642.01, 4416947.29, 63.02);
insert into STATION values (4022, 'T1', 1655, 473647.51, 4416952.04, 52.24);
insert into STATION values (4023, 'T2', 1655, 473649.25, 4416955.93, 48.92);
insert into STATION values (4024, 'T3', 1655, 473645.63, 4416959.09, 46.04);
insert into STATION values (4025, 'T4', 1655, 473644.20, 4416965.37, 42.61);
insert into STATION values (4026, 'T5', 1655, 473646.72, 4416967.19, 40.43);
insert into STATION values (4027, 'T6', 1655, 473652.68, 4416968.55, 37.45);
insert into STATION values (4028, 'T7', 1655, 473651.85, 4416978.32, 32.24);
insert into STATION values (4029, 'T7B', 1655, 473654.58, 4416975.85, 32.62);
insert into STATION values (4030, 'T7C', 1655, 473659.13, 4416976.73, 35.19);
insert into STATION values (4031, 'T7D', 1655, 473658.29, 4416980.12, 36.40);
insert into STATION values (4032, 'T7E', 1655, 473661.02, 4416989.55, 24.27);
insert into STATION values (4033, 'T8', 1655, 473647.88, 4416980.62, 30.83);
insert into STATION values (4034, '_M2', 1655, 473629.32, 4416989.33, 20.39);
insert into STATION values (4035, 'T9', 1655, 473650.23, 4416987.82, 32.72);
insert into STATION values (4036, 'T10', 1655, 473641.91, 4416994.84, 45.25);
insert into STATION values (4037, 'J0', 1655, 473725.63, 4416974.97, 48.76);
insert into STATION values (4038, 'J1', 1655, 473721.92, 4416969.73, 51.08);
insert into STATION values (4039, 'J2', 1655, 473719.28, 4416973.92, 51.64);
insert into STATION values (4040, 'J3', 1655, 473716.91, 4416981.32, 50.58);
insert into STATION values (4041, 'J4', 1655, 473709.66, 4416983.63, 52.12);
insert into STATION values (4042, 'J5', 1655, 473705.24, 4416983.46, 50.60);
insert into STATION values (4043, 'J6', 1655, 473702.94, 4416982.63, 52.65);
insert into STATION values (4044, 'J7', 1655, 473700.35, 4416975.55, 54.67);
insert into STATION values (4045, 'J8', 1655, 473693.64, 4416976.75, 57.02);
insert into STATION values (4046, 'J8B', 1655, 473687.37, 4416977.87, 58.73);
insert into STATION values (4047, 'J9', 1655, 473693.55, 4416979.66, 55.96);
insert into STATION values (4048, 'J9B', 1655, 473690.69, 4416986.13, 64.38);
insert into STATION values (4049, 'J10', 1655, 473688.95, 4416978.70, 56.12);
insert into STATION values (4050, 'J11', 1655, 473685.48, 4416980.71, 57.35);
insert into STATION values (4051, 'J11B', 1655, 473684.77, 4416975.76, 57.35);
insert into STATION values (4052, 'J12B', 1655, 473677.62, 4416973.83, 57.60);
insert into STATION values (4053, 'J12C', 1655, 473674.85, 4416974.63, 62.40);
insert into STATION values (4054, 'J12D', 1655, 473680.85, 4416974.72, 62.40);
insert into STATION values (4055, 'J12E', 1655, 473677.50, 4416974.49, 64.75);
insert into STATION values (4056, 'J12F', 1655, 473675.42, 4416973.66, 66.26);
insert into STATION values (4057, 'J12G', 1655, 473676.82, 4416975.10, 69.13);
insert into STATION values (4058, 'J12H', 1655, 473677.87, 4416971.14, 72.95);
insert into STATION values (4059, 'J12I', 1655, 473677.61, 4416967.55, 72.95);
insert into STATION values (4060, 'J12J', 1655, 473681.44, 4416968.50, 73.64);
insert into STATION values (4061, 'J12K', 1655, 473684.24, 4416970.68, 75.69);
insert into STATION values (4062, '_M102', 1655, 473707.86, 4417003.22, 40.83);
insert into STATION values (4063, 'J301', 1655, 473705.08, 4416992.91, 45.21);
insert into STATION values (4064, 'J302', 1655, 473702.42, 4416992.47, 46.88);
insert into STATION values (4065, 'J303', 1655, 473703.50, 4416988.78, 47.81);
insert into STATION values (4066, 'B400', 1655, 473662.67, 4416960.58, 78.41);
insert into STATION values (4067, 'B401', 1655, 473669.63, 4416959.58, 75.28);
insert into STATION values (4068, 'B401B', 1655, 473668.99, 4416950.69, 76.53);
insert into STATION values (4069, 'B401C', 1655, 473673.02, 4416949.53, 76.53);
insert into STATION values (4070, 'B402', 1655, 473670.39, 4416963.85, 74.52);
insert into STATION values (4071, 'B403', 1655, 473667.14, 4416971.96, 85.71);
insert into STATION values (4072, 'B404', 1655, 473676.16, 4416966.31, 78.15);
insert into STATION values (4073, 'B405', 1655, 473682.05, 4416966.19, 78.15);
insert into STATION values (4074, 'B406', 1655, 473685.40, 4416967.81, 78.94);
insert into STATION values (4075, 'B406B', 1655, 473689.63, 4416965.92, 80.18);
insert into STATION values (4076, 'B406C', 1655, 473692.51, 4416967.51, 82.08);
insert into STATION values (4077, 'B406D', 1655, 473695.80, 4416965.75, 84.23);
insert into STATION values (4078, 'B406E', 1655, 473698.28, 4416961.43, 86.55);
insert into STATION values (4079, 'B407', 1655, 473686.21, 4416969.54, 77.16);
insert into STATION values (4080, 'B407B', 1655, 473692.14, 4416970.46, 77.16);
insert into STATION values (4081, 'B408', 1655, 473684.63, 4416970.18, 77.07);
insert into STATION values (4082, 'B409', 1655, 473684.75, 4416971.26, 76.57);
insert into STATION values (4083, 'B410', 1655, 473684.82, 4416974.85, 76.44);
insert into STATION values (4084, 'B411', 1655, 473686.23, 4416976.41, 76.40);
insert into STATION values (4085, 'B412', 1655, 473688.69, 4416976.88, 76.36);
insert into STATION values (4086, 'B413', 1655, 473691.97, 4416980.65, 67.70);
insert into STATION values (4087, 'B420', 1655, 473679.11, 4416968.79, 74.50);
insert into STATION values (4088, 'B421', 1655, 473678.84, 4416967.89, 75.54);
insert into STATION values (4089, 'B422', 1655, 473673.72, 4416965.62, 75.54);
insert into STATION values (4090, '0', 1671, 472739.00, 4416716.00, 37.00);
insert into STATION_FLAG values(4090, 'ent');
insert into STATION values (4091, '1', 1671, 472740.68, 4416718.07, 37.62);
insert into STATION values (4092, '2', 1671, 472743.30, 4416722.58, 35.19);
insert into STATION values (4093, '3', 1671, 472747.27, 4416723.27, 34.33);
insert into STATION values (4094, '4', 1671, 472752.83, 4416722.47, 34.33);
insert into STATION values (4095, '5', 1671, 472757.65, 4416720.01, 34.42);
insert into STATION values (4096, '6', 1671, 472759.13, 4416721.29, 34.29);
insert into STATION values (4097, '7', 1671, 472762.36, 4416717.42, 34.02);
insert into STATION values (4098, '8', 1671, 472762.50, 4416714.54, 34.63);
insert into STATION values (4099, '9', 1671, 472768.28, 4416711.84, 37.08);
insert into STATION values (4100, '10', 1671, 472771.11, 4416715.32, 35.88);
insert into STATION values (4101, '11', 1671, 472773.97, 4416721.41, 33.56);
insert into STATION values (4102, '32b', 1671, 472775.97, 4416725.69, 31.94);
insert into STATION values (4103, '12', 1671, 472774.22, 4416713.62, 36.71);
insert into STATION values (4104, '13', 1671, 472772.86, 4416708.22, 39.31);
insert into STATION values (4105, '14', 1671, 472772.07, 4416697.25, 45.15);
insert into STATION values (4106, '15', 1671, 472775.76, 4416693.91, 45.50);
insert into STATION values (4107, '16', 1671, 472776.39, 4416690.26, 45.18);
insert into STATION values (4108, '17', 1671, 472776.95, 4416684.85, 48.58);
insert into STATION values (4109, '18', 1671, 472771.33, 4416683.04, 49.72);
insert into STATION values (4110, '19', 1671, 472767.35, 4416687.65, 50.15);
insert into STATION values (4111, '20', 1671, 472763.77, 4416683.82, 50.15);
insert into STATION values (4112, '21', 1671, 472758.97, 4416681.80, 51.26);
insert into STATION values (4113, '22', 1671, 472759.35, 4416676.08, 50.96);
insert into STATION values (4114, '23', 1671, 472752.71, 4416673.27, 53.02);
insert into STATION values (4115, '24', 1671, 472746.69, 4416681.61, 49.68);
insert into STATION values (4116, '25', 1671, 472747.83, 4416676.00, 52.14);
insert into STATION values (4117, '26', 1671, 472749.33, 4416661.36, 56.92);
insert into STATION values (4118, '27', 1671, 472751.59, 4416642.57, 67.85);
insert into STATION values (4119, '28', 1671, 472749.94, 4416637.20, 69.04);
insert into STATION values (4120, '29', 1671, 472755.31, 4416626.13, 73.04);
insert into STATION values (4121, 'A1', 1671, 472760.97, 4416618.30, 76.18);
insert into STATION values (4122, 'A2', 1671, 472763.26, 4416619.95, 76.68);
insert into STATION values (4123, 'A3', 1671, 472759.85, 4416621.19, 84.82);
insert into STATION values (4124, 'A4', 1671, 472762.79, 4416616.98, 98.91);
insert into STATION values (4125, '30', 1671, 472752.68, 4416618.97, 79.00);
insert into STATION values (4126, '31', 1671, 472751.44, 4416618.07, 79.88);
insert into STATION values (4127, '32', 1671, 472747.03, 4416610.48, 84.36);
insert into STATION values (4128, '33', 1671, 472746.66, 4416607.93, 85.78);
insert into STATION values (4129, '34', 1671, 472744.79, 4416604.56, 89.26);
insert into STATION values (4130, '35', 1671, 472744.13, 4416602.30, 90.67);
insert into STATION values (4131, '36', 1671, 472741.59, 4416599.68, 93.62);
insert into STATION values (4132, 'B1', 1671, 472740.98, 4416596.85, 95.97);
insert into STATION values (4133, 'B2', 1671, 472739.12, 4416594.47, 98.51);
insert into STATION values (4134, 'B3', 1671, 472739.94, 4416591.58, 100.11);
insert into STATION values (4135, 'B4', 1671, 472739.04, 4416588.26, 105.20);
insert into STATION values (4136, 'B5', 1671, 472739.51, 4416587.76, 107.96);
insert into STATION values (4137, '42', 1671, 472742.22, 4416595.67, 96.46);
insert into STATION values (4138, '37', 1671, 472745.74, 4416629.08, 71.81);
insert into STATION values (4139, '38', 1671, 472748.86, 4416638.08, 65.86);
insert into STATION values (4140, '39', 1671, 472750.21, 4416642.23, 63.54);
insert into STATION values (4141, '40', 1671, 472755.19, 4416649.57, 60.13);
insert into STATION values (4142, '41', 1671, 472754.06, 4416655.46, 60.13);
insert into STATION values (4143, 'C1', 1671, 472743.88, 4416591.53, 101.77);
insert into STATION values (4144, 'C2', 1671, 472747.28, 4416590.08, 104.67);
insert into STATION values (4145, 'C3', 1671, 472748.86, 4416587.33, 108.73);
insert into STATION values (4146, 'C4', 1671, 472746.42, 4416583.87, 112.54);
insert into STATION values (4147, 'C5', 1671, 472742.94, 4416582.47, 115.69);
insert into STATION values (4148, 'C6', 1671, 472740.79, 4416579.40, 118.83);
insert into STATION values (4149, 'C7', 1671, 472738.47, 4416580.30, 118.83);
insert into STATION values (4150, 'C8', 1671, 472738.12, 4416575.43, 122.65);
insert into STATION values (4151, 'C9', 1671, 472736.20, 4416572.69, 126.23);
insert into STATION values (4152, 'C10', 1671, 472734.70, 4416569.20, 129.00);
insert into STATION values (4153, 'C11', 1671, 472732.17, 4416567.23, 131.32);
insert into STATION values (4154, 'C12', 1671, 472731.94, 4416563.98, 135.98);
insert into STATION values (4155, '0a', 1671, 472900.50, 4416696.77, 57.67);
insert into STATION values (4156, '1a', 1671, 472903.29, 4416697.73, 57.15);
insert into STATION values (4157, '2a', 1671, 472904.80, 4416701.43, 57.01);
insert into STATION values (4158, '3a', 1671, 472901.63, 4416703.74, 56.25);
insert into STATION values (4159, '4a', 1671, 472900.96, 4416706.46, 55.17);
insert into STATION values (4160, '5a', 1671, 472899.90, 4416708.11, 54.75);
insert into STATION values (4161, '6a', 1671, 472895.74, 4416713.09, 52.13);
insert into STATION values (4162, '7a', 1671, 472893.57, 4416716.19, 50.83);
insert into STATION values (4163, '8a', 1671, 472894.57, 4416717.91, 51.00);
insert into STATION values (4164, '9a', 1671, 472895.90, 4416720.51, 50.28);
insert into STATION values (4165, '10a', 1671, 472898.36, 4416721.35, 51.78);
insert into STATION values (4166, '11a', 1671, 472900.96, 4416726.89, 55.17);
insert into STATION values (4167, '12a', 1671, 472902.62, 4416727.66, 54.36);
insert into STATION values (4168, '13a', 1671, 472905.23, 4416734.07, 50.36);
insert into STATION values (4169, '14a', 1671, 472916.53, 4416724.21, 50.36);
insert into STATION values (4170, '15a', 1671, 472893.46, 4416710.39, 54.74);
insert into STATION values (4171, '16a', 1671, 472888.29, 4416701.83, 54.74);
insert into STATION values (4172, '17a', 1671, 472879.29, 4416699.61, 58.49);
insert into STATION values (4173, '18a', 1671, 472881.42, 4416695.21, 59.53);
insert into STATION values (4174, '19a', 1671, 472889.39, 4416691.47, 61.40);
insert into STATION values (4175, '20a', 1671, 472894.06, 4416686.26, 61.40);
insert into STATION values (4176, '21a', 1671, 472897.63, 4416687.47, 61.86);
insert into STATION values (4177, '22a', 1671, 472897.28, 4416683.51, 62.28);
insert into STATION values (4178, '23a', 1671, 472896.46, 4416677.78, 63.84);
insert into STATION values (4179, '24a', 1671, 472902.51, 4416674.26, 63.84);
insert into STATION values (4180, '25a', 1671, 472900.31, 4416673.10, 65.51);
insert into STATION values (4181, '26a', 1671, 472900.26, 4416670.38, 66.78);
insert into STATION values (4182, '27a', 1671, 472883.41, 4416713.40, 51.38);
insert into STATION values (4183, '28a', 1671, 472882.67, 4416707.50, 52.22);
insert into STATION values (4184, '29a', 1671, 472880.32, 4416707.19, 54.51);
insert into STATION values (4185, '30a', 1671, 472873.05, 4416710.08, 49.78);
insert into STATION values (4186, '31a', 1671, 472870.81, 4416713.84, 46.76);
insert into STATION values (4187, '32a', 1671, 472871.94, 4416717.84, 45.33);
insert into STATION values (4188, '33a', 1671, 472874.72, 4416715.32, 45.58);
insert into STATION values (4189, '34a', 1671, 472878.26, 4416717.64, 45.71);
insert into STATION values (4190, '35a', 1671, 472869.38, 4416720.60, 43.96);
insert into STATION values (4191, '36a', 1671, 472873.49, 4416723.05, 42.50);
insert into STATION values (4192, '37a', 1671, 472850.49, 4416722.63, 43.96);
insert into STATION values (4193, '38a', 1671, 472845.14, 4416723.98, 41.61);
insert into STATION values (4194, '39a', 1671, 472838.88, 4416725.32, 38.77);
insert into STATION values (4195, '40a', 1671, 472833.20, 4416733.48, 37.72);
insert into STATION values (4196, '41a', 1671, 472818.20, 4416733.91, 36.46);
insert into STATION values (4197, '42a', 1671, 472818.84, 4416726.28, 38.80);
insert into STATION values (4198, '43a', 1671, 472818.84, 4416726.28, 37.80);
insert into STATION values (4199, '44a', 1671, 472819.16, 4416719.90, 40.64);
insert into STATION values (4200, '45a', 1671, 472815.12, 4416736.55, 33.80);
insert into STATION values (4201, '46a', 1671, 472805.26, 4416739.31, 27.68);
insert into STATION values (4202, '47a', 1671, 472795.44, 4416757.77, 21.24);
insert into STATION values (4203, '48a', 1671, 472797.33, 4416754.18, 20.63);
insert into STATION values (4204, '49a', 1671, 472800.44, 4416756.43, 20.38);
insert into STATION values (4205, '50a', 1671, 472802.29, 4416755.61, 20.57);
insert into STATION values (4206, '51a', 1671, 472802.83, 4416754.71, 21.09);
insert into STATION values (4207, '52a', 1671, 472806.79, 4416749.34, 23.67);
insert into STATION values (4208, '53a', 1671, 472813.36, 4416751.25, 24.74);
insert into STATION values (4209, '54a', 1671, 472819.06, 4416748.71, 28.11);
insert into STATION values (4210, '55a', 1671, 472820.87, 4416746.19, 28.39);
insert into STATION values (4211, '56a', 1671, 472822.67, 4416748.60, 30.41);
insert into STATION values (4212, '57a', 1671, 472825.03, 4416748.35, 30.58);
insert into STATION values (4213, '58a', 1671, 472832.89, 4416740.78, 34.55);
insert into STATION values (4214, '59a', 1671, 472834.90, 4416738.43, 34.88);
insert into STATION values (4215, '60a', 1671, 472833.22, 4416733.56, 34.57);
insert into STATION values (4216, '61a', 1671, 472832.31, 4416741.98, 34.28);
insert into STATION values (4217, '62a', 1671, 472822.58, 4416735.96, 34.63);
insert into STATION values (4218, '63a', 1671, 472819.41, 4416736.65, 31.44);
insert into STATION values (4219, '64a', 1671, 472790.46, 4416757.60, 20.80);
insert into STATION values (4220, '65a', 1671, 472786.63, 4416751.74, 20.80);
insert into STATION values (4221, '66a', 1671, 472784.04, 4416750.85, 19.58);
insert into STATION values (4222, '67a', 1671, 472782.78, 4416747.42, 21.21);
insert into STATION values (4223, '68a', 1671, 472779.80, 4416744.01, 25.15);
insert into STATION values (4224, '69a', 1671, 472779.67, 4416746.73, 23.88);
insert into STATION values (4225, '70a', 1671, 472777.73, 4416746.22, 23.88);
insert into STATION values (4226, '71a', 1671, 472775.05, 4416743.25, 23.88);
insert into STATION values (4227, '0b', 1671, 472784.04, 4416750.85, 19.58);
insert into STATION values (4228, '1b', 1671, 472783.42, 4416752.89, 18.20);
insert into STATION values (4229, '2b', 1671, 472781.52, 4416753.13, 17.46);
insert into STATION values (4230, '3b', 1671, 472780.86, 4416759.53, 13.90);
insert into STATION values (4231, '4b', 1671, 472778.78, 4416762.88, 12.91);
insert into STATION values (4232, '5b', 1671, 472780.66, 4416765.18, 12.65);
insert into STATION values (4233, '6b', 1671, 472779.61, 4416770.15, 11.58);
insert into STATION values (4234, '7b', 1671, 472773.86, 4416771.08, 10.86);
insert into STATION values (4235, '8b', 1671, 472769.72, 4416768.79, 9.94);
insert into STATION values (4236, '9b', 1671, 472767.83, 4416766.20, 11.04);
insert into STATION values (4237, '10b', 1671, 472764.83, 4416768.73, 10.14);
insert into STATION values (4238, '11b', 1671, 472763.68, 4416774.74, 8.03);
insert into STATION values (4239, '12b', 1671, 472764.51, 4416783.96, 6.40);
insert into STATION values (4240, '17b', 1671, 472770.17, 4416803.55, -4.90);
insert into STATION values (4241, '13b', 1671, 472763.50, 4416793.74, -1.00);
insert into STATION values (4242, '14b', 1671, 472761.00, 4416803.88, -1.55);
insert into STATION values (4243, '15b', 1671, 472764.57, 4416811.85, -4.73);
insert into STATION values (4244, '16b', 1671, 472753.64, 4416812.45, -7.67);
insert into STATION values (4245, '18b', 1671, 472761.42, 4416773.29, 10.22);
insert into STATION values (4246, '19b', 1671, 472762.55, 4416769.55, 10.77);
insert into STATION values (4247, '20b', 1671, 472764.82, 4416772.76, 10.77);
insert into STATION values (4248, '21b', 1671, 472767.49, 4416775.62, 9.35);
insert into STATION values (4249, '22b', 1671, 472775.05, 4416743.25, 23.88);
insert into STATION values (4250, '23b', 1671, 472770.96, 4416747.36, 17.88);
insert into STATION values (4251, '24b', 1671, 472770.18, 4416743.00, 18.66);
insert into STATION values (4252, '25b', 1671, 472773.32, 4416743.21, 19.16);
insert into STATION values (4253, '33b', 1671, 472774.39, 4416737.62, 21.01);
insert into STATION values (4254, '34b', 1671, 472773.25, 4416735.65, 23.06);
insert into STATION values (4255, '26b', 1671, 472771.61, 4416742.76, 23.54);
insert into STATION values (4256, '27b', 1671, 472772.35, 4416741.41, 27.18);
insert into STATION values (4257, '28b', 1671, 472772.26, 4416736.88, 27.81);
insert into STATION values (4258, '29b', 1671, 472772.89, 4416732.32, 29.31);
insert into STATION values (4259, '30b', 1671, 472774.43, 4416728.50, 29.81);
insert into STATION values (4260, '31b', 1671, 472775.02, 4416725.65, 31.05);
insert into STATION values (4261, '0', 1677, 472988.00, 4417752.00, 100.00);
insert into STATION_FLAG values(4261, 'ent');
insert into STATION values (4262, '1', 1677, 472978.51, 4417741.72, 111.33);
insert into STATION values (4263, '2', 1677, 472990.83, 4417736.32, 106.17);
insert into STATION values (4264, '3', 1677, 473005.41, 4417743.85, 100.19);
insert into STATION values (4265, '4', 1677, 473014.16, 4417742.98, 106.35);
insert into STATION values (4266, '5', 1677, 473020.94, 4417726.46, 109.49);
insert into STATION values (4267, '6', 1677, 473022.79, 4417724.10, 104.30);
insert into STATION values (4268, '7', 1677, 473031.39, 4417717.46, 106.02);
insert into STATION values (4269, '8', 1677, 473032.58, 4417708.16, 108.88);
insert into STATION values (4270, '9', 1677, 473017.42, 4417696.61, 121.75);
insert into STATION values (4271, '10', 1677, 473016.60, 4417692.26, 123.36);
insert into STATION values (4272, '5_1', 1677, 473013.26, 4417723.31, 117.51);
insert into STATION values (4273, '5_2', 1677, 472999.28, 4417717.57, 132.10);
insert into STATION values (4274, 'ENT_213001', 1653, 473667.00, 4416955.00, 90.00);
insert into STATION_FLAG values(4274, 'fix');
insert into STATION values (4275, 'ENT_213002', 1653, 472739.00, 4416716.00, 37.00);
insert into STATION_FLAG values(4275, 'fix');
insert into STATION values (4276, 'ENT_213003', 1653, 472988.00, 4417752.00, 100.00);
insert into STATION_FLAG values(4276, 'fix');
insert into STATION values (4277, '0', 1685, 494491.08, 4309263.57, 92.89);
insert into STATION values (4278, '1', 1685, 494491.08, 4309263.57, 86.79);
insert into STATION values (4279, '2', 1685, 494493.25, 4309265.45, 84.62);
insert into STATION values (4280, '3', 1685, 494500.01, 4309267.63, 80.01);
insert into STATION values (4281, '4', 1685, 494502.86, 4309274.01, 79.03);
insert into STATION values (4282, '4B', 1685, 494493.62, 4309274.18, 87.35);
insert into STATION values (4283, '5', 1685, 494509.60, 4309278.89, 70.11);
insert into STATION values (4284, '5B', 1685, 494515.09, 4309276.07, 68.45);
insert into STATION values (4285, '5C', 1685, 494517.80, 4309276.50, 67.40);
insert into STATION values (4286, '6', 1685, 494509.54, 4309282.75, 75.43);
insert into STATION values (4287, '7', 1685, 494509.72, 4309284.74, 75.33);
insert into STATION values (4288, '8', 1685, 494509.01, 4309286.07, 74.72);
insert into STATION values (4289, '8B', 1685, 494510.74, 4309287.27, 66.29);
insert into STATION values (4290, '9', 1685, 494505.15, 4309285.40, 99.45);
insert into STATION values (4291, '10', 1685, 494501.58, 4309284.38, 100.11);
insert into STATION values (4292, '11', 1685, 494499.01, 4309282.37, 102.75);
insert into STATION values (4293, '12', 1685, 494493.86, 4309283.02, 100.65);
insert into STATION values (4294, '13', 1685, 494490.97, 4309282.77, 100.70);
insert into STATION values (4295, '13B', 1685, 494487.68, 4309282.49, 100.76);
insert into STATION values (4296, '14', 1685, 494488.95, 4309279.90, 106.53);
insert into STATION values (4297, '14B', 1685, 494482.28, 4309278.13, 106.53);
insert into STATION values (4298, '15', 1685, 494486.27, 4309274.43, 114.33);
insert into STATION values (4299, '16', 1685, 494481.44, 4309269.08, 119.02);
insert into STATION values (4300, '17', 1685, 494479.74, 4309268.32, 123.00);
insert into STATION values (4301, '18', 1685, 494481.06, 4309265.92, 124.22);
insert into STATION values (4302, '18B', 1685, 494479.23, 4309258.65, 124.22);
insert into STATION values (4303, '19', 1685, 494480.55, 4309263.57, 126.90);
insert into STATION values (4304, '20', 1685, 494479.08, 4309262.10, 128.77);
insert into STATION values (4305, '21', 1685, 494479.08, 4309262.10, 128.77);
insert into STATION values (4306, '22', 1685, 494477.42, 4309262.05, 130.22);
insert into STATION values (4307, '23', 1685, 494476.17, 4309265.50, 132.25);
insert into STATION values (4308, '24', 1685, 494474.39, 4309263.30, 135.75);
insert into STATION values (4309, '25', 1685, 494471.27, 4309264.26, 139.93);
insert into STATION values (4310, '26', 1685, 494470.52, 4309266.02, 141.84);
insert into STATION values (4311, '27', 1685, 494461.21, 4309276.40, 140.61);
insert into STATION values (4312, '28', 1685, 494446.39, 4309274.08, 140.61);
insert into STATION values (4313, '29', 1685, 494435.69, 4309275.79, 138.70);
insert into STATION values (4314, '30', 1685, 494425.55, 4309272.32, 141.18);
insert into STATION values (4315, '31', 1685, 494421.81, 4309266.35, 143.74);
insert into STATION values (4316, '32', 1685, 494415.42, 4309262.22, 144.95);
insert into STATION values (4317, '33', 1685, 494413.79, 4309257.99, 148.24);
insert into STATION values (4318, '34', 1685, 494407.02, 4309255.54, 148.37);
insert into STATION values (4319, '35', 1685, 494401.95, 4309249.07, 151.20);
insert into STATION values (4320, '36', 1685, 494405.23, 4309248.43, 153.90);
insert into STATION values (4321, '37', 1685, 494398.00, 4309243.00, 160.00);
insert into STATION values (4322, '38', 1685, 494398.00, 4309243.00, 163.00);
insert into STATION_FLAG values(4322, 'ent');
insert into STATION values (4323, '100', 1685, 494505.15, 4309285.40, 99.45);
insert into STATION values (4324, '101', 1685, 494505.15, 4309285.40, 90.25);
insert into STATION values (4325, '102', 1685, 494512.07, 4309291.60, 90.74);
insert into STATION values (4326, '103', 1685, 494506.34, 4309294.28, 82.35);
insert into STATION values (4327, '104', 1685, 494503.98, 4309296.07, 75.68);
insert into STATION values (4328, '105', 1685, 494507.03, 4309300.25, 56.37);
insert into STATION values (4329, '106', 1685, 494514.64, 4309305.56, 50.10);
insert into STATION values (4330, '107', 1685, 494501.62, 4309295.73, 57.86);
insert into STATION values (4331, '108', 1685, 494501.58, 4309298.09, 71.53);
insert into STATION values (4332, '109', 1685, 494494.47, 4309296.19, 67.28);
insert into STATION values (4333, '110', 1685, 494491.20, 4309298.49, 60.35);
insert into STATION values (4334, '111', 1685, 494490.88, 4309298.41, 58.28);
insert into STATION values (4335, '112', 1685, 494487.40, 4309299.35, 55.94);
insert into STATION values (4336, '113', 1685, 494483.28, 4309296.48, 52.29);
insert into STATION values (4337, '114', 1685, 494487.63, 4309296.70, 42.52);
insert into STATION values (4338, '118', 1685, 494487.01, 4309300.24, 34.81);
insert into STATION values (4339, '115', 1685, 494484.13, 4309294.09, 33.12);
insert into STATION values (4340, '116', 1685, 494483.75, 4309293.05, 32.26);
insert into STATION values (4341, '117', 1685, 494486.93, 4309292.77, 27.53);
insert into STATION values (4342, '119', 1685, 494481.72, 4309301.66, 35.29);
insert into STATION values (4343, '120', 1685, 494479.98, 4309302.30, 35.69);
insert into STATION values (4344, '121', 1685, 494476.16, 4309302.64, 37.16);
insert into STATION values (4345, '122', 1685, 494474.01, 4309301.64, 38.82);
insert into STATION values (4346, '123', 1685, 494470.30, 4309300.30, 41.38);
insert into STATION values (4347, '124', 1685, 494480.14, 4309307.17, 41.38);
insert into STATION values (4348, '125', 1685, 494470.92, 4309293.13, 45.71);
insert into STATION values (4349, '0', 1689, 495399.00, 4309090.00, 20.00);
insert into STATION_FLAG values(4349, 'ent');
insert into STATION values (4350, '1', 1689, 495397.49, 4309087.27, 20.36);
insert into STATION values (4351, '2', 1689, 495396.03, 4309083.85, 18.33);
insert into STATION values (4352, '3', 1689, 495394.92, 4309080.97, 16.05);
insert into STATION values (4353, '4', 1689, 495390.91, 4309079.27, 19.33);
insert into STATION values (4354, '5', 1689, 495389.84, 4309077.57, 22.67);
insert into STATION values (4355, '6', 1689, 495384.25, 4309077.58, 28.07);
insert into STATION values (4356, '6B', 1689, 495384.25, 4309077.58, 34.07);
insert into STATION values (4357, '7', 1689, 495389.06, 4309077.30, 18.95);
insert into STATION values (4358, '8', 1689, 495385.61, 4309075.55, 18.95);
insert into STATION values (4359, '9', 1689, 495400.49, 4309074.54, 20.01);
insert into STATION values (4360, '9B', 1689, 495404.83, 4309077.25, 24.78);
insert into STATION values (4361, '10', 1689, 495403.46, 4309076.18, 17.72);
insert into STATION values (4362, '11', 1689, 495407.39, 4309073.62, 12.85);
insert into STATION values (4363, '11B', 1689, 495409.72, 4309078.36, 14.27);
insert into STATION values (4364, '11C', 1689, 495409.72, 4309078.36, 19.27);
insert into STATION values (4365, '11D', 1689, 495407.39, 4309073.62, 8.66);
insert into STATION values (4366, '12', 1689, 495407.39, 4309073.62, 13.97);
insert into STATION values (4367, '13', 1689, 495406.07, 4309067.93, 16.58);
insert into STATION values (4368, '14', 1689, 495404.34, 4309064.69, 18.61);
insert into STATION values (4369, '15', 1689, 495401.34, 4309061.13, 18.61);
insert into STATION values (4370, '16', 1689, 495400.06, 4309059.60, 18.61);
insert into STATION values (4371, '17', 1689, 495396.83, 4309072.61, 21.51);
insert into STATION values (4372, '18', 1689, 495391.31, 4309068.61, 22.84);
insert into STATION values (4373, '19', 1689, 495396.94, 4309080.33, 15.22);
insert into STATION values (4374, '20', 1689, 495400.28, 4309081.23, 14.50);
insert into STATION values (4375, '15B', 1689, 495401.34, 4309061.13, 26.61);
insert into STATION values (4376, '15C', 1689, 495390.08, 4309047.75, 36.31);
insert into STATION values (4377, '21', 1689, 495403.61, 4309082.12, 15.18);
insert into STATION values (4378, '22', 1689, 495395.15, 4309079.82, 14.06);
insert into STATION values (4379, '23', 1689, 495395.15, 4309079.82, 5.56);
insert into STATION values (4380, 'A', 1689, 495401.43, 4309092.24, 18.33);
insert into STATION values (4381, 'B', 1689, 495406.47, 4309084.08, 18.73);
insert into STATION values (4382, 'C', 1689, 495405.17, 4309082.61, 17.19);
insert into STATION values (4383, '24', 1689, 495389.38, 4309078.18, 5.66);
insert into STATION values (4384, '25', 1689, 495397.11, 4309085.48, 5.14);
insert into STATION values (4385, '0', 1693, 495075.00, 4308714.00, 253.00);
insert into STATION_FLAG values(4385, 'ent');
insert into STATION values (4386, '1', 1693, 495079.21, 4308716.83, 248.59);
insert into STATION values (4387, '2', 1693, 495088.20, 4308714.57, 243.45);
insert into STATION values (4388, '3', 1693, 495096.08, 4308707.45, 240.61);
insert into STATION values (4389, '4', 1693, 495098.34, 4308704.33, 239.50);
insert into STATION values (4390, '5', 1693, 495102.22, 4308702.91, 237.49);
insert into STATION values (4391, '6', 1693, 495101.85, 4308699.94, 236.68);
insert into STATION values (4392, '7', 1693, 495104.34, 4308695.94, 235.33);
insert into STATION values (4393, '8', 1693, 495107.59, 4308698.76, 234.02);
insert into STATION values (4394, '9', 1693, 495117.54, 4308702.36, 233.28);
insert into STATION values (4395, '10', 1693, 495119.13, 4308699.35, 232.11);
insert into STATION values (4396, '11', 1693, 495121.25, 4308698.78, 232.11);
insert into STATION values (4397, '12', 1693, 495125.12, 4308688.65, 230.97);
insert into STATION values (4398, '13', 1693, 495125.86, 4308688.29, 229.03);
insert into STATION values (4399, '14', 1693, 495126.73, 4308689.86, 229.03);
insert into STATION values (4400, '15', 1693, 495128.21, 4308689.04, 229.65);
insert into STATION values (4401, '16', 1693, 495128.21, 4308689.04, 221.70);
insert into STATION values (4402, '17', 1693, 495130.42, 4308688.40, 221.70);
insert into STATION values (4403, '18', 1693, 495127.75, 4308682.95, 221.06);
insert into STATION values (4404, '19', 1693, 495132.83, 4308678.36, 220.22);
insert into STATION values (4405, '20', 1693, 495139.38, 4308682.76, 220.22);
insert into STATION values (4406, '21', 1693, 495145.49, 4308678.63, 220.87);
insert into STATION values (4407, '22', 1693, 495145.49, 4308678.63, 220.87);
insert into STATION values (4408, 'ENT_303001', 1683, 495068.00, 4309020.00, 186.00);
insert into STATION_FLAG values(4408, 'fix');
insert into STATION values (4409, 'ENT_303002', 1683, 494398.00, 4309243.00, 163.00);
insert into STATION_FLAG values(4409, 'fix');
insert into STATION values (4410, 'ENT_303003', 1683, 495399.00, 4309090.00, 20.00);
insert into STATION_FLAG values(4410, 'fix');
insert into STATION values (4411, 'ENT_303004', 1683, 494845.00, 4308933.00, 274.00);
insert into STATION_FLAG values(4411, 'fix');
insert into STATION values (4412, 'ENT_303005', 1683, 495383.00, 4308977.00, 55.00);
insert into STATION_FLAG values(4412, 'fix');
insert into STATION values (4413, 'ENT_303006', 1683, 495075.00, 4308714.00, 253.00);
insert into STATION_FLAG values(4413, 'fix');
insert into STATION values (4414, 'ENT_303007', 1683, 494387.00, 4309486.00, 86.00);
insert into STATION_FLAG values(4414, 'fix');
insert into STATION values (4415, 'ENT_303008', 1683, 494567.00, 4309691.00, 0.00);
insert into STATION_FLAG values(4415, 'fix');
insert into STATION values (4416, 'ENT_303009', 1683, 493877.00, 4308702.00, 0.00);
insert into STATION_FLAG values(4416, 'fix');
insert into STATION values (4417, 'ENT_303010', 1683, 493877.00, 4308689.00, 0.00);
insert into STATION_FLAG values(4417, 'fix');
insert into STATION values (4418, 'ENT_303011', 1683, 493833.00, 4308577.00, 0.00);
insert into STATION_FLAG values(4418, 'fix');
insert into STATION values (4419, 'ENT_303012', 1683, 494928.00, 4309421.00, 301.00);
insert into STATION_FLAG values(4419, 'fix');
insert into STATION values (4420, 'ENT_303013', 1683, 494496.00, 4309737.00, 0.00);
insert into STATION_FLAG values(4420, 'fix');
insert into STATION values (4421, 'ENT_303014', 1683, 495472.00, 4308988.00, 21.00);
insert into STATION_FLAG values(4421, 'fix');
insert into STATION values (4422, 'ENT_303015', 1683, 494941.00, 4309441.00, 0.00);
insert into STATION_FLAG values(4422, 'fix');
insert into STATION values (4423, '0', 1701, 493001.00, 4308652.00, 330.00);
insert into STATION_FLAG values(4423, 'ent');
insert into STATION values (4424, '1', 1701, 493002.56, 4308649.23, 321.39);
insert into STATION values (4425, 'A1', 1701, 493007.06, 4308654.07, 329.71);
insert into STATION values (4426, 'A2', 1701, 493004.37, 4308652.37, 325.73);
insert into STATION values (4427, '2', 1701, 493004.91, 4308644.81, 319.57);
insert into STATION values (4428, '3', 1701, 493006.98, 4308642.74, 319.67);
insert into STATION values (4429, '4', 1701, 493007.65, 4308637.89, 309.51);
insert into STATION values (4430, '5', 1701, 493006.17, 4308634.32, 308.84);
insert into STATION values (4431, '6', 1701, 493004.77, 4308627.98, 302.23);
insert into STATION values (4432, '7', 1701, 493002.13, 4308625.08, 302.45);
insert into STATION values (4433, '8', 1701, 493002.88, 4308622.66, 294.43);
insert into STATION values (4434, '9', 1701, 492996.82, 4308620.63, 287.60);
insert into STATION values (4435, '10', 1701, 492995.55, 4308620.99, 287.39);
insert into STATION values (4436, '11', 1701, 492993.24, 4308619.49, 286.15);
insert into STATION values (4437, '12', 1701, 492991.65, 4308619.59, 285.10);
insert into STATION values (4438, '13', 1701, 492991.12, 4308618.58, 284.65);
insert into STATION values (4439, '14', 1701, 492989.89, 4308619.05, 283.87);
insert into STATION values (4440, '15', 1701, 492989.40, 4308622.97, 282.81);
insert into STATION values (4441, '16', 1701, 492986.59, 4308625.35, 280.57);
insert into STATION values (4442, '17', 1701, 492984.68, 4308627.52, 278.29);
insert into STATION values (4443, '18', 1701, 492986.71, 4308629.07, 275.02);
insert into STATION values (4444, '19', 1701, 492988.87, 4308631.21, 271.44);
insert into STATION values (4445, '20', 1701, 492986.71, 4308631.86, 265.13);
insert into STATION values (4446, '21', 1701, 492984.73, 4308634.37, 265.20);
insert into STATION values (4447, '22', 1701, 492983.69, 4308635.89, 264.94);
insert into STATION values (4448, '23', 1701, 492981.39, 4308636.79, 264.97);
insert into STATION values (4449, 'B1', 1701, 492982.38, 4308634.78, 264.18);
insert into STATION values (4450, 'B2', 1701, 492981.47, 4308633.72, 264.27);
insert into STATION values (4451, 'B3', 1701, 492983.76, 4308631.28, 269.50);
insert into STATION values (4452, 'B4', 1701, 492985.35, 4308624.84, 274.61);
insert into STATION values (4453, 'B5', 1701, 492983.31, 4308628.55, 285.25);
insert into STATION values (4454, '24', 1701, 492982.10, 4308640.98, 264.38);
insert into STATION values (4455, '25', 1701, 492980.00, 4308642.08, 261.09);
insert into STATION values (4456, '26', 1701, 492975.32, 4308642.29, 251.22);
insert into STATION values (4457, '27', 1701, 492979.10, 4308641.55, 258.23);
insert into STATION values (4458, '28', 1701, 492976.71, 4308644.24, 253.97);
insert into STATION values (4459, '29', 1701, 492976.41, 4308653.39, 252.59);
insert into STATION values (4460, '30', 1701, 493002.51, 4308623.58, 280.65);
insert into STATION values (4461, '31', 1701, 492999.17, 4308628.48, 276.49);
insert into STATION values (4462, '0', 1705, 494716.00, 4309605.00, 3.00);
insert into STATION_FLAG values(4462, 'ent');
insert into STATION values (4463, 'S1.1', 1705, 494711.81, 4309603.15, 1.00);
insert into STATION values (4464, 'S1.2', 1705, 494707.02, 4309601.96, 0.20);
insert into STATION values (4465, 'S1.3', 1705, 494706.71, 4309599.06, -0.50);
insert into STATION values (4466, 'S1.4', 1705, 494702.05, 4309582.95, -3.30);
insert into STATION values (4467, 'S1.5', 1705, 494704.59, 4309579.17, -7.20);
insert into STATION values (4468, 'S1.6', 1705, 494697.19, 4309581.31, -16.40);
insert into STATION values (4469, 'S1.7', 1705, 494694.22, 4309583.90, -15.70);
insert into STATION values (4470, 'S1.8', 1705, 494685.97, 4309591.11, -8.70);
insert into STATION values (4471, 'S1.9.', 1705, 494679.76, 4309598.81, -3.90);
insert into STATION values (4472, 'S1.10', 1705, 494676.90, 4309600.54, -1.70);
insert into STATION values (4473, 'S1.11', 1705, 494674.32, 4309600.82, -0.20);
insert into STATION values (4474, 'S1.12', 1705, 494669.76, 4309603.05, 3.00);
insert into STATION values (4475, '1', 1705, 494671.53, 4309607.65, 3.87);
insert into STATION values (4476, '2', 1705, 494671.69, 4309615.52, 5.26);
insert into STATION values (4477, '3', 1705, 494671.02, 4309625.38, 5.53);
insert into STATION values (4478, '4', 1705, 494662.18, 4309631.19, 7.10);
insert into STATION values (4479, 'D1', 1705, 494665.65, 4309634.77, 6.33);
insert into STATION values (4480, 'D2', 1705, 494661.91, 4309635.60, 5.80);
insert into STATION values (4481, 'D3', 1705, 494656.89, 4309638.15, 7.68);
insert into STATION values (4482, 'D4', 1705, 494653.17, 4309639.11, 6.23);
insert into STATION values (4483, '5', 1705, 494656.20, 4309635.54, 10.39);
insert into STATION values (4484, '6', 1705, 494651.29, 4309634.13, 9.28);
insert into STATION values (4485, '7', 1705, 494647.79, 4309630.93, 7.68);
insert into STATION values (4486, '8', 1705, 494646.20, 4309629.61, 7.97);
insert into STATION values (4487, 'E1', 1705, 494644.02, 4309626.07, 3.45);
insert into STATION values (4488, '9', 1705, 494645.41, 4309623.62, 8.73);
insert into STATION values (4489, '10', 1705, 494643.25, 4309620.62, 7.36);
insert into STATION values (4490, '11', 1705, 494640.86, 4309613.45, 4.30);
insert into STATION values (4491, 'F1', 1705, 494645.81, 4309620.43, 5.03);
insert into STATION values (4492, 'F2', 1705, 494643.67, 4309617.14, 6.48);
insert into STATION values (4493, 'F3', 1705, 494642.07, 4309611.63, 4.89);
insert into STATION values (4494, 'F4', 1705, 494640.65, 4309612.27, 3.66);
insert into STATION values (4495, 'G1', 1705, 494666.79, 4309622.17, 6.88);
insert into STATION values (4496, 'G2', 1705, 494662.59, 4309619.28, 7.68);
insert into STATION values (4497, 'G3', 1705, 494658.01, 4309610.68, 7.26);
insert into STATION values (4498, 'G4', 1705, 494648.33, 4309607.84, 7.51);
insert into STATION values (4499, 'G5', 1705, 494643.67, 4309606.88, 15.18);
insert into STATION values (4500, 'S2.0', 1705, 494674.07, 4309585.61, 1.90);
insert into STATION values (4501, 'S2.1', 1705, 494675.66, 4309583.23, 1.00);
insert into STATION values (4502, 'S2.2', 1705, 494680.50, 4309578.20, -2.90);
insert into STATION values (4503, 'S2.3', 1705, 494682.48, 4309573.72, -1.90);
insert into STATION values (4504, 'S2.4', 1705, 494684.81, 4309568.46, -3.60);
insert into STATION values (4505, 'S2.5', 1705, 494683.73, 4309570.41, -1.60);
insert into STATION values (4506, 'S2.6', 1705, 494676.44, 4309569.28, 1.50);
insert into STATION values (4507, 'S2.7', 1705, 494675.53, 4309570.23, 3.00);
insert into STATION values (4508, 'S2.8', 1705, 494665.59, 4309571.30, 3.00);
insert into STATION values (4509, 'ENTREE', 1705, 494745.31, 4309597.29, 6.44);
insert into STATION values (4510, 'xr_1', 1705, 494743.37, 4309597.66, 4.52);
insert into STATION values (4511, 'xr_2', 1705, 494740.48, 4309597.44, 3.41);
insert into STATION values (4512, 'xr_3', 1705, 494718.14, 4309608.62, 4.29);
insert into STATION values (4513, 'xr_4', 1705, 494710.70, 4309613.95, 7.80);
insert into STATION values (4514, 'xr_6', 1705, 494718.60, 4309604.50, 4.36);
insert into STATION values (4515, 'xr_7', 1705, 494722.10, 4309596.79, 7.95);
insert into STATION values (4516, 'xr_8', 1705, 494723.75, 4309594.78, 8.00);
insert into STATION values (4517, 'xr_9', 1705, 494721.56, 4309591.93, 4.98);
insert into STATION values (4518, 'xr_10', 1705, 494725.33, 4309587.79, 5.08);
insert into STATION values (4519, 'xr_11', 1705, 494730.66, 4309580.57, 7.31);
insert into STATION values (4520, 'xr_12', 1705, 494729.62, 4309589.19, 8.85);
insert into STATION values (4521, 'xr_13', 1705, 494731.93, 4309586.75, 9.62);
insert into STATION values (4522, 'xr_14', 1705, 494732.86, 4309583.59, 9.68);
insert into STATION values (4523, 'xr_15', 1705, 494724.14, 4309607.72, 7.79);
insert into STATION values (4524, 'xr_16', 1705, 494740.46, 4309600.24, 6.53);
insert into STATION values (4525, 'xr_17', 1705, 494745.07, 4309600.13, 4.42);
insert into STATION values (4526, 'xr_18', 1705, 494739.31, 4309604.10, 4.42);
insert into STATION values (4527, '100', 1714, 493519.00, 4304030.00, 545.00);
insert into STATION_FLAG values(4527, 'ent');
insert into STATION values (4528, '101', 1714, 493519.00, 4304030.00, 540.00);
insert into STATION values (4529, '102', 1714, 493509.12, 4304029.67, 509.57);
insert into STATION values (4530, '200', 1714, 493509.12, 4304029.67, 509.57);
insert into STATION values (4531, '201', 1714, 493503.68, 4304044.69, 497.53);
insert into STATION values (4532, '202', 1714, 493498.72, 4304058.38, 486.95);
insert into STATION values (4533, '203', 1714, 493496.59, 4304067.69, 476.71);
insert into STATION values (4534, '204', 1714, 493503.09, 4304073.73, 467.20);
insert into STATION values (4535, '205', 1714, 493503.10, 4304079.02, 464.39);
insert into STATION values (4536, '206', 1714, 493503.10, 4304079.02, 459.39);
insert into STATION values (4537, '207', 1714, 493493.88, 4304093.26, 448.79);
insert into STATION values (4538, '208', 1714, 493494.16, 4304107.89, 435.15);
insert into STATION values (4539, '209', 1714, 493487.95, 4304121.26, 424.82);
insert into STATION values (4540, '210', 1714, 493486.14, 4304128.10, 417.75);
insert into STATION values (4541, '211', 1714, 493486.14, 4304128.10, 408.75);
insert into STATION values (4542, '212', 1714, 493486.49, 4304130.97, 407.98);
insert into STATION values (4543, '213', 1714, 493486.49, 4304130.97, 399.98);
insert into STATION values (4544, '214', 1714, 493483.18, 4304133.76, 397.48);
insert into STATION values (4545, '215', 1714, 493477.99, 4304139.97, 393.53);
insert into STATION values (4546, '216', 1714, 493479.46, 4304142.21, 390.56);
insert into STATION values (4547, '217', 1714, 493480.38, 4304141.82, 390.56);
insert into STATION values (4548, '218', 1714, 493480.38, 4304141.82, 383.56);
insert into STATION values (4549, '219', 1714, 493488.55, 4304141.37, 377.82);
insert into STATION values (4550, '220', 1714, 493503.76, 4304140.02, 368.28);
insert into STATION values (4551, '221', 1714, 493500.07, 4304153.87, 355.82);
insert into STATION values (4552, '222', 1714, 493498.25, 4304158.92, 351.32);
insert into STATION values (4553, '223', 1714, 493498.25, 4304158.92, 348.32);
insert into STATION values (4554, '301', 1714, 493470.72, 4304168.78, 296.40);
insert into STATION values (4555, '300', 1714, 493471.26, 4304178.81, 285.26);
insert into STATION values (4556, '302', 1714, 493474.53, 4304161.88, 302.56);
insert into STATION values (4557, '303', 1714, 493474.23, 4304160.38, 303.84);
insert into STATION values (4558, '304', 1714, 493475.56, 4304156.92, 309.78);
insert into STATION values (4559, '305', 1714, 493479.88, 4304157.44, 316.49);
insert into STATION values (4560, '306', 1714, 493483.56, 4304158.15, 325.76);
insert into STATION values (4561, '307', 1714, 493491.27, 4304156.07, 340.77);
insert into STATION values (4562, '308', 1714, 493497.26, 4304158.73, 348.32);
insert into STATION values (4563, '309', 1714, 493498.25, 4304158.92, 348.32);
insert into STATION values (4564, '400', 1714, 493471.26, 4304178.81, 285.26);
insert into STATION values (4565, '401', 1714, 493466.52, 4304179.65, 275.37);
insert into STATION values (4566, '402', 1714, 493466.52, 4304179.65, 255.37);
insert into STATION values (4567, '403', 1714, 493464.15, 4304181.50, 255.37);
insert into STATION values (4568, '404', 1714, 493464.15, 4304181.50, 234.37);
insert into STATION values (4569, '405', 1714, 493462.93, 4304183.08, 234.37);
insert into STATION values (4570, '406', 1714, 493462.93, 4304183.08, 225.37);
insert into STATION values (4571, '407', 1714, 493458.50, 4304195.30, 225.82);
insert into STATION values (4572, '408', 1714, 493454.91, 4304208.82, 225.33);
insert into STATION values (4573, '409', 1714, 493459.64, 4304221.77, 213.76);
insert into STATION values (4574, '410', 1714, 493460.13, 4304230.75, 213.45);
insert into STATION values (4575, '411', 1714, 493462.81, 4304241.42, 213.45);
insert into STATION values (4576, '500', 1714, 493459.64, 4304221.77, 213.76);
insert into STATION values (4577, '501', 1714, 493460.76, 4304218.99, 213.61);
insert into STATION values (4578, '502', 1714, 493464.10, 4304217.83, 211.73);
insert into STATION values (4579, '503', 1714, 493466.07, 4304217.66, 211.45);
insert into STATION values (4580, '504', 1714, 493472.80, 4304230.81, 208.85);
insert into STATION values (4581, '505', 1714, 493471.25, 4304239.67, 208.85);
insert into STATION values (4582, '506', 1714, 493469.45, 4304244.65, 211.66);
insert into STATION values (4583, '507', 1714, 493466.13, 4304249.41, 210.11);
insert into STATION values (4584, '508', 1714, 493466.00, 4304257.86, 207.03);
insert into STATION values (4585, '509', 1714, 493466.22, 4304263.84, 207.55);
insert into STATION values (4586, '510', 1714, 493467.92, 4304267.46, 207.62);
insert into STATION values (4587, '511', 1714, 493468.60, 4304272.98, 205.38);
insert into STATION values (4588, '512', 1714, 493466.32, 4304276.26, 205.24);
insert into STATION values (4589, '513', 1714, 493466.84, 4304279.20, 204.98);
insert into STATION values (4590, '514', 1714, 493465.67, 4304280.19, 206.26);
insert into STATION values (4591, '515', 1714, 493461.84, 4304281.01, 205.43);
insert into STATION values (4592, '516', 1714, 493460.21, 4304288.78, 204.45);
insert into STATION values (4593, '517', 1714, 493460.53, 4304292.39, 206.14);
insert into STATION values (4594, '518', 1714, 493463.76, 4304294.64, 205.45);
insert into STATION values (4595, '601', 1714, 493449.98, 4304383.55, 187.48);
insert into STATION values (4596, '600', 1714, 493448.37, 4304391.88, 179.00);
insert into STATION values (4597, '602', 1714, 493451.89, 4304369.77, 193.10);
insert into STATION values (4598, '603', 1714, 493452.49, 4304362.80, 192.86);
insert into STATION values (4599, '604', 1714, 493454.49, 4304354.70, 196.23);
insert into STATION values (4600, '605', 1714, 493460.95, 4304333.45, 202.18);
insert into STATION values (4601, '606', 1714, 493457.18, 4304321.17, 204.22);
insert into STATION values (4602, '607', 1714, 493457.92, 4304310.21, 204.60);
insert into STATION values (4603, '608', 1714, 493461.30, 4304305.36, 205.64);
insert into STATION values (4604, '609', 1714, 493463.76, 4304294.64, 205.45);
insert into STATION values (4605, '0', 1721, 492409.00, 4307605.00, 212.00);
insert into STATION_FLAG values(4605, 'ent');
insert into STATION values (4606, '1', 1721, 492412.52, 4307602.53, 214.69);
insert into STATION values (4607, '2', 1721, 492415.34, 4307598.33, 219.41);
insert into STATION values (4608, '3', 1721, 492422.39, 4307587.84, 236.18);
insert into STATION values (4609, '4', 1721, 492422.38, 4307583.59, 237.64);
insert into STATION values (4610, '5', 1721, 492422.38, 4307583.59, 237.64);
insert into STATION values (4611, '6', 1721, 492420.57, 4307577.32, 239.15);
insert into STATION values (4612, '7', 1721, 492421.10, 4307572.23, 245.46);
insert into STATION values (4613, '8', 1721, 492424.07, 4307567.63, 248.76);
insert into STATION values (4614, '9', 1721, 492424.70, 4307581.50, 237.37);
insert into STATION values (4615, '10', 1721, 492423.70, 4307578.78, 264.94);
insert into STATION values (4616, '11', 1721, 492423.18, 4307581.24, 276.75);
insert into STATION values (4617, '12', 1721, 492422.80, 4307583.65, 279.56);
insert into STATION values (4618, 'ENT_304001', 1699, 493130.00, 4308331.00, 399.00);
insert into STATION_FLAG values(4618, 'fix');
insert into STATION values (4619, 'ENT_304002', 1699, 493244.00, 4309199.00, 315.00);
insert into STATION_FLAG values(4619, 'fix');
insert into STATION values (4620, 'ENT_304003', 1699, 493001.00, 4308652.00, 330.00);
insert into STATION_FLAG values(4620, 'fix');
insert into STATION values (4621, 'ENT_304004', 1699, 494716.00, 4309605.00, 3.00);
insert into STATION_FLAG values(4621, 'fix');
insert into STATION values (4622, 'ENT_304005', 1699, 493342.00, 4308357.00, 484.00);
insert into STATION_FLAG values(4622, 'fix');
insert into STATION values (4623, 'ENT_304006', 1699, 493337.00, 4308329.00, 488.00);
insert into STATION_FLAG values(4623, 'fix');
insert into STATION values (4624, 'ENT_304007', 1699, 492238.00, 4307919.00, 544.00);
insert into STATION_FLAG values(4624, 'fix');
insert into STATION values (4625, 'ENT_304008', 1699, 493149.00, 4307944.00, 533.00);
insert into STATION_FLAG values(4625, 'fix');
insert into STATION values (4626, 'ENT_304009', 1699, 493139.00, 4307904.00, 533.00);
insert into STATION_FLAG values(4626, 'fix');
insert into STATION values (4627, 'ENT_304010', 1699, 493149.00, 4307879.00, 522.00);
insert into STATION_FLAG values(4627, 'fix');
insert into STATION values (4628, 'ENT_304011', 1699, 492835.00, 4307760.00, 386.00);
insert into STATION_FLAG values(4628, 'fix');
insert into STATION values (4629, 'ENT_304012', 1699, 492741.00, 4307760.00, 372.00);
insert into STATION_FLAG values(4629, 'fix');
insert into STATION values (4630, 'ENT_304013', 1699, 492538.00, 4307322.00, 344.00);
insert into STATION_FLAG values(4630, 'fix');
insert into STATION values (4631, 'ENT_304014', 1699, 492549.00, 4307305.00, 0.00);
insert into STATION_FLAG values(4631, 'fix');
insert into STATION values (4632, 'ENT_304015', 1699, 493740.00, 4308750.00, 0.00);
insert into STATION_FLAG values(4632, 'fix');
insert into STATION values (4633, 'ENT_304016', 1699, 493735.00, 4308575.00, 0.00);
insert into STATION_FLAG values(4633, 'fix');
insert into STATION values (4634, 'ENT_304017', 1699, 493488.00, 4308749.00, 0.00);
insert into STATION_FLAG values(4634, 'fix');
insert into STATION values (4635, 'ENT_304018', 1699, 493487.00, 4308761.00, 0.00);
insert into STATION_FLAG values(4635, 'fix');
insert into STATION values (4636, 'ENT_304019', 1699, 493354.00, 4308416.00, 0.00);
insert into STATION_FLAG values(4636, 'fix');
insert into STATION values (4637, 'ENT_304020', 1699, 493378.00, 4308649.00, 0.00);
insert into STATION_FLAG values(4637, 'fix');
insert into STATION values (4638, 'ENT_304021', 1699, 493345.00, 4308371.00, 483.00);
insert into STATION_FLAG values(4638, 'fix');
insert into STATION values (4639, 'ENT_304022', 1699, 492718.00, 4307932.00, 358.00);
insert into STATION_FLAG values(4639, 'fix');
insert into STATION values (4640, 'ENT_304023', 1699, 494209.00, 4303537.00, 438.00);
insert into STATION_FLAG values(4640, 'fix');
insert into STATION values (4641, 'ENT_304024', 1699, 494247.00, 4303396.00, 412.00);
insert into STATION_FLAG values(4641, 'fix');
insert into STATION values (4642, 'ENT_304025', 1699, 492630.00, 4307395.00, 325.00);
insert into STATION_FLAG values(4642, 'fix');
insert into STATION values (4643, 'ENT_304026', 1699, 492811.00, 4307523.00, 387.00);
insert into STATION_FLAG values(4643, 'fix');
insert into STATION values (4644, 'ENT_304027', 1699, 492811.00, 4307523.00, 387.00);
insert into STATION_FLAG values(4644, 'fix');
insert into STATION values (4645, 'ENT_304028', 1699, 492744.00, 4307438.00, 368.00);
insert into STATION_FLAG values(4645, 'fix');
insert into STATION values (4646, 'ENT_304029', 1699, 492791.00, 4307449.00, 380.00);
insert into STATION_FLAG values(4646, 'fix');
insert into STATION values (4647, 'ENT_304030', 1699, 493519.00, 4304030.00, 545.00);
insert into STATION_FLAG values(4647, 'fix');
insert into STATION values (4648, 'ENT_304031', 1699, 493402.00, 4304216.00, 562.00);
insert into STATION_FLAG values(4648, 'fix');
insert into STATION values (4649, 'ENT_304032', 1699, 493524.00, 4304050.00, 554.00);
insert into STATION_FLAG values(4649, 'fix');
insert into STATION values (4650, 'ENT_304033', 1699, 493405.00, 4304223.00, 557.00);
insert into STATION_FLAG values(4650, 'fix');
insert into STATION values (4651, 'ENT_304034', 1699, 493434.00, 4304074.00, 54.00);
insert into STATION_FLAG values(4651, 'fix');
insert into STATION values (4652, 'ENT_304035', 1699, 492079.00, 4310722.00, 0.00);
insert into STATION_FLAG values(4652, 'fix');
insert into STATION values (4653, 'ENT_304036', 1699, 492861.00, 4307876.00, 399.00);
insert into STATION_FLAG values(4653, 'fix');
insert into STATION values (4654, 'ENT_304037', 1699, 494155.00, 4303338.00, 407.00);
insert into STATION_FLAG values(4654, 'fix');
insert into STATION values (4655, 'ENT_304038', 1699, 492564.00, 4307349.00, 347.00);
insert into STATION_FLAG values(4655, 'fix');
insert into STATION values (4656, 'ENT_304039', 1699, 491290.00, 4307597.00, 230.00);
insert into STATION_FLAG values(4656, 'fix');
insert into STATION values (4657, 'ENT_304040', 1699, 490540.00, 4306695.00, 106.00);
insert into STATION_FLAG values(4657, 'fix');
insert into STATION values (4658, 'ENT_304041', 1699, 492249.00, 4307720.00, 65.00);
insert into STATION_FLAG values(4658, 'fix');
insert into STATION values (4659, 'ENT_304042', 1699, 492261.00, 4307711.00, 95.00);
insert into STATION_FLAG values(4659, 'fix');
insert into STATION values (4660, 'ENT_304043', 1699, 490540.00, 4306695.00, 106.00);
insert into STATION_FLAG values(4660, 'fix');
insert into STATION values (4661, 'ENT_304044', 1699, 490470.00, 4306552.00, 101.00);
insert into STATION_FLAG values(4661, 'fix');
insert into STATION values (4662, 'ENT_304045', 1699, 491049.00, 4307630.00, 250.00);
insert into STATION_FLAG values(4662, 'fix');
insert into STATION values (4663, 'ENT_304046', 1699, 491165.00, 4307597.00, 0.00);
insert into STATION_FLAG values(4663, 'fix');
insert into STATION values (4664, 'ENT_304047', 1699, 492098.00, 4306813.00, 276.00);
insert into STATION_FLAG values(4664, 'fix');
insert into STATION values (4665, 'ENT_304048', 1699, 492226.00, 4306784.00, 260.00);
insert into STATION_FLAG values(4665, 'fix');
insert into STATION values (4666, 'ENT_304049', 1699, 492134.00, 4306635.00, 258.00);
insert into STATION_FLAG values(4666, 'fix');
insert into STATION values (4667, 'ENT_304050', 1699, 491671.00, 4306206.00, 299.00);
insert into STATION_FLAG values(4667, 'fix');
insert into STATION values (4668, 'ENT_304051', 1699, 491307.00, 4306156.00, 259.00);
insert into STATION_FLAG values(4668, 'fix');
insert into STATION values (4669, 'ENT_304052', 1699, 491808.00, 4306374.00, 291.00);
insert into STATION_FLAG values(4669, 'fix');
insert into STATION values (4670, 'ENT_304053', 1699, 493210.00, 4307750.00, 456.00);
insert into STATION_FLAG values(4670, 'fix');
insert into STATION values (4671, 'ENT_304054', 1699, 492409.00, 4307605.00, 212.00);
insert into STATION_FLAG values(4671, 'fix');
insert into STATION values (4672, 'ENT_304055', 1699, 492487.00, 4307678.00, 229.00);
insert into STATION_FLAG values(4672, 'fix');
insert into STATION values (4673, 'ENT_304056', 1699, 492484.00, 4307639.00, 224.00);
insert into STATION_FLAG values(4673, 'fix');
insert into STATION values (4674, 'ENT_304057', 1699, 492637.00, 4307761.00, 300.00);
insert into STATION_FLAG values(4674, 'fix');
insert into STATION values (4675, 'ENT_304058', 1699, 493722.00, 4308518.00, 482.00);
insert into STATION_FLAG values(4675, 'fix');
insert into STATION values (4676, 'ENT_401001', 1729, 577225.00, 4604263.00, 0.00);
insert into STATION_FLAG values(4676, 'fix');
insert into STATION values (4677, 'ENT_401002', 1729, 577141.00, 4603383.00, 0.00);
insert into STATION_FLAG values(4677, 'fix');
insert into STATION values (4678, 'ENT_401003', 1729, 577289.00, 4604031.00, 122.00);
insert into STATION_FLAG values(4678, 'fix');
insert into STATION values (4679, 'ENT_401004', 1729, 577528.00, 4603955.00, 0.00);
insert into STATION_FLAG values(4679, 'fix');
insert into STATION values (4680, 'ENT_401005', 1729, 577555.00, 4603901.00, 0.00);
insert into STATION_FLAG values(4680, 'fix');
insert into STATION values (4681, 'ENT_401006', 1729, 576150.00, 4598655.00, 250.00);
insert into STATION_FLAG values(4681, 'fix');
insert into STATION values (4682, 'ENT_401007', 1729, 576183.00, 4600809.00, 0.00);
insert into STATION_FLAG values(4682, 'fix');
insert into STATION values (4683, 'ENT_401008', 1729, 576064.00, 4600782.00, 0.00);
insert into STATION_FLAG values(4683, 'fix');
insert into STATION values (4684, 'ENT_401009', 1729, 575588.00, 4601180.00, 0.00);
insert into STATION_FLAG values(4684, 'fix');
insert into STATION values (4685, 'ENT_401010', 1729, 575786.00, 4601270.00, 0.00);
insert into STATION_FLAG values(4685, 'fix');
insert into STATION values (4686, 'ENT_401011', 1729, 575977.00, 4601227.00, 0.00);
insert into STATION_FLAG values(4686, 'fix');
insert into STATION values (4687, 'ENT_401012', 1729, 575925.00, 4601038.00, 0.00);
insert into STATION_FLAG values(4687, 'fix');
insert into STATION values (4688, 'ENT_401013', 1729, 576005.00, 4597166.00, 0.00);
insert into STATION_FLAG values(4688, 'fix');
insert into STATION values (4689, 'ENT_401014', 1729, 577950.00, 4597074.00, 0.00);
insert into STATION_FLAG values(4689, 'fix');
insert into STATION values (4690, 'ENT_401015', 1729, 578009.00, 4597133.00, 0.00);
insert into STATION_FLAG values(4690, 'fix');
insert into STATION values (4691, 'ENT_401016', 1729, 576724.00, 4597385.00, 0.00);
insert into STATION_FLAG values(4691, 'fix');
insert into STATION values (4692, 'ENT_401017', 1729, 575986.00, 4597099.00, 0.00);
insert into STATION_FLAG values(4692, 'fix');
insert into STATION values (4693, 'ENT_401018', 1729, 575384.00, 4601618.00, 48.00);
insert into STATION_FLAG values(4693, 'fix');
insert into STATION values (4694, 'ENT_401019', 1729, 575379.00, 4601714.00, 36.00);
insert into STATION_FLAG values(4694, 'fix');
insert into STATION values (4695, 'ENT_401020', 1729, 575465.00, 4601707.00, 58.00);
insert into STATION_FLAG values(4695, 'fix');
insert into STATION values (4696, 'ENT_401021', 1729, 575691.00, 4601178.00, 0.00);
insert into STATION_FLAG values(4696, 'fix');
insert into STATION values (4697, '607', 1423, 473693.77, 4428223.41, 66.23);
insert into STATION values (4698, 'PerteDesLobos', 1543, 467782.00, 4422983.00, 330.00);
