create table SURVEY (ID integer, PARENT_ID integer, NAME varchar(51), FULL_NAME varchar(47), TITLE varchar(59));
create table CENTRELINE (ID integer, SURVEY_ID integer, TITLE varchar(4), TOPO_DATE date, EXPLO_DATE date, LENGTH real, SURFACE_LENGTH real, DUPLICATE_LENGTH real);
create table PERSON (ID integer, NAME varchar(15), SURNAME varchar(11));
create table EXPLO (PERSON_ID integer, CENTRELINE_ID integer);
create table TOPO (PERSON_ID integer, CENTRELINE_ID integer);
create table STATION (ID integer, NAME varchar(16), SURVEY_ID integer, X real, Y real, Z real);
create table STATION_FLAG (STATION_ID integer, FLAG char(3));
create table SHOT (ID integer, FROM_ID integer, TO_ID integer, CENTRELINE_ID integer, LENGTH real, BEARING real, GRADIENT real, ADJ_LENGTH real, ADJ_BEARING real, ADJ_GRADIENT real, ERR_LENGTH real, ERR_BEARING real, ERR_GRADIENT real);
create table SHOT_FLAG (SHOT_ID integer, FLAG char(3));
create table MAPS (ID integer, SURVEY_ID integer, NAME varchar(51), TITLE varchar(59), PROJID integer, LENGTH real, DEPTH real);
create table SCRAPS (ID integer, SURVEY_ID integer, NAME varchar(51), PROJID integer, MAX_DISTORTION real, AVG_DISTORTION real);
create table MAPITEMS (ID integer, TYPE integer, ITEMID integer);
insert into SURVEY values (1, 0, '', '', NULL);
 insert into CENTRELINE values (2, 1, NULL, NULL, NULL, 0.00, 0.00, 0.00);
 insert into SURVEY values (22, 1, 'UltimaPatagonia', 'UltimaPatagonia', NULL);
 insert into CENTRELINE values (23, 22, NULL, NULL, NULL, 0.00, 0.00, 0.00);
 insert into SURVEY values (24, 22, '101', '101.UltimaPatagonia', '101 MDD Nord Ouest');
 insert into CENTRELINE values (25, 24, NULL, NULL, NULL, 0.00, 0.00, 0.00);
 insert into CENTRELINE values (26, 24, NULL, NULL, NULL, 0.00, 0.00, 0.00);
 insert into SURVEY values (28, 22, '102', '102.UltimaPatagonia', '102 Trininad');
 insert into CENTRELINE values (29, 28, NULL, NULL, NULL, 0.00, 0.00, 0.00);
 insert into CENTRELINE values (30, 28, NULL, NULL, NULL, 0.00, 0.00, 0.00);
 insert into SURVEY values (32, 22, '104', '104.UltimaPatagonia', '104 Resurgence Ouest');
 insert into CENTRELINE values (33, 32, NULL, NULL, NULL, 0.00, 0.00, 0.00);
 insert into CENTRELINE values (34, 32, NULL, NULL, NULL, 0.00, 0.00, 0.00);
 insert into SURVEY values (36, 22, '105', '105.UltimaPatagonia', '105 Grand Lac');
 insert into CENTRELINE values (37, 36, NULL, NULL, NULL, 0.00, 0.00, 0.00);
 insert into CENTRELINE values (38, 36, NULL, NULL, NULL, 0.00, 0.00, 0.00);
 insert into SURVEY values (40, 22, '106', '106.UltimaPatagonia', '106 Seno Egg');
 insert into CENTRELINE values (41, 40, NULL, NULL, NULL, 0.00, 0.00, 0.00);
 insert into SURVEY values (42, 40, 'HaciendasSalinas', 'HaciendasSalinas.106.UltimaPatagonia', 'Haciendas Salinas');
 insert into CENTRELINE values (43, 42, NULL, NULL, NULL, 0.00, 0.00, 0.00);
 insert into SCRAPS values (44, 42, 'muddyhollows-p', 1, 2.64485, 0.52223);
 insert into SCRAPS values (146, 42, 'stalchamber-p', 1, 1.31811, 0.02501);
 insert into SCRAPS values (254, 42, 'waterworld-p', 1, 0.20652, 0.01411);
 insert into SCRAPS values (329, 42, 'entrance-p', 1, 38.99572, 9.72552);
 insert into SCRAPS values (464, 42, 'whiterhino-p', 1, 9.21546, 0.13135);
 insert into SCRAPS values (530, 42, 'DELETE-ME-survey-legs-DUPLICATE_haciendas_salinas-p', 1, 0.00000, 0.00000);
 insert into SCRAPS values (692, 42, 'sumpofdoom-p', 1, 3.25157, 0.19583);
 insert into SCRAPS values (736, 42, 'DUPLICATE_haciendas_salinas-1p', 1, 0.00000, 0.00000);
 insert into MAPS values (739, 42, 'm-all-p', NULL, 1, 1364.240, -88.392);
 insert into MAPITEMS values (739, 4, 329);
 insert into MAPITEMS values (739, 4, 692);
 insert into MAPITEMS values (739, 4, 44);
 insert into MAPITEMS values (739, 4, 464);
 insert into MAPITEMS values (739, 4, 146);
 insert into MAPITEMS values (739, 4, 254);
 insert into SURVEY values (740, 42, 'a', 'a.HaciendasSalinas.106.UltimaPatagonia', NULL);
 insert into CENTRELINE values (741, 740, NULL, NULL, NULL, 0.00, 0.00, 0.00);
 insert into CENTRELINE values (742, 740, NULL, '2008-04-06', NULL, 383.09, 0.00, 0.00);
 insert into PERSON values (1, 'Tim', 'Guilford');
insert into TOPO values (1, 742);
 insert into PERSON values (2, 'Simon', 'Headford');
insert into TOPO values (2, 742);
 insert into PERSON values (3, 'Lou', 'Maurice');
insert into TOPO values (3, 742);
 insert into SHOT values (1, 8, 9, 742, 8.670, 136.53, 2.00, 8.559, 136.51, 1.33, 0.150, 318.64, -43.80);
insert into SHOT values (2, 10, 8, 742, 13.910, 186.53, 37.00, 13.708, 187.56, 36.71, 0.291, 308.08, -37.26);
insert into SHOT values (3, 11, 10, 742, 4.290, 248.53, 40.00, 4.282, 249.34, 39.35, 0.068, 311.13, -38.89);
insert into SHOT values (4, 12, 11, 742, 8.460, 243.53, -21.00, 8.508, 244.33, -21.55, 0.146, 326.22, -39.99);
insert into SHOT values (5, 12, 13, 742, 12.100, 36.53, 6.00, 12.111, 37.33, 6.89, 0.252, 130.45, 48.46);
insert into SHOT values (6, 14, 13, 742, 10.700, 186.53, 8.00, 10.637, 187.29, 7.24, 0.209, 294.34, -45.56);
insert into SHOT values (7, 15, 14, 742, 7.570, 207.53, -14.00, 7.565, 208.24, -14.64, 0.124, 313.87, -40.74);
insert into SHOT values (8, 16, 15, 742, 6.590, 177.53, -27.00, 6.562, 178.04, -27.74, 0.104, 318.88, -37.48);
insert into SHOT values (9, 17, 16, 742, 9.590, 170.53, 24.00, 9.461, 171.12, 23.60, 0.170, 306.64, -41.45);
insert into SHOT values (10, 18, 17, 742, 7.160, 178.53, 14.00, 7.084, 179.07, 13.54, 0.115, 311.82, -39.91);
insert into SHOT values (11, 18, 19, 742, 9.530, 35.53, -27.00, 9.462, 36.38, -26.48, 0.167, 135.87, 40.41);
insert into SHOT values (12, 20, 19, 742, 7.620, 206.53, 22.00, 7.563, 207.27, 21.53, 0.124, 315.25, -39.64);
insert into SHOT values (13, 21, 20, 742, 21.780, 151.53, 27.00, 21.169, 152.20, 26.40, 0.688, 305.31, -43.76);
insert into SHOT values (14, 22, 21, 742, 11.300, 245.53, 15.00, 11.300, 245.53, 15.00, 0.000, 185.08, -0.00);
insert into SHOT values (15, 23, 22, 742, 4.830, 242.53, -13.00, 4.830, 242.53, -13.00, 0.000, 156.74, 0.00);
insert into SHOT values (16, 24, 23, 742, 5.950, 216.53, 23.00, 5.950, 216.53, 23.00, 0.000, 357.11, 0.00);
insert into SHOT values (17, 25, 24, 742, 16.600, 157.53, -24.00, 16.600, 157.53, -24.00, 0.000, 186.81, -0.00);
insert into SHOT values (18, 26, 21, 742, 12.950, 154.53, 26.00, 12.710, 154.99, 25.60, 0.272, 307.18, -42.65);
insert into SHOT values (19, 27, 26, 742, 12.650, 167.53, 16.00, 12.486, 168.25, 15.29, 0.273, 295.05, -45.52);
insert into SHOT values (20, 27, 28, 742, 25.290, 326.53, -24.00, 24.469, 327.07, -23.16, 0.923, 127.48, 45.96);
insert into SHOT values (21, 28, 29, 742, 15.950, 335.53, -18.00, 15.950, 335.53, -18.00, 0.000, 7.46, 0.00);
insert into SHOT values (22, 30, 29, 742, 5.560, 216.53, -1.00, 5.560, 216.53, -1.00, 0.000, 177.22, -0.00);
insert into SHOT values (23, 30, 31, 742, 6.140, 201.53, 86.00, 6.140, 201.53, 86.00, 0.000, 176.14, 0.00);
insert into SHOT values (24, 32, 31, 742, 3.210, 293.53, -10.00, 3.224, 294.57, -9.59, 0.064, 6.56, 18.81);
insert into SHOT values (25, 33, 32, 742, 18.820, 194.53, 21.00, 18.662, 194.59, 22.19, 0.420, 11.27, 46.25);
insert into SHOT values (26, 33, 34, 742, 5.460, 34.53, -19.00, 5.388, 35.13, -19.70, 0.111, 183.89, -20.19);
insert into SHOT values (27, 35, 34, 742, 8.130, 211.53, 12.00, 8.029, 211.97, 12.67, 0.151, 5.06, 28.03);
insert into SHOT values (28, 35, 36, 742, 11.340, 48.53, -5.00, 11.186, 49.40, -5.74, 0.271, 183.60, -28.61);
insert into SHOT values (29, 37, 36, 742, 10.610, 260.53, 8.00, 10.575, 262.11, 8.65, 0.314, 1.64, 21.31);
insert into SHOT values (30, 37, 38, 742, 5.440, 322.53, -12.00, 5.372, 321.78, -12.57, 0.111, 183.97, -20.14);
insert into SHOT values (31, 39, 38, 742, 8.340, 244.53, 10.00, 8.271, 245.64, 10.61, 0.193, 2.90, 22.63);
insert into SHOT values (32, 39, 40, 742, 7.830, 26.53, -10.00, 7.729, 26.87, -10.64, 0.141, 185.32, -28.39);
insert into SHOT values (33, 41, 40, 742, 5.390, 249.53, -9.00, 5.344, 250.50, -8.67, 0.105, 4.41, 20.96);
insert into SHOT values (34, 41, 42, 742, 4.460, 74.53, -19.00, 4.445, 75.49, -19.48, 0.081, 185.60, -21.88);
insert into SHOT values (35, 43, 42, 742, 8.400, 146.53, 20.00, 8.319, 145.87, 20.73, 0.162, 4.77, 26.53);
insert into SHOT values (36, 43, 44, 742, 2.140, 288.53, -49.00, 2.158, 287.00, -49.66, 0.048, 186.83, -37.84);
insert into SHOT values (37, 44, 45, 742, 2.590, 320.53, -33.00, 2.561, 319.26, -34.06, 0.073, 183.53, -18.95);
insert into SHOT values (38, 46, 45, 742, 7.430, 223.53, -2.00, 7.326, 224.19, -1.54, 0.146, 4.16, 25.02);
insert into SHOT values (39, 46, 47, 742, 2.150, 63.53, -11.00, 2.126, 64.70, -11.55, 0.054, 187.26, -16.86);
insert into SHOT values (40, 47, 48, 742, 2.840, 10.53, 2.00, 2.736, 10.86, 1.70, 0.106, 181.89, -9.69);
insert into SHOT values (41, 48, 49, 742, 3.170, 153.53, -66.00, 3.222, 154.63, -65.55, 0.063, 183.47, -36.30);
insert into SHOT values (42, 50, 49, 742, 3.750, 244.53, 2.00, 3.715, 245.45, 2.38, 0.073, 5.76, 18.62);
insert into SHOT values (43, 50, 51, 742, 16.400, 335.53, -22.00, 16.260, 334.93, -23.08, 0.374, 187.85, -38.17);
insert into SURVEY values (744, 42, 'b', 'b.HaciendasSalinas.106.UltimaPatagonia', NULL);
 insert into CENTRELINE values (745, 744, NULL, NULL, NULL, 0.00, 0.00, 0.00);
 insert into CENTRELINE values (746, 744, NULL, '2008-04-07', NULL, 354.54, 0.00, 0.00);
 insert into PERSON values (4, 'Tim', 'Guildford');
insert into TOPO values (4, 746);
 insert into TOPO values (2, 746);
 insert into TOPO values (3, 746);
 insert into PERSON values (5, 'Rick', 'Padfield');
insert into TOPO values (5, 746);
 insert into SHOT values (44, 52, 53, 746, 10.620, 77.53, 25.00, 10.714, 78.45, 25.55, 0.207, 152.97, 39.68);
insert into SHOT values (45, 52, 54, 746, 13.390, 278.53, -24.00, 13.582, 279.48, -24.57, 0.310, 338.55, -40.20);
insert into SHOT values (46, 54, 55, 746, 9.110, 306.53, -23.00, 9.258, 306.77, -23.31, 0.160, 323.23, -40.62);
insert into SHOT values (47, 55, 56, 746, 3.610, 152.53, 19.00, 3.546, 152.60, 18.82, 0.065, 328.70, -28.93);
insert into SHOT values (48, 56, 57, 746, 12.450, 344.53, -26.00, 12.654, 343.90, -26.42, 0.256, 303.41, -42.28);
insert into SHOT values (49, 57, 58, 746, 6.390, 255.53, -8.00, 6.430, 256.21, -8.51, 0.102, 323.24, -37.57);
insert into SHOT values (50, 58, 59, 746, 14.390, 173.53, 31.00, 14.390, 173.53, 31.00, 0.000, 7.26, -0.00);
insert into SHOT values (51, 59, 60, 746, 4.820, 130.53, 12.00, 4.820, 130.53, 12.00, 0.000, 67.51, -0.22);
insert into SHOT values (52, 60, 61, 746, 6.480, 197.53, 22.00, 6.480, 197.53, 22.00, 0.000, 174.86, 0.00);
insert into SHOT values (53, 61, 62, 746, 6.990, 224.53, 12.00, 6.990, 224.53, 12.00, 0.000, 5.87, 0.00);
insert into SHOT values (54, 62, 63, 746, 3.900, 209.53, 36.00, 3.900, 209.53, 36.00, 0.000, 181.93, 0.00);
insert into SHOT values (55, 63, 64, 746, 6.770, 251.53, 11.00, 6.770, 251.53, 11.00, 0.000, 352.77, 0.00);
insert into SHOT values (56, 64, 65, 746, 5.230, 298.53, -17.00, 5.230, 298.53, -17.00, 0.000, 356.82, 0.00);
insert into SHOT values (57, 65, 66, 746, 3.180, 216.53, -7.00, 3.180, 216.53, -7.00, 0.000, 173.03, -0.00);
insert into SHOT values (58, 66, 67, 746, 5.960, 206.53, 6.00, 5.960, 206.53, 6.00, 0.000, 184.10, 0.00);
insert into SHOT values (59, 67, 68, 746, 8.500, 244.53, 3.00, 8.500, 244.53, 3.00, 0.000, 343.30, 0.00);
insert into SHOT values (60, 68, 69, 746, 1.480, 324.53, -31.00, 1.480, 324.53, -31.00, 0.000, 175.69, 0.00);
insert into SHOT values (61, 69, 70, 746, 5.170, 299.53, 6.00, 5.170, 299.53, 6.00, 0.000, 224.25, 0.07);
insert into SHOT values (62, 70, 71, 746, 9.660, 300.53, -5.00, 9.660, 300.53, -5.00, 0.000, 347.67, 0.00);
insert into SHOT values (63, 71, 72, 746, 10.590, 310.53, -18.00, 10.590, 310.53, -18.00, 0.000, 357.41, 0.00);
insert into SHOT values (64, 72, 73, 746, 6.050, 246.53, 12.00, 6.050, 246.53, 12.00, 0.000, 313.88, -0.00);
insert into SHOT values (65, 73, 74, 746, 9.380, 291.53, -2.00, 9.380, 291.53, -2.00, 0.000, 181.57, -0.00);
insert into SHOT values (66, 74, 75, 746, 4.140, 279.53, -10.00, 4.140, 279.53, -10.00, 0.000, 177.72, -0.00);
insert into SHOT values (67, 76, 75, 746, 2.660, 112.53, 5.00, 2.660, 112.53, 5.00, 0.000, 176.65, 0.00);
insert into SHOT values (68, 76, 77, 746, 8.740, 270.53, -29.00, 8.740, 270.53, -29.00, 0.000, 188.08, -0.00);
insert into SHOT values (69, 78, 77, 746, 8.440, 91.53, 34.00, 8.440, 91.53, 34.00, 0.000, 193.45, 0.00);
insert into SHOT values (70, 78, 79, 746, 8.710, 231.53, -22.00, 8.710, 231.53, -22.00, 0.000, 346.43, -0.00);
insert into SHOT values (71, 79, 80, 746, 7.800, 205.53, 10.00, 7.800, 205.53, 10.00, 0.000, 169.29, 0.00);
insert into SHOT values (72, 80, 81, 746, 12.240, 204.53, 11.00, 12.240, 204.53, 11.00, 0.000, 174.22, -0.00);
insert into SHOT values (73, 81, 82, 746, 12.970, 210.53, -13.00, 12.970, 210.53, -13.00, 0.000, 12.81, -0.00);
insert into SHOT values (74, 82, 83, 746, 13.500, 211.53, -25.00, 13.500, 211.53, -25.00, 0.000, 357.58, -0.00);
insert into SHOT values (75, 83, 84, 746, 4.680, 201.53, -1.00, 4.680, 201.53, -1.00, 0.000, 4.02, -0.00);
insert into SHOT values (76, 84, 85, 746, 4.630, 182.53, 2.00, 4.630, 182.53, 2.00, 0.000, 179.50, -0.00);
insert into SHOT values (77, 85, 86, 746, 11.210, 210.53, -19.00, 11.210, 210.53, -19.00, 0.000, 174.21, -0.00);
insert into SHOT values (78, 86, 87, 746, 6.500, 192.53, -7.00, 6.500, 192.53, -7.00, 0.000, 359.10, 0.00);
insert into SHOT values (79, 87, 88, 746, 6.430, 269.53, -20.00, 6.430, 269.53, -20.00, 0.000, 185.62, 0.00);
insert into SHOT values (80, 88, 89, 746, 8.150, 275.53, -26.00, 8.150, 275.53, -26.00, 0.000, 359.07, -0.00);
insert into SHOT values (81, 89, 90, 746, 5.560, 292.53, 22.00, 5.560, 292.53, 22.00, 0.000, 175.72, -0.00);
insert into SHOT values (82, 90, 91, 746, 9.660, 231.53, 3.00, 9.660, 231.53, 3.00, 0.000, 351.58, 0.00);
insert into SHOT values (83, 91, 92, 746, 14.520, 230.53, 39.00, 14.520, 230.53, 39.00, 0.000, 347.97, -0.00);
insert into SHOT values (84, 92, 93, 746, 25.000, 15.53, 90.00, 25.000, 90.00, 90.00, 0.000, 15.53, 0.00);
insert into SHOT values (85, 94, 95, 746, 16.750, 337.53, 25.00, 16.750, 337.53, 25.00, 0.000, 178.20, 0.00);
insert into SHOT values (86, 95, 96, 746, 18.130, 337.53, 45.00, 18.130, 337.53, 45.00, 0.000, 348.18, 0.00);
insert into SHOT values (87, 96, 97, 746, 5.000, 312.53, 44.00, 5.000, 312.53, 44.00, 0.000, 179.20, -0.00);
insert into SURVEY values (748, 42, 'c', 'c.HaciendasSalinas.106.UltimaPatagonia', NULL);
 insert into CENTRELINE values (749, 748, NULL, NULL, NULL, 0.00, 0.00, 0.00);
 insert into CENTRELINE values (750, 748, NULL, '2008-04-08', NULL, 209.65, 0.00, 0.00);
 insert into TOPO values (4, 750);
 insert into TOPO values (2, 750);
 insert into PERSON values (6, 'Ben', 'Lovett');
insert into TOPO values (6, 750);
 insert into SHOT values (88, 98, 99, 750, 3.360, 80.53, 16.00, 3.360, 80.53, 16.00, 0.000, 167.21, -0.00);
insert into SHOT values (89, 98, 100, 750, 3.300, 38.53, -4.00, 3.300, 38.53, -4.00, 0.000, 1.80, 0.00);
insert into SHOT values (90, 100, 101, 750, 3.100, 8.53, -34.00, 3.100, 8.53, -34.00, 0.000, 180.32, 0.00);
insert into SHOT values (91, 101, 102, 750, 12.000, 350.53, -32.00, 12.000, 350.53, -32.00, 0.000, 355.20, -0.00);
insert into SHOT values (92, 102, 103, 750, 10.230, 1.53, -24.00, 10.230, 1.53, -24.00, 0.000, 0.93, 0.00);
insert into SHOT values (93, 103, 104, 750, 3.650, 352.53, -22.00, 3.650, 352.53, -22.00, 0.000, 184.57, 0.00);
insert into SHOT values (94, 105, 106, 750, 4.300, 129.53, 21.00, 4.298, 129.82, 22.02, 0.079, 275.46, 63.12);
insert into SHOT values (95, 106, 107, 750, 4.300, 132.53, -5.00, 4.266, 132.82, -4.14, 0.076, 275.70, 61.61);
insert into SHOT values (96, 107, 108, 750, 2.900, 96.53, 41.00, 2.921, 96.58, 42.41, 0.075, 273.15, 64.47);
insert into SHOT values (97, 108, 109, 750, 4.200, 123.53, 33.00, 4.216, 123.80, 34.08, 0.082, 274.99, 65.00);
insert into SHOT values (98, 109, 110, 750, 2.300, 138.53, -33.00, 2.300, 138.53, -33.00, 0.000, 349.68, -0.02);
insert into SHOT values (99, 109, 111, 750, 6.400, 115.53, 32.00, 6.423, 115.70, 33.05, 0.121, 275.71, 67.38);
insert into SHOT values (100, 111, 112, 750, 9.800, 147.53, 3.00, 9.800, 147.53, 3.00, 0.000, 16.85, 0.00);
insert into SHOT values (101, 112, 113, 750, 10.000, 152.53, -32.00, 10.000, 152.53, -32.00, 0.000, 0.10, 0.00);
insert into SHOT values (102, 113, 114, 750, 2.100, 154.53, 4.00, 2.100, 154.53, 4.00, 0.000, 177.59, -0.00);
insert into SHOT values (103, 114, 115, 750, 7.700, 147.53, -51.00, 7.700, 147.53, -51.00, 0.000, 5.94, 0.00);
insert into SHOT values (104, 111, 116, 750, 1.500, 332.53, 47.00, 1.555, 331.85, 48.42, 0.068, 279.04, 77.02);
insert into SHOT values (105, 116, 117, 750, 8.200, 48.53, 10.00, 8.200, 48.53, 10.00, 0.000, 179.79, -0.00);
insert into SHOT values (106, 117, 118, 750, 8.800, 15.53, -2.00, 8.800, 15.53, -2.00, 0.000, 357.30, 0.00);
insert into SHOT values (107, 118, 119, 750, 3.180, 17.53, 60.00, 3.180, 17.53, 60.00, 0.000, 179.43, -0.00);
insert into SHOT values (108, 119, 120, 750, 6.500, 28.53, -7.00, 6.500, 28.53, -7.00, 0.000, 343.62, 0.00);
insert into SHOT values (109, 120, 121, 750, 7.300, 73.53, 9.00, 7.300, 73.53, 9.00, 0.000, 175.70, 0.00);
insert into SHOT values (110, 121, 122, 750, 7.300, 15.53, 0.00, 7.300, 15.53, 0.00, 0.000, 178.15, 0.00);
insert into SHOT values (111, 121, 123, 750, 7.300, 152.53, 40.00, 7.300, 152.53, 40.00, 0.000, 177.00, 0.00);
insert into SHOT values (112, 122, 124, 750, 2.400, 249.53, -34.00, 2.400, 249.53, -34.00, 0.000, 182.55, 0.00);
insert into SHOT values (113, 124, 125, 750, 11.000, 322.53, -42.00, 11.000, 322.53, -42.00, 0.000, 175.80, 0.00);
insert into SHOT values (114, 116, 126, 750, 11.800, 306.53, -26.00, 11.748, 306.29, -24.55, 0.306, 277.05, 72.45);
insert into SHOT values (115, 126, 105, 750, 9.300, 291.53, -37.00, 9.248, 291.40, -35.89, 0.188, 276.78, 69.03);
insert into SHOT values (116, 127, 128, 750, 8.940, 136.53, 31.00, 8.940, 136.53, 31.00, 0.000, 24.06, 0.00);
insert into SHOT values (117, 127, 129, 750, 16.790, 178.53, 66.00, 16.790, 178.53, 66.00, 0.000, 1.43, 0.00);
insert into SHOT values (118, 130, 131, 750, 1.500, 140.53, -21.00, 1.500, 140.53, -21.00, 0.000, 359.59, -0.00);
insert into SHOT values (119, 131, 132, 750, 8.200, 178.53, 34.00, 8.200, 178.53, 34.00, 0.000, 8.52, 0.00);
insert into SURVEY values (752, 42, 'd', 'd.HaciendasSalinas.106.UltimaPatagonia', NULL);
 insert into CENTRELINE values (753, 752, NULL, NULL, NULL, 0.00, 0.00, 0.00);
 insert into CENTRELINE values (754, 752, NULL, '2008-04-09', NULL, 147.11, 0.00, 0.00);
 insert into TOPO values (2, 754);
 insert into TOPO values (6, 754);
 insert into TOPO values (5, 754);
 insert into SHOT values (120, 133, 134, 754, 3.600, 190.53, 10.00, 3.600, 190.53, 10.00, 0.000, 3.62, -0.00);
insert into SHOT values (121, 134, 135, 754, 15.000, 165.53, 15.00, 15.000, 165.53, 15.00, 0.000, 199.85, -0.00);
insert into SHOT values (122, 135, 136, 754, 10.300, 195.53, 20.00, 10.300, 195.53, 20.00, 0.000, 182.41, 0.00);
insert into SHOT values (123, 136, 137, 754, 11.080, 202.53, 28.00, 11.080, 202.53, 28.00, 0.000, 1.33, -0.00);
insert into SHOT values (124, 137, 138, 754, 7.890, 218.53, 32.00, 7.890, 218.53, 32.00, 0.000, 10.47, 0.00);
insert into SHOT values (125, 138, 139, 754, 12.250, 203.53, 21.00, 12.250, 203.53, 21.00, 0.000, 183.40, -0.00);
insert into SHOT values (126, 139, 140, 754, 10.130, 127.53, 25.00, 10.130, 127.53, 25.00, 0.000, 177.01, -0.00);
insert into SHOT values (127, 141, 142, 754, 19.410, 12.53, -22.00, 19.636, 11.25, -23.03, 0.579, 292.46, -45.01);
insert into SHOT values (128, 142, 143, 754, 10.080, 20.53, -12.00, 10.137, 19.78, -12.70, 0.187, 302.81, -44.96);
insert into SHOT values (129, 143, 144, 754, 10.160, 338.53, -13.00, 10.298, 338.09, -13.59, 0.189, 303.43, -44.89);
insert into SHOT values (130, 144, 145, 754, 12.980, 49.53, 0.00, 13.001, 48.70, -0.95, 0.288, 324.94, -48.70);
insert into SHOT values (131, 145, 146, 754, 2.020, 343.53, 42.00, 2.029, 343.33, 40.52, 0.053, 336.07, -39.19);
insert into SHOT values (132, 146, 147, 754, 5.530, 2.53, -14.00, 5.595, 2.04, -14.36, 0.088, 322.12, -35.04);
insert into SHOT values (133, 147, 148, 754, 16.680, 335.53, -21.00, 17.024, 334.90, -21.68, 0.433, 300.44, -45.89);
insert into SURVEY values (756, 42, 'e', 'e.HaciendasSalinas.106.UltimaPatagonia', NULL);
 insert into CENTRELINE values (757, 756, NULL, NULL, NULL, 0.00, 0.00, 0.00);
 insert into CENTRELINE values (758, 756, NULL, '2008-04-10', NULL, 269.85, 0.00, 0.00);
 insert into TOPO values (2, 758);
 insert into TOPO values (5, 758);
 insert into SHOT values (134, 149, 150, 758, 9.410, 201.53, 10.00, 9.459, 200.81, 10.67, 0.168, 124.66, 44.50);
insert into SHOT values (135, 150, 151, 758, 8.130, 198.53, 8.00, 8.177, 197.86, 8.61, 0.136, 127.74, 42.59);
insert into SHOT values (136, 151, 152, 758, 10.490, 284.53, -37.00, 10.332, 283.83, -36.88, 0.190, 146.08, 36.30);
insert into SHOT values (137, 152, 153, 758, 12.880, 358.53, -12.00, 12.880, 358.53, -12.00, 0.000, 175.57, 0.00);
insert into SHOT values (138, 153, 154, 758, 7.430, 345.53, -19.00, 7.430, 345.53, -19.00, 0.000, 26.13, 0.00);
insert into SHOT values (139, 154, 155, 758, 6.810, 340.53, -24.00, 6.810, 340.53, -24.00, 0.000, 171.29, 0.00);
insert into SHOT values (140, 152, 156, 758, 6.940, 266.53, -33.00, 6.861, 265.84, -32.77, 0.109, 140.03, 37.32);
insert into SHOT values (141, 156, 157, 758, 17.370, 263.53, -17.00, 17.233, 262.20, -15.93, 0.522, 167.06, 42.01);
insert into SHOT values (142, 157, 158, 758, 23.740, 177.53, 18.00, 24.115, 176.06, 19.30, 0.879, 104.13, 45.99);
insert into SHOT values (143, 158, 159, 758, 0.460, 92.53, -11.00, 0.504, 93.94, -8.32, 0.050, 107.23, 17.17);
insert into SHOT values (144, 159, 160, 758, 6.700, 128.53, 24.00, 6.802, 128.69, 24.22, 0.106, 140.11, 37.72);
insert into SHOT values (145, 160, 161, 758, 14.870, 115.53, 24.00, 15.164, 116.23, 24.51, 0.363, 153.68, 41.89);
insert into SHOT values (146, 161, 162, 758, 9.830, 112.53, 25.00, 9.830, 112.53, 25.00, 0.000, 192.54, 0.00);
insert into SHOT values (147, 162, 163, 758, 16.430, 130.53, 29.00, 16.430, 130.53, 29.00, 0.000, 166.38, 0.00);
insert into SHOT values (148, 161, 164, 758, 11.120, 223.53, -6.00, 11.117, 222.76, -5.17, 0.220, 138.19, 47.19);
insert into SHOT values (149, 164, 165, 758, 4.790, 202.53, 21.00, 4.838, 201.84, 21.32, 0.078, 145.39, 33.16);
insert into SHOT values (150, 165, 166, 758, 1.420, 225.53, -59.00, 1.385, 223.38, -58.00, 0.051, 139.35, 57.31);
insert into SHOT values (151, 167, 168, 758, 11.540, 64.53, 0.00, 11.540, 64.53, 0.00, 0.000, 9.84, 0.00);
insert into SHOT values (152, 168, 169, 758, 2.960, 332.53, -17.00, 2.960, 332.53, -17.00, 0.000, 1.14, -0.00);
insert into SHOT values (153, 169, 170, 758, 3.370, 316.53, 1.00, 3.370, 316.53, 1.00, 0.000, 356.05, -0.00);
insert into SHOT values (154, 170, 171, 758, 9.950, 348.53, -19.00, 9.950, 348.53, -19.00, 0.000, 356.12, -0.00);
insert into SHOT values (155, 171, 172, 758, 6.700, 46.53, -27.00, 6.700, 46.53, -27.00, 0.000, 181.04, -0.00);
insert into SHOT values (156, 172, 173, 758, 12.060, 346.53, -17.00, 12.060, 346.53, -17.00, 0.000, 183.17, 0.00);
insert into SHOT values (157, 173, 174, 758, 6.740, 338.53, -14.00, 6.740, 338.53, -14.00, 0.000, 175.45, 0.00);
insert into SHOT values (158, 174, 175, 758, 9.660, 42.53, -30.00, 9.660, 42.53, -30.00, 0.000, 1.20, -0.00);
insert into SHOT values (159, 175, 176, 758, 14.410, 31.53, -25.00, 14.410, 31.53, -25.00, 0.000, 0.45, 0.00);
insert into SHOT values (160, 176, 177, 758, 6.310, 131.53, 31.00, 6.310, 131.53, 31.00, 0.000, 356.83, -0.00);
insert into SHOT values (161, 177, 178, 758, 16.290, 161.53, 20.00, 16.290, 161.53, 20.00, 0.000, 183.07, 0.00);
insert into SHOT values (162, 178, 179, 758, 1.040, 77.53, -21.00, 1.040, 77.53, -21.00, 0.000, 3.27, -0.00);
insert into SURVEY values (761, 40, 'CuevaDelZorro', 'CuevaDelZorro.106.UltimaPatagonia', 'Cueva del Zorro');
 insert into CENTRELINE values (762, 761, NULL, NULL, NULL, 0.00, 0.00, 0.00);
 insert into SURVEY values (763, 761, 'a', 'a.CuevaDelZorro.106.UltimaPatagonia', NULL);
 insert into CENTRELINE values (764, 763, NULL, NULL, NULL, 0.00, 0.00, 0.00);
 insert into CENTRELINE values (765, 763, NULL, '2008-04-04', NULL, 116.89, 0.00, 0.00);
 insert into TOPO values (6, 765);
 insert into TOPO values (3, 765);
 insert into TOPO values (5, 765);
 insert into SHOT values (163, 180, 181, 765, 6.130, 175.53, 6.00, 6.130, 175.53, 6.00, 0.000, 354.54, 0.00);
insert into SHOT values (164, 182, 181, 765, 7.260, 2.53, 12.00, 7.260, 2.53, 12.00, 0.000, 2.89, 0.00);
insert into SHOT values (165, 182, 183, 765, 7.970, 15.53, -90.00, 7.970, 90.00, -90.00, 0.000, 15.53, 1.83);
insert into SHOT values (166, 182, 184, 765, 1.350, 329.53, -79.00, 1.350, 329.53, -79.00, 0.000, 355.33, -0.00);
insert into SHOT values (167, 184, 185, 765, 4.860, 153.53, 16.00, 4.860, 153.53, 16.00, 0.000, 186.22, 0.00);
insert into SHOT values (168, 185, 186, 765, 2.320, 250.53, -12.00, 2.320, 250.53, -12.00, 0.000, 357.94, 0.00);
insert into SHOT values (169, 186, 187, 765, 5.030, 68.53, 29.00, 5.030, 68.53, 29.00, 0.000, 171.46, 0.00);
insert into SHOT values (170, 188, 187, 765, 2.780, 9.53, 9.00, 2.780, 9.53, 9.00, 0.000, 176.71, -0.00);
insert into SHOT values (171, 188, 189, 765, 3.630, 356.53, 53.00, 3.630, 356.53, 53.00, 0.000, 171.49, 0.00);
insert into SHOT values (172, 190, 189, 765, 9.420, 268.53, 0.00, 9.420, 268.53, 0.00, 0.000, 358.51, 0.00);
insert into SHOT values (173, 191, 187, 765, 6.000, 272.53, 42.00, 6.000, 272.53, 42.00, 0.000, 2.11, 0.00);
insert into SHOT values (174, 192, 191, 765, 3.990, 203.53, 0.00, 3.990, 203.53, 0.00, 0.000, 4.83, 0.00);
insert into SHOT values (175, 192, 193, 765, 3.160, 62.53, 18.00, 3.160, 62.53, 18.00, 0.000, 182.08, 0.00);
insert into SHOT values (176, 194, 191, 765, 5.790, 124.53, 19.00, 5.790, 124.53, 19.00, 0.000, 3.80, 0.00);
insert into SHOT values (177, 194, 195, 765, 5.530, 19.53, -41.00, 5.530, 19.53, -41.00, 0.000, 177.46, 0.00);
insert into SHOT values (178, 185, 196, 765, 1.600, 275.53, -84.00, 1.600, 275.53, -84.00, 0.000, 198.27, -0.00);
insert into SHOT values (179, 197, 196, 765, 8.810, 115.53, -26.00, 8.810, 115.53, -26.00, 0.000, 18.58, 0.00);
insert into SHOT values (180, 197, 198, 765, 2.240, 148.53, 20.00, 2.240, 148.53, 20.00, 0.000, 175.45, -0.00);
insert into SHOT values (181, 199, 198, 765, 1.570, 257.53, -17.00, 1.570, 257.53, -17.00, 0.000, 357.31, 0.00);
insert into SHOT values (182, 200, 199, 765, 2.480, 209.53, -35.00, 2.480, 209.53, -35.00, 0.000, 4.58, 0.00);
insert into SHOT values (183, 201, 200, 765, 3.440, 267.53, -9.00, 3.440, 267.53, -9.00, 0.000, 4.44, -0.00);
insert into SHOT values (184, 201, 202, 765, 7.350, 22.53, 21.00, 7.350, 22.53, 21.00, 0.000, 175.43, 0.00);
insert into SHOT values (185, 200, 203, 765, 3.360, 141.53, 3.00, 3.360, 141.53, 3.00, 0.000, 3.51, 0.00);
insert into SHOT values (186, 204, 196, 765, 4.000, 127.53, -39.00, 4.000, 127.53, -39.00, 0.000, 191.99, 0.01);
insert into SHOT values (187, 204, 205, 765, 6.820, 45.53, 17.00, 6.820, 45.53, 17.00, 0.000, 358.16, 0.00);
insert into SURVEY values (767, 761, 'b', 'b.CuevaDelZorro.106.UltimaPatagonia', NULL);
 insert into CENTRELINE values (768, 767, NULL, NULL, NULL, 0.00, 0.00, 0.00);
 insert into CENTRELINE values (769, 767, NULL, '2008-04-03', NULL, 22.20, 0.00, 0.00);
 insert into PERSON values (7, 'Chris', 'Day');
insert into TOPO values (7, 769);
 insert into TOPO values (1, 769);
 insert into SHOT values (188, 206, 207, 769, 5.800, 345.53, -48.00, 5.800, 345.53, -48.00, 0.000, 358.91, -0.00);
insert into SHOT values (189, 206, 208, 769, 3.090, 93.53, 63.00, 3.090, 93.53, 63.00, 0.000, 183.70, -0.00);
insert into SHOT values (190, 208, 209, 769, 3.430, 55.53, 19.00, 3.430, 55.53, 19.00, 0.000, 355.69, -0.00);
insert into SHOT values (191, 210, 209, 769, 5.020, 186.53, -24.50, 5.020, 186.53, -24.50, 0.000, 176.55, 0.00);
insert into SHOT values (192, 211, 210, 769, 4.860, 258.53, -7.00, 4.860, 258.53, -7.00, 0.000, 2.40, -0.00);
insert into SURVEY values (771, 761, 'c', 'c.CuevaDelZorro.106.UltimaPatagonia', NULL);
 insert into CENTRELINE values (772, 771, NULL, NULL, NULL, 0.00, 0.00, 0.00);
 insert into CENTRELINE values (773, 771, NULL, '2008-04-03', NULL, 20.79, 0.00, 0.00);
 insert into TOPO values (7, 773);
 insert into TOPO values (1, 773);
 insert into SHOT values (193, 212, 213, 773, 8.500, 39.53, -30.00, 8.500, 39.53, -30.00, 0.000, 182.66, -0.00);
insert into SHOT values (194, 212, 214, 773, 6.600, 235.53, 52.00, 6.600, 235.53, 52.00, 0.000, 186.00, -0.00);
insert into SHOT values (195, 214, 215, 773, 3.490, 170.53, 30.00, 3.490, 170.53, 30.00, 0.000, 179.39, 0.00);
insert into SHOT values (196, 215, 216, 773, 2.200, 108.53, 0.00, 2.200, 108.53, 0.00, 0.000, 356.79, 0.00);
insert into SURVEY values (776, 40, 'CuevaPirates', 'CuevaPirates.106.UltimaPatagonia', 'Cueva Pirates, Hacienda Salinas');
 insert into CENTRELINE values (777, 776, NULL, NULL, NULL, 0.00, 0.00, 0.00);
 insert into CENTRELINE values (778, 776, NULL, NULL, NULL, 72.45, 0.00, 0.00);
 insert into SHOT values (197, 217, 218, 778, 13.200, 208.13, 40.00, 13.200, 208.13, 40.00, 0.000, 356.08, -0.00);
insert into SHOT values (198, 218, 219, 778, 5.300, 161.13, 12.00, 5.300, 161.13, 12.00, 0.000, 184.09, -0.00);
insert into SHOT values (199, 219, 220, 778, 6.400, 170.13, 72.00, 6.400, 170.13, 72.00, 0.000, 1.87, 0.00);
insert into SHOT values (200, 218, 221, 778, 7.400, 201.13, 9.00, 7.400, 201.13, 9.00, 0.000, 180.62, -0.00);
insert into SHOT values (201, 221, 222, 778, 3.650, 244.13, 16.00, 3.650, 244.13, 16.00, 0.000, 6.96, 0.00);
insert into SHOT values (202, 222, 223, 778, 5.800, 166.13, 40.00, 5.800, 166.13, 40.00, 0.000, 1.36, 0.00);
insert into SHOT values (203, 222, 224, 778, 2.600, 342.13, -15.00, 2.600, 342.13, -15.00, 0.000, 3.85, 0.00);
insert into SHOT values (204, 224, 225, 778, 5.400, 39.13, -55.00, 5.400, 39.13, -55.00, 0.000, 2.22, 0.00);
insert into SHOT values (205, 225, 226, 778, 5.900, 302.13, -30.00, 5.900, 302.13, -30.00, 0.000, 173.29, 0.00);
insert into SHOT values (206, 226, 227, 778, 11.100, 316.13, -54.00, 11.100, 316.13, -54.00, 0.000, 20.27, 0.00);
insert into SHOT values (207, 227, 228, 778, 5.700, 342.13, -74.00, 5.700, 342.13, -74.00, 0.000, 208.00, 0.00);
insert into CENTRELINE values (779, 776, NULL, NULL, NULL, 297.96, 0.00, 0.00);
 insert into SHOT values (208, 228, 229, 779, 9.800, 322.13, -44.00, 9.800, 322.13, -44.00, 0.000, 356.28, 0.00);
insert into SHOT values (209, 229, 230, 779, 9.160, 274.13, -35.00, 9.160, 274.13, -35.00, 0.000, 184.86, -0.00);
insert into SHOT values (210, 230, 231, 779, 2.600, 224.13, -44.00, 2.600, 224.13, -44.00, 0.000, 356.16, 0.00);
insert into SHOT values (211, 231, 232, 779, 2.400, 110.13, -54.00, 2.400, 110.13, -54.00, 0.000, 179.30, -0.00);
insert into SHOT values (212, 231, 233, 779, 5.400, 255.13, -5.00, 5.400, 255.13, -5.00, 0.000, 359.86, 0.00);
insert into SHOT values (213, 233, 234, 779, 11.600, 219.13, 8.00, 11.600, 219.13, 8.00, 0.000, 338.96, 0.00);
insert into SHOT values (214, 234, 235, 779, 9.200, 255.13, 15.00, 9.200, 255.13, 15.00, 0.000, 178.44, 0.00);
insert into SHOT values (215, 236, 237, 779, 20.000, 130.13, 40.00, 19.092, 128.12, 41.53, 1.169, 336.04, -9.77);
insert into SHOT values (216, 237, 238, 779, 7.400, 118.13, 0.00, 7.216, 116.86, -0.40, 0.251, 339.05, -11.56);
insert into SHOT values (217, 238, 239, 779, 6.400, 141.13, 25.00, 6.207, 140.67, 25.44, 0.204, 334.35, -10.91);
insert into SHOT values (218, 239, 240, 779, 5.000, 136.13, 3.00, 4.841, 135.51, 2.77, 0.169, 334.59, -9.35);
insert into SHOT values (219, 240, 241, 779, 7.900, 168.13, 14.00, 7.689, 168.80, 13.97, 0.229, 324.97, -13.88);
insert into SHOT values (220, 241, 242, 779, 9.800, 251.13, -16.00, 9.808, 253.47, -16.46, 0.392, 344.41, -11.52);
insert into SHOT values (221, 242, 243, 779, 4.900, 254.13, -4.00, 4.942, 255.88, -4.28, 0.157, 329.86, -9.80);
insert into SHOT values (222, 243, 244, 779, 8.400, 219.13, -7.00, 8.314, 220.76, -7.50, 0.261, 331.72, -13.72);
insert into SHOT values (223, 244, 245, 779, 5.100, 303.13, -2.00, 5.245, 304.03, -2.25, 0.168, 332.86, -9.71);
insert into SHOT values (224, 246, 247, 779, 5.500, 141.13, 30.00, 5.663, 141.63, 29.42, 0.177, 155.28, 10.40);
insert into SHOT values (225, 247, 232, 779, 2.800, 171.13, 10.00, 2.964, 170.95, 9.73, 0.165, 167.78, 5.20);
insert into SHOT values (226, 232, 248, 779, 4.500, 279.13, 28.00, 4.716, 277.57, 28.03, 0.243, 248.10, 25.22);
insert into SHOT values (227, 248, 249, 779, 4.600, 241.13, -10.00, 4.803, 241.27, -8.38, 0.243, 244.10, 24.07);
insert into SHOT values (228, 249, 250, 779, 11.400, 219.13, 10.00, 11.972, 220.30, 11.57, 0.696, 244.71, 37.20);
insert into SHOT values (229, 250, 251, 779, 1.700, 316.13, 0.00, 1.700, 316.13, 0.00, 0.000, 183.38, 0.00);
insert into SHOT values (230, 251, 252, 779, 10.600, 36.13, 48.00, 10.600, 36.13, 48.00, 0.000, 182.53, 0.00);
insert into SHOT values (231, 250, 253, 779, 1.700, 253.13, 12.00, 1.905, 253.54, 12.11, 0.206, 256.93, 12.96);
insert into SHOT values (232, 253, 254, 779, 4.500, 127.13, 25.00, 4.468, 129.83, 26.64, 0.231, 242.51, 26.15);
insert into SHOT values (233, 254, 255, 779, 9.900, 256.13, 12.00, 9.950, 254.71, 11.35, 0.271, 182.05, -21.54);
insert into SHOT values (234, 255, 256, 779, 5.900, 230.13, 0.00, 5.977, 229.38, -0.41, 0.118, 184.04, -21.36);
insert into SHOT values (235, 256, 257, 779, 10.200, 230.13, 5.00, 10.335, 229.29, 4.34, 0.235, 183.49, -27.13);
insert into SHOT values (236, 257, 258, 779, 10.200, 201.13, 17.00, 10.310, 200.92, 16.22, 0.181, 186.88, -34.34);
insert into SHOT values (237, 246, 259, 779, 9.400, 42.13, -5.00, 9.513, 40.47, -5.40, 0.303, 332.69, -14.48);
insert into SHOT values (238, 259, 260, 779, 1.900, 26.13, 0.00, 2.015, 23.40, -0.32, 0.149, 345.74, -4.29);
insert into SHOT values (239, 260, 261, 779, 3.000, 16.13, -90.00, 3.034, 334.42, -88.78, 0.073, 334.42, -27.41);
insert into SHOT values (240, 261, 262, 779, 2.900, 51.13, -5.00, 2.924, 48.70, -5.25, 0.126, 330.57, -6.81);
insert into SHOT values (241, 262, 236, 779, 15.000, 346.13, -25.00, 15.476, 345.00, -24.81, 0.551, 314.50, -16.28);
insert into SHOT values (242, 258, 263, 779, 18.000, 201.13, 25.00, 18.194, 200.87, 23.80, 0.433, 188.18, -37.75);
insert into SHOT values (243, 254, 264, 779, 6.400, 81.13, 8.00, 6.192, 82.15, 9.75, 0.304, 236.42, 31.26);
insert into SHOT values (244, 264, 265, 779, 6.300, 49.13, -20.00, 6.003, 48.63, -19.49, 0.306, 239.95, 29.79);
insert into SHOT values (245, 265, 266, 779, 6.000, 16.13, -15.00, 5.790, 14.31, -14.10, 0.293, 240.42, 29.13);
insert into SHOT values (246, 266, 267, 779, 2.400, 208.13, -40.00, 2.439, 209.45, -36.71, 0.151, 229.29, 34.38);
insert into SHOT values (247, 267, 268, 779, 3.800, 126.13, -20.00, 3.690, 128.98, -19.24, 0.213, 243.93, 23.22);
insert into SHOT values (248, 268, 269, 779, 4.000, 79.13, -25.00, 3.771, 79.70, -25.09, 0.232, 249.95, 23.20);
insert into SHOT values (249, 269, 245, 779, 4.900, 31.13, -10.00, 4.693, 29.96, -9.11, 0.240, 237.30, 26.60);
insert into SHOT values (250, 245, 232, 779, 5.400, 306.13, 10.00, 5.524, 303.86, 11.07, 0.267, 240.88, 27.35);
insert into CENTRELINE values (781, 40, NULL, NULL, NULL, 0.00, 0.00, 0.00);
 insert into SURVEY values (783, 22, 'CuevaNoTime', 'CuevaNoTime.UltimaPatagonia', 'Cueva No Time');
 insert into CENTRELINE values (784, 783, NULL, NULL, NULL, 0.00, 0.00, 0.00);
 insert into SURVEY values (786, 22, 'ResurgenceNoTime', 'ResurgenceNoTime.UltimaPatagonia', 'Resurgence NoTime');
 insert into CENTRELINE values (787, 786, NULL, NULL, NULL, 0.00, 0.00, 0.00);
 insert into SURVEY values (789, 22, '107', '107.UltimaPatagonia', '107 Barros Luco');
 insert into CENTRELINE values (790, 789, NULL, NULL, NULL, 0.00, 0.00, 0.00);
 insert into SURVEY values (791, 789, 'GouffreJackpot', 'GouffreJackpot.107.UltimaPatagonia', '<lang:fr>Gouffre du Jackpot<lang:es>Sima del Jackpot');
 insert into CENTRELINE values (792, 791, NULL, NULL, NULL, 0.00, 0.00, 0.00);
 insert into CENTRELINE values (793, 791, NULL, '2019-02-01', NULL, 274.74, 0.00, 0.00);
 insert into SHOT values (251, 290, 291, 793, 4.130, 324.69, 0.00, 4.130, 324.69, 0.00, 0.000, 196.01, 0.00);
insert into SHOT values (252, 291, 292, 793, 8.140, 341.69, -10.00, 8.140, 341.69, -10.00, 0.000, 7.72, 0.00);
insert into SHOT values (253, 292, 293, 793, 9.730, 326.69, -24.00, 9.730, 326.69, -24.00, 0.000, 180.92, 0.00);
insert into SHOT values (254, 293, 294, 793, 5.570, 339.69, -12.00, 5.570, 339.69, -12.00, 0.000, 0.10, 0.00);
insert into SHOT values (255, 294, 295, 793, 5.460, 314.69, -42.00, 5.460, 314.69, -42.00, 0.000, 176.54, -0.00);
insert into SHOT values (256, 295, 296, 793, 5.800, 336.69, -54.00, 5.800, 336.69, -54.00, 0.000, 182.95, 0.00);
insert into SHOT values (257, 296, 297, 793, 10.200, 304.69, -69.00, 10.200, 304.69, -69.00, 0.000, 178.77, 0.00);
insert into SHOT values (258, 296, 298, 793, 10.770, 51.69, -7.00, 10.770, 51.69, -7.00, 0.000, 0.56, 0.01);
insert into SHOT values (259, 298, 299, 793, 5.070, 9.69, -29.00, 5.070, 9.69, -29.00, 0.000, 331.44, -0.00);
insert into SHOT values (260, 299, 300, 793, 2.140, 62.69, -36.00, 2.140, 62.69, -36.00, 0.000, 191.34, 0.11);
insert into SHOT values (261, 300, 301, 793, 3.440, 149.69, 4.00, 3.440, 149.69, 4.00, 0.000, 181.35, -0.00);
insert into SHOT values (262, 301, 302, 793, 5.260, 112.69, 20.00, 5.260, 112.69, 20.00, 0.000, 198.43, 0.00);
insert into SHOT values (263, 300, 303, 793, 2.400, 340.69, -8.00, 2.400, 340.69, -8.00, 0.000, 177.91, -0.00);
insert into SHOT values (264, 303, 304, 793, 4.250, 324.69, -37.00, 4.250, 324.69, -37.00, 0.000, 170.99, 0.01);
insert into SHOT values (265, 304, 305, 793, 3.460, 264.69, -3.00, 3.460, 264.69, -3.00, 0.000, 176.34, 0.00);
insert into SHOT values (266, 305, 306, 793, 4.100, 288.69, -3.00, 4.100, 288.69, -3.00, 0.000, 16.02, -0.00);
insert into SHOT values (267, 306, 307, 793, 2.600, 348.69, -48.00, 2.600, 348.69, -48.00, 0.000, 177.48, -0.00);
insert into SHOT values (268, 307, 308, 793, 2.880, 291.69, -33.00, 2.880, 291.69, -33.00, 0.000, 182.48, 0.00);
insert into SHOT values (269, 308, 309, 793, 2.880, 310.69, -46.00, 2.880, 310.69, -46.00, 0.000, 182.70, -0.00);
insert into SHOT values (270, 309, 310, 793, 3.570, 307.69, -58.00, 3.570, 307.69, -58.00, 0.000, 6.97, 0.00);
insert into SHOT values (271, 310, 311, 793, 3.720, 338.69, -53.00, 3.720, 338.69, -53.00, 0.000, 348.14, 0.00);
insert into SHOT values (272, 311, 312, 793, 6.600, 330.69, -35.00, 6.600, 330.69, -35.00, 0.000, 187.34, -0.00);
insert into SHOT values (273, 311, 313, 793, 3.880, 333.69, 7.00, 3.880, 333.69, 7.00, 0.000, 183.31, -0.00);
insert into SHOT values (274, 313, 314, 793, 3.400, 344.69, 55.00, 3.400, 344.69, 55.00, 0.000, 181.94, -0.00);
insert into SHOT values (275, 314, 315, 793, 3.250, 282.69, -37.00, 3.250, 282.69, -37.00, 0.000, 177.95, -0.00);
insert into SHOT values (276, 315, 316, 793, 5.050, 288.69, -56.00, 5.050, 288.69, -56.00, 0.000, 351.27, -0.01);
insert into SHOT values (277, 316, 317, 793, 4.100, 258.69, -58.00, 4.100, 258.69, -58.00, 0.000, 356.65, 0.00);
insert into SHOT values (278, 317, 318, 793, 10.800, 279.69, -33.00, 10.800, 279.69, -33.00, 0.000, 263.64, 0.03);
insert into SHOT values (279, 318, 319, 793, 23.800, 314.69, -35.00, 23.800, 314.69, -35.00, 0.000, 359.28, 0.00);
insert into SHOT values (280, 319, 320, 793, 2.000, 303.69, -22.00, 2.000, 303.69, -22.00, 0.000, 180.01, 0.00);
insert into SHOT values (281, 320, 321, 793, 13.700, 280.69, -65.00, 13.700, 280.69, -65.00, 0.000, 3.97, -0.01);
insert into SHOT values (282, 321, 322, 793, 5.200, 194.69, -3.00, 5.200, 194.69, -3.00, 0.000, 358.95, 0.00);
insert into SHOT values (283, 321, 323, 793, 5.540, 252.69, -10.00, 5.540, 252.69, -10.00, 0.000, 359.77, 0.00);
insert into SHOT values (284, 323, 324, 793, 5.000, 290.69, -6.00, 5.000, 290.69, -6.00, 0.000, 178.94, 0.00);
insert into SHOT values (285, 324, 325, 793, 6.950, 286.69, -33.00, 6.950, 286.69, -33.00, 0.000, 180.02, 0.00);
insert into SHOT values (286, 325, 326, 793, 9.800, 243.69, -40.00, 9.800, 243.69, -40.00, 0.000, 359.49, -0.00);
insert into SHOT values (287, 326, 327, 793, 5.050, 184.69, -19.00, 5.050, 184.69, -19.00, 0.000, 42.33, -0.02);
insert into SHOT values (288, 327, 328, 793, 11.300, 330.69, -33.00, 11.300, 330.69, -33.00, 0.000, 1.66, 0.00);
insert into SHOT values (289, 328, 329, 793, 15.700, 327.69, -35.00, 15.700, 327.69, -35.00, 0.000, 359.10, -0.00);
insert into SHOT values (290, 329, 330, 793, 2.800, 294.69, -36.00, 2.800, 294.69, -36.00, 0.000, 176.73, -0.00);
insert into SHOT values (291, 330, 331, 793, 5.000, 29.69, 3.00, 5.000, 29.69, 3.00, 0.000, 16.89, -0.14);
insert into SHOT values (292, 331, 332, 793, 7.400, 359.69, -32.00, 7.400, 359.69, -32.00, 0.000, 3.51, 0.00);
insert into SHOT values (293, 332, 333, 793, 6.650, 358.69, -13.00, 6.650, 358.69, -13.00, 0.000, 163.39, 0.00);
insert into SHOT values (294, 333, 334, 793, 6.200, 347.69, -16.00, 6.200, 347.69, -16.00, 0.000, 357.04, 0.00);
insert into CENTRELINE values (794, 791, NULL, '2019-02-01', NULL, 318.22, 0.00, 0.00);
 insert into SHOT values (295, 335, 336, 794, 8.290, 110.69, 2.00, 8.290, 110.69, 2.00, 0.000, 359.06, -0.00);
insert into SHOT values (296, 336, 337, 794, 6.500, 115.69, 42.00, 6.500, 115.69, 42.00, 0.000, 3.87, -0.00);
insert into SHOT values (297, 337, 338, 794, 4.700, 111.69, 59.00, 4.700, 111.69, 59.00, 0.000, 187.10, 0.00);
insert into SHOT values (298, 338, 339, 794, 7.110, 177.69, 4.00, 7.110, 177.69, 4.00, 0.000, 169.28, -0.00);
insert into SHOT values (299, 339, 340, 794, 7.450, 172.69, -14.00, 7.450, 172.69, -14.00, 0.000, 182.26, -0.00);
insert into SHOT values (300, 340, 341, 794, 4.200, 138.69, 5.00, 4.200, 138.69, 5.00, 0.000, 183.74, 0.00);
insert into SHOT values (301, 341, 342, 794, 3.900, 106.69, 7.00, 3.900, 106.69, 7.00, 0.000, 359.25, 0.01);
insert into SHOT values (302, 342, 343, 794, 6.630, 147.69, 6.00, 6.630, 147.69, 6.00, 0.000, 5.57, 0.00);
insert into SHOT values (303, 343, 344, 794, 8.650, 217.69, 10.00, 8.650, 217.69, 10.00, 0.000, 357.84, 0.00);
insert into SHOT values (304, 344, 345, 794, 10.360, 114.69, 5.00, 10.360, 114.69, 5.00, 0.000, 182.67, 0.00);
insert into SHOT values (305, 345, 346, 794, 7.220, 158.69, 7.00, 7.220, 158.69, 7.00, 0.000, 358.76, 0.00);
insert into SHOT values (306, 346, 347, 794, 4.620, 113.69, 2.00, 4.620, 113.69, 2.00, 0.000, 181.87, -0.00);
insert into SHOT values (307, 347, 348, 794, 21.000, 167.69, 6.00, 21.000, 167.69, 6.00, 0.000, 181.94, 0.00);
insert into SHOT values (308, 348, 349, 794, 11.760, 144.69, 7.00, 11.760, 144.69, 7.00, 0.000, 182.68, -0.00);
insert into SHOT values (309, 349, 350, 794, 5.230, 143.69, 5.00, 5.230, 143.69, 5.00, 0.000, 176.41, -0.00);
insert into SHOT values (310, 350, 351, 794, 6.880, 167.69, 4.00, 6.880, 167.69, 4.00, 0.000, 357.85, 0.00);
insert into SHOT values (311, 351, 352, 794, 6.080, 167.69, 7.00, 6.080, 167.69, 7.00, 0.000, 353.61, -0.00);
insert into SHOT values (312, 352, 353, 794, 7.930, 151.69, 9.00, 7.930, 151.69, 9.00, 0.000, 3.68, 0.00);
insert into SHOT values (313, 353, 354, 794, 7.270, 164.69, 8.00, 7.270, 164.69, 8.00, 0.000, 185.23, -0.00);
insert into SHOT values (314, 354, 355, 794, 5.850, 172.69, 5.00, 5.850, 172.69, 5.00, 0.000, 0.12, 0.00);
insert into SHOT values (315, 355, 356, 794, 6.910, 168.69, 9.00, 6.910, 168.69, 9.00, 0.000, 183.17, 0.00);
insert into SHOT values (316, 356, 357, 794, 7.220, 165.69, 7.00, 7.220, 165.69, 7.00, 0.000, 258.92, 0.00);
insert into SHOT values (317, 357, 358, 794, 7.680, 172.69, 7.00, 7.680, 172.69, 7.00, 0.000, 13.93, 0.01);
insert into SHOT values (318, 358, 359, 794, 11.730, 176.69, 8.00, 11.730, 176.69, 8.00, 0.000, 178.47, 0.00);
insert into SHOT values (319, 359, 360, 794, 13.400, 163.69, 7.00, 13.400, 163.69, 7.00, 0.000, 356.07, -0.00);
insert into SHOT values (320, 360, 361, 794, 12.960, 171.69, 7.00, 12.960, 171.69, 7.00, 0.000, 182.07, -0.00);
insert into SHOT values (321, 361, 362, 794, 7.180, 163.69, 5.00, 7.180, 163.69, 5.00, 0.000, 199.23, -0.00);
insert into SHOT values (322, 362, 363, 794, 5.690, 154.69, 4.00, 5.690, 154.69, 4.00, 0.000, 179.64, -0.00);
insert into SHOT values (323, 363, 364, 794, 6.130, 180.69, 5.00, 6.130, 180.69, 5.00, 0.000, 5.61, -0.01);
insert into SHOT values (324, 364, 365, 794, 4.280, 137.69, 17.00, 4.280, 137.69, 17.00, 0.000, 195.14, 0.01);
insert into SHOT values (325, 365, 366, 794, 3.160, 191.69, -12.00, 3.160, 191.69, -12.00, 0.000, 180.60, -0.00);
insert into SHOT values (326, 366, 367, 794, 6.610, 166.69, 8.00, 6.610, 166.69, 8.00, 0.000, 356.11, 0.00);
insert into SHOT values (327, 367, 368, 794, 3.850, 184.69, 5.00, 3.850, 184.69, 5.00, 0.000, 6.22, 0.00);
insert into SHOT values (328, 368, 369, 794, 10.800, 150.69, 7.00, 10.800, 150.69, 7.00, 0.000, 352.81, -0.00);
insert into SHOT values (329, 369, 370, 794, 11.250, 168.69, 10.00, 11.250, 168.69, 10.00, 0.000, 0.83, -0.00);
insert into SHOT values (330, 370, 371, 794, 8.490, 139.69, 13.00, 8.490, 139.69, 13.00, 0.000, 352.84, 0.00);
insert into SHOT values (331, 371, 372, 794, 5.510, 182.69, 13.00, 5.510, 182.69, 13.00, 0.000, 357.64, -0.00);
insert into SHOT values (332, 372, 373, 794, 2.160, 199.69, 3.00, 2.160, 199.69, 3.00, 0.000, 6.54, -0.00);
insert into SHOT values (333, 373, 374, 794, 3.210, 163.69, 30.00, 3.210, 163.69, 30.00, 0.000, 354.05, -0.00);
insert into SHOT values (334, 374, 375, 794, 4.000, 162.69, 8.00, 4.000, 162.69, 8.00, 0.000, 358.92, -0.00);
insert into SHOT values (335, 375, 376, 794, 3.140, 205.69, -32.00, 3.140, 205.69, -32.00, 0.000, 177.09, -0.00);
insert into SHOT values (336, 376, 377, 794, 4.570, 176.69, 9.00, 4.570, 176.69, 9.00, 0.000, 174.58, -0.00);
insert into SHOT values (337, 377, 378, 794, 5.720, 195.69, 11.00, 5.720, 195.69, 11.00, 0.000, 179.45, 0.00);
insert into SHOT values (338, 378, 379, 794, 5.670, 142.69, 47.00, 5.670, 142.69, 47.00, 0.000, 2.91, 0.00);
insert into SHOT values (339, 379, 334, 794, 5.270, 200.69, 9.00, 5.270, 200.69, 9.00, 0.000, 89.67, 0.06);
insert into CENTRELINE values (795, 791, NULL, '2019-02-01', NULL, 108.67, 0.00, 0.00);
 insert into SHOT values (340, 380, 381, 795, 14.280, 155.69, 17.00, 14.280, 155.69, 17.00, 0.000, 346.58, 0.00);
insert into SHOT values (341, 381, 382, 795, 12.300, 189.69, -29.00, 12.300, 189.69, -29.00, 0.000, 179.42, -0.02);
insert into SHOT values (342, 382, 383, 795, 3.840, 184.69, -54.00, 3.840, 184.69, -54.00, 0.000, 175.55, -0.01);
insert into SHOT values (343, 383, 384, 795, 3.330, 143.69, -7.00, 3.330, 143.69, -7.00, 0.000, 184.87, 0.00);
insert into SHOT values (344, 384, 385, 795, 7.600, 145.69, 0.00, 7.600, 145.69, 0.00, 0.000, 184.31, 0.00);
insert into SHOT values (345, 385, 386, 795, 1.760, 76.69, -27.00, 1.760, 76.69, -27.00, 0.000, 1.69, -0.00);
insert into SHOT values (346, 386, 387, 795, 2.100, 69.69, 72.00, 2.100, 69.69, 72.00, 0.000, 358.41, 0.00);
insert into SHOT values (347, 387, 388, 795, 3.150, 111.69, -1.00, 3.150, 111.69, -1.00, 0.000, 181.13, -0.00);
insert into SHOT values (348, 388, 389, 795, 2.940, 124.69, 55.00, 2.940, 124.69, 55.00, 0.000, 356.77, -0.00);
insert into SHOT values (349, 389, 390, 795, 4.580, 165.69, 8.00, 4.580, 165.69, 8.00, 0.000, 355.18, 0.00);
insert into SHOT values (350, 390, 391, 795, 2.670, 229.69, -13.00, 2.670, 229.69, -13.00, 0.000, 359.61, -0.00);
insert into SHOT values (351, 391, 392, 795, 6.620, 154.69, 8.00, 6.620, 154.69, 8.00, 0.000, 356.37, -0.00);
insert into SHOT values (352, 392, 393, 795, 7.620, 158.69, -40.00, 7.620, 158.69, -40.00, 0.000, 4.58, 0.00);
insert into SHOT values (353, 393, 394, 795, 24.900, 179.69, 80.00, 24.900, 179.69, 80.00, 0.000, 183.71, 0.00);
insert into SHOT values (354, 394, 395, 795, 4.980, 141.69, 78.00, 4.980, 141.69, 78.00, 0.000, 356.47, -0.00);
insert into SHOT values (355, 395, 335, 795, 6.000, 131.69, -6.00, 6.000, 131.69, -6.00, 0.000, 351.61, -0.00);
insert into SURVEY values (797, 789, 'ResurgenceHongo', 'ResurgenceHongo.107.UltimaPatagonia', 'Resurgence Hongo');
 insert into CENTRELINE values (798, 797, NULL, NULL, NULL, 0.00, 0.00, 0.00);
 insert into SCRAPS values (799, 797, 'ResurgenceHongo-1p', 1, 3.52172, 0.00876);
 insert into SCRAPS values (988, 797, 'ResurgenceHongo-2p', 1, 0.38182, 0.05954);
 insert into MAPS values (1018, 797, 'm-tout-p', NULL, 1, 358.000, -28.300);
 insert into MAPITEMS values (1018, 4, 988);
 insert into MAPITEMS values (1018, 4, 799);
 insert into CENTRELINE values (1019, 797, NULL, '2019-01-01', NULL, 358.00, 0.00, 0.00);
 insert into SHOT values (356, 396, 397, 1019, 10.000, 224.65, -71.81, 10.000, 224.65, -71.81, 0.000, 182.27, 0.00);
insert into SHOT values (357, 397, 398, 1019, 10.000, 224.65, -44.43, 10.000, 224.65, -44.43, 0.000, 171.78, 0.00);
insert into SHOT values (358, 398, 399, 1019, 5.000, 224.65, -23.58, 5.000, 224.65, -23.58, 0.000, 1.52, 0.00);
insert into SHOT values (359, 399, 400, 1019, 5.000, 244.65, -34.06, 5.000, 244.65, -34.06, 0.000, 175.70, 0.00);
insert into SHOT values (360, 400, 401, 1019, 10.000, 294.65, 25.47, 10.000, 294.65, 25.47, 0.000, 177.99, 0.00);
insert into SHOT values (361, 401, 402, 1019, 5.000, 284.65, 0.00, 5.000, 284.65, 0.00, 0.000, 178.15, 0.00);
insert into SHOT values (362, 402, 403, 1019, 8.000, 264.65, -5.74, 8.000, 264.65, -5.74, 0.000, 259.54, 0.00);
insert into SHOT values (363, 403, 404, 1019, 12.000, 324.65, 0.95, 12.000, 324.65, 0.95, 0.000, 177.98, 0.00);
insert into SHOT values (364, 404, 405, 1019, 5.000, 344.65, 18.66, 5.000, 344.65, 18.66, 0.000, 6.96, 0.00);
insert into SHOT values (365, 405, 406, 1019, 12.000, 329.65, 4.78, 12.000, 329.65, 4.78, 0.000, 178.61, 0.00);
insert into SHOT values (366, 406, 407, 1019, 3.000, 4.65, 0.00, 3.000, 4.65, 0.00, 0.000, 171.13, 0.00);
insert into SHOT values (367, 407, 408, 1019, 3.000, 334.65, 9.59, 3.000, 334.65, 9.59, 0.000, 183.63, 0.00);
insert into SHOT values (368, 408, 409, 1019, 4.000, 306.65, 33.37, 4.000, 306.65, 33.37, 0.000, 354.73, 0.00);
insert into SHOT values (369, 409, 410, 1019, 7.000, 199.65, 64.16, 7.000, 199.65, 64.16, 0.000, 326.77, 0.00);
insert into SHOT values (370, 410, 411, 1019, 8.000, 334.65, 7.18, 8.000, 334.65, 7.18, 0.000, 171.51, 0.00);
insert into SHOT values (371, 411, 412, 1019, 3.000, 314.65, 0.00, 3.000, 314.65, 0.00, 0.000, 355.12, 0.00);
insert into SHOT values (372, 412, 413, 1019, 10.000, 314.65, 7.47, 10.000, 314.65, 7.47, 0.000, 172.28, 0.00);
insert into SHOT values (373, 413, 414, 1019, 5.000, 314.65, 8.05, 5.000, 314.65, 8.05, 0.000, 177.91, 0.00);
insert into SHOT values (374, 414, 415, 1019, 7.000, 324.65, 0.00, 7.000, 324.65, 0.00, 0.000, 3.29, 0.00);
insert into SHOT values (375, 415, 416, 1019, 8.000, 334.65, 0.00, 8.000, 334.65, 0.00, 0.000, 356.39, 0.00);
insert into SHOT values (376, 416, 417, 1019, 6.000, 314.65, 24.62, 6.000, 314.65, 24.62, 0.000, 4.95, 0.00);
insert into SHOT values (377, 417, 418, 1019, 9.000, 344.65, 3.18, 9.000, 344.65, 3.18, 0.000, 172.89, 0.00);
insert into SHOT values (378, 418, 419, 1019, 5.000, 334.65, -23.58, 5.000, 334.65, -23.58, 0.000, 357.47, 0.00);
insert into SHOT values (379, 419, 420, 1019, 5.000, 314.65, -27.39, 5.000, 314.65, -27.39, 0.000, 354.50, 0.00);
insert into SHOT values (380, 420, 421, 1019, 5.000, 319.65, -8.05, 5.000, 319.65, -8.05, 0.000, 176.63, 0.00);
insert into SHOT values (381, 421, 422, 1019, 5.000, 344.65, -11.54, 5.000, 344.65, -11.54, 0.000, 352.58, 0.00);
insert into SHOT values (382, 422, 423, 1019, 10.000, 344.65, 9.21, 10.000, 344.65, 9.21, 0.000, 180.68, 0.00);
insert into SHOT values (383, 423, 424, 1019, 2.000, 354.65, 23.58, 2.000, 354.65, 23.58, 0.000, 180.94, 0.00);
insert into SHOT values (384, 424, 425, 1019, 7.000, 14.65, 7.39, 7.000, 14.65, 7.39, 0.000, 2.53, 0.00);
insert into SHOT values (385, 425, 426, 1019, 16.000, 354.65, 0.72, 16.000, 354.65, 0.72, 0.000, 321.34, 0.00);
insert into SHOT values (386, 426, 427, 1019, 10.000, 324.65, -23.58, 10.000, 324.65, -23.58, 0.000, 181.14, 0.00);
insert into SHOT values (387, 427, 428, 1019, 5.000, 294.65, -1.15, 5.000, 294.65, -1.15, 0.000, 176.03, 0.00);
insert into SHOT values (388, 428, 429, 1019, 9.000, 294.65, -18.80, 9.000, 294.65, -18.80, 0.000, 204.17, 0.00);
insert into SHOT values (389, 429, 430, 1019, 10.000, 254.65, -5.74, 10.000, 254.65, -5.74, 0.000, 185.22, 0.00);
insert into SHOT values (390, 430, 431, 1019, 3.000, 274.65, -9.59, 3.000, 274.65, -9.59, 0.000, 358.34, 0.00);
insert into SHOT values (391, 431, 432, 1019, 3.000, 314.65, -53.13, 3.000, 314.65, -53.13, 0.000, 174.24, 0.00);
insert into SHOT values (392, 432, 433, 1019, 3.000, 284.65, -21.51, 3.000, 284.65, -21.51, 0.000, 1.71, 0.00);
insert into SHOT values (393, 433, 434, 1019, 12.000, 229.65, -11.05, 12.000, 229.65, -11.05, 0.000, 358.61, 0.00);
insert into SHOT values (394, 434, 435, 1019, 10.000, 244.65, -49.46, 10.000, 244.65, -49.46, 0.000, 5.06, 0.00);
insert into SHOT values (395, 435, 436, 1019, 11.000, 284.65, -20.77, 11.000, 284.65, -20.77, 0.000, 182.74, 0.00);
insert into SHOT values (396, 436, 437, 1019, 11.000, 274.65, 65.38, 11.000, 274.65, 65.38, 0.000, 173.56, 0.00);
insert into SHOT values (397, 437, 438, 1019, 8.000, 254.65, -1.43, 8.000, 254.65, -1.43, 0.000, 230.23, 0.00);
insert into SHOT values (398, 438, 439, 1019, 5.000, 224.65, 12.71, 5.000, 224.65, 12.71, 0.000, 0.18, 0.00);
insert into SHOT values (399, 439, 440, 1019, 5.000, 214.65, 1.15, 5.000, 214.65, 1.15, 0.000, 177.71, 0.00);
insert into SHOT values (400, 440, 441, 1019, 5.000, 234.65, 0.00, 5.000, 234.65, 0.00, 0.000, 177.04, 0.00);
insert into SHOT values (401, 441, 442, 1019, 5.000, 194.65, 47.73, 5.000, 194.65, 47.73, 0.000, 186.05, 0.00);
insert into SHOT values (402, 442, 443, 1019, 5.000, 54.65, 9.21, 5.000, 54.65, 9.21, 0.000, 183.25, 0.00);
insert into SHOT values (403, 443, 444, 1019, 7.000, 334.65, -0.82, 7.000, 334.65, -0.82, 0.000, 187.66, 0.00);
insert into SHOT values (404, 444, 445, 1019, 2.000, 4.65, 11.54, 2.000, 4.65, 11.54, 0.000, 3.77, 0.00);
insert into SHOT values (405, 445, 446, 1019, 5.000, 334.65, 41.30, 5.000, 334.65, 41.30, 0.000, 14.36, 0.00);
insert into SHOT values (406, 446, 447, 1019, 5.000, 164.65, 49.46, 5.000, 164.65, 49.46, 0.000, 1.36, 0.00);
insert into SHOT values (407, 447, 448, 1019, 9.000, 344.65, 1.91, 9.000, 344.65, 1.91, 0.000, 4.02, 0.00);
insert into SURVEY values (1021, 789, 'GouffreChameau', 'GouffreChameau.107.UltimaPatagonia', 'Gouffre du Chameau');
 insert into CENTRELINE values (1022, 1021, NULL, NULL, NULL, 0.00, 0.00, 0.00);
 insert into CENTRELINE values (1023, 1021, NULL, '2019-01-31', NULL, 162.06, 0.00, 0.00);
 insert into SHOT values (408, 449, 450, 1023, 4.560, 324.39, 48.10, 4.560, 324.39, 48.10, 0.000, 2.80, 0.00);
insert into SHOT values (409, 450, 451, 1023, 7.390, 255.49, 24.80, 7.390, 255.49, 24.80, 0.000, 187.54, -0.01);
insert into SHOT values (410, 451, 452, 1023, 4.710, 329.19, 19.30, 4.710, 329.19, 19.30, 0.000, 173.70, -0.00);
insert into SHOT values (411, 452, 453, 1023, 3.320, 326.29, 10.70, 3.320, 326.29, 10.70, 0.000, 180.89, -0.00);
insert into SHOT values (412, 453, 454, 1023, 3.820, 296.19, -31.60, 3.820, 296.19, -31.60, 0.000, 178.37, 0.00);
insert into SHOT values (413, 454, 455, 1023, 3.210, 238.89, 15.40, 3.210, 238.89, 15.40, 0.000, 344.91, 0.00);
insert into SHOT values (414, 455, 456, 1023, 5.760, 305.39, 28.70, 5.760, 305.39, 28.70, 0.000, 176.21, -0.00);
insert into SHOT values (415, 456, 457, 1023, 7.450, 343.89, 14.60, 7.450, 343.89, 14.60, 0.000, 183.93, -0.00);
insert into SHOT values (416, 452, 458, 1023, 30.310, 69.39, 88.00, 30.310, 69.39, 88.00, 0.000, 6.65, 0.00);
insert into SHOT values (417, 458, 459, 1023, 3.280, 118.19, 31.30, 3.280, 118.19, 31.30, 0.000, 183.40, -0.00);
insert into SHOT values (418, 459, 460, 1023, 16.360, 90.49, 65.50, 16.360, 90.49, 65.50, 0.000, 198.92, 0.01);
insert into SHOT values (419, 460, 461, 1023, 6.020, 1.39, 60.60, 6.020, 1.39, 60.60, 0.000, 3.71, -0.00);
insert into SHOT values (420, 461, 462, 1023, 15.870, 206.59, 11.70, 15.870, 206.59, 11.70, 0.000, 4.93, -0.00);
insert into SHOT values (421, 449, 463, 1023, 50.000, 14.69, -90.00, 50.000, 90.00, -90.00, 0.000, 14.69, 0.00);
insert into SURVEY values (1025, 789, 'CuevaCaboVertical', 'CuevaCaboVertical.107.UltimaPatagonia', 'Cueva Cabo Vertical');
 insert into CENTRELINE values (1026, 1025, NULL, NULL, NULL, 0.00, 0.00, 0.00);
 insert into CENTRELINE values (1027, 1025, NULL, '2020-02-15', NULL, 344.78, 0.00, 0.00);
 insert into SHOT values (422, 464, 465, 1027, 19.600, 347.60, -27.00, 19.600, 347.60, -27.00, 0.000, 357.89, 0.00);
insert into SHOT values (423, 465, 466, 1027, 15.160, 328.60, -18.00, 15.160, 328.60, -18.00, 0.000, 350.73, 0.00);
insert into SHOT values (424, 466, 467, 1027, 18.560, 250.10, 14.50, 18.560, 250.10, 14.50, 0.000, 178.57, -0.00);
insert into SHOT values (425, 467, 468, 1027, 12.200, 336.60, -6.30, 12.200, 336.60, -6.30, 0.000, 183.80, 0.00);
insert into SHOT values (426, 468, 469, 1027, 13.000, 241.60, 36.00, 13.000, 241.60, 36.00, 0.000, 173.82, 0.00);
insert into SHOT values (427, 469, 470, 1027, 5.100, 308.60, 1.20, 5.100, 308.60, 1.20, 0.000, 355.16, -0.00);
insert into SHOT values (428, 470, 471, 1027, 13.900, 18.20, 30.50, 13.900, 18.20, 30.50, 0.000, 181.49, -0.00);
insert into SHOT values (429, 471, 472, 1027, 12.200, 335.60, 23.00, 12.200, 335.60, 23.00, 0.000, 4.76, 0.00);
insert into SHOT values (430, 472, 473, 1027, 7.600, 10.60, 29.00, 7.600, 10.60, 29.00, 0.000, 357.57, 0.00);
insert into SHOT values (431, 473, 474, 1027, 5.500, 319.60, 10.50, 5.500, 319.60, 10.50, 0.000, 1.31, -0.00);
insert into SHOT values (432, 474, 475, 1027, 6.500, 294.60, 4.00, 6.500, 294.60, 4.00, 0.000, 359.69, 0.00);
insert into SHOT values (433, 475, 476, 1027, 3.380, 317.60, -2.00, 3.380, 317.60, -2.00, 0.000, 183.06, -0.00);
insert into SHOT values (434, 476, 477, 1027, 5.500, 0.60, 36.00, 5.500, 0.60, 36.00, 0.000, 345.56, 0.00);
insert into SHOT values (435, 470, 478, 1027, 10.370, 304.70, -3.70, 10.370, 304.70, -3.70, 0.000, 183.89, -0.00);
insert into SHOT values (436, 466, 479, 1027, 26.600, 49.60, 21.50, 26.600, 49.60, 21.50, 0.000, 173.59, 0.00);
insert into SHOT values (437, 479, 480, 1027, 19.760, 115.30, 27.10, 19.760, 115.30, 27.10, 0.000, 4.47, 0.00);
insert into SHOT values (438, 480, 481, 1027, 9.780, 47.10, 23.30, 9.780, 47.10, 23.30, 0.000, 179.00, 0.00);
insert into SHOT values (439, 481, 482, 1027, 11.710, 323.70, 0.40, 11.710, 323.70, 0.40, 0.000, 4.48, -0.10);
insert into SHOT values (440, 482, 483, 1027, 18.080, 356.50, -12.80, 18.080, 356.50, -12.80, 0.000, 342.90, 0.00);
insert into SHOT values (441, 483, 484, 1027, 31.390, 285.00, 14.00, 31.390, 285.00, 14.00, 0.000, 158.20, 0.00);
insert into SHOT values (442, 484, 485, 1027, 17.090, 319.60, -2.60, 17.090, 319.60, -2.60, 0.000, 18.05, 0.00);
insert into SHOT values (443, 485, 486, 1027, 10.050, 310.10, -3.50, 10.050, 310.10, -3.50, 0.000, 204.60, 0.00);
insert into SHOT values (444, 486, 487, 1027, 9.040, 329.20, -6.30, 9.040, 329.20, -6.30, 0.000, 355.13, -0.00);
insert into SHOT values (445, 487, 488, 1027, 10.980, 341.60, -1.90, 10.980, 341.60, -1.90, 0.000, 358.11, 0.00);
insert into SHOT values (446, 486, 489, 1027, 15.950, 283.00, 21.90, 15.950, 283.00, 21.90, 0.000, 356.09, 0.00);
insert into SHOT values (447, 489, 490, 1027, 7.780, 315.60, -1.20, 7.780, 315.60, -1.20, 0.000, 359.88, 0.00);
insert into SHOT values (448, 490, 491, 1027, 8.000, 315.60, -80.00, 8.000, 315.60, -80.00, 0.000, 169.11, -0.00);
insert into SURVEY values (1029, 789, 'DuchasDeSanPedro', 'DuchasDeSanPedro.107.UltimaPatagonia', 'Las duchas de San Pedro');
 insert into CENTRELINE values (1030, 1029, NULL, NULL, NULL, 0.00, 0.00, 0.00);
 insert into CENTRELINE values (1031, 1029, NULL, '2017-02-01', NULL, 35.35, 0.00, 0.00);
 insert into SHOT values (449, 492, 493, 1031, 4.440, 164.06, 36.40, 4.440, 164.06, 36.40, 0.000, 357.51, -0.00);
insert into SHOT values (450, 493, 494, 1031, 0.000, 14.86, 0.00, 0.000, 90.00, 0.00, 0.000, 90.00, 0.00);
insert into SHOT values (451, 493, 495, 1031, 7.760, 173.76, 34.10, 7.760, 173.76, 34.10, 0.000, 6.87, 0.00);
insert into SHOT values (452, 495, 496, 1031, 3.940, 114.26, 38.10, 3.940, 114.26, 38.10, 0.000, 180.10, -0.00);
insert into SHOT values (453, 496, 497, 1031, 13.000, 146.36, 43.90, 13.000, 146.36, 43.90, 0.000, 183.93, 0.00);
insert into SHOT values (454, 497, 498, 1031, 6.210, 126.06, 26.00, 6.210, 126.06, 26.00, 0.000, 346.35, 0.00);
insert into CENTRELINE values (1032, 1029, NULL, NULL, NULL, 61.00, 0.00, 0.00);
 insert into SHOT values (455, 492, 499, 1032, 5.000, 336.13, -42.84, 5.000, 336.13, -42.84, 0.000, 182.29, 0.00);
insert into SHOT values (456, 499, 500, 1032, 11.000, 351.13, -38.18, 11.000, 351.13, -38.18, 0.000, 356.63, -0.00);
insert into SHOT values (457, 500, 501, 1032, 9.000, 346.13, -25.68, 9.000, 346.13, -25.68, 0.000, 177.67, 0.00);
insert into SHOT values (458, 501, 502, 1032, 4.000, 356.13, -46.47, 4.000, 356.13, -46.47, 0.000, 25.13, 0.00);
insert into SHOT values (459, 502, 503, 1032, 17.000, 6.13, -9.48, 17.000, 6.13, -9.48, 0.000, 353.47, 0.00);
insert into SHOT values (460, 503, 504, 1032, 10.000, 56.13, 7.47, 10.000, 56.13, 7.47, 0.000, 359.96, 0.00);
insert into SHOT values (461, 504, 505, 1032, 5.000, 86.13, 28.69, 5.000, 86.13, 28.69, 0.000, 356.88, 0.00);
insert into CENTRELINE values (1033, 1029, NULL, NULL, NULL, 45.00, 0.00, 0.00);
 insert into SHOT values (462, 505, 506, 1033, 6.500, 96.13, 30.51, 6.500, 96.13, 30.51, 0.000, 185.69, 0.00);
insert into SHOT values (463, 506, 507, 1033, 6.500, 121.13, 28.48, 6.500, 121.13, 28.48, 0.000, 181.11, 0.00);
insert into SHOT values (464, 507, 508, 1033, 7.000, 76.13, 35.85, 7.000, 76.13, 35.85, 0.000, 3.54, 0.00);
insert into SHOT values (465, 508, 509, 1033, 7.000, 31.13, 0.82, 7.000, 31.13, 0.82, 0.000, 182.08, 0.00);
insert into SHOT values (466, 509, 510, 1033, 5.000, 6.13, -6.89, 5.000, 6.13, -6.89, 0.000, 165.72, -0.00);
insert into SHOT values (467, 510, 511, 1033, 13.000, 21.13, -38.54, 13.000, 21.13, -38.54, 0.000, 4.37, 0.00);
insert into CENTRELINE values (1034, 1029, NULL, NULL, NULL, 126.33, 0.00, 0.00);
 insert into SHOT values (468, 494, 512, 1034, 12.620, 46.13, 21.50, 12.620, 46.13, 21.50, 0.000, 5.69, -0.00);
insert into SHOT values (469, 512, 513, 1034, 1.620, 330.13, -19.20, 1.620, 330.13, -19.20, 0.000, 179.89, 0.00);
insert into SHOT values (470, 513, 514, 1034, 5.930, 58.43, 23.50, 5.930, 58.43, 23.50, 0.000, 176.15, -0.00);
insert into SHOT values (471, 514, 515, 1034, 14.960, 5.43, -31.30, 14.960, 5.43, -31.30, 0.000, 176.84, 0.00);
insert into SHOT values (472, 515, 516, 1034, 9.720, 171.13, 30.20, 9.720, 171.13, 30.20, 0.000, 325.71, -0.00);
insert into SHOT values (473, 516, 517, 1034, 8.660, 69.53, 23.60, 8.660, 69.53, 23.60, 0.000, 174.61, -0.00);
insert into SHOT values (474, 517, 518, 1034, 18.160, 121.53, 39.40, 18.160, 121.53, 39.40, 0.000, 0.88, -0.00);
insert into SHOT values (475, 518, 519, 1034, 5.620, 158.93, 38.20, 5.620, 158.93, 38.20, 0.000, 1.89, -0.00);
insert into SHOT values (476, 517, 520, 1034, 10.890, 336.13, -47.70, 10.890, 336.13, -47.70, 0.000, 171.47, 0.00);
insert into SHOT values (477, 520, 521, 1034, 7.460, 335.23, -26.00, 7.460, 335.23, -26.00, 0.000, 166.60, 0.00);
insert into SHOT values (478, 514, 522, 1034, 4.080, 137.13, 33.90, 4.080, 137.13, 33.90, 0.000, 358.20, -0.00);
insert into SHOT values (479, 522, 523, 1034, 7.190, 131.63, 42.90, 7.190, 131.63, 42.90, 0.000, 186.61, 0.00);
insert into SHOT values (480, 523, 524, 1034, 5.560, 177.93, 44.30, 5.560, 177.93, 44.30, 0.000, 0.08, 0.00);
insert into SHOT values (481, 524, 525, 1034, 6.050, 127.83, 29.80, 6.050, 127.83, 29.80, 0.000, 0.11, -0.00);
insert into SHOT values (482, 525, 526, 1034, 3.570, 50.83, 26.70, 3.570, 50.83, 26.70, 0.000, 356.51, -0.00);
insert into SHOT values (483, 525, 527, 1034, 4.240, 182.33, 30.60, 4.240, 182.33, 30.60, 0.000, 177.67, -0.00);
insert into SURVEY values (1036, 789, 'GouffreCasque', 'GouffreCasque.107.UltimaPatagonia', 'Gouffre Casque');
 insert into CENTRELINE values (1037, 1036, NULL, NULL, NULL, 0.00, 0.00, 0.00);
 insert into CENTRELINE values (1038, 1036, NULL, '2017-02-01', NULL, 123.31, 0.00, 0.00);
 insert into SHOT values (484, 528, 529, 1038, 11.980, 288.46, -23.60, 11.980, 288.46, -23.60, 0.000, 183.85, -0.01);
insert into SHOT values (485, 529, 530, 1038, 7.000, 323.56, -17.40, 7.000, 323.56, -17.40, 0.000, 5.18, -0.01);
insert into SHOT values (486, 530, 531, 1038, 6.140, 318.86, -12.60, 6.140, 318.86, -12.60, 0.000, 2.90, -0.00);
insert into SHOT values (487, 531, 532, 1038, 2.300, 357.46, -40.50, 2.300, 357.46, -40.50, 0.000, 177.42, 0.00);
insert into SHOT values (488, 532, 533, 1038, 11.260, 254.16, -36.30, 11.260, 254.16, -36.30, 0.000, 182.11, 0.01);
insert into SHOT values (489, 533, 534, 1038, 7.100, 216.36, -50.10, 7.100, 216.36, -50.10, 0.000, 2.63, -0.00);
insert into SHOT values (490, 534, 535, 1038, 5.500, 238.06, -39.20, 5.500, 238.06, -39.20, 0.000, 337.23, 0.01);
insert into SHOT values (491, 535, 536, 1038, 9.250, 218.26, -35.80, 9.250, 218.26, -35.80, 0.000, 188.28, 0.01);
insert into SHOT values (492, 536, 537, 1038, 4.500, 208.56, -47.10, 4.500, 208.56, -47.10, 0.000, 358.13, 0.02);
insert into SHOT values (493, 537, 538, 1038, 3.540, 318.06, -56.70, 3.540, 318.06, -56.70, 0.000, 2.32, 0.00);
insert into SHOT values (494, 538, 539, 1038, 5.100, 294.16, -77.50, 5.100, 294.16, -77.50, 0.000, 1.06, 0.00);
insert into SHOT values (495, 539, 540, 1038, 8.930, 304.56, -80.80, 8.930, 304.56, -80.80, 0.000, 355.09, -0.00);
insert into SHOT values (496, 540, 541, 1038, 2.800, 335.16, 12.30, 2.800, 335.16, 12.30, 0.000, 2.36, 0.00);
insert into SHOT values (497, 541, 542, 1038, 10.630, 310.76, 39.70, 10.630, 310.76, 39.70, 0.000, 176.08, -0.01);
insert into SHOT values (498, 542, 543, 1038, 1.370, 263.56, 4.30, 1.370, 263.56, 4.30, 0.000, 181.11, -0.00);
insert into SHOT values (499, 543, 544, 1038, 10.540, 268.96, -50.60, 10.540, 268.96, -50.60, 0.000, 351.47, 0.01);
insert into SHOT values (500, 544, 545, 1038, 2.370, 188.76, 8.00, 2.370, 188.76, 8.00, 0.000, 0.32, 0.00);
insert into SHOT values (501, 545, 546, 1038, 13.000, 277.06, -72.70, 13.000, 277.06, -72.70, 0.000, 178.64, -0.00);
insert into CENTRELINE values (1039, 1036, NULL, '2017-02-01', NULL, 84.98, 0.00, 0.00);
 insert into SHOT values (502, 547, 548, 1039, 4.780, 268.86, 86.10, 4.780, 268.86, 86.10, 0.000, 357.52, -0.00);
insert into SHOT values (503, 548, 549, 1039, 20.000, 158.86, 90.00, 20.000, 90.00, 90.00, 0.000, 158.86, 0.00);
insert into SHOT values (504, 549, 550, 1039, 3.330, 200.86, 11.50, 3.330, 200.86, 11.50, 0.000, 356.86, -0.00);
insert into SHOT values (505, 550, 551, 1039, 4.400, 222.16, 32.50, 4.400, 222.16, 32.50, 0.000, 357.74, 0.00);
insert into SHOT values (506, 551, 552, 1039, 16.750, 14.86, 90.00, 16.750, 90.00, 90.00, 0.000, 14.86, 0.00);
insert into SHOT values (507, 552, 553, 1039, 3.940, 171.16, -0.80, 3.940, 171.16, -0.80, 0.000, 3.38, 0.00);
insert into SHOT values (508, 553, 554, 1039, 6.340, 121.86, 48.90, 6.340, 121.86, 48.90, 0.000, 355.97, 0.00);
insert into SHOT values (509, 554, 555, 1039, 1.230, 92.16, 7.10, 1.230, 92.16, 7.10, 0.000, 174.89, -0.01);
insert into SHOT values (510, 555, 556, 1039, 1.350, 136.46, -3.20, 1.350, 136.46, -3.20, 0.000, 358.96, -0.00);
insert into SHOT values (511, 556, 557, 1039, 3.270, 69.26, 6.90, 3.270, 69.26, 6.90, 0.000, 358.79, 0.00);
insert into SHOT values (512, 557, 558, 1039, 3.060, 115.26, 60.00, 3.060, 115.26, 60.00, 0.000, 352.83, -0.00);
insert into SHOT values (513, 558, 559, 1039, 4.990, 19.66, 34.80, 4.990, 19.66, 34.80, 0.000, 310.60, 0.01);
insert into SHOT values (514, 559, 546, 1039, 11.540, 48.96, 27.30, 11.540, 48.96, 27.30, 0.000, 184.22, 0.01);
insert into CENTRELINE values (1040, 1036, NULL, '2017-02-15', NULL, 300.69, 0.00, 0.00);
 insert into SHOT values (515, 560, 561, 1040, 3.090, 47.36, -23.20, 3.090, 47.36, -23.20, 0.000, 348.65, 0.01);
insert into SHOT values (516, 561, 562, 1040, 2.610, 353.76, 10.80, 2.610, 353.76, 10.80, 0.000, 179.81, -0.00);
insert into SHOT values (517, 562, 563, 1040, 1.300, 306.86, -2.00, 1.300, 306.86, -2.00, 0.000, 357.07, -0.00);
insert into SHOT values (518, 563, 564, 1040, 1.640, 265.56, 9.10, 1.640, 265.56, 9.10, 0.000, 355.43, 0.00);
insert into SHOT values (519, 564, 565, 1040, 1.560, 348.76, -7.30, 1.560, 348.76, -7.30, 0.000, 170.27, -0.01);
insert into SHOT values (520, 565, 547, 1040, 6.640, 146.86, 72.00, 6.640, 146.86, 72.00, 0.000, 151.30, 0.00);
insert into SHOT values (521, 565, 566, 1040, 4.440, 61.76, 6.30, 4.440, 61.76, 6.30, 0.000, 7.20, -0.00);
insert into SHOT values (522, 566, 567, 1040, 2.750, 340.06, -46.40, 2.750, 340.06, -46.40, 0.000, 177.34, 0.00);
insert into SHOT values (523, 567, 568, 1040, 1.830, 340.36, -25.20, 1.830, 340.36, -25.20, 0.000, 177.39, 0.00);
insert into SHOT values (524, 568, 569, 1040, 2.100, 321.80, 4.40, 2.100, 321.80, 4.40, 0.000, 356.54, 0.00);
insert into SHOT values (525, 569, 570, 1040, 1.730, 26.36, 18.30, 1.730, 26.36, 18.30, 0.000, 177.88, -0.00);
insert into SHOT values (526, 570, 571, 1040, 1.340, 313.66, 4.20, 1.340, 313.66, 4.20, 0.000, 358.30, -0.01);
insert into SHOT values (527, 571, 572, 1040, 1.090, 283.96, 4.10, 1.090, 283.96, 4.10, 0.000, 358.68, 0.00);
insert into SHOT values (528, 572, 573, 1040, 2.300, 335.86, -30.00, 2.300, 335.86, -30.00, 0.000, 183.44, -0.00);
insert into SHOT values (529, 573, 574, 1040, 2.550, 320.96, -22.90, 2.550, 320.96, -22.90, 0.000, 176.11, 0.00);
insert into SHOT values (530, 574, 575, 1040, 1.880, 290.16, -9.70, 1.880, 290.16, -9.70, 0.000, 181.02, 0.00);
insert into SHOT values (531, 575, 576, 1040, 1.510, 328.46, -16.50, 1.510, 328.46, -16.50, 0.000, 175.94, 0.00);
insert into SHOT values (532, 576, 577, 1040, 1.480, 244.36, 28.30, 1.480, 244.36, 28.30, 0.000, 170.62, 0.00);
insert into SHOT values (533, 577, 578, 1040, 1.560, 293.56, -23.30, 1.560, 293.56, -23.30, 0.000, 10.81, -0.01);
insert into SHOT values (534, 578, 579, 1040, 2.420, 258.26, -15.60, 2.420, 258.26, -15.60, 0.000, 355.12, -0.00);
insert into SHOT values (535, 579, 580, 1040, 3.190, 358.56, 41.40, 3.190, 358.56, 41.40, 0.000, 46.70, -0.07);
insert into SHOT values (536, 580, 581, 1040, 4.090, 189.86, -26.70, 4.090, 189.86, -26.70, 0.000, 8.03, -0.00);
insert into SHOT values (537, 581, 582, 1040, 4.130, 275.96, -14.60, 4.130, 275.96, -14.60, 0.000, 172.04, -0.00);
insert into SHOT values (538, 582, 583, 1040, 3.370, 24.16, 1.70, 3.370, 24.16, 1.70, 0.000, 185.91, -0.00);
insert into SHOT values (539, 583, 584, 1040, 4.220, 273.76, -0.50, 4.220, 273.76, -0.50, 0.000, 175.94, 0.00);
insert into SHOT values (540, 584, 585, 1040, 2.150, 31.16, 20.00, 2.150, 31.16, 20.00, 0.000, 358.07, 0.00);
insert into SHOT values (541, 585, 586, 1040, 1.450, 59.06, -25.80, 1.450, 59.06, -25.80, 0.000, 175.76, -0.00);
insert into SHOT values (542, 586, 587, 1040, 2.960, 2.06, -10.40, 2.960, 2.06, -10.40, 0.000, 185.59, -0.00);
insert into SHOT values (543, 587, 588, 1040, 2.110, 302.16, -19.80, 2.110, 302.16, -19.80, 0.000, 205.34, -0.01);
insert into SHOT values (544, 588, 589, 1040, 2.730, 23.06, 1.70, 2.730, 23.06, 1.70, 0.000, 2.65, -0.01);
insert into SHOT values (545, 589, 590, 1040, 2.190, 319.06, 3.80, 2.190, 319.06, 3.80, 0.000, 31.62, -0.02);
insert into SHOT values (546, 590, 591, 1040, 1.910, 349.46, -22.30, 1.910, 349.46, -22.30, 0.000, 178.32, 0.02);
insert into SHOT values (547, 591, 592, 1040, 1.420, 299.66, 21.20, 1.420, 299.66, 21.20, 0.000, 1.16, 0.00);
insert into SHOT values (548, 592, 593, 1040, 4.550, 48.66, -9.00, 4.550, 48.66, -9.00, 0.000, 98.20, -0.03);
insert into SHOT values (549, 593, 594, 1040, 4.030, 271.56, -3.70, 4.030, 271.56, -3.70, 0.000, 183.67, -0.00);
insert into SHOT values (550, 594, 595, 1040, 1.680, 327.46, -16.90, 1.680, 327.46, -16.90, 0.000, 26.46, 0.00);
insert into SHOT values (551, 595, 596, 1040, 3.960, 55.56, -10.50, 3.960, 55.56, -10.50, 0.000, 3.23, 0.00);
insert into SHOT values (552, 596, 597, 1040, 2.620, 337.76, -1.20, 2.620, 337.76, -1.20, 0.000, 2.04, 0.00);
insert into SHOT values (553, 597, 598, 1040, 2.270, 355.76, 11.40, 2.270, 355.76, 11.40, 0.000, 4.17, -0.00);
insert into SHOT values (554, 598, 599, 1040, 2.800, 248.16, -33.30, 2.800, 248.16, -33.30, 0.000, 178.91, 0.00);
insert into SHOT values (555, 599, 600, 1040, 3.690, 12.56, -16.90, 3.690, 12.56, -16.90, 0.000, 243.97, 0.02);
insert into SHOT values (556, 600, 601, 1040, 2.130, 337.86, 10.90, 2.130, 337.86, 10.90, 0.000, 359.59, -0.01);
insert into SHOT values (557, 601, 602, 1040, 2.960, 346.96, -4.00, 2.960, 346.96, -4.00, 0.000, 176.40, -0.00);
insert into SHOT values (558, 602, 603, 1040, 3.060, 39.56, -10.80, 3.060, 39.56, -10.80, 0.000, 178.00, -0.00);
insert into SHOT values (559, 603, 604, 1040, 4.050, 332.86, -17.20, 4.050, 332.86, -17.20, 0.000, 356.38, 0.00);
insert into SHOT values (560, 604, 605, 1040, 2.970, 12.56, 3.40, 2.970, 12.56, 3.40, 0.000, 38.76, 0.02);
insert into SHOT values (561, 605, 606, 1040, 2.260, 293.76, 5.50, 2.260, 293.76, 5.50, 0.000, 358.38, 0.00);
insert into SHOT values (562, 606, 607, 1040, 1.580, 337.56, 9.50, 1.580, 337.56, 9.50, 0.000, 356.05, -0.00);
insert into SHOT values (563, 607, 608, 1040, 4.410, 53.66, -0.30, 4.410, 53.66, -0.30, 0.000, 183.54, -0.00);
insert into SHOT values (564, 608, 609, 1040, 2.380, 276.26, -4.10, 2.380, 276.26, -4.10, 0.000, 183.46, 0.00);
insert into SHOT values (565, 609, 610, 1040, 3.030, 34.76, -19.60, 3.030, 34.76, -19.60, 0.000, 181.30, -0.00);
insert into SHOT values (566, 610, 611, 1040, 1.800, 322.76, -1.60, 1.800, 322.76, -1.60, 0.000, 1.09, -0.00);
insert into SHOT values (567, 611, 612, 1040, 3.350, 69.86, 3.00, 3.350, 69.86, 3.00, 0.000, 25.07, 0.01);
insert into SHOT values (568, 612, 613, 1040, 1.310, 21.16, 5.90, 1.310, 21.16, 5.90, 0.000, 2.22, -0.00);
insert into SHOT values (569, 613, 614, 1040, 2.470, 293.76, -16.90, 2.470, 293.76, -16.90, 0.000, 289.53, -0.18);
insert into SHOT values (570, 614, 615, 1040, 2.890, 37.66, 9.70, 2.890, 37.66, 9.70, 0.000, 5.11, -0.00);
insert into SHOT values (571, 615, 616, 1040, 3.320, 336.96, 0.60, 3.320, 336.96, 0.60, 0.000, 176.53, -0.00);
insert into SHOT values (572, 616, 617, 1040, 3.680, 221.46, -11.50, 3.680, 221.46, -11.50, 0.000, 180.15, -0.00);
insert into SHOT values (573, 617, 618, 1040, 2.150, 226.46, -1.40, 2.150, 226.46, -1.40, 0.000, 345.59, -0.01);
insert into SHOT values (574, 618, 619, 1040, 4.940, 330.26, -10.40, 4.940, 330.26, -10.40, 0.000, 180.61, -0.00);
insert into SHOT values (575, 619, 620, 1040, 2.310, 49.06, 2.30, 2.310, 49.06, 2.30, 0.000, 175.07, 0.00);
insert into SHOT values (576, 620, 621, 1040, 2.190, 278.06, 13.10, 2.190, 278.06, 13.10, 0.000, 174.45, -0.00);
insert into SHOT values (577, 621, 622, 1040, 5.480, 337.96, -16.40, 5.480, 337.96, -16.40, 0.000, 173.90, -0.00);
insert into SHOT values (578, 622, 623, 1040, 3.240, 55.76, -3.70, 3.240, 55.76, -3.70, 0.000, 178.94, 0.00);
insert into SHOT values (579, 623, 624, 1040, 2.230, 347.86, -23.70, 2.230, 347.86, -23.70, 0.000, 180.55, -0.00);
insert into SHOT values (580, 624, 625, 1040, 3.420, 47.36, -18.40, 3.420, 47.36, -18.40, 0.000, 176.96, -0.00);
insert into SHOT values (581, 623, 626, 1040, 2.680, 280.16, 75.80, 2.680, 280.16, 75.80, 0.000, 176.34, -0.00);
insert into SHOT values (582, 626, 627, 1040, 2.040, 97.46, 12.70, 2.040, 97.46, 12.70, 0.000, 3.75, -0.00);
insert into SHOT values (583, 627, 628, 1040, 5.790, 37.26, -11.90, 5.790, 37.26, -11.90, 0.000, 182.93, -0.00);
insert into SHOT values (584, 628, 629, 1040, 3.830, 45.96, -27.90, 3.830, 45.96, -27.90, 0.000, 183.30, 0.00);
insert into SHOT values (585, 629, 630, 1040, 4.330, 323.06, -43.10, 4.330, 323.06, -43.10, 0.000, 356.69, 0.00);
insert into SHOT values (586, 630, 631, 1040, 2.430, 83.66, -30.30, 2.430, 83.66, -30.30, 0.000, 1.35, -0.00);
insert into SHOT values (587, 631, 632, 1040, 3.360, 43.66, -31.30, 3.360, 43.66, -31.30, 0.000, 178.50, -0.00);
insert into SHOT values (588, 632, 633, 1040, 2.590, 319.36, -39.80, 2.590, 319.36, -39.80, 0.000, 176.00, 0.00);
insert into SHOT values (589, 560, 634, 1040, 3.170, 140.66, 4.30, 3.170, 140.66, 4.30, 0.000, 186.75, 0.00);
insert into SHOT values (590, 634, 635, 1040, 1.380, 217.76, 4.20, 1.380, 217.76, 4.20, 0.000, 2.95, -0.00);
insert into SHOT values (591, 635, 636, 1040, 1.500, 130.36, 27.90, 1.500, 130.36, 27.90, 0.000, 8.10, -0.00);
insert into SHOT values (592, 636, 637, 1040, 2.410, 146.86, 2.40, 2.410, 146.86, 2.40, 0.000, 0.22, 0.01);
insert into SHOT values (593, 637, 638, 1040, 6.610, 120.26, 4.50, 6.610, 120.26, 4.50, 0.000, 162.31, -0.01);
insert into SHOT values (594, 638, 639, 1040, 8.910, 305.96, 73.10, 8.910, 305.96, 73.10, 0.000, 181.82, -0.00);
insert into SHOT values (595, 639, 640, 1040, 23.410, 312.96, 88.10, 23.410, 312.96, 88.10, 0.000, 3.28, -0.00);
insert into SHOT values (596, 640, 641, 1040, 23.650, 131.46, 83.10, 23.650, 131.46, 83.10, 0.000, 179.28, 0.00);
insert into SHOT values (597, 641, 642, 1040, 3.940, 279.56, 61.20, 3.940, 279.56, 61.20, 0.000, 5.67, 0.00);
insert into SHOT values (598, 642, 643, 1040, 2.800, 107.66, 82.00, 2.800, 107.66, 82.00, 0.000, 182.80, -0.00);
insert into SHOT values (599, 528, 644, 1040, 8.910, 229.16, 40.20, 8.910, 229.16, 40.20, 0.000, 258.05, -0.05);
insert into SHOT values (600, 645, 644, 1040, 6.000, 32.86, -46.70, 6.000, 32.86, -46.70, 0.000, 176.45, 0.00);
insert into CENTRELINE values (1041, 1036, NULL, '2017-02-01', NULL, 281.75, 0.00, 0.00);
 insert into SHOT values (601, 633, 646, 1041, 2.210, 311.86, 25.20, 2.210, 311.86, 25.20, 0.000, 181.76, -0.00);
insert into SHOT values (602, 646, 647, 1041, 0.500, 3.86, 4.50, 0.500, 3.86, 4.50, 0.000, 180.29, 0.00);
insert into SHOT values (603, 647, 648, 1041, 4.390, 104.76, -70.00, 4.390, 104.76, -70.00, 0.000, 2.68, 0.00);
insert into SHOT values (604, 648, 649, 1041, 2.680, 329.86, -12.00, 2.680, 329.86, -12.00, 0.000, 181.10, -0.00);
insert into SHOT values (605, 649, 650, 1041, 3.900, 14.86, -54.00, 3.900, 14.86, -54.00, 0.000, 185.12, 0.00);
insert into SHOT values (606, 650, 651, 1041, 2.090, 32.96, -18.60, 2.090, 32.96, -18.60, 0.000, 185.46, -0.00);
insert into SHOT values (607, 651, 652, 1041, 3.600, 287.86, -50.02, 3.600, 287.86, -50.02, 0.000, 5.71, -0.00);
insert into SHOT values (608, 652, 653, 1041, 3.200, 285.86, 2.70, 3.200, 285.86, 2.70, 0.000, 170.07, -0.00);
insert into SHOT values (609, 653, 654, 1041, 7.700, 245.86, -80.00, 7.700, 245.86, -80.00, 0.000, 182.25, 0.00);
insert into SHOT values (610, 654, 655, 1041, 2.770, 320.86, -9.50, 2.770, 320.86, -9.50, 0.000, 357.60, 0.00);
insert into SHOT values (611, 655, 656, 1041, 1.730, 237.56, -15.30, 1.730, 237.56, -15.30, 0.000, 2.57, 0.00);
insert into SHOT values (612, 656, 657, 1041, 1.580, 350.86, -7.30, 1.580, 350.86, -7.30, 0.000, 356.01, -0.00);
insert into SHOT values (613, 657, 658, 1041, 2.000, 265.16, 3.60, 2.000, 265.16, 3.60, 0.000, 0.96, 0.00);
insert into SHOT values (614, 658, 659, 1041, 10.130, 22.56, -23.20, 10.130, 22.56, -23.20, 0.000, 144.04, 0.00);
insert into SHOT values (615, 659, 660, 1041, 1.530, 294.86, 3.60, 1.530, 294.86, 3.60, 0.000, 178.14, 0.00);
insert into SHOT values (616, 660, 661, 1041, 1.720, 74.56, 5.10, 1.720, 74.56, 5.10, 0.000, 177.55, -0.00);
insert into SHOT values (617, 661, 662, 1041, 4.640, 300.96, -3.70, 4.640, 300.96, -3.70, 0.000, 181.78, 0.00);
insert into SHOT values (618, 662, 663, 1041, 2.000, 187.86, -3.10, 2.000, 187.86, -3.10, 0.000, 357.02, 0.00);
insert into SHOT values (619, 663, 664, 1041, 1.570, 339.56, -5.70, 1.570, 339.56, -5.70, 0.000, 3.41, 0.00);
insert into SHOT values (620, 664, 665, 1041, 1.950, 264.86, -10.04, 1.950, 264.86, -10.04, 0.000, 13.26, -0.01);
insert into SHOT values (621, 665, 666, 1041, 1.980, 31.76, -6.90, 1.980, 31.76, -6.90, 0.000, 357.14, -0.00);
insert into SHOT values (622, 666, 667, 1041, 1.640, 270.76, -20.70, 1.640, 270.76, -20.70, 0.000, 2.15, -0.00);
insert into SHOT values (623, 667, 668, 1041, 5.930, 358.26, -5.20, 5.930, 358.26, -5.20, 0.000, 359.20, 0.00);
insert into SHOT values (624, 668, 669, 1041, 1.430, 308.16, -9.40, 1.430, 308.16, -9.40, 0.000, 171.04, 0.00);
insert into SHOT values (625, 669, 670, 1041, 1.520, 142.96, -5.20, 1.520, 142.96, -5.20, 0.000, 1.43, 0.00);
insert into SHOT values (626, 670, 671, 1041, 3.450, 10.46, -26.20, 3.450, 10.46, -26.20, 0.000, 358.15, -0.00);
insert into SHOT values (627, 671, 672, 1041, 4.630, 46.56, -4.30, 4.630, 46.56, -4.30, 0.000, 181.89, 0.00);
insert into SHOT values (628, 672, 673, 1041, 4.510, 17.86, -4.60, 4.510, 17.86, -4.60, 0.000, 359.24, 0.00);
insert into SHOT values (629, 673, 674, 1041, 1.570, 278.56, -3.30, 1.570, 278.56, -3.30, 0.000, 181.21, -0.00);
insert into SHOT values (630, 674, 675, 1041, 3.080, 305.16, -21.50, 3.080, 305.16, -21.50, 0.000, 182.49, -0.02);
insert into SHOT values (631, 675, 676, 1041, 3.970, 316.86, -14.70, 3.970, 316.86, -14.70, 0.000, 2.56, 0.00);
insert into SHOT values (632, 676, 677, 1041, 2.770, 8.36, 3.70, 2.770, 8.36, 3.70, 0.000, 181.19, -0.00);
insert into SHOT values (633, 677, 678, 1041, 1.300, 100.86, 27.40, 1.300, 100.86, 27.40, 0.000, 359.69, -0.00);
insert into SHOT values (634, 678, 679, 1041, 5.660, 300.96, 15.60, 5.660, 300.96, 15.60, 0.000, 173.69, -0.01);
insert into SHOT values (635, 679, 680, 1041, 13.850, 42.16, -5.00, 13.850, 42.16, -5.00, 0.000, 3.71, 0.00);
insert into SHOT values (636, 680, 681, 1041, 5.840, 41.06, -6.20, 5.840, 41.06, -6.20, 0.000, 0.05, -0.00);
insert into SHOT values (637, 681, 682, 1041, 3.240, 358.56, -2.50, 3.240, 358.56, -2.50, 0.000, 181.10, 0.00);
insert into SHOT values (638, 682, 683, 1041, 1.610, 349.06, 6.30, 1.610, 349.06, 6.30, 0.000, 5.88, 0.00);
insert into SHOT values (639, 683, 684, 1041, 11.850, 235.26, -1.50, 11.850, 235.26, -1.50, 0.000, 180.47, -0.00);
insert into SHOT values (640, 684, 685, 1041, 10.060, 222.86, -2.30, 10.060, 222.86, -2.30, 0.000, 178.24, 0.00);
insert into SHOT values (641, 685, 686, 1041, 9.320, 281.86, 1.00, 9.320, 281.86, 1.00, 0.000, 357.48, -0.00);
insert into SHOT values (642, 686, 687, 1041, 8.480, 359.86, -0.70, 8.480, 359.86, -0.70, 0.000, 181.65, -0.00);
insert into SHOT values (643, 687, 688, 1041, 5.640, 76.16, -7.00, 5.640, 76.16, -7.00, 0.000, 193.89, 0.01);
insert into SHOT values (644, 688, 689, 1041, 3.070, 312.86, 6.05, 3.070, 312.86, 6.05, 0.000, 180.28, 0.00);
insert into SHOT values (645, 689, 690, 1041, 11.310, 44.46, -2.20, 11.310, 44.46, -2.20, 0.000, 178.87, 0.00);
insert into SHOT values (646, 690, 691, 1041, 9.220, 301.26, -1.20, 9.220, 301.26, -1.20, 0.000, 176.19, -0.00);
insert into SHOT values (647, 691, 692, 1041, 4.020, 6.06, -1.90, 4.020, 6.06, -1.90, 0.000, 182.29, -0.00);
insert into SHOT values (648, 692, 693, 1041, 6.780, 319.86, -1.80, 6.780, 319.86, -1.80, 0.000, 170.93, 0.00);
insert into SHOT values (649, 693, 694, 1041, 6.060, 27.91, -2.30, 6.060, 27.91, -2.30, 0.000, 4.14, -0.00);
insert into SHOT values (650, 694, 695, 1041, 5.150, 326.86, -12.50, 5.150, 326.86, -12.50, 0.000, 179.40, 0.00);
insert into SHOT values (651, 695, 696, 1041, 2.430, 283.86, 0.60, 2.430, 283.86, 0.60, 0.000, 174.86, -0.01);
insert into SHOT values (652, 696, 697, 1041, 4.540, 250.86, -5.70, 4.540, 250.86, -5.70, 0.000, 179.89, 0.00);
insert into SHOT values (653, 697, 698, 1041, 3.940, 198.86, 0.60, 3.940, 198.86, 0.60, 0.000, 181.60, 0.00);
insert into SHOT values (654, 698, 699, 1041, 3.160, 151.46, -2.50, 3.160, 151.46, -2.50, 0.000, 359.20, 0.00);
insert into SHOT values (655, 699, 700, 1041, 4.980, 195.16, -7.10, 4.980, 195.16, -7.10, 0.000, 178.53, -0.00);
insert into SHOT values (656, 700, 701, 1041, 8.610, 225.06, 0.60, 8.610, 225.06, 0.60, 0.000, 181.47, -0.00);
insert into SHOT values (657, 701, 702, 1041, 6.550, 181.86, -8.50, 6.550, 181.86, -8.50, 0.000, 178.93, -0.00);
insert into SHOT values (658, 702, 703, 1041, 3.530, 216.66, -8.10, 3.530, 216.66, -8.10, 0.000, 357.27, -0.00);
insert into SHOT values (659, 703, 704, 1041, 1.920, 153.76, 24.09, 1.920, 153.76, 24.09, 0.000, 9.17, -0.00);
insert into SHOT values (660, 704, 705, 1041, 4.550, 240.36, -1.60, 4.550, 240.36, -1.60, 0.000, 170.71, -0.00);
insert into SHOT values (661, 705, 706, 1041, 2.990, 188.26, -7.80, 2.990, 188.26, -7.80, 0.000, 359.28, 0.00);
insert into SHOT values (662, 706, 707, 1041, 3.170, 204.06, -9.70, 3.170, 204.06, -9.70, 0.000, 359.05, -0.00);
insert into SHOT values (663, 707, 708, 1041, 4.650, 293.66, 1.50, 4.650, 293.66, 1.50, 0.000, 179.96, 0.00);
insert into SHOT values (664, 708, 709, 1041, 5.900, 346.46, 2.00, 5.900, 346.46, 2.00, 0.000, 12.81, -0.00);
insert into CENTRELINE values (1042, 1036, NULL, '2017-02-17', NULL, 598.45, 0.00, 0.00);
 insert into SHOT values (665, 709, 710, 1042, 3.680, 238.86, 15.60, 3.680, 238.86, 15.60, 0.000, 179.35, -0.00);
insert into SHOT values (666, 710, 711, 1042, 7.470, 282.16, -11.20, 7.470, 282.16, -11.20, 0.000, 0.91, 0.00);
insert into SHOT values (667, 711, 712, 1042, 6.040, 244.26, 9.10, 6.040, 244.26, 9.10, 0.000, 27.05, 0.00);
insert into SHOT values (668, 712, 713, 1042, 6.790, 285.56, -3.80, 6.790, 285.56, -3.80, 0.000, 253.33, -0.02);
insert into SHOT values (669, 713, 714, 1042, 4.190, 289.46, 2.40, 4.190, 289.46, 2.40, 0.000, 178.98, 0.00);
insert into SHOT values (670, 714, 715, 1042, 4.240, 235.26, -1.50, 4.240, 235.26, -1.50, 0.000, 353.00, -0.00);
insert into SHOT values (671, 715, 716, 1042, 9.580, 280.86, -1.40, 9.580, 280.86, -1.40, 0.000, 178.72, 0.00);
insert into SHOT values (672, 716, 717, 1042, 9.280, 270.36, -0.80, 9.280, 270.36, -0.80, 0.000, 183.26, 0.00);
insert into SHOT values (673, 717, 718, 1042, 8.490, 250.76, -1.50, 8.490, 250.76, -1.50, 0.000, 10.52, -0.00);
insert into SHOT values (674, 718, 719, 1042, 14.900, 255.76, -2.40, 14.900, 255.76, -2.40, 0.000, 180.29, -0.00);
insert into SHOT values (675, 719, 720, 1042, 7.360, 166.66, 4.30, 7.360, 166.66, 4.30, 0.000, 175.92, -0.00);
insert into SHOT values (676, 720, 721, 1042, 4.360, 242.26, 2.60, 4.360, 242.26, 2.60, 0.000, 4.30, -0.00);
insert into SHOT values (677, 721, 722, 1042, 6.540, 340.66, -4.70, 6.540, 340.66, -4.70, 0.000, 183.24, 0.01);
insert into SHOT values (678, 722, 723, 1042, 6.750, 238.26, 2.10, 6.750, 238.26, 2.10, 0.000, 5.55, -0.00);
insert into SHOT values (679, 723, 724, 1042, 11.510, 270.76, -3.70, 11.510, 270.76, -3.70, 0.000, 176.56, -0.00);
insert into SHOT values (680, 724, 725, 1042, 3.310, 254.16, 6.50, 3.310, 254.16, 6.50, 0.000, 182.43, 0.00);
insert into SHOT values (681, 725, 726, 1042, 9.560, 166.06, 2.50, 9.560, 166.06, 2.50, 0.000, 55.23, -0.02);
insert into SHOT values (682, 726, 727, 1042, 13.730, 258.86, -4.40, 13.730, 258.86, -4.40, 0.000, 186.86, -0.00);
insert into SHOT values (683, 727, 728, 1042, 10.770, 254.06, 0.50, 10.770, 254.06, 0.50, 0.000, 181.94, -0.00);
insert into SHOT values (684, 728, 729, 1042, 5.050, 277.66, -3.00, 5.050, 277.66, -3.00, 0.000, 178.80, -0.00);
insert into SHOT values (685, 729, 730, 1042, 10.090, 350.86, 0.20, 10.090, 350.86, 0.20, 0.000, 193.46, 0.00);
insert into SHOT values (686, 730, 731, 1042, 8.840, 238.36, -1.60, 8.840, 238.36, -1.60, 0.000, 165.20, 0.00);
insert into SHOT values (687, 731, 732, 1042, 8.430, 254.16, -1.50, 8.430, 254.16, -1.50, 0.000, 186.02, -0.00);
insert into SHOT values (688, 732, 733, 1042, 3.260, 219.86, -4.10, 3.260, 219.86, -4.10, 0.000, 358.94, -0.00);
insert into SHOT values (689, 733, 734, 1042, 7.870, 253.76, 7.20, 7.870, 253.76, 7.20, 0.000, 184.72, 0.00);
insert into SHOT values (690, 734, 735, 1042, 10.140, 212.16, -6.00, 10.140, 212.16, -6.00, 0.000, 12.26, -0.00);
insert into SHOT values (691, 735, 736, 1042, 8.540, 275.36, 0.90, 8.540, 275.36, 0.90, 0.000, 188.20, 0.01);
insert into SHOT values (692, 736, 737, 1042, 12.330, 215.86, 1.20, 12.330, 215.86, 1.20, 0.000, 2.40, 0.00);
insert into SHOT values (693, 737, 738, 1042, 10.540, 235.36, 1.80, 10.540, 235.36, 1.80, 0.000, 182.77, 0.00);
insert into SHOT values (694, 738, 739, 1042, 15.060, 289.86, -1.80, 15.060, 289.86, -1.80, 0.000, 179.96, -0.00);
insert into SHOT values (695, 739, 740, 1042, 15.880, 192.26, -1.60, 15.880, 192.26, -1.60, 0.000, 41.95, 0.01);
insert into SHOT values (696, 740, 741, 1042, 12.460, 263.06, -1.40, 12.460, 263.06, -1.40, 0.000, 185.22, 0.01);
insert into SHOT values (697, 741, 742, 1042, 10.470, 192.76, 2.00, 10.470, 192.76, 2.00, 0.000, 177.38, 0.00);
insert into SHOT values (698, 742, 743, 1042, 13.240, 265.56, 0.10, 13.240, 265.56, 0.10, 0.000, 196.75, 0.01);
insert into SHOT values (699, 743, 744, 1042, 17.380, 251.46, -2.30, 17.380, 251.46, -2.30, 0.000, 354.11, -0.01);
insert into SHOT values (700, 744, 745, 1042, 18.260, 168.16, -0.50, 18.260, 168.16, -0.50, 0.000, 171.14, -0.00);
insert into SHOT values (701, 745, 746, 1042, 7.550, 133.26, -2.90, 7.550, 133.26, -2.90, 0.000, 5.02, 0.00);
insert into SHOT values (702, 746, 747, 1042, 9.310, 176.46, 1.60, 9.310, 176.46, 1.60, 0.000, 183.57, 0.00);
insert into SHOT values (703, 748, 749, 1042, 4.900, 282.66, -10.70, 4.900, 282.66, -10.70, 0.000, 2.75, 0.00);
insert into SHOT values (704, 749, 750, 1042, 7.680, 345.06, -18.80, 7.680, 345.06, -18.80, 0.000, 185.54, -0.00);
insert into SHOT values (705, 750, 751, 1042, 3.000, 356.86, -2.00, 3.000, 356.86, -2.00, 0.000, 357.38, 0.00);
insert into SHOT values (706, 751, 752, 1042, 3.430, 257.06, -1.50, 3.430, 257.06, -1.50, 0.000, 265.56, 0.02);
insert into SHOT values (707, 752, 753, 1042, 2.320, 344.76, 2.10, 2.320, 344.76, 2.10, 0.000, 179.56, -0.00);
insert into SHOT values (708, 753, 754, 1042, 4.530, 231.86, -0.70, 4.530, 231.86, -0.70, 0.000, 296.47, -0.00);
insert into SHOT values (709, 754, 755, 1042, 1.350, 259.36, -2.70, 1.350, 259.36, -2.70, 0.000, 357.65, -0.00);
insert into SHOT values (710, 755, 756, 1042, 4.280, 329.06, -18.00, 4.280, 329.06, -18.00, 0.000, 2.52, -0.00);
insert into SHOT values (711, 756, 757, 1042, 3.670, 258.46, 2.60, 3.670, 258.46, 2.60, 0.000, 356.48, -0.00);
insert into SHOT values (712, 757, 758, 1042, 2.270, 328.96, -6.70, 2.270, 328.96, -6.70, 0.000, 3.50, 0.00);
insert into SHOT values (713, 758, 759, 1042, 2.870, 64.76, -0.70, 2.870, 64.76, -0.70, 0.000, 182.52, 0.00);
insert into SHOT values (714, 759, 760, 1042, 4.020, 334.36, -4.10, 4.020, 334.36, -4.10, 0.000, 6.31, 0.00);
insert into SHOT values (715, 760, 761, 1042, 2.990, 243.96, -1.10, 2.990, 243.96, -1.10, 0.000, 185.59, 0.00);
insert into SHOT values (716, 761, 762, 1042, 3.350, 297.96, -1.60, 3.350, 297.96, -1.60, 0.000, 175.32, -0.00);
insert into SHOT values (717, 762, 763, 1042, 3.820, 28.96, -0.90, 3.820, 28.96, -0.90, 0.000, 187.24, -0.00);
insert into SHOT values (718, 763, 764, 1042, 2.420, 357.16, 1.20, 2.420, 357.16, 1.20, 0.000, 351.27, -0.00);
insert into SHOT values (719, 764, 765, 1042, 2.960, 95.06, -7.30, 2.960, 95.06, -7.30, 0.000, 356.11, 0.00);
insert into SHOT values (720, 765, 766, 1042, 5.820, 341.96, -0.40, 5.820, 341.96, -0.40, 0.000, 353.59, -0.00);
insert into SHOT values (721, 766, 767, 1042, 2.800, 316.26, 4.90, 2.800, 316.26, 4.90, 0.000, 183.52, -0.00);
insert into SHOT values (722, 767, 768, 1042, 3.770, 52.06, 5.30, 3.770, 52.06, 5.30, 0.000, 354.29, -0.00);
insert into SHOT values (723, 768, 769, 1042, 2.850, 133.96, -20.80, 2.850, 133.96, -20.80, 0.000, 358.35, -0.00);
insert into SHOT values (724, 769, 770, 1042, 2.840, 37.86, -2.90, 2.840, 37.86, -2.90, 0.000, 181.22, -0.00);
insert into SHOT values (725, 770, 771, 1042, 1.520, 349.76, -17.30, 1.520, 349.76, -17.30, 0.000, 185.55, 0.00);
insert into SHOT values (726, 771, 772, 1042, 4.400, 113.96, -9.20, 4.400, 113.96, -9.20, 0.000, 352.68, 0.00);
insert into SHOT values (727, 772, 773, 1042, 2.020, 87.16, -9.00, 2.020, 87.16, -9.00, 0.000, 183.35, -0.00);
insert into SHOT values (728, 773, 774, 1042, 3.620, 350.26, -5.00, 3.620, 350.26, -5.00, 0.000, 182.30, -0.00);
insert into SHOT values (729, 774, 775, 1042, 1.710, 348.06, 7.20, 1.710, 348.06, 7.20, 0.000, 165.53, -0.02);
insert into SHOT values (730, 775, 776, 1042, 3.950, 91.86, 2.30, 3.950, 91.86, 2.30, 0.000, 356.05, 0.00);
insert into SHOT values (731, 776, 777, 1042, 3.960, 352.96, -1.20, 3.960, 352.96, -1.20, 0.000, 177.47, -0.00);
insert into SHOT values (732, 777, 778, 1042, 3.850, 293.96, -3.60, 3.850, 293.96, -3.60, 0.000, 205.85, 0.00);
insert into SHOT values (733, 778, 779, 1042, 1.990, 322.96, 2.80, 1.990, 322.96, 2.80, 0.000, 183.45, 0.00);
insert into SHOT values (734, 779, 780, 1042, 2.830, 279.76, -7.50, 2.830, 279.76, -7.50, 0.000, 174.03, -0.00);
insert into SHOT values (735, 780, 781, 1042, 4.680, 342.06, -12.50, 4.680, 342.06, -12.50, 0.000, 180.37, 0.00);
insert into SHOT values (736, 781, 782, 1042, 9.120, 324.76, -4.80, 9.120, 324.76, -4.80, 0.000, 166.65, 0.01);
insert into SHOT values (737, 782, 783, 1042, 7.770, 287.96, -0.40, 7.770, 287.96, -0.40, 0.000, 356.31, 0.00);
insert into SHOT values (738, 783, 784, 1042, 2.260, 231.36, -4.00, 2.260, 231.36, -4.00, 0.000, 359.39, 0.00);
insert into SHOT values (739, 784, 785, 1042, 3.790, 297.96, -9.10, 3.790, 297.96, -9.10, 0.000, 180.35, 0.03);
insert into SHOT values (740, 785, 786, 1042, 5.290, 75.56, 5.10, 5.290, 75.56, 5.10, 0.000, 180.57, 0.00);
insert into SHOT values (741, 786, 787, 1042, 4.720, 356.66, -6.30, 4.720, 356.66, -6.30, 0.000, 357.38, 0.00);
insert into SHOT values (742, 787, 788, 1042, 3.780, 293.16, -2.20, 3.780, 293.16, -2.20, 0.000, 176.41, 0.00);
insert into SHOT values (743, 788, 789, 1042, 3.280, 56.86, -7.40, 3.280, 56.86, -7.40, 0.000, 177.68, -0.00);
insert into SHOT values (744, 789, 790, 1042, 4.560, 328.66, 6.30, 4.560, 328.66, 6.30, 0.000, 180.36, 0.00);
insert into SHOT values (745, 790, 791, 1042, 4.890, 355.86, -1.40, 4.890, 355.86, -1.40, 0.000, 354.37, -0.00);
insert into SHOT values (746, 791, 792, 1042, 3.730, 39.86, -7.70, 3.730, 39.86, -7.70, 0.000, 3.12, 0.00);
insert into SHOT values (747, 792, 793, 1042, 2.450, 324.46, -2.90, 2.450, 324.46, -2.90, 0.000, 167.56, 0.00);
insert into SHOT values (748, 793, 794, 1042, 7.010, 27.66, -2.20, 7.010, 27.66, -2.20, 0.000, 185.70, -0.00);
insert into SHOT values (749, 794, 795, 1042, 6.030, 56.36, 4.60, 6.030, 56.36, 4.60, 0.000, 177.44, -0.00);
insert into SHOT values (750, 795, 796, 1042, 4.180, 309.86, 12.70, 4.180, 309.86, 12.70, 0.000, 184.91, 0.00);
insert into SHOT values (751, 796, 797, 1042, 2.410, 251.86, -1.50, 2.410, 251.86, -1.50, 0.000, 176.78, -0.00);
insert into SHOT values (752, 797, 798, 1042, 7.400, 322.66, -3.50, 7.400, 322.66, -3.50, 0.000, 357.72, -0.00);
insert into SHOT values (753, 798, 799, 1042, 8.550, 4.76, 0.00, 8.550, 4.76, 0.00, 0.000, 175.82, 0.00);
insert into SHOT values (754, 799, 800, 1042, 6.350, 302.56, 3.90, 6.350, 302.56, 3.90, 0.000, 45.62, 0.02);
insert into SHOT values (755, 800, 801, 1042, 8.190, 227.86, -4.80, 8.190, 227.86, -4.80, 0.000, 167.25, -0.01);
insert into SHOT values (756, 801, 802, 1042, 13.590, 321.36, 1.70, 13.590, 321.36, 1.70, 0.000, 357.38, 0.00);
insert into SHOT values (757, 802, 803, 1042, 8.850, 18.66, 2.20, 8.850, 18.66, 2.20, 0.000, 2.55, 0.00);
insert into SHOT values (758, 803, 735, 1042, 4.530, 282.76, -9.90, 4.530, 282.76, -9.90, 0.000, 179.00, -0.00);
insert into SURVEY values (1044, 789, 'PuntaBlanca', 'PuntaBlanca.107.UltimaPatagonia', 'Cueva de la Punta Blanca');
 insert into CENTRELINE values (1045, 1044, NULL, NULL, NULL, 0.00, 0.00, 0.00);
 insert into SCRAPS values (1046, 1044, 'PuntaBlanca-ENTp', 1, 0.68925, 0.01348);
 insert into SCRAPS values (1246, 1044, 'PuntaBlanca-9p', 1, 38.35907, 1.40586);
 insert into SCRAPS values (1384, 1044, 'PuntaBlanca-2p', 1, 3.65354, 0.07412);
 insert into SCRAPS values (1526, 1044, 'PuntaBlanca-5p', 1, 10.91869, 0.17317);
 insert into SCRAPS values (1625, 1044, 'PuntaBlanca-3p', 1, 10.88028, 0.05007);
 insert into SCRAPS values (1804, 1044, 'PuntaBlanca-4p', 1, 15.73576, 0.43009);
 insert into SCRAPS values (1841, 1044, 'PuntaBlanca-6p', 1, 0.61769, 0.01659);
 insert into SCRAPS values (1944, 1044, 'PuntaBlanca-8p', 1, 17.25127, 1.10654);
 insert into SCRAPS values (2117, 1044, 'PuntaBlanca-7p', 1, 1.51012, 0.42691);
 insert into SCRAPS values (2165, 1044, 'DUPLICATE_PuntaBlanca-1p', 1, 58.59754, 2.03397);
 insert into MAPS values (2374, 1044, 'm-tout-p', NULL, 1, 2795.720, -60.260);
 insert into MAPITEMS values (2374, 4, 2375);
 insert into MAPITEMS values (2374, 4, 2376);
 insert into MAPS values (2375, 1044, 'm-superieure-p', NULL, 1, 2795.720, -60.260);
 insert into MAPITEMS values (2375, 4, 1046);
 insert into MAPITEMS values (2375, 4, 1384);
 insert into MAPITEMS values (2375, 4, 1246);
 insert into MAPITEMS values (2375, 4, 1625);
 insert into MAPITEMS values (2375, 4, 1804);
 insert into MAPITEMS values (2375, 4, 1526);
 insert into MAPITEMS values (2375, 4, 1841);
 insert into MAPITEMS values (2375, 4, 1944);
 insert into MAPS values (2376, 1044, 'm-inferieure-p', NULL, 1, 470.530, -29.889);
 insert into MAPITEMS values (2376, 4, 2117);
 insert into CENTRELINE values (2377, 1044, NULL, NULL, NULL, 405.93, 0.00, 0.00);
 insert into SHOT values (759, 804, 805, 2377, 9.860, 147.63, -12.80, 9.860, 147.63, -12.80, 0.000, 337.67, 0.00);
insert into SHOT values (760, 805, 806, 2377, 7.910, 110.33, -9.80, 7.910, 110.33, -9.80, 0.000, 354.67, 0.00);
insert into SHOT values (761, 806, 807, 2377, 5.710, 217.23, -12.70, 5.710, 217.23, -12.70, 0.000, 204.31, 0.00);
insert into SHOT values (762, 807, 808, 2377, 11.900, 152.93, -9.80, 11.900, 152.93, -9.80, 0.000, 176.02, -0.00);
insert into SHOT values (763, 807, 809, 2377, 6.960, 219.13, -15.90, 6.960, 219.13, -15.90, 0.000, 358.87, -0.00);
insert into SHOT values (764, 809, 810, 2377, 4.690, 355.03, -18.00, 4.690, 355.03, -18.00, 0.000, 359.59, 0.00);
insert into SHOT values (765, 810, 811, 2377, 4.760, 331.33, -3.10, 4.760, 331.33, -3.10, 0.000, 178.38, 0.00);
insert into SHOT values (766, 811, 812, 2377, 4.430, 198.63, -9.00, 4.430, 198.63, -9.00, 0.000, 185.01, -0.00);
insert into SHOT values (767, 812, 813, 2377, 3.210, 289.53, 0.20, 3.210, 289.53, 0.20, 0.000, 175.31, -0.00);
insert into SHOT values (768, 813, 814, 2377, 6.840, 275.93, -15.40, 6.840, 275.93, -15.40, 0.000, 178.47, -0.00);
insert into SHOT values (769, 814, 815, 2377, 6.510, 333.83, 16.10, 6.510, 333.83, 16.10, 0.000, 348.98, 0.00);
insert into SHOT values (770, 814, 816, 2377, 3.540, 137.43, -12.90, 3.540, 137.43, -12.90, 0.000, 357.78, 0.00);
insert into SHOT values (771, 816, 817, 2377, 10.500, 320.63, -12.10, 10.500, 320.63, -12.10, 0.000, 90.73, 0.01);
insert into SHOT values (772, 809, 818, 2377, 15.140, 142.53, 8.30, 15.140, 142.53, 8.30, 0.000, 183.75, 0.00);
insert into SHOT values (773, 806, 819, 2377, 13.080, 97.13, 27.70, 13.080, 97.13, 27.70, 0.000, 3.69, -0.00);
insert into SHOT values (774, 819, 820, 2377, 14.710, 181.33, 30.00, 14.710, 181.33, 30.00, 0.000, 354.92, -0.00);
insert into SHOT values (775, 820, 821, 2377, 10.520, 75.73, 24.30, 10.520, 75.73, 24.30, 0.000, 164.30, -0.00);
insert into SHOT values (776, 806, 822, 2377, 16.280, 47.73, 2.20, 16.280, 47.73, 2.20, 0.000, 214.60, -0.00);
insert into SHOT values (777, 822, 823, 2377, 22.940, 156.03, 42.30, 22.940, 156.03, 42.30, 0.000, 178.14, 0.00);
insert into SHOT values (778, 822, 824, 2377, 6.250, 358.03, 1.80, 6.250, 358.03, 1.80, 0.000, 146.29, -0.13);
insert into SHOT values (779, 824, 825, 2377, 8.740, 358.73, 11.30, 8.740, 358.73, 11.30, 0.000, 185.35, 0.00);
insert into SHOT values (780, 825, 826, 2377, 7.240, 345.13, -20.00, 7.240, 345.13, -20.00, 0.000, 178.63, 0.00);
insert into SHOT values (781, 826, 827, 2377, 11.720, 333.43, -15.30, 11.720, 333.43, -15.30, 0.000, 173.13, 0.00);
insert into SHOT values (782, 824, 828, 2377, 5.780, 123.23, 6.90, 5.780, 123.23, 6.90, 0.000, 0.56, -0.00);
insert into SHOT values (783, 828, 829, 2377, 2.380, 102.33, -40.20, 2.380, 102.33, -40.20, 0.000, 357.42, -0.00);
insert into SHOT values (784, 829, 830, 2377, 4.090, 35.43, -44.30, 4.090, 35.43, -44.30, 0.000, 356.01, 0.00);
insert into SHOT values (785, 830, 831, 2377, 2.760, 89.73, -72.20, 2.760, 89.73, -72.20, 0.000, 4.85, 0.00);
insert into SHOT values (786, 831, 832, 2377, 3.470, 56.03, -11.00, 3.470, 56.03, -11.00, 0.000, 355.85, 0.00);
insert into SHOT values (787, 832, 833, 2377, 4.000, 350.23, -17.80, 4.000, 350.23, -17.80, 0.000, 180.89, 0.00);
insert into SHOT values (788, 833, 834, 2377, 7.530, 31.03, -24.30, 7.530, 31.03, -24.30, 0.000, 356.14, -0.00);
insert into SHOT values (789, 834, 835, 2377, 4.320, 15.03, -19.40, 4.320, 15.03, -19.40, 0.000, 204.99, -0.00);
insert into SHOT values (790, 835, 836, 2377, 6.970, 10.63, 11.00, 6.970, 10.63, 11.00, 0.000, 2.82, 0.00);
insert into SHOT values (791, 836, 837, 2377, 5.230, 31.03, -15.70, 5.230, 31.03, -15.70, 0.000, 182.24, -0.00);
insert into SHOT values (792, 837, 838, 2377, 4.940, 17.73, -3.40, 4.940, 17.73, -3.40, 0.000, 2.28, -0.00);
insert into SHOT values (793, 838, 839, 2377, 8.740, 14.63, -3.10, 8.740, 14.63, -3.10, 0.000, 348.07, 0.03);
insert into SHOT values (794, 839, 840, 2377, 2.860, 91.33, 37.50, 2.860, 91.33, 37.50, 0.000, 176.74, -0.00);
insert into SHOT values (795, 840, 841, 2377, 7.900, 129.73, 3.30, 7.900, 129.73, 3.30, 0.000, 356.46, -0.00);
insert into SHOT values (796, 841, 842, 2377, 10.240, 45.63, -11.00, 10.240, 45.63, -11.00, 0.000, 4.80, 0.00);
insert into SHOT values (797, 842, 843, 2377, 6.180, 34.43, -6.50, 6.180, 34.43, -6.50, 0.000, 171.64, 0.00);
insert into SHOT values (798, 843, 844, 2377, 3.220, 68.93, -4.70, 3.220, 68.93, -4.70, 0.000, 2.43, 0.00);
insert into SHOT values (799, 844, 845, 2377, 4.420, 70.53, 19.70, 4.420, 70.53, 19.70, 0.000, 178.42, 0.00);
insert into SHOT values (800, 845, 846, 2377, 7.920, 138.63, -35.80, 7.920, 138.63, -35.80, 0.000, 183.63, 0.00);
insert into SHOT values (801, 846, 847, 2377, 10.890, 140.33, 10.40, 10.890, 140.33, 10.40, 0.000, 176.97, 0.00);
insert into SHOT values (802, 845, 848, 2377, 8.440, 338.23, 32.80, 8.440, 338.23, 32.80, 0.000, 0.25, 0.00);
insert into SHOT values (803, 848, 849, 2377, 8.050, 338.63, -14.90, 8.050, 338.63, -14.90, 0.000, 0.97, -0.00);
insert into SHOT values (804, 849, 850, 2377, 4.070, 297.03, 16.90, 4.070, 297.03, 16.90, 0.000, 3.51, 0.00);
insert into SHOT values (805, 848, 851, 2377, 9.660, 261.63, 30.50, 9.660, 261.63, 30.50, 0.000, 6.74, 0.00);
insert into SHOT values (806, 851, 852, 2377, 11.990, 243.23, 2.30, 11.990, 243.23, 2.30, 0.000, 178.50, 0.00);
insert into SHOT values (807, 852, 853, 2377, 8.890, 276.63, -16.00, 8.890, 276.63, -16.00, 0.000, 9.17, -0.00);
insert into SHOT values (808, 853, 854, 2377, 7.010, 260.83, -0.40, 7.010, 260.83, -0.40, 0.000, 0.42, 0.00);
insert into SHOT values (809, 854, 855, 2377, 5.480, 317.53, -11.30, 5.480, 317.53, -11.30, 0.000, 179.80, 0.00);
insert into SHOT values (810, 855, 856, 2377, 10.380, 260.23, 2.70, 10.380, 260.23, 2.70, 0.000, 183.13, -0.00);
insert into SHOT values (811, 856, 857, 2377, 4.680, 350.83, 7.30, 4.680, 350.83, 7.30, 0.000, 355.71, -0.00);
insert into CENTRELINE values (2378, 1044, NULL, NULL, NULL, 500.45, 0.00, 0.00);
 insert into SHOT values (812, 847, 858, 2378, 9.320, 138.63, 27.70, 9.320, 138.63, 27.70, 0.000, 3.38, -0.00);
insert into SHOT values (813, 847, 859, 2378, 8.300, 77.73, 17.90, 8.290, 77.78, 18.48, 0.085, 246.71, 64.62);
insert into SHOT values (814, 859, 860, 2378, 6.610, 42.93, -12.30, 6.570, 42.78, -11.89, 0.064, 253.94, 58.05);
insert into SHOT values (815, 860, 861, 2378, 6.120, 78.53, 8.50, 6.120, 78.53, 8.50, 0.000, 321.88, -0.00);
insert into SHOT values (816, 861, 862, 2378, 7.240, 55.23, -20.50, 7.240, 55.23, -20.50, 0.000, 344.63, 0.00);
insert into SHOT values (817, 862, 863, 2378, 6.060, 79.93, -29.60, 6.060, 79.93, -29.60, 0.000, 277.46, 0.01);
insert into SHOT values (818, 863, 864, 2378, 7.240, 127.83, -1.10, 7.240, 127.83, -1.10, 0.000, 358.96, -0.00);
insert into SHOT values (819, 860, 865, 2378, 10.820, 337.13, -3.10, 10.901, 334.33, -3.43, 0.541, 253.98, -7.14);
insert into SHOT values (820, 865, 866, 2378, 6.750, 76.83, 28.90, 6.521, 77.63, 29.73, 0.261, 239.07, -6.21);
insert into SHOT values (821, 866, 867, 2378, 2.300, 25.03, 2.10, 2.168, 23.90, 2.00, 0.139, 223.11, -3.54);
insert into SHOT values (822, 867, 868, 2378, 3.390, 196.13, 71.40, 3.394, 199.14, 70.10, 0.097, 236.07, -13.04);
insert into SHOT values (823, 868, 869, 2378, 7.990, 139.63, -4.10, 7.933, 141.86, -4.41, 0.316, 241.81, -7.13);
insert into SHOT values (824, 860, 870, 2378, 4.780, 20.13, 12.90, 4.938, 21.40, 12.69, 0.191, 54.30, 5.43);
insert into SHOT values (825, 870, 869, 2378, 6.020, 75.43, 43.30, 6.200, 74.84, 42.05, 0.229, 63.37, 6.02);
insert into SHOT values (826, 869, 871, 2378, 7.310, 95.93, 17.30, 7.300, 96.06, 17.84, 0.071, 249.29, 61.99);
insert into SHOT values (827, 871, 872, 2378, 4.220, 195.43, 0.50, 4.233, 195.66, 0.89, 0.036, 247.34, 53.74);
insert into SHOT values (828, 872, 873, 2378, 9.130, 100.03, 3.30, 9.110, 100.18, 3.90, 0.101, 239.37, 69.82);
insert into SHOT values (829, 873, 874, 2378, 8.080, 43.03, -9.70, 8.032, 42.88, -9.21, 0.087, 254.26, 61.04);
insert into SHOT values (830, 874, 875, 2378, 4.690, 53.53, -10.80, 4.659, 53.41, -10.45, 0.043, 255.03, 51.10);
insert into SHOT values (831, 875, 876, 2378, 6.610, 175.73, 12.90, 6.610, 175.73, 12.90, 0.000, 332.24, -0.00);
insert into SHOT values (832, 875, 877, 2378, 7.110, 10.23, -12.40, 7.082, 9.93, -11.94, 0.073, 257.35, 56.57);
insert into SHOT values (833, 877, 878, 2378, 10.220, 23.13, -22.30, 10.146, 22.80, -21.83, 0.125, 259.01, 57.57);
insert into SHOT values (834, 878, 879, 2378, 6.230, 117.73, -40.90, 6.230, 117.73, -40.90, 0.000, 0.06, 0.00);
insert into SHOT values (835, 879, 880, 2378, 20.520, 123.93, -16.30, 20.520, 123.93, -16.30, 0.000, 183.69, 0.00);
insert into SHOT values (836, 880, 881, 2378, 16.670, 115.23, -19.40, 16.670, 115.23, -19.40, 0.000, 181.88, -0.00);
insert into SHOT values (837, 881, 882, 2378, 13.360, 144.13, -3.10, 13.360, 144.13, -3.10, 0.000, 182.08, 0.00);
insert into SHOT values (838, 882, 883, 2378, 8.600, 134.93, -4.40, 8.600, 134.93, -4.40, 0.000, 357.24, 0.00);
insert into SHOT values (839, 883, 884, 2378, 2.880, 147.93, 0.10, 2.880, 147.93, 0.10, 0.000, 359.08, 0.00);
insert into SHOT values (840, 884, 885, 2378, 12.080, 178.53, -27.10, 12.080, 178.53, -27.10, 0.000, 253.54, 0.01);
insert into SHOT values (841, 884, 886, 2378, 10.620, 63.83, 17.00, 10.620, 63.83, 17.00, 0.000, 354.54, 0.00);
insert into SHOT values (842, 886, 887, 2378, 13.240, 139.03, 6.40, 13.240, 139.03, 6.40, 0.000, 351.91, 0.00);
insert into SHOT values (843, 887, 888, 2378, 25.110, 145.73, -4.00, 25.110, 145.73, -4.00, 0.000, 348.16, -0.00);
insert into SHOT values (844, 888, 889, 2378, 17.500, 129.23, 17.20, 17.500, 129.23, 17.20, 0.000, 355.38, 0.00);
insert into SHOT values (845, 889, 890, 2378, 19.110, 154.83, -8.60, 19.110, 154.83, -8.60, 0.000, 177.27, -0.00);
insert into SHOT values (846, 890, 891, 2378, 16.950, 182.03, -14.70, 16.950, 182.03, -14.70, 0.000, 37.66, 0.00);
insert into SHOT values (847, 891, 892, 2378, 5.440, 95.43, 6.90, 5.440, 95.43, 6.90, 0.000, 178.98, 0.00);
insert into SHOT values (848, 892, 893, 2378, 21.680, 162.73, 3.30, 21.680, 162.73, 3.30, 0.000, 184.70, 0.00);
insert into SHOT values (849, 894, 895, 2378, 2.890, 133.03, 24.70, 2.890, 133.03, 24.70, 0.000, 174.44, 0.00);
insert into SHOT values (850, 895, 896, 2378, 18.300, 115.03, 7.00, 18.300, 115.03, 7.00, 0.000, 2.75, -0.00);
insert into SHOT values (851, 896, 897, 2378, 8.260, 82.93, 23.00, 8.260, 82.93, 23.00, 0.000, 355.47, -0.00);
insert into SHOT values (852, 897, 893, 2378, 14.040, 162.33, 6.60, 14.040, 162.33, 6.60, 0.000, 358.39, 0.00);
insert into SHOT values (853, 893, 898, 2378, 6.350, 119.13, 7.40, 6.350, 119.13, 7.40, 0.000, 12.46, -0.00);
insert into SHOT values (854, 898, 899, 2378, 9.250, 146.03, 24.30, 9.250, 146.03, 24.30, 0.000, 178.32, 0.00);
insert into SHOT values (855, 899, 900, 2378, 11.830, 124.43, 16.20, 11.830, 124.43, 16.20, 0.000, 1.21, -0.00);
insert into SHOT values (856, 900, 901, 2378, 8.030, 135.33, 20.60, 8.030, 135.33, 20.60, 0.000, 348.52, -0.00);
insert into SHOT values (857, 901, 902, 2378, 20.060, 146.83, -1.00, 20.060, 146.83, -1.00, 0.000, 348.45, 0.00);
insert into SHOT values (858, 902, 903, 2378, 2.220, 62.83, 17.50, 2.220, 62.83, 17.50, 0.000, 177.08, -0.00);
insert into SHOT values (859, 903, 904, 2378, 12.360, 143.63, -49.40, 12.360, 143.63, -49.40, 0.000, 357.44, 0.00);
insert into SHOT values (860, 904, 905, 2378, 4.180, 119.43, -11.00, 4.180, 119.43, -11.00, 0.000, 1.20, 0.00);
insert into SHOT values (861, 905, 906, 2378, 3.250, 76.63, -20.80, 3.250, 76.63, -20.80, 0.000, 195.08, -0.00);
insert into SHOT values (862, 906, 907, 2378, 3.960, 148.73, -20.40, 3.960, 148.73, -20.40, 0.000, 357.01, -0.00);
insert into SHOT values (863, 908, 891, 2378, 15.170, 74.43, 22.80, 15.170, 74.43, 22.80, 0.000, 169.05, 0.00);
insert into CENTRELINE values (2379, 1044, NULL, '2020-02-11', NULL, 417.05, 0.00, 0.00);
 insert into SHOT values (864, 899, 909, 2379, 8.800, 25.20, 31.20, 8.365, 25.55, 28.11, 0.637, 188.38, -75.87);
insert into SHOT values (865, 909, 910, 2379, 5.800, 121.60, 5.00, 5.953, 121.60, 13.02, 0.835, 122.01, 88.48);
insert into SHOT values (866, 910, 911, 2379, 8.500, 16.60, -19.00, 8.135, 16.85, -9.10, 1.481, 113.26, 88.62);
insert into SHOT values (867, 911, 909, 2379, 8.800, 237.60, -11.00, 8.628, 237.40, -0.36, 1.626, 128.82, 88.88);
insert into SHOT values (868, 911, 912, 2379, 16.160, 34.60, -4.00, 16.160, 34.60, -4.00, 0.000, 11.22, 0.00);
insert into SHOT values (869, 912, 913, 2379, 12.650, 147.60, 36.00, 12.509, 154.97, 32.77, 1.518, 229.29, -25.98);
insert into SHOT values (870, 913, 914, 2379, 7.960, 92.60, 4.80, 7.637, 97.22, 2.09, 0.797, 210.45, -29.13);
insert into SHOT values (871, 914, 915, 2379, 8.100, 85.60, -15.00, 7.824, 90.01, -18.53, 0.812, 212.46, -28.64);
insert into SHOT values (872, 915, 916, 2379, 6.760, 138.60, 30.00, 6.685, 144.13, 27.63, 0.637, 224.58, -26.03);
insert into SHOT values (873, 916, 917, 2379, 6.230, 113.60, 37.00, 5.938, 119.27, 36.12, 0.572, 226.72, -25.82);
insert into SHOT values (874, 917, 918, 2379, 18.000, 352.60, -32.00, 17.220, 352.27, -31.30, 0.813, 181.23, 46.68);
insert into SHOT values (875, 918, 919, 2379, 7.000, 234.60, 4.60, 7.559, 233.59, 1.88, 0.669, 221.65, -27.92);
insert into SHOT values (876, 919, 920, 2379, 11.750, 311.60, -8.00, 11.922, 306.14, -11.64, 1.351, 221.01, -34.73);
insert into SHOT values (877, 920, 921, 2379, 5.700, 273.60, 17.00, 5.974, 270.01, 13.94, 0.544, 226.37, -24.73);
insert into SHOT values (878, 921, 912, 2379, 4.300, 281.60, -26.50, 4.143, 279.71, -21.21, 0.439, 196.84, 73.08);
insert into SHOT values (879, 918, 922, 2379, 11.300, 111.60, 17.50, 11.562, 113.85, 18.67, 0.554, 180.35, 33.31);
insert into SHOT values (880, 922, 917, 2379, 13.500, 219.60, 21.00, 13.970, 218.38, 22.05, 0.598, 180.74, 42.83);
insert into SHOT values (881, 922, 923, 2379, 9.200, 15.60, -30.00, 8.483, 12.12, -30.58, 0.858, 228.78, 19.34);
insert into SHOT values (882, 923, 924, 2379, 5.850, 251.60, 6.00, 6.294, 249.26, 7.00, 0.519, 220.58, 17.41);
insert into SHOT values (883, 924, 925, 2379, 6.680, 312.60, -33.00, 6.595, 306.98, -31.63, 0.578, 221.15, 18.04);
insert into SHOT values (884, 925, 917, 2379, 20.500, 168.60, 33.00, 22.166, 177.66, 33.56, 3.277, 238.77, 19.39);
insert into SHOT values (885, 923, 926, 2379, 7.200, 72.60, 2.00, 7.200, 72.60, 2.00, 0.000, 182.65, -0.00);
insert into SHOT values (886, 923, 927, 2379, 3.800, 118.60, 7.00, 3.800, 118.60, 7.00, 0.000, 5.91, -0.00);
insert into SHOT values (887, 923, 928, 2379, 6.230, 102.60, 12.00, 6.069, 104.81, 12.45, 0.287, 229.65, 2.63);
insert into SHOT values (888, 928, 929, 2379, 5.000, 142.60, 14.00, 5.018, 145.45, 14.06, 0.243, 230.26, 2.29);
insert into SHOT values (889, 929, 930, 2379, 10.600, 94.60, 10.00, 10.424, 97.27, 10.35, 0.518, 206.91, 3.56);
insert into SHOT values (890, 930, 931, 2379, 9.600, 147.60, -6.00, 9.583, 150.47, -5.85, 0.479, 240.72, 3.26);
insert into SHOT values (891, 931, 932, 2379, 8.270, 112.60, 40.00, 7.815, 112.72, 35.90, 0.733, 223.65, -88.85);
insert into SHOT values (892, 932, 933, 2379, 7.600, 101.60, -8.00, 7.741, 101.69, -13.69, 0.774, 214.26, -89.00);
insert into SHOT values (893, 933, 934, 2379, 12.700, 139.60, -18.00, 12.708, 140.05, -16.70, 0.303, 185.59, 63.78);
insert into SHOT values (894, 934, 935, 2379, 7.650, 204.60, 6.00, 6.969, 215.02, 18.87, 2.190, 337.85, 41.60);
insert into SHOT values (895, 931, 936, 2379, 1.770, 324.60, 7.00, 1.742, 319.01, 7.24, 0.172, 222.24, 1.28);
insert into SHOT values (896, 936, 937, 2379, 5.140, 188.60, 18.00, 5.328, 190.28, 17.46, 0.243, 226.42, 2.38);
insert into SHOT values (897, 937, 938, 2379, 4.850, 239.60, 38.00, 5.034, 239.40, 36.52, 0.225, 236.10, 2.58);
insert into SHOT values (898, 922, 939, 2379, 15.690, 154.60, 32.00, 15.751, 158.60, 31.87, 0.934, 242.23, 0.11);
insert into SHOT values (899, 939, 940, 2379, 6.100, 65.60, -12.50, 6.018, 68.47, -12.24, 0.309, 171.04, 8.29);
insert into SHOT values (900, 940, 938, 2379, 10.000, 113.60, -18.00, 10.141, 110.85, -17.91, 0.480, 39.11, -3.32);
insert into SHOT values (901, 912, 941, 2379, 10.400, 13.60, -29.00, 9.535, 13.48, -22.99, 1.356, 196.97, 76.40);
insert into SHOT values (902, 941, 942, 2379, 5.200, 34.20, -1.00, 5.045, 35.03, 4.58, 0.528, 191.05, 69.43);
insert into SHOT values (903, 942, 943, 2379, 9.560, 138.10, 27.00, 10.316, 139.88, 32.31, 1.220, 192.14, 74.08);
insert into SHOT values (904, 943, 921, 2379, 9.400, 226.60, -12.00, 9.489, 225.45, -4.20, 1.302, 191.21, 75.44);
insert into SHOT values (905, 917, 944, 2379, 4.500, 346.60, -26.00, 4.500, 346.60, -26.00, 0.000, 350.85, -0.00);
insert into SHOT values (906, 944, 945, 2379, 16.000, 144.60, 19.00, 16.000, 144.60, 19.00, 0.000, 99.53, 0.00);
insert into SHOT values (907, 946, 947, 2379, 6.200, 194.60, 45.00, 6.200, 194.60, 45.00, 0.000, 345.33, -0.01);
insert into SHOT values (908, 911, 947, 2379, 4.000, 284.60, -12.50, 4.051, 283.60, -15.61, 0.234, 190.86, -73.14);
insert into SHOT values (909, 947, 948, 2379, 2.950, 334.60, -10.00, 2.904, 333.65, -13.48, 0.190, 184.41, -60.29);
insert into SHOT values (910, 948, 949, 2379, 5.000, 254.60, -20.00, 5.143, 253.65, -22.98, 0.310, 188.79, -73.93);
insert into SHOT values (911, 949, 950, 2379, 5.100, 259.60, 7.00, 5.102, 258.64, 3.62, 0.313, 188.42, -73.23);
insert into SHOT values (912, 950, 899, 2379, 13.000, 161.20, 4.00, 13.098, 161.61, -2.37, 1.457, 199.45, -84.07);
insert into CENTRELINE values (2380, 1044, NULL, NULL, NULL, 323.61, 0.00, 0.00);
 insert into SHOT values (913, 922, 939, 2380, 15.830, 162.73, 31.70, 15.751, 158.60, 31.87, 0.973, 65.28, -0.11);
insert into SHOT values (914, 939, 951, 2380, 11.840, 158.43, 26.50, 11.302, 158.04, 27.18, 0.560, 345.65, -12.44);
insert into SHOT values (915, 951, 952, 2380, 8.660, 64.33, 6.50, 8.831, 61.23, 5.86, 0.511, 353.72, -8.93);
insert into SHOT values (916, 952, 953, 2380, 12.300, 165.53, 26.00, 11.761, 165.63, 26.58, 0.553, 343.69, -13.56);
insert into SHOT values (917, 953, 954, 2380, 15.140, 49.63, -1.62, 15.729, 46.49, -2.37, 1.050, 352.55, -12.26);
insert into SHOT values (918, 954, 955, 2380, 6.450, 89.43, 2.00, 6.649, 84.82, 2.53, 0.566, 17.58, 6.92);
insert into SHOT values (919, 955, 956, 2380, 16.760, 144.13, 31.80, 16.424, 143.54, 30.98, 0.438, 5.92, -59.96);
insert into SHOT values (920, 956, 957, 2380, 4.350, 56.63, -23.70, 4.396, 56.17, -24.21, 0.069, 5.68, -52.73);
insert into SHOT values (921, 957, 958, 2380, 7.650, 92.23, -43.30, 7.720, 91.51, -43.81, 0.121, 4.93, -54.02);
insert into SHOT values (922, 958, 959, 2380, 14.760, 104.13, -22.90, 14.849, 103.06, -24.19, 0.429, 2.16, -52.78);
insert into SHOT values (923, 959, 960, 2380, 14.610, 49.23, -21.30, 14.866, 48.66, -22.33, 0.393, 4.24, -60.18);
insert into SHOT values (924, 960, 961, 2380, 13.750, 87.83, 7.10, 13.776, 83.25, 7.75, 1.103, 355.84, 8.22);
insert into SHOT values (925, 961, 962, 2380, 8.910, 49.23, -36.80, 8.779, 47.02, -36.16, 0.320, 308.65, 29.48);
insert into SHOT values (926, 962, 963, 2380, 15.860, 36.63, -18.70, 15.641, 34.05, -16.99, 0.852, 299.84, 37.10);
insert into SHOT values (927, 963, 964, 2380, 10.260, 20.63, 9.30, 10.318, 18.60, 10.63, 0.435, 292.11, 34.20);
insert into SHOT values (928, 964, 965, 2380, 9.710, 299.83, -5.70, 9.962, 300.40, -4.26, 0.365, 319.64, 37.79);
insert into SHOT values (929, 965, 966, 2380, 4.900, 354.13, -10.50, 5.004, 353.01, -9.40, 0.170, 314.58, 26.32);
insert into SHOT values (930, 966, 967, 2380, 14.290, 299.83, 0.60, 14.748, 300.74, 2.37, 0.681, 327.41, 42.55);
insert into SHOT values (931, 967, 968, 2380, 8.480, 252.53, -1.80, 8.563, 254.07, -0.60, 0.302, 322.58, 35.96);
insert into SHOT values (932, 968, 969, 2380, 16.900, 14.63, -7.20, 16.900, 14.63, -7.20, 0.000, 4.06, 0.00);
insert into SHOT values (933, 969, 970, 2380, 18.220, 4.63, -0.90, 18.220, 4.63, -0.90, 0.000, 356.24, 0.00);
insert into SHOT values (934, 970, 971, 2380, 24.950, 46.43, -19.70, 24.950, 46.43, -19.70, 0.000, 178.87, -0.00);
insert into SHOT values (935, 971, 972, 2380, 10.800, 144.73, -8.60, 10.800, 144.73, -8.60, 0.000, 178.86, 0.00);
insert into SHOT values (936, 972, 973, 2380, 15.000, 23.13, 0.00, 15.000, 23.13, 0.00, 0.000, 2.20, 0.00);
insert into SHOT values (937, 968, 974, 2380, 23.230, 143.53, 3.20, 22.805, 141.50, 6.38, 1.573, 19.48, 51.80);
insert into CENTRELINE values (2381, 1044, NULL, '2020-02-12', NULL, 222.12, 0.00, 0.00);
 insert into SHOT values (938, 938, 975, 2381, 9.860, 155.70, 22.30, 10.257, 159.31, 20.63, 0.770, 208.62, -9.59);
insert into SHOT values (939, 975, 976, 2381, 10.470, 143.50, -9.60, 10.896, 147.41, -10.04, 0.840, 206.07, -10.54);
insert into SHOT values (940, 976, 977, 2381, 9.330, 108.00, 3.40, 9.482, 113.80, 2.58, 0.973, 191.41, -7.49);
insert into SHOT values (941, 977, 978, 2381, 7.040, 144.20, 19.30, 7.316, 148.12, 17.92, 0.568, 201.97, -7.71);
insert into SHOT values (942, 978, 979, 2381, 9.490, 353.20, 8.50, 9.059, 350.40, 8.08, 0.626, 218.90, -11.94);
insert into SHOT values (943, 979, 980, 2381, 8.860, 2.60, -8.30, 8.410, 0.38, -9.54, 0.589, 216.41, -11.24);
insert into SHOT values (944, 980, 981, 2381, 8.280, 16.60, 33.40, 7.688, 15.87, 35.54, 0.668, 203.53, -7.66);
insert into SHOT values (945, 979, 982, 2381, 4.960, 322.80, -10.40, 4.960, 322.80, -10.40, 0.000, 179.57, -0.00);
insert into SHOT values (946, 982, 983, 2381, 4.640, 63.00, 8.10, 4.640, 63.00, 8.10, 0.000, 25.31, 0.00);
insert into SHOT values (947, 983, 984, 2381, 3.930, 86.00, -4.70, 3.930, 86.00, -4.70, 0.000, 147.40, 0.00);
insert into SHOT values (948, 984, 985, 2381, 2.600, 123.40, 27.30, 2.600, 123.40, 27.30, 0.000, 177.63, -0.00);
insert into SHOT values (949, 985, 986, 2381, 6.230, 131.00, 24.60, 6.230, 131.00, 24.60, 0.000, 355.60, -0.00);
insert into SHOT values (950, 955, 987, 2381, 10.070, 109.20, -45.40, 10.043, 101.74, -44.74, 0.932, 19.31, 6.20);
insert into SHOT values (951, 988, 989, 2381, 4.800, 183.20, 48.10, 4.482, 183.27, 44.22, 0.447, 216.31, -89.01);
insert into SHOT values (952, 989, 990, 2381, 2.510, 146.40, 29.60, 2.391, 146.56, 23.96, 0.269, 216.39, -88.63);
insert into SHOT values (953, 990, 987, 2381, 6.800, 252.80, 65.20, 6.333, 252.72, 63.14, 0.523, 227.56, -88.97);
insert into SHOT values (954, 987, 981, 2381, 3.090, 255.20, 7.80, 2.887, 258.70, 8.90, 0.277, 36.01, 5.61);
insert into SHOT values (955, 934, 991, 2381, 4.130, 69.60, 3.20, 4.308, 83.24, -4.78, 1.172, 156.85, -30.19);
insert into SHOT values (956, 991, 992, 2381, 6.290, 94.70, 20.60, 6.716, 107.42, 10.02, 1.879, 163.54, -33.76);
insert into SHOT values (957, 992, 993, 2381, 1.110, 178.50, 6.30, 2.464, 176.62, -3.31, 1.383, 175.09, -11.00);
insert into SHOT values (958, 993, 994, 2381, 8.050, 107.50, 9.30, 8.222, 108.37, 7.97, 0.282, 139.55, -34.62);
insert into SHOT values (959, 994, 995, 2381, 6.270, 105.30, 0.90, 6.436, 106.02, -0.08, 0.214, 131.31, -30.23);
insert into SHOT values (960, 995, 996, 2381, 4.330, 45.60, -44.10, 4.398, 47.85, -44.66, 0.146, 127.75, -32.24);
insert into SHOT values (961, 996, 997, 2381, 2.640, 87.20, 56.40, 2.621, 88.75, 54.08, 0.116, 115.96, -41.50);
insert into SHOT values (962, 997, 998, 2381, 6.140, 1.20, -1.90, 6.042, 2.67, -2.92, 0.213, 125.11, -29.19);
insert into SHOT values (963, 998, 999, 2381, 6.120, 351.90, -27.70, 6.052, 353.22, -29.13, 0.207, 129.57, -29.33);
insert into SHOT values (964, 999, 1000, 2381, 2.530, 14.20, 16.40, 2.441, 16.17, 15.99, 0.122, 149.49, -19.95);
insert into SHOT values (965, 1000, 1001, 2381, 3.120, 28.80, 70.70, 3.033, 32.71, 70.37, 0.113, 130.87, -51.16);
insert into SHOT values (966, 1001, 1002, 2381, 3.540, 309.50, 13.30, 3.398, 309.69, 12.95, 0.144, 124.84, -21.48);
insert into SHOT values (967, 1002, 1003, 2381, 7.340, 82.00, 33.40, 7.398, 83.46, 31.96, 0.251, 129.58, -29.92);
insert into SHOT values (968, 933, 1004, 2381, 5.180, 19.80, -2.60, 5.208, 19.76, -7.32, 0.429, 221.75, -88.72);
insert into SHOT values (969, 1004, 1005, 2381, 4.180, 346.10, 15.90, 4.095, 346.01, 11.40, 0.335, 214.14, -88.56);
insert into SHOT values (970, 1005, 1006, 2381, 10.610, 147.90, 12.40, 10.404, 148.01, 5.07, 1.359, 235.29, -89.14);
insert into SHOT values (971, 1006, 988, 2381, 1.340, 86.20, -12.70, 1.378, 86.27, -19.33, 0.162, 253.10, -87.41);
insert into SHOT values (972, 940, 1007, 2381, 10.880, 66.90, 27.60, 10.772, 71.02, 28.52, 0.717, 173.46, 8.27);
insert into SHOT values (973, 1007, 954, 2381, 15.360, 128.20, 25.50, 16.203, 131.29, 24.84, 1.157, 172.31, 9.67);
insert into CENTRELINE values (2382, 1044, NULL, NULL, NULL, 470.53, 0.00, 0.00);
 insert into SHOT values (974, 907, 1008, 2382, 3.780, 249.63, 17.00, 3.780, 249.63, 17.00, 0.000, 170.45, 0.00);
insert into SHOT values (975, 1008, 1009, 2382, 3.550, 329.43, 15.10, 3.550, 329.43, 15.10, 0.000, 5.99, -0.00);
insert into SHOT values (976, 1009, 1010, 2382, 6.220, 128.63, 24.40, 6.220, 128.63, 24.40, 0.000, 353.88, 0.00);
insert into SHOT values (977, 1010, 1011, 2382, 6.280, 148.93, -13.10, 6.280, 148.93, -13.10, 0.000, 0.41, -0.00);
insert into SHOT values (978, 1011, 1012, 2382, 6.790, 144.43, -4.70, 6.790, 144.43, -4.70, 0.000, 183.40, 0.00);
insert into SHOT values (979, 1012, 1013, 2382, 7.340, 126.33, -83.80, 7.340, 126.33, -83.80, 0.000, 4.76, 0.00);
insert into SHOT values (980, 1013, 1014, 2382, 11.860, 152.23, -3.90, 11.860, 152.23, -3.90, 0.000, 181.63, -0.00);
insert into SHOT values (981, 1014, 1015, 2382, 6.420, 122.03, 46.50, 6.420, 122.03, 46.50, 0.000, 182.43, 0.00);
insert into SHOT values (982, 1015, 1016, 2382, 19.340, 151.83, 23.10, 19.340, 151.83, 23.10, 0.000, 182.52, 0.00);
insert into SHOT values (983, 1016, 1017, 2382, 6.920, 140.23, 58.80, 6.920, 140.23, 58.80, 0.000, 176.44, -0.00);
insert into SHOT values (984, 1017, 1018, 2382, 14.080, 154.43, 5.90, 14.080, 154.43, 5.90, 0.000, 13.91, -0.00);
insert into SHOT values (985, 1018, 1019, 2382, 18.040, 154.63, -2.20, 18.040, 154.63, -2.20, 0.000, 184.29, -0.00);
insert into SHOT values (986, 1019, 1020, 2382, 4.240, 163.63, 26.90, 4.240, 163.63, 26.90, 0.000, 176.50, 0.00);
insert into SHOT values (987, 1020, 1021, 2382, 8.140, 153.63, -67.20, 8.140, 153.63, -67.20, 0.000, 184.90, -0.00);
insert into SHOT values (988, 1021, 1022, 2382, 7.920, 174.63, 7.30, 7.920, 174.63, 7.30, 0.000, 4.26, 0.00);
insert into SHOT values (989, 1022, 1023, 2382, 6.470, 156.83, -46.40, 6.470, 156.83, -46.40, 0.000, 181.87, 0.00);
insert into SHOT values (990, 1023, 1024, 2382, 1.270, 108.13, 11.30, 1.270, 108.13, 11.30, 0.000, 19.01, -0.00);
insert into SHOT values (991, 1024, 1025, 2382, 12.090, 154.63, -54.40, 12.090, 154.63, -54.40, 0.000, 4.62, 0.00);
insert into SHOT values (992, 1025, 1026, 2382, 5.050, 53.93, -6.20, 5.050, 53.93, -6.20, 0.000, 176.76, 0.00);
insert into SHOT values (993, 1026, 1027, 2382, 12.290, 25.53, -8.30, 12.290, 25.53, -8.30, 0.000, 0.04, 0.00);
insert into SHOT values (994, 1026, 1028, 2382, 6.330, 139.43, 18.50, 6.330, 139.43, 18.50, 0.000, 332.89, -0.00);
insert into SHOT values (995, 1028, 1029, 2382, 5.800, 170.13, 32.30, 5.800, 170.13, 32.30, 0.000, 1.31, 0.00);
insert into SHOT values (996, 1013, 1030, 2382, 15.080, 326.13, -9.40, 15.080, 326.13, -9.40, 0.000, 1.85, -0.00);
insert into SHOT values (997, 1030, 1031, 2382, 14.060, 312.63, 3.20, 14.060, 312.63, 3.20, 0.000, 179.50, -0.00);
insert into SHOT values (998, 1031, 1032, 2382, 6.080, 302.73, 39.80, 6.080, 302.73, 39.80, 0.000, 354.74, 0.00);
insert into SHOT values (999, 1032, 1033, 2382, 11.360, 327.33, -14.10, 11.360, 327.33, -14.10, 0.000, 0.77, 0.00);
insert into SHOT values (1000, 1033, 1034, 2382, 7.000, 318.33, 12.90, 7.000, 318.33, 12.90, 0.000, 356.67, -0.00);
insert into SHOT values (1001, 1034, 1035, 2382, 19.100, 327.53, -10.00, 19.100, 327.53, -10.00, 0.000, 180.40, 0.00);
insert into SHOT values (1002, 1035, 1036, 2382, 8.220, 315.23, 17.20, 8.220, 315.23, 17.20, 0.000, 34.92, -0.00);
insert into SHOT values (1003, 1036, 1037, 2382, 8.360, 308.23, 18.10, 8.360, 308.23, 18.10, 0.000, 180.68, 0.00);
insert into SHOT values (1004, 1037, 1038, 2382, 5.450, 179.33, 22.40, 5.450, 179.33, 22.40, 0.000, 7.32, -0.00);
insert into SHOT values (1005, 878, 1039, 2382, 12.620, 102.53, -31.50, 12.504, 102.75, -31.09, 0.152, 244.99, 64.22);
insert into SHOT values (1006, 1039, 1040, 2382, 12.470, 245.43, -35.50, 12.456, 245.46, -34.84, 0.145, 249.26, 60.42);
insert into SHOT values (1007, 1040, 1041, 2382, 4.380, 293.33, -7.80, 4.398, 293.12, -7.37, 0.041, 257.30, 47.55);
insert into SHOT values (1008, 1041, 1042, 2382, 7.110, 203.33, 6.20, 7.140, 203.59, 6.67, 0.073, 256.85, 57.37);
insert into SHOT values (1009, 1042, 1043, 2382, 13.410, 301.43, 10.50, 13.479, 301.20, 11.25, 0.198, 243.61, 70.86);
insert into SHOT values (1010, 1043, 1044, 2382, 5.870, 214.53, -43.30, 5.855, 214.76, -42.84, 0.053, 252.69, 58.64);
insert into SHOT values (1011, 1044, 1045, 2382, 12.890, 160.03, 15.50, 12.890, 160.03, 15.50, 0.000, 359.45, -0.00);
insert into SHOT values (1012, 1044, 1046, 2382, 7.910, 260.63, -65.20, 7.880, 260.57, -64.82, 0.060, 254.84, 54.61);
insert into SHOT values (1013, 1046, 1047, 2382, 5.610, 259.03, -15.20, 5.628, 259.01, -14.70, 0.052, 254.81, 54.70);
insert into SHOT values (1014, 1047, 1048, 2382, 5.420, 186.23, 9.70, 5.438, 186.50, 10.10, 0.049, 252.20, 55.87);
insert into SHOT values (1015, 1048, 1049, 2382, 15.610, 291.63, -30.10, 15.564, 291.35, -29.34, 0.223, 244.44, 65.45);
insert into SHOT values (1016, 1049, 1050, 2382, 5.810, 264.03, 7.10, 5.845, 263.98, 7.50, 0.054, 253.61, 56.16);
insert into SHOT values (1017, 1050, 1051, 2382, 2.510, 325.73, 7.30, 2.516, 325.33, 7.69, 0.025, 248.15, 44.58);
insert into SHOT values (1018, 1051, 1052, 2382, 7.200, 227.53, 22.90, 7.254, 227.67, 23.24, 0.071, 253.51, 58.60);
insert into SHOT values (1019, 1052, 1053, 2382, 7.220, 227.33, 2.30, 7.184, 229.06, 2.56, 0.222, 327.98, 8.19);
insert into SHOT values (1020, 1053, 1054, 2382, 6.890, 228.23, -26.10, 6.850, 230.18, -26.00, 0.213, 327.47, 7.51);
insert into SHOT values (1021, 1054, 1055, 2382, 2.680, 303.63, 14.60, 2.792, 304.27, 14.21, 0.117, 318.54, 4.86);
insert into SHOT values (1022, 1055, 1056, 2382, 6.270, 21.93, 12.50, 6.380, 20.48, 12.51, 0.192, 325.43, 7.51);
insert into SHOT values (1023, 1056, 1057, 2382, 8.320, 58.73, 52.50, 8.341, 55.98, 52.64, 0.245, 326.68, 6.74);
insert into SHOT values (1024, 1057, 1058, 2382, 4.490, 138.73, 3.70, 4.339, 138.39, 4.04, 0.155, 328.36, 5.78);
insert into SHOT values (1025, 1058, 1052, 2382, 7.290, 64.63, -60.50, 7.256, 61.66, -60.58, 0.189, 325.48, 7.44);
insert into SHOT values (1026, 1058, 1059, 2382, 3.980, 248.83, 48.30, 4.021, 248.91, 48.42, 0.042, 257.85, 59.25);
insert into SHOT values (1027, 1059, 1060, 2382, 8.430, 130.83, 34.00, 8.450, 131.14, 34.49, 0.083, 253.37, 57.86);
insert into SHOT values (1028, 1060, 1061, 2382, 2.960, 319.83, 50.20, 2.990, 319.41, 50.53, 0.037, 252.36, 65.94);
insert into SHOT values (1029, 1061, 1062, 2382, 2.570, 135.63, 16.60, 2.567, 136.05, 17.08, 0.028, 253.47, 44.62);
insert into SHOT values (1030, 1062, 1063, 2382, 4.010, 54.03, 65.20, 4.041, 53.84, 65.64, 0.044, 254.81, 68.43);
insert into SHOT values (1031, 1063, 847, 2382, 11.670, 152.43, 14.20, 11.681, 152.83, 14.90, 0.164, 260.29, 59.79);
insert into CENTRELINE values (2383, 1044, NULL, '2020-02-22', NULL, 456.03, 0.00, 0.00);
 insert into SHOT values (1032, 1003, 1064, 2383, 10.830, 50.50, -31.40, 11.011, 52.72, -32.20, 0.431, 130.17, -31.55);
insert into SHOT values (1033, 1064, 1065, 2383, 9.600, 81.30, 18.00, 9.779, 78.89, 19.01, 0.458, 6.73, 28.60);
insert into SHOT values (1034, 1065, 1066, 2383, 4.370, 122.00, 26.00, 4.368, 120.09, 27.09, 0.154, 14.26, 28.46);
insert into SHOT values (1035, 1066, 1067, 2383, 12.190, 28.50, -1.60, 12.493, 28.34, 0.09, 0.474, 22.01, 49.19);
insert into SHOT values (1036, 1067, 1068, 2383, 3.340, 40.60, 31.30, 3.469, 39.36, 31.22, 0.144, 10.99, 25.98);
insert into SHOT values (1037, 1068, 1069, 2383, 10.280, 308.50, -1.40, 10.458, 310.26, 0.06, 0.451, 9.85, 35.56);
insert into SHOT values (1038, 1069, 1070, 2383, 5.290, 330.80, -13.00, 5.405, 332.05, -11.76, 0.199, 11.18, 26.32);
insert into SHOT values (1039, 1070, 1071, 2383, 13.900, 301.60, -5.40, 14.154, 304.03, -3.45, 0.803, 6.77, 34.67);
insert into SHOT values (1040, 1071, 1072, 2383, 8.800, 229.90, 10.90, 8.619, 231.15, 12.46, 0.352, 10.89, 33.72);
insert into SHOT values (1041, 1072, 1073, 2383, 3.540, 5.90, -68.50, 3.490, 6.16, -66.54, 0.131, 9.86, 45.08);
insert into SHOT values (1042, 971, 1074, 2383, 4.920, 92.50, -7.70, 4.920, 92.50, -7.70, 0.000, 180.23, 0.00);
insert into SHOT values (1043, 1075, 1074, 2383, 17.660, 86.10, -19.90, 17.660, 86.10, -19.90, 0.000, 2.27, 0.00);
insert into SHOT values (1044, 1074, 1076, 2383, 11.200, 79.90, -17.80, 11.200, 79.90, -17.80, 0.000, 1.12, 0.00);
insert into SHOT values (1045, 1076, 1077, 2383, 1.260, 73.90, -10.20, 1.260, 73.90, -10.20, 0.000, 171.40, -0.00);
insert into SHOT values (1046, 1077, 1078, 2383, 22.790, 104.60, 15.10, 22.790, 104.60, 15.10, 0.000, 355.01, 0.00);
insert into SHOT values (1047, 1078, 1079, 2383, 8.430, 308.60, 72.00, 8.430, 308.60, 72.00, 0.000, 1.61, -0.00);
insert into SHOT values (1048, 1077, 1080, 2383, 4.080, 31.70, -17.50, 4.080, 31.70, -17.50, 0.000, 3.16, -0.00);
insert into SHOT values (1049, 1080, 1081, 2383, 4.190, 89.20, -22.50, 4.190, 89.20, -22.50, 0.000, 354.84, 0.00);
insert into SHOT values (1050, 969, 1082, 2383, 17.000, 314.60, -16.00, 17.000, 314.60, -16.00, 0.000, 177.28, -0.00);
insert into SHOT values (1051, 1064, 1083, 2383, 6.860, 252.60, 10.10, 6.947, 250.86, 8.89, 0.267, 189.90, -29.05);
insert into SHOT values (1052, 1083, 1084, 2383, 5.710, 292.30, -16.10, 5.712, 290.45, -17.12, 0.204, 192.53, -28.75);
insert into SHOT values (1053, 1084, 1085, 2383, 7.220, 334.60, -17.50, 7.110, 333.46, -18.95, 0.252, 193.98, -33.28);
insert into SHOT values (1054, 1085, 1086, 2383, 7.540, 61.50, -0.70, 7.387, 63.08, -1.90, 0.300, 189.56, -30.55);
insert into SHOT values (1055, 1086, 1087, 2383, 3.870, 40.20, 7.50, 3.733, 41.33, 6.86, 0.162, 191.07, -21.38);
insert into SHOT values (1056, 1087, 1088, 2383, 6.810, 74.00, 21.50, 6.674, 75.83, 20.81, 0.256, 190.86, -29.17);
insert into SHOT values (1057, 1088, 974, 2383, 8.890, 112.50, 49.20, 8.821, 115.20, 48.31, 0.316, 191.99, -26.93);
insert into SHOT values (1058, 1069, 1089, 2383, 5.760, 62.10, 26.90, 5.760, 62.10, 26.90, 0.000, 177.81, 0.00);
insert into SHOT values (1059, 1089, 1090, 2383, 11.680, 79.90, -1.20, 11.680, 79.90, -1.20, 0.000, 355.72, -0.00);
insert into SHOT values (1060, 1090, 1091, 2383, 4.650, 41.50, -30.50, 4.650, 41.50, -30.50, 0.000, 356.22, -0.00);
insert into SHOT values (1061, 1091, 1092, 2383, 4.700, 99.50, -78.00, 4.700, 99.50, -78.00, 0.000, 1.13, -0.00);
insert into SHOT values (1062, 961, 1093, 2383, 5.240, 48.60, 13.70, 5.240, 48.60, 13.70, 0.000, 356.26, 0.00);
insert into SHOT values (1063, 1093, 1094, 2383, 4.970, 107.00, 10.10, 4.970, 107.00, 10.10, 0.000, 172.99, 0.00);
insert into SHOT values (1064, 1094, 1095, 2383, 5.270, 111.20, -10.90, 5.270, 111.20, -10.90, 0.000, 358.80, -0.00);
insert into SHOT values (1065, 1095, 1096, 2383, 13.550, 69.80, -26.40, 13.550, 69.80, -26.40, 0.000, 176.22, 0.00);
insert into SHOT values (1066, 1096, 1097, 2383, 6.550, 58.10, -10.70, 6.550, 58.10, -10.70, 0.000, 2.75, -0.00);
insert into SHOT values (1067, 1097, 1098, 2383, 11.700, 24.30, -0.50, 11.700, 24.30, -0.50, 0.000, 176.83, -0.00);
insert into SHOT values (1068, 960, 1099, 2383, 4.660, 232.10, 4.60, 4.624, 232.52, 3.94, 0.073, 5.21, -49.93);
insert into SHOT values (1069, 1099, 1100, 2383, 8.140, 242.10, -16.30, 8.133, 242.64, -17.25, 0.154, 3.82, -55.40);
insert into SHOT values (1070, 1100, 1101, 2383, 18.520, 277.50, -4.40, 18.632, 278.85, -6.22, 0.743, 0.72, -53.66);
insert into SHOT values (1071, 1101, 1102, 2383, 4.430, 247.70, -18.10, 4.429, 248.18, -18.84, 0.067, 6.33, -53.37);
insert into SHOT values (1072, 1102, 1103, 2383, 3.920, 182.40, -41.90, 3.925, 182.39, -42.98, 0.074, 3.06, -51.52);
insert into SHOT values (1073, 1103, 1104, 2383, 3.570, 298.50, 5.20, 2.876, 286.54, -3.54, 1.078, 157.04, -27.71);
insert into SHOT values (1074, 1103, 1105, 2383, 5.650, 123.00, -40.70, 4.379, 109.50, -39.33, 1.559, 341.62, 35.67);
insert into SHOT values (1075, 1105, 1106, 2383, 7.080, 95.90, -9.90, 6.610, 79.90, 0.48, 2.307, 347.09, 33.48);
insert into SHOT values (1076, 1106, 993, 2383, 2.860, 58.60, 10.80, 3.197, 42.22, 17.40, 0.964, 336.39, 25.83);
insert into SHOT values (1077, 961, 1107, 2383, 17.380, 239.80, 18.10, 17.049, 244.32, 19.28, 1.375, 350.40, 9.59);
insert into SHOT values (1078, 1107, 1108, 2383, 7.410, 265.50, 50.60, 7.491, 268.83, 50.36, 0.289, 341.84, 8.36);
insert into SHOT values (1079, 1108, 1109, 2383, 9.760, 239.80, -26.70, 9.612, 242.97, -26.64, 0.502, 346.32, 8.56);
insert into SHOT values (1080, 1109, 1110, 2383, 5.600, 104.70, -42.50, 5.492, 102.25, -43.05, 0.211, 339.94, 9.34);
insert into SHOT values (1081, 1110, 960, 2383, 14.540, 45.80, -21.60, 14.863, 42.77, -20.46, 0.845, 343.59, 10.79);
insert into SHOT values (1082, 877, 1111, 2383, 8.840, 265.00, -4.60, 8.840, 265.00, -4.60, 0.000, 0.93, -0.00);
insert into SHOT values (1083, 1111, 1112, 2383, 4.790, 24.70, 26.40, 4.790, 24.70, 26.40, 0.000, 356.39, -0.00);
insert into SHOT values (1084, 1112, 1113, 2383, 7.920, 36.30, 14.30, 7.920, 36.30, 14.30, 0.000, 184.92, -0.00);
insert into SHOT values (1085, 1113, 1114, 2383, 6.930, 70.00, -31.30, 6.930, 70.00, -31.30, 0.000, 178.90, -0.00);
insert into SHOT values (1086, 1114, 1115, 2383, 3.310, 100.40, -34.80, 3.310, 100.40, -34.80, 0.000, 7.55, 0.00);
insert into SHOT values (1087, 1115, 1116, 2383, 6.590, 59.60, -37.70, 6.590, 59.60, -37.70, 0.000, 0.75, -0.00);
insert into SHOT values (1088, 1116, 1117, 2383, 2.890, 192.10, 17.20, 2.890, 192.10, 17.20, 0.000, 0.70, 0.00);
insert into SHOT values (1089, 1117, 1118, 2383, 6.600, 246.20, -66.10, 6.600, 246.20, -66.10, 0.000, 4.03, 0.00);
insert into SURVEY values (2385, 789, 'ChattiereQuiBuffle', 'ChattiereQuiBuffle.107.UltimaPatagonia', 'Chattiere qui buffle');
 insert into CENTRELINE values (2386, 2385, NULL, NULL, NULL, 0.00, 0.00, 0.00);
 insert into CENTRELINE values (2387, 2385, NULL, '2020-02-01', NULL, 247.11, 0.00, 0.00);
 insert into SHOT values (1090, 1119, 1120, 2387, 4.100, 130.60, -23.00, 4.100, 130.60, -23.00, 0.000, 174.94, 0.00);
insert into SHOT values (1091, 1120, 1121, 2387, 2.650, 162.60, -1.00, 2.650, 162.60, -1.00, 0.000, 355.42, 0.00);
insert into SHOT values (1092, 1121, 1122, 2387, 4.360, 30.60, 22.00, 4.360, 30.60, 22.00, 0.000, 352.56, 0.00);
insert into SHOT values (1093, 1122, 1123, 2387, 1.820, 108.60, 43.00, 1.820, 108.60, 43.00, 0.000, 169.44, 0.00);
insert into SHOT values (1094, 1123, 1124, 2387, 1.720, 320.60, 0.00, 1.720, 320.60, 0.00, 0.000, 1.41, 0.00);
insert into SHOT values (1095, 1124, 1125, 2387, 2.780, 14.60, -3.00, 2.780, 14.60, -3.00, 0.000, 350.76, 0.00);
insert into SHOT values (1096, 1125, 1126, 2387, 4.850, 75.60, -2.00, 4.850, 75.60, -2.00, 0.000, 356.16, -0.00);
insert into SHOT values (1097, 1126, 1127, 2387, 4.780, 40.60, -63.00, 4.780, 40.60, -63.00, 0.000, 173.87, 0.00);
insert into SHOT values (1098, 1127, 1128, 2387, 7.510, 122.60, -19.00, 7.510, 122.60, -19.00, 0.000, 175.30, 0.00);
insert into SHOT values (1099, 1128, 1129, 2387, 4.100, 182.60, -45.00, 4.100, 182.60, -45.00, 0.000, 310.19, 0.00);
insert into SHOT values (1100, 1129, 1130, 2387, 0.690, 222.60, 0.00, 0.690, 222.60, 0.00, 0.000, 4.01, 0.00);
insert into SHOT values (1101, 1130, 1131, 2387, 6.110, 136.60, -1.00, 6.110, 136.60, -1.00, 0.000, 2.90, 0.00);
insert into SHOT values (1102, 1131, 1132, 2387, 6.550, 144.60, -4.00, 6.550, 144.60, -4.00, 0.000, 1.76, -0.00);
insert into SHOT values (1103, 1132, 1133, 2387, 2.640, 77.60, 3.00, 2.640, 77.60, 3.00, 0.000, 175.55, 0.00);
insert into SHOT values (1104, 1133, 1134, 2387, 3.060, 113.60, -57.00, 3.060, 113.60, -57.00, 0.000, 359.42, 0.00);
insert into SHOT values (1105, 1134, 1135, 2387, 5.420, 269.60, -35.00, 5.420, 269.60, -35.00, 0.000, 2.74, 0.00);
insert into SHOT values (1106, 1135, 1136, 2387, 5.420, 169.60, -33.00, 5.420, 169.60, -33.00, 0.000, 0.06, 0.00);
insert into SHOT values (1107, 1136, 1137, 2387, 5.190, 117.60, -52.00, 5.190, 117.60, -52.00, 0.000, 178.00, 0.00);
insert into SHOT values (1108, 1137, 1138, 2387, 4.610, 102.60, -28.00, 4.610, 102.60, -28.00, 0.000, 178.37, -0.00);
insert into SHOT values (1109, 1138, 1139, 2387, 4.060, 120.60, -40.00, 4.060, 120.60, -40.00, 0.000, 182.42, 0.00);
insert into SHOT values (1110, 1139, 1140, 2387, 5.590, 144.60, -80.00, 5.590, 144.60, -80.00, 0.000, 23.78, 0.00);
insert into SHOT values (1111, 1140, 1141, 2387, 7.510, 181.60, -20.00, 7.510, 181.60, -20.00, 0.000, 358.70, -0.00);
insert into SHOT values (1112, 1140, 1142, 2387, 5.450, 303.60, -6.00, 5.450, 303.60, -6.00, 0.000, 357.10, 0.00);
insert into SHOT values (1113, 1142, 1143, 2387, 8.540, 184.60, -26.00, 8.540, 184.60, -26.00, 0.000, 208.91, -0.00);
insert into SHOT values (1114, 1144, 1140, 2387, 3.130, 146.80, -4.00, 3.130, 146.80, -4.00, 0.000, 178.87, -0.00);
insert into SHOT values (1115, 1145, 1144, 2387, 4.110, 126.00, 34.80, 4.110, 126.00, 34.80, 0.000, 176.73, 0.00);
insert into SHOT values (1116, 1146, 1145, 2387, 1.390, 55.80, 26.00, 1.390, 55.80, 26.00, 0.000, 174.79, -0.00);
insert into SHOT values (1117, 1147, 1140, 2387, 5.370, 9.40, 22.90, 5.370, 9.40, 22.90, 0.000, 174.61, 0.00);
insert into SHOT values (1118, 1148, 1140, 2387, 4.380, 139.40, -43.60, 4.380, 139.40, -43.60, 0.000, 358.58, 0.00);
insert into SHOT values (1119, 1149, 1148, 2387, 6.610, 184.90, -12.90, 6.610, 184.90, -12.90, 0.000, 10.54, 0.00);
insert into SHOT values (1120, 1150, 1149, 2387, 8.230, 125.60, 13.10, 8.230, 125.60, 13.10, 0.000, 9.63, 0.00);
insert into SHOT values (1121, 1151, 1150, 2387, 1.960, 178.30, -13.30, 1.960, 178.30, -13.30, 0.000, 354.69, 0.00);
insert into SHOT values (1122, 1152, 1151, 2387, 2.830, 96.00, 16.90, 2.830, 96.00, 16.90, 0.000, 358.95, 0.00);
insert into SHOT values (1123, 1153, 1152, 2387, 8.830, 358.40, 24.80, 8.830, 358.40, 24.80, 0.000, 3.21, 0.00);
insert into SHOT values (1124, 1154, 1148, 2387, 10.220, 275.00, -38.30, 10.220, 275.00, -38.30, 0.000, 354.34, 0.00);
insert into SHOT values (1125, 1155, 1154, 2387, 5.160, 295.50, -37.90, 5.160, 295.50, -37.90, 0.000, 1.39, 0.00);
insert into SHOT values (1126, 1156, 1155, 2387, 5.060, 38.30, -15.30, 5.060, 38.30, -15.30, 0.000, 342.47, -0.00);
insert into SHOT values (1127, 1157, 1156, 2387, 5.100, 292.90, -9.50, 5.100, 292.90, -9.50, 0.000, 185.76, -0.00);
insert into SHOT values (1128, 1158, 1157, 2387, 4.280, 304.50, -7.50, 4.280, 304.50, -7.50, 0.000, 3.57, 0.00);
insert into SHOT values (1129, 1159, 1158, 2387, 4.490, 18.10, 10.20, 4.490, 18.10, 10.20, 0.000, 182.41, 0.00);
insert into SHOT values (1130, 1160, 1159, 2387, 10.160, 318.10, -14.10, 10.160, 318.10, -14.10, 0.000, 183.70, 0.00);
insert into SHOT values (1131, 1161, 1160, 2387, 1.940, 257.90, 10.20, 1.940, 257.90, 10.20, 0.000, 208.36, 0.00);
insert into SHOT values (1132, 1162, 1161, 2387, 5.400, 303.70, -28.00, 5.400, 303.70, -28.00, 0.000, 357.02, 0.00);
insert into SHOT values (1133, 1163, 1162, 2387, 5.260, 319.40, -13.00, 5.260, 319.40, -13.00, 0.000, 180.77, 0.00);
insert into SHOT values (1134, 1164, 1163, 2387, 5.380, 234.30, 3.40, 5.380, 234.30, 3.40, 0.000, 178.70, 0.00);
insert into SHOT values (1135, 1165, 1164, 2387, 6.730, 297.40, 0.20, 6.730, 297.40, 0.20, 0.000, 359.63, -0.00);
insert into SHOT values (1136, 1166, 1165, 2387, 4.630, 297.40, -29.70, 4.630, 297.40, -29.70, 0.000, 2.33, 0.00);
insert into SHOT values (1137, 1167, 1166, 2387, 4.890, 292.40, -5.00, 4.890, 292.40, -5.00, 0.000, 189.61, -0.00);
insert into SHOT values (1138, 1168, 1167, 2387, 12.060, 304.20, 11.70, 12.060, 304.20, 11.70, 0.000, 354.93, -0.00);
insert into SURVEY values (2389, 789, 'BahiaBlanca', 'BahiaBlanca.107.UltimaPatagonia', 'Resurgence de la Bahia Blanca');
 insert into CENTRELINE values (2390, 2389, NULL, NULL, NULL, 0.00, 0.00, 0.00);
 insert into CENTRELINE values (2391, 2389, NULL, '2017-02-01', NULL, 444.00, 0.00, 0.00);
 insert into SHOT values (1139, 1169, 1170, 2391, 6.000, 289.86, -34.52, 6.000, 289.86, -34.52, 0.000, 178.58, 0.00);
insert into SHOT values (1140, 1170, 1171, 2391, 3.000, 239.86, -3.82, 3.000, 239.86, -3.82, 0.000, 350.21, 0.00);
insert into SHOT values (1141, 1171, 1172, 2391, 3.000, 284.86, 11.54, 3.000, 284.86, 11.54, 0.000, 184.31, 0.00);
insert into SHOT values (1142, 1172, 1173, 2391, 4.000, 214.86, 7.18, 4.000, 214.86, 7.18, 0.000, 182.45, 0.00);
insert into SHOT values (1143, 1173, 1174, 2391, 5.000, 234.86, -24.83, 5.000, 234.86, -24.83, 0.000, 250.06, 0.00);
insert into SHOT values (1144, 1174, 1175, 2391, 4.000, 4.86, -67.67, 4.000, 4.86, -67.67, 0.000, 181.44, 0.00);
insert into SHOT values (1145, 1175, 1176, 2391, 5.000, 44.86, 0.00, 5.000, 44.86, 0.00, 0.000, 359.04, 0.00);
insert into SHOT values (1146, 1176, 1177, 2391, 10.000, 284.86, 10.95, 10.000, 284.86, 10.95, 0.000, 179.25, 0.00);
insert into SHOT values (1147, 1177, 1178, 2391, 4.000, 249.86, 33.37, 4.000, 249.86, 33.37, 0.000, 1.78, 0.00);
insert into SHOT values (1148, 1178, 1179, 2391, 5.000, 254.86, 4.59, 5.000, 254.86, 4.59, 0.000, 353.82, 0.00);
insert into SHOT values (1149, 1179, 1180, 2391, 3.000, 274.86, 7.66, 3.000, 274.86, 7.66, 0.000, 32.10, 0.00);
insert into SHOT values (1150, 1180, 1181, 2391, 3.000, 339.86, -17.46, 3.000, 339.86, -17.46, 0.000, 2.62, 0.00);
insert into SHOT values (1151, 1181, 1182, 2391, 8.000, 304.86, -7.90, 8.000, 304.86, -7.90, 0.000, 2.07, 0.00);
insert into SHOT values (1152, 1182, 1183, 2391, 7.000, 344.86, -14.90, 7.000, 344.86, -14.90, 0.000, 181.44, 0.00);
insert into SHOT values (1153, 1183, 1184, 2391, 5.000, 354.86, -21.10, 5.000, 354.86, -21.10, 0.000, 359.26, 0.00);
insert into SHOT values (1154, 1184, 1185, 2391, 10.000, 359.86, -15.66, 10.000, 359.86, -15.66, 0.000, 18.40, 0.00);
insert into SHOT values (1155, 1185, 1186, 2391, 13.000, 354.86, -23.58, 13.000, 354.86, -23.58, 0.000, 111.98, 0.00);
insert into SHOT values (1156, 1186, 1187, 2391, 12.000, 344.86, -21.51, 12.000, 344.86, -21.51, 0.000, 10.02, 0.00);
insert into SHOT values (1157, 1187, 1188, 2391, 4.000, 344.86, -8.63, 4.000, 344.86, -8.63, 0.000, 180.35, 0.00);
insert into SHOT values (1158, 1188, 1189, 2391, 7.000, 324.86, -9.04, 7.000, 324.86, -9.04, 0.000, 182.96, 0.00);
insert into SHOT values (1159, 1189, 1190, 2391, 7.000, 264.86, 13.21, 7.000, 264.86, 13.21, 0.000, 6.71, 0.00);
insert into SHOT values (1160, 1190, 1191, 2391, 5.000, 264.86, 11.54, 5.000, 264.86, 11.54, 0.000, 184.48, 0.00);
insert into SHOT values (1161, 1191, 1192, 2391, 7.000, 334.86, 0.00, 7.000, 334.86, 0.00, 0.000, 356.99, 0.00);
insert into SHOT values (1162, 1192, 1193, 2391, 12.000, 334.86, 0.00, 12.000, 334.86, 0.00, 0.000, 3.37, 0.00);
insert into SHOT values (1163, 1193, 1194, 2391, 16.000, 299.86, -6.46, 16.000, 299.86, -6.46, 0.000, 5.75, 0.00);
insert into SHOT values (1164, 1194, 1195, 2391, 35.000, 339.86, 0.98, 35.000, 339.86, 0.98, 0.000, 358.73, 0.00);
insert into SHOT values (1165, 1195, 1196, 2391, 15.000, 314.86, 13.89, 15.000, 314.86, 13.89, 0.000, 0.20, 0.00);
insert into SHOT values (1166, 1196, 1197, 2391, 22.000, 259.86, -7.31, 22.000, 259.86, -7.31, 0.000, 358.58, 0.00);
insert into SHOT values (1167, 1197, 1198, 2391, 11.000, 284.86, -6.26, 11.000, 284.86, -6.26, 0.000, 183.44, 0.00);
insert into SHOT values (1168, 1198, 1199, 2391, 14.000, 344.86, -13.21, 14.000, 344.86, -13.21, 0.000, 285.56, 0.00);
insert into SHOT values (1169, 1199, 1200, 2391, 13.000, 284.86, -11.09, 13.000, 284.86, -11.09, 0.000, 9.11, 0.00);
insert into SHOT values (1170, 1200, 1201, 2391, 9.000, 339.86, -1.91, 9.000, 339.86, -1.91, 0.000, 185.82, 0.00);
insert into SHOT values (1171, 1201, 1202, 2391, 16.000, 304.86, -0.36, 16.000, 304.86, -0.36, 0.000, 354.02, 0.00);
insert into SHOT values (1172, 1202, 1203, 2391, 7.000, 234.86, 9.04, 7.000, 234.86, 9.04, 0.000, 183.18, 0.00);
insert into SHOT values (1173, 1203, 1204, 2391, 6.000, 284.86, 1.91, 6.000, 284.86, 1.91, 0.000, 3.42, 0.00);
insert into SHOT values (1174, 1204, 1205, 2391, 5.000, 334.86, 2.29, 5.000, 334.86, 2.29, 0.000, 182.67, 0.00);
insert into SHOT values (1175, 1205, 1206, 2391, 15.000, 344.86, -2.67, 15.000, 344.86, -2.67, 0.000, 182.19, 0.00);
insert into SHOT values (1176, 1192, 1207, 2391, 10.000, 89.86, 32.01, 10.000, 89.86, 32.01, 0.000, 183.17, 0.00);
insert into SHOT values (1177, 1207, 1208, 2391, 19.000, 74.86, 3.02, 19.000, 74.86, 3.02, 0.000, 169.95, 0.00);
insert into SHOT values (1178, 1208, 1209, 2391, 11.000, 79.86, 5.74, 11.000, 79.86, 5.74, 0.000, 184.22, 0.00);
insert into SHOT values (1179, 1209, 1210, 2391, 7.000, 59.86, 12.37, 7.000, 59.86, 12.37, 0.000, 175.17, 0.00);
insert into SHOT values (1180, 1210, 1211, 2391, 8.000, 172.86, -3.58, 8.000, 172.86, -3.58, 0.000, 180.28, -0.00);
insert into SHOT values (1181, 1211, 1212, 2391, 12.000, 79.86, 16.46, 12.000, 79.86, 16.46, 0.000, 2.83, 0.00);
insert into SHOT values (1182, 1212, 1213, 2391, 12.000, 74.86, 13.00, 12.000, 74.86, 13.00, 0.000, 180.84, 0.00);
insert into SHOT values (1183, 1213, 1214, 2391, 7.500, 39.86, -0.76, 7.500, 39.86, -0.76, 0.000, 183.20, 0.00);
insert into SHOT values (1184, 1214, 1215, 2391, 4.500, 84.86, -20.83, 4.500, 84.86, -20.83, 0.000, 177.09, 0.00);
insert into SHOT values (1185, 1215, 1216, 2391, 17.000, 74.86, 58.53, 17.000, 74.86, 58.53, 0.000, 170.65, 0.00);
insert into SURVEY values (2393, 789, 'CouleeBlanche', 'CouleeBlanche.107.UltimaPatagonia', 'Porches de la coulee blanche');
 insert into CENTRELINE values (2394, 2393, NULL, NULL, NULL, 0.00, 0.00, 0.00);
 insert into CENTRELINE values (2395, 2393, NULL, '2019-02-13', NULL, 84.17, 0.00, 0.00);
 insert into SHOT values (1186, 1217, 1218, 2395, 9.450, 77.49, 9.00, 9.450, 77.49, 9.00, 0.000, 352.55, -0.00);
insert into SHOT values (1187, 1218, 1219, 2395, 11.360, 48.49, 68.80, 11.360, 48.49, 68.80, 0.000, 185.14, 0.00);
insert into SHOT values (1188, 1219, 1220, 2395, 10.280, 283.39, 60.50, 10.280, 283.39, 60.50, 0.000, 178.87, 0.00);
insert into SHOT values (1189, 1220, 1221, 2395, 4.470, 234.79, 27.40, 4.470, 234.79, 27.40, 0.000, 1.23, -0.00);
insert into SHOT values (1190, 1221, 1222, 2395, 6.200, 243.39, 28.60, 6.200, 243.39, 28.60, 0.000, 4.84, 0.00);
insert into SHOT values (1191, 1220, 1223, 2395, 1.820, 5.89, -40.50, 1.820, 5.89, -40.50, 0.000, 356.55, -0.00);
insert into SHOT values (1192, 1223, 1224, 2395, 3.310, 9.49, 10.10, 3.310, 9.49, 10.10, 0.000, 183.23, 0.00);
insert into SHOT values (1193, 1224, 1225, 2395, 5.720, 1.69, 19.40, 5.720, 1.69, 19.40, 0.000, 186.87, -0.00);
insert into SHOT values (1194, 1225, 1226, 2395, 2.120, 29.09, -9.80, 2.120, 29.09, -9.80, 0.000, 176.39, 0.00);
insert into SHOT values (1195, 1226, 1227, 2395, 4.500, 317.39, -0.70, 4.500, 317.39, -0.70, 0.000, 355.00, 0.00);
insert into SHOT values (1196, 1227, 1228, 2395, 4.630, 14.39, 21.10, 4.630, 14.39, 21.10, 0.000, 4.23, -0.00);
insert into SHOT values (1197, 1228, 1229, 2395, 2.060, 335.59, 5.50, 2.060, 335.59, 5.50, 0.000, 0.54, 0.00);
insert into SHOT values (1198, 1229, 1230, 2395, 4.000, 19.29, 2.90, 4.000, 19.29, 2.90, 0.000, 1.78, -0.00);
insert into SHOT values (1199, 1230, 1231, 2395, 6.480, 45.79, 14.60, 6.480, 45.79, 14.60, 0.000, 182.52, 0.00);
insert into SHOT values (1200, 1231, 1232, 2395, 5.700, 23.99, -0.90, 5.700, 23.99, -0.90, 0.000, 190.41, 0.00);
insert into SHOT values (1201, 1232, 1233, 2395, 2.070, 72.49, 10.80, 2.070, 72.49, 10.80, 0.000, 8.73, -0.00);
insert into CENTRELINE values (2396, 2393, NULL, NULL, NULL, 160.77, 0.00, 0.00);
 insert into SHOT values (1202, 1233, 1234, 2396, 1.780, 32.94, -0.60, 1.780, 32.94, -0.60, 0.000, 14.07, -0.00);
insert into SHOT values (1203, 1234, 1235, 2396, 3.530, 63.33, 4.00, 3.530, 63.33, 4.00, 0.000, 183.37, -0.00);
insert into SHOT values (1204, 1233, 1236, 2396, 3.350, 109.73, 10.00, 3.350, 109.73, 10.00, 0.000, 354.60, -0.00);
insert into SHOT values (1205, 1236, 1237, 2396, 3.120, 50.13, 1.00, 3.120, 50.13, 1.00, 0.000, 356.62, 0.00);
insert into SHOT values (1206, 1237, 1238, 2396, 2.950, 154.13, 22.00, 2.950, 154.13, 22.00, 0.000, 185.52, -0.00);
insert into SHOT values (1207, 1238, 1239, 2396, 14.780, 43.13, -5.00, 14.780, 43.13, -5.00, 0.000, 164.47, 0.00);
insert into SHOT values (1208, 1239, 1240, 2396, 3.570, 54.13, -8.00, 3.570, 54.13, -8.00, 0.000, 177.12, 0.00);
insert into SHOT values (1209, 1240, 1241, 2396, 17.680, 77.13, 7.00, 17.680, 77.13, 7.00, 0.000, 177.95, 0.00);
insert into SHOT values (1210, 1241, 1242, 2396, 5.600, 9.13, -39.00, 5.600, 9.13, -39.00, 0.000, 166.98, -0.00);
insert into SHOT values (1211, 1242, 1243, 2396, 7.710, 19.63, -26.00, 7.710, 19.63, -26.00, 0.000, 178.01, 0.00);
insert into SHOT values (1212, 1243, 1244, 2396, 7.740, 326.13, -32.00, 7.740, 326.13, -32.00, 0.000, 3.15, 0.00);
insert into SHOT values (1213, 1244, 1245, 2396, 7.830, 298.13, -80.00, 7.830, 298.13, -80.00, 0.000, 356.30, -0.00);
insert into SHOT values (1214, 1245, 1246, 2396, 14.020, 85.25, -5.00, 14.020, 85.25, -5.00, 0.000, 1.80, 0.00);
insert into SHOT values (1215, 1246, 1247, 2396, 6.910, 84.13, -22.00, 6.910, 84.13, -22.00, 0.000, 51.92, -0.00);
insert into SHOT values (1216, 1247, 1248, 2396, 18.920, 95.13, 5.00, 18.920, 95.13, 5.00, 0.000, 340.72, -0.00);
insert into SHOT values (1217, 1248, 1249, 2396, 2.360, 186.13, -1.30, 2.360, 186.13, -1.30, 0.000, 2.62, 0.00);
insert into SHOT values (1218, 1249, 1250, 2396, 12.000, 196.13, -83.00, 12.000, 196.13, -83.00, 0.000, 337.42, -0.00);
insert into SHOT values (1219, 1247, 1251, 2396, 17.770, 264.13, -1.00, 17.770, 264.13, -1.00, 0.000, 356.08, -0.00);
insert into SHOT values (1220, 1251, 1252, 2396, 9.150, 247.13, -7.00, 9.150, 247.13, -7.00, 0.000, 176.73, 0.00);
insert into SURVEY values (2398, 789, 'MadameCafe', 'MadameCafe.107.UltimaPatagonia', 'Madame Cafe');
 insert into CENTRELINE values (2399, 2398, NULL, NULL, NULL, 0.00, 0.00, 0.00);
 insert into CENTRELINE values (2400, 2398, NULL, '2019-02-01', NULL, 66.00, 0.00, 0.00);
 insert into SHOT values (1221, 1253, 1254, 2400, 8.820, 40.79, -37.90, 8.820, 40.79, -37.90, 0.000, 183.24, -0.00);
insert into SHOT values (1222, 1253, 1255, 2400, 9.300, 285.29, -43.30, 9.300, 285.29, -43.30, 0.000, 182.31, 0.00);
insert into SHOT values (1223, 1253, 1256, 2400, 31.250, 230.59, 76.70, 31.250, 230.59, 76.70, 0.000, 180.37, 0.00);
insert into SHOT values (1224, 1256, 1257, 2400, 5.330, 120.09, 25.80, 5.330, 120.09, 25.80, 0.000, 180.28, 0.00);
insert into SHOT values (1225, 1257, 1258, 2400, 11.300, 202.69, 46.00, 11.300, 202.69, 46.00, 0.000, 174.21, -0.01);
insert into SURVEY values (2402, 789, 'CuevaDesLosPescadores', 'CuevaDesLosPescadores.107.UltimaPatagonia', 'Cueva des los Pescadores');
 insert into CENTRELINE values (2403, 2402, NULL, NULL, NULL, 0.00, 0.00, 0.00);
 insert into MAPS values (2405, 789, 'm-PuntaBlanca-p', NULL, 1, 3153.720, -96.539);
 insert into MAPITEMS values (2405, 4, 2374);
 insert into MAPITEMS values (2405, 4, 1018);
 insert into CENTRELINE values (2406, 789, NULL, NULL, NULL, 0.00, 0.00, 0.00);
 insert into SURVEY values (2408, 22, '108', '108.UltimaPatagonia', '108 Sumidero');
 insert into CENTRELINE values (2409, 2408, NULL, NULL, NULL, 0.00, 0.00, 0.00);
 insert into SURVEY values (2410, 2408, 'OjoDeLaMadre', 'OjoDeLaMadre.108.UltimaPatagonia', 'Ojo de la Madre');
 insert into CENTRELINE values (2411, 2410, NULL, NULL, NULL, 0.00, 0.00, 0.00);
 insert into CENTRELINE values (2412, 2410, NULL, '2019-02-01', NULL, 185.91, 0.00, 0.00);
 insert into SHOT values (1226, 1290, 1291, 2412, 5.430, 184.29, -3.30, 5.430, 184.29, -3.30, 0.000, 179.30, -0.00);
insert into SHOT values (1227, 1291, 1292, 2412, 10.190, 142.69, 1.80, 10.190, 142.69, 1.80, 0.000, 339.69, -0.02);
insert into SHOT values (1228, 1292, 1293, 2412, 2.940, 163.69, -5.60, 2.940, 163.69, -5.60, 0.000, 3.79, -0.01);
insert into SHOT values (1229, 1293, 1294, 2412, 3.360, 132.69, 19.00, 3.360, 132.69, 19.00, 0.000, 355.93, 0.00);
insert into SHOT values (1230, 1294, 1295, 2412, 5.600, 2.69, 38.00, 5.600, 2.69, 38.00, 0.000, 186.62, -0.01);
insert into SHOT values (1231, 1295, 1296, 2412, 6.000, 307.69, 18.60, 6.000, 307.69, 18.60, 0.000, 181.13, 0.00);
insert into SHOT values (1232, 1296, 1297, 2412, 5.370, 7.69, 12.00, 5.370, 7.69, 12.00, 0.000, 181.59, -0.01);
insert into SHOT values (1233, 1298, 1299, 2412, 5.150, 52.69, -0.40, 5.150, 52.69, -0.40, 0.000, 356.23, 0.00);
insert into SHOT values (1234, 1298, 1300, 2412, 3.600, 208.69, 15.30, 3.600, 208.69, 15.30, 0.000, 176.86, 0.00);
insert into SHOT values (1235, 1300, 1301, 2412, 8.800, 7.69, 8.00, 8.800, 7.69, 8.00, 0.000, 304.16, -0.12);
insert into SHOT values (1236, 1300, 1302, 2412, 6.130, 224.69, 9.30, 6.130, 224.69, 9.30, 0.000, 345.02, -0.01);
insert into SHOT values (1237, 1302, 1303, 2412, 11.000, 285.69, 55.00, 11.000, 285.69, 55.00, 0.000, 339.05, -0.01);
insert into SHOT values (1238, 1303, 1304, 2412, 1.800, 240.69, 36.00, 1.800, 240.69, 36.00, 0.000, 188.55, 0.01);
insert into SHOT values (1239, 1304, 1305, 2412, 4.370, 214.69, 15.20, 4.370, 214.69, 15.20, 0.000, 10.18, 0.02);
insert into SHOT values (1240, 1305, 1294, 2412, 1.740, 289.69, 1.20, 1.740, 289.69, 1.20, 0.000, 177.33, -0.00);
insert into SHOT values (1241, 1290, 1306, 2412, 2.800, 207.69, -8.70, 2.800, 207.69, -8.70, 0.000, 3.75, 0.00);
insert into SHOT values (1242, 1306, 1307, 2412, 7.000, 17.45, 64.00, 7.000, 17.45, 64.00, 0.000, 42.80, 0.01);
insert into SHOT values (1243, 1308, 1307, 2412, 0.750, 150.39, -10.30, 0.750, 150.39, -10.30, 0.000, 358.62, 0.00);
insert into SHOT values (1244, 1308, 1309, 2412, 2.500, 306.69, 35.00, 2.500, 306.69, 35.00, 0.000, 168.97, 0.00);
insert into SHOT values (1245, 1309, 1310, 2412, 1.500, 243.69, -4.00, 1.500, 243.69, -4.00, 0.000, 176.88, -0.00);
insert into SHOT values (1246, 1310, 1311, 2412, 6.000, 344.69, 32.00, 6.000, 344.69, 32.00, 0.000, 357.05, 0.00);
insert into SHOT values (1247, 1312, 1311, 2412, 12.000, 171.69, 8.60, 12.000, 171.69, 8.60, 0.000, 99.65, 0.09);
insert into SHOT values (1248, 1312, 1313, 2412, 8.000, 343.69, 10.00, 8.000, 343.69, 10.00, 0.000, 350.24, 0.01);
insert into SHOT values (1249, 1313, 1314, 2412, 2.000, 308.69, -4.20, 2.000, 308.69, -4.20, 0.000, 357.07, -0.00);
insert into SHOT values (1250, 1314, 1315, 2412, 5.350, 241.69, 2.80, 5.350, 241.69, 2.80, 0.000, 307.81, 0.14);
insert into SHOT values (1251, 1315, 1316, 2412, 6.430, 5.69, 5.00, 6.430, 5.69, 5.00, 0.000, 176.00, 0.02);
insert into SHOT values (1252, 1316, 1317, 2412, 7.700, 329.69, 9.00, 7.700, 329.69, 9.00, 0.000, 172.28, 0.01);
insert into SHOT values (1253, 1317, 1318, 2412, 4.000, 287.69, 21.00, 4.000, 287.69, 21.00, 0.000, 358.94, -0.00);
insert into SHOT values (1254, 1318, 1319, 2412, 5.800, 322.69, 0.00, 5.800, 322.69, 0.00, 0.000, 3.40, 0.00);
insert into SHOT values (1255, 1319, 1320, 2412, 3.200, 336.69, 46.00, 3.200, 336.69, 46.00, 0.000, 177.15, -0.00);
insert into SHOT values (1256, 1320, 1321, 2412, 13.600, 311.69, 68.00, 13.600, 311.69, 68.00, 0.000, 7.94, 0.01);
insert into SHOT values (1257, 1322, 1321, 2412, 9.200, 160.69, -22.20, 9.200, 160.69, -22.20, 0.000, 180.33, -0.00);
insert into SHOT values (1258, 1322, 1323, 2412, 6.600, 25.09, 43.20, 6.600, 25.09, 43.20, 0.000, 34.34, 0.02);
insert into SURVEY values (2414, 2408, 'OmbligoDeLaMadre', 'OmbligoDeLaMadre.108.UltimaPatagonia', 'Ombligo de la Madre');
 insert into CENTRELINE values (2415, 2414, NULL, NULL, NULL, 0.00, 0.00, 0.00);
 insert into CENTRELINE values (2416, 2414, NULL, '2019-02-01', NULL, 282.95, 0.00, 0.00);
 insert into SHOT values (1259, 1324, 1325, 2416, 2.040, 193.69, 11.70, 2.040, 193.69, 11.70, 0.000, 184.03, -0.00);
insert into SHOT values (1260, 1325, 1326, 2416, 4.650, 136.39, 15.70, 4.650, 136.39, 15.70, 0.000, 5.65, 0.00);
insert into SHOT values (1261, 1326, 1327, 2416, 11.170, 180.59, 14.20, 11.170, 180.59, 14.20, 0.000, 9.75, -0.00);
insert into SHOT values (1262, 1327, 1328, 2416, 14.940, 136.89, 33.40, 14.940, 136.89, 33.40, 0.000, 187.88, 0.00);
insert into SHOT values (1263, 1328, 1329, 2416, 9.490, 202.99, 8.90, 9.490, 202.99, 8.90, 0.000, 181.53, 0.00);
insert into SHOT values (1264, 1329, 1330, 2416, 4.360, 267.79, -42.70, 4.360, 267.79, -42.70, 0.000, 2.01, -0.00);
insert into SHOT values (1265, 1330, 1331, 2416, 2.990, 261.19, -50.90, 2.990, 261.19, -50.90, 0.000, 180.68, 0.00);
insert into SHOT values (1266, 1331, 1332, 2416, 4.330, 247.09, -14.80, 4.330, 247.09, -14.80, 0.000, 178.39, 0.00);
insert into SHOT values (1267, 1332, 1333, 2416, 7.670, 341.69, -42.70, 7.670, 341.69, -42.70, 0.000, 338.66, 0.00);
insert into SHOT values (1268, 1333, 1334, 2416, 13.960, 310.29, -23.70, 13.960, 310.29, -23.70, 0.000, 350.56, 0.00);
insert into SHOT values (1269, 1334, 1335, 2416, 8.680, 330.29, -19.20, 8.680, 330.29, -19.20, 0.000, 180.07, 0.00);
insert into SHOT values (1270, 1335, 1336, 2416, 5.420, 315.59, -7.10, 5.420, 315.59, -7.10, 0.000, 182.04, 0.00);
insert into SHOT values (1271, 1328, 1337, 2416, 17.720, 140.09, 17.00, 17.720, 140.09, 17.00, 0.000, 182.66, -0.00);
insert into SHOT values (1272, 1337, 1338, 2416, 29.000, 175.09, 38.80, 29.000, 175.09, 38.80, 0.000, 184.21, 0.00);
insert into SHOT values (1273, 1338, 1339, 2416, 23.450, 162.79, 31.60, 23.450, 162.79, 31.60, 0.000, 179.97, 0.00);
insert into SHOT values (1274, 1339, 1340, 2416, 19.500, 178.39, 43.70, 19.500, 178.39, 43.70, 0.000, 194.59, 0.01);
insert into SHOT values (1275, 1340, 1341, 2416, 20.050, 162.39, 50.30, 20.050, 162.39, 50.30, 0.000, 176.47, 0.00);
insert into SHOT values (1276, 1341, 1342, 2416, 14.320, 163.09, 47.20, 14.320, 163.09, 47.20, 0.000, 1.94, 0.00);
insert into SHOT values (1277, 1342, 1343, 2416, 20.400, 152.99, 53.10, 20.400, 152.99, 53.10, 0.000, 178.49, 0.00);
insert into SHOT values (1278, 1343, 1344, 2416, 12.700, 150.49, 42.00, 12.700, 150.49, 42.00, 0.000, 1.57, 0.00);
insert into SHOT values (1279, 1344, 1345, 2416, 7.970, 166.99, 51.00, 7.970, 166.99, 51.00, 0.000, 11.48, -0.01);
insert into SHOT values (1280, 1345, 1346, 2416, 4.740, 165.49, 47.00, 4.740, 165.49, 47.00, 0.000, 8.11, -0.00);
insert into SHOT values (1281, 1346, 1347, 2416, 11.390, 140.19, 53.00, 11.390, 140.19, 53.00, 0.000, 166.81, 0.00);
insert into SHOT values (1282, 1347, 1348, 2416, 12.010, 172.69, 41.20, 12.010, 172.69, 41.20, 0.000, 179.16, -0.00);
insert into SHOT values (1283, 1348, 1349, 2416, 0.000, 14.69, 0.00, 0.000, 90.00, 0.00, 0.000, 90.00, 0.00);
insert into SURVEY values (2418, 2408, 'LagrimasDeLaMadre', 'LagrimasDeLaMadre.108.UltimaPatagonia', 'Lagrimas de la Madre');
 insert into CENTRELINE values (2419, 2418, NULL, NULL, NULL, 0.00, 0.00, 0.00);
 insert into CENTRELINE values (2420, 2418, NULL, '2019-01-20', NULL, 222.83, 0.00, 0.00);
 insert into SHOT values (1284, 1350, 1351, 2420, 4.780, 279.29, -35.40, 4.780, 279.29, -35.40, 0.000, 3.42, -0.01);
insert into SHOT values (1285, 1351, 1352, 2420, 7.790, 302.69, -39.90, 7.790, 302.69, -39.90, 0.000, 0.29, -0.00);
insert into SHOT values (1286, 1352, 1353, 2420, 6.570, 302.79, -33.80, 6.570, 302.79, -33.80, 0.000, 176.90, 0.00);
insert into SHOT values (1287, 1353, 1354, 2420, 8.450, 4.59, -43.00, 8.450, 4.59, -43.00, 0.000, 181.13, -0.00);
insert into SHOT values (1288, 1354, 1355, 2420, 9.180, 356.59, -30.00, 9.180, 356.59, -30.00, 0.000, 358.66, -0.00);
insert into SHOT values (1289, 1355, 1356, 2420, 16.770, 321.99, -40.30, 16.770, 321.99, -40.30, 0.000, 178.34, -0.00);
insert into SHOT values (1290, 1356, 1357, 2420, 10.220, 11.29, -44.20, 10.220, 11.29, -44.20, 0.000, 182.20, 0.00);
insert into SHOT values (1291, 1357, 1358, 2420, 4.000, 317.99, -74.00, 4.000, 317.99, -74.00, 0.000, 347.54, 0.00);
insert into SHOT values (1292, 1358, 1359, 2420, 11.560, 277.19, -33.90, 11.560, 277.19, -33.90, 0.000, 356.82, -0.01);
insert into SHOT values (1293, 1359, 1360, 2420, 6.220, 318.59, -38.40, 6.220, 318.59, -38.40, 0.000, 185.38, 0.00);
insert into SHOT values (1294, 1360, 1361, 2420, 7.660, 289.49, -20.60, 7.660, 289.49, -20.60, 0.000, 8.08, 0.00);
insert into SHOT values (1295, 1361, 1362, 2420, 5.010, 308.99, -23.60, 5.010, 308.99, -23.60, 0.000, 176.30, -0.01);
insert into SHOT values (1296, 1362, 1363, 2420, 6.080, 301.19, -35.50, 6.080, 301.19, -35.50, 0.000, 178.68, 0.00);
insert into SHOT values (1297, 1363, 1364, 2420, 9.580, 320.39, -39.50, 9.580, 320.39, -39.50, 0.000, 339.58, 0.01);
insert into SHOT values (1298, 1364, 1365, 2420, 9.300, 347.99, -33.60, 9.300, 347.99, -33.60, 0.000, 176.67, 0.00);
insert into SHOT values (1299, 1365, 1366, 2420, 8.000, 6.19, -34.80, 8.000, 6.19, -34.80, 0.000, 187.47, 0.00);
insert into SHOT values (1300, 1366, 1367, 2420, 8.240, 25.99, -7.10, 8.240, 25.99, -7.10, 0.000, 358.37, -0.00);
insert into SHOT values (1301, 1367, 1368, 2420, 8.860, 343.59, -39.80, 8.860, 343.59, -39.80, 0.000, 177.37, 0.00);
insert into SHOT values (1302, 1368, 1369, 2420, 7.560, 0.29, -31.20, 7.560, 0.29, -31.20, 0.000, 182.13, 0.00);
insert into SHOT values (1303, 1369, 1370, 2420, 13.500, 357.69, -20.50, 13.500, 357.69, -20.50, 0.000, 179.93, -0.00);
insert into SHOT values (1304, 1370, 1371, 2420, 13.810, 0.29, -16.70, 13.810, 0.29, -16.70, 0.000, 2.90, -0.00);
insert into SHOT values (1305, 1371, 1372, 2420, 4.860, 283.19, -16.70, 4.860, 283.19, -16.70, 0.000, 24.63, -0.01);
insert into SHOT values (1306, 1372, 1373, 2420, 5.550, 273.59, -43.80, 5.550, 273.59, -43.80, 0.000, 166.12, -0.00);
insert into SHOT values (1307, 1373, 1374, 2420, 4.620, 347.09, -27.30, 4.620, 347.09, -27.30, 0.000, 178.58, -0.00);
insert into SHOT values (1308, 1375, 1376, 2420, 3.280, 212.79, 19.30, 3.280, 212.79, 19.30, 0.000, 1.74, -0.00);
insert into SHOT values (1309, 1376, 1374, 2420, 16.760, 183.09, 38.80, 16.760, 183.09, 38.80, 0.000, 181.47, -0.00);
insert into SHOT values (1310, 1374, 1373, 2420, 4.620, 167.09, 27.30, 4.620, 167.09, 27.30, 0.000, 358.57, 0.00);
insert into CENTRELINE values (2421, 2418, NULL, '2020-02-02', NULL, 132.00, 0.00, 0.00);
 insert into SHOT values (1311, 1375, 1377, 2421, 11.500, 322.60, -20.00, 11.500, 322.60, -20.00, 0.000, 184.29, 0.00);
insert into SHOT values (1312, 1377, 1378, 2421, 2.400, 37.60, -3.00, 2.400, 37.60, -3.00, 0.000, 182.96, -0.00);
insert into SHOT values (1313, 1378, 1379, 2421, 6.900, 348.60, -29.00, 6.900, 348.60, -29.00, 0.000, 176.58, 0.00);
insert into SHOT values (1314, 1379, 1380, 2421, 5.300, 314.60, -26.00, 5.300, 314.60, -26.00, 0.000, 180.91, 0.00);
insert into SHOT values (1315, 1380, 1381, 2421, 6.300, 354.60, -34.00, 6.300, 354.60, -34.00, 0.000, 5.01, 0.00);
insert into SHOT values (1316, 1381, 1382, 2421, 5.600, 8.60, -12.00, 5.600, 8.60, -12.00, 0.000, 3.05, 0.00);
insert into SHOT values (1317, 1382, 1383, 2421, 12.000, 343.60, -31.00, 12.000, 343.60, -31.00, 0.000, 175.59, 0.00);
insert into SHOT values (1318, 1383, 1384, 2421, 10.000, 353.60, -28.00, 10.000, 353.60, -28.00, 0.000, 2.99, -0.00);
insert into SHOT values (1319, 1384, 1385, 2421, 7.000, 330.60, -9.00, 7.000, 330.60, -9.00, 0.000, 180.53, 0.00);
insert into SHOT values (1320, 1385, 1386, 2421, 6.000, 13.60, -15.00, 6.000, 13.60, -15.00, 0.000, 4.50, -0.00);
insert into SHOT values (1321, 1386, 1387, 2421, 16.000, 341.60, -22.00, 16.000, 341.60, -22.00, 0.000, 356.94, 0.00);
insert into SHOT values (1322, 1386, 1388, 2421, 27.000, 122.60, 37.00, 27.000, 122.60, 37.00, 0.000, 183.15, -0.00);
insert into SHOT values (1323, 1388, 1389, 2421, 6.000, 169.60, 46.00, 6.000, 169.60, 46.00, 0.000, 357.10, 0.00);
insert into SHOT values (1324, 1389, 1390, 2421, 10.000, 117.60, 41.00, 10.000, 117.60, 41.00, 0.000, 185.24, 0.00);
insert into CENTRELINE values (2423, 2408, NULL, NULL, NULL, 0.00, 0.00, 0.00);
 insert into SURVEY values (2425, 22, '109', '109.UltimaPatagonia', '109 Trois Entrees');
 insert into CENTRELINE values (2426, 2425, NULL, NULL, NULL, 0.00, 0.00, 0.00);
 insert into SURVEY values (2427, 2425, 'TroisPorches', 'TroisPorches.109.UltimaPatagonia', 'Trois Porches');
 insert into CENTRELINE values (2428, 2427, NULL, NULL, NULL, 0.00, 0.00, 0.00);
 insert into CENTRELINE values (2429, 2427, NULL, NULL, NULL, 279.00, 0.00, 0.00);
 insert into SHOT values (1325, 1404, 1405, 2429, 16.000, 328.13, 65.00, 16.000, 328.13, 65.00, 0.000, 357.14, -0.00);
insert into SHOT values (1326, 1405, 1406, 2429, 14.000, 328.13, 27.00, 14.000, 328.13, 27.00, 0.000, 181.47, 0.00);
insert into SHOT values (1327, 1406, 1407, 2429, 8.000, 297.13, 2.00, 8.000, 297.13, 2.00, 0.000, 358.03, -0.00);
insert into SHOT values (1328, 1405, 1408, 2429, 0.000, 16.13, 0.00, 0.000, 90.00, 0.00, 0.000, 90.00, 0.00);
insert into SHOT values (1329, 1408, 1409, 2429, 17.000, 352.13, -4.00, 17.000, 352.13, -4.00, 0.000, 356.10, 0.00);
insert into SHOT values (1330, 1409, 1410, 2429, 16.000, 358.13, -40.00, 16.000, 358.13, -40.00, 0.000, 359.26, -0.00);
insert into SHOT values (1331, 1410, 1411, 2429, 13.000, 317.13, -28.00, 13.000, 317.13, -28.00, 0.000, 181.73, -0.00);
insert into SHOT values (1332, 1411, 1412, 2429, 23.000, 316.13, 8.00, 23.000, 316.13, 8.00, 0.000, 4.16, -0.00);
insert into SHOT values (1333, 1412, 1413, 2429, 21.000, 312.13, -3.00, 21.000, 312.13, -3.00, 0.000, 183.40, -0.00);
insert into SHOT values (1334, 1413, 1414, 2429, 11.000, 313.13, -78.00, 11.000, 313.13, -78.00, 0.000, 191.48, -0.00);
insert into SHOT values (1335, 1414, 1415, 2429, 21.000, 310.13, 2.00, 21.000, 310.13, 2.00, 0.000, 358.21, -0.00);
insert into SHOT values (1336, 1415, 1416, 2429, 22.000, 309.13, 13.00, 22.000, 309.13, 13.00, 0.000, 359.61, 0.00);
insert into SHOT values (1337, 1416, 1417, 2429, 13.000, 317.13, 8.00, 13.000, 317.13, 8.00, 0.000, 188.76, 0.00);
insert into SHOT values (1338, 1417, 1418, 2429, 8.000, 242.13, 78.00, 8.000, 242.13, 78.00, 0.000, 2.38, 0.00);
insert into SHOT values (1339, 1418, 1419, 2429, 5.000, 265.13, 83.00, 5.000, 265.13, 83.00, 0.000, 357.35, -0.00);
insert into SHOT values (1340, 1419, 1420, 2429, 21.000, 310.13, 22.00, 21.000, 310.13, 22.00, 0.000, 177.09, 0.00);
insert into SHOT values (1341, 1420, 1421, 2429, 5.000, 258.13, 86.00, 5.000, 258.13, 86.00, 0.000, 2.66, 0.00);
insert into SHOT values (1342, 1421, 1422, 2429, 4.000, 226.13, -39.00, 4.000, 226.13, -39.00, 0.000, 353.60, 0.00);
insert into SHOT values (1343, 1422, 1423, 2429, 8.000, 185.13, 18.00, 8.000, 185.13, 18.00, 0.000, 359.74, 0.00);
insert into SHOT values (1344, 1423, 1424, 2429, 6.000, 215.13, 51.00, 6.000, 215.13, 51.00, 0.000, 355.27, -0.00);
insert into SHOT values (1345, 1424, 1425, 2429, 8.000, 221.13, 25.00, 8.000, 221.13, 25.00, 0.000, 178.28, -0.00);
insert into SHOT values (1346, 1425, 1426, 2429, 2.000, 119.13, 65.00, 2.000, 119.13, 65.00, 0.000, 182.63, 0.00);
insert into SHOT values (1347, 1426, 1427, 2429, 2.000, 304.13, -14.00, 2.000, 304.13, -14.00, 0.000, 175.87, 0.00);
insert into SHOT values (1348, 1427, 1428, 2429, 9.000, 304.13, -8.00, 9.000, 304.13, -8.00, 0.000, 4.68, -0.00);
insert into SHOT values (1349, 1414, 1429, 2429, 6.000, 206.13, -75.00, 6.000, 206.13, -75.00, 0.000, 2.48, 0.00);
insert into SURVEY values (2431, 2425, 'TroisEntreesPlusUne', 'TroisEntreesPlusUne.109.UltimaPatagonia', 'Grotte des trois entrees plus une');
 insert into CENTRELINE values (2432, 2431, NULL, NULL, NULL, 0.00, 0.00, 0.00);
 insert into CENTRELINE values (2433, 2431, NULL, NULL, NULL, 435.12, 0.00, 0.00);
 insert into SHOT values (1350, 1430, 1431, 2433, 11.350, 346.53, 7.50, 12.687, 351.54, 2.24, 2.023, 25.36, -29.18);
insert into SHOT values (1351, 1431, 1432, 2433, 8.800, 353.23, 10.80, 8.800, 353.23, 10.80, 0.000, 6.93, 0.00);
insert into SHOT values (1352, 1432, 1433, 2433, 13.600, 306.13, 8.30, 13.600, 306.13, 8.30, 0.000, 176.70, -0.00);
insert into SHOT values (1353, 1433, 1434, 2433, 5.260, 284.83, 0.00, 5.260, 284.83, 0.00, 0.000, 359.14, 0.00);
insert into SHOT values (1354, 1432, 1435, 2433, 11.550, 2.43, -8.00, 11.550, 2.43, -8.00, 0.000, 39.63, -0.00);
insert into SHOT values (1355, 1435, 1436, 2433, 24.000, 352.73, -20.90, 24.000, 352.73, -20.90, 0.000, 177.95, 0.00);
insert into SHOT values (1356, 1436, 1437, 2433, 15.480, 319.43, -6.70, 15.480, 319.43, -6.70, 0.000, 175.77, -0.00);
insert into SHOT values (1357, 1437, 1438, 2433, 14.700, 325.63, -3.20, 14.700, 325.63, -3.20, 0.000, 4.56, -0.00);
insert into SHOT values (1358, 1438, 1439, 2433, 9.040, 347.23, -36.00, 9.040, 347.23, -36.00, 0.000, 184.84, 0.00);
insert into SHOT values (1359, 1439, 1440, 2433, 12.620, 289.03, 34.60, 12.620, 289.03, 34.60, 0.000, 172.61, -0.00);
insert into SHOT values (1360, 1440, 1441, 2433, 8.300, 281.83, 13.40, 8.300, 281.83, 13.40, 0.000, 174.14, 0.00);
insert into SHOT values (1361, 1441, 1442, 2433, 8.960, 331.43, -32.50, 8.960, 331.43, -32.50, 0.000, 172.58, -0.00);
insert into SHOT values (1362, 1442, 1443, 2433, 13.600, 330.93, -22.10, 13.600, 330.93, -22.10, 0.000, 1.31, -0.00);
insert into SHOT values (1363, 1443, 1444, 2433, 11.680, 304.03, 2.20, 11.680, 304.03, 2.20, 0.000, 180.51, 0.00);
insert into SHOT values (1364, 1444, 1445, 2433, 26.530, 304.53, 6.00, 26.530, 304.53, 6.00, 0.000, 224.44, -0.00);
insert into SHOT values (1365, 1445, 1446, 2433, 8.550, 321.83, 5.30, 8.550, 321.83, 5.30, 0.000, 186.08, 0.00);
insert into SHOT values (1366, 1446, 1447, 2433, 6.750, 265.93, 38.50, 6.750, 265.93, 38.50, 0.000, 3.56, 0.00);
insert into SHOT values (1367, 1447, 1448, 2433, 7.490, 278.73, 47.50, 7.490, 278.73, 47.50, 0.000, 355.73, -0.00);
insert into SHOT values (1368, 1448, 1449, 2433, 9.600, 280.23, 26.40, 9.600, 280.23, 26.40, 0.000, 184.56, -0.00);
insert into SHOT values (1369, 1449, 1450, 2433, 11.160, 331.63, -3.40, 11.174, 331.81, -2.27, 0.224, 25.97, 79.09);
insert into SHOT values (1370, 1450, 1451, 2433, 8.250, 288.13, 5.60, 8.270, 288.44, 6.48, 0.135, 9.89, 70.64);
insert into SHOT values (1371, 1451, 1452, 2433, 6.030, 221.53, 1.30, 6.007, 221.65, 2.04, 0.082, 15.53, 70.23);
insert into SHOT values (1372, 1452, 1453, 2433, 9.000, 232.93, 28.00, 9.032, 233.14, 28.84, 0.140, 14.11, 71.17);
insert into SHOT values (1373, 1453, 1454, 2433, 6.420, 179.03, 18.90, 6.337, 178.20, 18.99, 0.121, 45.42, -8.22);
insert into SHOT values (1374, 1454, 1455, 2433, 5.160, 152.33, -3.90, 5.124, 151.27, -4.07, 0.103, 40.75, -7.11);
insert into SHOT values (1375, 1455, 1456, 2433, 6.260, 209.13, 38.90, 6.164, 208.84, 39.43, 0.114, 41.43, -8.11);
insert into SHOT values (1376, 1456, 1457, 2433, 1.620, 246.23, 36.10, 1.568, 246.53, 37.14, 0.060, 59.93, -7.78);
insert into SHOT values (1377, 1457, 1458, 2433, 7.750, 294.73, -0.70, 7.727, 295.80, -0.88, 0.148, 34.59, -9.32);
insert into SHOT values (1378, 1458, 1459, 2433, 0.480, 259.13, -37.00, 0.441, 261.09, -42.22, 0.058, 68.01, -7.68);
insert into SHOT values (1379, 1459, 1460, 2433, 8.490, 324.73, -43.30, 8.529, 326.20, -43.25, 0.163, 43.68, -7.70);
insert into SHOT values (1380, 1460, 1461, 2433, 7.660, 150.43, -28.80, 7.660, 150.43, -28.80, 0.000, 177.18, 0.00);
insert into SHOT values (1381, 1461, 1462, 2433, 10.780, 208.53, 38.00, 10.780, 208.53, 38.00, 0.000, 177.29, -0.00);
insert into SHOT values (1382, 1462, 1463, 2433, 8.590, 333.13, 17.00, 8.590, 333.13, 17.00, 0.000, 359.70, 0.00);
insert into SHOT values (1383, 1463, 1464, 2433, 24.400, 326.73, -26.10, 24.400, 326.73, -26.10, 0.000, 5.32, -0.00);
insert into SHOT values (1384, 1464, 1465, 2433, 7.170, 254.03, -6.30, 7.170, 254.03, -6.30, 0.000, 1.82, 0.00);
insert into SHOT values (1385, 1465, 1466, 2433, 10.670, 266.23, 45.50, 10.670, 266.23, 45.50, 0.000, 1.40, 0.00);
insert into SHOT values (1386, 1466, 1467, 2433, 8.030, 284.43, -14.30, 8.030, 284.43, -14.30, 0.000, 162.32, 0.00);
insert into SHOT values (1387, 1467, 1468, 2433, 11.450, 302.53, 33.20, 11.450, 302.53, 33.20, 0.000, 5.04, 0.00);
insert into SHOT values (1388, 1468, 1469, 2433, 7.210, 305.43, -20.20, 7.210, 305.43, -20.20, 0.000, 177.67, -0.00);
insert into SHOT values (1389, 1469, 1470, 2433, 2.060, 317.83, -4.40, 2.439, 316.19, -3.84, 0.385, 307.42, -0.77);
insert into SHOT values (1390, 1460, 1471, 2433, 2.780, 339.33, 4.40, 2.836, 340.57, 4.18, 0.083, 26.80, -4.41);
insert into SHOT values (1391, 1471, 1472, 2433, 16.580, 110.03, -4.60, 16.554, 108.36, -4.94, 0.494, 15.21, -11.23);
insert into SHOT values (1392, 1472, 1473, 2433, 7.890, 56.13, -41.40, 7.890, 56.13, -41.40, 0.000, 12.88, -0.00);
insert into SHOT values (1393, 1472, 1474, 2433, 2.060, 343.53, -6.50, 2.124, 344.89, -6.45, 0.081, 21.73, -3.73);
insert into SHOT values (1394, 1474, 1475, 2433, 8.230, 331.63, 10.70, 8.254, 332.71, 10.48, 0.157, 51.26, -9.63);
insert into SHOT values (1395, 1475, 1453, 2433, 1.080, 94.53, -18.30, 1.146, 93.08, -17.48, 0.073, 72.21, -4.05);
insert into CENTRELINE values (2434, 2431, NULL, NULL, NULL, 49.42, 0.00, 0.00);
 insert into SHOT values (1396, 1476, 1477, 2434, 10.110, 161.03, 13.10, 10.913, 155.99, 12.32, 1.216, 110.55, 1.74);
insert into SHOT values (1397, 1477, 1478, 2434, 10.670, 160.43, 20.50, 11.550, 155.29, 19.08, 1.315, 112.30, 1.69);
insert into SHOT values (1398, 1478, 1479, 2434, 4.220, 162.33, 37.30, 4.525, 159.39, 34.59, 0.410, 134.56, 1.62);
insert into SHOT values (1399, 1479, 1480, 2434, 11.530, 70.33, 80.40, 11.697, 89.07, 76.73, 1.062, 124.61, 0.85);
insert into SHOT values (1400, 1480, 1470, 2434, 12.890, 81.13, 65.30, 13.421, 89.96, 60.96, 1.451, 124.66, 0.89);
insert into CENTRELINE values (2435, 2431, NULL, NULL, NULL, 284.62, 0.00, 0.00);
 insert into SHOT values (1401, 1449, 1481, 2435, 9.340, 147.13, 23.00, 9.308, 147.35, 22.11, 0.152, 198.48, -74.15);
insert into SHOT values (1402, 1481, 1482, 2435, 8.080, 183.13, 29.00, 8.056, 183.21, 28.19, 0.117, 198.77, -72.84);
insert into SHOT values (1403, 1482, 1483, 2435, 4.090, 80.13, -14.00, 4.433, 78.42, -12.20, 0.388, 60.47, 7.79);
insert into SHOT values (1404, 1483, 1484, 2435, 4.960, 157.13, -14.00, 4.805, 152.54, -13.65, 0.412, 44.14, 9.25);
insert into SHOT values (1405, 1484, 1485, 2435, 8.120, 138.13, -17.00, 8.127, 133.43, -15.98, 0.656, 50.03, 11.98);
insert into SHOT values (1406, 1485, 1486, 2435, 3.550, 126.13, -38.00, 3.599, 120.37, -36.25, 0.310, 53.35, 10.66);
insert into SHOT values (1407, 1487, 1488, 2435, 6.420, 93.13, -66.00, 6.420, 93.13, -66.00, 0.000, 4.10, 0.00);
insert into SHOT values (1408, 1487, 1489, 2435, 2.000, 178.13, -10.00, 2.000, 178.13, -10.00, 0.000, 356.41, 0.00);
insert into SHOT values (1409, 1489, 1490, 2435, 1.450, 16.13, -90.00, 1.450, 90.00, -90.00, 0.000, 16.13, -29.69);
insert into SHOT values (1410, 1490, 1491, 2435, 3.200, 290.13, -26.00, 3.200, 290.13, -26.00, 0.000, 185.15, 0.00);
insert into SHOT values (1411, 1491, 1492, 2435, 1.760, 344.13, -46.00, 1.760, 344.13, -46.00, 0.000, 0.31, -0.00);
insert into SHOT values (1412, 1492, 1493, 2435, 3.590, 288.13, -7.00, 3.590, 288.13, -7.00, 0.000, 5.29, -0.00);
insert into SHOT values (1413, 1493, 1486, 2435, 1.440, 8.13, -38.00, 1.440, 8.13, -38.00, 0.000, 2.02, 0.00);
insert into SHOT values (1414, 1486, 1494, 2435, 6.000, 81.13, -18.00, 6.000, 81.13, -18.00, 0.000, 353.33, 0.00);
insert into SHOT values (1415, 1494, 1495, 2435, 13.000, 63.13, -48.00, 13.000, 63.13, -48.00, 0.000, 184.70, -0.00);
insert into SHOT values (1416, 1486, 1496, 2435, 1.200, 351.13, 0.00, 1.200, 351.13, 0.00, 0.000, 357.52, 0.00);
insert into SHOT values (1417, 1496, 1497, 2435, 12.000, 6.13, -35.00, 12.000, 6.13, -35.00, 0.000, 175.58, 0.00);
insert into SHOT values (1418, 1486, 1498, 2435, 9.550, 306.13, -16.00, 9.441, 310.96, -15.06, 0.793, 43.22, 13.09);
insert into SHOT values (1419, 1499, 1500, 2435, 14.300, 19.13, -48.00, 14.300, 19.13, -48.00, 0.000, 356.58, 0.00);
insert into SHOT values (1420, 1499, 1498, 2435, 6.040, 176.13, -3.00, 6.040, 176.13, -3.00, 0.000, 178.20, -0.00);
insert into SHOT values (1421, 1498, 1501, 2435, 6.880, 283.13, 17.00, 6.668, 287.27, 18.50, 0.542, 43.99, 11.17);
insert into SHOT values (1422, 1501, 1502, 2435, 8.110, 264.13, 45.00, 7.848, 268.11, 48.15, 0.636, 48.75, 10.02);
insert into SHOT values (1423, 1502, 1503, 2435, 6.040, 248.13, 19.00, 5.652, 249.84, 21.30, 0.482, 48.85, 10.34);
insert into SHOT values (1424, 1458, 1504, 2435, 7.730, 122.13, -2.00, 7.714, 121.87, -1.15, 0.121, 12.65, 71.71);
insert into SHOT values (1425, 1504, 1505, 2435, 3.350, 95.13, 5.00, 3.359, 94.90, 5.61, 0.039, 28.23, 67.73);
insert into SHOT values (1426, 1505, 1506, 2435, 3.510, 97.13, -2.00, 3.514, 96.90, -1.38, 0.041, 26.90, 67.70);
insert into SHOT values (1427, 1506, 1507, 2435, 6.200, 144.13, 11.00, 6.156, 144.01, 12.31, 0.148, 334.13, 60.69);
insert into SHOT values (1428, 1507, 1508, 2435, 5.630, 136.13, 11.00, 5.590, 135.91, 12.25, 0.131, 334.78, 58.87);
insert into SHOT values (1429, 1508, 1509, 2435, 6.550, 43.13, -3.00, 6.572, 42.51, -1.76, 0.161, 334.44, 61.67);
insert into SHOT values (1430, 1509, 1510, 2435, 9.700, 307.13, 12.00, 9.700, 307.13, 12.00, 0.000, 359.45, 0.00);
insert into SHOT values (1431, 1509, 1482, 2435, 12.730, 75.13, -33.00, 12.535, 73.98, -31.66, 0.415, 342.73, 58.64);
insert into SHOT values (1432, 1482, 1511, 2435, 5.200, 233.13, 23.00, 5.231, 233.86, 24.08, 0.119, 333.41, 58.84);
insert into SHOT values (1433, 1511, 1512, 2435, 5.420, 189.13, 13.00, 5.389, 189.53, 14.24, 0.126, 337.01, 57.41);
insert into SHOT values (1434, 1512, 1503, 2435, 5.800, 314.13, -25.00, 5.810, 314.39, -23.69, 0.135, 334.67, 59.61);
insert into SHOT values (1435, 1503, 1513, 2435, 5.920, 320.13, -2.00, 5.985, 320.30, -0.82, 0.140, 334.54, 59.85);
insert into SHOT values (1436, 1513, 1514, 2435, 5.710, 284.13, 1.00, 5.757, 284.66, 2.13, 0.133, 334.63, 59.14);
insert into SHOT values (1437, 1514, 1515, 2435, 6.600, 338.13, -15.00, 6.600, 338.13, -15.00, 0.000, 180.24, 0.00);
insert into SHOT values (1438, 1514, 1506, 2435, 5.100, 258.13, 35.00, 5.175, 258.84, 35.82, 0.117, 328.76, 61.93);
insert into SHOT values (1439, 1512, 1516, 2435, 8.700, 214.13, 29.00, 8.700, 214.13, 29.00, 0.000, 179.04, -0.01);
insert into SHOT values (1440, 1516, 1517, 2435, 6.250, 169.13, 8.00, 6.250, 169.13, 8.00, 0.000, 359.51, -0.00);
insert into SHOT values (1441, 1517, 1518, 2435, 8.880, 242.13, 18.00, 8.880, 242.13, 18.00, 0.000, 358.37, 0.00);
insert into SHOT values (1442, 1518, 1519, 2435, 4.820, 271.13, 2.00, 4.820, 271.13, 2.00, 0.000, 84.59, 0.00);
insert into SHOT values (1443, 1519, 1520, 2435, 5.050, 263.13, -6.00, 5.050, 263.13, -6.00, 0.000, 354.68, -0.00);
insert into SHOT values (1444, 1520, 1521, 2435, 5.600, 275.13, 9.00, 5.600, 275.13, 9.00, 0.000, 356.94, -0.00);
insert into SHOT values (1445, 1521, 1522, 2435, 4.800, 173.13, 20.00, 4.800, 173.13, 20.00, 0.000, 356.21, 0.00);
insert into SHOT values (1446, 1522, 1523, 2435, 4.250, 241.13, 10.00, 4.250, 241.13, 10.00, 0.000, 176.46, 0.00);
insert into CENTRELINE values (2436, 2431, NULL, NULL, NULL, 179.84, 0.00, 0.00);
 insert into SHOT values (1447, 1524, 1525, 2436, 7.470, 198.13, 9.00, 7.470, 198.13, 9.00, 0.000, 331.02, -0.00);
insert into SHOT values (1448, 1524, 1526, 2436, 5.000, 59.13, -10.00, 5.000, 59.13, -10.00, 0.000, 354.96, -0.00);
insert into SHOT values (1449, 1524, 1527, 2436, 8.530, 245.13, 19.00, 8.530, 245.13, 19.00, 0.000, 357.81, 0.00);
insert into SHOT values (1450, 1524, 1528, 2436, 6.800, 322.13, -8.00, 6.800, 322.13, -8.00, 0.000, 2.62, -0.00);
insert into SHOT values (1451, 1524, 1529, 2436, 8.980, 346.13, -22.00, 8.980, 346.13, -22.00, 0.000, 2.18, 0.00);
insert into SHOT values (1452, 1524, 1530, 2436, 15.160, 99.13, -28.00, 15.160, 99.13, -28.00, 0.000, 182.53, 0.00);
insert into SHOT values (1453, 1524, 1531, 2436, 15.800, 288.13, 19.00, 15.800, 288.13, 19.00, 0.000, 175.54, -0.00);
insert into SHOT values (1454, 1529, 1532, 2436, 7.090, 354.13, -9.00, 7.090, 354.13, -9.00, 0.000, 1.35, 0.00);
insert into SHOT values (1455, 1532, 1533, 2436, 7.100, 352.13, 1.00, 7.100, 352.13, 1.00, 0.000, 176.58, -0.00);
insert into SHOT values (1456, 1525, 1534, 2436, 13.900, 238.13, 32.00, 13.900, 238.13, 32.00, 0.000, 184.89, 0.00);
insert into SHOT values (1457, 1534, 1430, 2436, 11.290, 247.13, 33.00, 11.290, 247.13, 33.00, 0.000, 4.26, 0.00);
insert into SHOT values (1458, 1430, 1535, 2436, 7.690, 336.13, 6.00, 7.690, 336.13, 6.00, 0.000, 3.59, -0.00);
insert into SHOT values (1459, 1430, 1536, 2436, 12.970, 51.13, -16.00, 12.970, 51.13, -16.00, 0.000, 177.58, -0.00);
insert into SHOT values (1460, 1430, 1431, 2436, 14.000, 357.13, -4.00, 12.687, 351.54, 2.24, 2.348, 219.61, 38.83);
insert into SHOT values (1461, 1430, 1537, 2436, 11.310, 208.13, 31.00, 11.310, 208.13, 31.00, 0.000, 358.66, -0.00);
insert into SHOT values (1462, 1537, 1538, 2436, 6.200, 213.13, 32.00, 6.200, 213.13, 32.00, 0.000, 169.23, 0.00);
insert into SHOT values (1463, 1538, 1539, 2436, 9.150, 216.13, 35.00, 9.150, 216.13, 35.00, 0.000, 207.09, 0.00);
insert into SHOT values (1464, 1538, 1540, 2436, 11.400, 294.13, 35.00, 11.400, 294.13, 35.00, 0.000, 2.50, 0.00);
insert into CENTRELINE values (2437, 2431, NULL, NULL, NULL, 108.92, 0.00, 0.00);
 insert into SHOT values (1465, 1530, 1541, 2437, 5.200, 151.13, -15.00, 5.200, 151.13, -15.00, 0.000, 183.00, 0.00);
insert into SHOT values (1466, 1541, 1542, 2437, 6.150, 126.13, -20.00, 6.150, 126.13, -20.00, 0.000, 357.33, 0.00);
insert into SHOT values (1467, 1542, 1543, 2437, 8.950, 129.13, -35.00, 8.950, 129.13, -35.00, 0.000, 176.71, 0.00);
insert into SHOT values (1468, 1543, 1544, 2437, 10.550, 129.13, -33.00, 10.550, 129.13, -33.00, 0.000, 168.29, 0.00);
insert into SHOT values (1469, 1544, 1545, 2437, 6.300, 97.13, -10.00, 6.300, 97.13, -10.00, 0.000, 176.31, 0.00);
insert into SHOT values (1470, 1545, 1546, 2437, 10.650, 113.13, 6.00, 10.650, 113.13, 6.00, 0.000, 178.60, -0.00);
insert into SHOT values (1471, 1546, 1547, 2437, 7.700, 107.13, -24.00, 7.700, 107.13, -24.00, 0.000, 13.86, 0.00);
insert into SHOT values (1472, 1547, 1548, 2437, 7.800, 114.13, -39.00, 7.800, 114.13, -39.00, 0.000, 357.54, 0.00);
insert into SHOT values (1473, 1548, 1549, 2437, 9.720, 110.13, -34.00, 9.720, 110.13, -34.00, 0.000, 357.75, 0.00);
insert into SHOT values (1474, 1549, 1550, 2437, 4.520, 103.13, -21.00, 4.520, 103.13, -21.00, 0.000, 178.98, 0.00);
insert into SHOT values (1475, 1550, 1551, 2437, 8.400, 102.13, 3.00, 8.400, 102.13, 3.00, 0.000, 358.95, 0.00);
insert into SHOT values (1476, 1551, 1552, 2437, 4.830, 83.13, 8.00, 4.830, 83.13, 8.00, 0.000, 180.02, 0.00);
insert into SHOT values (1477, 1552, 1553, 2437, 6.050, 356.13, -43.00, 6.050, 356.13, -43.00, 0.000, 8.99, 0.00);
insert into SHOT values (1478, 1550, 1554, 2437, 6.100, 163.13, 3.00, 6.100, 163.13, 3.00, 0.000, 6.08, -0.00);
insert into SHOT values (1479, 1554, 1555, 2437, 6.000, 168.13, -21.00, 6.000, 168.13, -21.00, 0.000, 181.14, 0.00);
insert into CENTRELINE values (2438, 2431, NULL, NULL, NULL, 114.81, 0.00, 0.00);
 insert into SHOT values (1480, 1556, 1557, 2438, 4.300, 326.13, 16.80, 4.300, 326.13, 16.80, 0.000, 5.28, -0.00);
insert into SHOT values (1481, 1557, 1558, 2438, 6.380, 348.13, -34.00, 6.380, 348.13, -34.00, 0.000, 180.16, -0.00);
insert into SHOT values (1482, 1558, 1559, 2438, 8.320, 41.13, -38.50, 8.320, 41.13, -38.50, 0.000, 0.84, 0.00);
insert into SHOT values (1483, 1559, 1560, 2438, 10.360, 9.13, -33.00, 10.360, 9.13, -33.00, 0.000, 180.70, 0.00);
insert into SHOT values (1484, 1560, 1561, 2438, 6.340, 346.13, -35.00, 6.340, 346.13, -35.00, 0.000, 357.61, -0.00);
insert into SHOT values (1485, 1561, 1562, 2438, 7.240, 92.33, 0.90, 7.240, 92.33, 0.90, 0.000, 198.76, -0.00);
insert into SHOT values (1486, 1562, 1563, 2438, 3.840, 151.63, 47.80, 3.840, 151.63, 47.80, 0.000, 180.70, 0.00);
insert into SHOT values (1487, 1563, 1564, 2438, 3.770, 107.13, 17.70, 3.770, 107.13, 17.70, 0.000, 2.26, 0.00);
insert into SHOT values (1488, 1564, 1565, 2438, 14.460, 60.63, -30.70, 14.460, 60.63, -30.70, 0.000, 358.74, 0.00);
insert into SHOT values (1489, 1565, 1566, 2438, 5.320, 69.33, 9.60, 5.673, 73.92, 9.13, 0.561, 122.34, 1.36);
insert into SHOT values (1490, 1566, 1567, 2438, 7.590, 21.83, -43.00, 7.487, 29.45, -43.53, 0.740, 125.19, 1.49);
insert into SHOT values (1491, 1567, 1568, 2438, 8.590, 24.13, -54.70, 8.519, 33.58, -55.15, 0.815, 125.62, 1.36);
insert into SHOT values (1492, 1568, 1569, 2438, 12.950, 279.13, -11.70, 12.950, 279.13, -11.70, 0.000, 346.25, -0.00);
insert into SHOT values (1493, 1568, 1570, 2438, 4.600, 359.13, -3.80, 4.276, 3.78, -3.94, 0.483, 133.51, 1.29);
insert into SHOT values (1494, 1570, 1571, 2438, 4.870, 354.43, -63.50, 4.754, 1.93, -66.04, 0.361, 130.26, 2.25);
insert into SHOT values (1495, 1571, 1572, 2438, 2.880, 284.83, -33.20, 2.538, 283.64, -38.15, 0.417, 110.55, 1.24);
insert into SHOT values (1496, 1572, 1476, 2438, 3.000, 194.93, -40.70, 3.150, 188.77, -38.16, 0.326, 140.14, 1.79);
insert into CENTRELINE values (2439, 2431, NULL, NULL, NULL, 293.31, 0.00, 0.00);
 insert into SHOT values (1497, 1523, 1573, 2439, 11.340, 153.13, 5.00, 11.340, 153.13, 5.00, 0.000, 179.27, -0.00);
insert into SHOT values (1498, 1573, 1574, 2439, 7.670, 188.13, 2.75, 7.670, 188.13, 2.75, 0.000, 356.78, 0.00);
insert into SHOT values (1499, 1574, 1575, 2439, 5.790, 150.13, -18.00, 5.790, 150.13, -18.00, 0.000, 357.47, -0.00);
insert into SHOT values (1500, 1575, 1576, 2439, 3.000, 223.13, 14.00, 3.000, 223.13, 14.00, 0.000, 3.26, 0.00);
insert into SHOT values (1501, 1576, 1577, 2439, 3.860, 248.13, -14.00, 3.860, 248.13, -14.00, 0.000, 2.43, 0.00);
insert into SHOT values (1502, 1577, 1578, 2439, 6.240, 290.13, -77.00, 6.240, 290.13, -77.00, 0.000, 359.59, 0.00);
insert into SHOT values (1503, 1575, 1579, 2439, 5.410, 67.13, -33.00, 5.410, 67.13, -33.00, 0.000, 5.34, -0.00);
insert into SHOT values (1504, 1579, 1580, 2439, 3.890, 94.13, -50.00, 3.890, 94.13, -50.00, 0.000, 170.10, -0.00);
insert into SHOT values (1505, 1580, 1581, 2439, 3.800, 167.13, -3.00, 3.800, 167.13, -3.00, 0.000, 356.94, -0.00);
insert into SHOT values (1506, 1581, 1582, 2439, 2.930, 194.13, 44.00, 2.930, 194.13, 44.00, 0.000, 181.64, 0.00);
insert into SHOT values (1507, 1582, 1583, 2439, 7.630, 196.13, 46.00, 7.630, 196.13, 46.00, 0.000, 175.31, -0.00);
insert into SHOT values (1508, 1580, 1584, 2439, 3.550, 328.13, 56.00, 3.550, 328.13, 56.00, 0.000, 0.18, 0.00);
insert into SHOT values (1509, 1584, 1585, 2439, 6.680, 60.13, -23.00, 6.680, 60.13, -23.00, 0.000, 176.78, 0.00);
insert into SHOT values (1510, 1585, 1586, 2439, 5.280, 96.13, -14.00, 5.280, 96.13, -14.00, 0.000, 182.57, -0.00);
insert into SHOT values (1511, 1575, 1587, 2439, 5.500, 284.13, 18.00, 5.500, 284.13, 18.00, 0.000, 183.50, -0.00);
insert into SHOT values (1512, 1587, 1588, 2439, 3.730, 239.13, 24.00, 3.730, 239.13, 24.00, 0.000, 27.55, -0.00);
insert into SHOT values (1513, 1588, 1589, 2439, 7.970, 262.13, 23.00, 7.970, 262.13, 23.00, 0.000, 168.13, -0.01);
insert into SHOT values (1514, 1589, 1590, 2439, 2.560, 264.13, 8.00, 2.560, 264.13, 8.00, 0.000, 182.86, 0.00);
insert into SHOT values (1515, 1590, 1591, 2439, 1.700, 338.13, -9.40, 1.700, 338.13, -9.40, 0.000, 1.45, -0.00);
insert into SHOT values (1516, 1591, 1592, 2439, 6.530, 292.13, 11.00, 6.530, 292.13, 11.00, 0.000, 191.09, -0.00);
insert into SHOT values (1517, 1592, 1593, 2439, 4.240, 206.13, 25.00, 4.240, 206.13, 25.00, 0.000, 203.17, -0.00);
insert into SHOT values (1518, 1592, 1594, 2439, 4.200, 186.13, 28.00, 4.200, 186.13, 28.00, 0.000, 183.11, 0.00);
insert into SHOT values (1519, 1594, 1595, 2439, 1.000, 16.13, 90.00, 1.000, 90.00, 90.00, 0.000, 16.13, 0.00);
insert into SHOT values (1520, 1595, 1596, 2439, 6.460, 197.13, 26.00, 6.460, 197.13, 26.00, 0.000, 190.06, -0.00);
insert into SHOT values (1521, 1596, 1597, 2439, 9.870, 243.13, 34.00, 9.870, 243.13, 34.00, 0.000, 352.83, -0.00);
insert into SHOT values (1522, 1597, 1598, 2439, 8.500, 106.13, 60.00, 8.500, 106.13, 60.00, 0.000, 353.96, 0.00);
insert into SHOT values (1523, 1523, 1599, 2439, 5.400, 313.13, -1.00, 5.400, 313.13, -1.00, 0.000, 177.60, 0.00);
insert into SHOT values (1524, 1599, 1600, 2439, 5.100, 263.13, 30.00, 5.100, 263.13, 30.00, 0.000, 183.13, 0.00);
insert into SHOT values (1525, 1600, 1601, 2439, 6.160, 242.13, 26.00, 6.160, 242.13, 26.00, 0.000, 180.42, -0.00);
insert into SHOT values (1526, 1601, 1602, 2439, 4.600, 313.13, 19.00, 4.600, 313.13, 19.00, 0.000, 1.69, 0.00);
insert into SHOT values (1527, 1602, 1603, 2439, 15.800, 332.13, 2.00, 15.800, 332.13, 2.00, 0.000, 349.46, 0.00);
insert into SHOT values (1528, 1604, 1605, 2439, 6.700, 167.13, -11.00, 6.700, 167.13, -11.00, 0.000, 3.15, -0.00);
insert into SHOT values (1529, 1606, 1604, 2439, 2.200, 182.13, 16.00, 2.200, 182.13, 16.00, 0.000, 175.40, -0.00);
insert into SHOT values (1530, 1607, 1606, 2439, 3.240, 234.13, 35.00, 3.240, 234.13, 35.00, 0.000, 356.86, 0.00);
insert into SHOT values (1531, 1608, 1607, 2439, 3.470, 205.13, 14.00, 3.470, 205.13, 14.00, 0.000, 339.68, -0.00);
insert into SHOT values (1532, 1609, 1608, 2439, 4.740, 235.13, 34.00, 4.740, 235.13, 34.00, 0.000, 357.70, 0.02);
insert into SHOT values (1533, 1610, 1609, 2439, 5.300, 248.13, 42.00, 5.300, 248.13, 42.00, 0.000, 181.66, -0.00);
insert into SHOT values (1534, 1611, 1610, 2439, 3.340, 183.13, 22.00, 3.340, 183.13, 22.00, 0.000, 39.80, 0.00);
insert into SHOT values (1535, 1612, 1611, 2439, 2.580, 173.13, 24.00, 2.580, 173.13, 24.00, 0.000, 15.37, 0.00);
insert into SHOT values (1536, 1613, 1612, 2439, 4.380, 262.13, 25.00, 4.380, 262.13, 25.00, 0.000, 176.39, 0.00);
insert into SHOT values (1537, 1602, 1613, 2439, 1.920, 183.13, 20.00, 1.920, 183.13, 20.00, 0.000, 2.15, 0.00);
insert into SHOT values (1538, 1614, 1615, 2439, 15.590, 268.83, 64.50, 15.590, 268.83, 64.50, 0.000, 2.21, -0.00);
insert into SHOT values (1539, 1614, 1616, 2439, 11.500, 104.23, 4.10, 11.500, 104.23, 4.10, 0.000, 277.25, 0.00);
insert into SHOT values (1540, 1616, 1617, 2439, 6.640, 123.13, -4.00, 6.640, 123.13, -4.00, 0.000, 359.25, 0.00);
insert into SHOT values (1541, 1617, 1618, 2439, 3.510, 164.33, -5.50, 3.510, 164.33, -5.50, 0.000, 355.35, -0.00);
insert into SHOT values (1542, 1618, 1619, 2439, 9.800, 222.13, 31.00, 9.800, 222.13, 31.00, 0.000, 184.84, 0.00);
insert into SHOT values (1543, 1619, 1620, 2439, 8.000, 16.13, 90.00, 8.000, 90.00, 90.00, 0.000, 16.13, 0.00);
insert into SHOT values (1544, 1618, 1621, 2439, 11.570, 119.03, 3.40, 11.570, 119.03, 3.40, 0.000, 180.36, -0.00);
insert into SHOT values (1545, 1621, 1622, 2439, 7.010, 112.03, -17.30, 7.010, 112.03, -17.30, 0.000, 181.21, 0.00);
insert into SHOT values (1546, 1622, 1603, 2439, 5.430, 151.73, 35.50, 5.430, 151.73, 35.50, 0.000, 2.92, -0.00);
insert into CENTRELINE values (2440, 2431, NULL, '2020-02-02', NULL, 118.39, 0.00, 0.00);
 insert into SHOT values (1547, 1556, 1623, 2440, 5.160, 278.60, -14.00, 5.160, 278.60, -14.00, 0.000, 351.96, -0.00);
insert into SHOT values (1548, 1623, 1624, 2440, 5.460, 194.60, -9.00, 5.460, 194.60, -9.00, 0.000, 2.70, 0.00);
insert into SHOT values (1549, 1624, 1625, 2440, 3.290, 136.60, 0.00, 3.290, 136.60, 0.00, 0.000, 176.03, 0.00);
insert into SHOT values (1550, 1625, 1626, 2440, 11.970, 228.60, -2.00, 11.970, 228.60, -2.00, 0.000, 186.83, -0.00);
insert into SHOT values (1551, 1626, 1627, 2440, 4.600, 106.60, 48.00, 4.600, 106.60, 48.00, 0.000, 39.39, 0.01);
insert into SHOT values (1552, 1627, 1628, 2440, 8.360, 238.60, 25.00, 8.360, 238.60, 25.00, 0.000, 2.39, 0.00);
insert into SHOT values (1553, 1628, 1629, 2440, 6.020, 258.60, 31.00, 6.020, 258.60, 31.00, 0.000, 16.70, -0.01);
insert into SHOT values (1554, 1629, 1630, 2440, 7.900, 234.60, 50.00, 7.900, 234.60, 50.00, 0.000, 178.65, -0.00);
insert into SHOT values (1555, 1630, 1631, 2440, 7.940, 247.60, -23.00, 7.940, 247.60, -23.00, 0.000, 183.07, 0.00);
insert into SHOT values (1556, 1631, 1632, 2440, 8.130, 349.60, 30.00, 8.130, 349.60, 30.00, 0.000, 180.95, 0.00);
insert into SHOT values (1557, 1632, 1633, 2440, 6.300, 84.60, 10.00, 6.300, 84.60, 10.00, 0.000, 184.00, -0.00);
insert into SHOT values (1558, 1633, 1634, 2440, 4.120, 4.60, 15.00, 4.120, 4.60, 15.00, 0.000, 1.31, 0.00);
insert into SHOT values (1559, 1634, 1635, 2440, 10.080, 49.60, 59.00, 10.080, 49.60, 59.00, 0.000, 181.82, -0.00);
insert into SHOT values (1560, 1635, 1636, 2440, 8.000, 14.60, -15.00, 8.000, 14.60, -15.00, 0.000, 4.35, -0.00);
insert into SHOT values (1561, 1636, 1637, 2440, 7.180, 353.60, 5.00, 7.180, 353.60, 5.00, 0.000, 1.88, -0.00);
insert into SHOT values (1562, 1637, 1638, 2440, 3.700, 9.60, 28.00, 3.700, 9.60, 28.00, 0.000, 357.64, 0.00);
insert into SHOT values (1563, 1638, 1639, 2440, 7.000, 357.60, -10.00, 7.000, 357.60, -10.00, 0.000, 175.71, -0.00);
insert into SHOT values (1564, 1639, 1640, 2440, 3.180, 36.60, -45.00, 3.180, 36.60, -45.00, 0.000, 175.43, 0.00);
insert into CENTRELINE values (2441, 2431, NULL, NULL, NULL, 150.84, 0.00, 0.00);
 insert into SHOT values (1565, 1518, 1641, 2441, 7.960, 120.33, -12.50, 7.960, 120.33, -12.50, 0.000, 184.07, 0.00);
insert into SHOT values (1566, 1641, 1642, 2441, 3.630, 154.43, 1.90, 3.630, 154.43, 1.90, 0.000, 182.03, 0.00);
insert into SHOT values (1567, 1642, 1643, 2441, 4.280, 154.23, 10.80, 4.280, 154.23, 10.80, 0.000, 359.32, -0.00);
insert into SHOT values (1568, 1643, 1644, 2441, 6.160, 170.53, -4.70, 6.160, 170.53, -4.70, 0.000, 8.31, -0.00);
insert into SHOT values (1569, 1644, 1645, 2441, 4.730, 166.13, 14.30, 4.730, 166.13, 14.30, 0.000, 356.90, 0.00);
insert into SHOT values (1570, 1645, 1646, 2441, 3.100, 271.13, -7.50, 3.100, 271.13, -7.50, 0.000, 344.31, 0.00);
insert into SHOT values (1571, 1646, 1647, 2441, 4.170, 280.23, 9.00, 4.170, 280.23, 9.00, 0.000, 179.01, 0.00);
insert into SHOT values (1572, 1646, 1648, 2441, 2.000, 166.83, -30.50, 2.000, 166.83, -30.50, 0.000, 357.14, 0.00);
insert into SHOT values (1573, 1648, 1649, 2441, 1.240, 225.43, -16.90, 1.240, 225.43, -16.90, 0.000, 173.30, -0.00);
insert into SHOT values (1574, 1649, 1650, 2441, 3.710, 158.73, 43.50, 3.710, 158.73, 43.50, 0.000, 359.52, 0.00);
insert into SHOT values (1575, 1650, 1651, 2441, 13.900, 194.43, 19.20, 13.900, 194.43, 19.20, 0.000, 27.16, -0.00);
insert into SHOT values (1576, 1650, 1652, 2441, 3.950, 196.23, 5.10, 3.950, 196.23, 5.10, 0.000, 184.72, -0.00);
insert into SHOT values (1577, 1644, 1653, 2441, 3.670, 69.03, -25.80, 3.670, 69.03, -25.80, 0.000, 3.07, 0.00);
insert into SHOT values (1578, 1521, 1654, 2441, 2.440, 348.83, 7.60, 2.440, 348.83, 7.60, 0.000, 179.34, -0.00);
insert into SHOT values (1579, 1654, 1655, 2441, 10.140, 328.53, -54.40, 10.140, 328.53, -54.40, 0.000, 179.23, 0.00);
insert into SHOT values (1580, 1655, 1656, 2441, 4.690, 339.03, -11.90, 4.690, 339.03, -11.90, 0.000, 358.54, 0.00);
insert into SHOT values (1581, 1656, 1657, 2441, 7.740, 352.63, -20.60, 7.740, 352.63, -20.60, 0.000, 184.04, 0.00);
insert into SHOT values (1582, 1657, 1658, 2441, 4.380, 328.63, -5.70, 4.380, 328.63, -5.70, 0.000, 6.86, -0.00);
insert into SHOT values (1583, 1658, 1659, 2441, 5.740, 327.03, -42.50, 5.740, 327.03, -42.50, 0.000, 181.44, 0.00);
insert into SHOT values (1584, 1659, 1660, 2441, 4.360, 316.53, 44.50, 4.360, 316.53, 44.50, 0.000, 215.34, 0.00);
insert into SHOT values (1585, 1661, 1662, 2441, 4.340, 75.13, 0.10, 4.340, 75.13, 0.10, 0.000, 351.84, 0.00);
insert into SHOT values (1586, 1662, 1663, 2441, 5.150, 59.13, 10.50, 5.150, 59.13, 10.50, 0.000, 180.49, 0.00);
insert into SHOT values (1587, 1663, 1664, 2441, 1.000, 59.13, 90.00, 1.000, 90.00, 90.00, 0.000, 59.13, 0.00);
insert into SHOT values (1588, 1664, 1450, 2441, 8.360, 77.53, -34.90, 8.360, 77.53, -34.90, 0.000, 179.55, 0.00);
insert into SHOT values (1589, 1523, 1665, 2441, 30.000, 336.13, 0.00, 30.000, 336.13, 0.00, 0.000, 186.76, 0.00);
insert into CENTRELINE values (2442, 2431, NULL, NULL, NULL, 90.97, 0.00, 0.00);
 insert into SHOT values (1590, 1666, 1667, 2442, 4.720, 156.13, 74.00, 4.720, 156.13, 74.00, 0.000, 3.46, -0.00);
insert into SHOT values (1591, 1667, 1668, 2442, 5.800, 239.13, 22.00, 5.800, 239.13, 22.00, 0.000, 178.30, -0.00);
insert into SHOT values (1592, 1668, 1669, 2442, 11.210, 199.13, 10.00, 11.210, 199.13, 10.00, 0.000, 5.67, 0.00);
insert into SHOT values (1593, 1669, 1670, 2442, 8.560, 187.13, 2.00, 8.560, 187.13, 2.00, 0.000, 2.66, -0.00);
insert into SHOT values (1594, 1670, 1671, 2442, 11.150, 190.13, 11.00, 11.150, 190.13, 11.00, 0.000, 4.24, -0.00);
insert into SHOT values (1595, 1671, 1672, 2442, 6.350, 201.13, -1.00, 6.350, 201.13, -1.00, 0.000, 172.55, 0.00);
insert into SHOT values (1596, 1672, 1673, 2442, 8.240, 298.13, -57.00, 8.240, 298.13, -57.00, 0.000, 182.14, 0.00);
insert into SHOT values (1597, 1673, 1674, 2442, 13.540, 198.13, 13.00, 13.540, 198.13, 13.00, 0.000, 183.78, 0.00);
insert into SHOT values (1598, 1674, 1675, 2442, 11.660, 205.13, -20.00, 11.660, 205.13, -20.00, 0.000, 172.03, -0.00);
insert into SHOT values (1599, 1675, 1676, 2442, 6.400, 202.13, 8.00, 6.400, 202.13, 8.00, 0.000, 347.58, 0.00);
insert into SHOT values (1600, 1676, 1640, 2442, 3.340, 186.13, 16.00, 3.340, 186.13, 16.00, 0.000, 241.66, 0.01);
insert into CENTRELINE values (2443, 2431, NULL, NULL, NULL, 150.27, 0.00, 0.00);
 insert into SHOT values (1601, 1469, 1677, 2443, 6.000, 315.13, 5.00, 5.411, 316.29, 5.71, 0.604, 124.81, 1.50);
insert into SHOT values (1602, 1677, 1678, 2443, 10.000, 315.13, 80.00, 9.907, 324.47, 84.64, 0.838, 124.82, 1.06);
insert into SHOT values (1603, 1678, 1679, 2443, 0.000, 16.13, 0.00, 0.146, 124.82, 1.45, 0.146, 124.82, 1.45);
insert into SHOT values (1604, 1679, 1680, 2443, 11.710, 315.43, 24.60, 10.523, 317.03, 27.87, 1.373, 124.55, 1.83);
insert into SHOT values (1605, 1680, 1681, 2443, 19.910, 326.33, 29.70, 17.366, 333.51, 35.05, 3.652, 117.21, 1.69);
insert into SHOT values (1606, 1681, 1682, 2443, 14.000, 217.03, 14.80, 14.000, 217.03, 14.80, 0.000, 359.29, -0.00);
insert into SHOT values (1607, 1681, 1683, 2443, 2.930, 49.53, -31.20, 3.047, 57.43, -29.69, 0.382, 121.95, 1.32);
insert into SHOT values (1608, 1683, 1684, 2443, 8.670, 310.83, -5.50, 7.819, 311.22, -5.89, 0.855, 127.32, 1.94);
insert into SHOT values (1609, 1684, 1685, 2443, 6.650, 256.23, -71.50, 6.546, 244.73, -73.97, 0.495, 122.99, 1.76);
insert into SHOT values (1610, 1685, 1686, 2443, 8.200, 183.33, -16.40, 8.545, 177.45, -15.54, 0.905, 114.25, 1.61);
insert into SHOT values (1611, 1686, 1687, 2443, 8.150, 159.73, 22.40, 8.786, 155.72, 20.87, 0.871, 118.42, 1.61);
insert into SHOT values (1612, 1687, 1688, 2443, 10.110, 178.43, -18.80, 10.592, 171.79, -17.71, 1.252, 109.61, 1.64);
insert into SHOT values (1613, 1688, 1689, 2443, 4.510, 144.93, -27.20, 4.909, 143.21, -24.68, 0.467, 128.27, 1.40);
insert into SHOT values (1614, 1689, 1690, 2443, 5.160, 216.73, -68.10, 5.158, 205.77, -67.73, 0.372, 125.92, 2.23);
insert into SHOT values (1615, 1690, 1691, 2443, 10.590, 308.63, -22.10, 9.523, 308.64, -24.48, 1.146, 128.57, 1.89);
insert into SHOT values (1616, 1691, 1692, 2443, 11.320, 273.13, -63.90, 10.912, 264.40, -68.39, 1.178, 124.35, 1.02);
insert into SHOT values (1617, 1692, 1693, 2443, 7.000, 350.73, -21.40, 6.586, 355.92, -22.63, 0.719, 120.87, 1.55);
insert into SHOT values (1618, 1693, 1565, 2443, 5.360, 278.93, -39.80, 4.977, 276.04, -43.36, 0.536, 118.86, 1.49);
insert into CENTRELINE values (2444, 2431, NULL, NULL, NULL, 267.45, 0.00, 0.00);
 insert into SHOT values (1619, 1666, 1694, 2444, 0.000, 16.13, 0.00, 0.000, 90.00, 0.00, 0.000, 90.00, 0.00);
insert into SHOT values (1620, 1694, 1695, 2444, 2.650, 266.33, 18.90, 2.650, 266.33, 18.90, 0.000, 185.03, 0.00);
insert into SHOT values (1621, 1695, 1696, 2444, 14.460, 310.13, -48.30, 14.460, 310.13, -48.30, 0.000, 36.29, -0.00);
insert into SHOT values (1622, 1696, 1697, 2444, 9.670, 121.33, 31.20, 9.670, 121.33, 31.20, 0.000, 2.73, 0.00);
insert into SHOT values (1623, 1697, 1698, 2444, 3.390, 114.53, 9.70, 3.390, 114.53, 9.70, 0.000, 0.40, 0.00);
insert into SHOT values (1624, 1698, 1699, 2444, 6.020, 182.13, 8.60, 6.020, 182.13, 8.60, 0.000, 203.72, -0.01);
insert into SHOT values (1625, 1699, 1700, 2444, 10.590, 220.63, -33.00, 10.590, 220.63, -33.00, 0.000, 175.29, -0.00);
insert into SHOT values (1626, 1700, 1701, 2444, 6.540, 189.63, 24.00, 6.540, 189.63, 24.00, 0.000, 181.38, 0.00);
insert into SHOT values (1627, 1696, 1702, 2444, 11.310, 0.83, -26.80, 11.310, 0.83, -26.80, 0.000, 180.62, 0.00);
insert into SHOT values (1628, 1702, 1703, 2444, 11.130, 4.13, 22.30, 11.130, 4.13, 22.30, 0.000, 176.15, 0.00);
insert into SHOT values (1629, 1703, 1704, 2444, 13.630, 36.23, 3.60, 13.630, 36.23, 3.60, 0.000, 175.95, -0.00);
insert into SHOT values (1630, 1704, 1705, 2444, 23.410, 11.83, 0.80, 23.410, 11.83, 0.80, 0.000, 2.16, -0.00);
insert into SHOT values (1631, 1705, 1706, 2444, 3.630, 47.63, 51.70, 3.630, 47.63, 51.70, 0.000, 179.07, -0.00);
insert into SHOT values (1632, 1706, 1707, 2444, 15.560, 7.73, -29.40, 15.560, 7.73, -29.40, 0.000, 4.37, 0.00);
insert into SHOT values (1633, 1707, 1708, 2444, 25.710, 332.13, 2.40, 25.710, 332.13, 2.40, 0.000, 162.16, 0.03);
insert into SHOT values (1634, 1708, 1709, 2444, 10.460, 269.13, 17.30, 10.460, 269.13, 17.30, 0.000, 184.94, 0.00);
insert into SHOT values (1635, 1709, 1710, 2444, 11.560, 227.13, 15.40, 11.560, 227.13, 15.40, 0.000, 177.47, 0.00);
insert into SHOT values (1636, 1710, 1711, 2444, 14.080, 104.83, 26.30, 14.080, 104.83, 26.30, 0.000, 354.70, 0.00);
insert into SHOT values (1637, 1710, 1712, 2444, 4.590, 249.83, -21.60, 4.590, 249.83, -21.60, 0.000, 183.49, -0.00);
insert into SHOT values (1638, 1712, 1713, 2444, 10.030, 281.33, 6.20, 10.030, 281.33, 6.20, 0.000, 356.04, 0.00);
insert into SHOT values (1639, 1712, 1714, 2444, 8.960, 11.03, -13.00, 8.960, 11.03, -13.00, 0.000, 179.56, -0.00);
insert into SHOT values (1640, 1714, 1715, 2444, 11.150, 351.93, -29.60, 11.150, 351.93, -29.60, 0.000, 183.24, -0.00);
insert into SHOT values (1641, 1715, 1716, 2444, 5.830, 354.93, -33.40, 5.830, 354.93, -33.40, 0.000, 358.21, 0.00);
insert into SHOT values (1642, 1716, 1717, 2444, 8.070, 55.13, -35.20, 8.070, 55.13, -35.20, 0.000, 2.19, 0.00);
insert into SHOT values (1643, 1716, 1718, 2444, 11.210, 304.63, 29.90, 11.210, 304.63, 29.90, 0.000, 355.88, 0.00);
insert into SHOT values (1644, 1718, 1719, 2444, 10.540, 351.43, 6.20, 10.540, 351.43, 6.20, 0.000, 120.17, 0.01);
insert into SHOT values (1645, 1719, 1720, 2444, 3.270, 271.23, 18.30, 3.270, 271.23, 18.30, 0.000, 182.62, 0.00);
insert into CENTRELINE values (2445, 2431, NULL, '2017-02-19', NULL, 299.35, 0.00, 0.00);
 insert into SHOT values (1646, 1707, 1721, 2445, 12.350, 21.86, 17.00, 12.350, 21.86, 17.00, 0.000, 168.32, 0.00);
insert into SHOT values (1647, 1721, 1722, 2445, 23.620, 34.46, -8.00, 23.620, 34.46, -8.00, 0.000, 350.95, -0.01);
insert into SHOT values (1648, 1722, 1723, 2445, 5.350, 28.86, -24.00, 5.350, 28.86, -24.00, 0.000, 3.82, 0.00);
insert into SHOT values (1649, 1723, 1724, 2445, 11.390, 118.86, -26.00, 11.390, 118.86, -26.00, 0.000, 1.87, -0.00);
insert into SHOT values (1650, 1724, 1725, 2445, 15.150, 8.86, -2.00, 15.150, 8.86, -2.00, 0.000, 8.86, -0.00);
insert into SHOT values (1651, 1725, 1726, 2445, 7.550, 14.86, -6.00, 7.550, 14.86, -6.00, 0.000, 3.14, 0.00);
insert into SHOT values (1652, 1726, 1727, 2445, 7.590, 25.86, 3.00, 7.590, 25.86, 3.00, 0.000, 2.56, -0.00);
insert into SHOT values (1653, 1727, 1728, 2445, 5.060, 280.86, 12.00, 5.060, 280.86, 12.00, 0.000, 9.78, 0.00);
insert into SHOT values (1654, 1728, 1729, 2445, 7.790, 34.96, -32.90, 7.790, 34.96, -32.90, 0.000, 176.29, -0.00);
insert into SHOT values (1655, 1729, 1730, 2445, 9.440, 59.76, -69.10, 9.440, 59.76, -69.10, 0.000, 178.12, 0.00);
insert into SHOT values (1656, 1730, 1731, 2445, 17.800, 334.86, -15.00, 17.800, 334.86, -15.00, 0.000, 177.27, 0.00);
insert into SHOT values (1657, 1731, 1732, 2445, 26.450, 315.86, 33.00, 26.450, 315.86, 33.00, 0.000, 350.96, -0.00);
insert into SHOT values (1658, 1732, 1733, 2445, 20.400, 350.86, -23.00, 20.400, 350.86, -23.00, 0.000, 355.75, 0.00);
insert into SHOT values (1659, 1733, 1734, 2445, 14.580, 76.86, -32.00, 14.580, 76.86, -32.00, 0.000, 3.65, -0.00);
insert into SHOT values (1660, 1734, 1735, 2445, 5.500, 162.86, -24.60, 5.500, 162.86, -24.60, 0.000, 2.97, -0.00);
insert into SHOT values (1661, 1735, 1736, 2445, 22.000, 44.66, -48.80, 22.000, 44.66, -48.80, 0.000, 189.32, 0.00);
insert into SHOT values (1662, 1736, 1737, 2445, 10.210, 333.86, -11.00, 11.004, 337.28, -10.20, 1.019, 13.18, -0.02);
insert into SHOT values (1663, 1737, 1738, 2445, 9.920, 259.86, 25.00, 11.286, 248.72, 21.71, 2.406, 202.49, -0.43);
insert into SHOT values (1664, 1738, 1739, 2445, 8.370, 312.86, 4.00, 8.228, 301.18, 3.97, 1.689, 212.26, -0.50);
insert into SHOT values (1665, 1737, 1740, 2445, 12.310, 293.86, 16.00, 13.012, 309.17, 15.24, 3.328, 19.12, 0.49);
insert into SHOT values (1666, 1740, 1741, 2445, 8.970, 238.86, -11.00, 7.434, 247.25, -13.18, 1.955, 26.15, 0.48);
insert into SHOT values (1667, 1736, 1742, 2445, 7.300, 150.86, -18.00, 7.950, 154.80, -16.48, 0.845, 189.19, 0.02);
insert into SHOT values (1668, 1742, 1743, 2445, 30.250, 140.86, -3.00, 30.250, 140.86, -3.00, 0.000, 355.57, -0.00);
insert into CENTRELINE values (2446, 2431, NULL, NULL, NULL, 133.27, 0.00, 0.00);
 insert into SHOT values (1669, 1743, 1744, 2446, 11.950, 111.13, -26.00, 11.950, 111.13, -26.00, 0.000, 359.87, -0.00);
insert into SHOT values (1670, 1744, 1745, 2446, 3.790, 7.13, 12.00, 3.790, 7.13, 12.00, 0.000, 355.62, 0.00);
insert into SHOT values (1671, 1745, 1746, 2446, 9.030, 5.63, -9.00, 9.030, 5.63, -9.00, 0.000, 183.97, 0.00);
insert into SHOT values (1672, 1746, 1747, 2446, 11.140, 18.53, -6.00, 11.140, 18.53, -6.00, 0.000, 155.48, 0.00);
insert into SHOT values (1673, 1747, 1748, 2446, 9.000, 148.13, -9.00, 9.000, 148.13, -9.00, 0.000, 352.94, 0.00);
insert into SHOT values (1674, 1748, 1749, 2446, 10.500, 135.13, 6.00, 10.500, 135.13, 6.00, 0.000, 181.94, 0.00);
insert into SHOT values (1675, 1742, 1750, 2446, 6.000, 266.13, -22.00, 6.186, 258.99, -21.31, 0.733, 188.34, 0.01);
insert into SHOT values (1676, 1750, 1751, 2446, 26.260, 328.13, -8.00, 23.808, 320.62, -8.82, 4.079, 197.06, 0.04);
insert into SHOT values (1677, 1751, 1752, 2446, 12.400, 332.13, 15.30, 11.477, 327.52, 16.57, 1.332, 193.75, 0.03);
insert into SHOT values (1678, 1752, 1753, 2446, 6.450, 329.13, 10.50, 6.450, 329.13, 10.50, 0.000, 3.07, -0.00);
insert into SHOT values (1679, 1753, 1754, 2446, 3.180, 33.63, -21.00, 3.180, 33.63, -21.00, 0.000, 175.69, 0.00);
insert into SHOT values (1680, 1752, 1755, 2446, 5.850, 148.13, 49.00, 6.248, 160.60, 44.85, 1.073, 211.13, -0.44);
insert into SHOT values (1681, 1755, 1741, 2446, 1.840, 85.13, 8.00, 1.219, 98.19, 11.99, 0.713, 242.92, -0.22);
insert into SHOT values (1682, 1752, 1739, 2446, 13.680, 181.13, 34.00, 12.070, 165.92, 39.50, 3.394, 47.22, 0.47);
insert into SHOT values (1683, 1744, 1756, 2446, 1.120, 179.93, -30.20, 1.120, 179.93, -30.20, 0.000, 337.75, 0.00);
insert into SHOT values (1684, 1756, 1757, 2446, 1.080, 139.83, 5.40, 1.080, 139.83, 5.40, 0.000, 302.44, 0.00);
insert into CENTRELINE values (2447, 2431, NULL, NULL, NULL, 63.98, 0.00, 0.00);
 insert into SHOT values (1685, 1684, 1758, 2447, 4.310, 311.53, 16.60, 4.310, 311.53, 16.60, 0.000, 172.76, 0.00);
insert into SHOT values (1686, 1758, 1759, 2447, 17.600, 319.13, 6.40, 17.600, 319.13, 6.40, 0.000, 357.97, 0.00);
insert into SHOT values (1687, 1759, 1760, 2447, 5.300, 288.13, 19.70, 5.300, 288.13, 19.70, 0.000, 0.88, -0.00);
insert into SHOT values (1688, 1760, 1761, 2447, 1.600, 328.13, -18.10, 1.600, 328.13, -18.10, 0.000, 357.56, 0.00);
insert into SHOT values (1689, 1761, 1762, 2447, 5.700, 250.53, 27.30, 5.700, 250.53, 27.30, 0.000, 173.32, -0.00);
insert into SHOT values (1690, 1761, 1763, 2447, 4.460, 27.03, -26.10, 4.460, 27.03, -26.10, 0.000, 177.49, -0.00);
insert into SHOT values (1691, 1561, 1764, 2447, 1.080, 29.63, -15.40, 1.080, 29.63, -15.40, 0.000, 354.49, -0.00);
insert into SHOT values (1692, 1764, 1765, 2447, 7.330, 311.63, -48.60, 7.330, 311.63, -48.60, 0.000, 186.14, -0.00);
insert into SHOT values (1693, 1765, 1766, 2447, 4.000, 311.63, -90.00, 4.000, 90.00, -90.00, 0.000, 311.63, 0.00);
insert into SHOT values (1694, 1630, 1767, 2447, 12.600, 105.23, -3.60, 12.600, 105.23, -3.60, 0.000, 175.44, 0.00);
insert into CENTRELINE values (2448, 2431, NULL, NULL, NULL, 188.08, 0.00, 0.00);
 insert into SHOT values (1695, 1733, 1768, 2448, 9.130, 263.13, 44.90, 9.130, 263.13, 44.90, 0.000, 15.30, -0.00);
insert into SHOT values (1696, 1768, 1769, 2448, 8.020, 317.63, -1.30, 8.020, 317.63, -1.30, 0.000, 183.45, 0.00);
insert into SHOT values (1697, 1769, 1770, 2448, 12.260, 333.53, 27.70, 12.260, 333.53, 27.70, 0.000, 1.84, -0.00);
insert into SHOT values (1698, 1770, 1771, 2448, 9.730, 357.93, -24.70, 9.730, 357.93, -24.70, 0.000, 175.59, -0.00);
insert into SHOT values (1699, 1771, 1772, 2448, 10.470, 312.93, 22.50, 10.470, 312.93, 22.50, 0.000, 179.78, -0.00);
insert into SHOT values (1700, 1772, 1773, 2448, 15.000, 342.13, 0.00, 15.000, 342.13, 0.00, 0.000, 191.54, 0.00);
insert into SHOT values (1701, 1774, 1775, 2448, 13.380, 139.83, 27.70, 13.380, 139.83, 27.70, 0.000, 176.12, 0.00);
insert into SHOT values (1702, 1774, 1776, 2448, 5.970, 274.83, 39.30, 5.970, 274.83, 39.30, 0.000, 210.53, -0.00);
insert into SHOT values (1703, 1776, 1777, 2448, 16.180, 292.33, 7.40, 16.180, 292.33, 7.40, 0.000, 2.98, 0.00);
insert into SHOT values (1704, 1777, 1778, 2448, 14.820, 291.43, -0.80, 14.820, 291.43, -0.80, 0.000, 124.15, 0.00);
insert into SHOT values (1705, 1778, 1779, 2448, 6.520, 270.33, 29.10, 6.520, 270.33, 29.10, 0.000, 314.06, -0.00);
insert into SHOT values (1706, 1779, 1780, 2448, 6.330, 345.23, -15.50, 6.330, 345.23, -15.50, 0.000, 179.66, 0.00);
insert into SHOT values (1707, 1780, 1781, 2448, 3.370, 59.93, 22.30, 3.370, 59.93, 22.30, 0.000, 172.92, -0.00);
insert into SHOT values (1708, 1781, 1782, 2448, 8.050, 325.63, -2.50, 8.050, 325.63, -2.50, 0.000, 10.60, 0.00);
insert into SHOT values (1709, 1782, 1783, 2448, 7.500, 310.43, 4.70, 7.500, 310.43, 4.70, 0.000, 224.92, -0.00);
insert into SHOT values (1710, 1778, 1784, 2448, 13.130, 161.03, -19.70, 13.130, 161.03, -19.70, 0.000, 181.21, -0.00);
insert into SHOT values (1711, 1784, 1785, 2448, 8.990, 145.13, -7.60, 8.990, 145.13, -7.60, 0.000, 332.13, -0.00);
insert into SHOT values (1712, 1785, 1754, 2448, 19.230, 159.53, 19.90, 19.230, 159.53, 19.90, 0.000, 178.30, 0.00);
insert into CENTRELINE values (2449, 2431, NULL, NULL, NULL, 68.12, 0.00, 0.00);
 insert into SHOT values (1713, 1786, 1787, 2449, 3.070, 221.33, -75.20, 3.070, 221.33, -75.20, 0.000, 1.49, 0.00);
insert into SHOT values (1714, 1787, 1788, 2449, 21.400, 20.03, -83.50, 21.400, 20.03, -83.50, 0.000, 177.40, 0.00);
insert into SHOT values (1715, 1788, 1789, 2449, 7.130, 31.13, -57.90, 7.130, 31.13, -57.90, 0.000, 178.71, -0.00);
insert into SHOT values (1716, 1789, 1790, 2449, 5.330, 299.13, 10.50, 5.330, 299.13, 10.50, 0.000, 254.64, -0.00);
insert into SHOT values (1717, 1790, 1791, 2449, 9.050, 249.83, -0.60, 9.050, 249.83, -0.60, 0.000, 175.07, -0.00);
insert into SHOT values (1718, 1786, 1792, 2449, 9.390, 29.13, 46.30, 9.390, 29.13, 46.30, 0.000, 177.76, 0.00);
insert into SHOT values (1719, 1792, 1720, 2449, 12.750, 110.03, 45.10, 12.750, 110.03, 45.10, 0.000, 186.68, 0.00);
insert into CENTRELINE values (2450, 2431, NULL, '2020-02-25', NULL, 202.86, 0.00, 0.00);
 insert into SHOT values (1720, 1793, 1794, 2450, 10.380, 304.59, 29.00, 10.380, 304.59, 29.00, 0.000, 2.81, 0.00);
insert into SHOT values (1721, 1794, 1795, 2450, 16.180, 294.59, 33.00, 16.180, 294.59, 33.00, 0.000, 0.26, 0.00);
insert into SHOT values (1722, 1795, 1796, 2450, 16.120, 279.59, 44.00, 16.120, 279.59, 44.00, 0.000, 3.92, 0.00);
insert into SHOT values (1723, 1796, 1797, 2450, 11.610, 269.59, 37.00, 11.610, 269.59, 37.00, 0.000, 174.23, 0.00);
insert into SHOT values (1724, 1797, 1798, 2450, 10.380, 259.59, 7.00, 10.380, 259.59, 7.00, 0.000, 180.07, 0.00);
insert into SHOT values (1725, 1798, 1799, 2450, 28.490, 269.59, 31.00, 28.490, 269.59, 31.00, 0.000, 183.46, 0.00);
insert into SHOT values (1726, 1799, 1800, 2450, 6.140, 226.59, -15.00, 6.140, 226.59, -15.00, 0.000, 182.19, -0.00);
insert into SHOT values (1727, 1800, 1801, 2450, 19.080, 274.59, 32.00, 19.080, 274.59, 32.00, 0.000, 21.21, 0.00);
insert into SHOT values (1728, 1801, 1802, 2450, 7.560, 299.59, 40.00, 7.560, 299.59, 40.00, 0.000, 354.59, -0.00);
insert into SHOT values (1729, 1802, 1803, 2450, 11.310, 324.59, 7.00, 11.310, 324.59, 7.00, 0.000, 2.25, 0.00);
insert into SHOT values (1730, 1803, 1804, 2450, 8.930, 285.59, 5.00, 8.930, 285.59, 5.00, 0.000, 184.10, 0.00);
insert into SHOT values (1731, 1804, 1805, 2450, 17.890, 298.59, 38.00, 17.890, 298.59, 38.00, 0.000, 180.52, 0.00);
insert into SHOT values (1732, 1805, 1806, 2450, 17.200, 329.59, -10.00, 17.200, 329.59, -10.00, 0.000, 179.29, -0.00);
insert into SHOT values (1733, 1806, 1807, 2450, 12.410, 271.59, 30.00, 12.410, 271.59, 30.00, 0.000, 353.84, 0.00);
insert into SHOT values (1734, 1807, 1808, 2450, 9.180, 313.59, -3.00, 9.180, 313.59, -3.00, 0.000, 353.96, -0.00);
insert into CENTRELINE values (2451, 2431, NULL, '2020-02-19', NULL, 41.72, 0.00, 0.00);
 insert into SHOT values (1735, 1798, 1809, 2451, 14.260, 119.60, -47.00, 14.260, 119.60, -47.00, 0.000, 0.93, 0.00);
insert into SHOT values (1736, 1809, 1810, 2451, 21.750, 249.60, -41.00, 21.750, 249.60, -41.00, 0.000, 359.30, 0.00);
insert into SHOT values (1737, 1810, 1748, 2451, 5.710, 244.60, -29.00, 5.710, 244.60, -29.00, 0.000, 3.66, 0.00);
insert into SURVEY values (2453, 2425, 'QuatreEntreesPlusUne', 'QuatreEntreesPlusUne.109.UltimaPatagonia', 'Grotte des Quatre Entrees Plus Une');
 insert into CENTRELINE values (2454, 2453, NULL, NULL, NULL, 0.00, 0.00, 0.00);
 insert into SCRAPS values (2455, 2453, 'QuatreEntreesPlusUne-2p', 1, 0.00027, 0.00000);
 insert into SCRAPS values (2467, 2453, 'DELETE-ME-survey-legs-QuatreEntreesPlusUne-p', 1, 0.00000, 0.00000);
 insert into SCRAPS values (2491, 2453, 'QuatreEntreesPlusUne-1p', 1, 0.40863, 0.02044);
 insert into SCRAPS values (2643, 2453, 'QuatreEntreesPlusUne-3p', 1, 0.39422, 0.04928);
 insert into MAPS values (2699, 2453, 'm-all-p', NULL, 1, 341.200, -71.615);
 insert into MAPITEMS values (2699, 4, 2491);
 insert into MAPITEMS values (2699, 4, 2455);
 insert into MAPITEMS values (2699, 4, 2643);
 insert into CENTRELINE values (2700, 2453, NULL, NULL, NULL, 341.20, 0.00, 0.00);
 insert into SHOT values (1738, 1811, 1812, 2700, 14.000, 278.13, -8.00, 14.000, 278.13, -8.00, 0.000, 176.52, -0.00);
insert into SHOT values (1739, 1812, 1813, 2700, 20.400, 303.13, -28.00, 20.400, 303.13, -28.00, 0.000, 359.82, 0.00);
insert into SHOT values (1740, 1813, 1814, 2700, 10.000, 303.13, 90.00, 10.000, 90.00, 90.00, 0.000, 303.13, 0.00);
insert into SHOT values (1741, 1814, 1815, 2700, 9.700, 270.13, 25.00, 9.700, 270.13, 25.00, 0.000, 171.67, 0.00);
insert into SHOT values (1742, 1816, 1817, 2700, 10.100, 331.13, -12.00, 10.100, 331.13, -12.00, 0.000, 179.58, 0.00);
insert into SHOT values (1743, 1817, 1818, 2700, 14.000, 327.13, -17.00, 14.000, 327.13, -17.00, 0.000, 349.13, 0.00);
insert into SHOT values (1744, 1818, 1814, 2700, 6.600, 352.13, -41.00, 6.600, 352.13, -41.00, 0.000, 175.90, -0.00);
insert into SHOT values (1745, 1815, 1819, 2700, 12.400, 256.13, 15.00, 12.400, 256.13, 15.00, 0.000, 184.43, 0.00);
insert into SHOT values (1746, 1819, 1820, 2700, 11.200, 300.13, 67.00, 11.200, 300.13, 67.00, 0.000, 178.75, 0.00);
insert into SHOT values (1747, 1820, 1821, 2700, 8.700, 163.13, 57.00, 8.700, 163.13, 57.00, 0.000, 177.33, 0.00);
insert into SHOT values (1748, 1821, 1822, 2700, 10.900, 171.13, 25.00, 10.900, 171.13, 25.00, 0.000, 4.00, -0.00);
insert into SHOT values (1749, 1822, 1823, 2700, 16.200, 159.13, 41.00, 16.200, 159.13, 41.00, 0.000, 358.86, 0.00);
insert into SHOT values (1750, 1823, 1824, 2700, 13.300, 159.13, 5.00, 13.300, 159.13, 5.00, 0.000, 9.50, 0.00);
insert into SHOT values (1751, 1825, 1826, 2700, 13.700, 1.13, -18.00, 13.700, 1.13, -18.00, 0.000, 2.40, 0.00);
insert into SHOT values (1752, 1826, 1827, 2700, 17.000, 21.13, -11.00, 17.000, 21.13, -11.00, 0.000, 359.28, 0.00);
insert into SHOT values (1753, 1826, 1828, 2700, 4.600, 21.13, 90.00, 4.600, 90.00, 90.00, 0.000, 21.13, 6.31);
insert into SHOT values (1754, 1828, 1829, 2700, 11.800, 68.13, 45.00, 11.800, 68.13, 45.00, 0.000, 358.76, 0.00);
insert into SHOT values (1755, 1829, 1816, 2700, 2.900, 286.13, -7.00, 2.900, 286.13, -7.00, 0.000, 1.60, 0.00);
insert into SHOT values (1756, 1811, 1830, 2700, 9.700, 16.13, 16.00, 9.700, 16.13, 16.00, 0.000, 16.41, 0.00);
insert into SHOT values (1757, 1830, 1831, 2700, 8.900, 18.13, 19.00, 8.900, 18.13, 19.00, 0.000, 185.95, -0.00);
insert into SHOT values (1758, 1831, 1832, 2700, 1.600, 4.13, -27.00, 1.600, 4.13, -27.00, 0.000, 261.57, 0.01);
insert into SHOT values (1759, 1832, 1833, 2700, 6.100, 102.13, 6.00, 6.100, 102.13, 6.00, 0.000, 9.91, 0.00);
insert into SHOT values (1760, 1833, 1834, 2700, 5.000, 111.13, -40.00, 5.000, 111.13, -40.00, 0.000, 180.78, 0.00);
insert into SHOT values (1761, 1834, 1835, 2700, 34.100, 111.13, -90.00, 34.100, 90.00, -90.00, 0.000, 111.13, 0.00);
insert into SHOT values (1762, 1835, 1836, 2700, 11.400, 203.13, 17.00, 11.400, 203.13, 17.00, 0.000, 225.28, -0.00);
insert into SHOT values (1763, 1836, 1837, 2700, 8.300, 152.13, 36.00, 8.300, 152.13, 36.00, 0.000, 181.57, -0.00);
insert into SHOT values (1764, 1837, 1838, 2700, 22.600, 152.13, 90.00, 22.600, 90.00, 90.00, 0.000, 152.13, 0.00);
insert into SHOT values (1765, 1837, 1839, 2700, 15.500, 173.13, 23.00, 15.500, 173.13, 23.00, 0.000, 268.68, -0.14);
insert into SHOT values (1766, 1838, 1840, 2700, 10.500, 256.13, -13.00, 10.500, 256.13, -13.00, 0.000, 3.27, -0.00);
insert into SURVEY values (2702, 2425, 'CuevaCaliza', 'CuevaCaliza.109.UltimaPatagonia', 'Cueva Caliza');
 insert into CENTRELINE values (2703, 2702, NULL, NULL, NULL, 0.00, 0.00, 0.00);
 insert into CENTRELINE values (2704, 2702, NULL, '2017-02-01', NULL, 217.96, 0.00, 0.00);
 insert into SHOT values (1767, 1841, 1842, 2704, 2.700, 53.86, -14.00, 2.700, 53.86, -14.00, 0.000, 175.86, 0.00);
insert into SHOT values (1768, 1842, 1843, 2704, 12.480, 336.86, -82.00, 12.480, 336.86, -82.00, 0.000, 1.33, 0.01);
insert into SHOT values (1769, 1843, 1844, 2704, 5.450, 344.86, -51.00, 5.450, 344.86, -51.00, 0.000, 179.83, -0.00);
insert into SHOT values (1770, 1844, 1845, 2704, 6.800, 314.86, -67.00, 6.800, 314.86, -67.00, 0.000, 169.23, -0.00);
insert into SHOT values (1771, 1845, 1846, 2704, 3.720, 218.86, -56.00, 3.720, 218.86, -56.00, 0.000, 357.65, -0.00);
insert into SHOT values (1772, 1846, 1847, 2704, 14.890, 123.86, -56.00, 14.890, 123.86, -56.00, 0.000, 339.85, 0.01);
insert into SHOT values (1773, 1847, 1848, 2704, 5.600, 327.86, -51.00, 5.600, 327.86, -51.00, 0.000, 2.36, -0.01);
insert into SHOT values (1774, 1848, 1849, 2704, 3.540, 313.86, -44.00, 3.540, 313.86, -44.00, 0.000, 179.93, 0.00);
insert into SHOT values (1775, 1849, 1850, 2704, 24.500, 14.86, -90.00, 24.500, 90.00, -90.00, 0.000, 14.86, 0.00);
insert into SHOT values (1776, 1850, 1851, 2704, 8.220, 321.86, -25.00, 8.220, 321.86, -25.00, 0.000, 11.44, 0.00);
insert into SHOT values (1777, 1851, 1852, 2704, 7.400, 14.86, -90.00, 7.400, 90.00, -90.00, 0.000, 14.86, 41.79);
insert into SHOT values (1778, 1852, 1853, 2704, 2.400, 288.86, -9.00, 2.400, 288.86, -9.00, 0.000, 185.87, 0.01);
insert into SHOT values (1779, 1854, 1853, 2704, 5.320, 130.86, 41.00, 5.320, 130.86, 41.00, 0.000, 192.14, -0.00);
insert into SHOT values (1780, 1852, 1855, 2704, 7.900, 192.86, -72.00, 7.900, 192.86, -72.00, 0.000, 1.40, 0.01);
insert into SHOT values (1781, 1855, 1856, 2704, 2.200, 14.86, -90.00, 2.200, 90.00, -90.00, 0.000, 14.86, 56.37);
insert into SHOT values (1782, 1850, 1857, 2704, 6.740, 359.86, -33.00, 6.740, 359.86, -33.00, 0.000, 358.16, -0.00);
insert into SHOT values (1783, 1857, 1858, 2704, 5.220, 64.86, -79.00, 5.220, 64.86, -79.00, 0.000, 357.02, -0.00);
insert into SHOT values (1784, 1858, 1859, 2704, 5.930, 300.86, -52.00, 5.930, 300.86, -52.00, 0.000, 1.44, 0.00);
insert into SHOT values (1785, 1859, 1860, 2704, 4.880, 154.86, -79.00, 4.880, 154.86, -79.00, 0.000, 179.63, -0.00);
insert into SHOT values (1786, 1860, 1861, 2704, 2.710, 167.86, -1.00, 2.710, 167.86, -1.00, 0.000, 12.09, -0.00);
insert into SHOT values (1787, 1861, 1862, 2704, 12.430, 122.86, -79.00, 12.430, 122.86, -79.00, 0.000, 3.04, -0.00);
insert into SHOT values (1788, 1862, 1863, 2704, 13.730, 283.86, -78.00, 13.730, 283.86, -78.00, 0.000, 16.81, -0.01);
insert into SHOT values (1789, 1861, 1864, 2704, 2.940, 136.86, -17.00, 2.940, 136.86, -17.00, 0.000, 9.61, 0.00);
insert into SHOT values (1790, 1864, 1865, 2704, 4.490, 137.86, -46.00, 4.490, 137.86, -46.00, 0.000, 357.29, -0.00);
insert into SHOT values (1791, 1865, 1866, 2704, 1.710, 118.86, -46.00, 1.710, 118.86, -46.00, 0.000, 190.77, 0.01);
insert into SHOT values (1792, 1866, 1867, 2704, 3.980, 197.86, -69.00, 3.980, 197.86, -69.00, 0.000, 354.97, -0.00);
insert into SHOT values (1793, 1867, 1868, 2704, 4.110, 13.86, -71.00, 4.110, 13.86, -71.00, 0.000, 358.71, 0.00);
insert into SHOT values (1794, 1868, 1869, 2704, 4.020, 22.86, -58.00, 4.020, 22.86, -58.00, 0.000, 179.96, -0.00);
insert into SHOT values (1795, 1869, 1870, 2704, 3.450, 67.86, -58.00, 3.450, 67.86, -58.00, 0.000, 191.96, 0.02);
insert into SHOT values (1796, 1870, 1871, 2704, 5.800, 341.86, -73.00, 5.800, 341.86, -73.00, 0.000, 186.58, 0.00);
insert into SHOT values (1797, 1871, 1872, 2704, 2.620, 316.86, -52.00, 2.620, 316.86, -52.00, 0.000, 357.40, -0.00);
insert into SHOT values (1798, 1872, 1873, 2704, 6.930, 300.86, -81.00, 6.930, 300.86, -81.00, 0.000, 1.58, -0.00);
insert into SHOT values (1799, 1873, 1874, 2704, 5.050, 82.86, -79.00, 5.050, 82.86, -79.00, 0.000, 355.05, -0.00);
insert into SHOT values (1800, 1874, 1875, 2704, 5.040, 134.86, -73.00, 5.040, 134.86, -73.00, 0.000, 177.52, -0.00);
insert into SHOT values (1801, 1875, 1876, 2704, 3.060, 176.86, -21.00, 3.060, 176.86, -21.00, 0.000, 175.07, -0.00);
insert into SURVEY values (2706, 2425, 'GouffreHalal', 'GouffreHalal.109.UltimaPatagonia', 'Gouffre HALAL');
 insert into CENTRELINE values (2707, 2706, NULL, NULL, NULL, 0.00, 0.00, 0.00);
 insert into CENTRELINE values (2708, 2706, NULL, '2019-02-01', NULL, 128.28, 0.00, 0.00);
 insert into SHOT values (1802, 1877, 1878, 2708, 3.500, 159.69, -70.00, 3.500, 159.69, -70.00, 0.000, 357.60, 0.00);
insert into SHOT values (1803, 1878, 1879, 2708, 6.200, 112.19, -72.50, 6.200, 112.19, -72.50, 0.000, 178.12, -0.00);
insert into SHOT values (1804, 1879, 1880, 2708, 19.300, 239.69, -84.50, 19.300, 239.69, -84.50, 0.000, 358.02, -0.00);
insert into SHOT values (1805, 1880, 1881, 2708, 9.600, 282.39, -38.70, 9.600, 282.39, -38.70, 0.000, 186.89, -0.00);
insert into SHOT values (1806, 1881, 1882, 2708, 4.800, 95.69, -60.00, 4.800, 95.69, -60.00, 0.000, 181.70, 0.09);
insert into SHOT values (1807, 1882, 1883, 2708, 6.700, 183.69, -48.30, 6.700, 183.69, -48.30, 0.000, 353.78, -0.00);
insert into SHOT values (1808, 1883, 1884, 2708, 4.500, 120.69, -54.00, 4.500, 120.69, -54.00, 0.000, 190.03, -0.01);
insert into SHOT values (1809, 1884, 1885, 2708, 3.700, 262.39, -28.80, 3.700, 262.39, -28.80, 0.000, 354.45, -0.00);
insert into SHOT values (1810, 1885, 1886, 2708, 3.800, 273.69, -38.60, 3.800, 273.69, -38.60, 0.000, 214.28, -0.03);
insert into SHOT values (1811, 1886, 1887, 2708, 6.600, 197.19, -67.50, 6.600, 197.19, -67.50, 0.000, 3.49, -0.00);
insert into SHOT values (1812, 1887, 1888, 2708, 5.700, 88.69, -77.00, 5.700, 88.69, -77.00, 0.000, 180.31, -0.01);
insert into SHOT values (1813, 1888, 1889, 2708, 16.000, 84.19, -81.00, 16.000, 84.19, -81.00, 0.000, 11.12, 0.00);
insert into SHOT values (1814, 1889, 1890, 2708, 15.000, 119.19, -85.00, 15.000, 119.19, -85.00, 0.000, 358.29, 0.00);
insert into SHOT values (1815, 1890, 1891, 2708, 22.880, 0.49, -34.50, 22.880, 0.49, -34.50, 0.000, 169.28, -0.01);
insert into SURVEY values (2710, 2425, 'Gouffralail', 'Gouffralail.109.UltimaPatagonia', 'Gouffre a l''Ai_l');
 insert into CENTRELINE values (2711, 2710, NULL, NULL, NULL, 0.00, 0.00, 0.00);
 insert into CENTRELINE values (2712, 2710, NULL, '2019-02-01', NULL, 71.32, 0.00, 0.00);
 insert into SHOT values (1816, 1892, 1893, 2712, 9.910, 297.69, -21.40, 9.910, 297.69, -21.40, 0.000, 156.66, -0.02);
insert into SHOT values (1817, 1892, 1894, 2712, 22.840, 286.69, 70.50, 22.840, 286.69, 70.50, 0.000, 216.93, 0.01);
insert into SHOT values (1818, 1894, 1895, 2712, 6.000, 308.69, 64.00, 6.000, 308.69, 64.00, 0.000, 179.82, -0.02);
insert into SHOT values (1819, 1895, 1896, 2712, 6.950, 300.69, 29.30, 6.950, 300.69, 29.30, 0.000, 2.44, -0.00);
insert into SHOT values (1820, 1896, 1897, 2712, 2.350, 304.69, 17.80, 2.350, 304.69, 17.80, 0.000, 232.10, -0.07);
insert into SHOT values (1821, 1897, 1898, 2712, 4.040, 301.69, 24.60, 4.040, 301.69, 24.60, 0.000, 183.18, 0.00);
insert into SHOT values (1822, 1898, 1899, 2712, 3.180, 308.69, 35.30, 3.180, 308.69, 35.30, 0.000, 202.33, 0.01);
insert into SHOT values (1823, 1899, 1900, 2712, 2.340, 296.69, 28.10, 2.340, 296.69, 28.10, 0.000, 214.05, 0.02);
insert into SHOT values (1824, 1900, 1901, 2712, 4.440, 319.69, 3.20, 4.440, 319.69, 3.20, 0.000, 178.98, 0.01);
insert into SHOT values (1825, 1901, 1902, 2712, 3.560, 286.69, 27.90, 3.560, 286.69, 27.90, 0.000, 182.22, 0.00);
insert into SHOT values (1826, 1902, 1903, 2712, 5.710, 247.69, 66.00, 5.710, 247.69, 66.00, 0.000, 182.04, 0.01);
insert into SURVEY values (2714, 2425, 'GrandeTraversee', 'GrandeTraversee.109.UltimaPatagonia', 'La grande Traversee');
 insert into CENTRELINE values (2715, 2714, NULL, NULL, NULL, 0.00, 0.00, 0.00);
 insert into CENTRELINE values (2716, 2714, NULL, '2019-02-01', NULL, 86.40, 0.00, 0.00);
 insert into SHOT values (1827, 1904, 1905, 2716, 10.900, 325.69, -19.00, 10.900, 325.69, -19.00, 0.000, 359.43, -0.01);
insert into SHOT values (1828, 1905, 1906, 2716, 7.100, 43.69, 11.00, 7.100, 43.69, 11.00, 0.000, 176.59, -0.00);
insert into SHOT values (1829, 1906, 1907, 2716, 5.500, 28.19, 12.00, 5.500, 28.19, 12.00, 0.000, 4.26, -0.01);
insert into SHOT values (1830, 1907, 1908, 2716, 10.300, 13.69, 11.70, 10.300, 13.69, 11.70, 0.000, 180.07, 0.00);
insert into SHOT values (1831, 1908, 1909, 2716, 14.200, 36.39, -15.50, 14.200, 36.39, -15.50, 0.000, 182.32, -0.00);
insert into SHOT values (1832, 1909, 1910, 2716, 13.400, 14.69, 90.00, 13.400, 90.00, 90.00, 0.000, 14.69, -26.27);
insert into SHOT values (1833, 1909, 1911, 2716, 7.800, 93.69, 31.00, 7.800, 93.69, 31.00, 0.000, 352.56, -0.01);
insert into SHOT values (1834, 1911, 1912, 2716, 8.700, 19.69, -3.00, 8.700, 19.69, -3.00, 0.000, 358.53, 0.00);
insert into SHOT values (1835, 1912, 1913, 2716, 8.500, 81.69, 32.00, 8.500, 81.69, 32.00, 0.000, 199.34, -0.00);
insert into SURVEY values (2718, 2425, 'Gauges', 'Gauges.109.UltimaPatagonia', 'Gouffre des Gauges');
 insert into CENTRELINE values (2719, 2718, NULL, NULL, NULL, 0.00, 0.00, 0.00);
 insert into CENTRELINE values (2720, 2718, NULL, '2019-02-01', NULL, 102.39, 0.00, 0.00);
 insert into SHOT values (1836, 1914, 1915, 2720, 5.860, 29.49, -40.90, 5.860, 29.49, -40.90, 0.000, 182.57, 0.01);
insert into SHOT values (1837, 1915, 1916, 2720, 11.060, 18.69, -69.60, 11.060, 18.69, -69.60, 0.000, 172.82, 0.01);
insert into SHOT values (1838, 1916, 1917, 2720, 8.070, 340.89, -69.90, 8.070, 340.89, -69.90, 0.000, 359.12, 0.00);
insert into SHOT values (1839, 1917, 1918, 2720, 5.710, 289.29, -75.80, 5.710, 289.29, -75.80, 0.000, 1.50, 0.00);
insert into SHOT values (1840, 1918, 1919, 2720, 7.070, 295.49, -72.60, 7.070, 295.49, -72.60, 0.000, 27.18, 0.00);
insert into SHOT values (1841, 1919, 1920, 2720, 9.860, 53.69, -71.90, 9.860, 53.69, -71.90, 0.000, 179.91, 0.00);
insert into SHOT values (1842, 1920, 1921, 2720, 10.370, 51.49, -73.40, 10.370, 51.49, -73.40, 0.000, 182.92, 0.00);
insert into SHOT values (1843, 1921, 1922, 2720, 18.940, 15.09, -78.40, 18.940, 15.09, -78.40, 0.000, 8.56, -0.00);
insert into SHOT values (1844, 1922, 1923, 2720, 5.430, 296.39, -56.90, 5.430, 296.39, -56.90, 0.000, 357.08, 0.00);
insert into SHOT values (1845, 1923, 1924, 2720, 11.910, 340.89, -45.40, 11.910, 340.89, -45.40, 0.000, 3.05, 0.00);
insert into SHOT values (1846, 1924, 1925, 2720, 8.110, 328.69, -31.80, 8.110, 328.69, -31.80, 0.000, 17.95, 0.00);
insert into SURVEY values (2722, 2425, 'Pissotiere', 'Pissotiere.109.UltimaPatagonia', 'Gouffre de la Pissotie_re');
 insert into CENTRELINE values (2723, 2722, NULL, NULL, NULL, 0.00, 0.00, 0.00);
 insert into CENTRELINE values (2724, 2722, NULL, '2019-02-12', NULL, 38.77, 0.00, 0.00);
 insert into SHOT values (1847, 1926, 1927, 2724, 6.000, 14.69, -90.00, 6.000, 90.00, -90.00, 0.000, 14.69, 0.00);
insert into SHOT values (1848, 1927, 1928, 2724, 11.000, 317.69, -38.00, 11.000, 317.69, -38.00, 0.000, 359.63, -0.00);
insert into SHOT values (1849, 1928, 1929, 2724, 2.200, 314.69, -40.00, 2.200, 314.69, -40.00, 0.000, 180.58, 0.01);
insert into SHOT values (1850, 1929, 1930, 2724, 9.170, 308.69, -45.00, 9.170, 308.69, -45.00, 0.000, 117.66, -0.04);
insert into SHOT values (1851, 1930, 1931, 2724, 10.400, 131.69, -16.00, 10.400, 131.69, -16.00, 0.000, 15.34, -0.04);
insert into SURVEY values (2726, 2425, 'PetiteChinoise', 'PetiteChinoise.109.UltimaPatagonia', 'Exsurgence de la Petite Chinoise');
 insert into CENTRELINE values (2727, 2726, NULL, NULL, NULL, 0.00, 0.00, 0.00);
 insert into CENTRELINE values (2728, 2726, NULL, '2019-02-01', NULL, 100.00, 0.00, 0.00);
 insert into SHOT values (1852, 1932, 1933, 2728, 25.000, 194.69, 0.00, 25.000, 194.69, 0.00, 0.000, 181.79, 0.00);
insert into SHOT values (1853, 1933, 1934, 2728, 11.000, 184.69, 39.52, 11.000, 184.69, 39.52, 0.000, 348.48, 0.00);
insert into SHOT values (1854, 1934, 1935, 2728, 20.000, 194.69, 5.74, 20.000, 194.69, 5.74, 0.000, 192.32, 0.00);
insert into SHOT values (1855, 1935, 1936, 2728, 18.000, 144.69, 19.47, 18.000, 144.69, 19.47, 0.000, 0.89, 0.00);
insert into SHOT values (1856, 1936, 1937, 2728, 13.000, 164.69, 90.00, 13.000, 90.00, 90.00, 0.000, 344.69, 0.00);
insert into SHOT values (1857, 1937, 1938, 2728, 2.500, 164.69, 0.00, 2.500, 164.69, 0.00, 0.000, 178.71, 0.00);
insert into SHOT values (1858, 1938, 1939, 2728, 10.500, 194.69, 28.44, 10.500, 194.69, 28.44, 0.000, 179.94, 0.00);
insert into CENTRELINE values (2729, 2726, NULL, '2019-02-01', NULL, 103.50, 0.00, 0.00);
 insert into SHOT values (1859, 1939, 1940, 2729, 13.500, 164.69, 24.51, 13.500, 164.69, 24.51, 0.000, 178.63, 0.00);
insert into SHOT values (1860, 1940, 1941, 2729, 8.000, 144.69, 17.46, 8.000, 144.69, 17.46, 0.000, 185.26, 0.00);
insert into SHOT values (1861, 1941, 1942, 2729, 4.000, 134.69, 30.00, 4.000, 134.69, 30.00, 0.000, 350.09, 0.00);
insert into SHOT values (1862, 1942, 1943, 2729, 18.000, 174.69, 22.89, 18.000, 174.69, 22.89, 0.000, 354.28, 0.00);
insert into SHOT values (1863, 1943, 1944, 2729, 14.000, 164.69, 12.37, 14.000, 164.69, 12.37, 0.000, 353.72, 0.00);
insert into SHOT values (1864, 1944, 1945, 2729, 15.000, 174.69, 3.82, 15.000, 174.69, 3.82, 0.000, 355.00, 0.00);
insert into SHOT values (1865, 1945, 1946, 2729, 14.000, 174.69, 12.37, 14.000, 174.69, 12.37, 0.000, 8.36, 0.00);
insert into SHOT values (1866, 1946, 1947, 2729, 2.000, 194.69, 11.54, 2.000, 194.69, 11.54, 0.000, 4.16, 0.00);
insert into SHOT values (1867, 1947, 1948, 2729, 11.000, 164.69, 15.83, 11.000, 164.69, 15.83, 0.000, 181.12, 0.00);
insert into SHOT values (1868, 1948, 1949, 2729, 4.000, 164.69, 2.87, 4.000, 164.69, 2.87, 0.000, 179.56, 0.00);
insert into CENTRELINE values (2730, 2726, NULL, '2019-02-01', NULL, 81.00, 0.00, 0.00);
 insert into SHOT values (1869, 1949, 1950, 2730, 8.000, 154.69, 18.21, 8.000, 154.69, 18.21, 0.000, 180.48, 0.00);
insert into SHOT values (1870, 1950, 1951, 2730, 10.500, 184.69, 2.18, 10.500, 184.69, 2.18, 0.000, 191.42, 0.00);
insert into SHOT values (1871, 1951, 1952, 2730, 18.500, 189.69, -0.93, 18.500, 189.69, -0.93, 0.000, 357.81, 0.00);
insert into SHOT values (1872, 1952, 1953, 2730, 29.000, 194.69, 0.00, 29.000, 194.69, 0.00, 0.000, 178.50, 0.00);
insert into SHOT values (1873, 1953, 1954, 2730, 4.000, 214.69, -2.87, 4.000, 214.69, -2.87, 0.000, 357.52, 0.00);
insert into SHOT values (1874, 1954, 1955, 2730, 11.000, 194.69, 0.00, 11.000, 194.69, 0.00, 0.000, 6.88, 0.00);
insert into CENTRELINE values (2731, 2726, NULL, '2019-02-01', NULL, 33.50, 0.00, 0.00);
 insert into SHOT values (1875, 1955, 1956, 2731, 12.500, 194.69, -17.22, 12.500, 194.69, -17.22, 0.000, 186.17, 0.00);
insert into SHOT values (1876, 1956, 1957, 2731, 15.000, 214.69, 1.53, 15.000, 214.69, 1.53, 0.000, 176.15, 0.00);
insert into SHOT values (1877, 1957, 1958, 2731, 6.000, 164.69, 33.37, 6.000, 164.69, 33.37, 0.000, 0.50, 0.00);
insert into CENTRELINE values (2733, 2425, NULL, NULL, NULL, 0.00, 0.00, 0.00);
 insert into SURVEY values (2735, 22, '201', '201.UltimaPatagonia', '201 Grande Barriere');
 insert into CENTRELINE values (2736, 2735, NULL, NULL, NULL, 0.00, 0.00, 0.00);
 insert into SURVEY values (2737, 2735, 'Ayayemal', 'Ayayemal.201.UltimaPatagonia', 'Ayayemal');
 insert into CENTRELINE values (2738, 2737, NULL, NULL, NULL, 0.00, 0.00, 0.00);
 insert into CENTRELINE values (2739, 2737, NULL, '2017-01-30', NULL, 53.75, 0.00, 0.00);
 insert into PERSON values (8, NULL, 'Joel');
insert into TOPO values (8, 2739);
 insert into PERSON values (9, NULL, 'Lionel');
insert into TOPO values (9, 2739);
 insert into SHOT values (1878, 1978, 1979, 2739, 3.680, 230.86, 59.70, 3.680, 230.86, 59.70, 0.000, 359.99, 0.01);
insert into SHOT values (1879, 1979, 1980, 2739, 4.880, 203.66, 60.60, 4.880, 203.66, 60.60, 0.000, 176.11, 0.00);
insert into SHOT values (1880, 1980, 1981, 2739, 6.360, 184.86, 60.00, 6.360, 184.86, 60.00, 0.000, 354.76, -0.00);
insert into SHOT values (1881, 1981, 1982, 2739, 9.400, 235.26, 88.40, 9.400, 235.26, 88.40, 0.000, 355.29, 0.00);
insert into SHOT values (1882, 1982, 1983, 2739, 4.360, 198.86, 52.90, 4.360, 198.86, 52.90, 0.000, 178.13, -0.00);
insert into SHOT values (1883, 1983, 1984, 2739, 9.400, 126.36, 78.10, 9.400, 126.36, 78.10, 0.000, 355.96, 0.00);
insert into SHOT values (1884, 1984, 1985, 2739, 9.650, 146.46, 45.50, 9.650, 146.46, 45.50, 0.000, 180.63, -0.00);
insert into SHOT values (1885, 1985, 1986, 2739, 6.020, 171.56, 30.05, 6.020, 171.56, 30.05, 0.000, 177.75, -0.00);
insert into SURVEY values (2741, 2735, 'Ayayebo', 'Ayayebo.201.UltimaPatagonia', 'Ayayebo');
 insert into CENTRELINE values (2742, 2741, NULL, NULL, NULL, 0.00, 0.00, 0.00);
 insert into CENTRELINE values (2743, 2741, NULL, '2017-01-30', NULL, 93.27, 0.00, 0.00);
 insert into TOPO values (8, 2743);
 insert into TOPO values (9, 2743);
 insert into SHOT values (1886, 1987, 1988, 2743, 8.870, 321.26, -9.80, 8.870, 321.26, -9.80, 0.000, 176.66, 0.00);
insert into SHOT values (1887, 1988, 1989, 2743, 4.870, 112.16, -43.50, 4.870, 112.16, -43.50, 0.000, 184.54, 0.00);
insert into SHOT values (1888, 1989, 1990, 2743, 24.930, 95.56, -78.30, 24.930, 95.56, -78.30, 0.000, 175.65, -0.00);
insert into SHOT values (1889, 1990, 1991, 2743, 3.210, 293.16, -15.20, 3.210, 293.16, -15.20, 0.000, 179.74, -0.01);
insert into SHOT values (1890, 1991, 1992, 2743, 3.190, 349.76, -44.10, 3.190, 349.76, -44.10, 0.000, 178.24, 0.01);
insert into SHOT values (1891, 1990, 1993, 2743, 4.440, 61.26, -38.70, 4.440, 61.26, -38.70, 0.000, 181.53, -0.00);
insert into SHOT values (1892, 1993, 1994, 2743, 11.060, 85.16, -66.20, 11.060, 85.16, -66.20, 0.000, 357.28, 0.00);
insert into SHOT values (1893, 1994, 1995, 2743, 32.700, 46.36, -76.30, 32.700, 46.36, -76.30, 0.000, 346.40, 0.00);
insert into CENTRELINE values (2744, 2741, NULL, '2017-02-07', NULL, 65.34, 0.00, 0.00);
 insert into PERSON values (10, NULL, 'Lucas');
insert into TOPO values (10, 2744);
 insert into PERSON values (11, NULL, 'Yann');
insert into TOPO values (11, 2744);
 insert into SHOT values (1894, 1992, 1996, 2744, 9.210, 34.26, -75.50, 9.210, 34.26, -75.50, 0.000, 355.81, 0.00);
insert into SHOT values (1895, 1996, 1997, 2744, 21.870, 49.86, -76.60, 21.870, 49.86, -76.60, 0.000, 6.52, -0.00);
insert into SHOT values (1896, 1997, 1998, 2744, 10.370, 89.36, -78.70, 10.370, 89.36, -78.70, 0.000, 356.77, -0.00);
insert into SHOT values (1897, 1998, 1999, 2744, 6.130, 35.66, -63.50, 6.130, 35.66, -63.50, 0.000, 180.26, 0.00);
insert into SHOT values (1898, 1999, 2000, 2744, 17.760, 190.06, -88.10, 17.760, 190.06, -88.10, 0.000, 179.73, 0.00);
insert into SURVEY values (2746, 2735, 'GB01', 'GB01.201.UltimaPatagonia', 'GB01');
 insert into CENTRELINE values (2747, 2746, NULL, NULL, NULL, 0.00, 0.00, 0.00);
 insert into CENTRELINE values (2748, 2746, NULL, '2017-02-01', NULL, 45.85, 0.00, 0.00);
 insert into SHOT values (1899, 2001, 2002, 2748, 3.900, 222.26, 57.70, 3.900, 222.26, 57.70, 0.000, 2.38, 0.00);
insert into SHOT values (1900, 2002, 2003, 2748, 10.360, 191.86, 61.30, 10.360, 191.86, 61.30, 0.000, 0.67, 0.01);
insert into SHOT values (1901, 2003, 2004, 2748, 9.700, 150.76, 81.80, 9.700, 150.76, 81.80, 0.000, 3.13, 0.02);
insert into SHOT values (1902, 2004, 2005, 2748, 4.100, 196.86, 62.30, 4.100, 196.86, 62.30, 0.000, 0.30, -0.00);
insert into SHOT values (1903, 2005, 2006, 2748, 6.630, 143.26, 69.50, 6.630, 143.26, 69.50, 0.000, 176.88, -0.00);
insert into SHOT values (1904, 2006, 2007, 2748, 6.780, 105.96, 61.80, 6.780, 105.96, 61.80, 0.000, 0.26, 0.00);
insert into SHOT values (1905, 2007, 2008, 2748, 4.380, 142.66, 39.20, 4.380, 142.66, 39.20, 0.000, 357.97, -0.00);
insert into SURVEY values (2750, 2735, 'Ziploc', 'Ziploc.201.UltimaPatagonia', 'Gouffre du Ziploc -entrance 0 -attr cad_num 201073');
 insert into CENTRELINE values (2751, 2750, NULL, NULL, NULL, 0.00, 0.00, 0.00);
 insert into CENTRELINE values (2752, 2750, NULL, NULL, NULL, 44.43, 0.00, 0.00);
 insert into SHOT values (1906, 2009, 2010, 2752, 12.460, 154.33, 66.20, 12.460, 154.33, 66.20, 0.000, 174.67, -0.00);
insert into SHOT values (1907, 2010, 2011, 2752, 7.280, 150.83, 75.90, 7.280, 150.83, 75.90, 0.000, 179.25, -0.00);
insert into SHOT values (1908, 2011, 2012, 2752, 6.400, 338.53, 76.50, 6.400, 338.53, 76.50, 0.000, 182.73, -0.00);
insert into SHOT values (1909, 2012, 2013, 2752, 4.870, 13.63, 57.20, 4.870, 13.63, 57.20, 0.000, 173.75, -0.01);
insert into SHOT values (1910, 2013, 2014, 2752, 9.550, 198.13, 0.00, 9.550, 198.13, 0.00, 0.000, 180.35, 0.00);
insert into SHOT values (1911, 2013, 2015, 2752, 3.870, 16.23, 0.00, 3.870, 16.23, 0.00, 0.000, 5.62, 0.00);
insert into SURVEY values (2754, 2735, 'CuevaHarrico', 'CuevaHarrico.201.UltimaPatagonia', 'Escalade du haricot');
 insert into CENTRELINE values (2755, 2754, NULL, NULL, NULL, 0.00, 0.00, 0.00);
 insert into CENTRELINE values (2756, 2754, NULL, NULL, NULL, 254.32, 0.00, 0.00);
 insert into SHOT values (1912, 2016, 2017, 2756, 5.020, 170.13, 22.00, 5.020, 170.13, 22.00, 0.000, 358.08, 0.00);
insert into SHOT values (1913, 2017, 2018, 2756, 14.510, 95.13, -18.00, 14.510, 95.13, -18.00, 0.000, 343.94, -0.00);
insert into SHOT values (1914, 2018, 2019, 2756, 9.940, 41.13, -2.00, 9.940, 41.13, -2.00, 0.000, 358.53, -0.00);
insert into SHOT values (1915, 2019, 2020, 2756, 7.830, 25.13, 2.00, 7.830, 25.13, 2.00, 0.000, 358.44, -0.00);
insert into SHOT values (1916, 2020, 2021, 2756, 4.650, 132.13, 0.00, 4.650, 132.13, 0.00, 0.000, 2.75, 0.00);
insert into SHOT values (1917, 2021, 2022, 2756, 10.970, 127.13, 6.00, 10.970, 127.13, 6.00, 0.000, 330.28, 0.01);
insert into SHOT values (1918, 2022, 2023, 2756, 5.050, 37.13, -9.00, 5.050, 37.13, -9.00, 0.000, 171.38, 0.00);
insert into SHOT values (1919, 2023, 2024, 2756, 5.650, 100.13, 0.00, 5.650, 100.13, 0.00, 0.000, 193.62, 0.00);
insert into SHOT values (1920, 2024, 2025, 2756, 10.600, 125.13, 5.00, 10.600, 125.13, 5.00, 0.000, 280.60, -0.01);
insert into SHOT values (1921, 2025, 2026, 2756, 27.400, 96.13, -15.00, 27.400, 96.13, -15.00, 0.000, 177.56, -0.00);
insert into SHOT values (1922, 2026, 2027, 2756, 26.600, 151.13, 11.00, 26.600, 151.13, 11.00, 0.000, 0.44, -0.00);
insert into SHOT values (1923, 2026, 2028, 2756, 12.200, 114.13, -27.00, 12.200, 114.13, -27.00, 0.000, 177.09, 0.00);
insert into SHOT values (1924, 2028, 2029, 2756, 5.700, 109.13, -40.00, 5.700, 109.13, -40.00, 0.000, 172.98, -0.00);
insert into SHOT values (1925, 2029, 2030, 2756, 5.800, 141.13, -22.00, 5.800, 141.13, -22.00, 0.000, 352.18, 0.00);
insert into SHOT values (1926, 2030, 2031, 2756, 4.400, 132.13, -16.00, 4.400, 132.13, -16.00, 0.000, 176.87, -0.00);
insert into SHOT values (1927, 2031, 2032, 2756, 2.100, 167.13, -20.00, 2.100, 167.13, -20.00, 0.000, 184.10, 0.00);
insert into SHOT values (1928, 2032, 2033, 2756, 9.600, 124.13, -13.00, 9.600, 124.13, -13.00, 0.000, 177.67, -0.00);
insert into SHOT values (1929, 2033, 2034, 2756, 6.100, 152.13, -17.00, 6.100, 152.13, -17.00, 0.000, 174.11, 0.00);
insert into SHOT values (1930, 2034, 2035, 2756, 18.100, 157.13, -42.00, 18.100, 157.13, -42.00, 0.000, 177.55, 0.00);
insert into SHOT values (1931, 2035, 2036, 2756, 10.700, 174.13, -42.00, 10.700, 174.13, -42.00, 0.000, 13.58, -0.00);
insert into SHOT values (1932, 2036, 2037, 2756, 11.600, 206.13, -54.00, 11.600, 206.13, -54.00, 0.000, 322.08, -0.00);
insert into SHOT values (1933, 2037, 2038, 2756, 15.200, 181.13, -26.00, 15.200, 181.13, -26.00, 0.000, 175.10, 0.00);
insert into SHOT values (1934, 2038, 2039, 2756, 24.600, 150.13, -62.00, 24.600, 150.13, -62.00, 0.000, 175.93, 0.00);
insert into SURVEY values (2758, 2735, 'Resurgence1', 'Resurgence1.201.UltimaPatagonia', 'Resurgence1');
 insert into CENTRELINE values (2759, 2758, NULL, NULL, NULL, 0.00, 0.00, 0.00);
 insert into CENTRELINE values (2760, 2758, NULL, '2006-02-01', NULL, 197.52, 0.00, 0.00);
 insert into SHOT values (1935, 2040, 2041, 2760, 7.800, 2.69, 26.00, 7.800, 2.69, 26.00, 0.000, 181.11, 0.00);
insert into SHOT values (1936, 2042, 2040, 2760, 3.200, 151.69, -0.00, 3.200, 151.69, 0.00, 0.000, 180.57, 0.00);
insert into SHOT values (1937, 2043, 2040, 2760, 7.700, 338.69, -0.00, 7.700, 338.69, 0.00, 0.000, 8.10, 0.00);
insert into SHOT values (1938, 2044, 2043, 2760, 8.200, 249.69, 3.00, 8.200, 249.69, 3.00, 0.000, 356.91, -0.00);
insert into SHOT values (1939, 2045, 2044, 2760, 3.000, 247.69, -9.00, 3.000, 247.69, -9.00, 0.000, 182.42, -0.00);
insert into SHOT values (1940, 2046, 2045, 2760, 3.000, 6.69, -14.00, 3.000, 6.69, -14.00, 0.000, 355.65, -0.00);
insert into SHOT values (1941, 2047, 2045, 2760, 5.000, 195.69, 90.00, 5.000, 90.00, 90.00, 0.000, 195.69, 0.00);
insert into SHOT values (1942, 2048, 2047, 2760, 4.100, 248.69, -7.00, 4.100, 248.69, -7.00, 0.000, 181.92, 0.00);
insert into SHOT values (1943, 2049, 2048, 2760, 3.900, 195.69, 90.00, 3.900, 90.00, 90.00, 0.000, 195.69, -5.59);
insert into SHOT values (1944, 2050, 2049, 2760, 5.400, 266.69, 4.00, 5.400, 266.69, 4.00, 0.000, 178.42, -0.00);
insert into SHOT values (1945, 2051, 2050, 2760, 2.500, 270.69, 3.00, 2.500, 270.69, 3.00, 0.000, 356.91, -0.00);
insert into SHOT values (1946, 2052, 2051, 2760, 5.900, 213.69, 2.00, 5.900, 213.69, 2.00, 0.000, 173.50, 0.00);
insert into SHOT values (1947, 2053, 2052, 2760, 7.300, 147.69, 3.00, 7.300, 147.69, 3.00, 0.000, 179.29, 0.00);
insert into SHOT values (1948, 2054, 2053, 2760, 8.650, 298.69, -8.00, 8.650, 298.69, -8.00, 0.000, 178.68, 0.00);
insert into SHOT values (1949, 2055, 2054, 2760, 5.400, 295.69, 26.00, 5.400, 295.69, 26.00, 0.000, 172.35, 0.00);
insert into SHOT values (1950, 2056, 2055, 2760, 5.600, 249.69, 28.00, 5.600, 249.69, 28.00, 0.000, 165.80, -0.00);
insert into SHOT values (1951, 2057, 2056, 2760, 3.050, 179.69, 12.00, 3.050, 179.69, 12.00, 0.000, 205.92, -0.00);
insert into SHOT values (1952, 2058, 2057, 2760, 7.370, 267.69, 18.00, 7.370, 267.69, 18.00, 0.000, 175.77, 0.00);
insert into SHOT values (1953, 2059, 2056, 2760, 6.300, 311.69, -10.00, 6.300, 311.69, -10.00, 0.000, 0.42, 0.00);
insert into SHOT values (1954, 2060, 2059, 2760, 9.900, 289.69, 8.00, 9.900, 289.69, 8.00, 0.000, 181.99, -0.00);
insert into SHOT values (1955, 2061, 2060, 2760, 10.350, 308.69, -0.00, 10.350, 308.69, 0.00, 0.000, 359.16, 0.00);
insert into SHOT values (1956, 2062, 2061, 2760, 9.200, 327.69, 55.00, 9.200, 327.69, 55.00, 0.000, 2.52, 0.00);
insert into SHOT values (1957, 2063, 2062, 2760, 5.400, 272.69, 23.00, 5.400, 272.69, 23.00, 0.000, 359.12, -0.00);
insert into SHOT values (1958, 2064, 2063, 2760, 2.500, 175.69, 48.00, 2.500, 175.69, 48.00, 0.000, 155.33, 0.00);
insert into SHOT values (1959, 2065, 2064, 2760, 9.200, 249.69, 14.00, 9.200, 249.69, 14.00, 0.000, 176.13, -0.00);
insert into SHOT values (1960, 2066, 2065, 2760, 16.200, 305.69, -0.00, 16.200, 305.69, 0.00, 0.000, 355.41, 0.00);
insert into SHOT values (1961, 2067, 2066, 2760, 11.400, 280.69, 21.00, 11.400, 280.69, 21.00, 0.000, 357.45, -0.00);
insert into SHOT values (1962, 2068, 2067, 2760, 20.000, 307.69, -5.00, 20.000, 307.69, -5.00, 0.000, 354.77, 0.00);
insert into SURVEY values (2762, 2735, 'LaRabasse3', 'LaRabasse3.201.UltimaPatagonia', 'LaRabasse3');
 insert into CENTRELINE values (2763, 2762, NULL, NULL, NULL, 0.00, 0.00, 0.00);
 insert into SURVEY values (2765, 2735, 'LaRabasse1', 'LaRabasse1.201.UltimaPatagonia', 'La Rabasse 1');
 insert into CENTRELINE values (2766, 2765, NULL, NULL, NULL, 0.00, 0.00, 0.00);
 insert into SURVEY values (2768, 2735, 'Cueva7', 'Cueva7.201.UltimaPatagonia', 'Cueva 7');
 insert into CENTRELINE values (2769, 2768, NULL, NULL, NULL, 0.00, 0.00, 0.00);
 insert into SURVEY values (2771, 2735, 'Cueva11', 'Cueva11.201.UltimaPatagonia', 'Cueva 11');
 insert into CENTRELINE values (2772, 2771, NULL, NULL, NULL, 0.00, 0.00, 0.00);
 insert into SURVEY values (2774, 2735, 'CuevaDuTelephone', 'CuevaDuTelephone.201.UltimaPatagonia', 'Cueva du Telephone');
 insert into CENTRELINE values (2775, 2774, NULL, NULL, NULL, 0.00, 0.00, 0.00);
 insert into SURVEY values (2777, 2735, 'Cueva8', 'Cueva8.201.UltimaPatagonia', 'Cueva 8');
 insert into CENTRELINE values (2778, 2777, NULL, NULL, NULL, 0.00, 0.00, 0.00);
 insert into SURVEY values (2780, 2735, 'TrouDuMarteau', 'TrouDuMarteau.201.UltimaPatagonia', 'Trou du Marteau');
 insert into CENTRELINE values (2781, 2780, NULL, NULL, NULL, 0.00, 0.00, 0.00);
 insert into SURVEY values (2783, 2735, 'LaRabasse2', 'LaRabasse2.201.UltimaPatagonia', 'La Rabasse 2');
 insert into CENTRELINE values (2784, 2783, NULL, NULL, NULL, 0.00, 0.00, 0.00);
 insert into SURVEY values (2786, 2735, 'Cueva12', 'Cueva12.201.UltimaPatagonia', 'Cueva 12');
 insert into CENTRELINE values (2787, 2786, NULL, NULL, NULL, 0.00, 0.00, 0.00);
 insert into SURVEY values (2789, 2735, 'Cueva13', 'Cueva13.201.UltimaPatagonia', 'Cueva 13');
 insert into CENTRELINE values (2790, 2789, NULL, NULL, NULL, 0.00, 0.00, 0.00);
 insert into SURVEY values (2792, 2735, 'PorcheOsDeBaleine', 'PorcheOsDeBaleine.201.UltimaPatagonia', 'Porche 2 Os de Baleine');
 insert into CENTRELINE values (2793, 2792, NULL, NULL, NULL, 0.00, 0.00, 0.00);
 insert into SURVEY values (2795, 2735, 'C4T2', 'C4T2.201.UltimaPatagonia', 'C4T2');
 insert into CENTRELINE values (2796, 2795, NULL, NULL, NULL, 0.00, 0.00, 0.00);
 insert into SURVEY values (2798, 2735, 'C4T3', 'C4T3.201.UltimaPatagonia', 'C4T3');
 insert into CENTRELINE values (2799, 2798, NULL, NULL, NULL, 0.00, 0.00, 0.00);
 insert into SURVEY values (2801, 2735, 'Cueva4', 'Cueva4.201.UltimaPatagonia', 'Cueva 4');
 insert into CENTRELINE values (2802, 2801, NULL, NULL, NULL, 0.00, 0.00, 0.00);
 insert into SURVEY values (2804, 2735, 'C4T1', 'C4T1.201.UltimaPatagonia', 'C4T1');
 insert into CENTRELINE values (2805, 2804, NULL, NULL, NULL, 0.00, 0.00, 0.00);
 insert into SURVEY values (2807, 2735, 'C4Cueva6', 'C4Cueva6.201.UltimaPatagonia', 'C4 Cueva 6');
 insert into CENTRELINE values (2808, 2807, NULL, NULL, NULL, 0.00, 0.00, 0.00);
 insert into SURVEY values (2810, 2735, 'C4SansNom10', 'C4SansNom10.201.UltimaPatagonia', 'C4 SansNom10');
 insert into CENTRELINE values (2811, 2810, NULL, NULL, NULL, 0.00, 0.00, 0.00);
 insert into SURVEY values (2813, 2735, 'C4SansNom9', 'C4SansNom9.201.UltimaPatagonia', 'C4 SansNom 9');
 insert into CENTRELINE values (2814, 2813, NULL, NULL, NULL, 0.00, 0.00, 0.00);
 insert into SURVEY values (2816, 2735, 'C4Nfissure0', 'C4Nfissure0.201.UltimaPatagonia', 'C4 Nfissure 0');
 insert into CENTRELINE values (2817, 2816, NULL, NULL, NULL, 0.00, 0.00, 0.00);
 insert into SURVEY values (2819, 2735, 'C4SansNom8', 'C4SansNom8.201.UltimaPatagonia', 'C4 SansNom 8');
 insert into CENTRELINE values (2820, 2819, NULL, NULL, NULL, 0.00, 0.00, 0.00);
 insert into SURVEY values (2822, 2735, 'C4SansNom7', 'C4SansNom7.201.UltimaPatagonia', 'C4 SansNom 7');
 insert into CENTRELINE values (2823, 2822, NULL, NULL, NULL, 0.00, 0.00, 0.00);
 insert into SURVEY values (2825, 2735, 'C4SansNom6', 'C4SansNom6.201.UltimaPatagonia', 'C4 SansNom 6');
 insert into CENTRELINE values (2826, 2825, NULL, NULL, NULL, 0.00, 0.00, 0.00);
 insert into SURVEY values (2828, 2735, 'C5Cueva2', 'C5Cueva2.201.UltimaPatagonia', 'C5 Cueva2');
 insert into CENTRELINE values (2829, 2828, NULL, NULL, NULL, 0.00, 0.00, 0.00);
 insert into CENTRELINE values (2831, 2735, NULL, NULL, NULL, 0.00, 0.00, 0.00);
 insert into SURVEY values (2833, 22, '202', '202.UltimaPatagonia', '202 Isla Ramon');
 insert into CENTRELINE values (2834, 2833, NULL, NULL, NULL, 0.00, 0.00, 0.00);
 insert into CENTRELINE values (2835, 2833, NULL, NULL, NULL, 0.00, 0.00, 0.00);
 insert into SURVEY values (2837, 22, '203', '203.UltimaPatagonia', NULL);
 insert into CENTRELINE values (2838, 2837, NULL, NULL, NULL, 0.00, 0.00, 0.00);
 insert into SURVEY values (2839, 2837, 'PerteDuCoypo', 'PerteDuCoypo.203.UltimaPatagonia', 'Perte du Coypo');
 insert into CENTRELINE values (2840, 2839, NULL, NULL, NULL, 0.00, 0.00, 0.00);
 insert into SURVEY values (2842, 2837, 'PuitsDuBourdon', 'PuitsDuBourdon.203.UltimaPatagonia', 'Puits du Bourdon');
 insert into CENTRELINE values (2843, 2842, NULL, NULL, NULL, 0.00, 0.00, 0.00);
 insert into SURVEY values (2845, 2837, 'GrosTrou', 'GrosTrou.203.UltimaPatagonia', 'Gros Trou');
 insert into CENTRELINE values (2846, 2845, NULL, NULL, NULL, 0.00, 0.00, 0.00);
 insert into CENTRELINE values (2848, 2837, NULL, NULL, NULL, 0.00, 0.00, 0.00);
 insert into SURVEY values (2850, 22, '204', '204.UltimaPatagonia', '204 Camp 2');
 insert into CENTRELINE values (2851, 2850, NULL, NULL, NULL, 0.00, 0.00, 0.00);
 insert into SURVEY values (2852, 2850, 'GouffreGazelle', 'GouffreGazelle.204.UltimaPatagonia', 'Gouffre de la Gazelle');
 insert into CENTRELINE values (2853, 2852, NULL, NULL, NULL, 0.00, 0.00, 0.00);
 insert into CENTRELINE values (2854, 2852, NULL, '2010-02-01', NULL, 166.90, 0.00, 0.00);
 insert into SHOT values (1963, 2156, 2157, 2854, 9.600, 145.39, 20.00, 9.600, 145.39, 20.00, 0.000, 175.76, -0.00);
insert into SHOT values (1964, 2157, 2158, 2854, 11.100, 145.39, 25.00, 11.100, 145.39, 25.00, 0.000, 357.00, -0.00);
insert into SHOT values (1965, 2158, 2159, 2854, 3.700, 110.39, 65.00, 3.700, 110.39, 65.00, 0.000, 4.53, -0.00);
insert into SHOT values (1966, 2159, 2160, 2854, 2.500, 130.39, 40.00, 2.500, 130.39, 40.00, 0.000, 1.91, 0.00);
insert into SHOT values (1967, 2160, 2161, 2854, 7.500, 140.39, 55.00, 7.500, 140.39, 55.00, 0.000, 176.35, 0.00);
insert into SHOT values (1968, 2161, 2162, 2854, 2.700, 145.39, 65.00, 2.700, 145.39, 65.00, 0.000, 338.13, 0.01);
insert into SHOT values (1969, 2162, 2163, 2854, 2.800, 305.39, 35.00, 2.800, 305.39, 35.00, 0.000, 25.51, -0.01);
insert into SHOT values (1970, 2163, 2164, 2854, 4.000, 300.39, 55.00, 4.000, 300.39, 55.00, 0.000, 352.10, 0.00);
insert into SHOT values (1971, 2164, 2165, 2854, 4.300, 155.39, 28.00, 4.300, 155.39, 28.00, 0.000, 2.66, 0.00);
insert into SHOT values (1972, 2165, 2166, 2854, 1.800, 135.39, 8.00, 1.800, 135.39, 8.00, 0.000, 358.46, 0.00);
insert into SHOT values (1973, 2166, 2167, 2854, 4.700, 215.39, 65.00, 4.700, 215.39, 65.00, 0.000, 5.26, -0.00);
insert into SHOT values (1974, 2167, 2168, 2854, 4.600, 150.39, 20.00, 4.600, 150.39, 20.00, 0.000, 176.40, -0.00);
insert into SHOT values (1975, 2168, 2169, 2854, 5.800, 145.39, -15.00, 5.800, 145.39, -15.00, 0.000, 178.45, 0.00);
insert into SHOT values (1976, 2169, 2170, 2854, 5.900, 145.39, 7.00, 5.900, 145.39, 7.00, 0.000, 184.91, 0.00);
insert into SHOT values (1977, 2171, 2172, 2854, 2.700, 213.39, -45.00, 2.714, 212.37, -44.66, 0.040, 154.70, 2.44);
insert into SHOT values (1978, 2172, 2173, 2854, 9.300, 215.39, -90.00, 9.298, 148.90, -89.47, 0.086, 148.90, 1.60);
insert into SHOT values (1979, 2173, 2174, 2854, 5.600, 120.39, -30.00, 5.650, 120.73, -29.68, 0.065, 146.80, 2.05);
insert into SHOT values (1980, 2174, 2175, 2854, 7.300, 105.39, -55.00, 7.331, 106.07, -54.62, 0.076, 146.62, 2.09);
insert into SHOT values (1981, 2175, 2176, 2854, 9.000, 310.39, -22.00, 8.756, 308.83, -24.31, 0.487, 160.97, -28.56);
insert into SHOT values (1982, 2176, 2177, 2854, 10.600, 325.39, -10.00, 10.600, 325.39, -10.00, 0.000, 178.56, 0.00);
insert into SHOT values (1983, 2177, 2178, 2854, 6.000, 325.39, -45.00, 6.000, 325.39, -45.00, 0.000, 176.89, 0.00);
insert into SHOT values (1984, 2178, 2170, 2854, 1.800, 325.39, -45.00, 1.800, 325.39, -45.00, 0.000, 168.37, -0.00);
insert into SHOT values (1985, 2179, 2180, 2854, 6.250, 255.39, 3.00, 6.250, 255.39, 3.00, 0.000, 357.48, 0.00);
insert into SHOT values (1986, 2180, 2181, 2854, 3.650, 140.39, -5.00, 3.451, 139.13, -4.18, 0.219, 341.58, 17.71);
insert into SHOT values (1987, 2181, 2182, 2854, 4.700, 115.39, -50.00, 4.535, 113.18, -50.38, 0.203, 335.69, 31.95);
insert into SHOT values (1988, 2182, 2183, 2854, 15.000, 80.39, -20.00, 14.898, 75.45, -17.77, 1.355, 352.24, 25.50);
insert into SHOT values (1989, 2183, 2176, 2854, 14.000, 89.39, -10.00, 13.868, 84.67, -7.79, 1.263, 354.65, 25.94);
insert into SURVEY values (2856, 2850, 'GrotteFaussePucelle', 'GrotteFaussePucelle.204.UltimaPatagonia', 'Grotte de la Fausse Pucelle');
 insert into CENTRELINE values (2857, 2856, NULL, NULL, NULL, 0.00, 0.00, 0.00);
 insert into CENTRELINE values (2858, 2856, NULL, '2010-02-01', NULL, 116.80, 0.00, 0.00);
 insert into SHOT values (1990, 2184, 2185, 2858, 22.100, 145.39, 5.00, 22.100, 145.39, 5.00, 0.000, 180.77, -0.00);
insert into SHOT values (1991, 2185, 2186, 2858, 5.500, 145.39, 0.00, 5.500, 145.39, 0.00, 0.000, 2.87, 0.00);
insert into SHOT values (1992, 2186, 2187, 2858, 7.800, 130.39, 40.00, 7.800, 130.39, 40.00, 0.000, 177.62, 0.00);
insert into SHOT values (1993, 2187, 2188, 2858, 9.300, 105.39, 33.00, 9.300, 105.39, 33.00, 0.000, 164.24, 0.01);
insert into SHOT values (1994, 2188, 2189, 2858, 12.600, 183.39, 15.00, 12.600, 183.39, 15.00, 0.000, 182.97, 0.00);
insert into SHOT values (1995, 2189, 2190, 2858, 23.300, 172.39, 15.00, 23.300, 172.39, 15.00, 0.000, 0.34, 0.00);
insert into SHOT values (1996, 2190, 2191, 2858, 19.700, 173.39, 10.00, 19.700, 173.39, 10.00, 0.000, 358.98, 0.00);
insert into SHOT values (1997, 2191, 2192, 2858, 14.000, 155.39, 20.00, 14.000, 155.39, 20.00, 0.000, 190.01, -0.00);
insert into SHOT values (1998, 2192, 2193, 2858, 2.500, 230.39, 15.00, 2.500, 230.39, 15.00, 0.000, 180.45, -0.00);
insert into SURVEY values (2860, 2850, 'GouffreAlouette', 'GouffreAlouette.204.UltimaPatagonia', 'GouffreAlouette');
 insert into CENTRELINE values (2861, 2860, NULL, NULL, NULL, 0.00, 0.00, 0.00);
 insert into CENTRELINE values (2862, 2860, NULL, '2010-02-01', NULL, 365.41, 0.00, 0.00);
 insert into SHOT values (1999, 2194, 2195, 2862, 5.000, 83.39, 0.00, 5.000, 83.39, 0.00, 0.000, 354.36, 0.00);
insert into SHOT values (2000, 2195, 2196, 2862, 4.300, 83.39, 31.00, 4.300, 83.39, 31.00, 0.000, 183.87, 0.00);
insert into SHOT values (2001, 2196, 2197, 2862, 1.800, 84.39, -5.00, 1.800, 84.39, -5.00, 0.000, 355.10, -0.00);
insert into SHOT values (2002, 2197, 2198, 2862, 8.200, 31.39, -14.00, 8.200, 31.39, -14.00, 0.000, 181.62, 0.00);
insert into SHOT values (2003, 2198, 2199, 2862, 4.800, 272.39, -32.00, 4.800, 272.39, -32.00, 0.000, 3.81, -0.00);
insert into SHOT values (2004, 2198, 2200, 2862, 9.800, 59.39, -1.00, 9.800, 59.39, -1.00, 0.000, 184.76, 0.00);
insert into SHOT values (2005, 2200, 2201, 2862, 7.600, 318.39, -37.00, 7.600, 318.39, -37.00, 0.000, 356.58, -0.00);
insert into SHOT values (2006, 2200, 2202, 2862, 7.200, 68.39, 10.00, 7.200, 68.39, 10.00, 0.000, 354.26, -0.00);
insert into SHOT values (2007, 2202, 2203, 2862, 5.000, 54.39, 0.00, 5.000, 54.39, 0.00, 0.000, 180.62, 0.00);
insert into SHOT values (2008, 2203, 2204, 2862, 4.500, 341.39, -41.00, 4.500, 341.39, -41.00, 0.000, 179.18, 0.00);
insert into SHOT values (2009, 2203, 2205, 2862, 7.500, 147.39, 34.00, 7.500, 147.39, 34.00, 0.000, 188.24, -0.00);
insert into SHOT values (2010, 2205, 2206, 2862, 5.400, 147.39, 34.00, 5.400, 147.39, 34.00, 0.000, 354.92, -0.00);
insert into SHOT values (2011, 2205, 2207, 2862, 6.600, 228.39, 0.00, 6.600, 228.39, 0.00, 0.000, 278.07, 0.00);
insert into SHOT values (2012, 2202, 2208, 2862, 9.750, 330.39, 31.00, 9.750, 330.39, 31.00, 0.000, 312.42, -0.03);
insert into SHOT values (2013, 2208, 2209, 2862, 6.480, 332.39, 11.00, 6.480, 332.39, 11.00, 0.000, 37.09, -0.02);
insert into SHOT values (2014, 2209, 2210, 2862, 3.020, 17.39, 25.00, 3.060, 16.73, 24.62, 0.055, 341.57, -1.40);
insert into SHOT values (2015, 2210, 2211, 2862, 5.600, 94.39, 1.00, 5.560, 93.83, 0.98, 0.068, 328.04, -1.96);
insert into SHOT values (2016, 2211, 2212, 2862, 6.600, 38.39, -14.00, 6.627, 37.74, -13.97, 0.078, 327.99, -2.18);
insert into SHOT values (2017, 2212, 2213, 2862, 5.480, 354.39, -17.00, 5.542, 354.10, -16.83, 0.069, 331.72, -1.88);
insert into SHOT values (2018, 2213, 2214, 2862, 7.380, 45.39, -17.00, 7.401, 44.70, -16.98, 0.088, 329.00, -2.27);
insert into SHOT values (2019, 2214, 2215, 2862, 8.380, 34.39, -6.00, 8.412, 33.77, -6.01, 0.095, 323.35, -2.67);
insert into SHOT values (2020, 2215, 2216, 2862, 3.060, 88.39, 12.00, 3.026, 87.84, 12.11, 0.045, 307.86, -1.50);
insert into SHOT values (2021, 2216, 2217, 2862, 4.480, 64.39, 3.00, 4.469, 63.68, 2.99, 0.057, 323.21, -1.72);
insert into SHOT values (2022, 2217, 2218, 2862, 3.800, 102.39, 22.00, 3.762, 101.96, 22.21, 0.048, 315.44, -1.83);
insert into SHOT values (2023, 2218, 2219, 2862, 5.000, 327.39, 44.00, 5.000, 327.39, 44.00, 0.000, 187.94, 0.00);
insert into SHOT values (2024, 2218, 2220, 2862, 5.150, 20.39, -21.00, 5.193, 19.81, -20.84, 0.066, 332.81, -1.82);
insert into SHOT values (2025, 2220, 2221, 2862, 3.350, 306.39, -17.00, 3.395, 306.65, -16.79, 0.049, 323.85, -1.55);
insert into SHOT values (2026, 2222, 2223, 2862, 9.500, 345.39, 0.00, 9.500, 345.39, 0.00, 0.000, 356.71, 0.00);
insert into SHOT values (2027, 2223, 2224, 2862, 6.800, 300.39, 53.00, 6.800, 300.39, 53.00, 0.000, 352.71, -0.00);
insert into SHOT values (2028, 2224, 2225, 2862, 11.530, 320.39, 36.00, 11.530, 320.39, 36.00, 0.000, 179.24, -0.00);
insert into SHOT values (2029, 2225, 2226, 2862, 11.100, 312.39, 25.00, 11.100, 312.39, 25.00, 0.000, 45.84, -0.01);
insert into SHOT values (2030, 2226, 2227, 2862, 11.140, 303.39, 17.00, 11.140, 303.39, 17.00, 0.000, 357.24, -0.00);
insert into SHOT values (2031, 2227, 2228, 2862, 9.100, 164.39, 44.00, 9.100, 164.39, 44.00, 0.000, 359.35, -0.00);
insert into SHOT values (2032, 2228, 2229, 2862, 9.320, 170.39, 40.00, 9.320, 170.39, 40.00, 0.000, 6.45, -0.00);
insert into SHOT values (2033, 2229, 2230, 2862, 9.800, 140.39, 44.00, 10.672, 141.79, 44.13, 0.891, 157.50, 44.35);
insert into SHOT values (2034, 2229, 2231, 2862, 9.850, 15.39, 90.00, 9.506, 337.92, 87.11, 0.598, 337.92, -36.58);
insert into SHOT values (2035, 2231, 2232, 2862, 2.800, 323.39, 45.00, 2.800, 323.39, 45.00, 0.000, 330.43, 0.01);
insert into SHOT values (2036, 2232, 2233, 2862, 9.000, 310.39, -22.00, 9.264, 311.82, -19.80, 0.487, 340.97, 28.56);
insert into SHOT values (2037, 2233, 2234, 2862, 10.600, 325.39, -10.00, 10.600, 325.39, -10.00, 0.000, 178.56, -0.00);
insert into SHOT values (2038, 2234, 2235, 2862, 6.000, 325.39, -45.00, 6.000, 325.39, -45.00, 0.000, 176.89, 0.00);
insert into SHOT values (2039, 2235, 2236, 2862, 1.800, 325.39, -45.00, 1.800, 325.39, -45.00, 0.000, 168.37, -0.00);
insert into SHOT values (2040, 2233, 2237, 2862, 9.600, 305.39, -15.00, 9.908, 307.15, -12.91, 0.553, 343.40, 29.33);
insert into SHOT values (2041, 2237, 2238, 2862, 2.700, 275.39, -30.00, 2.744, 277.50, -27.87, 0.141, 321.42, 28.47);
insert into SHOT values (2042, 2238, 2239, 2862, 10.750, 275.39, 33.00, 11.095, 279.03, 33.56, 0.683, 345.59, 24.06);
insert into SHOT values (2043, 2239, 2240, 2862, 4.800, 305.39, 52.00, 4.980, 307.16, 51.39, 0.210, 337.80, 31.47);
insert into SHOT values (2044, 2240, 2241, 2862, 5.300, 220.39, 10.00, 5.205, 222.79, 11.39, 0.268, 340.05, 23.51);
insert into SHOT values (2045, 2241, 2242, 2862, 6.800, 185.39, 13.00, 6.605, 186.63, 14.77, 0.318, 335.55, 29.09);
insert into SHOT values (2046, 2242, 2221, 2862, 6.250, 255.39, 3.00, 6.284, 258.03, 4.23, 0.320, 341.69, 25.28);
insert into SHOT values (2047, 2230, 2231, 2862, 8.720, 323.39, 9.00, 8.381, 322.73, 14.25, 0.859, 154.16, 54.48);
insert into SHOT values (2048, 2230, 2243, 2862, 10.450, 158.39, 16.00, 10.450, 158.39, 16.00, 0.000, 184.83, -0.00);
insert into SHOT values (2049, 2243, 2244, 2862, 7.150, 158.39, 55.00, 7.150, 158.39, 55.00, 0.000, 182.22, 0.00);
insert into SHOT values (2050, 2244, 2245, 2862, 4.140, 269.39, 57.00, 4.140, 269.39, 57.00, 0.000, 5.53, 0.00);
insert into SHOT values (2051, 2245, 2246, 2862, 4.980, 150.39, 36.00, 4.980, 150.39, 36.00, 0.000, 179.70, -0.00);
insert into SHOT values (2052, 2246, 2247, 2862, 4.850, 152.39, 30.00, 4.850, 152.39, 30.00, 0.000, 3.68, 0.00);
insert into SHOT values (2053, 2247, 2248, 2862, 5.350, 206.39, 48.00, 5.350, 206.39, 48.00, 0.000, 356.40, -0.00);
insert into SURVEY values (2864, 2850, 'GrotteCacahuete', 'GrotteCacahuete.204.UltimaPatagonia', 'Grotte de la Cacahuete');
 insert into CENTRELINE values (2865, 2864, NULL, NULL, NULL, 0.00, 0.00, 0.00);
 insert into CENTRELINE values (2866, 2864, NULL, NULL, NULL, 92.80, 0.00, 0.00);
 insert into SHOT values (2054, 2249, 2250, 2866, 12.000, 141.13, 90.00, 12.000, 90.00, 90.00, 0.000, 141.13, 0.00);
insert into SHOT values (2055, 2250, 2251, 2866, 5.400, 161.13, 15.00, 5.400, 161.13, 15.00, 0.000, 166.59, 0.01);
insert into SHOT values (2056, 2251, 2252, 2866, 2.000, 106.13, 10.00, 2.000, 106.13, 10.00, 0.000, 354.89, 0.00);
insert into SHOT values (2057, 2252, 2253, 2866, 6.500, 156.13, 20.00, 6.500, 156.13, 20.00, 0.000, 359.85, -0.00);
insert into SHOT values (2058, 2253, 2254, 2866, 4.500, 211.13, 30.00, 4.500, 211.13, 30.00, 0.000, 5.30, -0.00);
insert into SHOT values (2059, 2255, 2256, 2866, 17.500, 52.13, 5.00, 17.528, 50.12, 5.45, 0.630, 322.58, 12.80);
insert into SHOT values (2060, 2256, 2257, 2866, 5.700, 73.13, -5.00, 5.623, 71.84, -4.87, 0.149, 311.78, 7.41);
insert into SHOT values (2061, 2257, 2258, 2866, 21.000, 174.13, 10.00, 20.804, 177.19, 10.64, 1.137, 277.73, 9.86);
insert into SHOT values (2062, 2258, 2259, 2866, 18.200, 121.13, -10.00, 17.594, 120.02, -9.86, 0.698, 330.84, 12.19);
insert into CENTRELINE values (2867, 2864, NULL, NULL, NULL, 93.44, 0.00, 0.00);
 insert into SHOT values (2063, 2255, 2260, 2867, 16.550, 176.13, 28.00, 16.782, 173.75, 27.19, 0.697, 112.14, -8.46);
insert into SHOT values (2064, 2260, 2261, 2867, 19.000, 165.13, 4.00, 19.380, 162.73, 3.44, 0.908, 99.91, -10.41);
insert into SHOT values (2065, 2261, 2262, 2867, 10.900, 160.13, 0.00, 11.120, 158.89, -0.30, 0.330, 112.04, -10.02);
insert into SHOT values (2066, 2262, 2263, 2867, 8.400, 125.13, -35.00, 8.596, 125.39, -34.34, 0.222, 133.54, -7.92);
insert into SHOT values (2067, 2263, 2249, 2867, 6.150, 58.13, -7.00, 6.194, 59.55, -7.15, 0.158, 133.29, -7.84);
insert into SHOT values (2068, 2249, 2264, 2867, 17.060, 37.13, -3.00, 17.143, 39.17, -3.43, 0.625, 121.01, -12.33);
insert into SHOT values (2069, 2264, 2259, 2867, 15.380, 3.13, 0.00, 15.326, 5.47, -0.41, 0.639, 99.22, -9.88);
insert into SURVEY values (2869, 2850, 'TrouDesCanelures', 'TrouDesCanelures.204.UltimaPatagonia', 'Trou des Canelures');
 insert into CENTRELINE values (2870, 2869, NULL, NULL, NULL, 0.00, 0.00, 0.00);
 insert into SURVEY values (2872, 2850, 'EvequeCauchon', 'EvequeCauchon.204.UltimaPatagonia', NULL);
 insert into CENTRELINE values (2873, 2872, NULL, NULL, NULL, 0.00, 0.00, 0.00);
 insert into CENTRELINE values (2874, 2872, NULL, NULL, NULL, 207.40, 0.00, 0.00);
 insert into SHOT values (2070, 2265, 2266, 2874, 12.800, 123.13, 4.00, 12.800, 123.13, 4.00, 0.000, 180.44, -0.00);
insert into SHOT values (2071, 2266, 2267, 2874, 20.000, 113.13, 19.00, 20.000, 113.13, 19.00, 0.000, 181.34, -0.00);
insert into SHOT values (2072, 2267, 2268, 2874, 9.800, 95.13, 16.00, 9.800, 95.13, 16.00, 0.000, 181.13, -0.00);
insert into SHOT values (2073, 2267, 2269, 2874, 16.500, 145.13, 22.00, 16.500, 145.13, 22.00, 0.000, 5.63, 0.00);
insert into SHOT values (2074, 2269, 2270, 2874, 12.000, 161.13, 21.00, 12.000, 161.13, 21.00, 0.000, 167.45, 0.00);
insert into SHOT values (2075, 2270, 2271, 2874, 10.000, 179.13, 21.00, 10.000, 179.13, 21.00, 0.000, 359.64, 0.00);
insert into SHOT values (2076, 2271, 2272, 2874, 17.200, 95.13, 24.00, 17.200, 95.13, 24.00, 0.000, 179.36, 0.00);
insert into SHOT values (2077, 2272, 2273, 2874, 12.800, 78.13, 9.00, 12.800, 78.13, 9.00, 0.000, 183.33, -0.00);
insert into SHOT values (2078, 2273, 2274, 2874, 9.000, 65.13, 4.00, 9.000, 65.13, 4.00, 0.000, 182.25, 0.00);
insert into SHOT values (2079, 2274, 2275, 2874, 12.900, 120.13, 15.00, 12.900, 120.13, 15.00, 0.000, 176.04, -0.00);
insert into SHOT values (2080, 2275, 2276, 2874, 10.200, 59.13, -5.00, 10.200, 59.13, -5.00, 0.000, 182.48, -0.00);
insert into SHOT values (2081, 2276, 2277, 2874, 11.600, 112.13, 3.00, 11.600, 112.13, 3.00, 0.000, 0.25, -0.00);
insert into SHOT values (2082, 2277, 2278, 2874, 18.000, 154.13, 33.00, 18.000, 154.13, 33.00, 0.000, 63.83, -0.01);
insert into SHOT values (2083, 2278, 2279, 2874, 5.500, 192.13, 40.00, 5.500, 192.13, 40.00, 0.000, 191.52, 0.00);
insert into SHOT values (2084, 2279, 2280, 2874, 4.600, 103.13, 3.00, 4.600, 103.13, 3.00, 0.000, 357.15, -0.00);
insert into SHOT values (2085, 2280, 2281, 2874, 10.300, 97.13, 22.00, 10.300, 97.13, 22.00, 0.000, 38.70, 0.00);
insert into SHOT values (2086, 2275, 2282, 2874, 7.000, 190.13, 28.00, 7.000, 190.13, 28.00, 0.000, 357.40, 0.00);
insert into SHOT values (2087, 2282, 2283, 2874, 7.200, 134.13, 22.00, 7.200, 134.13, 22.00, 0.000, 154.01, -0.00);
insert into CENTRELINE values (2876, 2850, NULL, NULL, NULL, 0.00, 0.00, 0.00);
 insert into SURVEY values (2878, 22, '205', '205.UltimaPatagonia', '205 Baleine');
 insert into CENTRELINE values (2879, 2878, NULL, NULL, NULL, 0.00, 0.00, 0.00);
 insert into SURVEY values (2880, 2878, 'AbriCotier', 'AbriCotier.205.UltimaPatagonia', 'Abri Cotier');
 insert into CENTRELINE values (2881, 2880, NULL, NULL, NULL, 0.00, 0.00, 0.00);
 insert into CENTRELINE values (2882, 2880, NULL, NULL, NULL, 295.44, 0.00, 0.00);
 insert into SHOT values (2088, 2294, 2295, 2882, 4.660, 55.63, 9.50, 4.452, 55.43, 9.81, 0.210, 239.85, -2.81);
insert into SHOT values (2089, 2295, 2296, 2882, 5.480, 71.13, 11.00, 5.256, 71.68, 11.33, 0.231, 238.89, -3.17);
insert into SHOT values (2090, 2296, 2297, 2882, 10.140, 35.13, 5.00, 9.744, 33.83, 5.00, 0.455, 244.28, -4.44);
insert into SHOT values (2091, 2297, 2298, 2882, 5.250, 49.13, 2.50, 5.030, 48.76, 2.47, 0.222, 237.57, -3.09);
insert into SHOT values (2092, 2298, 2299, 2882, 3.900, 49.13, 3.50, 3.712, 48.63, 3.55, 0.191, 238.95, -2.45);
insert into SHOT values (2093, 2299, 2300, 2882, 3.270, 145.13, 4.00, 3.287, 148.07, 3.86, 0.168, 230.68, -2.31);
insert into SHOT values (2094, 2300, 2301, 2882, 5.230, 238.13, 47.00, 5.230, 238.13, 47.00, 0.000, 182.74, 0.00);
insert into SHOT values (2095, 2300, 2302, 2882, 5.390, 70.63, 2.00, 5.166, 71.15, 1.95, 0.229, 238.91, -3.12);
insert into SHOT values (2096, 2302, 2303, 2882, 3.070, 44.63, 0.50, 2.902, 43.92, 0.40, 0.172, 236.84, -2.11);
insert into SHOT values (2097, 2303, 2304, 2882, 4.810, 47.63, 0.50, 4.603, 47.18, 0.39, 0.211, 237.68, -2.89);
insert into SHOT values (2098, 2304, 2305, 2882, 5.770, 59.63, 2.00, 5.534, 59.75, 1.94, 0.237, 236.96, -3.34);
insert into SHOT values (2099, 2305, 2306, 2882, 3.390, 83.63, 5.00, 3.441, 84.08, 5.01, 0.057, 111.39, 5.33);
insert into SHOT values (2100, 2306, 2307, 2882, 3.720, 57.13, 0.00, 3.744, 57.88, 0.09, 0.055, 120.83, 6.12);
insert into SHOT values (2101, 2307, 2308, 2882, 3.530, 88.63, 2.50, 3.583, 89.00, 2.55, 0.058, 111.87, 5.47);
insert into SHOT values (2102, 2308, 2309, 2882, 2.660, 33.13, -3.00, 2.650, 34.09, -2.92, 0.046, 136.46, 5.33);
insert into SHOT values (2103, 2309, 2310, 2882, 3.970, 300.13, 0.50, 3.914, 300.13, 0.60, 0.056, 120.51, 6.40);
insert into SHOT values (2104, 2310, 2311, 2882, 1.730, 327.63, -3.00, 1.790, 331.97, -1.67, 0.152, 35.08, 14.71);
insert into SHOT values (2105, 2311, 2312, 2882, 4.160, 18.13, 0.50, 4.334, 18.94, 1.51, 0.198, 37.73, 23.04);
insert into SHOT values (2106, 2312, 2313, 2882, 1.970, 320.13, -1.50, 1.994, 324.35, -0.31, 0.153, 42.66, 15.41);
insert into SHOT values (2107, 2313, 2314, 2882, 4.960, 76.13, 0.20, 4.960, 76.13, 0.20, 0.000, 4.53, 0.00);
insert into SHOT values (2108, 2313, 2315, 2882, 4.360, 336.63, 0.00, 4.446, 338.79, 1.06, 0.204, 40.33, 23.83);
insert into SHOT values (2109, 2315, 2316, 2882, 4.660, 323.63, 6.50, 4.660, 323.63, 6.50, 0.000, 5.68, 0.00);
insert into SHOT values (2110, 2316, 2317, 2882, 0.980, 16.13, 0.00, 0.980, 16.13, 0.00, 0.000, 164.97, 0.00);
insert into SHOT values (2111, 2315, 2318, 2882, 2.190, 199.63, -1.50, 2.035, 199.06, -0.40, 0.161, 27.11, 15.54);
insert into SHOT values (2112, 2318, 2319, 2882, 2.400, 221.63, -0.50, 2.248, 221.43, 0.64, 0.159, 44.70, 16.71);
insert into SHOT values (2113, 2319, 2320, 2882, 3.700, 198.13, -1.50, 3.532, 197.32, -0.47, 0.187, 34.79, 21.24);
insert into SHOT values (2114, 2320, 2321, 2882, 2.820, 219.63, -5.00, 2.659, 219.41, -4.17, 0.166, 43.48, 18.38);
insert into SHOT values (2115, 2321, 2322, 2882, 3.020, 238.13, -7.00, 3.046, 238.98, -7.03, 0.051, 298.33, -5.35);
insert into SHOT values (2116, 2322, 2323, 2882, 1.600, 244.63, -2.00, 1.635, 245.89, -2.07, 0.050, 290.52, -3.66);
insert into SHOT values (2117, 2323, 2324, 2882, 3.480, 266.13, -1.50, 3.532, 266.54, -1.57, 0.058, 291.68, -5.40);
insert into SHOT values (2118, 2324, 2325, 2882, 3.500, 267.63, -1.50, 3.553, 268.01, -1.57, 0.058, 291.72, -5.42);
insert into SHOT values (2119, 2325, 2326, 2882, 2.020, 225.13, -4.00, 2.027, 226.39, -4.09, 0.045, 306.75, -4.55);
insert into SHOT values (2120, 2326, 2327, 2882, 2.020, 286.13, 2.00, 2.020, 286.13, 2.00, 0.000, 180.97, 0.00);
insert into SHOT values (2121, 2327, 2328, 2882, 2.630, 273.63, 12.50, 2.630, 273.63, 12.50, 0.000, 357.30, -0.00);
insert into SHOT values (2122, 2325, 2329, 2882, 5.350, 281.63, 0.00, 5.522, 280.04, -0.13, 0.229, 239.46, -3.09);
insert into SHOT values (2123, 2329, 2330, 2882, 2.740, 45.63, -5.50, 2.578, 44.86, -5.98, 0.167, 237.55, -1.99);
insert into SHOT values (2124, 2330, 2331, 2882, 2.440, 22.13, 6.00, 2.298, 21.07, 6.24, 0.149, 218.76, -2.06);
insert into SHOT values (2125, 2331, 2332, 2882, 3.690, 2.63, 7.00, 3.559, 0.94, 7.13, 0.169, 220.99, -2.63);
insert into SHOT values (2126, 2332, 2333, 2882, 4.970, 50.13, -3.00, 4.758, 49.78, -3.27, 0.215, 238.03, -2.96);
insert into SHOT values (2127, 2333, 2334, 2882, 4.490, 44.13, 0.00, 4.490, 44.13, 0.00, 0.000, 358.55, 0.00);
insert into SHOT values (2128, 2333, 2335, 2882, 4.050, 233.13, -0.50, 4.245, 233.47, -0.59, 0.197, 240.37, -2.48);
insert into SHOT values (2129, 2335, 2336, 2882, 2.680, 249.13, 5.00, 2.871, 249.27, 4.55, 0.193, 251.11, -1.70);
insert into SHOT values (2130, 2336, 2337, 2882, 2.680, 275.13, 1.50, 2.872, 273.72, 1.29, 0.204, 254.76, -1.59);
insert into SHOT values (2131, 2337, 2338, 2882, 14.230, 185.13, -4.00, 14.485, 188.86, -4.19, 0.967, 261.92, -3.93);
insert into SHOT values (2132, 2338, 2294, 2882, 28.330, 210.13, -5.00, 30.434, 214.03, -5.13, 2.897, 255.72, -4.98);
insert into SHOT values (2133, 2309, 2339, 2882, 3.010, 91.63, 0.50, 2.762, 90.63, 1.70, 0.260, 282.67, 12.37);
insert into SHOT values (2134, 2339, 2340, 2882, 4.850, 120.13, 3.00, 4.603, 120.50, 4.36, 0.273, 293.57, 20.56);
insert into SHOT values (2135, 2340, 2341, 2882, 5.040, 121.63, 2.00, 4.788, 122.03, 3.32, 0.278, 294.31, 21.31);
insert into SHOT values (2136, 2341, 2342, 2882, 4.240, 50.13, -1.00, 4.144, 47.21, 0.09, 0.248, 294.54, 18.95);
insert into SHOT values (2137, 2342, 2343, 2882, 5.870, 349.13, -2.00, 6.039, 346.96, -0.75, 0.311, 295.42, 23.97);
insert into SHOT values (2138, 2343, 2344, 2882, 3.620, 300.63, -2.00, 3.848, 300.01, -0.88, 0.243, 290.34, 16.02);
insert into SHOT values (2139, 2344, 2345, 2882, 3.950, 282.13, -2.00, 4.202, 282.45, -0.87, 0.265, 287.32, 16.17);
insert into SHOT values (2140, 2345, 2346, 2882, 4.770, 202.13, -5.00, 4.734, 204.90, -3.90, 0.249, 300.68, 22.16);
insert into SHOT values (2141, 2346, 2309, 2882, 3.740, 229.13, -4.00, 3.834, 232.15, -2.86, 0.232, 294.41, 17.43);
insert into SHOT values (2142, 2321, 2347, 2882, 4.480, 174.13, -4.00, 4.480, 174.13, -4.00, 0.000, 356.55, 0.00);
insert into SHOT values (2143, 2305, 2321, 2882, 9.030, 8.13, 2.00, 9.055, 7.40, 1.86, 0.121, 290.20, -10.34);
insert into SHOT values (2144, 2310, 2348, 2882, 23.200, 252.13, -3.00, 23.231, 250.97, -2.68, 0.490, 166.08, 15.23);
insert into SHOT values (2145, 2348, 2326, 2882, 6.440, 19.63, 2.00, 6.423, 20.28, 2.12, 0.076, 123.15, 9.33);
insert into SHOT values (2146, 2348, 2349, 2882, 11.110, 282.13, 1.50, 11.110, 282.13, 1.50, 0.000, 177.17, -0.00);
insert into SURVEY values (2884, 2878, 'PerteDesDents', 'PerteDesDents.205.UltimaPatagonia', 'Perte Des Dents');
 insert into CENTRELINE values (2885, 2884, NULL, NULL, NULL, 0.00, 0.00, 0.00);
 insert into CENTRELINE values (2886, 2884, NULL, '2008-02-01', NULL, 119.95, 0.00, 0.00);
 insert into SHOT values (2147, 2350, 2351, 2886, 18.300, 264.54, -45.00, 18.300, 264.54, -45.00, 0.000, 215.23, 0.01);
insert into SHOT values (2148, 2351, 2352, 2886, 8.500, 209.54, -42.00, 8.500, 209.54, -42.00, 0.000, 177.17, 0.00);
insert into SHOT values (2149, 2352, 2353, 2886, 11.000, 247.54, -33.00, 11.000, 247.54, -33.00, 0.000, 0.74, -0.00);
insert into SHOT values (2150, 2353, 2354, 2886, 8.600, 232.54, 6.00, 8.600, 232.54, 6.00, 0.000, 182.59, -0.00);
insert into SHOT values (2151, 2353, 2355, 2886, 3.100, 314.54, -20.00, 3.100, 314.54, -20.00, 0.000, 183.06, -0.00);
insert into SHOT values (2152, 2355, 2356, 2886, 11.500, 261.54, -52.00, 11.500, 261.54, -52.00, 0.000, 176.96, 0.00);
insert into SHOT values (2153, 2356, 2357, 2886, 13.200, 290.54, -35.00, 13.200, 290.54, -35.00, 0.000, 359.32, -0.00);
insert into SHOT values (2154, 2357, 2358, 2886, 14.900, 261.54, -43.00, 14.900, 261.54, -43.00, 0.000, 101.21, -0.00);
insert into SHOT values (2155, 2358, 2359, 2886, 8.400, 3.54, -73.00, 8.400, 3.54, -73.00, 0.000, 170.39, -0.01);
insert into SHOT values (2156, 2359, 2360, 2886, 3.100, 277.54, -32.00, 3.100, 277.54, -32.00, 0.000, 1.30, -0.01);
insert into SHOT values (2157, 2360, 2361, 2886, 4.700, 251.54, -4.00, 4.700, 251.54, -4.00, 0.000, 178.98, 0.00);
insert into SHOT values (2158, 2361, 2362, 2886, 14.650, 289.54, -72.00, 14.650, 289.54, -72.00, 0.000, 357.75, 0.00);
insert into CENTRELINE values (2887, 2884, NULL, NULL, NULL, 161.09, 0.00, 0.00);
 insert into SHOT values (2159, 2363, 2362, 2887, 9.300, 171.13, 35.00, 9.300, 171.13, 35.00, 0.000, 175.37, -0.00);
insert into SHOT values (2160, 2364, 2363, 2887, 14.300, 154.13, 35.00, 14.300, 154.13, 35.00, 0.000, 355.50, 0.00);
insert into SHOT values (2161, 2365, 2364, 2887, 5.440, 151.13, 28.00, 5.440, 151.13, 28.00, 0.000, 359.28, -0.00);
insert into SHOT values (2162, 2366, 2365, 2887, 9.460, 112.13, 27.00, 9.460, 112.13, 27.00, 0.000, 183.60, 0.00);
insert into SHOT values (2163, 2367, 2366, 2887, 11.300, 101.13, 56.00, 11.300, 101.13, 56.00, 0.000, 2.96, -0.00);
insert into SHOT values (2164, 2368, 2367, 2887, 8.600, 126.13, 45.00, 8.600, 126.13, 45.00, 0.000, 356.82, -0.00);
insert into SHOT values (2165, 2369, 2368, 2887, 6.300, 134.13, 25.00, 6.300, 134.13, 25.00, 0.000, 1.74, -0.00);
insert into SHOT values (2166, 2370, 2369, 2887, 5.000, 142.13, 45.00, 5.000, 142.13, 45.00, 0.000, 183.71, -0.00);
insert into SHOT values (2167, 2371, 2370, 2887, 2.130, 141.13, 40.00, 2.130, 141.13, 40.00, 0.000, 5.82, 0.00);
insert into SHOT values (2168, 2372, 2371, 2887, 5.060, 146.13, 25.00, 5.060, 146.13, 25.00, 0.000, 129.48, -0.01);
insert into SHOT values (2169, 2373, 2372, 2887, 3.000, 112.13, 20.00, 3.000, 112.13, 20.00, 0.000, 179.08, -0.00);
insert into SHOT values (2170, 2374, 2373, 2887, 4.100, 200.13, 20.00, 4.100, 200.13, 20.00, 0.000, 0.59, -0.00);
insert into SHOT values (2171, 2375, 2374, 2887, 13.300, 130.13, 21.00, 13.300, 130.13, 21.00, 0.000, 3.39, 0.00);
insert into SHOT values (2172, 2376, 2375, 2887, 7.100, 142.13, 18.00, 7.100, 142.13, 18.00, 0.000, 6.42, 0.00);
insert into SHOT values (2173, 2377, 2376, 2887, 8.000, 155.13, 52.00, 8.000, 155.13, 52.00, 0.000, 3.48, 0.00);
insert into SHOT values (2174, 2378, 2377, 2887, 5.000, 186.13, 25.00, 5.000, 186.13, 25.00, 0.000, 2.85, 0.00);
insert into SHOT values (2175, 2379, 2378, 2887, 6.400, 184.13, 60.00, 6.400, 184.13, 60.00, 0.000, 242.90, 0.01);
insert into SHOT values (2176, 2380, 2379, 2887, 7.600, 139.13, 10.00, 7.600, 139.13, 10.00, 0.000, 177.76, 0.00);
insert into SHOT values (2177, 2381, 2380, 2887, 5.200, 58.13, 10.00, 5.200, 58.13, 10.00, 0.000, 213.44, -0.01);
insert into SHOT values (2178, 2382, 2381, 2887, 8.300, 57.13, 40.00, 8.300, 57.13, 40.00, 0.000, 176.18, 0.00);
insert into SHOT values (2179, 2383, 2382, 2887, 16.200, 74.13, 15.00, 16.200, 74.13, 15.00, 0.000, 359.01, 0.00);
insert into CENTRELINE values (2888, 2884, NULL, NULL, NULL, 220.78, 0.00, 0.00);
 insert into SHOT values (2180, 2384, 2385, 2888, 0.900, 287.13, 0.00, 0.900, 287.13, 0.00, 0.000, 4.64, 0.00);
insert into SHOT values (2181, 2385, 2386, 2888, 2.360, 306.13, 0.00, 2.360, 306.13, 0.00, 0.000, 0.68, 0.00);
insert into SHOT values (2182, 2386, 2387, 2888, 1.640, 324.13, 0.00, 1.640, 324.13, 0.00, 0.000, 350.20, 0.00);
insert into SHOT values (2183, 2387, 2388, 2888, 2.380, 282.13, 0.00, 2.380, 282.13, 0.00, 0.000, 170.02, 0.00);
insert into SHOT values (2184, 2388, 2389, 2888, 2.780, 331.13, 0.00, 2.780, 331.13, 0.00, 0.000, 7.06, 0.00);
insert into SHOT values (2185, 2389, 2390, 2888, 5.000, 326.13, 0.00, 5.000, 326.13, 0.00, 0.000, 176.68, 0.00);
insert into SHOT values (2186, 2390, 2391, 2888, 5.300, 34.13, 0.00, 5.300, 34.13, 0.00, 0.000, 359.88, 0.00);
insert into SHOT values (2187, 2391, 2392, 2888, 5.500, 31.13, 0.00, 5.500, 31.13, 0.00, 0.000, 182.04, 0.00);
insert into SHOT values (2188, 2392, 2393, 2888, 7.120, 66.13, 0.00, 7.120, 66.13, 0.00, 0.000, 184.48, 0.00);
insert into SHOT values (2189, 2393, 2394, 2888, 25.700, 352.13, 0.00, 25.700, 352.13, 0.00, 0.000, 1.25, 0.00);
insert into SHOT values (2190, 2394, 2395, 2888, 14.000, 314.13, -1.00, 14.000, 314.13, -1.00, 0.000, 3.09, -0.00);
insert into SHOT values (2191, 2395, 2396, 2888, 8.000, 352.13, -1.00, 8.000, 352.13, -1.00, 0.000, 3.88, 0.01);
insert into SHOT values (2192, 2396, 2397, 2888, 4.570, 11.13, -1.00, 4.570, 11.13, -1.00, 0.000, 181.58, -0.00);
insert into SHOT values (2193, 2397, 2398, 2888, 7.070, 38.13, -1.00, 7.070, 38.13, -1.00, 0.000, 2.95, -0.00);
insert into SHOT values (2194, 2398, 2399, 2888, 5.220, 305.13, -1.00, 5.220, 305.13, -1.00, 0.000, 3.21, 0.00);
insert into SHOT values (2195, 2399, 2400, 2888, 13.500, 13.13, -1.00, 13.500, 13.13, -1.00, 0.000, 176.21, 0.00);
insert into SHOT values (2196, 2400, 2401, 2888, 9.570, 295.13, -1.00, 9.570, 295.13, -1.00, 0.000, 183.00, 0.00);
insert into SHOT values (2197, 2401, 2402, 2888, 19.300, 348.13, -1.00, 19.300, 348.13, -1.00, 0.000, 293.07, -0.02);
insert into SHOT values (2198, 2402, 2403, 2888, 17.340, 301.13, -1.00, 17.340, 301.13, -1.00, 0.000, 186.92, 0.00);
insert into SHOT values (2199, 2403, 2364, 2888, 5.000, 260.13, -10.00, 5.000, 260.13, -10.00, 0.000, 4.60, 0.00);
insert into SHOT values (2200, 2403, 2404, 2888, 15.000, 323.13, -30.00, 15.000, 323.13, -30.00, 0.000, 348.70, -0.01);
insert into SHOT values (2201, 2404, 2405, 2888, 4.350, 246.13, 0.00, 4.350, 246.13, 0.00, 0.000, 358.46, 0.00);
insert into SHOT values (2202, 2405, 2406, 2888, 3.620, 347.13, 0.00, 3.620, 347.13, 0.00, 0.000, 279.07, 0.00);
insert into SHOT values (2203, 2406, 2407, 2888, 2.950, 337.13, 43.00, 2.950, 337.13, 43.00, 0.000, 183.86, -0.00);
insert into SHOT values (2204, 2407, 2408, 2888, 3.470, 31.13, 15.00, 3.470, 31.13, 15.00, 0.000, 0.11, 0.00);
insert into SHOT values (2205, 2408, 2409, 2888, 5.100, 286.13, 0.00, 5.100, 286.13, 0.00, 0.000, 182.63, 0.00);
insert into SHOT values (2206, 2409, 2410, 2888, 4.100, 358.13, 0.00, 4.100, 358.13, 0.00, 0.000, 2.45, 0.00);
insert into SHOT values (2207, 2410, 2411, 2888, 5.200, 224.13, -34.00, 5.200, 224.13, -34.00, 0.000, 359.95, 0.00);
insert into SHOT values (2208, 2411, 2412, 2888, 6.740, 346.13, -5.00, 6.740, 346.13, -5.00, 0.000, 3.81, -0.00);
insert into SHOT values (2209, 2412, 2413, 2888, 5.600, 237.13, -14.00, 5.600, 237.13, -14.00, 0.000, 184.79, 0.00);
insert into SHOT values (2210, 2413, 2414, 2888, 2.400, 252.13, -20.00, 2.400, 252.13, -20.00, 0.000, 1.90, 0.00);
insert into SURVEY values (2890, 2878, 'SumideroJuanito', 'SumideroJuanito.205.UltimaPatagonia', 'Sumidero Juanito');
 insert into CENTRELINE values (2891, 2890, NULL, NULL, NULL, 0.00, 0.00, 0.00);
 insert into CENTRELINE values (2892, 2890, NULL, '2008-02-01', NULL, 155.90, 0.00, 0.00);
 insert into SHOT values (2211, 2415, 2416, 2892, 5.900, 230.54, 53.00, 5.900, 230.54, 53.00, 0.000, 181.94, 0.00);
insert into SHOT values (2212, 2417, 2415, 2892, 15.000, 139.54, 56.00, 15.000, 139.54, 56.00, 0.000, 179.76, -0.00);
insert into SHOT values (2213, 2418, 2417, 2892, 13.700, 130.54, 40.00, 13.700, 130.54, 40.00, 0.000, 356.22, -0.00);
insert into SHOT values (2214, 2419, 2418, 2892, 9.800, 89.54, 20.00, 9.800, 89.54, 20.00, 0.000, 349.22, 0.01);
insert into SHOT values (2215, 2420, 2419, 2892, 2.500, 42.54, 8.00, 2.500, 42.54, 8.00, 0.000, 182.41, 0.00);
insert into SHOT values (2216, 2421, 2420, 2892, 4.500, 5.54, 48.00, 4.500, 5.54, 48.00, 0.000, 181.40, 0.00);
insert into SHOT values (2217, 2422, 2421, 2892, 6.800, 95.54, 68.00, 6.800, 95.54, 68.00, 0.000, 184.45, 0.00);
insert into SHOT values (2218, 2423, 2422, 2892, 8.000, 73.54, 33.00, 8.000, 73.54, 33.00, 0.000, 1.61, -0.00);
insert into SHOT values (2219, 2424, 2423, 2892, 6.100, 55.54, 43.00, 6.100, 55.54, 43.00, 0.000, 163.31, -0.03);
insert into SHOT values (2220, 2425, 2424, 2892, 2.700, 109.54, 0.00, 2.700, 109.54, 0.00, 0.000, 355.65, 0.00);
insert into SHOT values (2221, 2426, 2425, 2892, 3.300, 77.54, 31.00, 3.300, 77.54, 31.00, 0.000, 182.48, 0.00);
insert into SHOT values (2222, 2427, 2426, 2892, 4.100, 112.54, 15.00, 4.100, 112.54, 15.00, 0.000, 5.17, 0.00);
insert into SHOT values (2223, 2428, 2427, 2892, 3.500, 15.54, 54.00, 3.500, 15.54, 54.00, 0.000, 190.11, -0.01);
insert into SHOT values (2224, 2429, 2428, 2892, 6.600, 72.54, 42.00, 6.600, 72.54, 42.00, 0.000, 179.34, 0.00);
insert into SHOT values (2225, 2430, 2429, 2892, 20.500, 95.54, 76.00, 20.500, 95.54, 76.00, 0.000, 357.10, 0.00);
insert into SHOT values (2226, 2431, 2430, 2892, 14.500, 105.54, 56.00, 14.500, 105.54, 56.00, 0.000, 3.05, 0.00);
insert into SHOT values (2227, 2432, 2431, 2892, 6.500, 127.54, 42.00, 6.500, 127.54, 42.00, 0.000, 185.86, -0.00);
insert into SHOT values (2228, 2433, 2432, 2892, 9.300, 111.54, 66.00, 9.300, 111.54, 66.00, 0.000, 357.86, -0.00);
insert into SHOT values (2229, 2434, 2433, 2892, 5.500, 223.54, 37.00, 5.500, 223.54, 37.00, 0.000, 183.30, -0.00);
insert into SHOT values (2230, 2435, 2434, 2892, 7.100, 15.54, 90.00, 7.100, 90.00, 90.00, 0.000, 15.54, -12.13);
insert into CENTRELINE values (2893, 2890, NULL, NULL, NULL, 49.00, 0.00, 0.00);
 insert into SHOT values (2231, 2432, 2436, 2893, 7.000, 16.13, 0.00, 7.000, 16.13, 0.00, 0.000, 285.33, 0.00);
insert into SHOT values (2232, 2436, 2437, 2893, 15.000, 292.13, -80.00, 15.000, 292.13, -80.00, 0.000, 7.99, 0.00);
insert into SHOT values (2233, 2437, 2438, 2893, 2.000, 16.13, 0.00, 2.000, 16.13, 0.00, 0.000, 358.86, 0.00);
insert into SHOT values (2234, 2438, 2439, 2893, 25.000, 196.13, -90.00, 25.000, 90.00, -90.00, 0.000, 196.13, 0.00);
insert into SURVEY values (2895, 2878, 'GrotteAudeline', 'GrotteAudeline.205.UltimaPatagonia', 'Grotte de l''Audeline');
 insert into CENTRELINE values (2896, 2895, NULL, NULL, NULL, 0.00, 0.00, 0.00);
 insert into CENTRELINE values (2897, 2895, NULL, '2010-02-01', NULL, 143.14, 0.00, 0.00);
 insert into SHOT values (2235, 2440, 2441, 2897, 7.000, 309.39, -10.00, 7.000, 309.39, -10.00, 0.000, 189.92, 0.00);
insert into SHOT values (2236, 2441, 2442, 2897, 17.000, 15.39, -90.00, 17.000, 90.00, -90.00, 0.000, 15.39, 0.00);
insert into SHOT values (2237, 2442, 2443, 2897, 0.500, 15.39, -90.00, 0.500, 90.00, -90.00, 0.000, 15.39, 0.00);
insert into SHOT values (2238, 2441, 2444, 2897, 3.450, 309.39, -10.00, 3.450, 309.39, -10.00, 0.000, 17.18, 0.00);
insert into SHOT values (2239, 2444, 2445, 2897, 6.690, 230.39, -3.00, 6.690, 230.39, -3.00, 0.000, 218.28, 0.01);
insert into SHOT values (2240, 2445, 2446, 2897, 9.000, 302.39, -36.00, 9.000, 302.39, -36.00, 0.000, 0.26, -0.00);
insert into SHOT values (2241, 2446, 2447, 2897, 6.890, 293.39, 19.00, 6.890, 293.39, 19.00, 0.000, 359.59, -0.00);
insert into SHOT values (2242, 2447, 2448, 2897, 5.320, 300.39, 18.00, 5.320, 300.39, 18.00, 0.000, 2.90, -0.00);
insert into SHOT values (2243, 2448, 2449, 2897, 15.380, 166.39, 2.00, 15.380, 166.39, 2.00, 0.000, 170.31, -0.00);
insert into SHOT values (2244, 2449, 2450, 2897, 8.890, 182.39, 5.00, 8.890, 182.39, 5.00, 0.000, 187.48, -0.01);
insert into SHOT values (2245, 2450, 2451, 2897, 5.860, 225.39, -3.00, 5.860, 225.39, -3.00, 0.000, 221.40, 0.05);
insert into SHOT values (2246, 2451, 2452, 2897, 12.520, 154.39, 0.00, 12.520, 154.39, 0.00, 0.000, 183.46, 0.00);
insert into SHOT values (2247, 2452, 2453, 2897, 11.060, 180.39, -3.00, 11.060, 180.39, -3.00, 0.000, 3.19, 0.01);
insert into SHOT values (2248, 2453, 2454, 2897, 11.100, 218.39, 2.00, 11.100, 218.39, 2.00, 0.000, 357.84, -0.01);
insert into SHOT values (2249, 2454, 2455, 2897, 7.600, 201.39, 1.00, 7.600, 201.39, 1.00, 0.000, 178.06, 0.00);
insert into SHOT values (2250, 2455, 2456, 2897, 5.900, 157.39, 4.00, 5.900, 157.39, 4.00, 0.000, 178.96, 0.00);
insert into SHOT values (2251, 2456, 2457, 2897, 8.980, 170.39, 4.00, 8.980, 170.39, 4.00, 0.000, 1.09, -0.00);
insert into SURVEY values (2899, 2878, 'AbriDuCerfeuil', 'AbriDuCerfeuil.205.UltimaPatagonia', 'Abri du Cerfeuil');
 insert into CENTRELINE values (2900, 2899, NULL, NULL, NULL, 0.00, 0.00, 0.00);
 insert into SURVEY values (2902, 2878, 'CuevaLaBas', 'CuevaLaBas.205.UltimaPatagonia', 'Cueva La-Bas');
 insert into CENTRELINE values (2903, 2902, NULL, NULL, NULL, 0.00, 0.00, 0.00);
 insert into SURVEY values (2905, 2878, 'CuevaArdilla', 'CuevaArdilla.205.UltimaPatagonia', 'Cueva Ardilla');
 insert into CENTRELINE values (2906, 2905, NULL, NULL, NULL, 0.00, 0.00, 0.00);
 insert into SURVEY values (2908, 2878, 'MD/SOU01', 'MD/SOU01.205.UltimaPatagonia', 'MD/SOU01');
 insert into CENTRELINE values (2909, 2908, NULL, NULL, NULL, 0.00, 0.00, 0.00);
 insert into SURVEY values (2911, 2878, 'MD/SOU02', 'MD/SOU02.205.UltimaPatagonia', 'MD/SOU02');
 insert into CENTRELINE values (2912, 2911, NULL, NULL, NULL, 0.00, 0.00, 0.00);
 insert into SURVEY values (2914, 2878, 'PerteInattendue', 'PerteInattendue.205.UltimaPatagonia', 'Perte Inattendue');
 insert into CENTRELINE values (2915, 2914, NULL, NULL, NULL, 0.00, 0.00, 0.00);
 insert into SURVEY values (2917, 2878, 'PerteAmbree', 'PerteAmbree.205.UltimaPatagonia', 'La Perte Ambree');
 insert into CENTRELINE values (2918, 2917, NULL, NULL, NULL, 0.00, 0.00, 0.00);
 insert into SURVEY values (2920, 2878, 'PerteFaille', 'PerteFaille.205.UltimaPatagonia', 'perte-faille');
 insert into CENTRELINE values (2921, 2920, NULL, NULL, NULL, 0.00, 0.00, 0.00);
 insert into SURVEY values (2923, 2878, 'PerteDesQuatreChampignons', 'PerteDesQuatreChampignons.205.UltimaPatagonia', 'Perte des 4 champi');
 insert into CENTRELINE values (2924, 2923, NULL, NULL, NULL, 0.00, 0.00, 0.00);
 insert into SURVEY values (2926, 2878, 'PerteDuJump', 'PerteDuJump.205.UltimaPatagonia', 'Perte du Jump');
 insert into CENTRELINE values (2927, 2926, NULL, NULL, NULL, 0.00, 0.00, 0.00);
 insert into SURVEY values (2929, 2878, 'FailleDuCoinceur', 'FailleDuCoinceur.205.UltimaPatagonia', 'Faille du Coinceur');
 insert into CENTRELINE values (2930, 2929, NULL, NULL, NULL, 0.00, 0.00, 0.00);
 insert into SURVEY values (2932, 2878, 'IgueDuPlouc', 'IgueDuPlouc.205.UltimaPatagonia', 'Igue du Plouc');
 insert into CENTRELINE values (2933, 2932, NULL, NULL, NULL, 0.00, 0.00, 0.00);
 insert into SURVEY values (2935, 2878, 'CuevaDeLaFinDeMatinas', 'CuevaDeLaFinDeMatinas.205.UltimaPatagonia', 'Cueva de la fin de Matinas');
 insert into CENTRELINE values (2936, 2935, NULL, NULL, NULL, 0.00, 0.00, 0.00);
 insert into CENTRELINE values (2938, 2878, NULL, NULL, NULL, 0.00, 0.00, 0.00);
 insert into SURVEY values (2940, 22, '206', '206.UltimaPatagonia', '206 Roberto');
 insert into CENTRELINE values (2941, 2940, NULL, NULL, NULL, 0.00, 0.00, 0.00);
 insert into SURVEY values (2942, 2940, 'PozoDelContacto', 'PozoDelContacto.206.UltimaPatagonia', 'PozoDelContacto');
 insert into CENTRELINE values (2943, 2942, NULL, NULL, NULL, 0.00, 0.00, 0.00);
 insert into CENTRELINE values (2944, 2942, NULL, NULL, NULL, 87.19, 0.00, 0.00);
 insert into SHOT values (2252, 2493, 2494, 2944, 2.110, 206.13, 12.00, 2.110, 206.13, 12.00, 0.000, 347.93, -0.02);
insert into SHOT values (2253, 2494, 2495, 2944, 1.750, 264.13, 55.00, 1.750, 264.13, 55.00, 0.000, 357.85, -0.01);
insert into SHOT values (2254, 2495, 2496, 2944, 10.180, 191.13, 78.00, 10.180, 191.13, 78.00, 0.000, 343.12, -0.00);
insert into SHOT values (2255, 2496, 2497, 2944, 10.000, 216.13, 75.00, 10.000, 216.13, 75.00, 0.000, 356.64, 0.00);
insert into SHOT values (2256, 2497, 2498, 2944, 1.730, 286.13, 18.00, 1.730, 286.13, 18.00, 0.000, 21.02, 0.04);
insert into SHOT values (2257, 2498, 2499, 2944, 4.100, 281.13, 61.00, 4.100, 281.13, 61.00, 0.000, 356.87, -0.01);
insert into SHOT values (2258, 2499, 2500, 2944, 10.790, 266.13, 35.00, 10.790, 266.13, 35.00, 0.000, 176.68, -0.01);
insert into SHOT values (2259, 2500, 2501, 2944, 3.150, 271.13, 42.00, 3.150, 271.13, 42.00, 0.000, 1.31, 0.01);
insert into SHOT values (2260, 2501, 2502, 2944, 3.000, 296.13, -35.00, 3.000, 296.13, -35.00, 0.000, 0.83, 0.00);
insert into SHOT values (2261, 2502, 2503, 2944, 6.290, 231.13, -5.00, 6.290, 231.13, -5.00, 0.000, 4.89, 0.06);
insert into SHOT values (2262, 2501, 2504, 2944, 2.250, 196.13, 44.00, 2.250, 196.13, 44.00, 0.000, 192.14, 0.02);
insert into SHOT values (2263, 2504, 2505, 2944, 12.040, 306.13, 69.00, 12.040, 306.13, 69.00, 0.000, 2.13, -0.02);
insert into SHOT values (2264, 2501, 2506, 2944, 2.670, 156.13, 12.00, 2.670, 156.13, 12.00, 0.000, 184.83, -0.01);
insert into SHOT values (2265, 2506, 2507, 2944, 4.500, 206.13, 53.00, 4.500, 206.13, 53.00, 0.000, 3.43, -0.04);
insert into SHOT values (2266, 2507, 2508, 2944, 3.460, 186.13, 33.00, 3.460, 186.13, 33.00, 0.000, 8.94, 0.05);
insert into SHOT values (2267, 2508, 2509, 2944, 9.170, 236.13, 35.00, 9.170, 236.13, 35.00, 0.000, 1.86, 0.01);
insert into SURVEY values (2946, 2940, 'PerteDuMoral', 'PerteDuMoral.206.UltimaPatagonia', 'PerteDuMoral');
 insert into CENTRELINE values (2947, 2946, NULL, NULL, NULL, 0.00, 0.00, 0.00);
 insert into CENTRELINE values (2948, 2946, NULL, NULL, NULL, 127.50, 0.00, 0.00);
 insert into SHOT values (2268, 2510, 2511, 2948, 25.000, 146.13, -75.00, 25.000, 146.13, -75.00, 0.000, 17.54, -0.00);
insert into SHOT values (2269, 2511, 2512, 2948, 10.500, 331.13, -45.00, 10.500, 331.13, -45.00, 0.000, 354.46, 0.00);
insert into SHOT values (2270, 2512, 2513, 2948, 22.000, 321.13, -42.00, 22.000, 321.13, -42.00, 0.000, 173.36, -0.00);
insert into SHOT values (2271, 2513, 2514, 2948, 13.500, 216.13, -35.00, 13.500, 216.13, -35.00, 0.000, 187.69, 0.00);
insert into SHOT values (2272, 2514, 2515, 2948, 10.000, 248.13, -36.00, 10.000, 248.13, -36.00, 0.000, 9.54, 0.00);
insert into SHOT values (2273, 2515, 2516, 2948, 15.000, 271.13, -33.00, 15.000, 271.13, -33.00, 0.000, 0.09, -0.00);
insert into SHOT values (2274, 2515, 2517, 2948, 18.500, 36.13, 10.00, 18.500, 36.13, 10.00, 0.000, 188.60, -0.01);
insert into SHOT values (2275, 2517, 2518, 2948, 2.500, 16.13, -90.00, 2.500, 90.00, -90.00, 0.000, 16.13, 0.00);
insert into SHOT values (2276, 2518, 2519, 2948, 10.500, 30.13, -35.00, 10.500, 30.13, -35.00, 0.000, 182.27, -0.00);
insert into SURVEY values (2950, 2940, 'P85Camp400', 'P85Camp400.206.UltimaPatagonia', 'P85Camp400');
 insert into CENTRELINE values (2951, 2950, NULL, NULL, NULL, 0.00, 0.00, 0.00);
 insert into CENTRELINE values (2952, 2950, NULL, NULL, NULL, 92.90, 0.00, 0.00);
 insert into SHOT values (2277, 2520, 2521, 2952, 5.400, 20.13, -16.00, 5.400, 20.13, -16.00, 0.000, 0.77, -0.01);
insert into SHOT values (2278, 2521, 2522, 2952, 17.400, 138.13, -86.00, 17.400, 138.13, -86.00, 0.000, 181.50, -0.00);
insert into SHOT values (2279, 2522, 2523, 2952, 10.000, 216.13, -70.00, 10.000, 216.13, -70.00, 0.000, 176.19, -0.00);
insert into SHOT values (2280, 2523, 2524, 2952, 10.600, 216.13, -81.00, 10.600, 216.13, -81.00, 0.000, 180.85, -0.00);
insert into SHOT values (2281, 2524, 2525, 2952, 23.700, 45.13, -78.00, 23.700, 45.13, -78.00, 0.000, 179.84, -0.00);
insert into SHOT values (2282, 2525, 2526, 2952, 2.500, 48.13, -6.00, 2.500, 48.13, -6.00, 0.000, 181.36, -0.00);
insert into SHOT values (2283, 2526, 2527, 2952, 23.300, 16.13, -90.00, 23.300, 90.00, -90.00, 0.000, 16.13, -7.46);
insert into SURVEY values (2954, 2940, 'CuevaComete', 'CuevaComete.206.UltimaPatagonia', 'CuevaComete');
 insert into CENTRELINE values (2955, 2954, NULL, NULL, NULL, 0.00, 0.00, 0.00);
 insert into CENTRELINE values (2956, 2954, NULL, NULL, NULL, 111.40, 0.00, 0.00);
 insert into SHOT values (2284, 2528, 2529, 2956, 17.000, 16.13, -90.00, 17.000, 90.00, -90.00, 0.000, 16.13, 0.00);
insert into SHOT values (2285, 2529, 2530, 2956, 22.000, 16.13, -90.00, 22.000, 90.00, -90.00, 0.000, 16.13, 0.00);
insert into SHOT values (2286, 2530, 2531, 2956, 7.700, 186.13, 0.00, 7.700, 186.13, 0.00, 0.000, 197.18, 0.00);
insert into SHOT values (2287, 2531, 2532, 2956, 14.700, 16.13, -90.00, 14.700, 90.00, -90.00, 0.000, 16.13, 11.73);
insert into SHOT values (2288, 2530, 2533, 2956, 10.700, 16.13, -90.00, 10.700, 90.00, -90.00, 0.000, 16.13, 15.92);
insert into SHOT values (2289, 2533, 2534, 2956, 7.300, 351.13, -32.00, 7.300, 351.13, -32.00, 0.000, 185.26, 0.01);
insert into SHOT values (2290, 2534, 2535, 2956, 32.000, 16.13, -90.00, 32.000, 90.00, -90.00, 0.000, 16.13, 0.00);
insert into SURVEY values (2958, 2940, 'PerteDeLaRiviere', 'PerteDeLaRiviere.206.UltimaPatagonia', 'PerteDeLaRiviere');
 insert into CENTRELINE values (2959, 2958, NULL, NULL, NULL, 0.00, 0.00, 0.00);
 insert into CENTRELINE values (2960, 2958, NULL, NULL, NULL, 155.90, 0.00, 0.00);
 insert into SHOT values (2291, 2536, 2537, 2960, 6.500, 290.13, 62.00, 6.500, 290.13, 62.00, 0.000, 169.30, 0.00);
insert into SHOT values (2292, 2537, 2538, 2960, 2.000, 262.13, 13.00, 2.000, 262.13, 13.00, 0.000, 133.81, -0.00);
insert into SHOT values (2293, 2538, 2539, 2960, 2.200, 293.13, 0.00, 2.200, 293.13, 0.00, 0.000, 187.97, 0.00);
insert into SHOT values (2294, 2539, 2540, 2960, 3.500, 12.13, 0.00, 3.500, 12.13, 0.00, 0.000, 255.38, 0.00);
insert into SHOT values (2295, 2540, 2541, 2960, 1.400, 128.13, 0.00, 1.400, 128.13, 0.00, 0.000, 2.62, 0.00);
insert into SHOT values (2296, 2541, 2542, 2960, 3.600, 296.13, 10.00, 3.600, 296.13, 10.00, 0.000, 12.36, 0.00);
insert into SHOT values (2297, 2542, 2543, 2960, 4.000, 268.13, 14.00, 4.000, 268.13, 14.00, 0.000, 186.51, 0.00);
insert into SHOT values (2298, 2543, 2544, 2960, 2.000, 21.13, 0.00, 2.000, 21.13, 0.00, 0.000, 179.29, 0.00);
insert into SHOT values (2299, 2544, 2545, 2960, 13.600, 21.13, -60.00, 13.600, 21.13, -60.00, 0.000, 25.48, 0.00);
insert into SHOT values (2300, 2543, 2546, 2960, 28.400, 201.13, 60.00, 28.400, 201.13, 60.00, 0.000, 184.84, 0.00);
insert into SHOT values (2301, 2546, 2547, 2960, 14.300, 228.13, 26.00, 14.300, 228.13, 26.00, 0.000, 186.31, 0.00);
insert into SHOT values (2302, 2547, 2548, 2960, 8.500, 240.13, 67.00, 8.500, 240.13, 67.00, 0.000, 357.98, 0.00);
insert into SHOT values (2303, 2548, 2549, 2960, 2.100, 281.13, -25.00, 2.125, 300.87, -50.57, 1.085, 65.39, -44.02);
insert into SHOT values (2304, 2549, 2550, 2960, 4.400, 316.13, 18.00, 4.381, 329.39, 2.54, 1.540, 41.86, -49.20);
insert into SHOT values (2305, 2550, 2551, 2960, 11.700, 352.13, 63.00, 10.822, 8.03, 47.81, 3.545, 42.01, -42.74);
insert into SHOT values (2306, 2551, 2552, 2960, 3.600, 6.13, 22.00, 4.257, 10.72, 4.90, 1.370, 27.00, -45.95);
insert into SHOT values (2307, 2552, 2553, 2960, 1.200, 16.13, 5.00, 2.113, 16.97, -9.84, 1.001, 18.10, -27.71);
insert into SHOT values (2308, 2553, 2554, 2960, 2.400, 286.13, 6.00, 1.884, 304.55, -11.52, 1.066, 63.56, -36.03);
insert into SHOT values (2309, 2554, 2555, 2960, 4.500, 296.13, 10.00, 4.172, 309.38, -5.27, 1.554, 48.31, -48.57);
insert into SHOT values (2310, 2555, 2556, 2960, 4.300, 171.13, 28.00, 3.211, 159.21, 14.73, 1.560, 31.35, -50.44);
insert into SHOT values (2311, 2556, 2557, 2960, 8.200, 226.13, 5.00, 6.832, 227.30, -18.43, 3.337, 41.67, -59.49);
insert into SHOT values (2312, 2557, 2558, 2960, 12.000, 314.13, 68.00, 12.000, 314.13, 68.00, 0.000, 181.91, -0.00);
insert into SHOT values (2313, 2558, 2559, 2960, 11.500, 85.13, 90.00, 11.500, 90.00, 90.00, 0.000, 85.13, 0.00);
insert into CENTRELINE values (2961, 2958, NULL, NULL, NULL, 89.40, 0.00, 0.00);
 insert into SHOT values (2314, 2557, 2560, 2961, 10.000, 171.13, 47.00, 7.344, 153.02, 38.24, 3.559, 44.43, -51.05);
insert into SHOT values (2315, 2560, 2561, 2961, 7.300, 203.13, 1.00, 6.410, 196.74, -20.48, 2.799, 49.80, -57.84);
insert into SHOT values (2316, 2561, 2562, 2961, 4.800, 167.13, -44.00, 5.569, 153.05, -58.78, 1.720, 34.24, -56.11);
insert into SHOT values (2317, 2562, 2563, 2961, 31.800, 110.13, -90.00, 31.800, 90.00, -90.00, 0.000, 110.13, 1.83);
insert into SHOT values (2318, 2562, 2548, 2961, 6.600, 106.13, 0.00, 7.484, 95.85, -15.59, 2.438, 37.08, -55.57);
insert into SHOT values (2319, 2558, 2564, 2961, 2.400, 45.13, 21.00, 2.400, 45.13, 21.00, 0.000, 186.06, -0.00);
insert into SHOT values (2320, 2564, 2565, 2961, 2.200, 291.13, 31.00, 2.200, 291.13, 31.00, 0.000, 189.28, 0.00);
insert into SHOT values (2321, 2565, 2566, 2961, 3.800, 63.13, 30.00, 3.800, 63.13, 30.00, 0.000, 4.73, 0.00);
insert into SHOT values (2322, 2566, 2567, 2961, 5.500, 320.13, 19.50, 5.500, 320.13, 19.50, 0.000, 1.69, -0.00);
insert into SHOT values (2323, 2567, 2568, 2961, 15.000, 16.13, 90.00, 15.000, 90.00, 90.00, 0.000, 16.13, 0.00);
insert into CENTRELINE values (2962, 2958, NULL, NULL, NULL, 105.70, 0.00, 0.00);
 insert into SHOT values (2324, 2569, 2570, 2962, 9.600, 322.13, 33.00, 9.600, 322.13, 33.00, 0.000, 0.77, -0.00);
insert into SHOT values (2325, 2570, 2571, 2962, 7.400, 307.13, 4.00, 7.400, 307.13, 4.00, 0.000, 168.76, -0.01);
insert into SHOT values (2326, 2571, 2572, 2962, 6.500, 277.13, 13.00, 6.500, 277.13, 13.00, 0.000, 2.02, 0.00);
insert into SHOT values (2327, 2572, 2573, 2962, 4.000, 281.13, 8.00, 4.000, 281.13, 8.00, 0.000, 186.16, -0.00);
insert into SHOT values (2328, 2573, 2574, 2962, 6.900, 287.13, 8.00, 6.900, 287.13, 8.00, 0.000, 151.73, -0.02);
insert into SHOT values (2329, 2574, 2575, 2962, 6.100, 308.13, -30.00, 6.100, 308.13, -30.00, 0.000, 2.77, -0.00);
insert into SHOT values (2330, 2575, 2576, 2962, 4.900, 258.13, -47.00, 4.900, 258.13, -47.00, 0.000, 183.06, 0.00);
insert into SHOT values (2331, 2576, 2577, 2962, 5.600, 136.13, -36.00, 5.600, 136.13, -36.00, 0.000, 182.91, -0.00);
insert into SHOT values (2332, 2577, 2578, 2962, 5.900, 101.13, -26.00, 5.900, 101.13, -26.00, 0.000, 177.17, 0.00);
insert into SHOT values (2333, 2578, 2579, 2962, 10.800, 83.13, -74.00, 10.800, 83.13, -74.00, 0.000, 146.69, -0.01);
insert into SHOT values (2334, 2579, 2580, 2962, 5.500, 146.13, -80.00, 5.500, 146.13, -80.00, 0.000, 174.00, 0.00);
insert into SHOT values (2335, 2580, 2581, 2962, 4.200, 118.13, -61.00, 4.200, 118.13, -61.00, 0.000, 357.35, -0.00);
insert into SHOT values (2336, 2581, 2582, 2962, 4.200, 178.13, -71.00, 4.200, 178.13, -71.00, 0.000, 173.11, 0.00);
insert into SHOT values (2337, 2582, 2583, 2962, 1.900, 161.13, -4.00, 1.900, 161.13, -4.00, 0.000, 352.23, -0.00);
insert into SHOT values (2338, 2583, 2584, 2962, 5.600, 201.13, -5.00, 5.600, 201.13, -5.00, 0.000, 15.62, -0.00);
insert into SHOT values (2339, 2584, 2585, 2962, 5.200, 166.13, -25.00, 5.200, 166.13, -25.00, 0.000, 358.98, 0.00);
insert into SHOT values (2340, 2585, 2558, 2962, 11.400, 111.13, -19.00, 11.400, 111.13, -19.00, 0.000, 189.63, -0.00);
insert into SURVEY values (2964, 2940, 'Passoire', 'Passoire.206.UltimaPatagonia', 'Passoire');
 insert into CENTRELINE values (2965, 2964, NULL, NULL, NULL, 0.00, 0.00, 0.00);
 insert into CENTRELINE values (2966, 2964, NULL, NULL, NULL, 54.28, 0.00, 0.00);
 insert into SHOT values (2341, 2586, 2587, 2966, 11.300, 173.03, -66.70, 11.300, 173.03, -66.70, 0.000, 347.27, 0.01);
insert into SHOT values (2342, 2587, 2588, 2966, 15.480, 316.03, -85.10, 15.480, 316.03, -85.10, 0.000, 356.96, 0.00);
insert into SHOT values (2343, 2588, 2589, 2966, 2.990, 75.73, -20.30, 2.990, 75.73, -20.30, 0.000, 7.45, 0.00);
insert into SHOT values (2344, 2589, 2590, 2966, 7.490, 136.43, -86.50, 7.490, 136.43, -86.50, 0.000, 2.93, 0.00);
insert into SHOT values (2345, 2590, 2591, 2966, 10.010, 322.13, -35.00, 10.010, 322.13, -35.00, 0.000, 350.04, 0.01);
insert into SHOT values (2346, 2591, 2592, 2966, 7.010, 25.13, -40.00, 7.010, 25.13, -40.00, 0.000, 170.04, 0.00);
insert into CENTRELINE values (2967, 2964, NULL, NULL, NULL, 115.63, 0.00, 0.00);
 insert into SHOT values (2347, 2589, 2593, 2967, 11.800, 198.23, 22.80, 11.800, 198.23, 22.80, 0.000, 186.36, -0.00);
insert into SHOT values (2348, 2593, 2594, 2967, 4.010, 206.13, 7.00, 4.010, 206.13, 7.00, 0.000, 177.49, 0.00);
insert into SHOT values (2349, 2594, 2595, 2967, 25.860, 313.73, -81.80, 25.860, 313.73, -81.80, 0.000, 359.05, -0.00);
insert into SHOT values (2350, 2595, 2596, 2967, 7.190, 336.13, 10.10, 7.190, 336.13, 10.10, 0.000, 358.44, 0.00);
insert into SHOT values (2351, 2595, 2597, 2967, 2.840, 229.63, -10.80, 2.840, 229.63, -10.80, 0.000, 359.78, -0.00);
insert into SHOT values (2352, 2597, 2598, 2967, 25.030, 277.53, -70.20, 25.030, 277.53, -70.20, 0.000, 2.26, 0.00);
insert into SHOT values (2353, 2598, 2599, 2967, 2.710, 217.23, -13.90, 2.710, 217.23, -13.90, 0.000, 175.87, 0.02);
insert into SHOT values (2354, 2599, 2600, 2967, 8.570, 341.43, -66.70, 8.570, 341.43, -66.70, 0.000, 21.57, -0.02);
insert into SHOT values (2355, 2600, 2601, 2967, 11.710, 338.23, -63.30, 11.710, 338.23, -63.30, 0.000, 356.03, -0.01);
insert into SHOT values (2356, 2601, 2602, 2967, 7.370, 16.83, -20.80, 7.370, 16.83, -20.80, 0.000, 2.85, -0.00);
insert into SHOT values (2357, 2602, 2603, 2967, 5.810, 320.63, -67.70, 5.810, 320.63, -67.70, 0.000, 179.57, 0.00);
insert into SHOT values (2358, 2603, 2604, 2967, 2.730, 39.33, -0.90, 2.730, 39.33, -0.90, 0.000, 179.22, -0.00);
insert into CENTRELINE values (2968, 2964, NULL, NULL, NULL, 92.15, 0.00, 0.00);
 insert into SHOT values (2359, 2604, 2605, 2968, 10.950, 354.13, -52.00, 10.950, 354.13, -52.00, 0.000, 359.51, -0.00);
insert into SHOT values (2360, 2605, 2606, 2968, 14.600, 242.13, -72.00, 14.600, 242.13, -72.00, 0.000, 5.71, -0.00);
insert into SHOT values (2361, 2606, 2607, 2968, 12.600, 356.13, -59.00, 12.600, 356.13, -59.00, 0.000, 173.41, -0.00);
insert into SHOT values (2362, 2607, 2608, 2968, 22.000, 334.13, -59.00, 22.000, 334.13, -59.00, 0.000, 359.60, 0.00);
insert into SHOT values (2363, 2608, 2609, 2968, 7.600, 306.13, -70.00, 7.600, 306.13, -70.00, 0.000, 185.69, -0.00);
insert into SHOT values (2364, 2609, 2610, 2968, 4.500, 343.13, -57.00, 4.500, 343.13, -57.00, 0.000, 356.35, -0.00);
insert into SHOT values (2365, 2610, 2611, 2968, 2.500, 306.13, -45.00, 2.500, 306.13, -45.00, 0.000, 353.48, -0.00);
insert into SHOT values (2366, 2611, 2612, 2968, 8.100, 316.13, -69.00, 8.100, 316.13, -69.00, 0.000, 1.09, 0.00);
insert into SHOT values (2367, 2612, 2613, 2968, 9.300, 316.13, -90.00, 9.300, 90.00, -90.00, 0.000, 316.13, -18.17);
insert into SURVEY values (2970, 2940, 'GouffrePetitCreux', 'GouffrePetitCreux.206.UltimaPatagonia', 'Gouffre du Petit Creux');
 insert into CENTRELINE values (2971, 2970, NULL, NULL, NULL, 0.00, 0.00, 0.00);
 insert into CENTRELINE values (2972, 2970, NULL, '2006-02-01', NULL, 169.08, 0.00, 0.00);
 insert into SHOT values (2368, 2614, 2615, 2972, 15.460, 179.69, -82.50, 15.460, 179.69, -82.50, 0.000, 355.54, 0.00);
insert into SHOT values (2369, 2615, 2616, 2972, 8.110, 179.89, -21.60, 8.110, 179.89, -21.60, 0.000, 120.27, 0.05);
insert into SHOT values (2370, 2616, 2617, 2972, 4.440, 200.09, -35.30, 4.440, 200.09, -35.30, 0.000, 4.59, -0.00);
insert into SHOT values (2371, 2617, 2618, 2972, 5.840, 171.69, 5.50, 5.840, 171.69, 5.50, 0.000, 325.43, 0.04);
insert into SHOT values (2372, 2618, 2619, 2972, 3.750, 188.29, 2.10, 4.929, 177.04, 42.97, 3.305, 81.66, 77.16);
insert into SHOT values (2373, 2619, 2620, 2972, 5.490, 183.29, -55.50, 3.250, 166.82, 17.92, 5.596, 83.93, 80.86);
insert into SHOT values (2374, 2620, 2621, 2972, 13.840, 261.89, -68.70, 4.831, 254.82, -70.81, 9.021, 85.14, 67.47);
insert into SHOT values (2375, 2621, 2622, 2972, 7.430, 191.09, -47.10, 5.090, 174.09, 17.47, 7.126, 84.80, 78.02);
insert into SHOT values (2376, 2622, 2623, 2972, 6.980, 343.29, -8.20, 9.463, 357.22, 44.60, 7.819, 86.12, 77.72);
insert into SHOT values (2377, 2622, 2624, 2972, 6.450, 169.29, 41.30, 6.450, 169.29, 41.30, 0.000, 177.13, -0.00);
insert into SHOT values (2378, 2622, 2625, 2972, 4.520, 281.09, 6.40, 4.520, 281.09, 6.40, 0.000, 2.39, -0.00);
insert into SHOT values (2379, 2623, 2626, 2972, 24.490, 292.29, -70.60, 10.438, 29.55, -64.36, 16.830, 85.06, 54.43);
insert into SHOT values (2380, 2626, 2627, 2972, 1.710, 272.69, 3.30, 1.954, 284.06, 76.05, 2.189, 88.43, 55.22);
insert into SHOT values (2381, 2627, 2628, 2972, 1.220, 179.79, 8.10, 2.185, 161.92, 57.97, 1.721, 73.40, 77.56);
insert into SHOT values (2382, 2628, 2629, 2972, 12.120, 248.29, -74.80, 5.152, 200.32, -78.60, 7.139, 85.16, 68.57);
insert into SHOT values (2383, 2629, 2630, 2972, 3.180, 248.59, 28.00, 5.185, 238.16, 69.25, 3.517, 86.99, 72.55);
insert into SHOT values (2384, 2630, 2631, 2972, 5.120, 5.69, -1.60, 7.146, 16.83, 40.51, 4.903, 84.25, 77.39);
insert into SHOT values (2385, 2631, 2632, 2972, 2.360, 312.99, -31.80, 2.446, 333.99, 49.40, 3.195, 85.36, 76.02);
insert into SHOT values (2386, 2632, 2633, 2972, 6.250, 39.79, -22.90, 6.250, 39.79, -22.90, 0.000, 0.44, -0.00);
insert into SHOT values (2387, 2632, 2634, 2972, 9.750, 30.89, -87.50, 4.536, 74.97, -64.37, 5.896, 85.10, 73.42);
insert into SHOT values (2388, 2624, 2635, 2972, 6.970, 141.49, 41.90, 6.970, 141.49, 41.90, 0.000, 183.74, -0.00);
insert into SHOT values (2389, 2635, 2636, 2972, 3.640, 27.79, 69.60, 3.640, 27.79, 69.60, 0.000, 355.08, -0.00);
insert into SHOT values (2390, 2625, 2637, 2972, 9.960, 179.29, 34.00, 9.960, 179.29, 34.00, 0.000, 175.65, 0.00);
insert into CENTRELINE values (2973, 2970, NULL, NULL, NULL, 107.27, 0.00, 0.00);
 insert into SHOT values (2391, 2634, 2638, 2973, 2.550, 256.83, 45.50, 5.869, 247.69, 80.53, 4.060, 87.25, 77.94);
insert into SHOT values (2392, 2638, 2639, 2973, 2.280, 347.83, 23.70, 4.160, 1.08, 59.11, 2.698, 78.86, 79.54);
insert into SHOT values (2393, 2639, 2640, 2973, 2.320, 278.93, 28.50, 4.139, 290.65, 75.86, 3.097, 87.86, 69.81);
insert into SHOT values (2394, 2640, 2641, 2973, 2.660, 337.13, 15.40, 4.100, 351.15, 52.66, 2.628, 81.25, 76.33);
insert into SHOT values (2395, 2641, 2642, 2973, 8.980, 312.13, -67.70, 8.980, 312.13, -67.70, 0.000, 357.75, 0.00);
insert into SHOT values (2396, 2641, 2643, 2973, 3.680, 284.83, 28.20, 5.874, 293.83, 67.99, 3.873, 86.98, 73.15);
insert into SHOT values (2397, 2643, 2644, 2973, 20.020, 250.53, -64.90, 4.682, 206.42, -57.96, 15.765, 84.99, 63.93);
insert into SHOT values (2398, 2644, 2645, 2973, 1.520, 274.23, 1.90, 1.787, 298.45, 80.19, 2.117, 88.49, 53.90);
insert into SHOT values (2399, 2645, 2646, 2973, 9.400, 316.83, -78.60, 3.642, 13.95, -64.96, 6.140, 85.09, 74.43);
insert into SHOT values (2400, 2646, 2647, 2973, 27.070, 252.43, -88.70, 23.710, 85.85, -64.39, 12.245, 85.10, 27.65);
insert into SHOT values (2401, 2647, 2648, 2973, 3.000, 248.83, -9.30, 2.880, 237.83, 48.67, 2.888, 87.21, 66.48);
insert into SHOT values (2402, 2648, 2649, 2973, 4.060, 186.63, -46.70, 3.188, 172.71, 32.04, 4.694, 82.70, 81.79);
insert into SHOT values (2403, 2649, 2650, 2973, 2.530, 281.83, -5.50, 2.442, 294.20, 55.88, 2.570, 87.87, 61.76);
insert into SHOT values (2404, 2650, 2651, 2973, 4.510, 197.13, -17.00, 4.938, 185.23, 35.21, 4.263, 83.44, 77.69);
insert into SHOT values (2405, 2651, 2652, 2973, 3.210, 285.13, -2.00, 3.356, 295.32, 51.51, 2.994, 87.35, 66.17);
insert into SHOT values (2406, 2652, 2653, 2973, 9.480, 177.53, -83.80, 4.153, 118.04, -63.10, 5.946, 85.07, 74.19);
insert into CENTRELINE values (2974, 2970, NULL, NULL, NULL, 60.69, 0.00, 0.00);
 insert into SHOT values (2407, 2653, 2654, 2974, 3.140, 226.03, -8.70, 3.343, 212.15, 42.79, 2.900, 85.22, 71.26);
insert into SHOT values (2408, 2654, 2655, 2974, 2.940, 280.43, -10.00, 2.726, 289.35, 50.55, 2.884, 87.66, 65.10);
insert into SHOT values (2409, 2655, 2656, 2974, 24.970, 275.63, -79.10, 16.930, 75.23, -72.70, 12.728, 85.10, 41.03);
insert into SHOT values (2410, 2656, 2657, 2974, 2.240, 282.03, 14.60, 3.041, 297.54, 69.45, 2.567, 87.97, 62.78);
insert into SHOT values (2411, 2657, 2658, 2974, 7.520, 274.43, -56.20, 2.719, 279.41, 7.01, 6.752, 85.53, 77.06);
insert into SHOT values (2412, 2658, 2618, 2974, 7.470, 241.13, -49.10, 3.756, 230.86, 19.56, 7.074, 85.28, 77.40);
insert into SHOT values (2413, 2618, 2659, 2974, 7.200, 278.93, -87.90, 7.200, 278.93, -87.90, 0.000, 359.94, 0.00);
insert into SHOT values (2414, 2659, 2660, 2974, 5.210, 278.13, -90.00, 5.210, 90.00, -90.00, 0.000, 278.13, 48.32);
insert into SURVEY values (2976, 2940, 'PerteDuTemps', 'PerteDuTemps.206.UltimaPatagonia', 'Perte Du Temps');
 insert into CENTRELINE values (2977, 2976, NULL, NULL, NULL, 0.00, 0.00, 0.00);
 insert into CENTRELINE values (2978, 2976, NULL, '2000-02-01', NULL, 809.50, 0.00, 0.00);
 insert into SHOT values (2415, 2661, 2662, 2978, 9.300, 306.13, -55.00, 9.300, 306.13, -55.00, 0.000, 183.21, 0.00);
insert into SHOT values (2416, 2662, 2663, 2978, 18.700, 291.13, 1.00, 18.700, 291.13, 1.00, 0.000, 185.18, 0.00);
insert into SHOT values (2417, 2663, 2664, 2978, 11.150, 291.13, -34.00, 11.150, 291.13, -34.00, 0.000, 184.97, 0.00);
insert into SHOT values (2418, 2664, 2665, 2978, 6.350, 223.13, -25.00, 6.350, 223.13, -25.00, 0.000, 1.50, 0.00);
insert into SHOT values (2419, 2665, 2666, 2978, 12.300, 307.13, -24.00, 12.300, 307.13, -24.00, 0.000, 178.75, 0.01);
insert into SHOT values (2420, 2666, 2667, 2978, 14.000, 303.13, -38.00, 14.000, 303.13, -38.00, 0.000, 181.77, 0.00);
insert into SHOT values (2421, 2667, 2668, 2978, 3.600, 199.13, 0.00, 3.600, 199.13, 0.00, 0.000, 359.64, 0.00);
insert into SHOT values (2422, 2668, 2669, 2978, 8.200, 161.13, -16.00, 8.200, 161.13, -16.00, 0.000, 179.73, 0.00);
insert into SHOT values (2423, 2669, 2670, 2978, 8.600, 153.13, 8.00, 8.600, 153.13, 8.00, 0.000, 4.20, -0.00);
insert into SHOT values (2424, 2670, 2671, 2978, 7.400, 173.13, 0.00, 7.400, 173.13, 0.00, 0.000, 182.81, 0.00);
insert into SHOT values (2425, 2671, 2672, 2978, 19.500, 171.13, -18.00, 19.500, 171.13, -18.00, 0.000, 0.31, 0.00);
insert into SHOT values (2426, 2672, 2673, 2978, 5.500, 168.13, -45.00, 5.500, 168.13, -45.00, 0.000, 180.38, 0.00);
insert into SHOT values (2427, 2673, 2674, 2978, 4.600, 256.13, 0.00, 4.600, 256.13, 0.00, 0.000, 173.57, 0.00);
insert into SHOT values (2428, 2674, 2675, 2978, 5.600, 321.13, -30.00, 5.600, 321.13, -30.00, 0.000, 180.74, -0.00);
insert into SHOT values (2429, 2675, 2676, 2978, 7.000, 276.13, -33.00, 7.000, 276.13, -33.00, 0.000, 7.86, 0.00);
insert into SHOT values (2430, 2676, 2677, 2978, 6.600, 284.13, -42.00, 6.600, 284.13, -42.00, 0.000, 56.69, -0.01);
insert into SHOT values (2431, 2677, 2678, 2978, 2.000, 232.13, 8.00, 2.000, 232.13, 8.00, 0.000, 175.36, -0.00);
insert into SHOT values (2432, 2678, 2679, 2978, 18.400, 170.13, 14.00, 18.400, 170.13, 14.00, 0.000, 1.93, -0.00);
insert into SHOT values (2433, 2679, 2680, 2978, 10.700, 188.13, -5.00, 10.700, 188.13, -5.00, 0.000, 6.11, -0.00);
insert into SHOT values (2434, 2680, 2681, 2978, 4.000, 163.13, -24.00, 4.000, 163.13, -24.00, 0.000, 5.56, -0.00);
insert into SHOT values (2435, 2681, 2682, 2978, 6.600, 199.13, -55.00, 6.600, 199.13, -55.00, 0.000, 345.72, 0.00);
insert into SHOT values (2436, 2682, 2683, 2978, 6.900, 16.13, -90.00, 6.900, 90.00, -90.00, 0.000, 16.13, -12.47);
insert into SHOT values (2437, 2683, 2684, 2978, 22.000, 186.13, -4.00, 22.000, 186.13, -4.00, 0.000, 358.86, -0.00);
insert into SHOT values (2438, 2684, 2685, 2978, 5.000, 177.13, 14.00, 5.000, 177.13, 14.00, 0.000, 181.22, 0.00);
insert into SHOT values (2439, 2685, 2686, 2978, 2.400, 183.13, -80.00, 2.400, 183.13, -80.00, 0.000, 358.04, -0.00);
insert into SHOT values (2440, 2686, 2687, 2978, 12.100, 359.13, -67.00, 12.100, 359.13, -67.00, 0.000, 176.05, 0.00);
insert into SHOT values (2441, 2687, 2688, 2978, 20.000, 289.13, -57.00, 20.000, 289.13, -57.00, 0.000, 164.98, 0.00);
insert into SHOT values (2442, 2688, 2689, 2978, 24.000, 201.13, -11.00, 24.000, 201.13, -11.00, 0.000, 179.97, -0.00);
insert into SHOT values (2443, 2689, 2690, 2978, 4.000, 231.13, 41.00, 4.000, 231.13, 41.00, 0.000, 0.89, 0.00);
insert into SHOT values (2444, 2690, 2691, 2978, 10.700, 201.13, -9.00, 10.700, 201.13, -9.00, 0.000, 176.58, 0.00);
insert into SHOT values (2445, 2691, 2692, 2978, 4.600, 198.13, -48.00, 4.600, 198.13, -48.00, 0.000, 268.03, 0.00);
insert into SHOT values (2446, 2692, 2693, 2978, 6.300, 267.13, -61.00, 6.300, 267.13, -61.00, 0.000, 175.88, 0.00);
insert into SHOT values (2447, 2693, 2694, 2978, 5.900, 226.13, -49.00, 5.900, 226.13, -49.00, 0.000, 183.67, 0.00);
insert into SHOT values (2448, 2694, 2695, 2978, 7.100, 319.13, -13.00, 7.100, 319.13, -13.00, 0.000, 174.44, 0.00);
insert into SHOT values (2449, 2695, 2696, 2978, 17.700, 336.13, -4.00, 17.700, 336.13, -4.00, 0.000, 9.83, 0.00);
insert into SHOT values (2450, 2696, 2697, 2978, 11.700, 318.13, -4.00, 11.700, 318.13, -4.00, 0.000, 180.16, -0.00);
insert into SHOT values (2451, 2697, 2698, 2978, 11.200, 230.13, -5.00, 11.200, 230.13, -5.00, 0.000, 183.06, 0.00);
insert into SHOT values (2452, 2698, 2699, 2978, 16.600, 189.13, -3.00, 16.600, 189.13, -3.00, 0.000, 359.46, 0.00);
insert into SHOT values (2453, 2699, 2700, 2978, 11.000, 190.13, -22.00, 11.000, 190.13, -22.00, 0.000, 182.97, -0.00);
insert into SHOT values (2454, 2701, 2702, 2978, 8.000, 112.13, 35.00, 8.000, 112.13, 35.00, 0.000, 183.03, -0.00);
insert into SHOT values (2455, 2702, 2703, 2978, 6.400, 57.13, 24.00, 6.400, 57.13, 24.00, 0.000, 186.66, -0.00);
insert into SHOT values (2456, 2703, 2704, 2978, 4.800, 101.13, 0.00, 4.800, 101.13, 0.00, 0.000, 357.98, 0.00);
insert into SHOT values (2457, 2704, 2705, 2978, 22.300, 16.13, 90.00, 22.300, 90.00, 90.00, 0.000, 16.13, -2.61);
insert into SHOT values (2458, 2705, 2706, 2978, 4.900, 16.13, 90.00, 4.900, 90.00, 90.00, 0.000, 16.13, 17.30);
insert into SHOT values (2459, 2706, 2707, 2978, 10.000, 146.13, 50.00, 10.000, 146.13, 50.00, 0.000, 347.50, -0.01);
insert into SHOT values (2460, 2708, 2709, 2978, 7.000, 197.13, -18.00, 7.000, 197.13, -18.00, 0.000, 3.17, 0.00);
insert into SHOT values (2461, 2709, 2710, 2978, 11.000, 148.13, 17.00, 11.000, 148.13, 17.00, 0.000, 190.89, -0.00);
insert into SHOT values (2462, 2710, 2711, 2978, 8.700, 206.13, -11.00, 8.700, 206.13, -11.00, 0.000, 358.31, -0.00);
insert into SHOT values (2463, 2711, 2712, 2978, 10.600, 212.13, -16.00, 10.600, 212.13, -16.00, 0.000, 352.58, -0.00);
insert into SHOT values (2464, 2712, 2713, 2978, 7.900, 147.13, -7.00, 7.900, 147.13, -7.00, 0.000, 213.68, 0.00);
insert into SHOT values (2465, 2713, 2714, 2978, 9.000, 16.13, -90.00, 9.000, 90.00, -90.00, 0.000, 16.13, 0.00);
insert into SHOT values (2466, 2714, 2715, 2978, 8.900, 146.13, -12.00, 8.900, 146.13, -12.00, 0.000, 349.99, 0.00);
insert into SHOT values (2467, 2715, 2716, 2978, 7.650, 253.13, -23.00, 7.650, 253.13, -23.00, 0.000, 176.17, 0.00);
insert into SHOT values (2468, 2716, 2717, 2978, 13.100, 267.13, -30.00, 13.100, 267.13, -30.00, 0.000, 336.92, 0.00);
insert into SHOT values (2469, 2717, 2718, 2978, 2.400, 236.13, -2.00, 2.400, 236.13, -2.00, 0.000, 193.09, 0.00);
insert into SHOT values (2470, 2718, 2719, 2978, 18.700, 266.13, -65.00, 18.700, 266.13, -65.00, 0.000, 193.37, -0.00);
insert into SHOT values (2471, 2719, 2720, 2978, 16.100, 326.13, -10.00, 16.100, 326.13, -10.00, 0.000, 185.94, -0.00);
insert into SHOT values (2472, 2720, 2721, 2978, 7.300, 292.13, -18.00, 7.300, 292.13, -18.00, 0.000, 185.37, -0.00);
insert into SHOT values (2473, 2722, 2723, 2978, 21.900, 266.13, 10.00, 21.900, 266.13, 10.00, 0.000, 178.26, 0.00);
insert into SHOT values (2474, 2723, 2724, 2978, 7.000, 189.13, 13.00, 7.000, 189.13, 13.00, 0.000, 271.13, 0.01);
insert into SHOT values (2475, 2724, 2725, 2978, 19.300, 328.13, -20.00, 19.300, 328.13, -20.00, 0.000, 176.01, 0.00);
insert into SHOT values (2476, 2725, 2726, 2978, 12.000, 181.13, 22.00, 12.000, 181.13, 22.00, 0.000, 180.57, 0.00);
insert into SHOT values (2477, 2726, 2727, 2978, 10.000, 181.13, 5.00, 10.000, 181.13, 5.00, 0.000, 353.57, -0.00);
insert into SHOT values (2478, 2728, 2729, 2978, 22.300, 201.13, 17.00, 22.300, 201.13, 17.00, 0.000, 178.59, -0.00);
insert into SHOT values (2479, 2729, 2730, 2978, 24.200, 231.13, 11.00, 24.200, 231.13, 11.00, 0.000, 356.78, -0.00);
insert into SHOT values (2480, 2730, 2731, 2978, 8.100, 226.13, 37.00, 8.100, 226.13, 37.00, 0.000, 353.92, -0.00);
insert into SHOT values (2481, 2731, 2732, 2978, 16.300, 301.13, 8.00, 16.300, 301.13, 8.00, 0.000, 180.01, 0.00);
insert into SHOT values (2482, 2732, 2733, 2978, 13.400, 203.13, 16.00, 13.400, 203.13, 16.00, 0.000, 173.51, 0.00);
insert into SHOT values (2483, 2733, 2734, 2978, 11.200, 145.13, 17.00, 11.200, 145.13, 17.00, 0.000, 173.76, 0.00);
insert into SHOT values (2484, 2734, 2735, 2978, 10.450, 245.13, 13.00, 10.450, 245.13, 13.00, 0.000, 181.60, 0.00);
insert into SHOT values (2485, 2735, 2736, 2978, 7.100, 185.13, 15.00, 7.100, 185.13, 15.00, 0.000, 293.89, 0.01);
insert into SHOT values (2486, 2736, 2737, 2978, 15.000, 166.13, 38.00, 15.000, 166.13, 38.00, 0.000, 357.44, 0.00);
insert into SHOT values (2487, 2737, 2738, 2978, 11.200, 224.13, 42.00, 11.200, 224.13, 42.00, 0.000, 4.60, 0.00);
insert into SHOT values (2488, 2738, 2739, 2978, 18.500, 161.13, 41.00, 18.500, 161.13, 41.00, 0.000, 356.07, -0.00);
insert into SHOT values (2489, 2740, 2741, 2978, 7.500, 246.13, 0.00, 7.500, 246.13, 0.00, 0.000, 185.31, 0.00);
insert into CENTRELINE values (2979, 2976, NULL, '2000-02-01', NULL, 136.68, 0.00, 0.00);
 insert into SHOT values (2490, 2742, 2743, 2979, 10.270, 114.13, 5.00, 10.270, 114.13, 5.00, 0.000, 358.73, 0.00);
insert into SHOT values (2491, 2743, 2744, 2979, 5.110, 180.13, 21.00, 5.110, 180.13, 21.00, 0.000, 183.69, 0.00);
insert into SHOT values (2492, 2744, 2745, 2979, 5.600, 150.13, 1.00, 5.600, 150.13, 1.00, 0.000, 185.65, 0.01);
insert into SHOT values (2493, 2745, 2746, 2979, 5.050, 113.13, -2.00, 5.050, 113.13, -2.00, 0.000, 2.22, 0.00);
insert into SHOT values (2494, 2746, 2747, 2979, 5.340, 99.13, -1.00, 5.340, 99.13, -1.00, 0.000, 179.48, 0.00);
insert into SHOT values (2495, 2747, 2748, 2979, 5.270, 113.13, 8.00, 5.270, 113.13, 8.00, 0.000, 176.93, -0.00);
insert into SHOT values (2496, 2748, 2749, 2979, 3.260, 107.13, 23.00, 3.260, 107.13, 23.00, 0.000, 111.14, -0.01);
insert into SHOT values (2497, 2749, 2750, 2979, 2.990, 148.13, 5.00, 2.990, 148.13, 5.00, 0.000, 358.23, -0.00);
insert into SHOT values (2498, 2750, 2751, 2979, 1.620, 171.13, 19.00, 1.620, 171.13, 19.00, 0.000, 356.78, 0.00);
insert into SHOT values (2499, 2751, 2752, 2979, 3.860, 106.13, 4.00, 3.860, 106.13, 4.00, 0.000, 185.08, -0.00);
insert into SHOT values (2500, 2752, 2753, 2979, 3.080, 176.13, 12.00, 3.080, 176.13, 12.00, 0.000, 170.86, 0.00);
insert into SHOT values (2501, 2753, 2754, 2979, 10.430, 99.13, 0.00, 10.430, 99.13, 0.00, 0.000, 358.32, 0.00);
insert into SHOT values (2502, 2754, 2755, 2979, 13.330, 54.13, -26.00, 13.330, 54.13, -26.00, 0.000, 0.22, -0.00);
insert into SHOT values (2503, 2755, 2756, 2979, 17.100, 20.13, -40.00, 17.100, 20.13, -40.00, 0.000, 71.06, 0.06);
insert into SHOT values (2504, 2756, 2757, 2979, 12.950, 53.13, -40.00, 12.950, 53.13, -40.00, 0.000, 5.50, -0.00);
insert into SHOT values (2505, 2757, 2758, 2979, 10.160, 27.13, -48.00, 10.160, 27.13, -48.00, 0.000, 303.29, -0.02);
insert into SHOT values (2506, 2758, 2759, 2979, 6.290, 331.13, -34.00, 6.290, 331.13, -34.00, 0.000, 169.34, -0.00);
insert into SHOT values (2507, 2759, 2760, 2979, 14.970, 26.13, -41.00, 14.970, 26.13, -41.00, 0.000, 20.96, -0.00);
insert into CENTRELINE values (2980, 2976, NULL, '2000-02-01', NULL, 150.62, 0.00, 0.00);
 insert into SHOT values (2508, 2761, 2762, 2980, 3.930, 276.13, -19.00, 3.930, 276.13, -19.00, 0.000, 178.81, 0.00);
insert into SHOT values (2509, 2762, 2763, 2980, 7.750, 301.13, -15.00, 7.750, 301.13, -15.00, 0.000, 182.86, -0.00);
insert into SHOT values (2510, 2763, 2764, 2980, 6.000, 261.13, 6.00, 6.000, 261.13, 6.00, 0.000, 182.10, 0.00);
insert into SHOT values (2511, 2764, 2765, 2980, 2.980, 275.13, -11.00, 2.980, 275.13, -11.00, 0.000, 176.97, 0.00);
insert into SHOT values (2512, 2765, 2766, 2980, 2.230, 196.13, 6.00, 2.230, 196.13, 6.00, 0.000, 153.42, 0.00);
insert into SHOT values (2513, 2766, 2767, 2980, 17.700, 304.13, -5.00, 17.700, 304.13, -5.00, 0.000, 32.44, -0.01);
insert into SHOT values (2514, 2767, 2768, 2980, 9.970, 302.13, 2.00, 9.970, 302.13, 2.00, 0.000, 355.33, 0.00);
insert into SHOT values (2515, 2768, 2769, 2980, 3.980, 296.13, -10.00, 3.980, 296.13, -10.00, 0.000, 203.19, -0.00);
insert into SHOT values (2516, 2769, 2770, 2980, 11.820, 287.13, -3.00, 11.820, 287.13, -3.00, 0.000, 10.09, 0.00);
insert into SHOT values (2517, 2770, 2771, 2980, 3.880, 264.13, 3.00, 3.880, 264.13, 3.00, 0.000, 186.15, -0.00);
insert into SHOT values (2518, 2771, 2772, 2980, 8.720, 258.13, 3.00, 8.720, 258.13, 3.00, 0.000, 6.74, 0.00);
insert into SHOT values (2519, 2772, 2773, 2980, 5.600, 317.13, -27.00, 5.600, 317.13, -27.00, 0.000, 183.76, -0.00);
insert into SHOT values (2520, 2773, 2774, 2980, 8.830, 9.13, -38.00, 8.830, 9.13, -38.00, 0.000, 177.49, -0.00);
insert into SHOT values (2521, 2774, 2775, 2980, 4.160, 338.13, -34.00, 4.160, 338.13, -34.00, 0.000, 358.53, -0.00);
insert into SHOT values (2522, 2775, 2776, 2980, 7.680, 306.13, 3.00, 7.680, 306.13, 3.00, 0.000, 359.31, -0.00);
insert into SHOT values (2523, 2776, 2777, 2980, 3.380, 330.13, -21.00, 3.380, 330.13, -21.00, 0.000, 284.24, 0.03);
insert into SHOT values (2524, 2777, 2778, 2980, 10.200, 276.13, 0.00, 10.200, 276.13, 0.00, 0.000, 14.11, 0.00);
insert into SHOT values (2525, 2778, 2779, 2980, 6.890, 261.13, 20.00, 6.890, 261.13, 20.00, 0.000, 163.62, 0.00);
insert into SHOT values (2526, 2780, 2781, 2980, 15.770, 13.13, 34.00, 15.770, 13.13, 34.00, 0.000, 173.52, 0.00);
insert into SHOT values (2527, 2782, 2783, 2980, 9.150, 168.13, -24.00, 9.150, 168.13, -24.00, 0.000, 4.67, 0.00);
insert into CENTRELINE values (2981, 2976, NULL, '2000-02-01', NULL, 105.45, 0.00, 0.00);
 insert into SHOT values (2528, 2783, 2784, 2981, 5.500, 350.13, -17.00, 5.500, 350.13, -17.00, 0.000, 183.91, 0.00);
insert into SHOT values (2529, 2784, 2785, 2981, 17.950, 89.13, -10.00, 17.950, 89.13, -10.00, 0.000, 0.35, 0.00);
insert into SHOT values (2530, 2785, 2786, 2981, 5.260, 14.13, 53.00, 5.260, 14.13, 53.00, 0.000, 5.60, -0.00);
insert into SHOT values (2531, 2786, 2787, 2981, 10.850, 81.13, -10.00, 10.850, 81.13, -10.00, 0.000, 358.16, 0.00);
insert into SHOT values (2532, 2787, 2788, 2981, 4.400, 171.13, 6.00, 4.400, 171.13, 6.00, 0.000, 3.98, 0.00);
insert into SHOT values (2533, 2788, 2789, 2981, 7.700, 102.13, -12.00, 7.700, 102.13, -12.00, 0.000, 356.13, -0.00);
insert into SHOT values (2534, 2789, 2790, 2981, 5.300, 163.13, 4.00, 5.300, 163.13, 4.00, 0.000, 179.11, -0.04);
insert into SHOT values (2535, 2790, 2791, 2981, 5.660, 186.13, 21.00, 5.660, 186.13, 21.00, 0.000, 354.57, -0.00);
insert into SHOT values (2536, 2791, 2792, 2981, 7.900, 128.13, 22.00, 7.900, 128.13, 22.00, 0.000, 1.56, -0.00);
insert into SHOT values (2537, 2792, 2793, 2981, 9.250, 65.13, -11.00, 9.250, 65.13, -11.00, 0.000, 0.82, -0.00);
insert into SHOT values (2538, 2793, 2794, 2981, 8.480, 170.13, 22.00, 8.480, 170.13, 22.00, 0.000, 357.01, 0.00);
insert into SHOT values (2539, 2794, 2795, 2981, 17.200, 214.13, -23.00, 17.200, 214.13, -23.00, 0.000, 180.66, -0.00);
insert into CENTRELINE values (2982, 2976, NULL, '2000-02-01', NULL, 181.60, 0.00, 0.00);
 insert into SHOT values (2540, 2796, 2797, 2982, 17.200, 320.13, -5.00, 17.200, 320.13, -5.00, 0.000, 0.26, 0.00);
insert into SHOT values (2541, 2797, 2798, 2982, 20.400, 346.13, -20.00, 20.400, 346.13, -20.00, 0.000, 3.18, -0.00);
insert into SHOT values (2542, 2798, 2799, 2982, 9.750, 349.13, -30.00, 9.750, 349.13, -30.00, 0.000, 358.58, -0.00);
insert into SHOT values (2543, 2799, 2800, 2982, 4.150, 358.13, 15.00, 4.150, 358.13, 15.00, 0.000, 1.73, -0.00);
insert into SHOT values (2544, 2800, 2801, 2982, 2.900, 16.13, -90.00, 2.900, 90.00, -90.00, 0.000, 16.13, -29.69);
insert into SHOT values (2545, 2801, 2802, 2982, 10.500, 339.13, -16.00, 10.500, 339.13, -16.00, 0.000, 1.94, 0.00);
insert into SHOT values (2546, 2802, 2803, 2982, 6.150, 311.13, 0.00, 6.150, 311.13, 0.00, 0.000, 5.14, 0.00);
insert into SHOT values (2547, 2803, 2804, 2982, 10.000, 3.13, -9.00, 10.000, 3.13, -9.00, 0.000, 4.74, -0.00);
insert into SHOT values (2548, 2804, 2805, 2982, 6.200, 329.13, -23.00, 6.200, 329.13, -23.00, 0.000, 357.07, -0.00);
insert into SHOT values (2549, 2805, 2806, 2982, 5.350, 296.13, 45.00, 5.350, 296.13, 45.00, 0.000, 150.55, -0.00);
insert into SHOT values (2550, 2806, 2807, 2982, 19.800, 1.13, -24.00, 19.800, 1.13, -24.00, 0.000, 183.14, 0.00);
insert into SHOT values (2551, 2807, 2808, 2982, 19.100, 355.13, -23.00, 19.100, 355.13, -23.00, 0.000, 358.09, -0.00);
insert into SHOT values (2552, 2808, 2809, 2982, 13.150, 16.13, -36.00, 13.150, 16.13, -36.00, 0.000, 183.80, -0.00);
insert into SHOT values (2553, 2809, 2810, 2982, 6.150, 345.13, 12.00, 6.150, 345.13, 12.00, 0.000, 2.99, -0.00);
insert into SHOT values (2554, 2810, 2811, 2982, 3.950, 50.13, -34.00, 3.950, 50.13, -34.00, 0.000, 1.24, 0.00);
insert into SHOT values (2555, 2811, 2812, 2982, 10.250, 11.13, -12.00, 10.250, 11.13, -12.00, 0.000, 177.41, 0.00);
insert into SHOT values (2556, 2812, 2813, 2982, 7.200, 349.13, -23.00, 7.200, 349.13, -23.00, 0.000, 357.84, 0.01);
insert into SHOT values (2557, 2813, 2814, 2982, 3.700, 16.13, -90.00, 3.700, 90.00, -90.00, 0.000, 16.13, -11.65);
insert into SHOT values (2558, 2814, 2815, 2982, 5.700, 313.13, -30.00, 5.700, 313.13, -30.00, 0.000, 356.91, -0.00);
insert into CENTRELINE values (2983, 2976, NULL, '2000-02-01', NULL, 313.87, 0.00, 0.00);
 insert into SHOT values (2559, 2816, 2817, 2983, 6.390, 117.13, 3.00, 6.390, 117.13, 3.00, 0.000, 355.29, 0.00);
insert into SHOT values (2560, 2817, 2818, 2983, 17.610, 208.13, 3.00, 17.610, 208.13, 3.00, 0.000, 12.15, 0.00);
insert into SHOT values (2561, 2818, 2819, 2983, 17.200, 194.13, 1.00, 17.200, 194.13, 1.00, 0.000, 178.81, 0.00);
insert into SHOT values (2562, 2819, 2820, 2983, 7.600, 278.13, 4.00, 7.600, 278.13, 4.00, 0.000, 4.06, 0.00);
insert into SHOT values (2563, 2820, 2821, 2983, 10.220, 209.13, 3.00, 10.220, 209.13, 3.00, 0.000, 15.56, -0.00);
insert into SHOT values (2564, 2821, 2822, 2983, 5.820, 167.13, -2.00, 5.820, 167.13, -2.00, 0.000, 5.18, 0.00);
insert into SHOT values (2565, 2822, 2823, 2983, 9.260, 197.13, -17.00, 9.260, 197.13, -17.00, 0.000, 178.31, 0.00);
insert into SHOT values (2566, 2823, 2824, 2983, 16.360, 190.13, 5.00, 16.360, 190.13, 5.00, 0.000, 1.08, 0.00);
insert into SHOT values (2567, 2824, 2825, 2983, 8.900, 223.13, 4.00, 8.900, 223.13, 4.00, 0.000, 177.85, -0.00);
insert into SHOT values (2568, 2825, 2826, 2983, 6.140, 148.13, 0.00, 6.140, 148.13, 0.00, 0.000, 0.78, 0.00);
insert into SHOT values (2569, 2826, 2827, 2983, 23.140, 196.13, 4.00, 23.140, 196.13, 4.00, 0.000, 359.25, 0.00);
insert into SHOT values (2570, 2827, 2828, 2983, 15.760, 205.13, 6.00, 15.760, 205.13, 6.00, 0.000, 172.93, -0.00);
insert into SHOT values (2571, 2828, 2829, 2983, 10.780, 238.13, -8.00, 10.780, 238.13, -8.00, 0.000, 180.51, 0.00);
insert into SHOT values (2572, 2830, 2831, 2983, 23.100, 26.13, 24.00, 23.100, 26.13, 24.00, 0.000, 357.28, -0.02);
insert into SHOT values (2573, 2831, 2832, 2983, 11.760, 28.13, 10.00, 11.760, 28.13, 10.00, 0.000, 358.98, -0.00);
insert into SHOT values (2574, 2832, 2833, 2983, 18.270, 45.13, -19.00, 18.270, 45.13, -19.00, 0.000, 358.92, -0.00);
insert into SHOT values (2575, 2833, 2834, 2983, 19.020, 320.13, -20.00, 19.020, 320.13, -20.00, 0.000, 183.24, 0.00);
insert into SHOT values (2576, 2834, 2835, 2983, 11.520, 79.13, 10.00, 11.520, 79.13, 10.00, 0.000, 183.70, 0.00);
insert into SHOT values (2577, 2835, 2836, 2983, 10.500, 25.13, -19.00, 10.500, 25.13, -19.00, 0.000, 183.02, 0.00);
insert into SHOT values (2578, 2836, 2837, 2983, 10.040, 40.13, 2.00, 10.040, 40.13, 2.00, 0.000, 177.51, 0.00);
insert into SHOT values (2579, 2837, 2838, 2983, 7.720, 31.13, 8.00, 7.720, 31.13, 8.00, 0.000, 181.46, 0.00);
insert into SHOT values (2580, 2838, 2839, 2983, 6.340, 54.13, -24.00, 6.340, 54.13, -24.00, 0.000, 38.42, -0.01);
insert into SHOT values (2581, 2839, 2840, 2983, 13.520, 18.13, 15.00, 13.520, 18.13, 15.00, 0.000, 358.47, 0.00);
insert into SHOT values (2582, 2840, 2841, 2983, 8.660, 42.13, 11.00, 8.660, 42.13, 11.00, 0.000, 357.15, 0.00);
insert into SHOT values (2583, 2841, 2842, 2983, 11.520, 31.13, -19.00, 11.520, 31.13, -19.00, 0.000, 191.80, 0.01);
insert into SHOT values (2584, 2842, 2843, 2983, 6.720, 52.13, -24.00, 6.720, 52.13, -24.00, 0.000, 28.90, -0.00);
insert into CENTRELINE values (2984, 2976, NULL, '2000-02-01', NULL, 93.60, 0.00, 0.00);
 insert into SHOT values (2585, 2844, 2845, 2984, 7.600, 63.13, -32.00, 7.600, 63.13, -32.00, 0.000, 356.60, 0.00);
insert into SHOT values (2586, 2845, 2846, 2984, 17.000, 356.13, -3.00, 17.000, 356.13, -3.00, 0.000, 5.94, 0.01);
insert into SHOT values (2587, 2847, 2848, 2984, 19.600, 44.13, -25.00, 19.600, 44.13, -25.00, 0.000, 357.75, -0.00);
insert into SHOT values (2588, 2848, 2849, 2984, 19.300, 65.13, -18.00, 19.300, 65.13, -18.00, 0.000, 187.86, 0.00);
insert into SHOT values (2589, 2849, 2850, 2984, 16.100, 82.13, -32.00, 16.100, 82.13, -32.00, 0.000, 185.12, -0.00);
insert into SHOT values (2590, 2850, 2851, 2984, 14.000, 20.13, -30.00, 14.000, 20.13, -30.00, 0.000, 355.00, 0.00);
insert into CENTRELINE values (2985, 2976, NULL, '2000-02-01', NULL, 79.48, 0.00, 0.00);
 insert into SHOT values (2591, 2852, 2853, 2985, 20.500, 71.13, -25.00, 20.500, 71.13, -25.00, 0.000, 176.49, -0.00);
insert into SHOT values (2592, 2853, 2854, 2985, 20.300, 83.13, -22.00, 20.300, 83.13, -22.00, 0.000, 177.49, 0.00);
insert into SHOT values (2593, 2854, 2855, 2985, 10.200, 16.13, -90.00, 10.200, 90.00, -90.00, 0.000, 16.13, -5.70);
insert into SHOT values (2594, 2855, 2856, 2985, 9.870, 83.13, -14.00, 9.870, 83.13, -14.00, 0.000, 357.46, 0.00);
insert into SHOT values (2595, 2856, 2857, 2985, 9.740, 12.13, -20.00, 9.740, 12.13, -20.00, 0.000, 354.19, 0.00);
insert into SHOT values (2596, 2857, 2858, 2985, 8.870, 58.13, -21.00, 8.870, 58.13, -21.00, 0.000, 183.69, 0.00);
insert into CENTRELINE values (2986, 2976, NULL, '2000-02-01', NULL, 97.90, 0.00, 0.00);
 insert into SHOT values (2597, 2859, 2860, 2986, 6.300, 54.13, 0.00, 6.300, 54.13, 0.00, 0.000, 182.46, 0.00);
insert into SHOT values (2598, 2860, 2861, 2986, 12.150, 16.13, -90.00, 12.150, 90.00, -90.00, 0.000, 16.13, -7.16);
insert into SHOT values (2599, 2861, 2862, 2986, 6.510, 16.13, -90.00, 6.510, 90.00, -90.00, 0.000, 16.13, 21.34);
insert into SHOT values (2600, 2862, 2863, 2986, 20.280, 16.13, -90.00, 20.280, 90.00, -90.00, 0.000, 16.13, 0.00);
insert into SHOT values (2601, 2863, 2864, 2986, 4.410, 76.13, -41.00, 4.410, 76.13, -41.00, 0.000, 178.36, -0.00);
insert into SHOT values (2602, 2864, 2865, 2986, 24.400, 16.13, -90.00, 24.400, 90.00, -90.00, 0.000, 16.13, -4.77);
insert into SHOT values (2603, 2865, 2866, 2986, 5.370, 355.13, -56.00, 5.370, 355.13, -56.00, 0.000, 179.28, -0.00);
insert into SHOT values (2604, 2866, 2867, 2986, 13.050, 19.13, -68.00, 13.050, 19.13, -68.00, 0.000, 173.41, -0.01);
insert into SHOT values (2605, 2867, 2868, 2986, 5.430, 53.13, -56.00, 5.430, 53.13, -56.00, 0.000, 6.68, -0.00);
insert into CENTRELINE values (2987, 2976, NULL, '2000-02-01', NULL, 181.42, 0.00, 0.00);
 insert into SHOT values (2606, 2869, 2870, 2987, 5.000, 286.13, -10.00, 5.000, 286.13, -10.00, 0.000, 11.86, 0.02);
insert into SHOT values (2607, 2870, 2871, 2987, 5.500, 16.13, -14.00, 5.500, 16.13, -14.00, 0.000, 356.34, -0.00);
insert into SHOT values (2608, 2871, 2872, 2987, 14.000, 16.13, 90.00, 14.000, 90.00, 90.00, 0.000, 16.13, 0.00);
insert into SHOT values (2609, 2872, 2873, 2987, 18.100, 101.13, 75.00, 18.100, 101.13, 75.00, 0.000, 238.00, 0.02);
insert into SHOT values (2610, 2873, 2874, 2987, 31.000, 291.13, 82.00, 31.000, 291.13, 82.00, 0.000, 176.20, -0.00);
insert into SHOT values (2611, 2874, 2875, 2987, 13.500, 191.13, 85.00, 13.500, 191.13, 85.00, 0.000, 339.55, -0.01);
insert into SHOT values (2612, 2875, 2876, 2987, 6.000, 121.13, 70.00, 6.000, 121.13, 70.00, 0.000, 359.00, 0.00);
insert into SHOT values (2613, 2876, 2877, 2987, 10.500, 131.13, 53.00, 10.500, 131.13, 53.00, 0.000, 183.42, -0.00);
insert into SHOT values (2614, 2878, 2879, 2987, 10.250, 158.13, 12.00, 10.250, 158.13, 12.00, 0.000, 180.83, 0.00);
insert into SHOT values (2615, 2879, 2880, 2987, 8.800, 130.13, -2.00, 8.800, 130.13, -2.00, 0.000, 182.18, 0.00);
insert into SHOT values (2616, 2880, 2881, 2987, 7.100, 146.13, -3.00, 7.100, 146.13, -3.00, 0.000, 3.19, -0.00);
insert into SHOT values (2617, 2881, 2882, 2987, 8.270, 141.13, 25.00, 8.270, 141.13, 25.00, 0.000, 182.77, 0.00);
insert into SHOT values (2618, 2882, 2883, 2987, 10.600, 90.13, 12.00, 10.600, 90.13, 12.00, 0.000, 164.81, 0.00);
insert into SHOT values (2619, 2883, 2884, 2987, 3.300, 348.13, 0.00, 3.300, 348.13, 0.00, 0.000, 357.10, 0.00);
insert into SHOT values (2620, 2884, 2885, 2987, 11.000, 349.13, -27.00, 11.000, 349.13, -27.00, 0.000, 354.19, -0.00);
insert into SHOT values (2621, 2885, 2886, 2987, 9.000, 101.13, -7.00, 9.000, 101.13, -7.00, 0.000, 166.76, 0.00);
insert into SHOT values (2622, 2886, 2887, 2987, 9.500, 143.13, 38.00, 9.500, 143.13, 38.00, 0.000, 0.50, 0.00);
insert into SURVEY values (2989, 2940, 'CuevaAyayema', 'CuevaAyayema.206.UltimaPatagonia', 'Cueva Ayayema');
 insert into CENTRELINE values (2990, 2989, NULL, NULL, NULL, 0.00, 0.00, 0.00);
 insert into SURVEY values (2992, 2940, 'GrotteDuDyke', 'GrotteDuDyke.206.UltimaPatagonia', 'Grotte du Dyke');
 insert into CENTRELINE values (2993, 2992, NULL, NULL, NULL, 0.00, 0.00, 0.00);
 insert into CENTRELINE values (2995, 2940, NULL, NULL, NULL, 0.00, 0.00, 0.00);
 insert into SURVEY values (2997, 22, '207', '207.UltimaPatagonia', '207 Condors');
 insert into CENTRELINE values (2998, 2997, NULL, NULL, NULL, 0.00, 0.00, 0.00);
 insert into SURVEY values (2999, 2997, 'SystemeCondors', 'SystemeCondors.207.UltimaPatagonia', 'SystemeCondors');
 insert into CENTRELINE values (3000, 2999, NULL, NULL, NULL, 0.00, 0.00, 0.00);
 insert into CENTRELINE values (3001, 2999, NULL, '2006-02-01', NULL, 270.10, 0.00, 0.00);
 insert into SHOT values (2623, 2932, 2933, 3001, 13.000, 341.69, 6.00, 13.000, 341.69, 6.00, 0.000, 9.20, -0.00);
insert into SHOT values (2624, 2933, 2934, 3001, 7.700, 312.69, -4.00, 7.700, 312.69, -4.00, 0.000, 3.27, -0.00);
insert into SHOT values (2625, 2934, 2935, 3001, 8.800, 268.69, -24.00, 8.800, 268.69, -24.00, 0.000, 358.35, -0.00);
insert into SHOT values (2626, 2935, 2936, 3001, 10.200, 255.69, -27.00, 10.200, 255.69, -27.00, 0.000, 167.00, -0.01);
insert into SHOT values (2627, 2936, 2937, 3001, 8.500, 263.69, -2.00, 8.500, 263.69, -2.00, 0.000, 180.63, -0.00);
insert into SHOT values (2628, 2937, 2938, 3001, 12.500, 290.69, 0.00, 12.500, 290.69, 0.00, 0.000, 11.44, 0.00);
insert into SHOT values (2629, 2938, 2939, 3001, 11.900, 215.69, 24.00, 11.900, 215.69, 24.00, 0.000, 176.87, -0.00);
insert into SHOT values (2630, 2939, 2940, 3001, 13.000, 220.69, -11.00, 13.000, 220.69, -11.00, 0.000, 0.64, -0.00);
insert into SHOT values (2631, 2940, 2941, 3001, 7.800, 191.69, 1.00, 7.800, 191.69, 1.00, 0.000, 11.51, -0.00);
insert into SHOT values (2632, 2941, 2942, 3001, 6.700, 247.69, 20.00, 6.700, 247.69, 20.00, 0.000, 5.74, -0.00);
insert into SHOT values (2633, 2942, 2943, 3001, 15.200, 205.69, -13.00, 15.200, 205.69, -13.00, 0.000, 172.14, 0.00);
insert into SHOT values (2634, 2944, 2945, 3001, 3.200, 54.69, 0.00, 3.200, 54.69, 0.00, 0.000, 179.44, 0.00);
insert into SHOT values (2635, 2945, 2946, 3001, 9.300, 70.69, -1.00, 9.300, 70.69, -1.00, 0.000, 359.61, -0.00);
insert into SHOT values (2636, 2946, 2947, 3001, 8.600, 343.69, 4.00, 8.600, 343.69, 4.00, 0.000, 184.67, -0.00);
insert into SHOT values (2637, 2947, 2948, 3001, 9.200, 35.69, -30.00, 9.200, 35.69, -30.00, 0.000, 175.98, 0.00);
insert into SHOT values (2638, 2948, 2949, 3001, 6.800, 318.69, 8.00, 6.800, 318.69, 8.00, 0.000, 3.76, 0.00);
insert into SHOT values (2639, 2949, 2950, 3001, 2.600, 303.69, 18.00, 2.600, 303.69, 18.00, 0.000, 181.08, 0.01);
insert into SHOT values (2640, 2950, 2951, 3001, 2.000, 15.69, 90.00, 2.000, 90.00, 90.00, 0.000, 15.69, 0.00);
insert into SHOT values (2641, 2949, 2952, 3001, 8.600, 186.69, 6.00, 8.600, 186.69, 6.00, 0.000, 180.21, -0.00);
insert into SHOT values (2642, 2949, 2953, 3001, 5.000, 25.69, -30.00, 5.000, 25.69, -30.00, 0.000, 357.02, 0.00);
insert into SHOT values (2643, 2954, 2953, 3001, 9.300, 186.69, 29.00, 9.300, 186.69, 29.00, 0.000, 358.41, -0.00);
insert into SHOT values (2644, 2954, 2955, 3001, 12.200, 336.69, 22.00, 12.200, 336.69, 22.00, 0.000, 178.71, -0.00);
insert into SHOT values (2645, 2954, 2956, 3001, 17.500, 3.69, 3.00, 17.500, 3.69, 3.00, 0.000, 3.31, 0.00);
insert into SHOT values (2646, 2955, 2957, 3001, 4.000, 15.69, 90.00, 4.000, 90.00, 90.00, 0.000, 15.69, 0.00);
insert into SHOT values (2647, 2957, 2958, 3001, 15.500, 42.69, 0.00, 15.500, 42.69, 0.00, 0.000, 180.20, 0.00);
insert into SHOT values (2648, 2958, 2959, 3001, 5.300, 8.69, -4.00, 5.300, 8.69, -4.00, 0.000, 3.90, 0.00);
insert into SHOT values (2649, 2959, 2960, 3001, 13.700, 15.69, 8.00, 13.700, 15.69, 8.00, 0.000, 182.52, 0.00);
insert into SHOT values (2650, 2960, 2961, 3001, 14.200, 21.69, -2.00, 14.200, 21.69, -2.00, 0.000, 188.55, 0.01);
insert into SHOT values (2651, 2961, 2943, 3001, 7.800, 54.69, -24.00, 7.800, 54.69, -24.00, 0.000, 175.43, 0.00);
insert into SURVEY values (3003, 2997, 'ResurgenceLobos', 'ResurgenceLobos.207.UltimaPatagonia', 'Resurgence des Lobos');
 insert into CENTRELINE values (3004, 3003, NULL, NULL, NULL, 0.00, 0.00, 0.00);
 insert into CENTRELINE values (3005, 3003, NULL, '2000-02-01', NULL, 291.00, 0.00, 0.00);
 insert into SHOT values (2652, 2962, 2963, 3005, 1.000, 326.13, -53.13, 1.000, 326.13, -53.13, 0.000, 184.29, 0.00);
insert into SHOT values (2653, 2963, 2964, 3005, 5.000, 16.13, -16.26, 5.000, 16.13, -16.26, 0.000, 182.78, 0.00);
insert into SHOT values (2654, 2964, 2965, 3005, 5.000, 16.13, -22.33, 5.000, 16.13, -22.33, 0.000, 183.35, 0.00);
insert into SHOT values (2655, 2965, 2966, 3005, 10.000, 341.13, -32.01, 10.000, 341.13, -32.01, 0.000, 191.39, 0.00);
insert into SHOT values (2656, 2966, 2967, 3005, 10.000, 341.13, -17.46, 10.000, 341.13, -17.46, 0.000, 177.27, 0.00);
insert into SHOT values (2657, 2967, 2968, 3005, 10.000, 341.13, -17.46, 10.000, 341.13, -17.46, 0.000, 177.27, 0.00);
insert into SHOT values (2658, 2968, 2969, 3005, 10.000, 341.13, -27.39, 10.000, 341.13, -27.39, 0.000, 215.26, 0.00);
insert into SHOT values (2659, 2969, 2970, 3005, 30.000, 341.13, -19.47, 30.000, 341.13, -19.47, 0.000, 231.60, 0.00);
insert into SHOT values (2660, 2970, 2971, 3005, 20.000, 326.13, -23.58, 20.000, 326.13, -23.58, 0.000, 6.09, 0.00);
insert into SHOT values (2661, 2971, 2972, 3005, 20.000, 356.13, -2.87, 20.000, 356.13, -2.87, 0.000, 359.61, 0.00);
insert into SHOT values (2662, 2972, 2973, 3005, 25.000, 356.13, -2.29, 25.000, 356.13, -2.29, 0.000, 1.73, 0.00);
insert into SHOT values (2663, 2973, 2974, 3005, 15.000, 16.13, 41.81, 15.000, 16.13, 41.81, 0.000, 0.48, 0.00);
insert into SHOT values (2664, 2974, 2975, 3005, 40.000, 16.13, 7.18, 40.000, 16.13, 7.18, 0.000, 179.08, 0.00);
insert into SHOT values (2665, 2975, 2976, 3005, 10.000, 296.13, 30.00, 10.000, 296.13, 30.00, 0.000, 5.33, 0.00);
insert into SHOT values (2666, 2976, 2977, 3005, 5.000, 296.13, -53.13, 5.000, 296.13, -53.13, 0.000, 329.14, 0.00);
insert into SHOT values (2667, 2977, 2978, 3005, 5.000, 196.13, -53.13, 5.000, 196.13, -53.13, 0.000, 174.97, 0.00);
insert into SHOT values (2668, 2978, 2979, 3005, 15.000, 216.13, -32.23, 15.000, 216.13, -32.23, 0.000, 183.86, 0.00);
insert into SHOT values (2669, 2979, 2980, 3005, 5.000, 346.13, -23.58, 5.000, 346.13, -23.58, 0.000, 180.65, 0.00);
insert into SHOT values (2670, 2980, 2981, 3005, 10.000, 326.13, -5.74, 10.000, 326.13, -5.74, 0.000, 353.42, 0.00);
insert into SHOT values (2671, 2981, 2982, 3005, 5.000, 326.13, -53.13, 5.000, 326.13, -53.13, 0.000, 178.11, 0.00);
insert into SHOT values (2672, 2982, 2983, 3005, 5.000, 316.13, -11.54, 5.000, 316.13, -11.54, 0.000, 179.32, 0.00);
insert into SHOT values (2673, 2983, 2984, 3005, 10.000, 296.13, -5.74, 10.000, 296.13, -5.74, 0.000, 176.89, 0.00);
insert into SHOT values (2674, 2984, 2985, 3005, 10.000, 356.13, -5.74, 10.000, 356.13, -5.74, 0.000, 357.50, 0.00);
insert into SHOT values (2675, 2985, 2986, 3005, 10.000, 356.13, -17.46, 10.000, 356.13, -17.46, 0.000, 171.04, 0.00);
insert into CENTRELINE values (3007, 2997, NULL, NULL, NULL, 0.00, 0.00, 0.00);
 insert into SURVEY values (3009, 22, '208', '208.UltimaPatagonia', '208 Lobos');
 insert into CENTRELINE values (3010, 3009, NULL, NULL, NULL, 0.00, 0.00, 0.00);
 insert into SURVEY values (3011, 3009, 'Cueva10H10', 'Cueva10H10.208.UltimaPatagonia', 'Cueva 10H10');
 insert into CENTRELINE values (3012, 3011, NULL, NULL, NULL, 0.00, 0.00, 0.00);
 insert into SCRAPS values (3013, 3011, 'DELETE-ME-survey-legs-Cueva10H10-p', 1, 0.00000, 0.00000);
 insert into SCRAPS values (3015, 3011, 'Cueva10H10-1p', 1, 0.07720, 0.00720);
 insert into SCRAPS values (3142, 3011, 'DELETE-ME-survey-legs-Cueva10H10-e', 2, 0.00000, 0.00000);
 insert into SCRAPS values (3171, 3011, 'Cueva10H10-1e', 2, 0.00000, 0.00000);
 insert into SCRAPS values (3201, 3011, 'DELETE-ME-survey-legs-DUPLICATE_Cueva10H10-e', 2, 0.00000, 0.00000);
 insert into SCRAPS values (3230, 3011, 'DUPLICATE_Cueva10H10-1e', 2, 0.00000, 0.00000);
 insert into CENTRELINE values (3246, 3011, NULL, '2008-02-26', NULL, 341.40, 0.00, 0.00);
 insert into SHOT values (2676, 2989, 2990, 3246, 10.800, 351.54, -9.00, 10.800, 351.54, -9.00, 0.000, 220.56, 0.00);
insert into SHOT values (2677, 2990, 2991, 3246, 45.700, 357.54, 0.00, 45.700, 357.54, 0.00, 0.000, 181.15, 0.00);
insert into SHOT values (2678, 2991, 2992, 3246, 51.700, 329.54, -6.00, 51.700, 329.54, -6.00, 0.000, 3.33, 0.00);
insert into SHOT values (2679, 2993, 2992, 3246, 37.500, 349.54, 0.00, 37.500, 349.54, 0.00, 0.000, 180.71, 0.00);
insert into SHOT values (2680, 2994, 2993, 3246, 36.500, 10.54, 0.00, 36.500, 10.54, 0.00, 0.000, 345.59, 0.00);
insert into SHOT values (2681, 2995, 2994, 3246, 15.300, 0.54, -15.00, 15.300, 0.54, -15.00, 0.000, 187.68, 0.00);
insert into SHOT values (2682, 2996, 2995, 3246, 5.600, 359.54, -8.00, 5.600, 359.54, -8.00, 0.000, 183.91, -0.00);
insert into SHOT values (2683, 2992, 2997, 3246, 21.300, 20.54, 0.00, 21.300, 20.54, 0.00, 0.000, 350.69, 0.00);
insert into SHOT values (2684, 2997, 2998, 3246, 29.000, 17.54, 15.00, 29.000, 17.54, 15.00, 0.000, 184.05, -0.00);
insert into SHOT values (2685, 2998, 2999, 3246, 25.000, 336.54, -1.00, 25.000, 336.54, -1.00, 0.000, 355.25, 0.00);
insert into SHOT values (2686, 2999, 3000, 3246, 22.000, 325.54, 10.00, 22.000, 325.54, 10.00, 0.000, 176.61, 0.00);
insert into SHOT values (2687, 3000, 3001, 3246, 19.000, 338.54, 25.00, 19.000, 338.54, 25.00, 0.000, 359.09, 0.00);
insert into SHOT values (2688, 3001, 3002, 3246, 22.000, 15.54, 30.00, 22.000, 15.54, 30.00, 0.000, 0.99, 0.00);
insert into SURVEY values (3248, 3009, 'Grotte20PlageDeLaBaleine', 'Grotte20PlageDeLaBaleine.208.UltimaPatagonia', 'Grotte 20 plage de la Baleine');
 insert into CENTRELINE values (3249, 3248, NULL, NULL, NULL, 0.00, 0.00, 0.00);
 insert into CENTRELINE values (3251, 3009, NULL, NULL, NULL, 0.00, 0.00, 0.00);
 insert into SURVEY values (3253, 22, '209', '209.UltimaPatagonia', '209 Soplador');
 insert into CENTRELINE values (3254, 3253, NULL, NULL, NULL, 0.00, 0.00, 0.00);
 insert into SURVEY values (3255, 3253, 'GrotteDuPleinCintre', 'GrotteDuPleinCintre.209.UltimaPatagonia', 'Perte du Plein Cintre');
 insert into CENTRELINE values (3256, 3255, NULL, NULL, NULL, 0.00, 0.00, 0.00);
 insert into CENTRELINE values (3257, 3255, NULL, NULL, NULL, 291.02, 0.00, 0.00);
 insert into SHOT values (2689, 3008, 3009, 3257, 3.800, 55.13, 80.00, 3.800, 55.13, 80.00, 0.000, 356.95, 0.00);
insert into SHOT values (2690, 3009, 3010, 3257, 2.080, 183.63, 5.00, 2.080, 183.63, 5.00, 0.000, 175.66, -0.00);
insert into SHOT values (2691, 3010, 3011, 3257, 3.640, 263.13, 38.00, 3.707, 260.99, 37.19, 0.138, 210.11, -0.03);
insert into SHOT values (2692, 3011, 3012, 3257, 7.570, 288.63, 35.00, 7.575, 285.53, 34.97, 0.336, 198.15, -0.02);
insert into SHOT values (2693, 3012, 3013, 3257, 2.580, 344.13, -12.00, 2.382, 341.76, -13.01, 0.226, 189.29, -0.01);
insert into SHOT values (2694, 3013, 3014, 3257, 2.440, 239.13, -21.00, 2.553, 237.37, -20.03, 0.141, 207.39, -0.02);
insert into SHOT values (2695, 3014, 3015, 3257, 2.440, 219.13, 0.00, 2.440, 219.13, 0.00, 0.000, 358.13, 0.00);
insert into SHOT values (2696, 3015, 3016, 3257, 3.540, 187.13, 12.00, 3.540, 187.13, 12.00, 0.000, 183.08, 0.00);
insert into SHOT values (2697, 3016, 3017, 3257, 3.220, 258.63, 17.00, 3.220, 258.63, 17.00, 0.000, 0.85, -0.00);
insert into SHOT values (2698, 3017, 3018, 3257, 1.850, 334.13, 0.00, 1.850, 334.13, 0.00, 0.000, 2.33, 0.00);
insert into SHOT values (2699, 3018, 3019, 3257, 4.080, 288.13, 4.00, 4.080, 288.13, 4.00, 0.000, 184.47, -0.00);
insert into SHOT values (2700, 3019, 3020, 3257, 6.420, 217.63, 32.00, 6.420, 217.63, 32.00, 0.000, 341.02, -0.00);
insert into SHOT values (2701, 3020, 3021, 3257, 5.950, 199.13, 43.00, 5.950, 199.13, 43.00, 0.000, 180.21, -0.00);
insert into SHOT values (2702, 3021, 3022, 3257, 3.230, 204.13, 7.00, 3.230, 204.13, 7.00, 0.000, 180.24, -0.00);
insert into SHOT values (2703, 3022, 3023, 3257, 5.100, 287.13, 13.00, 5.100, 287.13, 13.00, 0.000, 184.91, 0.01);
insert into SHOT values (2704, 3023, 3024, 3257, 5.220, 320.13, -11.00, 5.220, 320.13, -11.00, 0.000, 355.80, 0.00);
insert into SHOT values (2705, 3024, 3025, 3257, 2.100, 19.13, -8.00, 2.100, 19.13, -8.00, 0.000, 3.85, 0.00);
insert into SHOT values (2706, 3025, 3026, 3257, 5.600, 307.13, 0.00, 5.600, 307.13, 0.00, 0.000, 356.91, 0.00);
insert into SHOT values (2707, 3022, 3027, 3257, 10.300, 217.13, 19.00, 10.300, 217.13, 19.00, 0.000, 1.13, -0.00);
insert into SHOT values (2708, 3024, 3028, 3257, 12.440, 196.13, 5.00, 12.440, 196.13, 5.00, 0.000, 176.16, -0.01);
insert into SHOT values (2709, 3022, 3029, 3257, 6.000, 13.13, 10.00, 6.000, 13.13, 10.00, 0.000, 176.95, 0.00);
insert into SHOT values (2710, 3029, 3030, 3257, 10.210, 1.13, 27.00, 10.210, 1.13, 27.00, 0.000, 176.37, -0.00);
insert into SHOT values (2711, 3014, 3031, 3257, 9.150, 44.13, -59.00, 8.980, 46.23, -60.85, 0.378, 199.05, -0.02);
insert into SHOT values (2712, 3010, 3032, 3257, 3.680, 248.13, 44.00, 3.607, 250.25, 45.13, 0.140, 26.12, 0.03);
insert into SHOT values (2713, 3032, 3033, 3257, 5.300, 335.13, 39.00, 5.441, 337.20, 37.81, 0.235, 16.38, 0.02);
insert into SHOT values (2714, 3033, 3034, 3257, 2.390, 1.13, 6.00, 2.627, 1.72, 5.46, 0.240, 7.53, 0.01);
insert into SHOT values (2715, 3034, 3035, 3257, 1.950, 29.63, 16.00, 2.131, 27.97, 14.61, 0.196, 11.82, 0.01);
insert into SHOT values (2716, 3035, 3036, 3257, 3.800, 338.13, 13.00, 3.984, 340.06, 12.39, 0.228, 13.18, 0.01);
insert into SHOT values (2717, 3036, 3037, 3257, 1.970, 16.13, 7.00, 2.194, 15.30, 6.28, 0.227, 8.13, 0.01);
insert into SHOT values (2718, 3037, 3038, 3257, 3.380, 345.63, -2.00, 3.595, 347.24, -1.88, 0.236, 10.92, 0.01);
insert into SHOT values (2719, 3038, 3039, 3257, 3.430, 59.63, -35.00, 3.430, 59.63, -35.00, 0.000, 177.47, -0.00);
insert into SHOT values (2720, 3039, 3040, 3257, 7.810, 342.13, 3.00, 7.810, 342.13, 3.00, 0.000, 175.39, -0.00);
insert into SHOT values (2721, 3040, 3041, 3257, 4.290, 14.13, 0.00, 4.290, 14.13, 0.00, 0.000, 183.06, 0.00);
insert into SHOT values (2722, 3038, 3042, 3257, 3.740, 258.13, 48.00, 3.686, 260.57, 48.95, 0.133, 27.48, 0.03);
insert into SHOT values (2723, 3042, 3043, 3257, 4.670, 230.13, 14.00, 4.492, 231.55, 14.57, 0.214, 20.05, 0.02);
insert into SHOT values (2724, 3043, 3044, 3257, 4.510, 221.13, 24.00, 4.510, 221.13, 24.00, 0.000, 356.51, -0.00);
insert into SHOT values (2725, 3043, 3045, 3257, 0.700, 16.13, -90.00, 0.703, 19.07, -84.72, 0.065, 19.07, 0.09);
insert into SHOT values (2726, 3045, 3046, 3257, 5.950, 78.13, -44.00, 6.044, 75.71, -43.14, 0.225, 22.20, 0.03);
insert into SHOT values (2727, 3046, 3047, 3257, 4.260, 118.13, -39.00, 4.253, 115.20, -39.08, 0.169, 23.50, 0.03);
insert into SHOT values (2728, 3047, 3048, 3257, 3.160, 89.13, -58.00, 3.188, 86.02, -57.20, 0.106, 27.19, 0.05);
insert into SHOT values (2729, 3048, 3049, 3257, 2.300, 344.13, -3.00, 2.511, 346.31, -2.75, 0.230, 8.63, 0.01);
insert into SHOT values (2730, 3049, 3050, 3257, 2.720, 229.13, -18.00, 2.583, 230.94, -18.99, 0.165, 21.18, 0.02);
insert into SHOT values (2731, 3050, 3051, 3257, 4.300, 227.13, -10.00, 4.120, 228.49, -10.44, 0.208, 19.60, 0.02);
insert into SHOT values (2732, 3051, 3052, 3257, 7.560, 194.13, -18.00, 7.284, 193.70, -18.71, 0.295, 24.28, 0.03);
insert into SHOT values (2733, 3052, 3031, 3257, 0.000, 16.13, 0.00, 0.063, 19.07, 0.02, 0.063, 19.07, 0.02);
insert into SHOT values (2734, 3010, 3053, 3257, 1.770, 167.63, 13.00, 1.770, 167.63, 13.00, 0.000, 359.49, -0.00);
insert into SHOT values (2735, 3053, 3054, 3257, 2.640, 181.63, 3.00, 2.640, 181.63, 3.00, 0.000, 180.60, -0.00);
insert into SHOT values (2736, 3054, 3055, 3257, 2.710, 60.13, -7.00, 2.710, 60.13, -7.00, 0.000, 178.68, 0.00);
insert into SHOT values (2737, 3055, 3056, 3257, 10.180, 120.63, -46.00, 10.180, 120.63, -46.00, 0.000, 177.33, 0.01);
insert into SHOT values (2738, 3056, 3057, 3257, 4.220, 50.63, -9.00, 4.220, 50.63, -9.00, 0.000, 173.86, -0.00);
insert into SHOT values (2739, 3057, 3058, 3257, 4.300, 80.13, -70.00, 4.300, 80.13, -70.00, 0.000, 188.31, -0.00);
insert into SHOT values (2740, 3058, 3059, 3257, 3.890, 105.13, -60.00, 3.890, 105.13, -60.00, 0.000, 169.95, 0.00);
insert into SHOT values (2741, 3059, 3060, 3257, 4.430, 85.63, -13.00, 4.430, 85.63, -13.00, 0.000, 310.16, -0.03);
insert into SHOT values (2742, 3060, 3061, 3257, 3.530, 95.63, -3.00, 3.530, 95.63, -3.00, 0.000, 174.87, 0.00);
insert into SHOT values (2743, 3061, 3062, 3257, 2.450, 183.63, 3.00, 2.450, 183.63, 3.00, 0.000, 178.21, 0.00);
insert into SHOT values (2744, 3062, 3063, 3257, 4.850, 187.13, -5.00, 4.850, 187.13, -5.00, 0.000, 177.40, -0.00);
insert into SHOT values (2745, 3063, 3064, 3257, 6.800, 16.13, -90.00, 6.800, 90.00, -90.00, 0.000, 16.13, -25.93);
insert into SHOT values (2746, 3062, 3065, 3257, 7.700, 16.13, -90.00, 7.700, 90.00, -90.00, 0.000, 16.13, 23.24);
insert into SHOT values (2747, 3066, 3067, 3257, 3.520, 16.13, 90.00, 3.520, 90.00, 90.00, 0.000, 16.13, 39.73);
insert into SHOT values (2748, 3067, 3068, 3257, 2.870, 155.13, 25.00, 2.870, 155.13, 25.00, 0.000, 225.99, 0.00);
insert into SHOT values (2749, 3068, 3069, 3257, 3.530, 54.13, 22.00, 3.530, 54.13, 22.00, 0.000, 185.06, 0.00);
insert into SHOT values (2750, 3069, 3070, 3257, 2.220, 8.13, -25.00, 2.220, 8.13, -25.00, 0.000, 178.95, -0.00);
insert into SHOT values (2751, 3070, 3071, 3257, 5.270, 101.13, -26.00, 5.270, 101.13, -26.00, 0.000, 357.04, 0.00);
insert into SHOT values (2752, 3071, 3072, 3257, 5.610, 14.63, -20.00, 5.610, 14.63, -20.00, 0.000, 350.37, 0.00);
insert into SHOT values (2753, 3072, 3073, 3257, 3.590, 274.63, 15.00, 3.590, 274.63, 15.00, 0.000, 177.70, -0.00);
insert into SHOT values (2754, 3073, 3064, 3257, 4.110, 349.13, 24.00, 4.110, 349.13, 24.00, 0.000, 175.98, -0.00);
insert into CENTRELINE values (3258, 3255, NULL, NULL, NULL, 164.68, 0.00, 0.00);
 insert into SHOT values (2755, 3074, 3075, 3258, 6.720, 1.13, 6.00, 6.720, 1.13, 6.00, 0.000, 357.44, -0.00);
insert into SHOT values (2756, 3075, 3076, 3258, 6.350, 50.13, 8.00, 6.350, 50.13, 8.00, 0.000, 351.08, 0.00);
insert into SHOT values (2757, 3076, 3077, 3258, 2.270, 9.13, 31.00, 2.270, 9.13, 31.00, 0.000, 177.03, -0.00);
insert into SHOT values (2758, 3077, 3078, 3258, 1.330, 57.13, -32.00, 1.330, 57.13, -32.00, 0.000, 180.43, 0.00);
insert into SHOT values (2759, 3078, 3079, 3258, 4.960, 31.13, 1.00, 4.960, 31.13, 1.00, 0.000, 2.95, -0.00);
insert into SHOT values (2760, 3079, 3080, 3258, 1.780, 320.13, 0.00, 1.780, 320.13, 0.00, 0.000, 344.97, 0.00);
insert into SHOT values (2761, 3080, 3081, 3258, 3.760, 275.13, 6.00, 3.760, 275.13, 6.00, 0.000, 176.01, 0.00);
insert into SHOT values (2762, 3081, 3082, 3258, 7.180, 308.13, 32.00, 7.180, 308.13, 32.00, 0.000, 2.71, -0.00);
insert into SHOT values (2763, 3082, 3083, 3258, 3.090, 353.13, 31.00, 3.090, 353.13, 31.00, 0.000, 5.88, 0.00);
insert into SHOT values (2764, 3083, 3084, 3258, 2.910, 0.13, 23.00, 2.910, 0.13, 23.00, 0.000, 181.99, 0.01);
insert into SHOT values (2765, 3084, 3085, 3258, 3.900, 328.13, 7.00, 3.900, 328.13, 7.00, 0.000, 358.69, 0.00);
insert into SHOT values (2766, 3085, 3086, 3258, 3.900, 45.13, 0.00, 3.900, 45.13, 0.00, 0.000, 179.90, 0.00);
insert into SHOT values (2767, 3086, 3087, 3258, 8.960, 44.13, 8.00, 8.960, 44.13, 8.00, 0.000, 175.89, -0.00);
insert into SHOT values (2768, 3087, 3088, 3258, 3.130, 48.13, 35.00, 3.130, 48.13, 35.00, 0.000, 7.24, 0.01);
insert into SHOT values (2769, 3088, 3089, 3258, 3.700, 356.13, 16.00, 3.700, 356.13, 16.00, 0.000, 173.38, -0.00);
insert into SHOT values (2770, 3089, 3090, 3258, 1.450, 330.13, 3.00, 1.450, 330.13, 3.00, 0.000, 5.76, -0.00);
insert into SHOT values (2771, 3090, 3091, 3258, 5.200, 265.13, 0.00, 5.200, 265.13, 0.00, 0.000, 185.32, 0.00);
insert into SHOT values (2772, 3091, 3092, 3258, 6.490, 331.13, 19.00, 6.490, 331.13, 19.00, 0.000, 154.68, -0.01);
insert into SHOT values (2773, 3092, 3093, 3258, 2.760, 354.13, 20.00, 2.760, 354.13, 20.00, 0.000, 191.01, 0.00);
insert into SHOT values (2774, 3093, 3031, 3258, 5.150, 253.13, 0.00, 5.150, 253.13, 0.00, 0.000, 186.05, 0.00);
insert into SHOT values (2775, 3093, 3094, 3258, 7.140, 36.13, 0.00, 7.140, 36.13, 0.00, 0.000, 30.96, 0.00);
insert into SHOT values (2776, 3074, 3095, 3258, 15.890, 93.13, -35.00, 15.890, 93.13, -35.00, 0.000, 1.62, 0.01);
insert into SHOT values (2777, 3095, 3096, 3258, 18.670, 155.13, -32.00, 18.670, 155.13, -32.00, 0.000, 179.98, -0.00);
insert into SHOT values (2778, 3096, 3097, 3258, 8.020, 153.13, -61.00, 8.020, 153.13, -61.00, 0.000, 3.08, -0.00);
insert into SHOT values (2779, 3097, 3098, 3258, 4.720, 136.13, -48.00, 4.720, 136.13, -48.00, 0.000, 189.46, -0.00);
insert into SHOT values (2780, 3098, 3099, 3258, 2.050, 53.13, -32.00, 2.050, 53.13, -32.00, 0.000, 356.85, 0.00);
insert into SHOT values (2781, 3099, 3100, 3258, 3.600, 135.13, -30.00, 3.600, 135.13, -30.00, 0.000, 359.52, -0.00);
insert into SHOT values (2782, 3100, 3101, 3258, 8.900, 115.13, -53.00, 8.900, 115.13, -53.00, 0.000, 0.95, 0.00);
insert into SHOT values (2783, 3101, 3102, 3258, 4.640, 161.13, -33.00, 4.640, 161.13, -33.00, 0.000, 181.95, 0.00);
insert into SHOT values (2784, 3102, 3103, 3258, 6.060, 77.13, -47.00, 6.060, 77.13, -47.00, 0.000, 183.48, 0.00);
insert into CENTRELINE values (3259, 3255, NULL, NULL, NULL, 49.26, 0.00, 0.00);
 insert into SHOT values (2785, 3074, 3104, 3259, 19.200, 75.13, -32.00, 19.200, 75.13, -32.00, 0.000, 173.33, 0.00);
insert into SHOT values (2786, 3104, 3105, 3259, 9.560, 68.13, -31.00, 9.560, 68.13, -31.00, 0.000, 8.71, -0.01);
insert into SHOT values (2787, 3105, 3106, 3259, 2.380, 45.63, -10.00, 2.380, 45.63, -10.00, 0.000, 355.89, -0.00);
insert into SHOT values (2788, 3106, 3107, 3259, 2.960, 57.13, -58.00, 2.960, 57.13, -58.00, 0.000, 168.63, 0.01);
insert into SHOT values (2789, 3107, 3108, 3259, 4.010, 71.13, -8.00, 4.010, 71.13, -8.00, 0.000, 1.27, 0.00);
insert into SHOT values (2790, 3108, 3109, 3259, 2.720, 52.13, -59.00, 2.720, 52.13, -59.00, 0.000, 177.11, -0.00);
insert into SHOT values (2791, 3109, 3110, 3259, 8.430, 127.13, -48.00, 8.430, 127.13, -48.00, 0.000, 2.33, -0.00);
insert into SURVEY values (3261, 3253, 'EmergenceBarillet', 'EmergenceBarillet.209.UltimaPatagonia', 'Emergence du Barillet');
 insert into CENTRELINE values (3262, 3261, NULL, NULL, NULL, 0.00, 0.00, 0.00);
 insert into CENTRELINE values (3263, 3261, NULL, NULL, NULL, 64.25, 0.00, 0.00);
 insert into SHOT values (2792, 3111, 3112, 3263, 3.550, 121.13, 0.00, 3.550, 121.13, 0.00, 0.000, 19.61, 0.00);
insert into SHOT values (2793, 3112, 3113, 3263, 6.240, 0.13, 3.00, 6.240, 0.13, 3.00, 0.000, 179.37, 0.00);
insert into SHOT values (2794, 3113, 3114, 3263, 3.540, 347.13, -5.00, 3.540, 347.13, -5.00, 0.000, 111.63, 0.05);
insert into SHOT values (2795, 3114, 3115, 3263, 3.610, 246.13, 56.00, 3.610, 246.13, 56.00, 0.000, 172.96, 0.01);
insert into SHOT values (2796, 3114, 3116, 3263, 2.740, 83.13, -4.00, 2.740, 83.13, -4.00, 0.000, 181.56, -0.00);
insert into SHOT values (2797, 3116, 3117, 3263, 2.270, 113.13, 2.00, 2.270, 113.13, 2.00, 0.000, 0.85, -0.00);
insert into SHOT values (2798, 3117, 3118, 3263, 2.300, 19.13, 20.00, 2.300, 19.13, 20.00, 0.000, 349.53, 0.00);
insert into SHOT values (2799, 3118, 3119, 3263, 3.020, 314.13, 20.00, 3.020, 314.13, 20.00, 0.000, 4.98, -0.01);
insert into SHOT values (2800, 3119, 3120, 3263, 10.260, 16.13, 90.00, 10.260, 90.00, 90.00, 0.000, 16.13, -13.92);
insert into SHOT values (2801, 3120, 3121, 3263, 2.420, 70.13, 0.00, 2.420, 70.13, 0.00, 0.000, 19.19, 0.00);
insert into SHOT values (2802, 3117, 3122, 3263, 1.660, 107.13, 5.00, 1.660, 107.13, 5.00, 0.000, 3.22, -0.00);
insert into SHOT values (2803, 3122, 3123, 3263, 10.000, 79.13, -38.00, 10.000, 79.13, -38.00, 0.000, 177.42, 0.00);
insert into SHOT values (2804, 3123, 3124, 3263, 3.370, 120.13, -25.00, 3.370, 120.13, -25.00, 0.000, 208.41, 0.00);
insert into SHOT values (2805, 3124, 3125, 3263, 4.900, 107.13, -18.00, 4.900, 107.13, -18.00, 0.000, 145.85, -0.03);
insert into SHOT values (2806, 3125, 3126, 3263, 4.370, 129.13, -1.00, 4.370, 129.13, -1.00, 0.000, 173.47, -0.01);
insert into SURVEY values (3265, 3253, 'ResurgenceDeLaPlage', 'ResurgenceDeLaPlage.209.UltimaPatagonia', 'Resurgence de la Plage');
 insert into CENTRELINE values (3266, 3265, NULL, NULL, NULL, 0.00, 0.00, 0.00);
 insert into CENTRELINE values (3267, 3265, NULL, '2008-02-01', NULL, 185.52, 0.00, 0.00);
 insert into SHOT values (2807, 3127, 3128, 3267, 8.680, 262.54, 2.00, 8.680, 262.54, 2.00, 0.000, 0.14, 0.00);
insert into SHOT values (2808, 3128, 3129, 3267, 9.160, 339.54, -20.00, 9.160, 339.54, -20.00, 0.000, 199.15, 0.00);
insert into SHOT values (2809, 3128, 3130, 3267, 6.050, 176.54, 5.00, 6.050, 176.54, 5.00, 0.000, 359.77, 0.00);
insert into SHOT values (2810, 3130, 3131, 3267, 14.150, 157.54, 15.00, 14.150, 157.54, 15.00, 0.000, 181.53, 0.00);
insert into SHOT values (2811, 3130, 3132, 3267, 10.780, 283.54, 5.00, 10.780, 283.54, 5.00, 0.000, 162.36, 0.00);
insert into SHOT values (2812, 3132, 3133, 3267, 6.730, 227.54, 45.00, 6.730, 227.54, 45.00, 0.000, 174.09, 0.00);
insert into SHOT values (2813, 3133, 3134, 3267, 5.500, 213.54, 14.00, 5.491, 216.24, 17.35, 0.406, 325.94, 49.01);
insert into SHOT values (2814, 3134, 3135, 3267, 28.400, 335.54, -14.00, 28.400, 335.54, -14.00, 0.000, 179.24, 0.00);
insert into SHOT values (2815, 3135, 3136, 3267, 8.070, 123.54, -15.00, 8.070, 123.54, -15.00, 0.000, 0.48, 0.00);
insert into SHOT values (2816, 3135, 3137, 3267, 15.120, 348.54, -8.00, 15.120, 348.54, -8.00, 0.000, 180.37, 0.00);
insert into SHOT values (2817, 3134, 3138, 3267, 22.140, 144.54, 24.00, 22.087, 145.44, 33.40, 3.637, 315.36, 60.11);
insert into SHOT values (2818, 3138, 3139, 3267, 6.600, 8.54, -48.00, 6.496, 6.22, -44.40, 0.463, 328.24, 51.11);
insert into SHOT values (2819, 3139, 3140, 3267, 4.210, 171.54, 55.00, 4.210, 171.54, 55.00, 0.000, 177.61, 0.00);
insert into SHOT values (2820, 3140, 3141, 3267, 4.200, 108.54, 27.00, 4.200, 108.54, 27.00, 0.000, 176.85, 0.00);
insert into SHOT values (2821, 3141, 3142, 3267, 2.630, 151.54, -42.00, 2.630, 151.54, -42.00, 0.000, 0.76, -0.00);
insert into SHOT values (2822, 3142, 3143, 3267, 14.100, 165.54, 27.00, 14.100, 165.54, 27.00, 0.000, 189.01, 0.00);
insert into SHOT values (2823, 3139, 3133, 3267, 19.000, 333.54, -36.00, 19.142, 332.01, -28.90, 2.404, 315.59, 52.85);
insert into CENTRELINE values (3268, 3265, NULL, NULL, NULL, 192.00, 0.00, 0.00);
 insert into SHOT values (2824, 3144, 3145, 3268, 13.000, 26.13, 0.00, 13.000, 26.13, 0.00, 0.000, 358.80, 0.00);
insert into SHOT values (2825, 3145, 3146, 3268, 5.000, 96.13, 0.00, 5.000, 96.13, 0.00, 0.000, 175.66, 0.00);
insert into SHOT values (2826, 3146, 3147, 3268, 6.000, 141.13, -24.62, 6.000, 141.13, -24.62, 0.000, 3.01, 0.00);
insert into SHOT values (2827, 3147, 3148, 3268, 9.000, 126.13, -5.74, 9.000, 126.13, -5.74, 0.000, 357.85, 0.00);
insert into SHOT values (2828, 3148, 3149, 3268, 3.000, 121.13, -34.52, 3.000, 121.13, -34.52, 0.000, 179.41, 0.00);
insert into SHOT values (2829, 3149, 3150, 3268, 4.000, 131.13, -11.54, 4.000, 131.13, -11.54, 0.000, 355.45, 0.00);
insert into SHOT values (2830, 3150, 3151, 3268, 10.000, 166.13, -16.26, 10.000, 166.13, -16.26, 0.000, 3.54, 0.00);
insert into SHOT values (2831, 3151, 3152, 3268, 12.000, 126.13, 8.63, 12.000, 126.13, 8.63, 0.000, 177.30, 0.00);
insert into SHOT values (2832, 3152, 3153, 3268, 5.000, 106.13, -73.74, 5.000, 106.13, -73.74, 0.000, 177.65, 0.00);
insert into SHOT values (2833, 3153, 3154, 3268, 5.000, 136.13, -6.89, 5.000, 136.13, -6.89, 0.000, 353.49, 0.00);
insert into SHOT values (2834, 3154, 3155, 3268, 5.000, 76.13, -23.58, 5.000, 76.13, -23.58, 0.000, 174.59, 0.00);
insert into SHOT values (2835, 3155, 3156, 3268, 5.000, 76.13, 0.00, 5.000, 76.13, 0.00, 0.000, 327.66, 0.00);
insert into SHOT values (2836, 3156, 3157, 3268, 10.000, 106.13, 0.00, 10.000, 106.13, 0.00, 0.000, 176.29, 0.00);
insert into SHOT values (2837, 3157, 3158, 3268, 5.000, 106.13, -23.58, 5.000, 106.13, -23.58, 0.000, 160.25, 0.00);
insert into SHOT values (2838, 3158, 3159, 3268, 10.000, 136.13, 11.54, 10.000, 136.13, 11.54, 0.000, 359.31, 0.00);
insert into SHOT values (2839, 3159, 3160, 3268, 5.000, 226.13, 36.87, 5.000, 226.13, 36.87, 0.000, 351.33, 0.00);
insert into SHOT values (2840, 3160, 3161, 3268, 5.000, 166.13, 11.54, 5.000, 166.13, 11.54, 0.000, 4.53, 0.00);
insert into SHOT values (2841, 3161, 3162, 3268, 5.000, 176.13, 11.54, 5.000, 176.13, 11.54, 0.000, 315.63, 0.00);
insert into SHOT values (2842, 3162, 3163, 3268, 5.000, 146.13, 23.58, 5.000, 146.13, 23.58, 0.000, 161.84, 0.00);
insert into SHOT values (2843, 3163, 3164, 3268, 5.000, 116.13, 11.54, 5.000, 116.13, 11.54, 0.000, 177.60, 0.00);
insert into SHOT values (2844, 3164, 3165, 3268, 5.000, 146.13, 11.54, 5.000, 146.13, 11.54, 0.000, 344.62, 0.00);
insert into SHOT values (2845, 3165, 3166, 3268, 5.000, 166.13, 11.54, 5.000, 166.13, 11.54, 0.000, 4.53, 0.00);
insert into SHOT values (2846, 3166, 3167, 3268, 5.000, 206.13, 11.54, 5.000, 206.13, 11.54, 0.000, 178.84, 0.00);
insert into SHOT values (2847, 3167, 3168, 3268, 5.000, 226.13, 23.58, 5.000, 226.13, 23.58, 0.000, 357.77, 0.00);
insert into SHOT values (2848, 3168, 3169, 3268, 5.000, 106.13, 23.58, 5.000, 106.13, 23.58, 0.000, 160.25, 0.00);
insert into SHOT values (2849, 3169, 3170, 3268, 5.000, 156.13, 23.58, 5.000, 156.13, 23.58, 0.000, 51.68, 0.00);
insert into SHOT values (2850, 3170, 3171, 3268, 5.000, 146.13, 0.00, 5.000, 146.13, 0.00, 0.000, 356.67, 0.00);
insert into SHOT values (2851, 3171, 3172, 3268, 5.000, 156.13, 11.54, 5.000, 156.13, 11.54, 0.000, 182.25, 0.00);
insert into SHOT values (2852, 3172, 3173, 3268, 5.000, 136.13, 11.54, 5.000, 136.13, 11.54, 0.000, 359.31, 0.00);
insert into SHOT values (2853, 3173, 3174, 3268, 5.000, 156.13, 23.58, 5.000, 156.13, 23.58, 0.000, 51.68, 0.00);
insert into SHOT values (2854, 3174, 3175, 3268, 5.000, 196.13, 17.46, 5.000, 196.13, 17.46, 0.000, 359.42, 0.00);
insert into SHOT values (2855, 3175, 3137, 3268, 5.000, 166.13, 17.46, 5.000, 166.13, 17.46, 0.000, 350.46, 0.00);
insert into SURVEY values (3270, 3253, 'GrotteEvier', 'GrotteEvier.209.UltimaPatagonia', 'Grotte Evier');
 insert into CENTRELINE values (3271, 3270, NULL, NULL, NULL, 0.00, 0.00, 0.00);
 insert into CENTRELINE values (3272, 3270, NULL, NULL, NULL, 71.30, 0.00, 0.00);
 insert into SHOT values (2856, 3176, 3177, 3272, 6.000, 251.13, -10.00, 6.000, 251.13, -10.00, 0.000, 359.38, 0.00);
insert into SHOT values (2857, 3176, 3178, 3272, 1.000, 6.13, 0.00, 1.000, 6.13, 0.00, 0.000, 194.56, 0.00);
insert into SHOT values (2858, 3178, 3179, 3272, 14.000, 16.13, 90.00, 14.000, 90.00, 90.00, 0.000, 16.13, 0.00);
insert into SHOT values (2859, 3179, 3180, 3272, 10.500, 86.13, 80.00, 10.500, 86.13, 80.00, 0.000, 13.34, -0.00);
insert into SHOT values (2860, 3180, 3181, 3272, 4.100, 81.13, -12.00, 4.100, 81.13, -12.00, 0.000, 164.56, 0.00);
insert into SHOT values (2861, 3181, 3182, 3272, 18.500, 16.13, 90.00, 18.500, 90.00, 90.00, 0.000, 16.13, 0.00);
insert into SHOT values (2862, 3182, 3183, 3272, 17.200, 255.13, 88.00, 17.200, 255.13, 88.00, 0.000, 359.28, 0.00);
insert into SURVEY values (3274, 3253, 'LosGringos', 'LosGringos.209.UltimaPatagonia', 'Cueva los Gringos');
 insert into CENTRELINE values (3275, 3274, NULL, NULL, NULL, 0.00, 0.00, 0.00);
 insert into CENTRELINE values (3276, 3274, NULL, NULL, NULL, 63.90, 0.00, 0.00);
 insert into SHOT values (2863, 3184, 3185, 3276, 6.280, 181.13, -31.80, 6.280, 181.13, -31.80, 0.000, 166.51, 0.00);
insert into SHOT values (2864, 3185, 3186, 3276, 2.940, 162.13, 35.80, 2.940, 162.13, 35.80, 0.000, 1.98, -0.00);
insert into SHOT values (2865, 3186, 3187, 3276, 5.800, 112.93, 15.40, 5.800, 112.93, 15.40, 0.000, 183.57, -0.00);
insert into SHOT values (2866, 3187, 3188, 3276, 5.470, 197.93, 62.70, 5.470, 197.93, 62.70, 0.000, 357.44, 0.00);
insert into SHOT values (2867, 3188, 3189, 3276, 1.920, 161.53, 87.70, 1.920, 161.53, 87.70, 0.000, 182.45, -0.00);
insert into SHOT values (2868, 3189, 3190, 3276, 4.150, 220.03, 7.70, 4.150, 220.03, 7.70, 0.000, 356.96, 0.00);
insert into SHOT values (2869, 3190, 3191, 3276, 5.240, 315.13, 65.10, 5.240, 315.13, 65.10, 0.000, 327.24, 0.01);
insert into SHOT values (2870, 3191, 3192, 3276, 4.630, 345.33, 80.60, 4.630, 345.33, 80.60, 0.000, 34.16, 0.01);
insert into SHOT values (2871, 3192, 3193, 3276, 22.300, 241.03, 83.60, 22.300, 241.03, 83.60, 0.000, 176.65, 0.00);
insert into SHOT values (2872, 3193, 3194, 3276, 5.170, 127.53, 68.40, 5.170, 127.53, 68.40, 0.000, 0.19, -0.00);
insert into SURVEY values (3278, 3253, 'GouffreDeLaDetente', 'GouffreDeLaDetente.209.UltimaPatagonia', 'GouffreDeLaDetente');
 insert into CENTRELINE values (3279, 3278, NULL, NULL, NULL, 0.00, 0.00, 0.00);
 insert into CENTRELINE values (3280, 3278, NULL, NULL, NULL, 243.74, 0.00, 0.00);
 insert into SHOT values (2873, 3195, 3196, 3280, 7.900, 340.13, -32.00, 7.900, 340.13, -32.00, 0.000, 352.97, -0.01);
insert into SHOT values (2874, 3196, 3197, 3280, 15.690, 302.13, -58.00, 15.690, 302.13, -58.00, 0.000, 3.29, -0.01);
insert into SHOT values (2875, 3197, 3198, 3280, 15.020, 296.13, -90.00, 15.020, 90.00, -90.00, 0.000, 296.13, 18.71);
insert into SHOT values (2876, 3198, 3199, 3280, 9.780, 287.13, -26.00, 9.780, 287.13, -26.00, 0.000, 5.54, -0.01);
insert into SHOT values (2877, 3199, 3200, 3280, 3.350, 196.13, -90.00, 3.350, 90.00, -90.00, 0.000, 196.13, -62.69);
insert into SHOT values (2878, 3200, 3201, 3280, 6.200, 196.13, -23.00, 6.200, 196.13, -23.00, 0.000, 1.80, 0.00);
insert into SHOT values (2879, 3201, 3202, 3280, 4.500, 327.13, -36.00, 4.500, 327.13, -36.00, 0.000, 357.64, 0.00);
insert into SHOT values (2880, 3202, 3203, 3280, 4.950, 308.13, -57.00, 4.950, 308.13, -57.00, 0.000, 190.71, 0.00);
insert into SHOT values (2881, 3202, 3204, 3280, 8.440, 232.13, -52.00, 8.440, 232.13, -52.00, 0.000, 179.05, 0.00);
insert into SHOT values (2882, 3203, 3205, 3280, 3.400, 314.13, -43.00, 3.400, 314.13, -43.00, 0.000, 356.20, -0.00);
insert into SHOT values (2883, 3205, 3206, 3280, 3.800, 350.13, 5.00, 3.800, 350.13, 5.00, 0.000, 174.35, -0.00);
insert into SHOT values (2884, 3206, 3207, 3280, 5.150, 12.13, -54.00, 5.150, 12.13, -54.00, 0.000, 180.85, -0.01);
insert into SHOT values (2885, 3207, 3208, 3280, 2.160, 275.13, -6.00, 2.160, 275.13, -6.00, 0.000, 3.20, -0.00);
insert into SHOT values (2886, 3208, 3209, 3280, 5.800, 298.13, -59.00, 5.800, 298.13, -59.00, 0.000, 58.52, 0.11);
insert into SHOT values (2887, 3209, 3210, 3280, 9.460, 285.13, -71.00, 9.460, 285.13, -71.00, 0.000, 184.62, 0.00);
insert into SHOT values (2888, 3210, 3211, 3280, 4.760, 217.13, -17.00, 4.760, 217.13, -17.00, 0.000, 304.79, -0.00);
insert into SHOT values (2889, 3211, 3212, 3280, 8.070, 264.13, -67.00, 8.070, 264.13, -67.00, 0.000, 357.73, 0.01);
insert into SHOT values (2890, 3212, 3213, 3280, 8.450, 340.13, -47.00, 8.450, 340.13, -47.00, 0.000, 1.52, -0.00);
insert into SHOT values (2891, 3213, 3214, 3280, 2.200, 270.13, 10.00, 2.200, 270.13, 10.00, 0.000, 169.87, 0.00);
insert into SHOT values (2892, 3214, 3215, 3280, 4.300, 8.13, 2.00, 4.300, 8.13, 2.00, 0.000, 355.46, 0.05);
insert into SHOT values (2893, 3215, 3216, 3280, 1.900, 54.13, -15.00, 1.900, 54.13, -15.00, 0.000, 220.79, 0.01);
insert into SHOT values (2894, 3216, 3217, 3280, 3.000, 347.13, -45.00, 3.000, 347.13, -45.00, 0.000, 187.72, -0.01);
insert into SHOT values (2895, 3217, 3218, 3280, 3.400, 307.13, -31.00, 3.400, 307.13, -31.00, 0.000, 183.49, -0.00);
insert into SHOT values (2896, 3218, 3219, 3280, 13.600, 266.13, -57.00, 13.600, 266.13, -57.00, 0.000, 178.05, -0.01);
insert into SHOT values (2897, 3219, 3220, 3280, 10.000, 16.13, -90.00, 10.000, 90.00, -90.00, 0.000, 16.13, 0.00);
insert into SHOT values (2898, 3220, 3221, 3280, 11.000, 16.13, -90.00, 11.000, 90.00, -90.00, 0.000, 16.13, 0.00);
insert into SHOT values (2899, 3221, 3222, 3280, 7.000, 254.13, 5.00, 7.000, 254.13, 5.00, 0.000, 164.51, -0.02);
insert into SHOT values (2900, 3222, 3223, 3280, 11.700, 226.13, -72.00, 11.700, 226.13, -72.00, 0.000, 104.31, -0.09);
insert into SHOT values (2901, 3223, 3224, 3280, 4.000, 170.13, -44.00, 4.000, 170.13, -44.00, 0.000, 4.43, 0.00);
insert into SHOT values (2902, 3224, 3225, 3280, 7.500, 196.13, 0.00, 7.500, 196.13, 0.00, 0.000, 184.74, 0.00);
insert into SHOT values (2903, 3225, 3226, 3280, 4.000, 16.13, -90.00, 4.000, 90.00, -90.00, 0.000, 16.13, 0.00);
insert into SHOT values (2904, 3226, 3227, 3280, 2.260, 197.13, -25.00, 2.260, 197.13, -25.00, 0.000, 184.15, -0.00);
insert into SHOT values (2905, 3227, 3228, 3280, 8.500, 246.13, -75.00, 8.500, 246.13, -75.00, 0.000, 241.87, 0.05);
insert into SHOT values (2906, 3228, 3229, 3280, 22.500, 195.13, 0.00, 22.500, 195.13, 0.00, 0.000, 356.76, 0.00);
insert into CENTRELINE values (3281, 3278, NULL, '2020-02-23', NULL, 176.25, 0.00, 0.00);
 insert into SHOT values (2907, 3229, 3230, 3281, 16.950, 214.60, -75.00, 16.950, 214.60, -75.00, 0.000, 357.26, 0.01);
insert into SHOT values (2908, 3230, 3231, 3281, 7.400, 26.60, -18.00, 7.400, 26.60, -18.00, 0.000, 12.17, -0.01);
insert into SHOT values (2909, 3231, 3232, 3281, 1.800, 348.60, -20.00, 1.800, 348.60, -20.00, 0.000, 2.18, 0.00);
insert into SHOT values (2910, 3232, 3233, 3281, 6.600, 16.60, -25.00, 6.600, 16.60, -25.00, 0.000, 180.42, -0.00);
insert into SHOT values (2911, 3233, 3234, 3281, 7.300, 24.60, -30.00, 7.300, 24.60, -30.00, 0.000, 358.09, -0.00);
insert into SHOT values (2912, 3234, 3235, 3281, 8.600, 64.60, -23.00, 8.600, 64.60, -23.00, 0.000, 356.33, 0.00);
insert into SHOT values (2913, 3235, 3236, 3281, 4.600, 334.60, -75.00, 4.600, 334.60, -75.00, 0.000, 2.16, 0.00);
insert into SHOT values (2914, 3236, 3237, 3281, 5.800, 24.60, -26.00, 5.800, 24.60, -26.00, 0.000, 182.59, 0.00);
insert into SHOT values (2915, 3237, 3238, 3281, 1.800, 324.60, -2.00, 1.800, 324.60, -2.00, 0.000, 181.36, 0.00);
insert into SHOT values (2916, 3238, 3239, 3281, 1.600, 352.60, -8.00, 1.600, 352.60, -8.00, 0.000, 1.77, 0.01);
insert into SHOT values (2917, 3239, 3240, 3281, 3.400, 214.60, -0.00, 3.400, 214.60, 0.00, 0.000, 176.65, 0.00);
insert into SHOT values (2918, 3240, 3241, 3281, 7.400, 14.60, -25.00, 7.400, 14.60, -25.00, 0.000, 178.80, -0.00);
insert into SHOT values (2919, 3241, 3242, 3281, 3.150, 302.60, -17.00, 3.150, 302.60, -17.00, 0.000, 24.90, 0.01);
insert into SHOT values (2920, 3242, 3243, 3281, 3.100, 20.60, -13.00, 3.100, 20.60, -13.00, 0.000, 357.28, -0.00);
insert into SHOT values (2921, 3243, 3244, 3281, 1.900, 295.60, -0.00, 1.900, 295.60, 0.00, 0.000, 173.95, 0.00);
insert into SHOT values (2922, 3244, 3245, 3281, 2.900, 219.60, -26.00, 2.900, 219.60, -26.00, 0.000, 176.68, 0.00);
insert into SHOT values (2923, 3245, 3246, 3281, 2.000, 326.60, -2.00, 2.000, 326.60, -2.00, 0.000, 179.09, -0.00);
insert into SHOT values (2924, 3246, 3247, 3281, 10.000, 352.60, -38.00, 10.000, 352.60, -38.00, 0.000, 181.46, -0.00);
insert into SHOT values (2925, 3247, 3248, 3281, 10.600, 50.60, -18.00, 10.600, 50.60, -18.00, 0.000, 182.62, 0.00);
insert into SHOT values (2926, 3248, 3249, 3281, 4.000, 79.60, -70.00, 4.000, 79.60, -70.00, 0.000, 3.07, -0.00);
insert into SHOT values (2927, 3249, 3250, 3281, 12.200, 357.60, -10.00, 12.200, 357.60, -10.00, 0.000, 210.99, -0.00);
insert into SHOT values (2928, 3250, 3251, 3281, 1.400, 319.60, -3.00, 1.400, 319.60, -3.00, 0.000, 155.99, 0.01);
insert into SHOT values (2929, 3251, 3252, 3281, 2.400, 269.60, -5.00, 2.400, 269.60, -5.00, 0.000, 3.88, 0.00);
insert into SHOT values (2930, 3252, 3253, 3281, 1.000, 2.60, -0.00, 1.000, 2.60, 0.00, 0.000, 4.21, 0.00);
insert into SHOT values (2931, 3253, 3254, 3281, 1.600, 314.60, -0.00, 1.600, 314.60, 0.00, 0.000, 0.77, 0.00);
insert into SHOT values (2932, 3254, 3255, 3281, 2.400, 32.60, -5.00, 2.400, 32.60, -5.00, 0.000, 185.97, 0.00);
insert into SHOT values (2933, 3255, 3256, 3281, 1.400, 239.60, -0.00, 1.400, 239.60, 0.00, 0.000, 357.61, 0.00);
insert into SHOT values (2934, 3256, 3257, 3281, 4.000, 34.60, -4.00, 4.000, 34.60, -4.00, 0.000, 221.52, -0.02);
insert into SHOT values (2935, 3257, 3258, 3281, 2.800, 314.60, -4.00, 2.800, 314.60, -4.00, 0.000, 358.98, -0.00);
insert into SHOT values (2936, 3258, 3259, 3281, 3.300, 69.60, -30.00, 3.300, 69.60, -30.00, 0.000, 4.09, -0.00);
insert into SHOT values (2937, 3259, 3260, 3281, 5.000, 344.60, -8.00, 5.000, 344.60, -8.00, 0.000, 12.52, -0.00);
insert into SHOT values (2938, 3260, 3261, 3281, 2.000, 9.60, -0.00, 2.000, 9.60, 0.00, 0.000, 186.87, 0.00);
insert into SHOT values (2939, 3261, 3262, 3281, 4.500, 256.60, -18.00, 4.500, 256.60, -18.00, 0.000, 177.71, 0.00);
insert into SHOT values (2940, 3262, 3263, 3281, 3.000, 24.60, -30.00, 3.000, 24.60, -30.00, 0.000, 3.08, 0.00);
insert into SHOT values (2941, 3263, 3264, 3281, 6.500, 299.60, -64.00, 6.500, 299.60, -64.00, 0.000, 3.35, 0.00);
insert into SHOT values (2942, 3264, 3265, 3281, 7.150, 20.60, -12.00, 7.150, 20.60, -12.00, 0.000, 172.91, 0.01);
insert into SHOT values (2943, 3265, 3266, 3281, 4.700, 64.60, -72.00, 4.700, 64.60, -72.00, 0.000, 177.31, 0.00);
insert into CENTRELINE values (3282, 3278, NULL, NULL, NULL, 215.76, 0.00, 0.00);
 insert into SHOT values (2944, 3266, 3267, 3282, 5.900, 356.13, -10.00, 5.900, 356.13, -10.00, 0.000, 182.72, 0.00);
insert into SHOT values (2945, 3267, 3268, 3282, 7.800, 346.13, -9.00, 7.800, 346.13, -9.00, 0.000, 182.54, 0.00);
insert into SHOT values (2946, 3268, 3269, 3282, 6.600, 346.13, -32.00, 6.600, 346.13, -32.00, 0.000, 353.42, -0.00);
insert into SHOT values (2947, 3269, 3270, 3282, 2.850, 236.13, -5.00, 2.850, 236.13, -5.00, 0.000, 211.29, -0.03);
insert into SHOT values (2948, 3270, 3271, 3282, 2.400, 313.13, -35.00, 2.400, 313.13, -35.00, 0.000, 351.61, -0.00);
insert into SHOT values (2949, 3271, 3272, 3282, 3.900, 350.13, -25.00, 3.900, 350.13, -25.00, 0.000, 181.23, -0.00);
insert into SHOT values (2950, 3272, 3273, 3282, 1.400, 31.13, -50.00, 1.400, 31.13, -50.00, 0.000, 7.55, 0.01);
insert into SHOT values (2951, 3273, 3274, 3282, 2.200, 351.13, -22.00, 2.200, 351.13, -22.00, 0.000, 2.48, -0.00);
insert into SHOT values (2952, 3274, 3275, 3282, 2.100, 316.13, 10.00, 2.100, 316.13, 10.00, 0.000, 177.15, 0.00);
insert into SHOT values (2953, 3275, 3276, 3282, 2.400, 38.13, 4.00, 2.400, 38.13, 4.00, 0.000, 1.15, 0.00);
insert into SHOT values (2954, 3276, 3277, 3282, 3.200, 336.13, -45.00, 3.200, 336.13, -45.00, 0.000, 1.59, 0.00);
insert into SHOT values (2955, 3277, 3278, 3282, 4.200, 284.13, -43.00, 4.200, 284.13, -43.00, 0.000, 359.89, 0.00);
insert into SHOT values (2956, 3278, 3279, 3282, 4.200, 99.13, -10.00, 4.200, 99.13, -10.00, 0.000, 182.91, -0.00);
insert into SHOT values (2957, 3279, 3280, 3282, 9.600, 306.13, -8.00, 9.600, 306.13, -8.00, 0.000, 166.11, 0.00);
insert into SHOT values (2958, 3280, 3281, 3282, 3.000, 78.13, -38.00, 3.000, 78.13, -38.00, 0.000, 4.41, -0.00);
insert into SHOT values (2959, 3281, 3282, 3282, 9.000, 334.13, -4.00, 9.000, 334.13, -4.00, 0.000, 168.14, 0.02);
insert into SHOT values (2960, 3282, 3283, 3282, 3.200, 338.13, 0.00, 3.200, 338.13, 0.00, 0.000, 176.04, 0.00);
insert into SHOT values (2961, 3283, 3284, 3282, 8.500, 301.13, -55.00, 8.500, 301.13, -55.00, 0.000, 179.62, 0.00);
insert into SHOT values (2962, 3284, 3285, 3282, 3.700, 281.13, -18.00, 3.700, 281.13, -18.00, 0.000, 3.04, -0.01);
insert into SHOT values (2963, 3285, 3286, 3282, 3.400, 291.13, -12.00, 3.400, 291.13, -12.00, 0.000, 356.31, -0.00);
insert into SHOT values (2964, 3286, 3287, 3282, 3.800, 99.13, -22.00, 3.800, 99.13, -22.00, 0.000, 193.14, 0.01);
insert into SHOT values (2965, 3287, 3288, 3282, 8.350, 308.13, -14.00, 8.350, 308.13, -14.00, 0.000, 38.09, 0.02);
insert into SHOT values (2966, 3288, 3289, 3282, 2.150, 349.13, -15.00, 2.150, 349.13, -15.00, 0.000, 0.88, 0.00);
insert into SHOT values (2967, 3289, 3290, 3282, 4.550, 326.13, -15.00, 4.550, 326.13, -15.00, 0.000, 0.51, 0.00);
insert into SHOT values (2968, 3290, 3291, 3282, 1.500, 320.13, 0.00, 1.500, 320.13, 0.00, 0.000, 187.65, 0.00);
insert into SHOT values (2969, 3291, 3292, 3282, 4.200, 299.13, -13.00, 4.200, 299.13, -13.00, 0.000, 178.29, 0.00);
insert into SHOT values (2970, 3292, 3293, 3282, 2.750, 91.13, 10.00, 2.750, 91.13, 10.00, 0.000, 178.59, -0.00);
insert into SHOT values (2971, 3293, 3294, 3282, 2.500, 326.13, -10.00, 2.500, 326.13, -10.00, 0.000, 355.58, 0.00);
insert into SHOT values (2972, 3294, 3295, 3282, 1.600, 16.13, 4.00, 1.600, 16.13, 4.00, 0.000, 178.14, -0.00);
insert into SHOT values (2973, 3295, 3296, 3282, 1.700, 299.13, -18.00, 1.700, 299.13, -18.00, 0.000, 357.92, 0.00);
insert into SHOT values (2974, 3296, 3297, 3282, 2.500, 326.13, -22.00, 2.500, 326.13, -22.00, 0.000, 161.56, 0.01);
insert into SHOT values (2975, 3297, 3298, 3282, 1.750, 346.13, -8.00, 1.750, 346.13, -8.00, 0.000, 183.48, 0.00);
insert into SHOT values (2976, 3298, 3299, 3282, 1.500, 331.13, -16.00, 1.500, 331.13, -16.00, 0.000, 356.59, -0.00);
insert into SHOT values (2977, 3299, 3300, 3282, 7.750, 6.13, 8.00, 7.750, 6.13, 8.00, 0.000, 10.81, -0.01);
insert into SHOT values (2978, 3300, 3301, 3282, 3.160, 334.13, -8.00, 3.160, 334.13, -8.00, 0.000, 180.73, 0.00);
insert into SHOT values (2979, 3301, 3302, 3282, 2.100, 256.13, -8.00, 2.100, 256.13, -8.00, 0.000, 86.67, -0.03);
insert into SHOT values (2980, 3302, 3303, 3282, 2.200, 291.13, -18.00, 2.200, 291.13, -18.00, 0.000, 357.04, 0.00);
insert into SHOT values (2981, 3303, 3304, 3282, 2.000, 99.13, -12.00, 2.000, 99.13, -12.00, 0.000, 177.54, -0.00);
insert into SHOT values (2982, 3304, 3305, 3282, 2.300, 316.13, 0.00, 2.300, 316.13, 0.00, 0.000, 191.65, 0.00);
insert into SHOT values (2983, 3305, 3306, 3282, 2.300, 51.13, -5.00, 2.300, 51.13, -5.00, 0.000, 176.25, -0.00);
insert into SHOT values (2984, 3306, 3307, 3282, 2.800, 351.13, -10.00, 2.800, 351.13, -10.00, 0.000, 2.95, -0.00);
insert into SHOT values (2985, 3307, 3308, 3282, 2.000, 152.13, -8.00, 2.000, 152.13, -8.00, 0.000, 174.05, 0.00);
insert into SHOT values (2986, 3308, 3309, 3282, 4.700, 341.13, -12.00, 4.700, 341.13, -12.00, 0.000, 358.32, 0.00);
insert into SHOT values (2987, 3309, 3310, 3282, 3.300, 276.13, -6.00, 3.300, 276.13, -6.00, 0.000, 4.55, -0.00);
insert into SHOT values (2988, 3310, 3311, 3282, 3.750, 336.13, -8.00, 3.750, 336.13, -8.00, 0.000, 179.29, 0.00);
insert into SHOT values (2989, 3311, 3312, 3282, 4.800, 42.13, -10.00, 4.800, 42.13, -10.00, 0.000, 0.20, 0.00);
insert into SHOT values (2990, 3312, 3313, 3282, 1.750, 326.13, 0.00, 1.750, 326.13, 0.00, 0.000, 176.03, 0.00);
insert into SHOT values (2991, 3313, 3314, 3282, 1.950, 231.13, 0.00, 1.950, 231.13, 0.00, 0.000, 174.30, 0.00);
insert into SHOT values (2992, 3314, 3315, 3282, 3.200, 356.13, -8.00, 3.200, 356.13, -8.00, 0.000, 357.51, -0.00);
insert into SHOT values (2993, 3315, 3316, 3282, 10.800, 306.13, -18.00, 10.800, 306.13, -18.00, 0.000, 176.15, 0.00);
insert into SHOT values (2994, 3316, 3317, 3282, 5.700, 6.13, -4.00, 5.700, 6.13, -4.00, 0.000, 2.42, 0.00);
insert into SHOT values (2995, 3317, 3318, 3282, 6.950, 276.13, -25.00, 6.950, 276.13, -25.00, 0.000, 0.08, 0.00);
insert into SHOT values (2996, 3318, 3319, 3282, 4.000, 96.13, -45.00, 4.000, 96.13, -45.00, 0.000, 172.91, 0.01);
insert into SHOT values (2997, 3319, 3320, 3282, 5.300, 285.13, -22.00, 5.300, 285.13, -22.00, 0.000, 3.74, -0.00);
insert into SHOT values (2998, 3320, 3321, 3282, 2.900, 91.13, 20.00, 2.900, 91.13, 20.00, 0.000, 357.74, -0.00);
insert into SHOT values (2999, 3321, 3322, 3282, 1.650, 346.13, 0.00, 1.650, 346.13, 0.00, 0.000, 359.81, 0.00);
insert into CENTRELINE values (3283, 3278, NULL, NULL, NULL, 161.00, 0.00, 0.00);
 insert into SHOT values (3000, 3323, 3322, 3283, 3.800, 16.13, 90.00, 3.800, 90.00, 90.00, 0.000, 16.13, 41.03);
insert into SHOT values (3001, 3324, 3323, 3283, 2.900, 186.13, 12.00, 2.900, 186.13, 12.00, 0.000, 197.38, 0.00);
insert into SHOT values (3002, 3325, 3324, 3283, 3.300, 233.63, 11.00, 3.300, 233.63, 11.00, 0.000, 174.86, -0.00);
insert into SHOT values (3003, 3326, 3325, 3283, 2.300, 177.13, 4.00, 2.300, 177.13, 4.00, 0.000, 345.78, 0.01);
insert into SHOT values (3004, 3327, 3326, 3283, 3.300, 137.13, -1.00, 3.300, 137.13, -1.00, 0.000, 359.92, 0.00);
insert into SHOT values (3005, 3328, 3327, 3283, 5.400, 218.13, 2.00, 5.400, 218.13, 2.00, 0.000, 336.10, -0.01);
insert into SHOT values (3006, 3329, 3328, 3283, 2.700, 248.13, 14.00, 2.700, 248.13, 14.00, 0.000, 45.11, 0.03);
insert into SHOT values (3007, 3330, 3329, 3283, 2.600, 156.13, 33.00, 2.600, 156.13, 33.00, 0.000, 345.31, 0.00);
insert into SHOT values (3008, 3331, 3330, 3283, 3.600, 80.13, 27.00, 3.600, 80.13, 27.00, 0.000, 181.10, 0.00);
insert into SHOT values (3009, 3332, 3331, 3283, 5.400, 180.13, 49.00, 5.400, 180.13, 49.00, 0.000, 184.95, 0.00);
insert into SHOT values (3010, 3333, 3332, 3283, 1.800, 163.13, 6.00, 1.800, 163.13, 6.00, 0.000, 356.02, -0.01);
insert into SHOT values (3011, 3334, 3333, 3283, 5.100, 196.13, 14.00, 5.100, 196.13, 14.00, 0.000, 183.62, 0.00);
insert into SHOT values (3012, 3335, 3334, 3283, 1.900, 163.13, 6.00, 1.900, 163.13, 6.00, 0.000, 0.58, 0.00);
insert into SHOT values (3013, 3336, 3335, 3283, 2.500, 224.13, 8.00, 2.500, 224.13, 8.00, 0.000, 181.70, 0.00);
insert into SHOT values (3014, 3337, 3336, 3283, 5.300, 173.13, 10.00, 5.300, 173.13, 10.00, 0.000, 3.93, 0.00);
insert into SHOT values (3015, 3338, 3337, 3283, 3.500, 208.13, 11.00, 3.500, 208.13, 11.00, 0.000, 5.90, -0.00);
insert into SHOT values (3016, 3339, 3338, 3283, 3.100, 127.13, 6.00, 3.100, 127.13, 6.00, 0.000, 358.56, -0.00);
insert into SHOT values (3017, 3340, 3339, 3283, 3.700, 178.13, 4.00, 3.700, 178.13, 4.00, 0.000, 180.87, -0.00);
insert into SHOT values (3018, 3341, 3340, 3283, 2.600, 199.13, 25.00, 2.600, 199.13, 25.00, 0.000, 0.55, 0.00);
insert into SHOT values (3019, 3342, 3341, 3283, 5.500, 151.13, 35.00, 5.500, 151.13, 35.00, 0.000, 359.65, -0.00);
insert into SHOT values (3020, 3343, 3342, 3283, 1.600, 16.13, -90.00, 1.600, 90.00, -90.00, 0.000, 16.13, 45.94);
insert into SHOT values (3021, 3344, 3343, 3283, 3.500, 165.13, 1.00, 3.500, 165.13, 1.00, 0.000, 4.69, -0.00);
insert into SHOT values (3022, 3345, 3344, 3283, 2.000, 209.13, 1.00, 2.000, 209.13, 1.00, 0.000, 316.10, 0.01);
insert into SHOT values (3023, 3346, 3345, 3283, 1.600, 238.13, 0.00, 1.600, 238.13, 0.00, 0.000, 0.37, 0.00);
insert into SHOT values (3024, 3347, 3346, 3283, 2.400, 138.13, 1.00, 2.400, 138.13, 1.00, 0.000, 4.17, 0.00);
insert into SHOT values (3025, 3348, 3347, 3283, 2.600, 167.13, 0.00, 2.600, 167.13, 0.00, 0.000, 164.87, 0.00);
insert into SHOT values (3026, 3349, 3348, 3283, 2.000, 135.13, 7.00, 2.000, 135.13, 7.00, 0.000, 187.51, 0.00);
insert into SHOT values (3027, 3350, 3349, 3283, 2.700, 168.13, 6.00, 2.700, 168.13, 6.00, 0.000, 183.39, 0.00);
insert into SHOT values (3028, 3351, 3350, 3283, 1.500, 121.13, 0.00, 1.500, 121.13, 0.00, 0.000, 179.00, 0.00);
insert into SHOT values (3029, 3352, 3351, 3283, 5.300, 109.13, 12.00, 5.300, 109.13, 12.00, 0.000, 66.66, -0.02);
insert into SHOT values (3030, 3353, 3352, 3283, 3.700, 139.13, 28.00, 3.700, 139.13, 28.00, 0.000, 67.25, 0.01);
insert into SHOT values (3031, 3354, 3353, 3283, 5.900, 177.13, 32.00, 5.900, 177.13, 32.00, 0.000, 1.70, -0.00);
insert into SHOT values (3032, 3355, 3354, 3283, 3.100, 221.13, 17.00, 3.100, 221.13, 17.00, 0.000, 174.80, 0.00);
insert into SHOT values (3033, 3356, 3355, 3283, 3.000, 162.13, 32.00, 3.000, 162.13, 32.00, 0.000, 193.34, 0.01);
insert into SHOT values (3034, 3357, 3356, 3283, 1.000, 16.13, -10.00, 1.000, 16.13, -10.00, 0.000, 349.10, -0.00);
insert into SHOT values (3035, 3358, 3357, 3283, 5.400, 180.13, 1.00, 5.400, 180.13, 1.00, 0.000, 152.27, 0.02);
insert into SHOT values (3036, 3359, 3358, 3283, 2.500, 92.13, 4.00, 2.500, 92.13, 4.00, 0.000, 11.17, -0.00);
insert into SHOT values (3037, 3360, 3359, 3283, 3.400, 202.13, 1.00, 3.400, 202.13, 1.00, 0.000, 177.38, 0.00);
insert into SHOT values (3038, 3361, 3360, 3283, 2.800, 162.13, 3.00, 2.800, 162.13, 3.00, 0.000, 0.25, -0.00);
insert into SHOT values (3039, 3362, 3361, 3283, 1.900, 209.13, 8.00, 1.900, 209.13, 8.00, 0.000, 100.16, 0.03);
insert into SHOT values (3040, 3363, 3362, 3283, 1.500, 122.13, 0.00, 1.500, 122.13, 0.00, 0.000, 179.49, 0.00);
insert into SHOT values (3041, 3364, 3363, 3283, 13.400, 164.13, 2.00, 13.400, 164.13, 2.00, 0.000, 179.01, -0.00);
insert into SHOT values (3042, 3365, 3364, 3283, 10.500, 5.13, -10.00, 10.500, 5.13, -10.00, 0.000, 1.78, 0.00);
insert into SHOT values (3043, 3366, 3364, 3283, 7.400, 178.13, 22.00, 7.400, 178.13, 22.00, 0.000, 175.86, -0.00);
insert into CENTRELINE values (3284, 3278, NULL, NULL, NULL, 66.00, 0.00, 0.00);
 insert into SHOT values (3044, 3367, 3368, 3284, 2.000, 16.13, -90.00, 2.000, 90.00, -90.00, 0.000, 16.13, 0.00);
insert into SHOT values (3045, 3368, 3369, 3284, 6.000, 99.13, -58.00, 6.000, 99.13, -58.00, 0.000, 357.75, -0.00);
insert into SHOT values (3046, 3369, 3370, 3284, 2.000, 35.13, -28.00, 2.000, 35.13, -28.00, 0.000, 9.46, 0.01);
insert into SHOT values (3047, 3370, 3371, 3284, 5.000, 90.13, -33.00, 5.000, 90.13, -33.00, 0.000, 328.65, -0.01);
insert into SHOT values (3048, 3371, 3372, 3284, 2.000, 38.13, -18.00, 2.000, 38.13, -18.00, 0.000, 183.69, -0.00);
insert into SHOT values (3049, 3372, 3373, 3284, 2.000, 99.13, -24.00, 2.000, 99.13, -24.00, 0.000, 354.45, 0.01);
insert into SHOT values (3050, 3373, 3374, 3284, 3.000, 167.13, -19.00, 3.000, 167.13, -19.00, 0.000, 183.94, 0.00);
insert into SHOT values (3051, 3374, 3375, 3284, 5.000, 49.13, -12.00, 5.000, 49.13, -12.00, 0.000, 3.93, -0.00);
insert into SHOT values (3052, 3375, 3376, 3284, 3.000, 77.13, -11.00, 3.000, 77.13, -11.00, 0.000, 353.81, -0.00);
insert into SHOT values (3053, 3376, 3377, 3284, 1.000, 174.13, -10.00, 1.000, 174.13, -10.00, 0.000, 171.64, 0.01);
insert into SHOT values (3054, 3377, 3378, 3284, 4.000, 148.13, -21.00, 4.000, 148.13, -21.00, 0.000, 165.06, 0.01);
insert into SHOT values (3055, 3378, 3379, 3284, 2.000, 222.13, 1.00, 2.000, 222.13, 1.00, 0.000, 355.92, 0.00);
insert into SHOT values (3056, 3379, 3380, 3284, 2.000, 260.13, -24.00, 2.000, 260.13, -24.00, 0.000, 185.76, 0.01);
insert into SHOT values (3057, 3380, 3381, 3284, 2.000, 179.13, -32.00, 2.000, 179.13, -32.00, 0.000, 0.92, 0.00);
insert into SHOT values (3058, 3381, 3382, 3284, 2.000, 217.13, -54.00, 2.000, 217.13, -54.00, 0.000, 130.79, -0.06);
insert into SHOT values (3059, 3382, 3198, 3284, 23.000, 228.13, -61.00, 23.000, 228.13, -61.00, 0.000, 356.76, -0.00);
insert into SURVEY values (3286, 3253, 'GouffreCumpleAnos', 'GouffreCumpleAnos.209.UltimaPatagonia', 'Gouffre Cumple Anos');
 insert into CENTRELINE values (3287, 3286, NULL, NULL, NULL, 0.00, 0.00, 0.00);
 insert into SCRAPS values (3288, 3286, 'GouffreCumpleAnos-1p', 1, 1.48513, 0.09907);
 insert into SCRAPS values (3390, 3286, 'DELETE-ME-survey-legs-GouffreCumpleAnos-e', 2, 0.00000, 0.00000);
 insert into SCRAPS values (3392, 3286, 'GouffreCumpleAnos-1e', 2, 0.00000, 0.00000);
 insert into MAPS values (3481, 3286, 'm-all-p', NULL, 1, 40.360, -23.776);
 insert into MAPITEMS values (3481, 4, 3288);
 insert into CENTRELINE values (3482, 3286, NULL, '2010-01-24', NULL, 40.36, 0.00, 0.00);
 insert into PERSON values (12, 'Olivier', 'Testa');
insert into TOPO values (12, 3482);
 insert into PERSON values (13, 'Didier', 'Gignoux');
insert into EXPLO values (13, 3482);
 insert into PERSON values (14, 'Jean Francois', 'Hayet');
insert into EXPLO values (14, 3482);
 insert into PERSON values (15, 'Laurent', 'Masselin');
insert into EXPLO values (15, 3482);
 insert into PERSON values (16, 'Florence', 'Rivaud');
insert into EXPLO values (16, 3482);
 insert into EXPLO values (12, 3482);
 insert into SHOT values (3060, 3383, 3384, 3482, 5.960, 212.40, -40.00, 5.960, 212.40, -40.00, 0.000, 359.35, 0.01);
insert into SHOT values (3061, 3384, 3385, 3482, 1.930, 277.40, -34.00, 1.930, 277.40, -34.00, 0.000, 179.20, -0.00);
insert into SHOT values (3062, 3385, 3386, 3482, 3.000, 277.40, -90.00, 3.000, 90.00, -90.00, 0.000, 277.40, 0.00);
insert into SHOT values (3063, 3386, 3387, 3482, 3.320, 259.40, 0.00, 3.320, 259.40, 0.00, 0.000, 183.37, 0.00);
insert into SHOT values (3064, 3387, 3388, 3482, 3.200, 259.40, -90.00, 3.200, 90.00, -90.00, 0.000, 259.40, 45.94);
insert into SHOT values (3065, 3388, 3389, 3482, 1.760, 276.40, 5.00, 1.760, 276.40, 5.00, 0.000, 355.12, 0.00);
insert into SHOT values (3066, 3389, 3390, 3482, 2.370, 335.40, -58.00, 2.370, 335.40, -58.00, 0.000, 358.91, 0.00);
insert into SHOT values (3067, 3390, 3391, 3482, 4.670, 255.40, -46.00, 4.670, 255.40, -46.00, 0.000, 1.07, -0.00);
insert into SHOT values (3068, 3391, 3392, 3482, 2.650, 145.40, 3.00, 2.650, 145.40, 3.00, 0.000, 354.89, -0.01);
insert into SHOT values (3069, 3392, 3393, 3482, 2.620, 300.40, -24.00, 2.620, 300.40, -24.00, 0.000, 181.33, 0.00);
insert into SHOT values (3070, 3393, 3394, 3482, 2.270, 253.40, -19.00, 2.270, 253.40, -19.00, 0.000, 189.01, -0.01);
insert into SHOT values (3071, 3394, 3395, 3482, 1.000, 305.40, -15.00, 1.000, 305.40, -15.00, 0.000, 1.23, -0.00);
insert into SHOT values (3072, 3395, 3396, 3482, 5.610, 0.40, -80.00, 5.610, 0.40, -80.00, 0.000, 353.02, 0.01);
insert into SURVEY values (3484, 3253, 'PozoAlRato', 'PozoAlRato.209.UltimaPatagonia', 'Pozo Al Rato (Later On)');
 insert into CENTRELINE values (3485, 3484, NULL, NULL, NULL, 0.00, 0.00, 0.00);
 insert into CENTRELINE values (3486, 3484, NULL, NULL, NULL, 128.11, 0.00, 0.00);
 insert into SHOT values (3073, 3397, 3398, 3486, 4.500, 116.13, 50.00, 4.500, 116.13, 50.00, 0.000, 178.89, 0.00);
insert into SHOT values (3074, 3398, 3399, 3486, 12.100, 135.13, 28.00, 12.100, 135.13, 28.00, 0.000, 181.28, 0.00);
insert into SHOT values (3075, 3399, 3400, 3486, 20.810, 136.13, 90.00, 20.810, 90.00, 90.00, 0.000, 136.13, 2.80);
insert into SHOT values (3076, 3400, 3401, 3486, 22.300, 136.13, 90.00, 22.300, 90.00, 90.00, 0.000, 136.13, 7.79);
insert into SHOT values (3077, 3401, 3402, 3486, 10.400, 136.13, 90.00, 10.400, 90.00, 90.00, 0.000, 136.13, -32.45);
insert into SHOT values (3078, 3402, 3403, 3486, 21.300, 136.13, 90.00, 21.300, 90.00, 90.00, 0.000, 136.13, 8.16);
insert into SHOT values (3079, 3403, 3404, 3486, 7.300, 146.13, 83.00, 7.300, 146.13, 83.00, 0.000, 168.21, 0.00);
insert into SHOT values (3080, 3404, 3405, 3486, 4.900, 146.13, 90.00, 4.900, 90.00, 90.00, 0.000, 146.13, -53.47);
insert into SHOT values (3081, 3405, 3406, 3486, 5.800, 146.13, 90.00, 5.800, 90.00, 90.00, 0.000, 146.13, 29.69);
insert into SHOT values (3082, 3406, 3407, 3486, 6.200, 352.13, 71.00, 6.200, 352.13, 71.00, 0.000, 181.25, -0.00);
insert into SHOT values (3083, 3407, 3408, 3486, 12.500, 352.13, 90.00, 12.500, 90.00, 90.00, 0.000, 352.13, 0.00);
insert into SURVEY values (3488, 3253, 'PozoDeLosCinquetenos', 'PozoDeLosCinquetenos.209.UltimaPatagonia', 'Pozo De Los Cinquetenos');
 insert into CENTRELINE values (3489, 3488, NULL, NULL, NULL, 0.00, 0.00, 0.00);
 insert into CENTRELINE values (3490, 3488, NULL, NULL, NULL, 113.20, 0.00, 0.00);
 insert into SHOT values (3084, 3409, 3410, 3490, 3.000, 16.13, 90.00, 3.000, 90.00, 90.00, 0.000, 16.13, 0.00);
insert into SHOT values (3085, 3410, 3411, 3490, 2.000, 106.13, 0.00, 2.000, 106.13, 0.00, 0.000, 180.77, 0.00);
insert into SHOT values (3086, 3411, 3412, 3490, 3.000, 106.13, 90.00, 3.000, 90.00, 90.00, 0.000, 106.13, 0.00);
insert into SHOT values (3087, 3412, 3413, 3490, 6.000, 106.13, 0.00, 6.000, 106.13, 0.00, 0.000, 182.38, 0.00);
insert into SHOT values (3088, 3413, 3414, 3490, 7.300, 106.13, 90.00, 7.300, 90.00, 90.00, 0.000, 106.13, 24.37);
insert into SHOT values (3089, 3414, 3415, 3490, 6.500, 273.13, 45.00, 6.500, 273.13, 45.00, 0.000, 348.57, -0.01);
insert into SHOT values (3090, 3415, 3416, 3490, 9.600, 214.13, 13.00, 9.600, 214.13, 13.00, 0.000, 121.93, -0.03);
insert into SHOT values (3091, 3416, 3417, 3490, 8.200, 151.13, 23.00, 8.200, 151.13, 23.00, 0.000, 359.64, -0.00);
insert into SHOT values (3092, 3417, 3418, 3490, 18.000, 96.13, 72.00, 18.000, 96.13, 72.00, 0.000, 357.93, -0.00);
insert into SHOT values (3093, 3418, 3419, 3490, 8.700, 36.13, 82.00, 8.700, 36.13, 82.00, 0.000, 167.46, -0.02);
insert into SHOT values (3094, 3419, 3420, 3490, 10.600, 86.13, 68.00, 10.600, 86.13, 68.00, 0.000, 192.29, 0.01);
insert into SHOT values (3095, 3420, 3421, 3490, 17.800, 97.13, 73.00, 17.800, 97.13, 73.00, 0.000, 183.46, -0.00);
insert into SHOT values (3096, 3421, 3422, 3490, 12.500, 264.13, -20.00, 12.500, 264.13, -20.00, 0.000, 189.53, -0.01);
insert into SURVEY values (3492, 3253, 'CuevaTorseOublie', 'CuevaTorseOublie.209.UltimaPatagonia', 'Cueva du Torse Oublie');
 insert into CENTRELINE values (3493, 3492, NULL, NULL, NULL, 0.00, 0.00, 0.00);
 insert into CENTRELINE values (3494, 3492, NULL, NULL, NULL, 78.00, 0.00, 0.00);
 insert into SHOT values (3097, 3423, 3424, 3494, 21.000, 114.13, 33.00, 21.000, 114.13, 33.00, 0.000, 357.77, -0.00);
insert into SHOT values (3098, 3424, 3425, 3494, 12.000, 99.13, 63.00, 12.000, 99.13, 63.00, 0.000, 353.57, 0.00);
insert into SHOT values (3099, 3425, 3426, 3494, 24.000, 16.13, 90.00, 24.000, 90.00, 90.00, 0.000, 16.13, 0.00);
insert into SHOT values (3100, 3426, 3427, 3494, 12.000, 305.13, 77.00, 12.000, 305.13, 77.00, 0.000, 178.83, 0.01);
insert into SHOT values (3101, 3427, 3428, 3494, 9.000, 226.13, 85.00, 9.000, 226.13, 85.00, 0.000, 182.39, -0.00);
insert into SURVEY values (3496, 3253, 'PerteDesSabliers', 'PerteDesSabliers.209.UltimaPatagonia', 'PerteDesSabliers');
 insert into CENTRELINE values (3497, 3496, NULL, NULL, NULL, 0.00, 0.00, 0.00);
 insert into CENTRELINE values (3498, 3496, NULL, NULL, NULL, 145.56, 0.00, 0.00);
 insert into SHOT values (3102, 3429, 3430, 3498, 4.200, 246.13, 20.00, 4.200, 246.13, 20.00, 0.000, 180.95, 0.00);
insert into SHOT values (3103, 3430, 3431, 3498, 8.150, 200.13, 14.00, 8.150, 200.13, 14.00, 0.000, 3.95, -0.00);
insert into SHOT values (3104, 3431, 3432, 3498, 4.900, 204.13, 21.00, 4.900, 204.13, 21.00, 0.000, 172.91, -0.01);
insert into SHOT values (3105, 3432, 3433, 3498, 4.800, 161.13, 14.00, 4.800, 161.13, 14.00, 0.000, 324.73, -0.04);
insert into SHOT values (3106, 3433, 3434, 3498, 3.340, 192.13, 23.00, 3.340, 192.13, 23.00, 0.000, 0.06, -0.00);
insert into SHOT values (3107, 3434, 3435, 3498, 1.840, 176.13, -5.00, 1.840, 176.13, -5.00, 0.000, 151.68, 0.01);
insert into SHOT values (3108, 3432, 3436, 3498, 3.840, 238.13, 5.00, 3.840, 238.13, 5.00, 0.000, 356.26, -0.00);
insert into SHOT values (3109, 3436, 3437, 3498, 2.850, 335.13, 61.00, 2.850, 335.13, 61.00, 0.000, 355.24, -0.02);
insert into SHOT values (3110, 3437, 3438, 3498, 7.420, 327.13, -27.00, 7.420, 327.13, -27.00, 0.000, 185.74, 0.00);
insert into SHOT values (3111, 3436, 3439, 3498, 4.700, 248.13, 6.00, 4.700, 248.13, 6.00, 0.000, 271.28, 0.03);
insert into SHOT values (3112, 3439, 3440, 3498, 1.570, 180.13, 7.00, 1.570, 180.13, 7.00, 0.000, 175.07, 0.00);
insert into SHOT values (3113, 3440, 3441, 3498, 0.980, 210.13, 0.00, 0.980, 210.13, 0.00, 0.000, 359.27, 0.00);
insert into SHOT values (3114, 3441, 3442, 3498, 1.650, 128.13, 22.00, 1.650, 128.13, 22.00, 0.000, 179.52, -0.00);
insert into SHOT values (3115, 3442, 3443, 3498, 2.470, 241.13, -56.00, 2.470, 241.13, -56.00, 0.000, 176.57, 0.00);
insert into SHOT values (3116, 3443, 3444, 3498, 3.940, 208.13, -3.00, 3.940, 208.13, -3.00, 0.000, 4.27, -0.00);
insert into SHOT values (3117, 3444, 3445, 3498, 3.810, 136.13, 24.00, 3.810, 136.13, 24.00, 0.000, 179.63, -0.00);
insert into SHOT values (3118, 3445, 3446, 3498, 2.020, 301.13, 18.00, 2.020, 301.13, 18.00, 0.000, 186.03, -0.01);
insert into SHOT values (3119, 3446, 3447, 3498, 4.760, 186.13, 28.00, 4.760, 186.13, 28.00, 0.000, 175.28, 0.00);
insert into SHOT values (3120, 3447, 3448, 3498, 8.000, 16.13, 90.00, 8.000, 90.00, 90.00, 0.000, 16.13, 0.00);
insert into SHOT values (3121, 3448, 3449, 3498, 1.840, 226.13, 50.00, 1.840, 226.13, 50.00, 0.000, 0.12, 0.00);
insert into SHOT values (3122, 3449, 3450, 3498, 2.130, 151.13, -20.00, 2.130, 151.13, -20.00, 0.000, 177.50, -0.00);
insert into SHOT values (3123, 3450, 3451, 3498, 2.440, 222.13, 35.00, 2.440, 222.13, 35.00, 0.000, 4.73, -0.00);
insert into SHOT values (3124, 3451, 3452, 3498, 1.960, 167.13, 7.00, 1.960, 167.13, 7.00, 0.000, 173.86, 0.01);
insert into SHOT values (3125, 3452, 3453, 3498, 4.600, 210.13, 41.00, 4.600, 210.13, 41.00, 0.000, 181.41, 0.00);
insert into SHOT values (3126, 3453, 3454, 3498, 2.580, 226.13, 33.00, 2.580, 226.13, 33.00, 0.000, 183.88, 0.00);
insert into SHOT values (3127, 3454, 3455, 3498, 7.320, 191.13, 70.00, 7.320, 191.13, 70.00, 0.000, 354.84, 0.00);
insert into SHOT values (3128, 3455, 3456, 3498, 5.020, 233.13, 28.00, 5.020, 233.13, 28.00, 0.000, 9.53, 0.01);
insert into SHOT values (3129, 3456, 3457, 3498, 4.560, 188.13, -1.00, 4.560, 188.13, -1.00, 0.000, 195.65, -0.02);
insert into SHOT values (3130, 3457, 3458, 3498, 2.540, 136.13, 6.00, 2.540, 136.13, 6.00, 0.000, 177.62, -0.00);
insert into SHOT values (3131, 3458, 3459, 3498, 3.570, 164.13, 9.00, 3.570, 164.13, 9.00, 0.000, 178.78, 0.00);
insert into SHOT values (3132, 3459, 3460, 3498, 3.200, 111.13, -10.00, 3.200, 111.13, -10.00, 0.000, 355.91, 0.01);
insert into SHOT values (3133, 3460, 3461, 3498, 7.610, 196.13, 23.00, 7.610, 196.13, 23.00, 0.000, 263.59, 0.08);
insert into SHOT values (3134, 3461, 3462, 3498, 3.790, 195.13, 41.00, 3.790, 195.13, 41.00, 0.000, 182.78, 0.00);
insert into SHOT values (3135, 3462, 3463, 3498, 3.520, 134.13, -13.00, 3.520, 134.13, -13.00, 0.000, 178.80, -0.00);
insert into SHOT values (3136, 3463, 3464, 3498, 5.630, 189.13, -3.00, 5.630, 189.13, -3.00, 0.000, 356.53, -0.01);
insert into SHOT values (3137, 3462, 3465, 3498, 8.010, 199.13, 60.00, 8.010, 199.13, 60.00, 0.000, 179.34, -0.00);
insert into CENTRELINE values (3499, 3496, NULL, NULL, NULL, 55.57, 0.00, 0.00);
 insert into SHOT values (3138, 3466, 3467, 3499, 6.790, 171.63, 69.50, 6.790, 171.63, 69.50, 0.000, 175.68, -0.00);
insert into SHOT values (3139, 3467, 3468, 3499, 4.460, 165.13, 7.10, 4.460, 165.13, 7.10, 0.000, 191.94, 0.14);
insert into SHOT values (3140, 3468, 3469, 3499, 1.900, 158.33, 20.80, 1.900, 158.33, 20.80, 0.000, 348.72, 0.01);
insert into SHOT values (3141, 3469, 3470, 3499, 3.510, 189.43, -11.50, 3.510, 189.43, -11.50, 0.000, 3.16, -0.00);
insert into SHOT values (3142, 3470, 3471, 3499, 4.880, 192.43, 7.60, 4.880, 192.43, 7.60, 0.000, 186.71, -0.00);
insert into SHOT values (3143, 3471, 3472, 3499, 3.150, 262.83, -17.20, 3.150, 262.83, -17.20, 0.000, 6.20, 0.00);
insert into SHOT values (3144, 3472, 3473, 3499, 4.390, 293.83, 5.20, 4.390, 293.83, 5.20, 0.000, 184.05, 0.00);
insert into SHOT values (3145, 3473, 3474, 3499, 4.550, 188.43, 4.30, 4.550, 188.43, 4.30, 0.000, 0.22, -0.00);
insert into SHOT values (3146, 3474, 3475, 3499, 1.900, 213.13, 5.00, 1.900, 213.13, 5.00, 0.000, 174.50, 0.01);
insert into SHOT values (3147, 3475, 3476, 3499, 2.010, 205.13, 0.00, 2.010, 205.13, 0.00, 0.000, 354.12, 0.00);
insert into SHOT values (3148, 3476, 3477, 3499, 2.510, 305.63, -6.00, 2.510, 305.63, -6.00, 0.000, 176.35, 0.00);
insert into SHOT values (3149, 3477, 3478, 3499, 1.700, 0.83, 0.00, 1.700, 0.83, 0.00, 0.000, 8.34, 0.00);
insert into SHOT values (3150, 3478, 3479, 3499, 3.030, 342.93, 3.50, 3.030, 342.93, 3.50, 0.000, 1.15, -0.00);
insert into SHOT values (3151, 3479, 3480, 3499, 7.530, 267.93, 0.50, 7.530, 267.93, 0.50, 0.000, 3.10, 0.00);
insert into SHOT values (3152, 3480, 3429, 3499, 3.260, 293.23, 6.30, 3.260, 293.23, 6.30, 0.000, 0.98, 0.01);
insert into CENTRELINE values (3500, 3496, NULL, NULL, NULL, 94.64, 0.00, 0.00);
 insert into SHOT values (3153, 3466, 3481, 3500, 2.670, 326.63, -9.60, 2.670, 326.63, -9.60, 0.000, 357.43, 0.00);
insert into SHOT values (3154, 3481, 3482, 3500, 2.190, 23.73, -4.00, 2.190, 23.73, -4.00, 0.000, 4.36, -0.00);
insert into SHOT values (3155, 3482, 3483, 3500, 1.880, 38.63, -6.30, 1.880, 38.63, -6.30, 0.000, 353.91, -0.00);
insert into SHOT values (3156, 3483, 3484, 3500, 1.880, 307.63, 0.50, 1.880, 307.63, 0.50, 0.000, 287.76, 0.01);
insert into SHOT values (3157, 3484, 3485, 3500, 2.390, 51.83, 2.10, 2.390, 51.83, 2.10, 0.000, 3.17, -0.00);
insert into SHOT values (3158, 3485, 3486, 3500, 2.410, 344.33, -0.20, 2.410, 344.33, -0.20, 0.000, 4.02, -0.00);
insert into SHOT values (3159, 3486, 3487, 3500, 1.840, 55.13, -0.90, 1.840, 55.13, -0.90, 0.000, 11.67, 0.02);
insert into SHOT values (3160, 3487, 3488, 3500, 4.910, 347.53, -5.20, 4.910, 347.53, -5.20, 0.000, 359.46, -0.00);
insert into SHOT values (3161, 3488, 3489, 3500, 2.630, 74.63, -17.50, 2.630, 74.63, -17.50, 0.000, 151.73, -0.05);
insert into SHOT values (3162, 3489, 3490, 3500, 2.340, 49.43, -3.20, 2.340, 49.43, -3.20, 0.000, 0.72, -0.00);
insert into SHOT values (3163, 3490, 3491, 3500, 4.800, 352.43, 33.70, 4.800, 352.43, 33.70, 0.000, 176.55, 0.00);
insert into SHOT values (3164, 3491, 3492, 3500, 3.900, 353.13, 3.70, 3.900, 353.13, 3.70, 0.000, 179.88, -0.00);
insert into SHOT values (3165, 3492, 3493, 3500, 2.050, 41.63, -15.60, 2.050, 41.63, -15.60, 0.000, 181.09, 0.00);
insert into SHOT values (3166, 3493, 3494, 3500, 2.900, 358.13, -8.60, 2.900, 358.13, -8.60, 0.000, 356.44, 0.00);
insert into SHOT values (3167, 3494, 3495, 3500, 10.940, 6.63, -71.80, 10.940, 6.63, -71.80, 0.000, 356.55, -0.01);
insert into SHOT values (3168, 3495, 3496, 3500, 22.560, 354.73, -79.60, 22.560, 354.73, -79.60, 0.000, 211.94, -0.02);
insert into SHOT values (3169, 3496, 3497, 3500, 10.420, 351.53, -30.90, 10.420, 351.53, -30.90, 0.000, 2.49, 0.00);
insert into SHOT values (3170, 3497, 3498, 3500, 6.330, 48.73, -72.50, 6.330, 48.73, -72.50, 0.000, 357.62, -0.00);
insert into SHOT values (3171, 3498, 3499, 3500, 5.600, 341.13, 32.90, 5.600, 341.13, 32.90, 0.000, 184.11, -0.00);
insert into CENTRELINE values (3501, 3496, NULL, NULL, NULL, 124.29, 0.00, 0.00);
 insert into SHOT values (3172, 3499, 3500, 3501, 5.820, 1.13, -59.00, 5.820, 1.13, -59.00, 0.000, 1.65, 0.00);
insert into SHOT values (3173, 3500, 3501, 3501, 11.000, 5.13, -68.00, 11.000, 5.13, -68.00, 0.000, 180.35, -0.00);
insert into SHOT values (3174, 3501, 3502, 3501, 5.430, 307.13, -52.00, 5.430, 307.13, -52.00, 0.000, 178.53, 0.00);
insert into SHOT values (3175, 3502, 3503, 3501, 1.990, 321.13, -11.00, 1.990, 321.13, -11.00, 0.000, 174.75, 0.01);
insert into SHOT values (3176, 3503, 3504, 3501, 2.120, 13.13, -10.00, 2.120, 13.13, -10.00, 0.000, 359.52, -0.00);
insert into SHOT values (3177, 3504, 3505, 3501, 1.400, 19.05, 8.00, 1.400, 19.05, 8.00, 0.000, 7.76, 0.00);
insert into SHOT values (3178, 3505, 3506, 3501, 1.760, 50.13, -24.00, 1.760, 50.13, -24.00, 0.000, 356.97, 0.00);
insert into SHOT values (3179, 3506, 3507, 3501, 2.230, 293.13, 0.00, 2.230, 293.13, 0.00, 0.000, 3.03, 0.00);
insert into SHOT values (3180, 3507, 3508, 3501, 6.260, 41.13, -29.00, 6.260, 41.13, -29.00, 0.000, 357.43, -0.01);
insert into SHOT values (3181, 3508, 3509, 3501, 4.790, 16.13, -90.00, 4.790, 90.00, -90.00, 0.000, 16.13, -50.69);
insert into SHOT values (3182, 3509, 3510, 3501, 2.760, 67.13, 19.00, 2.760, 67.13, 19.00, 0.000, 177.74, -0.00);
insert into SHOT values (3183, 3510, 3511, 3501, 6.630, 6.13, 9.00, 6.630, 6.13, 9.00, 0.000, 181.47, 0.00);
insert into SHOT values (3184, 3511, 3512, 3501, 8.880, 40.13, -29.00, 8.880, 40.13, -29.00, 0.000, 358.06, -0.00);
insert into SHOT values (3185, 3512, 3513, 3501, 3.380, 95.13, -4.00, 3.380, 95.13, -4.00, 0.000, 186.11, -0.00);
insert into SHOT values (3186, 3513, 3514, 3501, 2.450, 11.13, -16.00, 2.450, 11.13, -16.00, 0.000, 354.32, -0.01);
insert into SHOT values (3187, 3514, 3515, 3501, 3.500, 29.13, -16.00, 3.500, 29.13, -16.00, 0.000, 176.86, 0.00);
insert into SHOT values (3188, 3515, 3516, 3501, 2.850, 14.13, 33.00, 2.850, 14.13, 33.00, 0.000, 184.77, -0.01);
insert into SHOT values (3189, 3516, 3517, 3501, 4.920, 35.13, 5.00, 4.920, 35.13, 5.00, 0.000, 36.47, 0.02);
insert into SHOT values (3190, 3517, 3518, 3501, 5.580, 16.13, -90.00, 5.580, 90.00, -90.00, 0.000, 16.13, 39.37);
insert into SHOT values (3191, 3518, 3519, 3501, 4.690, 1.13, -62.00, 4.690, 1.13, -62.00, 0.000, 348.21, 0.03);
insert into SHOT values (3192, 3519, 3520, 3501, 5.600, 28.13, -38.00, 5.600, 28.13, -38.00, 0.000, 353.01, 0.01);
insert into SHOT values (3193, 3520, 3521, 3501, 9.950, 327.13, -59.00, 9.950, 327.13, -59.00, 0.000, 358.41, 0.00);
insert into SHOT values (3194, 3521, 3522, 3501, 6.890, 1.13, -60.00, 6.890, 1.13, -60.00, 0.000, 181.06, 0.00);
insert into SHOT values (3195, 3522, 3523, 3501, 4.350, 16.13, -90.00, 4.350, 90.00, -90.00, 0.000, 16.13, -56.67);
insert into SHOT values (3196, 3523, 3524, 3501, 5.000, 256.13, -45.00, 5.000, 256.13, -45.00, 0.000, 184.47, -0.00);
insert into SHOT values (3197, 3524, 3525, 3501, 4.060, 278.13, -54.00, 4.060, 278.13, -54.00, 0.000, 183.62, -0.01);
insert into CENTRELINE values (3502, 3496, NULL, '2006-02-21', NULL, 247.10, 0.00, 0.00);
 insert into SHOT values (3198, 3525, 3526, 3502, 2.000, 176.69, 28.00, 2.000, 176.69, 28.00, 0.000, 174.10, -0.00);
insert into SHOT values (3199, 3526, 3527, 3502, 7.200, 230.69, -55.00, 7.200, 230.69, -55.00, 0.000, 6.32, -0.00);
insert into SHOT values (3200, 3527, 3528, 3502, 14.000, 230.69, -40.00, 14.000, 230.69, -40.00, 0.000, 144.67, 0.01);
insert into SHOT values (3201, 3528, 3529, 3502, 2.700, 300.69, -25.00, 2.700, 300.69, -25.00, 0.000, 174.29, 0.00);
insert into SHOT values (3202, 3529, 3530, 3502, 4.350, 235.69, -45.00, 4.350, 235.69, -45.00, 0.000, 184.32, 0.01);
insert into SHOT values (3203, 3530, 3531, 3502, 13.500, 265.69, -60.00, 13.500, 265.69, -60.00, 0.000, 168.04, -0.01);
insert into SHOT values (3204, 3531, 3532, 3502, 10.300, 215.69, -45.00, 10.300, 215.69, -45.00, 0.000, 242.33, -0.03);
insert into SHOT values (3205, 3532, 3533, 3502, 5.900, 208.69, 5.00, 5.900, 208.69, 5.00, 0.000, 183.06, 0.00);
insert into SHOT values (3206, 3533, 3534, 3502, 2.900, 15.69, -90.00, 2.900, 90.00, -90.00, 0.000, 15.69, -29.69);
insert into SHOT values (3207, 3534, 3535, 3502, 2.300, 200.69, 0.00, 2.300, 200.69, 0.00, 0.000, 359.68, 0.00);
insert into SHOT values (3208, 3535, 3536, 3502, 9.750, 265.69, -50.00, 9.750, 265.69, -50.00, 0.000, 353.99, -0.00);
insert into SHOT values (3209, 3536, 3537, 3502, 20.800, 265.69, -60.00, 20.800, 265.69, -60.00, 0.000, 313.43, 0.02);
insert into SHOT values (3210, 3537, 3538, 3502, 3.000, 15.69, -90.00, 3.000, 90.00, -90.00, 0.000, 15.69, 0.00);
insert into SHOT values (3211, 3538, 3539, 3502, 3.950, 305.69, -5.00, 3.950, 305.69, -5.00, 0.000, 183.76, -0.00);
insert into SHOT values (3212, 3539, 3540, 3502, 4.200, 55.69, -45.00, 4.200, 55.69, -45.00, 0.000, 351.27, 0.00);
insert into SHOT values (3213, 3540, 3541, 3502, 3.450, 325.69, -30.00, 3.450, 325.69, -30.00, 0.000, 182.58, 0.00);
insert into SHOT values (3214, 3541, 3542, 3502, 2.950, 65.69, -30.00, 2.950, 65.69, -30.00, 0.000, 185.05, 0.00);
insert into SHOT values (3215, 3542, 3543, 3502, 3.200, 290.69, -15.00, 3.200, 290.69, -15.00, 0.000, 3.71, -0.00);
insert into SHOT values (3216, 3543, 3544, 3502, 2.600, 45.69, -20.00, 2.600, 45.69, -20.00, 0.000, 357.29, -0.00);
insert into SHOT values (3217, 3544, 3545, 3502, 1.500, 315.69, 0.00, 1.500, 315.69, 0.00, 0.000, 182.03, 0.00);
insert into SHOT values (3218, 3545, 3546, 3502, 6.000, 45.69, -60.00, 6.000, 45.69, -60.00, 0.000, 177.80, 0.00);
insert into SHOT values (3219, 3546, 3547, 3502, 6.700, 325.69, -35.00, 6.700, 325.69, -35.00, 0.000, 19.69, 0.01);
insert into SHOT values (3220, 3547, 3548, 3502, 4.000, 305.69, 5.00, 4.000, 305.69, 5.00, 0.000, 177.50, 0.00);
insert into SHOT values (3221, 3548, 3549, 3502, 2.600, 60.69, -10.00, 2.600, 60.69, -10.00, 0.000, 182.15, 0.00);
insert into SHOT values (3222, 3549, 3550, 3502, 2.650, 345.69, -5.00, 2.650, 345.69, -5.00, 0.000, 160.35, 0.00);
insert into SHOT values (3223, 3550, 3551, 3502, 2.900, 45.69, -30.00, 2.900, 45.69, -30.00, 0.000, 173.61, 0.01);
insert into SHOT values (3224, 3551, 3552, 3502, 4.250, 30.69, -45.00, 4.250, 30.69, -45.00, 0.000, 181.47, 0.00);
insert into SHOT values (3225, 3552, 3553, 3502, 3.900, 15.69, -5.00, 3.900, 15.69, -5.00, 0.000, 14.82, 0.00);
insert into SHOT values (3226, 3553, 3554, 3502, 9.900, 335.69, -50.00, 9.900, 335.69, -50.00, 0.000, 358.97, -0.00);
insert into SHOT values (3227, 3554, 3555, 3502, 2.000, 15.69, 90.00, 2.000, 90.00, 90.00, 0.000, 15.69, 0.00);
insert into SHOT values (3228, 3555, 3556, 3502, 3.900, 260.69, -2.00, 3.900, 260.69, -2.00, 0.000, 182.91, -0.00);
insert into SHOT values (3229, 3556, 3557, 3502, 3.700, 15.69, -3.00, 3.700, 15.69, -3.00, 0.000, 177.37, 0.00);
insert into SHOT values (3230, 3557, 3558, 3502, 3.100, 30.69, -10.00, 3.100, 30.69, -10.00, 0.000, 171.12, -0.00);
insert into SHOT values (3231, 3558, 3559, 3502, 2.500, 35.69, 0.00, 2.500, 35.69, 0.00, 0.000, 353.54, 0.00);
insert into SHOT values (3232, 3559, 3560, 3502, 2.400, 60.69, 10.00, 2.400, 60.69, 10.00, 0.000, 355.66, -0.00);
insert into SHOT values (3233, 3560, 3561, 3502, 2.200, 335.69, -25.00, 2.200, 335.69, -25.00, 0.000, 359.52, 0.00);
insert into SHOT values (3234, 3561, 3562, 3502, 2.400, 295.69, -5.00, 2.400, 295.69, -5.00, 0.000, 6.17, 0.00);
insert into SHOT values (3235, 3562, 3563, 3502, 1.650, 330.69, -20.00, 1.650, 330.69, -20.00, 0.000, 355.92, -0.00);
insert into SHOT values (3236, 3563, 3564, 3502, 2.600, 39.69, -10.00, 2.600, 39.69, -10.00, 0.000, 188.16, 0.00);
insert into SHOT values (3237, 3564, 3565, 3502, 3.700, 280.69, -20.00, 3.700, 280.69, -20.00, 0.000, 176.72, 0.00);
insert into SHOT values (3238, 3565, 3566, 3502, 2.600, 50.69, 10.00, 2.600, 50.69, 10.00, 0.000, 181.81, -0.00);
insert into SHOT values (3239, 3565, 3567, 3502, 3.600, 283.69, -12.00, 3.600, 283.69, -12.00, 0.000, 183.36, -0.00);
insert into SHOT values (3240, 3567, 3568, 3502, 6.400, 20.69, -10.00, 6.400, 20.69, -10.00, 0.000, 2.86, -0.00);
insert into SHOT values (3241, 3568, 3569, 3502, 1.600, 95.69, 0.00, 1.600, 95.69, 0.00, 0.000, 12.78, 0.00);
insert into SHOT values (3242, 3569, 3570, 3502, 8.500, 323.69, -60.00, 8.500, 323.69, -60.00, 0.000, 182.60, 0.00);
insert into SHOT values (3243, 3570, 3571, 3502, 3.300, 305.69, -2.00, 3.300, 305.69, -2.00, 0.000, 0.08, 0.00);
insert into SHOT values (3244, 3571, 3572, 3502, 5.500, 10.69, 8.00, 5.500, 10.69, 8.00, 0.000, 181.48, -0.00);
insert into SHOT values (3245, 3572, 3573, 3502, 10.000, 339.69, -5.00, 10.000, 339.69, -5.00, 0.000, 177.94, 0.00);
insert into SHOT values (3246, 3573, 3574, 3502, 5.000, 40.69, 8.00, 5.000, 40.69, 8.00, 0.000, 2.98, 0.00);
insert into SHOT values (3247, 3574, 3575, 3502, 7.000, 340.69, -18.00, 7.000, 340.69, -18.00, 0.000, 358.05, -0.00);
insert into SURVEY values (3504, 3253, 'GouffreDeLaGachette', 'GouffreDeLaGachette.209.UltimaPatagonia', 'Gouffre de la Gachette');
 insert into CENTRELINE values (3505, 3504, NULL, NULL, NULL, 0.00, 0.00, 0.00);
 insert into SURVEY values (3507, 3253, 'BobLEponge', 'BobLEponge.209.UltimaPatagonia', 'Bob l''Eponge');
 insert into CENTRELINE values (3508, 3507, NULL, NULL, NULL, 0.00, 0.00, 0.00);
 insert into SURVEY values (3510, 3253, 'CuevaGringa', 'CuevaGringa.209.UltimaPatagonia', 'Cueva Gringa');
 insert into CENTRELINE values (3511, 3510, NULL, NULL, NULL, 0.00, 0.00, 0.00);
 insert into SURVEY values (3513, 3253, 'DolineCalafate', 'DolineCalafate.209.UltimaPatagonia', 'Doline Calafate');
 insert into CENTRELINE values (3514, 3513, NULL, NULL, NULL, 0.00, 0.00, 0.00);
 insert into CENTRELINE values (3516, 3253, NULL, NULL, NULL, 0.00, 0.00, 0.00);
 insert into SURVEY values (3518, 22, '210', '210.UltimaPatagonia', '210 Seno norte');
 insert into CENTRELINE values (3519, 3518, NULL, NULL, NULL, 0.00, 0.00, 0.00);
 insert into SURVEY values (3520, 3518, 'ResurgenceFinDeSeno', 'ResurgenceFinDeSeno.210.UltimaPatagonia', 'Resurgence Fin De Seno');
 insert into CENTRELINE values (3521, 3520, NULL, NULL, NULL, 0.00, 0.00, 0.00);
 insert into CENTRELINE values (3522, 3520, NULL, '2006-02-01', NULL, 46.15, 0.00, 0.00);
 insert into SHOT values (3248, 3634, 3635, 3522, 6.400, 266.69, -2.00, 6.400, 266.69, -2.00, 0.000, 352.99, 0.00);
insert into SHOT values (3249, 3635, 3636, 3522, 9.600, 25.69, -2.00, 9.600, 25.69, -2.00, 0.000, 175.36, 0.00);
insert into SHOT values (3250, 3636, 3637, 3522, 12.700, 1.69, -2.00, 12.700, 1.69, -2.00, 0.000, 8.86, -0.00);
insert into SHOT values (3251, 3637, 3638, 3522, 4.000, 15.69, 0.00, 4.000, 15.69, 0.00, 0.000, 181.33, 0.00);
insert into SHOT values (3252, 3638, 3639, 3522, 2.450, 29.69, -5.00, 2.450, 29.69, -5.00, 0.000, 175.70, -0.00);
insert into SHOT values (3253, 3636, 3640, 3522, 4.700, 120.69, -5.00, 4.700, 120.69, -5.00, 0.000, 180.11, 0.00);
insert into SHOT values (3254, 3640, 3641, 3522, 4.400, 127.69, -11.00, 4.400, 127.69, -11.00, 0.000, 0.21, 0.00);
insert into SHOT values (3255, 3636, 3642, 3522, 1.900, 253.69, -22.00, 1.900, 253.69, -22.00, 0.000, 5.09, -0.00);
insert into CENTRELINE values (3523, 3520, NULL, NULL, NULL, 0.00, 0.00, 0.00);
 insert into CENTRELINE values (3525, 3518, NULL, NULL, NULL, 0.00, 0.00, 0.00);
 insert into SURVEY values (3527, 22, '211', '211.UltimaPatagonia', '211 Quincas');
 insert into CENTRELINE values (3528, 3527, NULL, NULL, NULL, 0.00, 0.00, 0.00);
 insert into SURVEY values (3529, 3527, 'AbrigoDelViento', 'AbrigoDelViento.211.UltimaPatagonia', 'AbrigoDelViento');
 insert into CENTRELINE values (3530, 3529, NULL, NULL, NULL, 0.00, 0.00, 0.00);
 insert into CENTRELINE values (3531, 3529, NULL, NULL, NULL, 429.78, 0.00, 0.00);
 insert into SHOT values (3256, 3644, 3645, 3531, 5.740, 110.13, 12.00, 5.740, 110.13, 12.00, 0.000, 358.82, -0.00);
insert into SHOT values (3257, 3645, 3646, 3531, 8.270, 111.13, -14.00, 8.270, 111.13, -14.00, 0.000, 186.20, 0.00);
insert into SHOT values (3258, 3645, 3647, 3531, 8.800, 218.13, -17.00, 8.800, 218.13, -17.00, 0.000, 359.70, 0.00);
insert into SHOT values (3259, 3645, 3648, 3531, 1.300, 322.13, 0.00, 1.300, 322.13, 0.00, 0.000, 179.29, 0.00);
insert into SHOT values (3260, 3648, 3649, 3531, 13.240, 16.13, 90.00, 13.240, 90.00, 90.00, 0.000, 16.13, 10.88);
insert into SHOT values (3261, 3649, 3650, 3531, 3.500, 264.13, 41.00, 3.500, 264.13, 41.00, 0.000, 357.20, 0.01);
insert into SHOT values (3262, 3650, 3651, 3531, 13.500, 128.13, 0.00, 13.500, 128.13, 0.00, 0.000, 359.71, 0.00);
insert into SHOT values (3263, 3650, 3652, 3531, 12.600, 192.13, 0.00, 12.600, 192.13, 0.00, 0.000, 3.55, 0.00);
insert into SHOT values (3264, 3650, 3653, 3531, 12.200, 16.13, 90.00, 12.200, 90.00, 90.00, 0.000, 16.13, -14.05);
insert into SHOT values (3265, 3653, 3654, 3531, 5.530, 61.13, 25.00, 5.530, 61.13, 25.00, 0.000, 209.39, 0.01);
insert into SHOT values (3266, 3655, 3654, 3531, 5.400, 240.13, -15.00, 5.400, 240.13, -15.00, 0.000, 4.46, -0.00);
insert into SHOT values (3267, 3656, 3655, 3531, 4.150, 140.13, 22.00, 4.150, 140.13, 22.00, 0.000, 177.77, -0.00);
insert into SHOT values (3268, 3657, 3656, 3531, 2.100, 180.13, 5.00, 2.100, 180.13, 5.00, 0.000, 210.36, 0.03);
insert into SHOT values (3269, 3658, 3657, 3531, 7.200, 148.13, 38.00, 7.200, 148.13, 38.00, 0.000, 4.05, -0.00);
insert into SHOT values (3270, 3659, 3658, 3531, 7.600, 67.13, 20.00, 7.600, 67.13, 20.00, 0.000, 182.04, 0.00);
insert into SHOT values (3271, 3660, 3659, 3531, 12.300, 125.13, 48.00, 12.300, 125.13, 48.00, 0.000, 4.97, 0.00);
insert into SHOT values (3272, 3661, 3660, 3531, 8.500, 78.13, 32.00, 8.500, 78.13, 32.00, 0.000, 180.46, -0.00);
insert into SHOT values (3273, 3662, 3661, 3531, 4.300, 81.13, 36.00, 4.300, 81.13, 36.00, 0.000, 175.68, 0.00);
insert into SHOT values (3274, 3654, 3663, 3531, 11.500, 134.13, 33.00, 11.500, 134.13, 33.00, 0.000, 356.95, -0.00);
insert into SHOT values (3275, 3663, 3664, 3531, 9.600, 105.13, 35.00, 9.600, 105.13, 35.00, 0.000, 186.79, -0.01);
insert into SHOT values (3276, 3664, 3665, 3531, 6.300, 102.13, 43.00, 6.300, 102.13, 43.00, 0.000, 1.72, -0.00);
insert into SHOT values (3277, 3665, 3666, 3531, 7.700, 111.13, 28.00, 7.700, 111.13, 28.00, 0.000, 206.79, -0.03);
insert into SHOT values (3278, 3667, 3668, 3531, 2.500, 87.13, 5.00, 2.500, 87.13, 5.00, 0.000, 185.50, -0.00);
insert into SHOT values (3279, 3668, 3669, 3531, 4.900, 210.13, -33.00, 4.900, 210.13, -33.00, 0.000, 183.08, 0.00);
insert into SHOT values (3280, 3669, 3670, 3531, 10.300, 98.13, 12.00, 10.300, 98.13, 12.00, 0.000, 184.87, 0.00);
insert into SHOT values (3281, 3670, 3671, 3531, 6.200, 137.13, 26.00, 6.200, 137.13, 26.00, 0.000, 185.18, -0.01);
insert into SHOT values (3282, 3671, 3672, 3531, 6.500, 104.13, -28.00, 6.500, 104.13, -28.00, 0.000, 2.64, -0.00);
insert into SHOT values (3283, 3672, 3673, 3531, 4.500, 162.13, 22.00, 4.500, 162.13, 22.00, 0.000, 355.91, -0.01);
insert into SHOT values (3284, 3673, 3674, 3531, 4.800, 16.13, 90.00, 4.800, 90.00, 90.00, 0.000, 16.13, 34.57);
insert into SHOT values (3285, 3674, 3675, 3531, 4.800, 222.13, 47.00, 4.800, 222.13, 47.00, 0.000, 357.28, 0.00);
insert into SHOT values (3286, 3675, 3676, 3531, 8.800, 106.13, 17.00, 8.800, 106.13, 17.00, 0.000, 183.96, -0.00);
insert into SHOT values (3287, 3676, 3677, 3531, 14.150, 16.13, 90.00, 14.150, 90.00, 90.00, 0.000, 16.13, -25.05);
insert into SHOT values (3288, 3677, 3644, 3531, 2.800, 140.13, 56.00, 2.800, 140.13, 56.00, 0.000, 3.61, -0.00);
insert into SHOT values (3289, 3667, 3678, 3531, 46.500, 16.13, -90.00, 46.500, 90.00, -90.00, 0.000, 16.13, 0.00);
insert into SHOT values (3290, 3678, 3679, 3531, 7.500, 311.13, -22.00, 7.500, 311.13, -22.00, 0.000, 197.18, 0.02);
insert into SHOT values (3291, 3679, 3680, 3531, 2.700, 22.13, -58.00, 2.700, 22.13, -58.00, 0.000, 356.51, -0.00);
insert into SHOT values (3292, 3680, 3681, 3531, 7.000, 16.13, -90.00, 7.000, 90.00, -90.00, 0.000, 16.13, 0.00);
insert into SHOT values (3293, 3681, 3682, 3531, 4.700, 77.13, 0.00, 4.700, 77.13, 0.00, 0.000, 174.55, 0.00);
insert into SHOT values (3294, 3682, 3683, 3531, 7.900, 22.13, -47.00, 7.900, 22.13, -47.00, 0.000, 0.27, -0.00);
insert into SHOT values (3295, 3683, 3684, 3531, 4.100, 57.13, -10.00, 4.100, 57.13, -10.00, 0.000, 175.62, -0.00);
insert into SHOT values (3296, 3684, 3685, 3531, 1.100, 111.13, 0.00, 1.100, 111.13, 0.00, 0.000, 2.68, 0.00);
insert into SHOT values (3297, 3685, 3686, 3531, 2.500, 42.13, -33.00, 2.500, 42.13, -33.00, 0.000, 1.14, -0.00);
insert into SHOT values (3298, 3686, 3687, 3531, 1.600, 123.13, -30.00, 1.600, 123.13, -30.00, 0.000, 2.40, -0.00);
insert into SHOT values (3299, 3687, 3688, 3531, 3.600, 71.13, -20.00, 3.600, 71.13, -20.00, 0.000, 176.59, -0.00);
insert into SHOT values (3300, 3688, 3689, 3531, 1.800, 28.13, -14.00, 1.800, 28.13, -14.00, 0.000, 179.87, -0.00);
insert into SHOT values (3301, 3689, 3690, 3531, 10.100, 44.13, -74.00, 10.100, 44.13, -74.00, 0.000, 3.05, 0.01);
insert into SHOT values (3302, 3690, 3691, 3531, 6.300, 64.13, -51.00, 6.300, 64.13, -51.00, 0.000, 344.08, -0.00);
insert into SHOT values (3303, 3691, 3692, 3531, 1.900, 4.13, 30.00, 1.900, 4.13, 30.00, 0.000, 181.79, -0.00);
insert into SHOT values (3304, 3692, 3693, 3531, 5.400, 327.13, 29.00, 5.400, 327.13, 29.00, 0.000, 2.83, 0.00);
insert into SHOT values (3305, 3693, 3694, 3531, 2.000, 33.13, 38.00, 2.000, 33.13, 38.00, 0.000, 180.09, -0.00);
insert into SHOT values (3306, 3694, 3695, 3531, 16.200, 16.13, -90.00, 16.200, 90.00, -90.00, 0.000, 16.13, 10.67);
insert into SHOT values (3307, 3695, 3696, 3531, 3.900, 31.13, -40.00, 3.900, 31.13, -40.00, 0.000, 5.10, 0.00);
insert into SHOT values (3308, 3696, 3697, 3531, 1.700, 341.13, -10.00, 1.700, 341.13, -10.00, 0.000, 168.45, -0.01);
insert into SHOT values (3309, 3697, 3698, 3531, 2.700, 61.13, 0.00, 2.700, 61.13, 0.00, 0.000, 175.84, 0.00);
insert into SHOT values (3310, 3698, 3699, 3531, 3.100, 16.13, -90.00, 3.100, 90.00, -90.00, 0.000, 16.13, 28.07);
insert into SHOT values (3311, 3699, 3700, 3531, 3.000, 16.13, 0.00, 3.000, 16.13, 0.00, 0.000, 354.98, 0.00);
insert into SHOT values (3312, 3700, 3701, 3531, 4.700, 298.13, -22.00, 4.700, 298.13, -22.00, 0.000, 194.34, -0.00);
insert into SHOT values (3313, 3701, 3702, 3531, 10.000, 347.13, -23.00, 10.000, 347.13, -23.00, 0.000, 357.72, -0.00);
insert into SHOT values (3314, 3702, 3703, 3531, 3.500, 300.13, 46.00, 3.500, 300.13, 46.00, 0.000, 1.36, -0.00);
insert into SHOT values (3315, 3703, 3704, 3531, 5.300, 331.13, -68.00, 5.300, 331.13, -68.00, 0.000, 6.49, -0.00);
insert into SHOT values (3316, 3704, 3705, 3531, 9.200, 40.13, -77.00, 9.200, 40.13, -77.00, 0.000, 7.97, 0.01);
insert into SHOT values (3317, 3705, 3706, 3531, 8.200, 344.13, 0.00, 8.200, 344.13, 0.00, 0.000, 357.81, 0.00);
insert into SURVEY values (3533, 3527, 'SumideroPiquante', 'SumideroPiquante.211.UltimaPatagonia', 'SumideroPiquante');
 insert into CENTRELINE values (3534, 3533, NULL, NULL, NULL, 0.00, 0.00, 0.00);
 insert into CENTRELINE values (3535, 3533, NULL, NULL, NULL, 320.43, 0.00, 0.00);
 insert into SHOT values (3318, 3707, 3708, 3535, 6.400, 203.13, 34.00, 6.400, 203.13, 34.00, 0.000, 357.44, -0.00);
insert into SHOT values (3319, 3708, 3709, 3535, 5.300, 78.63, 43.00, 5.300, 78.63, 43.00, 0.000, 191.02, 0.00);
insert into SHOT values (3320, 3709, 3710, 3535, 12.500, 16.13, 90.00, 12.500, 90.00, 90.00, 0.000, 16.13, 0.00);
insert into SHOT values (3321, 3710, 3711, 3535, 5.180, 134.13, -3.00, 5.180, 134.13, -3.00, 0.000, 173.02, -0.00);
insert into SHOT values (3322, 3711, 3712, 3535, 2.890, 126.13, 48.00, 2.890, 126.13, 48.00, 0.000, 179.65, 0.00);
insert into SHOT values (3323, 3712, 3713, 3535, 8.330, 115.13, 55.00, 8.330, 115.13, 55.00, 0.000, 165.45, 0.00);
insert into SHOT values (3324, 3713, 3714, 3535, 6.500, 142.13, 27.00, 6.500, 142.13, 27.00, 0.000, 1.62, 0.01);
insert into SHOT values (3325, 3714, 3715, 3535, 10.330, 90.13, 68.00, 10.330, 90.13, 68.00, 0.000, 355.36, -0.00);
insert into SHOT values (3326, 3715, 3716, 3535, 5.700, 157.13, -33.00, 5.700, 157.13, -33.00, 0.000, 182.59, -0.08);
insert into SHOT values (3327, 3716, 3717, 3535, 17.000, 93.13, 75.00, 17.000, 93.13, 75.00, 0.000, 180.69, 0.00);
insert into SHOT values (3328, 3717, 3718, 3535, 6.000, 165.13, -28.00, 6.000, 165.13, -28.00, 0.000, 184.26, -0.00);
insert into SHOT values (3329, 3718, 3719, 3535, 2.670, 137.13, -9.00, 2.670, 137.13, -9.00, 0.000, 175.46, -0.00);
insert into SHOT values (3330, 3719, 3720, 3535, 2.800, 206.13, -1.00, 2.800, 206.13, -1.00, 0.000, 355.92, -0.00);
insert into SHOT values (3331, 3720, 3721, 3535, 6.620, 16.13, 90.00, 6.620, 90.00, 90.00, 0.000, 16.13, 10.88);
insert into SHOT values (3332, 3721, 3722, 3535, 6.070, 129.13, 43.00, 6.070, 129.13, 43.00, 0.000, 185.45, -0.00);
insert into SHOT values (3333, 3722, 3723, 3535, 7.000, 152.13, 46.00, 7.000, 152.13, 46.00, 0.000, 181.73, 0.00);
insert into SHOT values (3334, 3723, 3724, 3535, 2.650, 228.13, 20.00, 2.650, 228.13, 20.00, 0.000, 1.43, 0.00);
insert into SHOT values (3335, 3724, 3725, 3535, 7.840, 140.13, 31.00, 7.840, 140.13, 31.00, 0.000, 194.18, -0.01);
insert into SHOT values (3336, 3725, 3726, 3535, 1.000, 218.13, -12.00, 1.000, 218.13, -12.00, 0.000, 179.81, 0.00);
insert into SHOT values (3337, 3726, 3727, 3535, 7.000, 131.13, -43.00, 7.000, 131.13, -43.00, 0.000, 1.18, 0.00);
insert into SHOT values (3338, 3727, 3728, 3535, 3.650, 170.13, 19.00, 3.650, 170.13, 19.00, 0.000, 0.63, 0.00);
insert into SHOT values (3339, 3728, 3729, 3535, 4.260, 154.13, 41.00, 4.260, 154.13, 41.00, 0.000, 0.45, 0.00);
insert into SHOT values (3340, 3729, 3730, 3535, 17.000, 16.13, 90.00, 17.000, 90.00, 90.00, 0.000, 16.13, 0.00);
insert into SHOT values (3341, 3730, 3731, 3535, 5.750, 152.13, -11.00, 5.750, 152.13, -11.00, 0.000, 178.04, -0.00);
insert into SHOT values (3342, 3731, 3732, 3535, 4.000, 127.13, -20.00, 4.000, 127.13, -20.00, 0.000, 3.31, 0.00);
insert into SHOT values (3343, 3732, 3733, 3535, 4.400, 167.13, 27.00, 4.400, 167.13, 27.00, 0.000, 4.89, -0.00);
insert into SHOT values (3344, 3733, 3734, 3535, 1.600, 67.13, -33.00, 1.600, 67.13, -33.00, 0.000, 358.74, -0.00);
insert into SHOT values (3345, 3734, 3735, 3535, 0.600, 113.13, -20.00, 0.600, 113.13, -20.00, 0.000, 24.12, -0.01);
insert into SHOT values (3346, 3735, 3736, 3535, 1.900, 64.13, -24.00, 1.900, 64.13, -24.00, 0.000, 197.44, 0.06);
insert into SHOT values (3347, 3736, 3737, 3535, 2.560, 130.13, -22.00, 2.560, 130.13, -22.00, 0.000, 358.81, 0.00);
insert into SHOT values (3348, 3737, 3738, 3535, 4.550, 189.13, -2.00, 4.550, 189.13, -2.00, 0.000, 357.26, 0.00);
insert into SHOT values (3349, 3738, 3739, 3535, 5.350, 153.13, 25.00, 5.350, 153.13, 25.00, 0.000, 8.14, -0.00);
insert into SHOT values (3350, 3739, 3740, 3535, 4.050, 57.13, 20.00, 4.050, 57.13, 20.00, 0.000, 179.53, -0.00);
insert into SHOT values (3351, 3740, 3741, 3535, 2.550, 139.13, 18.00, 2.550, 139.13, 18.00, 0.000, 194.85, -0.04);
insert into SHOT values (3352, 3741, 3742, 3535, 1.870, 119.13, 34.00, 1.870, 119.13, 34.00, 0.000, 8.20, -0.01);
insert into SHOT values (3353, 3742, 3743, 3535, 12.000, 16.13, 90.00, 12.000, 90.00, 90.00, 0.000, 16.13, 0.00);
insert into SHOT values (3354, 3743, 3744, 3535, 6.800, 169.13, 25.00, 6.800, 169.13, 25.00, 0.000, 177.29, 0.00);
insert into SHOT values (3355, 3744, 3745, 3535, 4.200, 192.13, 5.00, 4.200, 192.13, 5.00, 0.000, 186.27, -0.01);
insert into SHOT values (3356, 3744, 3746, 3535, 5.230, 128.13, 2.00, 5.230, 128.13, 2.00, 0.000, 358.18, -0.00);
insert into SHOT values (3357, 3746, 3747, 3535, 12.000, 16.13, 90.00, 12.000, 90.00, 90.00, 0.000, 16.13, 0.00);
insert into SHOT values (3358, 3747, 3748, 3535, 6.850, 142.13, -28.00, 6.850, 142.13, -28.00, 0.000, 357.31, 0.00);
insert into SHOT values (3359, 3748, 3749, 3535, 4.900, 154.13, 24.00, 4.900, 154.13, 24.00, 0.000, 344.44, 0.03);
insert into SHOT values (3360, 3749, 3750, 3535, 1.600, 276.13, -4.00, 1.600, 276.13, -4.00, 0.000, 176.59, -0.00);
insert into SHOT values (3361, 3750, 3751, 3535, 2.050, 174.13, 4.00, 2.050, 174.13, 4.00, 0.000, 359.37, 0.00);
insert into SHOT values (3362, 3751, 3752, 3535, 2.100, 123.13, -4.00, 2.100, 123.13, -4.00, 0.000, 178.42, 0.00);
insert into SHOT values (3363, 3752, 3753, 3535, 2.400, 165.13, -11.00, 2.400, 165.13, -11.00, 0.000, 178.46, -0.01);
insert into SHOT values (3364, 3753, 3754, 3535, 1.500, 93.13, -45.00, 1.500, 93.13, -45.00, 0.000, 159.71, -0.01);
insert into SHOT values (3365, 3754, 3755, 3535, 1.500, 111.13, -8.00, 1.500, 111.13, -8.00, 0.000, 175.73, -0.00);
insert into SHOT values (3366, 3755, 3756, 3535, 1.200, 76.13, 4.00, 1.200, 76.13, 4.00, 0.000, 1.74, 0.00);
insert into SHOT values (3367, 3756, 3757, 3535, 2.030, 173.13, -44.00, 2.030, 173.13, -44.00, 0.000, 179.98, -0.00);
insert into SHOT values (3368, 3757, 3758, 3535, 1.710, 88.13, 23.00, 1.710, 88.13, 23.00, 0.000, 332.21, 0.01);
insert into SHOT values (3369, 3758, 3759, 3535, 5.100, 145.13, 22.00, 5.100, 145.13, 22.00, 0.000, 177.38, 0.00);
insert into SHOT values (3370, 3759, 3760, 3535, 6.500, 205.13, 41.00, 6.500, 205.13, 41.00, 0.000, 2.96, 0.01);
insert into SHOT values (3371, 3760, 3761, 3535, 3.150, 163.13, 58.00, 3.150, 163.13, 58.00, 0.000, 358.97, -0.00);
insert into SHOT values (3372, 3761, 3762, 3535, 3.970, 144.13, 39.00, 3.970, 144.13, 39.00, 0.000, 178.13, 0.00);
insert into SHOT values (3373, 3762, 3763, 3535, 1.550, 187.13, 20.00, 1.550, 187.13, 20.00, 0.000, 181.49, 0.00);
insert into SHOT values (3374, 3763, 3764, 3535, 2.650, 226.13, -49.00, 2.650, 226.13, -49.00, 0.000, 179.18, -0.00);
insert into SHOT values (3375, 3764, 3765, 3535, 5.050, 119.13, -28.00, 5.050, 119.13, -28.00, 0.000, 178.77, 0.00);
insert into SHOT values (3376, 3710, 3766, 3535, 6.220, 122.13, -28.00, 6.220, 122.13, -28.00, 0.000, 171.60, 0.00);
insert into SHOT values (3377, 3766, 3767, 3535, 4.350, 160.13, -15.00, 4.350, 160.13, -15.00, 0.000, 7.65, 0.00);
insert into SHOT values (3378, 3767, 3768, 3535, 5.250, 178.13, 30.00, 5.250, 178.13, 30.00, 0.000, 179.58, -0.00);
insert into SHOT values (3379, 3769, 3770, 3535, 10.700, 146.13, 80.00, 10.700, 146.13, 80.00, 0.000, 177.94, -0.00);
insert into SHOT values (3380, 3737, 3769, 3535, 4.000, 146.13, 30.00, 4.000, 146.13, 30.00, 0.000, 85.26, -0.01);
insert into CENTRELINE values (3536, 3533, NULL, NULL, NULL, 131.04, 0.00, 0.00);
 insert into SHOT values (3381, 3765, 3771, 3536, 3.600, 228.13, 20.00, 3.600, 228.13, 20.00, 0.000, 3.11, 0.00);
insert into SHOT values (3382, 3771, 3772, 3536, 3.200, 332.13, -50.00, 3.200, 332.13, -50.00, 0.000, 184.06, 0.02);
insert into SHOT values (3383, 3772, 3773, 3536, 4.400, 287.13, -4.00, 4.400, 287.13, -4.00, 0.000, 177.45, -0.00);
insert into SHOT values (3384, 3773, 3774, 3536, 3.500, 214.13, 0.00, 3.500, 214.13, 0.00, 0.000, 2.82, 0.00);
insert into SHOT values (3385, 3774, 3775, 3536, 2.900, 322.13, -75.00, 2.900, 322.13, -75.00, 0.000, 179.88, 0.00);
insert into SHOT values (3386, 3775, 3776, 3536, 5.300, 330.13, -40.00, 5.300, 330.13, -40.00, 0.000, 181.42, -0.00);
insert into SHOT values (3387, 3776, 3777, 3536, 8.800, 16.13, -90.00, 8.800, 90.00, -90.00, 0.000, 16.13, -19.13);
insert into SHOT values (3388, 3777, 3778, 3536, 4.000, 336.13, -50.00, 4.000, 336.13, -50.00, 0.000, 2.03, -0.01);
insert into SHOT values (3389, 3778, 3779, 3536, 3.200, 300.13, -55.00, 3.200, 300.13, -55.00, 0.000, 120.41, 0.02);
insert into SHOT values (3390, 3779, 3780, 3536, 9.600, 321.13, -50.00, 9.600, 321.13, -50.00, 0.000, 184.31, 0.00);
insert into SHOT values (3391, 3780, 3781, 3536, 5.000, 329.13, 0.00, 5.000, 329.13, 0.00, 0.000, 2.08, 0.00);
insert into SHOT values (3392, 3782, 3783, 3536, 2.000, 101.13, 2.00, 2.000, 101.13, 2.00, 0.000, 183.16, 0.00);
insert into SHOT values (3393, 3783, 3784, 3536, 1.750, 196.13, 2.00, 1.750, 196.13, 2.00, 0.000, 1.94, -0.00);
insert into SHOT values (3394, 3784, 3785, 3536, 1.530, 123.13, 3.00, 1.530, 123.13, 3.00, 0.000, 359.74, -0.00);
insert into SHOT values (3395, 3785, 3786, 3536, 2.100, 161.13, 30.00, 2.100, 161.13, 30.00, 0.000, 173.13, 0.00);
insert into SHOT values (3396, 3786, 3787, 3536, 4.780, 149.13, 23.00, 4.780, 149.13, 23.00, 0.000, 356.72, -0.00);
insert into SHOT values (3397, 3787, 3788, 3536, 7.210, 156.13, 30.00, 7.210, 156.13, 30.00, 0.000, 3.58, 0.00);
insert into SHOT values (3398, 3788, 3789, 3536, 3.130, 154.13, 30.00, 3.130, 154.13, 30.00, 0.000, 180.74, -0.00);
insert into SHOT values (3399, 3789, 3790, 3536, 2.500, 265.13, 30.00, 2.500, 265.13, 30.00, 0.000, 178.27, -0.00);
insert into SHOT values (3400, 3790, 3791, 3536, 5.570, 170.13, 32.00, 5.570, 170.13, 32.00, 0.000, 0.37, -0.00);
insert into SHOT values (3401, 3791, 3792, 3536, 5.000, 124.13, 30.00, 5.000, 124.13, 30.00, 0.000, 180.54, -0.00);
insert into SHOT values (3402, 3792, 3793, 3536, 4.000, 193.13, 29.00, 4.000, 193.13, 29.00, 0.000, 359.91, 0.00);
insert into SHOT values (3403, 3793, 3794, 3536, 2.000, 139.13, 22.00, 2.000, 139.13, 22.00, 0.000, 184.69, 0.00);
insert into SHOT values (3404, 3794, 3795, 3536, 3.500, 195.13, 33.00, 3.500, 195.13, 33.00, 0.000, 6.56, -0.00);
insert into SHOT values (3405, 3795, 3796, 3536, 7.120, 143.13, 42.00, 7.120, 143.13, 42.00, 0.000, 358.31, 0.00);
insert into SHOT values (3406, 3796, 3797, 3536, 6.000, 128.13, 17.00, 6.000, 128.13, 17.00, 0.000, 5.36, -0.00);
insert into SHOT values (3407, 3797, 3798, 3536, 6.300, 150.13, 62.00, 6.300, 150.13, 62.00, 0.000, 2.33, 0.00);
insert into SHOT values (3408, 3798, 3799, 3536, 5.750, 116.13, 40.00, 5.750, 116.13, 40.00, 0.000, 174.99, -0.00);
insert into SHOT values (3409, 3799, 3768, 3536, 7.300, 16.13, 90.00, 7.300, 90.00, 90.00, 0.000, 16.13, 24.37);
insert into SURVEY values (3538, 3527, 'GouffreAguilucho', 'GouffreAguilucho.211.UltimaPatagonia', 'Gouffre d''Aguilucho');
 insert into CENTRELINE values (3539, 3538, NULL, NULL, NULL, 0.00, 0.00, 0.00);
 insert into CENTRELINE values (3540, 3538, NULL, NULL, NULL, 85.16, 0.00, 0.00);
 insert into SHOT values (3410, 3800, 3801, 3540, 14.480, 346.13, -10.00, 14.480, 346.13, -10.00, 0.000, 198.01, 0.00);
insert into SHOT values (3411, 3800, 3802, 3540, 14.450, 166.13, 45.00, 14.450, 166.13, 45.00, 0.000, 187.66, 0.00);
insert into SHOT values (3412, 3802, 3803, 3540, 19.180, 196.13, 40.00, 19.180, 196.13, 40.00, 0.000, 180.48, 0.00);
insert into SHOT values (3413, 3803, 3804, 3540, 17.380, 154.13, 45.00, 17.380, 154.13, 45.00, 0.000, 185.02, 0.00);
insert into SHOT values (3414, 3804, 3805, 3540, 19.670, 138.13, 68.00, 19.670, 138.13, 68.00, 0.000, 356.48, 0.00);
insert into CENTRELINE values (3541, 3538, NULL, NULL, NULL, 217.00, 0.00, 0.00);
 insert into SHOT values (3415, 3801, 3806, 3541, 5.000, 341.13, -39.79, 5.000, 341.13, -39.79, 0.000, 172.22, 0.00);
insert into SHOT values (3416, 3806, 3807, 3541, 10.500, 346.13, -28.44, 10.500, 346.13, -28.44, 0.000, 182.85, -0.00);
insert into SHOT values (3417, 3807, 3808, 3541, 15.500, 326.13, -29.79, 15.500, 326.13, -29.79, 0.000, 349.55, 0.00);
insert into SHOT values (3418, 3808, 3809, 3541, 9.500, 336.13, -21.62, 9.500, 336.13, -21.62, 0.000, 4.59, 0.00);
insert into SHOT values (3419, 3809, 3810, 3541, 17.000, 333.13, -34.79, 17.000, 333.13, -34.79, 0.000, 174.93, 0.00);
insert into SHOT values (3420, 3810, 3811, 3541, 14.000, 351.13, -26.74, 14.000, 351.13, -26.74, 0.000, 2.57, 0.00);
insert into SHOT values (3421, 3811, 3812, 3541, 30.000, 346.13, -10.76, 30.000, 346.13, -10.76, 0.000, 355.66, 0.00);
insert into SHOT values (3422, 3800, 3813, 3541, 3.000, 11.13, 0.00, 3.000, 11.13, 0.00, 0.000, 354.57, 0.00);
insert into SHOT values (3423, 3813, 3814, 3541, 3.000, 106.13, -64.16, 3.000, 106.13, -64.16, 0.000, 175.51, 0.00);
insert into SHOT values (3424, 3814, 3815, 3541, 7.000, 281.13, 11.54, 7.000, 281.13, 11.54, 0.000, 197.69, -0.00);
insert into SHOT values (3425, 3815, 3816, 3541, 13.000, 226.13, 5.74, 13.000, 226.13, 5.74, 0.000, 359.20, 0.00);
insert into SHOT values (3426, 3816, 3817, 3541, 21.000, 211.13, 1.36, 21.000, 211.13, 1.36, 0.000, 3.65, 0.00);
insert into SHOT values (3427, 3817, 3818, 3541, 7.500, 251.13, 0.00, 7.500, 251.13, 0.00, 0.000, 209.52, 0.00);
insert into SHOT values (3428, 3818, 3819, 3541, 6.000, 251.13, -41.81, 6.000, 251.13, -41.81, 0.000, 179.04, 0.00);
insert into SHOT values (3429, 3819, 3820, 3541, 7.000, 231.13, 20.92, 7.000, 231.13, 20.92, 0.000, 179.49, 0.00);
insert into SHOT values (3430, 3820, 3821, 3541, 5.000, 286.13, 11.54, 5.000, 286.13, 11.54, 0.000, 353.70, 0.00);
insert into SHOT values (3431, 3821, 3822, 3541, 7.000, 141.13, 25.38, 7.000, 141.13, 25.38, 0.000, 12.69, 0.00);
insert into SHOT values (3432, 3822, 3823, 3541, 8.000, 182.13, -14.48, 8.000, 182.13, -14.48, 0.000, 182.13, 0.00);
insert into SHOT values (3433, 3823, 3824, 3541, 8.000, 174.13, -22.02, 8.000, 174.13, -22.02, 0.000, 355.49, 0.00);
insert into SHOT values (3434, 3824, 3825, 3541, 10.000, 231.13, -53.13, 10.000, 231.13, -53.13, 0.000, 355.28, 0.00);
insert into SHOT values (3435, 3825, 3826, 3541, 10.000, 201.13, 0.00, 10.000, 201.13, 0.00, 0.000, 184.35, 0.00);
insert into SURVEY values (3543, 3527, 'ExsurgencePicaflor', 'ExsurgencePicaflor.211.UltimaPatagonia', '<lang:fr>Exsurgence Picaflor<lang:es>Exsurgencia Picaflor');
 insert into CENTRELINE values (3544, 3543, NULL, NULL, NULL, 0.00, 0.00, 0.00);
 insert into CENTRELINE values (3545, 3543, NULL, '2008-02-01', NULL, 50.67, 0.00, 0.00);
 insert into SHOT values (3436, 3827, 3828, 3545, 4.970, 235.54, 0.00, 4.970, 235.54, 0.00, 0.000, 355.98, 0.00);
insert into SHOT values (3437, 3828, 3829, 3545, 7.580, 145.54, 10.00, 7.580, 145.54, 10.00, 0.000, 183.10, -0.00);
insert into SHOT values (3438, 3829, 3830, 3545, 16.480, 175.54, 10.00, 16.480, 175.54, 10.00, 0.000, 176.34, 0.00);
insert into SHOT values (3439, 3830, 3831, 3545, 11.410, 178.54, 0.00, 11.410, 178.54, 0.00, 0.000, 352.27, 0.00);
insert into SHOT values (3440, 3831, 3832, 3545, 4.000, 193.54, 3.00, 4.000, 193.54, 3.00, 0.000, 355.32, -0.00);
insert into SHOT values (3441, 3832, 3833, 3545, 6.230, 165.54, 5.00, 6.230, 165.54, 5.00, 0.000, 357.04, -0.00);
insert into CENTRELINE values (3546, 3543, NULL, NULL, NULL, 28.00, 0.00, 0.00);
 insert into SHOT values (3442, 3831, 3834, 3546, 2.000, 194.13, 0.00, 2.000, 194.13, 0.00, 0.000, 184.67, 0.00);
insert into SHOT values (3443, 3834, 3835, 3546, 4.500, 221.13, -40.12, 4.500, 221.13, -40.12, 0.000, 357.87, 0.00);
insert into SHOT values (3444, 3835, 3836, 3546, 1.000, 166.13, 11.54, 1.000, 166.13, 11.54, 0.000, 172.03, -0.00);
insert into SHOT values (3445, 3836, 3837, 3546, 3.500, 196.13, -14.90, 3.500, 196.13, -14.90, 0.000, 179.22, -0.00);
insert into SHOT values (3446, 3837, 3838, 3546, 2.000, 276.13, -23.58, 2.000, 276.13, -23.58, 0.000, 0.00, -0.00);
insert into SHOT values (3447, 3838, 3839, 3546, 2.000, 71.13, 71.81, 2.000, 71.13, 71.81, 0.000, 157.32, 0.00);
insert into SHOT values (3448, 3839, 3840, 3546, 3.000, 166.13, 56.44, 3.000, 166.13, 56.44, 0.000, 187.10, 0.00);
insert into SHOT values (3449, 3840, 3841, 3546, 10.000, 191.13, 5.74, 10.000, 191.13, 5.74, 0.000, 194.26, 0.00);
insert into SURVEY values (3548, 3527, 'PorcheDeLImpatience', 'PorcheDeLImpatience.211.UltimaPatagonia', 'Porche De L''Impatience');
 insert into CENTRELINE values (3549, 3548, NULL, NULL, NULL, 0.00, 0.00, 0.00);
 insert into CENTRELINE values (3550, 3548, NULL, NULL, NULL, 55.60, 0.00, 0.00);
 insert into SHOT values (3450, 3842, 3843, 3550, 9.500, 324.13, -20.00, 9.500, 324.13, -20.00, 0.000, 185.86, 0.00);
insert into SHOT values (3451, 3843, 3844, 3550, 31.100, 306.13, 20.00, 31.100, 306.13, 20.00, 0.000, 198.92, 0.00);
insert into SHOT values (3452, 3844, 3845, 3550, 10.000, 306.13, 20.00, 10.000, 306.13, 20.00, 0.000, 177.09, -0.00);
insert into SHOT values (3453, 3845, 3846, 3550, 5.000, 16.13, -90.00, 5.000, 90.00, -90.00, 0.000, 16.13, 0.00);
insert into SURVEY values (3552, 3527, 'Gouffre36', 'Gouffre36.211.UltimaPatagonia', 'Gouffre 36');
 insert into CENTRELINE values (3553, 3552, NULL, NULL, NULL, 0.00, 0.00, 0.00);
 insert into SCRAPS values (3554, 3552, 'DELETE-ME-survey-legs-Gouffre36-e', 2, 0.00000, 0.00000);
 insert into SCRAPS values (3556, 3552, 'Gouffre36-1e', 2, 0.00000, 0.00000);
 insert into CENTRELINE values (3570, 3552, NULL, '2010-01-01', '2010-01-01', 45.00, 0.00, 0.00);
 insert into SHOT values (3454, 3847, 3848, 3570, 45.000, 15.40, -90.00, 45.000, 90.00, -90.00, 0.000, 15.40, 0.00);
insert into SURVEY values (3572, 3527, 'GouffreDesMousquetaires', 'GouffreDesMousquetaires.211.UltimaPatagonia', 'Gouffre Des Mousquetaires');
 insert into CENTRELINE values (3573, 3572, NULL, NULL, NULL, 0.00, 0.00, 0.00);
 insert into CENTRELINE values (3574, 3572, NULL, '2010-02-01', NULL, 56.06, 0.00, 0.00);
 insert into SHOT values (3455, 3849, 3850, 3574, 8.260, 185.39, 43.00, 8.260, 185.39, 43.00, 0.000, 15.90, 0.00);
insert into SHOT values (3456, 3850, 3851, 3574, 6.900, 195.39, 33.00, 6.900, 195.39, 33.00, 0.000, 1.66, -0.01);
insert into SHOT values (3457, 3851, 3852, 3574, 5.370, 208.39, -22.00, 5.370, 208.39, -22.00, 0.000, 23.59, 0.02);
insert into SHOT values (3458, 3851, 3853, 3574, 17.080, 15.39, 90.00, 17.080, 90.00, 90.00, 0.000, 15.39, -13.40);
insert into SHOT values (3459, 3853, 3854, 3574, 12.500, 15.39, 90.00, 12.500, 90.00, 90.00, 0.000, 15.39, 0.00);
insert into SHOT values (3460, 3854, 3855, 3574, 5.950, 310.39, 56.00, 5.950, 310.39, 56.00, 0.000, 357.21, -0.00);
insert into SURVEY values (3576, 3527, 'GouffreDeLArche', 'GouffreDeLArche.211.UltimaPatagonia', 'Gouffre de l''Arche');
 insert into CENTRELINE values (3577, 3576, NULL, NULL, NULL, 0.00, 0.00, 0.00);
 insert into CENTRELINE values (3578, 3576, NULL, '2010-02-01', NULL, 40.70, 0.00, 0.00);
 insert into SHOT values (3461, 3856, 3857, 3578, 3.130, 177.39, 49.00, 3.130, 177.39, 49.00, 0.000, 177.32, -0.00);
insert into SHOT values (3462, 3857, 3858, 3578, 1.900, 50.39, 26.00, 1.900, 50.39, 26.00, 0.000, 180.21, -0.00);
insert into SHOT values (3463, 3858, 3859, 3578, 1.090, 160.39, 37.00, 1.090, 160.39, 37.00, 0.000, 4.96, 0.00);
insert into SHOT values (3464, 3859, 3860, 3578, 2.750, 343.39, 57.00, 2.750, 343.39, 57.00, 0.000, 342.27, 0.01);
insert into SHOT values (3465, 3860, 3861, 3578, 4.400, 19.39, 31.00, 4.400, 19.39, 31.00, 0.000, 185.71, -0.01);
insert into SHOT values (3466, 3861, 3862, 3578, 5.080, 127.39, 73.00, 5.080, 127.39, 73.00, 0.000, 356.32, 0.00);
insert into SHOT values (3467, 3862, 3863, 3578, 4.160, 137.39, 56.00, 4.160, 137.39, 56.00, 0.000, 355.90, -0.00);
insert into SHOT values (3468, 3863, 3864, 3578, 8.300, 179.39, 79.00, 8.300, 179.39, 79.00, 0.000, 5.19, -0.00);
insert into SHOT values (3469, 3864, 3865, 3578, 9.890, 190.39, 46.00, 9.890, 190.39, 46.00, 0.000, 4.11, -0.00);
insert into SURVEY values (3580, 3527, 'GrotteMarion', 'GrotteMarion.211.UltimaPatagonia', 'Grotte Marion');
 insert into CENTRELINE values (3581, 3580, NULL, NULL, NULL, 0.00, 0.00, 0.00);
 insert into SCRAPS values (3582, 3580, 'DELETE-ME-survey-legs-GrotteMarion-p', 1, 0.00000, 0.00000);
 insert into SCRAPS values (3584, 3580, 'GrotteMarion-1p', 1, 0.18576, 0.01635);
 insert into SCRAPS values (3690, 3580, 'GrotteMarion-1e', 2, 0.00000, 0.00000);
 insert into CENTRELINE values (3805, 3580, NULL, '2010-01-24', '2010-01-24', 74.10, 0.00, 0.00);
 insert into PERSON values (17, 'Thomas', 'Fischer');
insert into TOPO values (17, 3805);
 insert into PERSON values (18, 'Fabien', 'Hoblea');
insert into TOPO values (18, 3805);
 insert into EXPLO values (17, 3805);
 insert into EXPLO values (18, 3805);
 insert into SHOT values (3470, 3866, 3867, 3805, 5.500, 355.40, -15.00, 5.500, 355.40, -15.00, 0.000, 177.97, 0.00);
insert into SHOT values (3471, 3867, 3868, 3805, 10.000, 15.40, -20.00, 10.000, 15.40, -20.00, 0.000, 25.57, 0.00);
insert into SHOT values (3472, 3868, 3869, 3805, 11.000, 355.40, -15.00, 11.000, 355.40, -15.00, 0.000, 177.97, 0.00);
insert into SHOT values (3473, 3869, 3870, 3805, 8.300, 65.40, -10.00, 8.300, 65.40, -10.00, 0.000, 3.10, -0.00);
insert into SHOT values (3474, 3870, 3871, 3805, 12.500, 35.40, -32.00, 12.500, 35.40, -32.00, 0.000, 179.55, -0.00);
insert into SHOT values (3475, 3871, 3872, 3805, 5.200, 15.40, -8.00, 5.200, 15.40, -8.00, 0.000, 356.34, 0.00);
insert into SHOT values (3476, 3872, 3873, 3805, 4.400, 5.40, -5.00, 4.400, 5.40, -5.00, 0.000, 176.60, -0.00);
insert into SHOT values (3477, 3872, 3874, 3805, 6.700, 135.40, 0.00, 6.700, 135.40, 0.00, 0.000, 179.63, 0.00);
insert into SHOT values (3478, 3874, 3875, 3805, 10.500, 175.40, 30.00, 10.500, 175.40, 30.00, 0.000, 182.61, -0.00);
insert into SURVEY values (3807, 3527, 'MeandreDesSables', 'MeandreDesSables.211.UltimaPatagonia', 'Meandre Des Sables');
 insert into CENTRELINE values (3808, 3807, NULL, NULL, NULL, 0.00, 0.00, 0.00);
 insert into CENTRELINE values (3809, 3807, NULL, '2010-01-24', NULL, 37.50, 0.00, 0.00);
 insert into TOPO values (18, 3809);
 insert into SHOT values (3479, 3876, 3877, 3809, 1.800, 103.40, 15.00, 1.800, 103.40, 15.00, 0.000, 2.44, 0.00);
insert into SHOT values (3480, 3877, 3878, 3809, 1.000, 103.40, 90.00, 1.000, 90.00, 90.00, 0.000, 103.40, 0.00);
insert into SHOT values (3481, 3878, 3879, 3809, 7.150, 80.40, 25.00, 7.150, 80.40, 25.00, 0.000, 357.78, -0.00);
insert into SHOT values (3482, 3879, 3880, 3809, 3.400, 70.40, -15.00, 3.400, 70.40, -15.00, 0.000, 358.95, -0.00);
insert into SHOT values (3483, 3880, 3881, 3809, 3.600, 145.40, -30.00, 3.600, 145.40, -30.00, 0.000, 1.51, -0.00);
insert into SHOT values (3484, 3879, 3882, 3809, 3.500, 220.40, -70.00, 3.500, 220.40, -70.00, 0.000, 180.99, 0.00);
insert into SHOT values (3485, 3880, 3883, 3809, 6.250, 65.40, 90.00, 6.250, 90.00, 90.00, 0.000, 65.40, 0.00);
insert into SHOT values (3486, 3883, 3884, 3809, 2.200, 65.40, 20.00, 2.200, 65.40, 20.00, 0.000, 171.93, 0.01);
insert into SHOT values (3487, 3884, 3885, 3809, 5.200, 150.40, 35.00, 5.200, 150.40, 35.00, 0.000, 179.63, 0.00);
insert into SHOT values (3488, 3885, 3886, 3809, 3.400, 95.40, 25.00, 3.400, 95.40, 25.00, 0.000, 0.74, -0.00);
insert into SURVEY values (3811, 3527, 'AvenDeLaTraverse', 'AvenDeLaTraverse.211.UltimaPatagonia', 'Aven De La Traverse');
 insert into CENTRELINE values (3812, 3811, NULL, NULL, NULL, 0.00, 0.00, 0.00);
 insert into CENTRELINE values (3813, 3811, NULL, '2010-02-01', NULL, 34.70, 0.00, 0.00);
 insert into SHOT values (3489, 3887, 3888, 3813, 8.500, 45.39, 25.00, 8.500, 45.39, 25.00, 0.000, 5.09, 0.00);
insert into SHOT values (3490, 3887, 3889, 3813, 5.200, 305.39, -20.00, 5.200, 305.39, -20.00, 0.000, 357.39, -0.01);
insert into SHOT values (3491, 3887, 3890, 3813, 10.000, 230.39, 30.00, 10.000, 230.39, 30.00, 0.000, 359.06, -0.00);
insert into SHOT values (3492, 3887, 3891, 3813, 11.000, 175.39, 70.00, 11.000, 175.39, 70.00, 0.000, 354.51, -0.01);
insert into SURVEY values (3815, 3527, 'SimaDelCol', 'SimaDelCol.211.UltimaPatagonia', 'Sima del Col');
 insert into CENTRELINE values (3816, 3815, NULL, NULL, NULL, 0.00, 0.00, 0.00);
 insert into SURVEY values (3818, 3527, 'MD/BDGS01', 'MD/BDGS01.211.UltimaPatagonia', 'MD/BDGS01');
 insert into CENTRELINE values (3819, 3818, NULL, NULL, NULL, 0.00, 0.00, 0.00);
 insert into SURVEY values (3821, 3527, 'MD/BDGS02', 'MD/BDGS02.211.UltimaPatagonia', 'MD/BDGS02');
 insert into CENTRELINE values (3822, 3821, NULL, NULL, NULL, 0.00, 0.00, 0.00);
 insert into SURVEY values (3824, 3527, 'MD/BDGS03', 'MD/BDGS03.211.UltimaPatagonia', 'MD/BDGS03');
 insert into CENTRELINE values (3825, 3824, NULL, NULL, NULL, 0.00, 0.00, 0.00);
 insert into SURVEY values (3827, 3527, 'MD/BDGS04', 'MD/BDGS04.211.UltimaPatagonia', 'MD/BDGS04');
 insert into CENTRELINE values (3828, 3827, NULL, NULL, NULL, 0.00, 0.00, 0.00);
 insert into SURVEY values (3830, 3527, 'MD/BDG05', 'MD/BDG05.211.UltimaPatagonia', 'MD/BDG05');
 insert into CENTRELINE values (3831, 3830, NULL, NULL, NULL, 0.00, 0.00, 0.00);
 insert into SURVEY values (3833, 3527, 'GrotteGrandeSoeur', 'GrotteGrandeSoeur.211.UltimaPatagonia', 'Grotte Grande Soeur');
 insert into CENTRELINE values (3834, 3833, NULL, NULL, NULL, 0.00, 0.00, 0.00);
 insert into CENTRELINE values (3836, 3527, NULL, NULL, NULL, 0.00, 0.00, 0.00);
 insert into SURVEY values (3838, 22, '212', '212.UltimaPatagonia', '212 Tarlton');
 insert into CENTRELINE values (3839, 3838, NULL, NULL, NULL, 0.00, 0.00, 0.00);
 insert into SURVEY values (3840, 3838, 'GrotteDeTarlton', 'GrotteDeTarlton.212.UltimaPatagonia', 'Grotte de Tarlton');
 insert into CENTRELINE values (3841, 3840, NULL, NULL, NULL, 0.00, 0.00, 0.00);
 insert into SURVEY values (3843, 3838, 'TAR01', 'TAR01.212.UltimaPatagonia', 'TAR01');
 insert into CENTRELINE values (3844, 3843, NULL, NULL, NULL, 0.00, 0.00, 0.00);
 insert into SURVEY values (3846, 3838, 'TAR02', 'TAR02.212.UltimaPatagonia', 'TAR02');
 insert into CENTRELINE values (3847, 3846, NULL, NULL, NULL, 0.00, 0.00, 0.00);
 insert into SURVEY values (3849, 3838, 'TAR03', 'TAR03.212.UltimaPatagonia', 'TAR03');
 insert into CENTRELINE values (3850, 3849, NULL, NULL, NULL, 0.00, 0.00, 0.00);
 insert into SURVEY values (3852, 3838, 'TAR04', 'TAR04.212.UltimaPatagonia', 'TAR04');
 insert into CENTRELINE values (3853, 3852, NULL, NULL, NULL, 0.00, 0.00, 0.00);
 insert into SURVEY values (3855, 3838, 'TAR05', 'TAR05.212.UltimaPatagonia', 'TAR05');
 insert into CENTRELINE values (3856, 3855, NULL, NULL, NULL, 0.00, 0.00, 0.00);
 insert into CENTRELINE values (3858, 3838, NULL, NULL, NULL, 0.00, 0.00, 0.00);
 insert into SURVEY values (3860, 22, '213', '213.UltimaPatagonia', '213 Guarello');
 insert into CENTRELINE values (3861, 3860, NULL, NULL, NULL, 0.00, 0.00, 0.00);
 insert into SURVEY values (3862, 3860, 'LeMasqueEtLaPlume', 'LeMasqueEtLaPlume.213.UltimaPatagonia', 'Gouffre du Masque et de la Plume');
 insert into CENTRELINE values (3863, 3862, NULL, NULL, NULL, 0.00, 0.00, 0.00);
 insert into CENTRELINE values (3864, 3862, NULL, NULL, NULL, 240.20, 0.00, 0.00);
 insert into SHOT values (3493, 3947, 3948, 3864, 3.800, 256.13, -20.00, 3.800, 256.13, -20.00, 0.000, 8.96, -0.00);
insert into SHOT values (3494, 3948, 3949, 3864, 3.900, 306.13, 0.00, 3.900, 306.13, 0.00, 0.000, 337.19, 0.00);
insert into SHOT values (3495, 3949, 3950, 3864, 5.200, 296.13, -16.00, 5.200, 296.13, -16.00, 0.000, 7.01, -0.00);
insert into SHOT values (3496, 3950, 3951, 3864, 4.500, 146.13, 10.00, 4.500, 146.13, 10.00, 0.000, 177.23, -0.00);
insert into SHOT values (3497, 3951, 3952, 3864, 4.800, 186.13, -40.00, 4.800, 186.13, -40.00, 0.000, 181.45, -0.00);
insert into SHOT values (3498, 3952, 3953, 3864, 8.000, 301.13, -3.00, 8.000, 301.13, -3.00, 0.000, 173.14, 0.00);
insert into SHOT values (3499, 3953, 3954, 3864, 8.400, 342.13, -15.00, 8.400, 342.13, -15.00, 0.000, 188.30, -0.00);
insert into SHOT values (3500, 3954, 3955, 3864, 8.400, 271.13, -10.00, 8.400, 271.13, -10.00, 0.000, 17.87, 0.00);
insert into SHOT values (3501, 3955, 3956, 3864, 8.600, 321.13, -10.00, 8.600, 321.13, -10.00, 0.000, 185.92, 0.00);
insert into SHOT values (3502, 3956, 3957, 3864, 13.300, 284.13, -8.00, 13.300, 284.13, -8.00, 0.000, 181.54, 0.00);
insert into SHOT values (3503, 3957, 3958, 3864, 6.900, 11.13, -20.00, 6.900, 11.13, -20.00, 0.000, 358.90, -0.00);
insert into SHOT values (3504, 3958, 3959, 3864, 7.400, 306.13, -10.00, 7.400, 306.13, -10.00, 0.000, 170.93, 0.00);
insert into SHOT values (3505, 3959, 3960, 3864, 10.800, 316.13, -15.00, 10.800, 316.13, -15.00, 0.000, 181.51, 0.00);
insert into SHOT values (3506, 3960, 3961, 3864, 4.600, 66.13, -10.00, 4.600, 66.13, -10.00, 0.000, 177.50, 0.00);
insert into SHOT values (3507, 3960, 3962, 3864, 8.500, 336.13, -20.00, 8.500, 336.13, -20.00, 0.000, 18.97, 0.00);
insert into SHOT values (3508, 3962, 3963, 3864, 11.800, 279.13, 5.00, 11.800, 279.13, 5.00, 0.000, 165.29, -0.00);
insert into SHOT values (3509, 3963, 3964, 3864, 6.200, 240.13, -25.00, 6.200, 240.13, -25.00, 0.000, 347.84, 0.00);
insert into SHOT values (3510, 3954, 3965, 3864, 6.700, 61.13, -15.00, 6.700, 61.13, -15.00, 0.000, 356.72, 0.00);
insert into SHOT values (3511, 3965, 3966, 3864, 8.600, 346.13, -24.00, 8.600, 346.13, -24.00, 0.000, 357.01, -0.00);
insert into SHOT values (3512, 3966, 3967, 3864, 14.000, 346.13, -40.00, 14.000, 346.13, -40.00, 0.000, 182.05, 0.00);
insert into SHOT values (3513, 3967, 3968, 3864, 13.600, 321.13, -30.00, 13.600, 321.13, -30.00, 0.000, 0.44, 0.00);
insert into SHOT values (3514, 3968, 3969, 3864, 9.000, 336.13, -33.00, 9.000, 336.13, -33.00, 0.000, 178.72, 0.00);
insert into SHOT values (3515, 3969, 3970, 3864, 17.800, 156.13, -60.00, 17.800, 156.13, -60.00, 0.000, 187.14, -0.00);
insert into SHOT values (3516, 3970, 3971, 3864, 6.800, 116.13, -43.00, 6.800, 116.13, -43.00, 0.000, 1.11, 0.00);
insert into SHOT values (3517, 3971, 3972, 3864, 3.200, 116.13, -28.00, 3.200, 116.13, -28.00, 0.000, 158.69, -0.00);
insert into SHOT values (3518, 3972, 3973, 3864, 8.000, 101.13, -52.00, 8.000, 101.13, -52.00, 0.000, 2.96, 0.00);
insert into SHOT values (3519, 3973, 3974, 3864, 6.500, 69.13, 10.00, 6.500, 69.13, 10.00, 0.000, 355.41, 0.00);
insert into SHOT values (3520, 3974, 3975, 3864, 6.600, 51.13, 0.00, 6.600, 51.13, 0.00, 0.000, 177.52, 0.00);
insert into SHOT values (3521, 3975, 3976, 3864, 3.200, 46.13, 0.00, 3.200, 46.13, 0.00, 0.000, 174.91, 0.00);
insert into SHOT values (3522, 3976, 3977, 3864, 7.300, 31.13, 60.00, 7.300, 31.13, 60.00, 0.000, 185.27, 0.00);
insert into SHOT values (3523, 3973, 3978, 3864, 3.800, 274.13, 0.00, 3.800, 274.13, 0.00, 0.000, 182.50, 0.00);
insert into CENTRELINE values (3865, 3862, NULL, NULL, NULL, 74.30, 0.00, 0.00);
 insert into SHOT values (3524, 3979, 3964, 3865, 7.100, 276.13, -37.00, 7.100, 276.13, -37.00, 0.000, 359.84, -0.00);
insert into SHOT values (3525, 3964, 3980, 3865, 14.300, 358.13, -20.00, 14.300, 358.13, -20.00, 0.000, 349.33, -0.00);
insert into SHOT values (3526, 3980, 3981, 3865, 19.000, 16.13, -90.00, 19.000, 90.00, -90.00, 0.000, 16.13, 0.00);
insert into SHOT values (3527, 3981, 3982, 3865, 11.200, 21.13, -58.00, 11.200, 21.13, -58.00, 0.000, 185.59, 0.00);
insert into SHOT values (3528, 3982, 3983, 3865, 9.500, 16.13, -90.00, 9.500, 90.00, -90.00, 0.000, 16.13, 0.00);
insert into SHOT values (3529, 3983, 3984, 3865, 13.200, 176.13, 0.00, 13.200, 176.13, 0.00, 0.000, 183.10, 0.00);
insert into CENTRELINE values (3866, 3862, NULL, NULL, NULL, 26.81, 0.00, 0.00);
 insert into SHOT values (3530, 3978, 3985, 3866, 1.580, 262.13, 5.00, 1.580, 262.13, 5.00, 0.000, 173.29, -0.00);
insert into SHOT values (3531, 3985, 3986, 3866, 17.000, 313.13, -9.00, 17.000, 313.13, -9.00, 0.000, 0.19, 0.00);
insert into SHOT values (3532, 3986, 3987, 3866, 8.230, 262.13, -11.00, 8.230, 262.13, -11.00, 0.000, 178.08, 0.00);
insert into CENTRELINE values (3867, 3862, NULL, NULL, NULL, 93.36, 0.00, 0.00);
 insert into SHOT values (3533, 3988, 3989, 3867, 0.000, 16.13, 0.00, 0.000, 90.00, 0.00, 0.000, 90.00, 0.00);
insert into SHOT values (3534, 3989, 3990, 3867, 5.360, 318.13, 12.00, 5.360, 318.13, 12.00, 0.000, 209.80, 0.00);
insert into SHOT values (3535, 3990, 3991, 3867, 5.230, 270.13, -24.00, 5.230, 270.13, -24.00, 0.000, 4.75, -0.00);
insert into SHOT values (3536, 3990, 3992, 3867, 2.130, 16.13, -90.00, 2.130, 90.00, -90.00, 0.000, 16.13, -19.71);
insert into SHOT values (3537, 3992, 3993, 3867, 2.290, 92.13, -23.00, 2.290, 92.13, -23.00, 0.000, 144.25, -0.00);
insert into SHOT values (3538, 3993, 3994, 3867, 2.900, 16.13, -90.00, 2.900, 90.00, -90.00, 0.000, 16.13, 7.50);
insert into SHOT values (3539, 3994, 3995, 3867, 3.500, 10.13, -15.00, 3.500, 10.13, -15.00, 0.000, 179.64, 0.00);
insert into SHOT values (3540, 3995, 3996, 3867, 2.220, 60.13, -23.00, 2.220, 60.13, -23.00, 0.000, 6.28, 0.00);
insert into SHOT values (3541, 3996, 3997, 3867, 5.100, 93.13, -18.00, 5.100, 93.13, -18.00, 0.000, 179.70, -0.00);
insert into SHOT values (3542, 3997, 3998, 3867, 2.900, 341.13, -39.00, 2.900, 341.13, -39.00, 0.000, 177.24, -0.00);
insert into SHOT values (3543, 3991, 3999, 3867, 5.580, 275.13, 13.00, 5.580, 275.13, 13.00, 0.000, 182.82, 0.00);
insert into SHOT values (3544, 3999, 4000, 3867, 4.350, 327.13, -16.00, 4.350, 327.13, -16.00, 0.000, 357.70, -0.00);
insert into SHOT values (3545, 4000, 4001, 3867, 6.400, 248.13, 7.00, 6.400, 248.13, 7.00, 0.000, 358.25, -0.00);
insert into SHOT values (3546, 4001, 4002, 3867, 1.700, 269.13, -2.00, 1.700, 269.13, -2.00, 0.000, 357.89, -0.00);
insert into SHOT values (3547, 4002, 4003, 3867, 4.600, 263.13, -40.00, 4.600, 263.13, -40.00, 0.000, 181.51, -0.00);
insert into SHOT values (3548, 4003, 4004, 3867, 17.400, 1.13, -38.00, 17.400, 1.13, -38.00, 0.000, 181.49, 0.00);
insert into SHOT values (3549, 4004, 4005, 3867, 4.200, 263.13, -23.00, 4.200, 263.13, -23.00, 0.000, 359.10, 0.00);
insert into SHOT values (3550, 4005, 4006, 3867, 8.700, 248.13, 55.00, 8.700, 248.13, 55.00, 0.000, 2.73, 0.00);
insert into SHOT values (3551, 4002, 4007, 3867, 5.300, 293.13, 12.00, 5.300, 293.13, 12.00, 0.000, 351.67, -0.00);
insert into SHOT values (3552, 4007, 4008, 3867, 3.500, 346.13, 44.00, 3.500, 346.13, 44.00, 0.000, 181.55, -0.00);
insert into CENTRELINE values (3868, 3862, NULL, NULL, NULL, 96.60, 0.00, 0.00);
 insert into SHOT values (3553, 4009, 4010, 3868, 7.700, 66.13, 48.00, 7.700, 66.13, 48.00, 0.000, 10.94, 0.00);
insert into SHOT values (3554, 4010, 4011, 3868, 22.000, 101.13, 5.00, 22.000, 101.13, 5.00, 0.000, 2.95, 0.00);
insert into SHOT values (3555, 4011, 4012, 3868, 14.600, 111.13, 2.00, 14.676, 109.30, 0.75, 0.572, 30.32, -33.85);
insert into SHOT values (3556, 4012, 4013, 3868, 16.600, 116.13, 4.00, 16.600, 116.13, 4.00, 0.000, 356.97, -0.00);
insert into SHOT values (3557, 4013, 4014, 3868, 5.400, 86.13, 19.00, 5.400, 86.13, 19.00, 0.000, 347.68, 0.00);
insert into SHOT values (3558, 4014, 4015, 3868, 5.200, 116.13, 58.00, 5.200, 116.13, 58.00, 0.000, 191.23, 0.00);
insert into SHOT values (3559, 4015, 4016, 3868, 10.500, 46.13, 53.00, 10.500, 46.13, 53.00, 0.000, 184.73, 0.00);
insert into SHOT values (3560, 4016, 4017, 3868, 8.200, 176.13, 42.00, 8.200, 176.13, 42.00, 0.000, 349.68, 0.00);
insert into SHOT values (3561, 4017, 4018, 3868, 6.400, 106.13, 45.00, 6.400, 106.13, 45.00, 0.000, 13.16, 0.00);
insert into CENTRELINE values (3869, 3862, NULL, NULL, NULL, 96.39, 0.00, 0.00);
 insert into SHOT values (3562, 4012, 4019, 3869, 6.650, 196.13, 28.00, 6.488, 194.70, 28.01, 0.218, 60.62, -20.11);
insert into SHOT values (3563, 4019, 4020, 3869, 7.500, 151.13, 9.00, 7.505, 149.28, 8.26, 0.259, 64.92, -21.46);
insert into SHOT values (3564, 4020, 4021, 3869, 12.200, 176.13, 14.00, 12.089, 173.42, 13.07, 0.602, 78.48, -21.18);
insert into SHOT values (3565, 4022, 4023, 3869, 5.280, 76.13, 22.00, 5.280, 76.13, 22.00, 0.000, 359.65, 0.00);
insert into SHOT values (3566, 4023, 4024, 3869, 4.500, 146.13, 13.00, 4.500, 146.13, 13.00, 0.000, 351.14, -0.00);
insert into SHOT values (3567, 4024, 4025, 3869, 5.000, 136.13, 32.00, 5.000, 136.13, 32.00, 0.000, 177.86, -0.00);
insert into SHOT values (3568, 4025, 4026, 3869, 9.400, 176.13, 35.00, 9.400, 176.13, 35.00, 0.000, 187.49, 0.00);
insert into SHOT values (3569, 4026, 4027, 3869, 10.000, 196.13, 12.00, 10.000, 196.13, 12.00, 0.000, 189.83, -0.00);
insert into SHOT values (3570, 4027, 4028, 3869, 4.900, 352.13, -22.00, 4.900, 352.13, -22.00, 0.000, 184.64, -0.00);
insert into SHOT values (3571, 4028, 4029, 3869, 5.700, 302.13, 11.00, 5.700, 302.13, 11.00, 0.000, 183.72, 0.00);
insert into SHOT values (3572, 4029, 4030, 3869, 5.300, 273.13, -3.00, 5.300, 273.13, -3.00, 0.000, 181.07, 0.00);
insert into SHOT values (3573, 4030, 4031, 3869, 6.860, 314.13, -26.00, 6.860, 314.13, -26.00, 0.000, 183.81, 0.00);
insert into SHOT values (3574, 4031, 4032, 3869, 7.900, 350.13, -28.00, 7.900, 350.13, -28.00, 0.000, 181.38, -0.00);
insert into SHOT values (3575, 4032, 4033, 3869, 4.200, 56.13, -38.00, 4.200, 56.13, -38.00, 0.000, 5.53, 0.00);
insert into SHOT values (3576, 4033, 4021, 3869, 1.000, 16.13, -90.00, 0.939, 240.08, -87.14, 0.078, 240.08, 53.02);
insert into CENTRELINE values (3870, 3862, NULL, NULL, NULL, 37.46, 0.00, 0.00);
 insert into SHOT values (3577, 4031, 4034, 3870, 5.900, 212.13, 23.00, 5.900, 212.13, 23.00, 0.000, 358.60, -0.00);
insert into SHOT values (3578, 4034, 4035, 3870, 10.480, 274.13, 12.00, 10.480, 274.13, 12.00, 0.000, 192.47, 0.00);
insert into SHOT values (3579, 4035, 4036, 3870, 5.290, 180.13, 21.00, 5.290, 180.13, 21.00, 0.000, 351.49, 0.00);
insert into SHOT values (3580, 4036, 4037, 3870, 8.850, 256.13, 17.00, 8.850, 256.13, 17.00, 0.000, 356.51, -0.00);
insert into SHOT values (3581, 4037, 4038, 3870, 5.320, 176.13, 18.00, 5.320, 176.13, 18.00, 0.000, 13.35, 0.02);
insert into SHOT values (3582, 4038, 4039, 3870, 1.620, 288.13, 0.00, 1.620, 288.13, 0.00, 0.000, 15.95, 0.00);
insert into CENTRELINE values (3871, 3862, NULL, NULL, NULL, 52.60, 0.00, 0.00);
 insert into SHOT values (3583, 3947, 4040, 3871, 8.400, 103.13, -5.00, 8.400, 103.13, -5.00, 0.000, 11.70, -0.00);
insert into SHOT values (3584, 4040, 4041, 3871, 7.900, 136.13, -5.00, 7.900, 136.13, -5.00, 0.000, 179.60, -0.00);
insert into SHOT values (3585, 4041, 4042, 3871, 7.100, 140.13, -27.00, 7.100, 140.13, -27.00, 0.000, 184.78, -0.00);
insert into SHOT values (3586, 4042, 4043, 3871, 4.300, 70.13, -30.00, 4.300, 70.13, -30.00, 0.000, 175.18, -0.00);
insert into SHOT values (3587, 4043, 4044, 3871, 5.000, 74.13, -45.00, 5.000, 74.13, -45.00, 0.000, 205.91, 0.01);
insert into SHOT values (3588, 4044, 4045, 3871, 3.000, 88.13, -33.00, 3.000, 88.13, -33.00, 0.000, 184.23, -0.00);
insert into SHOT values (3589, 4045, 4046, 3871, 10.700, 66.13, -39.00, 10.700, 66.13, -39.00, 0.000, 348.16, 0.00);
insert into SHOT values (3590, 4046, 4039, 3871, 6.200, 356.13, -65.00, 6.200, 356.13, -65.00, 0.000, 3.15, -0.00);
insert into CENTRELINE values (3872, 3862, NULL, NULL, NULL, 134.70, 0.00, 0.00);
 insert into SHOT values (3591, 4047, 4048, 3872, 13.000, 49.13, -56.00, 13.000, 49.13, -56.00, 0.000, 358.81, -0.00);
insert into SHOT values (3592, 4048, 4049, 3872, 5.400, 24.13, -38.00, 5.400, 24.13, -38.00, 0.000, 355.89, -0.00);
insert into SHOT values (3593, 4049, 4050, 3872, 5.600, 311.13, -31.00, 5.600, 311.13, -31.00, 0.000, 177.96, -0.00);
insert into SHOT values (3594, 4050, 4051, 3872, 7.300, 347.13, -28.00, 7.300, 347.13, -28.00, 0.000, 356.63, -0.00);
insert into SHOT values (3595, 4051, 4052, 3872, 3.800, 54.13, -35.00, 3.800, 54.13, -35.00, 0.000, 180.47, -0.00);
insert into SHOT values (3596, 4052, 4053, 3872, 6.800, 77.13, -26.00, 6.800, 77.13, -26.00, 0.000, 7.24, -0.00);
insert into SHOT values (3597, 4053, 4054, 3872, 11.100, 355.13, -28.00, 11.100, 355.13, -28.00, 0.000, 358.22, -0.00);
insert into SHOT values (3598, 4054, 4055, 3872, 3.700, 132.13, 6.00, 3.700, 132.13, 6.00, 0.000, 2.81, -0.00);
insert into SHOT values (3599, 4055, 4056, 3872, 5.300, 79.13, 29.00, 5.300, 79.13, 29.00, 0.000, 353.80, 0.00);
insert into SHOT values (3600, 4056, 4057, 3872, 3.700, 346.13, 19.00, 3.700, 346.13, 19.00, 0.000, 1.43, -0.00);
insert into SHOT values (3601, 4057, 4058, 3872, 15.600, 16.13, -51.00, 15.600, 16.13, -51.00, 0.000, 2.85, 0.00);
insert into SHOT values (3602, 4054, 4059, 3872, 4.800, 300.13, -17.00, 4.800, 300.13, -17.00, 0.000, 1.11, -0.00);
insert into SHOT values (3603, 4059, 4060, 3872, 23.000, 295.13, -27.00, 23.000, 295.13, -27.00, 0.000, 352.83, 0.00);
insert into SHOT values (3604, 4059, 4061, 3872, 7.800, 18.13, 14.00, 7.800, 18.13, 14.00, 0.000, 4.37, -0.00);
insert into SHOT values (3605, 4061, 4062, 3872, 16.600, 310.13, 49.00, 16.600, 310.13, 49.00, 0.000, 179.69, 0.00);
insert into SHOT values (3606, 4062, 4006, 3872, 1.200, 16.13, 90.00, 1.200, 90.00, 90.00, 0.000, 16.13, 34.57);
insert into CENTRELINE values (3873, 3862, NULL, NULL, NULL, 138.80, 0.00, 0.00);
 insert into SHOT values (3607, 4033, 4063, 3873, 0.000, 16.13, 0.00, 0.047, 60.08, -19.14, 0.047, 60.08, -19.14);
insert into SHOT values (3608, 4063, 4064, 3873, 7.000, 216.13, 20.00, 6.787, 215.30, 19.91, 0.233, 61.39, -20.75);
insert into SHOT values (3609, 4064, 4065, 3873, 5.000, 326.13, 7.00, 4.991, 327.98, 6.42, 0.168, 58.14, -17.77);
insert into SHOT values (3610, 4065, 4066, 3873, 7.800, 340.13, -7.00, 7.827, 342.06, -7.73, 0.280, 68.08, -21.24);
insert into SHOT values (3611, 4066, 4067, 3873, 7.900, 286.13, 12.00, 7.759, 287.53, 11.45, 0.246, 50.14, -24.66);
insert into SHOT values (3612, 4067, 4068, 3873, 4.800, 267.13, -18.00, 4.666, 267.91, -19.18, 0.176, 66.57, -16.37);
insert into SHOT values (3613, 4068, 4069, 3873, 3.200, 250.13, 40.00, 3.200, 250.13, 40.00, 0.000, 334.84, 0.01);
insert into SHOT values (3614, 4069, 4070, 3873, 7.800, 200.13, 15.00, 7.800, 200.13, 15.00, 0.000, 183.19, -0.00);
insert into SHOT values (3615, 4070, 4071, 3873, 7.200, 280.13, 19.00, 7.200, 280.13, 19.00, 0.000, 353.33, 0.00);
insert into SHOT values (3616, 4071, 4072, 3873, 6.600, 280.13, 15.00, 6.600, 280.13, 15.00, 0.000, 351.16, -0.00);
insert into SHOT values (3617, 4071, 4073, 3873, 3.100, 358.13, -20.00, 3.100, 358.13, -20.00, 0.000, 1.93, 0.00);
insert into SHOT values (3618, 4073, 4074, 3873, 11.000, 336.13, 50.00, 11.000, 336.13, 50.00, 0.000, 176.14, 0.00);
insert into SHOT values (3619, 4073, 4075, 3873, 4.700, 258.13, 2.00, 4.700, 258.13, 2.00, 0.000, 357.74, 0.00);
insert into SHOT values (3620, 4075, 4076, 3873, 4.200, 300.13, 17.00, 4.200, 300.13, 17.00, 0.000, 254.90, -0.01);
insert into SHOT values (3621, 4076, 4077, 3873, 5.000, 188.13, 0.00, 5.000, 188.13, 0.00, 0.000, 5.23, 0.00);
insert into SHOT values (3622, 4076, 3988, 3873, 9.000, 254.13, -16.00, 9.000, 254.13, -16.00, 0.000, 355.48, -0.00);
insert into SHOT values (3623, 3988, 4078, 3873, 5.300, 174.13, 31.00, 5.300, 174.13, 31.00, 0.000, 176.79, 0.00);
insert into SHOT values (3624, 4078, 4079, 3873, 5.600, 286.13, 59.00, 5.600, 286.13, 59.00, 0.000, 6.98, 0.00);
insert into SHOT values (3625, 4079, 4080, 3873, 6.000, 89.13, 0.00, 6.000, 89.13, 0.00, 0.000, 181.67, 0.00);
insert into SHOT values (3626, 4080, 4081, 3873, 4.100, 266.13, 35.00, 4.100, 266.13, 35.00, 0.000, 189.64, 0.00);
insert into SHOT values (3627, 4081, 4082, 3873, 2.700, 248.13, 34.00, 2.700, 248.13, 34.00, 0.000, 3.84, -0.00);
insert into SHOT values (3628, 4082, 4083, 3873, 3.500, 44.13, 55.00, 3.500, 44.13, 55.00, 0.000, 3.75, -0.00);
insert into SHOT values (3629, 4083, 4084, 3873, 5.600, 165.13, 43.00, 5.600, 165.13, 43.00, 0.000, 10.52, 0.00);
insert into SHOT values (3630, 4084, 4085, 3873, 3.600, 184.13, 0.00, 3.600, 184.13, 0.00, 0.000, 8.33, 0.00);
insert into SHOT values (3631, 4085, 4086, 3873, 4.000, 76.13, 10.00, 4.000, 76.13, 10.00, 0.000, 20.91, -0.00);
insert into SHOT values (3632, 4086, 4087, 3873, 4.100, 52.13, 30.00, 4.100, 52.13, 30.00, 0.000, 218.35, -0.01);
insert into CENTRELINE values (3874, 3862, NULL, NULL, NULL, 24.50, 0.00, 0.00);
 insert into SHOT values (3633, 4011, 4088, 3874, 0.000, 16.13, 0.00, 0.047, 240.08, 19.14, 0.047, 240.08, 19.14);
insert into SHOT values (3634, 4088, 4089, 3874, 11.400, 193.13, 22.00, 11.696, 195.32, 22.37, 0.509, 253.16, 20.82);
insert into SHOT values (3635, 4089, 4090, 3874, 3.000, 261.13, 32.00, 3.136, 260.74, 31.26, 0.143, 253.51, 15.38);
insert into SHOT values (3636, 4090, 4091, 3874, 3.900, 162.13, 13.00, 3.960, 163.90, 13.37, 0.135, 228.88, 16.58);
insert into SHOT values (3637, 4091, 4068, 3874, 6.200, 160.13, 26.00, 6.264, 162.03, 26.41, 0.201, 239.49, 19.98);
insert into CENTRELINE values (3875, 3862, NULL, NULL, NULL, 107.10, 0.00, 0.00);
 insert into SHOT values (3638, 4092, 4093, 3875, 7.700, 98.13, -24.00, 7.700, 98.13, -24.00, 0.000, 356.13, 0.00);
insert into SHOT values (3639, 4093, 4094, 3875, 9.000, 184.13, 8.00, 9.000, 184.13, 8.00, 0.000, 16.41, 0.00);
insert into SHOT values (3640, 4094, 4095, 3875, 4.200, 106.13, 0.00, 4.200, 106.13, 0.00, 0.000, 212.09, 0.00);
insert into SHOT values (3641, 4093, 4096, 3875, 4.400, 10.13, -10.00, 4.400, 10.13, -10.00, 0.000, 5.75, -0.00);
insert into SHOT values (3642, 4096, 4097, 3875, 14.200, 338.13, 52.00, 14.200, 338.13, 52.00, 0.000, 291.07, -0.00);
insert into SHOT values (3643, 4093, 4098, 3875, 9.800, 44.13, 17.00, 9.800, 44.13, 17.00, 0.000, 181.59, 0.00);
insert into SHOT values (3644, 4098, 4099, 3875, 5.900, 91.13, 0.00, 5.900, 91.13, 0.00, 0.000, 184.33, 0.00);
insert into SHOT values (3645, 4099, 4100, 3875, 3.800, 64.13, 12.00, 3.800, 64.13, 12.00, 0.000, 358.86, 0.00);
insert into SHOT values (3646, 4100, 4101, 3875, 4.800, 114.13, 15.00, 4.800, 114.13, 15.00, 0.000, 221.55, 0.01);
insert into SHOT values (3647, 4101, 4102, 3875, 3.800, 61.13, 30.00, 3.800, 61.13, 30.00, 0.000, 175.02, 0.00);
insert into SHOT values (3648, 4102, 4103, 3875, 4.300, 118.13, 30.00, 4.300, 118.13, 30.00, 0.000, 357.70, 0.00);
insert into SHOT values (3649, 4103, 4104, 3875, 5.500, 150.13, 25.00, 5.500, 150.13, 25.00, 0.000, 186.37, -0.00);
insert into SHOT values (3650, 4100, 4105, 3875, 2.600, 25.13, -43.00, 2.600, 25.13, -43.00, 0.000, 173.63, 0.00);
insert into SHOT values (3651, 4105, 4106, 3875, 6.000, 81.13, 0.00, 6.000, 81.13, 0.00, 0.000, 184.49, 0.00);
insert into SHOT values (3652, 4105, 4107, 3875, 1.700, 292.13, -3.00, 1.700, 292.13, -3.00, 0.000, 176.02, 0.00);
insert into SHOT values (3653, 4107, 4108, 3875, 1.200, 6.13, -25.00, 1.200, 6.13, -25.00, 0.000, 48.43, 0.03);
insert into SHOT values (3654, 4108, 4109, 3875, 3.600, 1.13, -2.00, 3.600, 1.13, -2.00, 0.000, 1.34, 0.00);
insert into SHOT values (3655, 4109, 4110, 3875, 2.100, 42.13, -1.00, 2.100, 42.13, -1.00, 0.000, 176.59, -0.00);
insert into SHOT values (3656, 4110, 4111, 3875, 2.500, 79.13, -1.00, 2.500, 79.13, -1.00, 0.000, 180.31, -0.00);
insert into SHOT values (3657, 4111, 4112, 3875, 10.000, 41.13, -60.00, 10.000, 41.13, -60.00, 0.000, 357.09, 0.00);
insert into CENTRELINE values (3876, 3862, NULL, NULL, NULL, 16.80, 0.00, 0.00);
 insert into SHOT values (3658, 4086, 4113, 3876, 2.500, 277.13, 20.00, 2.500, 277.13, 20.00, 0.000, 177.32, -0.00);
insert into SHOT values (3659, 4113, 4114, 3876, 1.400, 196.13, 48.00, 1.400, 196.13, 48.00, 0.000, 7.41, -0.00);
insert into SHOT values (3660, 4114, 4115, 3876, 5.600, 246.13, 0.00, 5.600, 246.13, 0.00, 0.000, 5.78, 0.00);
insert into SHOT values (3661, 4115, 4093, 3876, 7.300, 214.13, -2.00, 7.300, 214.13, -2.00, 0.000, 189.28, -0.00);
insert into SURVEY values (3878, 3860, 'GrotteFinistere', 'GrotteFinistere.213.UltimaPatagonia', 'Grotte du Finistere');
 insert into CENTRELINE values (3879, 3878, NULL, NULL, NULL, 0.00, 0.00, 0.00);
 insert into CENTRELINE values (3880, 3878, NULL, NULL, NULL, 412.54, 0.00, 0.00);
 insert into SHOT values (3662, 4116, 4117, 3880, 2.740, 39.13, 13.00, 2.740, 39.13, 13.00, 0.000, 193.79, 0.00);
insert into SHOT values (3663, 4117, 4118, 3880, 5.750, 30.13, -25.00, 5.750, 30.13, -25.00, 0.000, 357.67, 0.00);
insert into SHOT values (3664, 4118, 4119, 3880, 4.120, 80.13, -12.00, 4.120, 80.13, -12.00, 0.000, 184.56, 0.00);
insert into SHOT values (3665, 4119, 4120, 3880, 5.620, 98.13, 0.00, 5.620, 98.13, 0.00, 0.000, 0.26, 0.00);
insert into SHOT values (3666, 4120, 4121, 3880, 5.410, 117.13, 1.00, 5.410, 117.13, 1.00, 0.000, 345.87, -0.00);
insert into SHOT values (3667, 4121, 4122, 3880, 1.960, 49.13, -4.00, 1.960, 49.13, -4.00, 0.000, 3.66, 0.00);
insert into SHOT values (3668, 4122, 4123, 3880, 5.050, 140.13, -3.00, 5.050, 140.13, -3.00, 0.000, 177.26, -0.00);
insert into SHOT values (3669, 4123, 4124, 3880, 2.940, 177.13, 12.00, 2.940, 177.13, 12.00, 0.000, 182.97, 0.00);
insert into SHOT values (3670, 4124, 4125, 3880, 6.830, 115.13, 21.00, 6.830, 115.13, 21.00, 0.000, 356.64, 0.00);
insert into SHOT values (3671, 4125, 4126, 3880, 4.650, 39.13, -15.00, 4.650, 39.13, -15.00, 0.000, 174.39, 0.00);
insert into SHOT values (3672, 4126, 4127, 3880, 7.110, 25.13, -19.00, 7.110, 25.13, -19.00, 0.000, 359.50, -0.00);
insert into SHOT values (3673, 4127, 4128, 3880, 5.000, 25.13, -19.00, 5.000, 25.13, -19.00, 0.000, 143.22, 0.00);
insert into SHOT values (3674, 4127, 4129, 3880, 8.400, 178.13, 22.00, 8.400, 178.13, 22.00, 0.000, 358.27, -0.00);
insert into SHOT values (3675, 4129, 4130, 3880, 6.150, 194.13, 25.00, 6.150, 194.13, 25.00, 0.000, 182.99, 0.00);
insert into SHOT values (3676, 4130, 4131, 3880, 12.450, 184.13, 28.00, 12.450, 184.13, 28.00, 0.000, 175.65, -0.00);
insert into SHOT values (3677, 4131, 4132, 3880, 4.990, 132.13, 4.00, 4.990, 132.13, 4.00, 0.000, 9.96, -0.00);
insert into SHOT values (3678, 4132, 4133, 3880, 3.720, 170.13, -5.00, 3.720, 170.13, -5.00, 0.000, 356.76, -0.00);
insert into SHOT values (3679, 4133, 4134, 3880, 6.410, 174.13, 32.00, 6.410, 174.13, 32.00, 0.000, 8.09, 0.00);
insert into SHOT values (3680, 4134, 4135, 3880, 6.010, 252.13, 11.00, 6.010, 252.13, 11.00, 0.000, 190.44, -0.00);
insert into SHOT values (3681, 4135, 4136, 3880, 6.100, 319.13, 4.00, 6.100, 319.13, 4.00, 0.000, 183.55, 0.00);
insert into SHOT values (3682, 4136, 4137, 3880, 5.240, 223.13, 0.00, 5.240, 223.13, 0.00, 0.000, 177.72, 0.00);
insert into SHOT values (3683, 4137, 4138, 3880, 5.330, 247.13, 12.00, 5.330, 247.13, 12.00, 0.000, 5.51, -0.00);
insert into SHOT values (3684, 4138, 4139, 3880, 5.740, 176.13, -3.00, 5.740, 176.13, -3.00, 0.000, 358.55, 0.00);
insert into SHOT values (3685, 4139, 4140, 3880, 7.500, 247.13, 16.00, 7.500, 247.13, 16.00, 0.000, 355.47, -0.00);
insert into SHOT values (3686, 4140, 4141, 3880, 10.810, 324.13, -18.00, 10.810, 324.13, -18.00, 0.000, 4.57, -0.00);
insert into SHOT values (3687, 4140, 4142, 3880, 5.660, 299.13, -9.00, 5.660, 299.13, -9.00, 0.000, 168.92, -0.00);
insert into SHOT values (3688, 4142, 4143, 3880, 15.470, 174.13, 18.00, 15.470, 174.13, 18.00, 0.000, 179.61, 0.00);
insert into SHOT values (3689, 4143, 4144, 3880, 21.860, 173.13, 30.00, 21.860, 173.13, 30.00, 0.000, 2.32, 0.00);
insert into SHOT values (3690, 4144, 4145, 3880, 5.740, 197.13, 12.00, 5.740, 197.13, 12.00, 0.000, 179.15, 0.00);
insert into SHOT values (3691, 4145, 4146, 3880, 12.930, 154.13, 18.00, 12.930, 154.13, 18.00, 0.000, 352.54, -0.00);
insert into SHOT values (3692, 4146, 4147, 3880, 10.170, 144.13, 18.00, 10.170, 144.13, 18.00, 0.000, 359.64, -0.00);
insert into SHOT values (3693, 4147, 4148, 3880, 2.860, 54.13, 10.00, 2.860, 54.13, 10.00, 0.000, 1.30, 0.00);
insert into SHOT values (3694, 4148, 4149, 3880, 8.910, 290.13, 66.00, 8.910, 290.13, 66.00, 0.000, 4.96, -0.00);
insert into SHOT values (3695, 4149, 4150, 3880, 15.000, 145.13, 70.00, 15.000, 145.13, 70.00, 0.000, 86.31, -0.01);
insert into SHOT values (3696, 4146, 4151, 3880, 9.680, 200.13, 38.00, 9.680, 200.13, 38.00, 0.000, 356.74, -0.00);
insert into SHOT values (3697, 4151, 4152, 3880, 1.770, 234.13, 30.00, 1.770, 234.13, 30.00, 0.000, 26.76, 0.00);
insert into SHOT values (3698, 4152, 4153, 3880, 9.860, 210.13, 27.00, 9.860, 210.13, 27.00, 0.000, 181.67, 0.00);
insert into SHOT values (3699, 4153, 4154, 3880, 2.940, 188.13, 29.00, 2.940, 188.13, 29.00, 0.000, 2.53, 0.00);
insert into SHOT values (3700, 4154, 4155, 3880, 5.190, 209.13, 42.00, 5.190, 209.13, 42.00, 0.000, 173.33, -0.00);
insert into SHOT values (3701, 4155, 4156, 3880, 2.750, 196.13, 31.00, 2.750, 196.13, 31.00, 0.000, 2.89, -0.00);
insert into SHOT values (3702, 4156, 4157, 3880, 4.690, 224.13, 39.00, 4.690, 224.13, 39.00, 0.000, 192.04, -0.00);
insert into SHOT values (3703, 4157, 4158, 3880, 3.730, 192.13, 39.00, 3.730, 192.13, 39.00, 0.000, 181.81, -0.00);
insert into SHOT values (3704, 4158, 4159, 3880, 3.950, 218.13, 40.00, 3.950, 218.13, 40.00, 0.000, 193.59, 0.00);
insert into SHOT values (3705, 4159, 4160, 3880, 3.400, 164.13, 28.00, 3.400, 164.13, 28.00, 0.000, 358.99, -0.00);
insert into SHOT values (3706, 4160, 4161, 3880, 6.150, 195.13, 56.00, 6.150, 195.13, 56.00, 0.000, 6.35, 0.00);
insert into SHOT values (3707, 4161, 4162, 3880, 2.840, 137.13, 76.00, 2.840, 137.13, 76.00, 0.000, 356.36, 0.00);
insert into SHOT values (3708, 4156, 4163, 3880, 9.000, 196.13, 40.00, 9.000, 196.13, 40.00, 0.000, 347.37, 0.00);
insert into SHOT values (3709, 4146, 4164, 3880, 10.090, 287.13, -7.00, 10.090, 287.13, -7.00, 0.000, 179.58, 0.00);
insert into SHOT values (3710, 4164, 4165, 3880, 11.230, 19.13, -32.00, 11.230, 19.13, -32.00, 0.000, 0.30, 0.00);
insert into SHOT values (3711, 4165, 4166, 3880, 4.940, 18.13, -28.00, 4.940, 18.13, -28.00, 0.000, 353.71, 0.00);
insert into SHOT values (3712, 4166, 4167, 3880, 9.500, 34.13, -21.00, 9.500, 34.13, -21.00, 0.000, 198.27, -0.00);
insert into SHOT values (3713, 4167, 4168, 3880, 6.000, 349.13, 0.00, 6.000, 349.13, 0.00, 0.000, 5.41, 0.00);
insert into SHOT values (3714, 4163, 4169, 3880, 6.940, 158.13, 50.00, 6.940, 158.13, 50.00, 0.000, 183.83, -0.00);
insert into SHOT values (3715, 4169, 4170, 3880, 4.700, 113.13, 38.00, 4.700, 113.13, 38.00, 0.000, 358.14, -0.00);
insert into SHOT values (3716, 4170, 4171, 3880, 5.150, 150.13, 52.00, 5.150, 150.13, 52.00, 0.000, 179.54, 0.00);
insert into SHOT values (3717, 4171, 4172, 3880, 5.700, 215.13, 42.00, 5.700, 215.13, 42.00, 0.000, 357.72, -0.00);
insert into SHOT values (3718, 4172, 4173, 3880, 4.900, 248.13, 40.00, 4.900, 248.13, 40.00, 0.000, 355.98, -0.00);
insert into SHOT values (3719, 4173, 4174, 3880, 4.890, 215.13, 40.00, 4.890, 215.13, 40.00, 0.000, 0.08, -0.00);
insert into SHOT values (3720, 4174, 4175, 3880, 2.480, 291.13, 0.00, 2.480, 291.13, 0.00, 0.000, 1.82, 0.00);
insert into SHOT values (3721, 4175, 4176, 3880, 6.200, 184.13, 38.00, 6.200, 184.13, 38.00, 0.000, 178.46, -0.00);
insert into SHOT values (3722, 4176, 4177, 3880, 4.900, 215.13, 47.00, 4.900, 215.13, 47.00, 0.000, 176.75, 0.00);
insert into SHOT values (3723, 4177, 4178, 3880, 4.700, 203.13, 36.00, 4.700, 203.13, 36.00, 0.000, 199.94, -0.00);
insert into SHOT values (3724, 4178, 4179, 3880, 3.960, 232.13, 36.00, 3.960, 232.13, 36.00, 0.000, 5.64, -0.01);
insert into SHOT values (3725, 4179, 4180, 3880, 5.680, 184.13, 55.00, 5.680, 184.13, 55.00, 0.000, 7.01, 0.05);
insert into CENTRELINE values (3881, 3878, NULL, NULL, NULL, 449.80, 0.00, 0.00);
 insert into SHOT values (3726, 4181, 4182, 3881, 3.000, 71.13, -10.00, 3.000, 71.13, -10.00, 0.000, 179.38, -0.00);
insert into SHOT values (3727, 4182, 4183, 3881, 4.000, 22.13, -2.00, 4.000, 22.13, -2.00, 0.000, 20.93, 0.00);
insert into SHOT values (3728, 4183, 4184, 3881, 4.000, 306.13, -11.00, 4.000, 306.13, -11.00, 0.000, 351.75, 0.00);
insert into SHOT values (3729, 4184, 4185, 3881, 3.000, 346.13, -21.00, 3.000, 346.13, -21.00, 0.000, 4.00, -0.00);
insert into SHOT values (3730, 4185, 4186, 3881, 2.000, 327.13, -12.00, 2.000, 327.13, -12.00, 0.000, 7.21, 0.00);
insert into SHOT values (3731, 4186, 4187, 3881, 7.000, 320.13, -22.00, 7.000, 320.13, -22.00, 0.000, 178.24, -0.00);
insert into SHOT values (3732, 4187, 4188, 3881, 4.000, 325.13, -19.00, 4.000, 325.13, -19.00, 0.000, 172.67, 0.00);
insert into SHOT values (3733, 4188, 4189, 3881, 2.000, 30.13, 5.00, 2.000, 30.13, 5.00, 0.000, 7.07, -0.00);
insert into SHOT values (3734, 4189, 4190, 3881, 3.000, 27.13, -14.00, 3.000, 27.13, -14.00, 0.000, 351.45, -0.00);
insert into SHOT values (3735, 4190, 4191, 3881, 3.000, 71.13, 30.00, 3.000, 71.13, 30.00, 0.000, 181.29, -0.00);
insert into SHOT values (3736, 4191, 4192, 3881, 7.000, 25.13, 29.00, 7.000, 25.13, 29.00, 0.000, 179.42, 0.00);
insert into SHOT values (3737, 4192, 4193, 3881, 2.000, 65.13, -24.00, 2.000, 65.13, -24.00, 0.000, 181.63, 0.00);
insert into SHOT values (3738, 4193, 4194, 3881, 8.000, 22.13, -30.00, 8.000, 22.13, -30.00, 0.000, 180.18, 0.00);
insert into SHOT values (3739, 4194, 4195, 3881, 15.000, 131.13, 0.00, 15.000, 131.13, 0.00, 0.000, 225.99, 0.00);
insert into SHOT values (3740, 4188, 4196, 3881, 7.000, 181.13, 34.00, 7.000, 181.13, 34.00, 0.000, 174.23, -0.00);
insert into SHOT values (3741, 4196, 4197, 3881, 10.000, 211.13, 0.00, 10.000, 211.13, 0.00, 0.000, 177.99, 0.00);
insert into SHOT values (3742, 4197, 4198, 3881, 10.000, 256.13, 22.00, 10.000, 256.13, 22.00, 0.000, 357.97, -0.00);
insert into SHOT values (3743, 4198, 4199, 3881, 5.000, 154.13, 12.00, 5.000, 154.13, 12.00, 0.000, 3.68, -0.00);
insert into SHOT values (3744, 4199, 4200, 3881, 9.000, 115.13, 12.00, 9.000, 115.13, 12.00, 0.000, 178.58, -0.00);
insert into SHOT values (3745, 4200, 4201, 3881, 7.000, 138.13, 0.00, 7.000, 138.13, 0.00, 0.000, 183.49, 0.00);
insert into SHOT values (3746, 4201, 4202, 3881, 3.800, 71.13, 7.00, 3.800, 71.13, 7.00, 0.000, 4.14, -0.00);
insert into SHOT values (3747, 4202, 4203, 3881, 4.000, 185.13, 6.00, 4.000, 185.13, 6.00, 0.000, 168.57, 0.00);
insert into SHOT values (3748, 4203, 4204, 3881, 6.000, 188.13, 15.00, 6.000, 188.13, 15.00, 0.000, 357.60, -0.00);
insert into SHOT values (3749, 4204, 4205, 3881, 7.000, 120.13, 0.00, 7.000, 120.13, 0.00, 0.000, 182.79, 0.00);
insert into SHOT values (3750, 4205, 4206, 3881, 3.000, 242.13, 34.00, 3.000, 242.13, 34.00, 0.000, 358.35, -0.00);
insert into SHOT values (3751, 4206, 4207, 3881, 3.000, 181.13, 25.00, 3.000, 181.13, 25.00, 0.000, 174.07, -0.00);
insert into SHOT values (3752, 4197, 4208, 3881, 13.000, 337.13, -15.00, 13.000, 337.13, -15.00, 0.000, 197.83, -0.00);
insert into SHOT values (3753, 4208, 4209, 3881, 6.000, 187.13, 8.00, 6.000, 187.13, 8.00, 0.000, 0.47, 0.00);
insert into SHOT values (3754, 4208, 4210, 3881, 8.000, 205.13, 24.00, 7.534, 205.98, 24.01, 0.477, 11.78, -23.27);
insert into SHOT values (3755, 4210, 4211, 3881, 9.000, 287.13, -30.00, 9.217, 291.59, -30.77, 0.660, 7.77, -19.10);
insert into SHOT values (3756, 4211, 4212, 3881, 5.000, 327.13, -35.00, 5.252, 329.84, -34.46, 0.325, 8.79, -18.66);
insert into SHOT values (3757, 4212, 4213, 3881, 4.000, 16.13, -19.00, 4.326, 15.39, -18.60, 0.331, 6.57, -13.57);
insert into SHOT values (3758, 4213, 4214, 3881, 4.000, 135.13, 5.00, 3.841, 131.75, 4.11, 0.286, 9.86, -14.79);
insert into SHOT values (3759, 4214, 4215, 3881, 4.000, 59.13, 3.00, 4.170, 56.65, 1.87, 0.258, 12.32, -16.40);
insert into SHOT values (3760, 4215, 4208, 3881, 9.000, 133.13, 40.00, 8.653, 129.09, 40.25, 0.591, 9.80, -19.24);
insert into SHOT values (3761, 4213, 4216, 3881, 4.000, 317.13, -20.00, 4.000, 317.13, -20.00, 0.000, 354.88, 0.00);
insert into SHOT values (3762, 4216, 4217, 3881, 5.000, 59.13, -17.00, 5.000, 59.13, -17.00, 0.000, 179.80, 0.00);
insert into SHOT values (3763, 4216, 4218, 3881, 19.000, 276.13, 0.00, 19.000, 276.13, 0.00, 0.000, 225.88, 0.00);
insert into SHOT values (3764, 4218, 4219, 3881, 6.000, 284.13, -23.00, 6.000, 284.13, -23.00, 0.000, 182.53, -0.00);
insert into SHOT values (3765, 4219, 4220, 3881, 7.000, 282.13, -24.00, 7.000, 282.13, -24.00, 0.000, 188.65, 0.00);
insert into SHOT values (3766, 4220, 4221, 3881, 10.000, 325.13, -6.00, 10.000, 325.13, -6.00, 0.000, 350.22, 0.00);
insert into SHOT values (3767, 4221, 4222, 3881, 15.000, 275.13, -8.00, 14.945, 271.13, -4.74, 1.345, 185.33, 39.29);
insert into SHOT values (3768, 4222, 4223, 3881, 8.000, 175.13, 17.00, 8.000, 175.13, 17.00, 0.000, 17.33, -0.00);
insert into SHOT values (3769, 4223, 4224, 3881, 1.000, 16.13, -90.00, 1.000, 90.00, -90.00, 0.000, 16.13, 0.00);
insert into SHOT values (3770, 4224, 4225, 3881, 7.000, 177.13, 24.00, 7.000, 177.13, 24.00, 0.000, 345.79, -0.00);
insert into SHOT values (3771, 4222, 4226, 3881, 5.000, 312.13, -34.00, 4.878, 309.75, -32.98, 0.228, 203.60, 38.10);
insert into SHOT values (3772, 4226, 4227, 3881, 12.000, 288.13, -33.00, 11.763, 284.72, -31.17, 0.748, 196.53, 36.70);
insert into SHOT values (3773, 4227, 4228, 3881, 22.000, 335.13, -20.00, 21.135, 332.22, -16.22, 1.965, 223.72, 55.60);
insert into SHOT values (3774, 4228, 4229, 3881, 4.000, 151.13, -10.00, 4.111, 153.05, -8.31, 0.211, 198.18, 28.44);
insert into SHOT values (3775, 4229, 4230, 3881, 4.000, 53.13, -5.00, 3.848, 54.25, -3.72, 0.191, 205.89, 31.29);
insert into SHOT values (3776, 4230, 4231, 3881, 2.000, 112.13, 4.00, 1.970, 115.26, 5.67, 0.126, 221.47, 26.04);
insert into SHOT values (3777, 4231, 4232, 3881, 1.000, 147.13, 25.00, 1.117, 153.11, 25.85, 0.155, 195.30, 24.68);
insert into SHOT values (3778, 4232, 4233, 3881, 7.000, 142.13, 20.00, 7.189, 144.02, 21.26, 0.329, 203.91, 40.35);
insert into SHOT values (3779, 4233, 4234, 3881, 7.000, 72.13, 7.00, 6.873, 73.99, 8.97, 0.350, 198.49, 38.67);
insert into SHOT values (3780, 4234, 4235, 3881, 7.000, 112.13, 27.00, 7.103, 114.52, 28.46, 0.333, 201.68, 38.57);
insert into SHOT values (3781, 4235, 4236, 3881, 3.000, 143.13, 4.00, 3.102, 145.68, 5.23, 0.181, 198.99, 23.93);
insert into SHOT values (3782, 4236, 4237, 3881, 4.000, 41.13, 32.00, 3.768, 34.33, 32.66, 0.455, 278.34, -10.87);
insert into SHOT values (3783, 4237, 4238, 3881, 3.000, 95.13, 4.00, 2.382, 95.52, 3.73, 0.618, 273.64, -5.05);
insert into SHOT values (3784, 4238, 4239, 3881, 12.000, 127.13, 18.00, 10.781, 130.52, 17.92, 1.377, 279.83, -16.52);
insert into SHOT values (3785, 4239, 4240, 3881, 3.000, 138.13, 5.00, 3.081, 140.78, 6.25, 0.175, 201.37, 24.98);
insert into SHOT values (3786, 4240, 4241, 3881, 5.000, 199.13, -5.00, 5.194, 199.17, -3.35, 0.243, 199.94, 32.93);
insert into SHOT values (3787, 4241, 4221, 3881, 3.000, 16.13, 90.00, 3.161, 203.00, 88.64, 0.177, 203.00, 65.00);
insert into SHOT values (3788, 4239, 4242, 3881, 1.000, 340.13, -10.00, 1.164, 331.09, -10.33, 0.234, 289.21, -8.58);
insert into SHOT values (3789, 4242, 4243, 3881, 11.000, 231.13, 5.00, 11.754, 235.27, 2.94, 1.186, 279.62, -17.46);
insert into SHOT values (3790, 4243, 4244, 3881, 4.000, 282.13, -47.00, 4.407, 281.12, -43.31, 0.491, 275.36, -11.44);
insert into SHOT values (3791, 4244, 4236, 3881, 10.000, 17.13, -15.00, 9.872, 8.50, -16.94, 1.483, 274.29, -11.22);
insert into SHOT values (3792, 4228, 4245, 3881, 5.000, 268.13, -5.00, 5.000, 268.13, -5.00, 0.000, 359.47, 0.00);
insert into SHOT values (3793, 4245, 4246, 3881, 7.000, 213.13, 0.00, 7.000, 213.13, 0.00, 0.000, 0.58, 0.00);
insert into SHOT values (3794, 4246, 4247, 3881, 3.000, 251.13, -24.00, 3.000, 251.13, -24.00, 0.000, 355.16, -0.00);
insert into SHOT values (3795, 4247, 4248, 3881, 4.000, 200.13, 24.00, 4.000, 200.13, 24.00, 0.000, 3.51, 0.00);
insert into SHOT values (3796, 4248, 4249, 3881, 6.000, 221.13, 41.00, 6.000, 221.13, 41.00, 0.000, 357.50, 0.00);
insert into SHOT values (3797, 4249, 4250, 3881, 3.000, 357.13, -25.00, 3.000, 357.13, -25.00, 0.000, 146.78, -0.00);
insert into SHOT values (3798, 4250, 4251, 3881, 2.000, 255.13, 0.00, 2.000, 255.13, 0.00, 0.000, 17.98, 0.00);
insert into SHOT values (3799, 4251, 4252, 3881, 4.000, 222.13, 0.00, 4.000, 222.13, 0.00, 0.000, 1.89, 0.00);
insert into CENTRELINE values (3882, 3878, NULL, NULL, NULL, 222.40, 0.00, 0.00);
 insert into SHOT values (3800, 4247, 4253, 3882, 0.000, 16.13, 0.00, 0.000, 90.00, 0.00, 0.000, 90.00, 0.00);
insert into SHOT values (3801, 4253, 4254, 3882, 2.540, 343.13, -33.00, 2.540, 343.13, -33.00, 0.000, 4.04, -0.00);
insert into SHOT values (3802, 4254, 4255, 3882, 2.050, 277.13, -21.00, 2.050, 277.13, -21.00, 0.000, 175.94, -0.00);
insert into SHOT values (3803, 4255, 4256, 3882, 7.360, 354.13, -29.00, 7.360, 354.13, -29.00, 0.000, 356.66, 0.00);
insert into SHOT values (3804, 4256, 4257, 3882, 4.060, 328.13, -14.00, 4.060, 328.13, -14.00, 0.000, 356.18, -0.00);
insert into SHOT values (3805, 4257, 4258, 3882, 2.980, 39.13, -5.00, 2.980, 39.13, -5.00, 0.000, 271.55, -0.00);
insert into SHOT values (3806, 4258, 4259, 3882, 5.190, 348.13, -12.00, 5.190, 348.13, -12.00, 0.000, 343.58, 0.00);
insert into SHOT values (3807, 4259, 4260, 3882, 5.870, 279.13, -7.00, 5.870, 279.13, -7.00, 0.000, 359.77, 0.00);
insert into SHOT values (3808, 4260, 4261, 3882, 4.820, 241.13, -11.00, 4.820, 241.13, -11.00, 0.000, 3.54, -0.00);
insert into SHOT values (3809, 4261, 4262, 3882, 3.390, 216.13, 19.00, 3.390, 216.13, 19.00, 0.000, 181.19, -0.00);
insert into SHOT values (3810, 4262, 4263, 3882, 4.020, 310.13, -13.00, 4.020, 310.13, -13.00, 0.000, 176.20, 0.00);
insert into SHOT values (3811, 4263, 4264, 3882, 6.480, 349.13, -19.00, 6.480, 349.13, -19.00, 0.000, 0.24, -0.00);
insert into SHOT values (3812, 4264, 4265, 3882, 9.400, 5.13, -10.00, 9.400, 5.13, -10.00, 0.000, 358.40, 0.00);
insert into SHOT values (3813, 4265, 4266, 3882, 23.310, 16.13, -29.00, 23.310, 16.13, -29.00, 0.000, 172.75, 0.00);
insert into SHOT values (3814, 4265, 4267, 3882, 12.300, 354.13, -37.00, 12.300, 354.13, -37.00, 0.000, 184.40, 0.00);
insert into SHOT values (3815, 4267, 4268, 3882, 10.460, 346.13, -3.00, 10.460, 346.13, -3.00, 0.000, 356.19, 0.00);
insert into SHOT values (3816, 4268, 4269, 3882, 9.300, 24.13, -20.00, 9.300, 24.13, -20.00, 0.000, 175.81, 0.00);
insert into SHOT values (3817, 4269, 4270, 3882, 11.330, 273.13, -15.00, 11.330, 273.13, -15.00, 0.000, 358.90, 0.00);
insert into SHOT values (3818, 4265, 4271, 3882, 11.750, 196.13, 19.00, 11.750, 196.13, 19.00, 0.000, 182.84, -0.00);
insert into SHOT values (3819, 4271, 4272, 3882, 3.950, 163.13, 8.00, 3.950, 163.13, 8.00, 0.000, 181.57, 0.00);
insert into SHOT values (3820, 4272, 4273, 3882, 3.930, 35.13, 0.00, 3.930, 35.13, 0.00, 0.000, 174.14, 0.00);
insert into SHOT values (3821, 4273, 4274, 3882, 4.170, 43.13, -20.00, 4.170, 43.13, -20.00, 0.000, 12.25, 0.00);
insert into SHOT values (3822, 4252, 4275, 3882, 0.000, 16.13, 0.00, 0.000, 90.00, 0.00, 0.000, 90.00, 0.00);
insert into SHOT values (3823, 4275, 4276, 3882, 8.340, 315.13, -46.00, 8.340, 315.13, -46.00, 0.000, 173.21, -0.00);
insert into SHOT values (3824, 4276, 4277, 3882, 4.490, 190.13, 10.00, 4.490, 190.13, 10.00, 0.000, 184.82, 0.00);
insert into SHOT values (3825, 4277, 4278, 3882, 3.180, 86.13, 9.00, 3.180, 86.13, 9.00, 0.000, 6.04, 0.00);
insert into SHOT values (3826, 4278, 4279, 3882, 5.990, 169.13, 18.00, 5.990, 169.13, 18.00, 0.000, 358.03, 0.00);
insert into SHOT values (3827, 4279, 4280, 3882, 3.070, 210.13, 42.00, 3.070, 210.13, 42.00, 0.000, 180.73, -0.00);
insert into SHOT values (3828, 4278, 4281, 3882, 4.730, 255.13, 68.00, 4.730, 255.13, 68.00, 0.000, 178.89, 0.00);
insert into SHOT values (3829, 4281, 4282, 3882, 3.950, 151.13, 67.00, 3.950, 151.13, 67.00, 0.000, 2.31, -0.00);
insert into SHOT values (3830, 4282, 4283, 3882, 4.570, 181.13, 8.00, 4.570, 181.13, 8.00, 0.000, 186.73, -0.00);
insert into SHOT values (3831, 4283, 4284, 3882, 4.840, 172.13, 18.00, 4.840, 172.13, 18.00, 0.000, 3.56, -0.00);
insert into SHOT values (3832, 4284, 4285, 3882, 4.150, 158.13, 7.00, 4.150, 158.13, 7.00, 0.000, 354.59, 0.00);
insert into SHOT values (3833, 4285, 4286, 3882, 3.160, 168.13, 23.00, 3.160, 168.13, 23.00, 0.000, 351.19, -0.00);
insert into SHOT values (3834, 4286, 4128, 3882, 1.300, 88.13, 43.00, 1.300, 88.13, 43.00, 0.000, 184.06, 0.00);
insert into SHOT values (3835, 4281, 4282, 3882, 3.950, 151.13, 67.00, 3.950, 151.13, 67.00, 0.000, 2.31, -0.00);
insert into SHOT values (3836, 4282, 4283, 3882, 4.570, 181.13, 8.00, 4.570, 181.13, 8.00, 0.000, 186.73, -0.00);
insert into SHOT values (3837, 4283, 4284, 3882, 4.840, 172.13, 18.00, 4.840, 172.13, 18.00, 0.000, 3.56, -0.00);
insert into SHOT values (3838, 4284, 4285, 3882, 4.150, 158.13, 7.00, 4.150, 158.13, 7.00, 0.000, 354.59, 0.00);
insert into SHOT values (3839, 4285, 4286, 3882, 3.160, 168.13, 23.00, 3.160, 168.13, 23.00, 0.000, 351.19, -0.00);
insert into SHOT values (3840, 4286, 4128, 3882, 1.300, 88.13, 43.00, 1.300, 88.13, 43.00, 0.000, 184.06, 0.00);
insert into SURVEY values (3884, 3860, 'PerteGlaciaire', 'PerteGlaciaire.213.UltimaPatagonia', 'PerteGlaciaire');
 insert into CENTRELINE values (3885, 3884, NULL, NULL, NULL, 0.00, 0.00, 0.00);
 insert into CENTRELINE values (3886, 3884, NULL, '2006-02-01', NULL, 165.78, 0.00, 0.00);
 insert into SHOT values (3841, 4287, 4288, 3886, 18.000, 222.69, 39.00, 18.000, 222.69, 39.00, 0.000, 2.12, -0.00);
insert into SHOT values (3842, 4288, 4289, 3886, 14.400, 113.69, -21.00, 14.400, 113.69, -21.00, 0.000, 356.57, 0.00);
insert into SHOT values (3843, 4289, 4290, 3886, 17.470, 62.69, -20.00, 17.470, 62.69, -20.00, 0.000, 188.82, 0.00);
insert into SHOT values (3844, 4290, 4291, 3886, 10.730, 95.69, 35.00, 10.730, 95.69, 35.00, 0.000, 175.64, -0.00);
insert into SHOT values (3845, 4291, 4292, 3886, 18.130, 157.69, 10.00, 18.130, 157.69, 10.00, 0.000, 176.49, -0.00);
insert into SHOT values (3846, 4292, 4293, 3886, 6.000, 141.69, -60.00, 6.000, 141.69, -60.00, 0.000, 175.00, -0.00);
insert into SHOT values (3847, 4293, 4294, 3886, 11.000, 127.69, 9.00, 11.000, 127.69, 9.00, 0.000, 148.95, -0.01);
insert into SHOT values (3848, 4294, 4295, 3886, 9.800, 172.69, 17.00, 9.800, 172.69, 17.00, 0.000, 1.70, 0.00);
insert into SHOT values (3849, 4295, 4296, 3886, 23.000, 232.69, 34.00, 23.000, 232.69, 34.00, 0.000, 357.56, -0.00);
insert into SHOT values (3850, 4296, 4297, 3886, 4.710, 190.69, 20.00, 4.710, 190.69, 20.00, 0.000, 357.33, -0.00);
insert into SHOT values (3851, 4292, 4298, 3886, 11.540, 247.69, 44.00, 11.540, 247.69, 44.00, 0.000, 180.91, -0.00);
insert into SHOT values (3852, 4298, 4299, 3886, 21.000, 247.69, 44.00, 21.000, 247.69, 44.00, 0.000, 345.60, -0.01);
insert into CENTRELINE values (3888, 3860, NULL, NULL, NULL, 0.00, 0.00, 0.00);
 insert into SURVEY values (3890, 22, '303', '303.UltimaPatagonia', '303 Avenir');
 insert into CENTRELINE values (3891, 3890, NULL, NULL, NULL, 0.00, 0.00, 0.00);
 insert into SURVEY values (3892, 3890, 'PerteDesPortesDAbraham', 'PerteDesPortesDAbraham.303.UltimaPatagonia', 'Perte Des Portes D''Abraham');
 insert into CENTRELINE values (3893, 3892, NULL, NULL, NULL, 0.00, 0.00, 0.00);
 insert into CENTRELINE values (3894, 3892, NULL, '2014-02-01', NULL, 482.98, 0.00, 0.00);
 insert into SHOT values (3853, 4303, 4304, 3894, 6.100, 15.10, -90.00, 6.100, 90.00, -90.00, 0.000, 15.10, 14.05);
insert into SHOT values (3854, 4304, 4305, 3894, 3.600, 49.10, -37.00, 3.600, 49.10, -37.00, 0.000, 359.45, 0.00);
insert into SHOT values (3855, 4305, 4306, 3894, 8.470, 72.10, -33.00, 8.470, 72.10, -33.00, 0.000, 3.00, 0.00);
insert into SHOT values (3856, 4306, 4307, 3894, 7.050, 24.10, -8.00, 7.050, 24.10, -8.00, 0.000, 173.40, 0.00);
insert into SHOT values (3857, 4307, 4308, 3894, 12.430, 271.10, 42.00, 12.430, 271.10, 42.00, 0.000, 148.73, -0.01);
insert into SHOT values (3858, 4307, 4309, 3894, 12.200, 54.10, -47.00, 12.200, 54.10, -47.00, 0.000, 185.89, -0.00);
insert into SHOT values (3859, 4309, 4310, 3894, 6.390, 117.10, -15.00, 6.390, 117.10, -15.00, 0.000, 217.23, 0.00);
insert into SHOT values (3860, 4310, 4311, 3894, 2.940, 81.10, -21.00, 2.940, 81.10, -21.00, 0.000, 178.15, 0.00);
insert into SHOT values (3861, 4309, 4312, 3894, 6.580, 359.10, 54.00, 6.580, 359.10, 54.00, 0.000, 26.32, -0.03);
insert into SHOT values (3862, 4312, 4313, 3894, 2.000, 5.10, -3.00, 2.000, 5.10, -3.00, 0.000, 204.69, 0.00);
insert into SHOT values (3863, 4313, 4314, 3894, 1.620, 332.10, -22.00, 1.620, 332.10, -22.00, 0.000, 179.45, -0.00);
insert into SHOT values (3864, 4314, 4315, 3894, 8.690, 55.10, -76.00, 8.690, 55.10, -76.00, 0.000, 180.61, 0.00);
insert into SHOT values (3865, 4314, 4316, 3894, 25.040, 260.10, 81.00, 25.040, 260.10, 81.00, 0.000, 359.55, 0.00);
insert into SHOT values (3866, 4316, 4317, 3894, 3.770, 254.10, 10.00, 3.770, 254.10, 10.00, 0.000, 188.88, 0.00);
insert into SHOT values (3867, 4317, 4318, 3894, 4.200, 232.10, 39.00, 4.200, 232.10, 39.00, 0.000, 184.68, 0.00);
insert into SHOT values (3868, 4318, 4319, 3894, 5.600, 277.10, -22.00, 5.600, 277.10, -22.00, 0.000, 3.05, 0.00);
insert into SHOT values (3869, 4319, 4320, 3894, 2.900, 265.10, 1.00, 2.900, 265.10, 1.00, 0.000, 176.71, -0.01);
insert into SHOT values (3870, 4320, 4321, 3894, 3.300, 265.10, 1.00, 3.300, 265.10, 1.00, 0.000, 349.25, -0.00);
insert into SHOT values (3871, 4320, 4322, 3894, 6.800, 215.10, 59.00, 6.800, 215.10, 59.00, 0.000, 177.19, 0.00);
insert into SHOT values (3872, 4322, 4323, 3894, 6.900, 255.10, 0.00, 6.900, 255.10, 0.00, 0.000, 1.11, 0.00);
insert into SHOT values (3873, 4322, 4324, 3894, 9.900, 206.10, 52.00, 9.900, 206.10, 52.00, 0.000, 353.57, -0.00);
insert into SHOT values (3874, 4324, 4325, 3894, 8.600, 222.10, 33.00, 8.600, 222.10, 33.00, 0.000, 280.93, 0.02);
insert into SHOT values (3875, 4325, 4326, 3894, 4.400, 246.10, 65.00, 4.400, 246.10, 65.00, 0.000, 198.43, -0.00);
insert into SHOT values (3876, 4326, 4327, 3894, 3.000, 151.10, 24.00, 3.000, 151.10, 24.00, 0.000, 357.28, 0.00);
insert into SHOT values (3877, 4327, 4328, 3894, 7.500, 194.10, 0.00, 7.500, 194.10, 0.00, 0.000, 355.70, 0.00);
insert into SHOT values (3878, 4327, 4329, 3894, 3.600, 192.10, 48.00, 3.600, 192.10, 48.00, 0.000, 348.61, 0.00);
insert into SHOT values (3879, 4329, 4330, 3894, 2.800, 225.10, 42.00, 2.800, 225.10, 42.00, 0.000, 200.10, 0.00);
insert into SHOT values (3880, 4330, 4331, 3894, 0.000, 15.10, 0.00, 0.000, 90.00, 0.00, 0.000, 90.00, 0.00);
insert into SHOT values (3881, 4331, 4332, 3894, 2.200, 268.10, 41.00, 2.200, 268.10, 41.00, 0.000, 182.86, 0.00);
insert into SHOT values (3882, 4332, 4333, 3894, 4.200, 340.10, 29.00, 4.200, 340.10, 29.00, 0.000, 3.79, -0.00);
insert into SHOT values (3883, 4333, 4334, 3894, 4.500, 219.10, 51.00, 4.500, 219.10, 51.00, 0.000, 359.77, -0.00);
insert into SHOT values (3884, 4334, 4335, 3894, 5.300, 287.10, 52.00, 5.300, 287.10, 52.00, 0.000, 357.68, -0.00);
insert into SHOT values (3885, 4335, 4336, 3894, 2.700, 337.10, 45.00, 2.700, 337.10, 45.00, 0.000, 184.40, -0.01);
insert into SHOT values (3886, 4336, 4337, 3894, 14.000, 318.10, -5.00, 14.000, 318.10, -5.00, 0.000, 195.60, -0.00);
insert into SHOT values (3887, 4337, 4338, 3894, 15.000, 261.10, 0.00, 15.000, 261.10, 0.00, 0.000, 180.72, 0.00);
insert into SHOT values (3888, 4338, 4339, 3894, 11.000, 279.10, -10.00, 11.000, 279.10, -10.00, 0.000, 24.10, -0.00);
insert into SHOT values (3889, 4339, 4340, 3894, 11.000, 251.10, 13.00, 11.000, 251.10, 13.00, 0.000, 179.65, 0.00);
insert into SHOT values (3890, 4340, 4341, 3894, 7.500, 212.10, 20.00, 7.500, 212.10, 20.00, 0.000, 181.10, -0.00);
insert into SHOT values (3891, 4341, 4342, 3894, 7.700, 237.10, 9.00, 7.700, 237.10, 9.00, 0.000, 189.65, -0.00);
insert into SHOT values (3892, 4342, 4343, 3894, 5.600, 201.10, 36.00, 5.600, 201.10, 36.00, 0.000, 5.00, 0.00);
insert into SHOT values (3893, 4343, 4344, 3894, 7.200, 250.10, 1.00, 7.200, 250.10, 1.00, 0.000, 146.04, -0.01);
insert into SHOT values (3894, 4344, 4345, 3894, 8.700, 218.10, 19.00, 8.700, 218.10, 19.00, 0.000, 175.23, -0.00);
insert into SHOT values (3895, 4345, 4346, 3894, 4.300, 101.10, 39.00, 4.300, 101.10, 39.00, 0.000, 0.95, -0.00);
insert into SHOT values (3896, 4346, 4347, 3894, 10.900, 233.10, 34.00, 10.900, 233.10, 34.00, 0.000, 183.52, -0.00);
insert into SHOT values (3897, 4347, 4348, 3894, 3.000, 15.10, 90.00, 3.000, 90.00, 90.00, 0.000, 15.10, 0.00);
insert into SHOT values (3898, 4316, 4349, 3894, 0.000, 15.10, 0.00, 0.000, 90.00, 0.00, 0.000, 90.00, 0.00);
insert into SHOT values (3899, 4349, 4350, 3894, 9.200, 15.10, -90.00, 9.200, 90.00, -90.00, 0.000, 15.10, -6.31);
insert into SHOT values (3900, 4350, 4351, 3894, 9.300, 48.10, 3.00, 9.300, 48.10, 3.00, 0.000, 357.94, -0.00);
insert into SHOT values (3901, 4351, 4352, 3894, 10.500, 295.10, -53.00, 10.500, 295.10, -53.00, 0.000, 151.05, -0.01);
insert into SHOT values (3902, 4352, 4353, 3894, 7.300, 307.10, -66.00, 7.300, 307.10, -66.00, 0.000, 177.32, 0.00);
insert into SHOT values (3903, 4353, 4354, 3894, 20.000, 36.10, -75.00, 20.000, 36.10, -75.00, 0.000, 356.49, 0.00);
insert into SHOT values (3904, 4354, 4355, 3894, 11.200, 55.10, -34.00, 11.200, 55.10, -34.00, 0.000, 180.13, 0.00);
insert into SHOT values (3905, 4354, 4356, 3894, 7.200, 230.10, 12.00, 7.200, 230.10, 12.00, 0.000, 179.36, -0.00);
insert into SHOT values (3906, 4353, 4357, 3894, 5.200, 310.10, -53.00, 5.200, 310.10, -53.00, 0.000, 183.42, 0.00);
insert into SHOT values (3907, 4357, 4358, 3894, 8.500, 255.10, -30.00, 8.500, 255.10, -30.00, 0.000, 5.98, -0.00);
insert into SHOT values (3908, 4358, 4359, 3894, 8.000, 305.10, -60.00, 8.000, 305.10, -60.00, 0.000, 184.20, -0.00);
insert into SHOT values (3909, 4359, 4360, 3894, 2.100, 255.10, -81.00, 2.100, 255.10, -81.00, 0.000, 179.46, 0.00);
insert into SHOT values (3910, 4360, 4361, 3894, 4.300, 285.10, -33.00, 4.300, 285.10, -33.00, 0.000, 178.68, -0.00);
insert into SHOT values (3911, 4361, 4362, 3894, 6.200, 235.10, -36.00, 6.200, 235.10, -36.00, 0.000, 179.67, -0.00);
insert into SHOT values (3912, 4362, 4363, 3894, 10.700, 87.10, -66.00, 10.700, 87.10, -66.00, 0.000, 162.49, 0.01);
insert into SHOT values (3913, 4364, 4365, 3894, 7.000, 205.10, -14.00, 7.000, 205.10, -14.00, 0.000, 357.53, 0.00);
insert into SHOT values (3914, 4365, 4366, 3894, 1.400, 200.10, -38.00, 1.400, 200.10, -38.00, 0.000, 180.54, -0.00);
insert into SHOT values (3915, 4366, 4367, 3894, 5.700, 95.10, -56.00, 5.700, 95.10, -56.00, 0.000, 183.93, 0.00);
insert into SHOT values (3916, 4363, 4364, 3894, 8.500, 350.10, -65.00, 8.500, 350.10, -65.00, 0.000, 175.44, 0.00);
insert into SHOT values (3917, 4364, 4368, 3894, 5.500, 285.10, 5.00, 5.500, 285.10, 5.00, 0.000, 165.48, 0.00);
insert into SHOT values (3918, 4368, 4369, 3894, 1.900, 290.10, 12.00, 1.900, 290.10, 12.00, 0.000, 359.35, 0.00);
insert into SHOT values (3919, 4369, 4370, 3894, 4.100, 275.10, 21.00, 4.100, 275.10, 21.00, 0.000, 173.99, 0.00);
insert into SHOT values (3920, 4370, 4371, 3894, 2.900, 245.10, 35.00, 2.900, 245.10, 35.00, 0.000, 179.77, 0.00);
insert into SHOT values (3921, 4371, 4372, 3894, 4.700, 250.10, 33.00, 4.700, 250.10, 33.00, 0.000, 184.03, 0.00);
insert into SHOT values (3922, 4372, 4373, 3894, 12.000, 55.10, 0.00, 12.000, 55.10, 0.00, 0.000, 176.28, 0.00);
insert into SHOT values (3923, 4372, 4374, 3894, 8.400, 175.10, 31.00, 8.400, 175.10, 31.00, 0.000, 183.24, -0.00);
insert into SURVEY values (3896, 3890, 'CuevaNutria', 'CuevaNutria.303.UltimaPatagonia', 'CuevaNutria');
 insert into CENTRELINE values (3897, 3896, NULL, NULL, NULL, 0.00, 0.00, 0.00);
 insert into CENTRELINE values (3898, 3896, NULL, '2014-02-01', NULL, 191.39, 0.00, 0.00);
 insert into SHOT values (3924, 4375, 4376, 3898, 2.960, 207.10, 7.00, 3.126, 208.84, 6.25, 0.193, 236.42, -6.05);
insert into SHOT values (3925, 4376, 4377, 3898, 4.090, 201.10, -29.00, 4.253, 203.08, -28.28, 0.213, 239.15, -8.65);
insert into SHOT values (3926, 4377, 4378, 3898, 3.700, 199.10, -37.00, 3.837, 201.21, -36.07, 0.187, 237.44, -9.89);
insert into SHOT values (3927, 4378, 4379, 3898, 5.450, 247.10, 37.00, 5.450, 247.10, 37.00, 0.000, 356.35, 0.00);
insert into SHOT values (3928, 4379, 4380, 3898, 3.900, 212.10, 59.00, 3.900, 212.10, 59.00, 0.000, 190.86, 0.00);
insert into SHOT values (3929, 4380, 4381, 3898, 7.770, 270.10, 44.00, 7.770, 270.10, 44.00, 0.000, 359.35, 0.00);
insert into SHOT values (3930, 4381, 4382, 3898, 6.000, 15.10, 90.00, 6.000, 90.00, 90.00, 0.000, 15.10, 0.00);
insert into SHOT values (3931, 4379, 4383, 3898, 2.730, 223.10, -8.00, 2.730, 223.10, -8.00, 0.000, 200.76, 0.00);
insert into SHOT values (3932, 4383, 4384, 3898, 3.870, 243.10, 0.00, 3.870, 243.10, 0.00, 0.000, 356.04, 0.00);
insert into SHOT values (3933, 4378, 4385, 3898, 9.380, 139.10, 25.00, 9.380, 139.10, 25.00, 0.000, 22.08, -0.00);
insert into SHOT values (3934, 4385, 4386, 3898, 7.000, 58.10, 43.00, 7.000, 58.10, 43.00, 0.000, 178.76, 0.00);
insert into SHOT values (3935, 4385, 4387, 3898, 4.100, 61.10, -34.00, 4.100, 61.10, -34.00, 0.000, 2.47, -0.00);
insert into SHOT values (3936, 4387, 4388, 3898, 6.760, 123.10, -46.00, 6.760, 123.10, -46.00, 0.000, 3.14, 0.00);
insert into SHOT values (3937, 4388, 4389, 3898, 5.460, 26.10, 15.00, 5.460, 26.10, 15.00, 0.000, 6.49, -0.00);
insert into SHOT values (3938, 4389, 4390, 3898, 5.000, 15.10, 90.00, 5.000, 90.00, 90.00, 0.000, 15.10, 0.00);
insert into SHOT values (3939, 4388, 4391, 3898, 4.190, 15.10, -90.00, 4.190, 90.00, -90.00, 0.000, 15.10, -3.47);
insert into SHOT values (3940, 4388, 4392, 3898, 1.120, 15.10, 90.00, 1.120, 90.00, 90.00, 0.000, 15.10, 12.80);
insert into SHOT values (3941, 4392, 4393, 3898, 6.400, 193.10, 24.00, 6.400, 193.10, 24.00, 0.000, 175.62, 0.00);
insert into SHOT values (3942, 4393, 4394, 3898, 4.200, 208.10, 29.00, 4.200, 208.10, 29.00, 0.000, 186.90, 0.00);
insert into SHOT values (3943, 4394, 4395, 3898, 4.650, 220.10, 0.00, 4.650, 220.10, 0.00, 0.000, 174.23, 0.00);
insert into SHOT values (3944, 4395, 4396, 3898, 2.000, 220.10, 0.00, 2.000, 220.10, 0.00, 0.000, 4.90, 0.00);
insert into SHOT values (3945, 4385, 4397, 3898, 4.400, 242.10, 20.00, 4.400, 242.10, 20.00, 0.000, 355.96, -0.00);
insert into SHOT values (3946, 4397, 4398, 3898, 6.950, 234.10, 11.00, 6.950, 234.10, 11.00, 0.000, 2.79, -0.00);
insert into SHOT values (3947, 4378, 4399, 3898, 2.500, 106.10, -20.00, 2.296, 109.35, -22.42, 0.261, 258.55, -4.54);
insert into SHOT values (3948, 4399, 4400, 3898, 3.800, 75.10, -11.00, 3.527, 75.09, -12.30, 0.285, 255.18, -5.33);
insert into SHOT values (3949, 4395, 4401, 3898, 8.000, 15.10, 90.00, 8.000, 90.00, 90.00, 0.000, 15.10, 0.00);
insert into SHOT values (3950, 4401, 4402, 3898, 20.000, 220.10, 29.00, 20.000, 220.10, 29.00, 0.000, 0.65, 0.00);
insert into SHOT values (3951, 4400, 4403, 3898, 3.800, 75.10, 11.00, 3.516, 75.09, 11.46, 0.285, 255.18, -5.33);
insert into SHOT values (3952, 4399, 4404, 3898, 2.200, 254.10, -32.00, 2.200, 254.10, -32.00, 0.000, 183.27, 0.00);
insert into SHOT values (3953, 4404, 4405, 3898, 8.500, 15.10, -90.00, 8.500, 90.00, -90.00, 0.000, 15.10, 0.00);
insert into SHOT values (3954, 4375, 4406, 3898, 3.510, 46.10, -28.00, 3.681, 47.50, -26.10, 0.223, 67.50, 7.29);
insert into SHOT values (3955, 4406, 4407, 3898, 9.500, 152.10, 2.00, 9.654, 148.64, 2.58, 0.607, 74.90, 9.75);
insert into SHOT values (3956, 4407, 4408, 3898, 2.700, 223.10, -37.00, 2.553, 221.08, -38.73, 0.182, 66.08, 8.80);
insert into SHOT values (3957, 4408, 4403, 3898, 2.800, 253.10, -49.00, 2.653, 252.86, -51.62, 0.193, 75.15, 10.03);
insert into SHOT values (3958, 4405, 4409, 3898, 6.000, 254.10, 1.00, 6.000, 254.10, 1.00, 0.000, 179.43, 0.00);
insert into SHOT values (3959, 4410, 4405, 3898, 6.000, 199.10, 4.00, 6.000, 199.10, 4.00, 0.000, 351.94, 0.00);
insert into SURVEY values (3900, 3890, 'CuevaTortillaConCitron', 'CuevaTortillaConCitron.303.UltimaPatagonia', 'CuevaTortillaConCitron');
 insert into CENTRELINE values (3901, 3900, NULL, NULL, NULL, 0.00, 0.00, 0.00);
 insert into CENTRELINE values (3902, 3900, NULL, '2014-02-01', NULL, 120.96, 0.00, 0.00);
 insert into SHOT values (3960, 4411, 4412, 3902, 6.720, 56.10, -41.00, 6.720, 56.10, -41.00, 0.000, 2.08, -0.00);
insert into SHOT values (3961, 4412, 4413, 3902, 10.600, 104.10, -29.00, 10.600, 104.10, -29.00, 0.000, 7.15, 0.00);
insert into SHOT values (3962, 4413, 4414, 3902, 11.000, 132.10, -15.00, 11.000, 132.10, -15.00, 0.000, 175.26, 0.00);
insert into SHOT values (3963, 4414, 4415, 3902, 4.000, 144.10, -16.00, 4.000, 144.10, -16.00, 0.000, 68.72, 0.03);
insert into SHOT values (3964, 4415, 4416, 3902, 4.600, 110.10, -26.00, 4.600, 110.10, -26.00, 0.000, 186.80, -0.01);
insert into SHOT values (3965, 4416, 4417, 3902, 3.100, 187.10, -15.00, 3.100, 187.10, -15.00, 0.000, 175.30, 0.00);
insert into SHOT values (3966, 4417, 4418, 3902, 4.900, 148.10, -16.00, 4.900, 148.10, -16.00, 0.000, 136.93, -0.01);
insert into SHOT values (3967, 4418, 4419, 3902, 4.500, 49.10, -17.00, 4.500, 49.10, -17.00, 0.000, 304.97, 0.01);
insert into SHOT values (3968, 4419, 4420, 3902, 10.600, 70.10, -4.00, 10.600, 70.10, -4.00, 0.000, 195.98, 0.01);
insert into SHOT values (3969, 4420, 4421, 3902, 3.600, 152.10, -19.00, 3.600, 152.10, -19.00, 0.000, 0.53, -0.00);
insert into SHOT values (3970, 4421, 4422, 3902, 2.200, 105.10, 0.00, 2.200, 105.10, 0.00, 0.000, 0.98, 0.00);
insert into SHOT values (3971, 4422, 4423, 3902, 10.900, 159.10, -6.00, 10.900, 159.10, -6.00, 0.000, 13.22, 0.00);
insert into SHOT values (3972, 4423, 4424, 3902, 2.100, 116.10, -67.00, 2.100, 116.10, -67.00, 0.000, 357.91, -0.00);
insert into SHOT values (3973, 4424, 4425, 3902, 1.800, 29.10, 0.00, 1.800, 29.10, 0.00, 0.000, 182.21, 0.00);
insert into SHOT values (3974, 4425, 4426, 3902, 1.800, 119.10, 20.00, 1.800, 119.10, 20.00, 0.000, 3.85, 0.00);
insert into SHOT values (3975, 4426, 4427, 3902, 7.950, 15.10, -90.00, 7.950, 90.00, -90.00, 0.000, 15.10, 22.59);
insert into SHOT values (3976, 4427, 4428, 3902, 2.300, 106.10, 0.00, 2.300, 106.10, 0.00, 0.000, 357.82, 0.00);
insert into SHOT values (3977, 4428, 4429, 3902, 6.100, 206.10, -6.00, 6.100, 206.10, -6.00, 0.000, 3.25, -0.00);
insert into SHOT values (3978, 4429, 4430, 3902, 6.900, 132.10, -7.00, 6.900, 132.10, -7.00, 0.000, 356.22, -0.00);
insert into SHOT values (3979, 4430, 4431, 3902, 7.890, 56.10, 0.00, 7.890, 56.10, 0.00, 0.000, 3.45, 0.00);
insert into SHOT values (3980, 4431, 4432, 3902, 7.400, 124.10, 5.00, 7.400, 124.10, 5.00, 0.000, 179.98, 0.00);
insert into SHOT values (3981, 4432, 4433, 3902, 0.000, 15.10, 0.00, 0.000, 90.00, 0.00, 0.000, 90.00, 0.00);
insert into CENTRELINE values (3904, 3890, NULL, NULL, NULL, 0.00, 0.00, 0.00);
 insert into SURVEY values (3906, 22, '304', '304.UltimaPatagonia', '304 Pelantaro');
 insert into CENTRELINE values (3907, 3906, NULL, NULL, NULL, 0.00, 0.00, 0.00);
 insert into SURVEY values (3908, 3906, 'PerteDeLaSucriereInferieure', 'PerteDeLaSucriereInferieure.304.UltimaPatagonia', 'Perte De La Sucriere Inferieure');
 insert into CENTRELINE values (3909, 3908, NULL, NULL, NULL, 0.00, 0.00, 0.00);
 insert into CENTRELINE values (3910, 3908, NULL, '2014-02-01', NULL, 213.04, 0.00, 0.00);
 insert into SHOT values (3982, 4449, 4450, 3910, 9.140, 148.20, -69.70, 9.195, 153.75, -69.54, 0.315, 233.16, -7.81);
insert into SHOT values (3983, 4449, 4451, 3910, 6.140, 71.90, -3.10, 6.365, 71.14, -2.61, 0.246, 51.44, 9.79);
insert into SHOT values (3984, 4451, 4452, 3910, 5.300, 237.70, -49.40, 5.150, 237.76, -50.75, 0.194, 56.62, 10.65);
insert into SHOT values (3985, 4452, 4450, 3910, 5.850, 211.00, -48.40, 5.694, 209.90, -49.60, 0.210, 51.16, 10.45);
insert into SHOT values (3986, 4450, 4453, 3910, 5.320, 152.00, -20.00, 5.320, 152.00, -20.00, 0.000, 191.80, 0.01);
insert into SHOT values (3987, 4453, 4454, 3910, 2.940, 135.00, 1.90, 2.940, 135.00, 1.90, 0.000, 356.62, -0.00);
insert into SHOT values (3988, 4454, 4455, 3910, 11.270, 172.20, -64.30, 11.270, 172.20, -64.30, 0.000, 352.96, -0.01);
insert into SHOT values (3989, 4455, 4456, 3910, 3.930, 202.50, -9.90, 3.930, 202.50, -9.90, 0.000, 356.69, 0.03);
insert into SHOT values (3990, 4456, 4457, 3910, 9.260, 192.40, -45.50, 9.260, 192.40, -45.50, 0.000, 56.34, -0.07);
insert into SHOT values (3991, 4457, 4458, 3910, 3.930, 222.30, 3.20, 3.930, 222.30, 3.20, 0.000, 179.84, 0.00);
insert into SHOT values (3992, 4458, 4459, 3910, 8.410, 162.80, -72.50, 8.410, 162.80, -72.50, 0.000, 4.21, -0.00);
insert into SHOT values (3993, 4459, 4460, 3910, 9.360, 251.50, -46.90, 9.360, 251.50, -46.90, 0.000, 191.22, 0.01);
insert into SHOT values (3994, 4460, 4461, 3910, 1.330, 285.80, -9.20, 1.330, 285.80, -9.20, 0.000, 8.23, 0.01);
insert into SHOT values (3995, 4461, 4462, 3910, 3.020, 237.00, -24.10, 3.020, 237.00, -24.10, 0.000, 269.07, -0.04);
insert into SHOT values (3996, 4462, 4463, 3910, 1.910, 273.60, -33.50, 1.910, 273.60, -33.50, 0.000, 11.20, 0.01);
insert into SHOT values (3997, 4463, 4464, 3910, 1.220, 208.10, -21.40, 1.220, 208.10, -21.40, 0.000, 179.05, -0.00);
insert into SHOT values (3998, 4464, 4465, 3910, 1.530, 290.80, -30.70, 1.530, 290.80, -30.70, 0.000, 4.74, -0.00);
insert into SHOT values (3999, 4465, 4466, 3910, 4.090, 352.90, -15.00, 4.090, 352.90, -15.00, 0.000, 0.26, -0.00);
insert into SHOT values (4000, 4466, 4467, 3910, 4.310, 310.30, -31.30, 4.310, 310.30, -31.30, 0.000, 1.91, -0.00);
insert into SHOT values (4001, 4467, 4468, 3910, 3.680, 318.70, -38.30, 3.680, 318.70, -38.30, 0.000, 185.05, -0.00);
insert into SHOT values (4002, 4468, 4469, 3910, 4.150, 52.80, -52.10, 4.150, 52.80, -52.10, 0.000, 171.09, -0.01);
insert into SHOT values (4003, 4469, 4470, 3910, 4.700, 45.20, -49.60, 4.700, 45.20, -49.60, 0.000, 358.29, 0.00);
insert into SHOT values (4004, 4470, 4471, 3910, 6.700, 286.60, -70.30, 6.700, 286.60, -70.30, 0.000, 342.19, 0.01);
insert into SHOT values (4005, 4471, 4472, 3910, 3.200, 321.80, 1.20, 3.200, 321.80, 1.20, 0.000, 176.14, 0.01);
insert into SHOT values (4006, 4472, 4473, 3910, 1.860, 325.40, -8.10, 1.860, 325.40, -8.10, 0.000, 354.37, 0.00);
insert into SHOT values (4007, 4473, 4474, 3910, 2.470, 291.50, 0.90, 2.470, 291.50, 0.90, 0.000, 216.38, -0.05);
insert into SHOT values (4008, 4474, 4475, 3910, 2.380, 153.80, -19.50, 2.380, 153.80, -19.50, 0.000, 357.84, -0.00);
insert into SHOT values (4009, 4475, 4476, 3910, 1.400, 220.40, 3.80, 1.400, 220.40, 3.80, 0.000, 5.90, -0.00);
insert into SHOT values (4010, 4476, 4477, 3910, 6.210, 136.80, 57.40, 6.210, 136.80, 57.40, 0.000, 355.72, 0.00);
insert into SHOT values (4011, 4477, 4478, 3910, 8.370, 166.20, 37.60, 8.370, 166.20, 37.60, 0.000, 21.14, 0.02);
insert into SHOT values (4012, 4478, 4479, 3910, 11.450, 331.20, 68.30, 11.450, 331.20, 68.30, 0.000, 50.01, 0.01);
insert into SHOT values (4013, 4474, 4480, 3910, 4.290, 9.60, -8.00, 4.290, 9.60, -8.00, 0.000, 355.88, -0.00);
insert into SHOT values (4014, 4480, 4481, 3910, 4.050, 297.70, -54.20, 4.050, 297.70, -54.20, 0.000, 358.86, -0.00);
insert into SHOT values (4015, 4481, 4482, 3910, 10.930, 272.60, -64.60, 10.930, 272.60, -64.60, 0.000, 175.36, 0.00);
insert into SHOT values (4016, 4481, 4483, 3910, 3.050, 239.30, -69.90, 3.050, 239.30, -69.90, 0.000, 7.34, 0.00);
insert into SHOT values (4017, 4483, 4484, 3910, 5.570, 318.40, -49.80, 5.570, 318.40, -49.80, 0.000, 180.46, -0.00);
insert into SHOT values (4018, 4484, 4485, 3910, 9.260, 358.10, -8.60, 9.260, 358.10, -8.60, 0.000, 189.54, 0.01);
insert into SHOT values (4019, 4459, 4486, 3910, 13.820, 338.00, -85.90, 13.820, 338.00, -85.90, 0.000, 189.88, 0.00);
insert into SHOT values (4020, 4486, 4487, 3910, 7.240, 325.70, -35.00, 7.240, 325.70, -35.00, 0.000, 177.33, -0.01);
insert into SURVEY values (3912, 3906, 'ResurgenceDeLAvenir', 'ResurgenceDeLAvenir.304.UltimaPatagonia', 'Resurgence De L''Avenir');
 insert into CENTRELINE values (3913, 3912, NULL, NULL, NULL, 0.00, 0.00, 0.00);
 insert into CENTRELINE values (3914, 3912, NULL, NULL, NULL, 89.00, 0.00, 0.00);
 insert into SHOT values (4021, 4488, 4489, 3914, 5.000, 246.13, -23.58, 5.000, 246.13, -23.58, 0.000, 177.20, 0.00);
insert into SHOT values (4022, 4489, 4490, 3914, 5.000, 256.13, -9.21, 5.000, 256.13, -9.21, 0.000, 286.21, 0.00);
insert into SHOT values (4023, 4490, 4491, 3914, 3.000, 186.13, -13.49, 3.000, 186.13, -13.49, 0.000, 172.79, 0.00);
insert into SHOT values (4024, 4491, 4492, 3914, 17.000, 196.13, -9.48, 17.000, 196.13, -9.48, 0.000, 182.60, 0.00);
insert into SHOT values (4025, 4492, 4493, 3914, 6.000, 146.13, -40.54, 6.000, 146.13, -40.54, 0.000, 45.33, 0.00);
insert into SHOT values (4026, 4493, 4494, 3914, 12.000, 286.13, -50.06, 12.000, 286.13, -50.06, 0.000, 358.79, 0.00);
insert into SHOT values (4027, 4494, 4495, 3914, 4.000, 311.13, 10.08, 4.000, 311.13, 10.08, 0.000, 355.36, 0.00);
insert into SHOT values (4028, 4495, 4496, 3914, 13.000, 311.13, 32.58, 13.000, 311.13, 32.58, 0.000, 175.63, 0.00);
insert into SHOT values (4029, 4496, 4497, 3914, 11.000, 321.13, 25.87, 11.000, 321.13, 25.87, 0.000, 350.27, 0.00);
insert into SHOT values (4030, 4497, 4498, 3914, 4.000, 301.13, 33.37, 4.000, 301.13, 33.37, 0.000, 6.64, 0.00);
insert into SHOT values (4031, 4498, 4499, 3914, 3.000, 276.13, 30.00, 3.000, 276.13, 30.00, 0.000, 355.92, 0.00);
insert into SHOT values (4032, 4499, 4500, 3914, 6.000, 296.13, 32.23, 6.000, 296.13, 32.23, 0.000, 174.37, 0.00);
insert into CENTRELINE values (3915, 3912, NULL, NULL, NULL, 160.23, 0.00, 0.00);
 insert into SHOT values (4033, 4500, 4501, 3915, 5.000, 21.13, 10.00, 5.000, 21.13, 10.00, 0.000, 353.36, -0.00);
insert into SHOT values (4034, 4501, 4502, 3915, 8.000, 1.13, 10.00, 8.000, 1.13, 10.00, 0.000, 6.19, -0.00);
insert into SHOT values (4035, 4502, 4503, 3915, 9.880, 356.13, 1.60, 9.880, 356.13, 1.60, 0.000, 351.58, 0.00);
insert into SHOT values (4036, 4503, 4504, 3915, 10.700, 303.33, 8.40, 10.700, 303.33, 8.40, 0.000, 0.13, -0.00);
insert into SHOT values (4037, 4504, 4505, 3915, 5.040, 44.13, -8.70, 5.040, 44.13, -8.70, 0.000, 16.19, 0.00);
insert into SHOT values (4038, 4505, 4506, 3915, 3.870, 282.53, -8.00, 3.870, 282.53, -8.00, 0.000, 184.97, -0.00);
insert into SHOT values (4039, 4506, 4507, 3915, 5.930, 296.93, 18.50, 5.930, 296.93, 18.50, 0.000, 359.56, 0.00);
insert into SHOT values (4040, 4507, 4508, 3915, 4.110, 284.43, -20.60, 4.110, 284.43, -20.60, 0.000, 359.29, 0.00);
insert into SHOT values (4041, 4504, 4509, 3915, 8.090, 306.03, 24.00, 8.090, 306.03, 24.00, 0.000, 0.71, 0.00);
insert into SHOT values (4042, 4509, 4510, 3915, 5.230, 254.03, -12.20, 5.230, 254.03, -12.20, 0.000, 180.23, 0.00);
insert into SHOT values (4043, 4510, 4511, 3915, 5.010, 227.53, -18.70, 5.010, 227.53, -18.70, 0.000, 339.27, 0.00);
insert into SHOT values (4044, 4511, 4512, 3915, 1.110, 230.93, 8.30, 1.703, 231.31, 6.79, 0.594, 232.00, 3.97);
insert into SHOT values (4045, 4512, 4513, 3915, 6.140, 211.63, -47.50, 6.140, 211.63, -47.50, 0.000, 1.25, 0.00);
insert into SHOT values (4046, 4512, 4514, 3915, 5.340, 181.73, 6.80, 6.050, 187.23, 7.21, 0.894, 222.25, 8.15);
insert into SHOT values (4047, 4514, 4515, 3915, 3.110, 214.53, -23.70, 3.683, 215.26, -18.55, 0.650, 218.44, 6.89);
insert into SHOT values (4048, 4515, 4516, 3915, 7.420, 193.53, -27.40, 8.244, 198.80, -22.98, 1.211, 229.23, 9.34);
insert into SHOT values (4049, 4511, 4517, 3915, 11.710, 198.53, -9.30, 10.486, 189.05, -13.00, 2.288, 67.24, -11.75);
insert into SHOT values (4050, 4517, 4518, 3915, 5.130, 215.13, 18.20, 4.296, 213.38, 20.17, 0.861, 43.47, -8.11);
insert into SHOT values (4051, 4518, 4519, 3915, 6.770, 201.23, -11.70, 5.914, 196.04, -15.22, 1.093, 49.89, -9.49);
insert into SHOT values (4052, 4519, 4520, 3915, 2.310, 283.93, -34.40, 2.048, 297.92, -42.57, 0.579, 64.45, -7.97);
insert into SHOT values (4053, 4520, 4516, 3915, 0.820, 1.93, 33.70, 1.264, 9.46, 17.78, 0.539, 19.07, -7.35);
insert into SHOT values (4054, 4503, 4521, 3915, 5.480, 232.83, 14.20, 5.480, 232.83, 14.20, 0.000, 192.12, -0.00);
insert into SHOT values (4055, 4521, 4522, 3915, 5.160, 235.53, 9.00, 5.160, 235.53, 9.00, 0.000, 353.34, 0.00);
insert into SHOT values (4056, 4522, 4523, 3915, 9.750, 208.03, -2.50, 9.750, 208.03, -2.50, 0.000, 184.07, 0.00);
insert into SHOT values (4057, 4523, 4524, 3915, 10.090, 253.63, 1.40, 10.090, 253.63, 1.40, 0.000, 172.53, -0.00);
insert into SHOT values (4058, 4524, 4525, 3915, 9.030, 258.33, 58.20, 9.030, 258.33, 58.20, 0.000, 0.88, 0.00);
insert into CENTRELINE values (3916, 3912, NULL, NULL, NULL, 18.00, 0.00, 0.00);
 insert into SHOT values (4059, 4500, 4526, 3916, 18.000, 166.13, -3.50, 18.000, 166.13, -3.50, 0.000, 180.17, 0.00);
insert into CENTRELINE values (3917, 3912, NULL, NULL, NULL, 35.00, 0.00, 0.00);
 insert into SHOT values (4060, 4526, 4527, 3917, 3.000, 146.13, -17.46, 3.000, 146.13, -17.46, 0.000, 179.64, 0.00);
insert into SHOT values (4061, 4527, 4528, 3917, 8.000, 136.13, -29.18, 8.000, 136.13, -29.18, 0.000, 346.30, 0.00);
insert into SHOT values (4062, 4528, 4529, 3917, 5.000, 156.13, 11.54, 5.000, 156.13, 11.54, 0.000, 182.25, 0.00);
insert into SHOT values (4063, 4529, 4530, 3917, 6.000, 156.13, -16.46, 6.000, 156.13, -16.46, 0.000, 164.50, 0.00);
insert into SHOT values (4064, 4530, 4531, 3917, 3.000, 331.13, 41.81, 3.000, 331.13, 41.81, 0.000, 167.76, 0.00);
insert into SHOT values (4065, 4531, 4532, 3917, 8.000, 261.13, 22.80, 8.000, 261.13, 22.80, 0.000, 4.70, 0.00);
insert into SHOT values (4066, 4532, 4533, 3917, 2.000, 316.13, 48.59, 2.000, 316.13, 48.59, 0.000, 164.21, 0.00);
insert into CENTRELINE values (3918, 3912, NULL, NULL, NULL, 10.00, 0.00, 0.00);
 insert into SHOT values (4067, 4533, 4534, 3918, 10.000, 276.13, 0.00, 10.000, 276.13, 0.00, 0.000, 178.41, 0.00);
insert into CENTRELINE values (3919, 3912, NULL, '2020-02-15', NULL, 130.44, 0.00, 0.00);
 insert into SHOT values (4068, 4535, 4536, 3919, 2.750, 280.60, -44.00, 2.750, 280.60, -44.00, 0.000, 176.41, 0.00);
insert into SHOT values (4069, 4536, 4537, 3919, 3.100, 265.60, -21.00, 3.100, 265.60, -21.00, 0.000, 183.44, -0.00);
insert into SHOT values (4070, 4537, 4538, 3919, 25.000, 296.60, 2.00, 25.000, 296.60, 2.00, 0.000, 173.22, 0.00);
insert into SHOT values (4071, 4538, 4539, 3919, 9.800, 305.60, 21.00, 9.800, 305.60, 21.00, 0.000, 184.58, 0.00);
insert into SHOT values (4072, 4538, 4488, 3919, 4.400, 210.60, -17.00, 4.400, 210.60, -17.00, 0.000, 1.26, 0.00);
insert into SHOT values (4073, 4538, 4540, 3919, 4.150, 173.60, 1.00, 4.150, 173.60, 1.00, 0.000, 359.82, -0.00);
insert into SHOT values (4074, 4540, 4541, 3919, 9.200, 155.60, 23.00, 9.200, 155.60, 23.00, 0.000, 178.27, 0.00);
insert into SHOT values (4075, 4541, 4542, 3919, 2.600, 140.60, 1.00, 2.600, 140.60, 1.00, 0.000, 181.46, 0.00);
insert into SHOT values (4076, 4542, 4543, 3919, 4.700, 217.60, -40.00, 4.700, 217.60, -40.00, 0.000, 182.62, 0.00);
insert into SHOT values (4077, 4543, 4544, 3919, 5.600, 137.60, 1.00, 5.600, 137.60, 1.00, 0.000, 357.27, -0.00);
insert into SHOT values (4078, 4544, 4545, 3919, 9.250, 143.60, 14.00, 9.250, 143.60, 14.00, 0.000, 5.71, -0.00);
insert into SHOT values (4079, 4542, 4546, 3919, 8.150, 133.60, 6.00, 8.150, 133.60, 6.00, 0.000, 359.72, -0.00);
insert into SHOT values (4080, 4546, 4547, 3919, 3.440, 136.60, 13.00, 3.440, 136.60, 13.00, 0.000, 346.62, -0.00);
insert into SHOT values (4081, 4547, 4548, 3919, 3.300, 163.60, 1.00, 3.300, 163.60, 1.00, 0.000, 352.68, -0.00);
insert into SHOT values (4082, 4538, 4549, 3919, 7.000, 98.60, 30.00, 7.000, 98.60, 30.00, 0.000, 0.63, 0.00);
insert into SHOT values (4083, 4549, 4550, 3919, 18.000, 114.60, -4.00, 18.000, 114.60, -4.00, 0.000, 327.42, 0.00);
insert into SHOT values (4084, 4536, 4551, 3919, 3.000, 34.60, -2.00, 3.000, 34.60, -2.00, 0.000, 173.45, 0.00);
insert into SHOT values (4085, 4551, 4552, 3919, 7.000, 304.60, 0.00, 7.000, 304.60, 0.00, 0.000, 176.55, 0.00);
insert into SURVEY values (3921, 3906, 'SumideroFuturo', 'SumideroFuturo.304.UltimaPatagonia', 'Perte du Futur');
 insert into CENTRELINE values (3922, 3921, NULL, NULL, NULL, 0.00, 0.00, 0.00);
 insert into CENTRELINE values (3923, 3921, NULL, '2014-02-01', NULL, 284.00, 0.00, 0.00);
 insert into SHOT values (4086, 4553, 4554, 3923, 5.000, 15.10, -90.00, 5.000, 90.00, -90.00, 0.000, 15.10, 0.00);
insert into SHOT values (4087, 4554, 4555, 3923, 32.000, 268.10, -72.00, 32.000, 268.10, -72.00, 0.000, 349.41, 0.01);
insert into SHOT values (4088, 4556, 4557, 3923, 20.000, 340.10, -37.00, 20.000, 340.10, -37.00, 0.000, 176.67, -0.00);
insert into SHOT values (4089, 4557, 4558, 3923, 18.000, 340.10, -36.00, 18.000, 340.10, -36.00, 0.000, 18.85, -0.02);
insert into SHOT values (4090, 4558, 4559, 3923, 14.000, 347.10, -47.00, 14.000, 347.10, -47.00, 0.000, 181.18, -0.00);
insert into SHOT values (4091, 4559, 4560, 3923, 13.000, 47.10, -47.00, 13.000, 47.10, -47.00, 0.000, 356.54, 0.00);
insert into SHOT values (4092, 4560, 4561, 3923, 6.000, 0.10, -28.00, 6.000, 0.10, -28.00, 0.000, 180.21, -0.00);
insert into SHOT values (4093, 4561, 4562, 3923, 5.000, 353.10, -90.00, 5.000, 90.00, -90.00, 0.000, 353.10, 0.00);
insert into SHOT values (4094, 4562, 4563, 3923, 20.000, 327.10, -32.00, 20.000, 327.10, -32.00, 0.000, 21.04, 0.00);
insert into SHOT values (4095, 4563, 4564, 3923, 20.000, 1.10, -43.00, 20.000, 1.10, -43.00, 0.000, 188.68, 0.00);
insert into SHOT values (4096, 4564, 4565, 3923, 18.000, 335.10, -35.00, 18.000, 335.10, -35.00, 0.000, 176.50, -0.00);
insert into SHOT values (4097, 4565, 4566, 3923, 10.000, 345.10, -45.00, 10.000, 345.10, -45.00, 0.000, 351.33, 0.00);
insert into SHOT values (4098, 4566, 4567, 3923, 9.000, 15.10, -90.00, 9.000, 90.00, -90.00, 0.000, 15.10, 0.00);
insert into SHOT values (4099, 4567, 4568, 3923, 3.000, 7.10, -15.00, 3.000, 7.10, -15.00, 0.000, 21.54, -0.00);
insert into SHOT values (4100, 4568, 4569, 3923, 8.000, 15.10, -90.00, 8.000, 90.00, -90.00, 0.000, 15.10, 0.00);
insert into SHOT values (4101, 4569, 4570, 3923, 5.000, 310.10, -30.00, 5.000, 310.10, -30.00, 0.000, 358.85, 0.00);
insert into SHOT values (4102, 4570, 4571, 3923, 9.000, 320.10, -26.00, 9.000, 320.10, -26.00, 0.000, 355.96, 0.00);
insert into SHOT values (4103, 4571, 4572, 3923, 4.000, 33.10, -48.00, 4.000, 33.10, -48.00, 0.000, 177.00, -0.00);
insert into SHOT values (4104, 4572, 4573, 3923, 1.000, 113.10, 0.00, 1.000, 113.10, 0.00, 0.000, 176.29, 0.00);
insert into SHOT values (4105, 4573, 4574, 3923, 7.000, 15.10, -90.00, 7.000, 90.00, -90.00, 0.000, 15.10, 0.00);
insert into SHOT values (4106, 4574, 4575, 3923, 10.000, 93.10, -35.00, 10.000, 93.10, -35.00, 0.000, 8.25, -0.01);
insert into SHOT values (4107, 4575, 4576, 3923, 18.000, 95.10, -32.00, 18.000, 95.10, -32.00, 0.000, 182.20, -0.00);
insert into SHOT values (4108, 4576, 4577, 3923, 19.000, 345.10, -41.00, 19.000, 345.10, -41.00, 0.000, 0.32, -0.00);
insert into SHOT values (4109, 4577, 4578, 3923, 7.000, 340.10, -40.00, 7.000, 340.10, -40.00, 0.000, 178.66, -0.00);
insert into SHOT values (4110, 4578, 4579, 3923, 3.000, 15.10, -90.00, 3.000, 90.00, -90.00, 0.000, 15.10, 0.00);
insert into CENTRELINE values (3924, 3921, NULL, '2014-02-01', NULL, 80.00, 0.00, 0.00);
 insert into SHOT values (4111, 4580, 4581, 3924, 15.000, 3.10, -48.00, 15.000, 3.10, -48.00, 0.000, 359.54, 0.00);
insert into SHOT values (4112, 4582, 4580, 3924, 10.000, 331.10, -38.00, 10.000, 331.10, -38.00, 0.000, 173.32, 0.01);
insert into SHOT values (4113, 4583, 4582, 3924, 2.000, 11.10, -40.00, 2.000, 11.10, -40.00, 0.000, 3.54, 0.00);
insert into SHOT values (4114, 4584, 4583, 3924, 7.000, 339.10, -58.00, 7.000, 339.10, -58.00, 0.000, 179.51, -0.00);
insert into SHOT values (4115, 4585, 4584, 3924, 8.000, 263.10, -57.00, 8.000, 263.10, -57.00, 0.000, 356.75, -0.00);
insert into SHOT values (4116, 4586, 4585, 3924, 10.000, 259.10, -68.00, 10.000, 259.10, -68.00, 0.000, 179.92, -0.00);
insert into SHOT values (4117, 4587, 4586, 3924, 17.000, 285.10, -62.00, 17.000, 285.10, -62.00, 0.000, 174.27, 0.00);
insert into SHOT values (4118, 4588, 4587, 3924, 10.000, 246.10, -49.00, 10.000, 246.10, -49.00, 0.000, 2.02, 0.00);
insert into SHOT values (4119, 4589, 4588, 3924, 1.000, 259.10, 0.00, 1.000, 259.10, 0.00, 0.000, 178.06, 0.00);
insert into CENTRELINE values (3925, 3921, NULL, '2014-02-01', NULL, 230.00, 0.00, 0.00);
 insert into SHOT values (4120, 4590, 4591, 3925, 11.000, 280.10, -64.00, 11.000, 280.10, -64.00, 0.000, 359.65, -0.00);
insert into SHOT values (4121, 4591, 4592, 3925, 20.000, 15.10, -90.00, 20.000, 90.00, -90.00, 0.000, 15.10, 0.00);
insert into SHOT values (4122, 4592, 4593, 3925, 3.000, 308.10, 0.00, 3.000, 308.10, 0.00, 0.000, 183.46, 0.00);
insert into SHOT values (4123, 4593, 4594, 3925, 21.000, 15.10, -90.00, 21.000, 90.00, -90.00, 0.000, 15.10, 0.00);
insert into SHOT values (4124, 4594, 4595, 3925, 2.000, 322.10, 0.00, 2.000, 322.10, 0.00, 0.000, 355.00, 0.00);
insert into SHOT values (4125, 4595, 4596, 3925, 9.000, 15.10, -90.00, 9.000, 90.00, -90.00, 0.000, 15.10, 0.00);
insert into SHOT values (4126, 4596, 4597, 3925, 13.000, 340.10, 2.00, 13.000, 340.10, 2.00, 0.000, 178.89, 0.00);
insert into SHOT values (4127, 4597, 4598, 3925, 14.000, 345.10, -2.00, 14.000, 345.10, -2.00, 0.000, 356.65, -0.00);
insert into SHOT values (4128, 4598, 4599, 3925, 18.000, 20.10, -40.00, 18.000, 20.10, -40.00, 0.000, 171.76, -0.00);
insert into SHOT values (4129, 4599, 4600, 3925, 9.000, 3.10, -2.00, 9.000, 3.10, -2.00, 0.000, 3.15, -0.00);
insert into SHOT values (4130, 4600, 4601, 3925, 11.000, 14.10, 0.00, 11.000, 14.10, 0.00, 0.000, 3.20, 0.00);
insert into SHOT values (4131, 4602, 4603, 3925, 3.000, 158.10, -3.00, 3.000, 158.10, -3.00, 0.000, 3.77, -0.01);
insert into SHOT values (4132, 4603, 4604, 3925, 4.000, 109.10, -28.00, 4.000, 109.10, -28.00, 0.000, 189.12, 0.00);
insert into SHOT values (4133, 4604, 4605, 3925, 2.000, 95.10, -8.00, 2.000, 95.10, -8.00, 0.000, 0.35, 0.00);
insert into SHOT values (4134, 4605, 4606, 3925, 15.000, 27.10, -10.00, 15.000, 27.10, -10.00, 0.000, 184.56, 0.00);
insert into SHOT values (4135, 4606, 4607, 3925, 9.000, 350.10, 0.00, 9.000, 350.10, 0.00, 0.000, 0.63, 0.00);
insert into SHOT values (4136, 4607, 4608, 3925, 6.000, 340.10, 28.00, 6.000, 340.10, 28.00, 0.000, 175.59, 0.00);
insert into SHOT values (4137, 4608, 4609, 3925, 6.000, 325.10, -15.00, 6.000, 325.10, -15.00, 0.000, 177.46, -0.00);
insert into SHOT values (4138, 4609, 4610, 3925, 9.000, 359.10, -20.00, 9.000, 359.10, -20.00, 0.000, 194.29, 0.00);
insert into SHOT values (4139, 4610, 4611, 3925, 6.000, 2.10, 5.00, 6.000, 2.10, 5.00, 0.000, 357.22, 0.00);
insert into SHOT values (4140, 4611, 4612, 3925, 4.000, 25.10, 1.00, 4.000, 25.10, 1.00, 0.000, 180.84, 0.00);
insert into SHOT values (4141, 4612, 4613, 3925, 6.000, 7.10, -22.00, 6.000, 7.10, -22.00, 0.000, 180.74, -0.00);
insert into SHOT values (4142, 4613, 4614, 3925, 4.000, 325.10, -2.00, 4.000, 325.10, -2.00, 0.000, 356.74, 0.00);
insert into SHOT values (4143, 4614, 4615, 3925, 3.000, 10.10, -5.00, 3.000, 10.10, -5.00, 0.000, 4.43, 0.00);
insert into SHOT values (4144, 4615, 4616, 3925, 2.000, 310.10, 40.00, 2.000, 310.10, 40.00, 0.000, 177.63, -0.00);
insert into SHOT values (4145, 4616, 4617, 3925, 4.000, 282.10, -12.00, 4.000, 282.10, -12.00, 0.000, 164.27, 0.00);
insert into SHOT values (4146, 4617, 4618, 3925, 8.000, 348.10, -7.00, 8.000, 348.10, -7.00, 0.000, 358.69, -0.01);
insert into SHOT values (4147, 4618, 4619, 3925, 4.000, 5.10, 25.00, 4.000, 5.10, 25.00, 0.000, 0.08, 0.00);
insert into SHOT values (4148, 4619, 4620, 3925, 4.000, 55.10, -10.00, 4.000, 55.10, -10.00, 0.000, 178.89, -0.00);
insert into CENTRELINE values (3926, 3921, NULL, '2014-02-01', NULL, 107.00, 0.00, 0.00);
 insert into SHOT values (4149, 4621, 4622, 3926, 12.000, 349.10, -45.00, 12.000, 349.10, -45.00, 0.000, 197.06, 0.00);
insert into SHOT values (4150, 4623, 4621, 3926, 15.000, 352.10, -22.00, 15.000, 352.10, -22.00, 0.000, 168.89, 0.00);
insert into SHOT values (4151, 4624, 4623, 3926, 7.000, 355.10, 2.00, 7.000, 355.10, 2.00, 0.000, 1.82, -0.00);
insert into SHOT values (4152, 4625, 4624, 3926, 9.000, 346.10, -22.00, 9.000, 346.10, -22.00, 0.000, 2.56, -0.01);
insert into SHOT values (4153, 4626, 4625, 3926, 23.000, 343.10, -15.00, 23.000, 343.10, -15.00, 0.000, 182.03, -0.00);
insert into SHOT values (4154, 4627, 4626, 3926, 13.000, 17.10, -9.00, 13.000, 17.10, -9.00, 0.000, 357.79, 0.00);
insert into SHOT values (4155, 4628, 4627, 3926, 11.000, 356.10, -2.00, 11.000, 356.10, -2.00, 0.000, 183.76, 0.00);
insert into SHOT values (4156, 4629, 4628, 3926, 6.000, 325.10, -10.00, 6.000, 325.10, -10.00, 0.000, 1.77, 0.00);
insert into SHOT values (4157, 4630, 4629, 3926, 11.000, 347.10, 1.00, 11.000, 347.10, 1.00, 0.000, 62.75, -0.00);
insert into SHOT values (4158, 4555, 4556, 3926, 0.000, 15.10, 0.00, 0.000, 90.00, 0.00, 0.000, 90.00, 0.00);
insert into SHOT values (4159, 4589, 4579, 3926, 0.000, 15.10, 0.00, 0.000, 90.00, 0.00, 0.000, 90.00, 0.00);
insert into SHOT values (4160, 4581, 4590, 3926, 0.000, 15.10, 0.00, 0.000, 90.00, 0.00, 0.000, 90.00, 0.00);
insert into SHOT values (4161, 4602, 4599, 3926, 0.000, 15.10, 0.00, 0.000, 90.00, 0.00, 0.000, 90.00, 0.00);
insert into SHOT values (4162, 4620, 4630, 3926, 0.000, 15.10, 0.00, 0.000, 90.00, 0.00, 0.000, 90.00, 0.00);
insert into SURVEY values (3928, 3906, 'CuevaDelSol', 'CuevaDelSol.304.UltimaPatagonia', 'Cueva Del Sol');
 insert into CENTRELINE values (3929, 3928, NULL, NULL, NULL, 0.00, 0.00, 0.00);
 insert into CENTRELINE values (3930, 3928, NULL, '2014-02-01', NULL, 37.48, 0.00, 0.00);
 insert into SHOT values (4163, 4631, 4632, 3930, 5.070, 125.10, 32.00, 5.070, 125.10, 32.00, 0.000, 351.07, 0.00);
insert into SHOT values (4164, 4632, 4633, 3930, 6.920, 146.10, 43.00, 6.920, 146.10, 43.00, 0.000, 178.27, -0.00);
insert into SHOT values (4165, 4633, 4634, 3930, 21.000, 146.10, 53.00, 21.000, 146.10, 53.00, 0.000, 20.21, -0.02);
insert into SHOT values (4166, 4634, 4635, 3930, 4.490, 180.10, 19.00, 4.490, 180.10, 19.00, 0.000, 178.95, -0.00);
insert into CENTRELINE values (3931, 3928, NULL, '2014-02-01', NULL, 21.22, 0.00, 0.00);
 insert into SHOT values (4167, 4636, 4635, 3931, 0.000, 15.10, 0.00, 0.000, 90.00, 0.00, 0.000, 90.00, 0.00);
insert into SHOT values (4168, 4637, 4636, 3931, 6.700, 16.10, -13.00, 6.700, 16.10, -13.00, 0.000, 308.49, -0.05);
insert into SHOT values (4169, 4638, 4637, 3931, 8.130, 354.10, -51.00, 8.130, 354.10, -51.00, 0.000, 181.46, 0.00);
insert into SHOT values (4170, 4639, 4638, 3931, 6.390, 327.10, -31.00, 6.390, 327.10, -31.00, 0.000, 176.69, -0.00);
insert into CENTRELINE values (3932, 3928, NULL, '2014-02-01', NULL, 46.65, 0.00, 0.00);
 insert into SHOT values (4171, 4635, 4640, 3932, 3.130, 132.10, -5.00, 3.130, 132.10, -5.00, 0.000, 0.11, -0.00);
insert into SHOT values (4172, 4640, 4641, 3932, 27.730, 200.10, 84.00, 27.730, 200.10, 84.00, 0.000, 181.37, -0.00);
insert into SHOT values (4173, 4641, 4642, 3932, 12.070, 348.10, 78.00, 12.070, 348.10, 78.00, 0.000, 3.91, 0.00);
insert into SHOT values (4174, 4642, 4643, 3932, 3.720, 351.10, 49.00, 3.720, 351.10, 49.00, 0.000, 40.14, 0.15);
insert into CENTRELINE values (3934, 3906, NULL, NULL, NULL, 0.00, 0.00, 0.00);
 insert into SURVEY values (3936, 22, '401', '401.UltimaPatagonia', '401 Tempanos');
 insert into CENTRELINE values (3937, 3936, NULL, NULL, NULL, 0.00, 0.00, 0.00);
 insert into CENTRELINE values (3938, 3936, NULL, NULL, NULL, 0.00, 0.00, 0.00);
 insert into CENTRELINE values (3940, 22, NULL, NULL, NULL, 0.00, 0.00, 0.00);
 insert into STATION values (1, 'ENT_101001', 24, 476162.00, 4461336.00, 2.00);
insert into STATION_FLAG values(1, 'fix');
insert into STATION values (2, 'ENT_102001', 28, 476260.00, 4449342.00, 30.00);
insert into STATION_FLAG values(2, 'fix');
insert into STATION values (3, 'ENT_102002', 28, 474766.00, 4451367.00, 50.00);
insert into STATION_FLAG values(3, 'fix');
insert into STATION values (4, 'ENT_104001', 32, 475478.00, 4450597.00, 5.00);
insert into STATION_FLAG values(4, 'fix');
insert into STATION values (5, 'ENT_104002', 32, 475729.00, 4450525.00, 0.00);
insert into STATION_FLAG values(5, 'fix');
insert into STATION values (6, 'ENT_105001', 36, 482677.00, 4454593.00, 20.00);
insert into STATION_FLAG values(6, 'fix');
insert into STATION values (7, 'ENT_105002', 36, 482677.00, 4454593.00, 30.00);
insert into STATION_FLAG values(7, 'fix');
insert into STATION values (8, '2', 740, 490171.92, 4452143.38, 78.13);
insert into STATION values (9, '1', 740, 490177.81, 4452137.17, 78.33);
insert into STATION values (10, '3', 740, 490173.36, 4452154.27, 69.94);
insert into STATION values (11, '4', 740, 490176.46, 4452155.44, 67.22);
insert into STATION values (12, '5', 740, 490183.59, 4452158.87, 70.35);
insert into STATION values (13, '6', 740, 490190.88, 4452168.43, 71.80);
insert into STATION values (14, '7', 740, 490192.22, 4452178.90, 70.46);
insert into STATION values (15, '8', 740, 490195.68, 4452185.34, 72.38);
insert into STATION values (16, '9', 740, 490195.49, 4452191.15, 75.43);
insert into STATION values (17, '10', 740, 490194.15, 4452199.71, 71.64);
insert into STATION values (18, '11', 740, 490194.04, 4452206.60, 69.98);
insert into STATION values (19, '12', 740, 490199.06, 4452213.42, 65.77);
insert into STATION values (20, '13', 740, 490202.28, 4452219.67, 62.99);
insert into STATION values (21, '14', 740, 490193.44, 4452236.45, 53.58);
insert into STATION values (22, '15', 740, 490203.37, 4452240.97, 50.65);
insert into STATION values (23, '16', 740, 490207.55, 4452243.14, 51.74);
insert into STATION values (24, '17', 740, 490210.81, 4452247.54, 49.41);
insert into STATION values (25, '18', 740, 490205.01, 4452261.55, 56.17);
insert into STATION_FLAG values(25, 'con');
insert into STATION values (26, '19', 740, 490188.59, 4452246.83, 48.08);
insert into STATION values (27, '20', 740, 490186.14, 4452258.62, 44.79);
insert into STATION values (28, '21', 740, 490173.91, 4452277.51, 35.17);
insert into STATION values (29, '22', 740, 490167.63, 4452291.31, 30.24);
insert into STATION values (30, '23', 740, 490170.93, 4452295.78, 30.34);
insert into STATION values (31, '24', 740, 490170.78, 4452295.38, 36.46);
insert into STATION values (32, '25', 740, 490173.67, 4452294.06, 37.00);
insert into STATION values (33, '26', 740, 490178.02, 4452310.78, 29.95);
insert into STATION values (34, '27', 740, 490180.94, 4452314.93, 28.14);
insert into STATION values (35, '28', 740, 490185.09, 4452321.58, 26.38);
insert into STATION values (36, '29', 740, 490193.54, 4452328.82, 25.26);
insert into STATION values (37, '30', 740, 490203.89, 4452330.26, 23.67);
insert into STATION values (38, '31', 740, 490200.65, 4452334.38, 22.50);
insert into STATION values (39, '32', 740, 490208.06, 4452337.73, 20.98);
insert into STATION values (40, '33', 740, 490211.49, 4452344.51, 19.55);
insert into STATION values (41, '34', 740, 490216.47, 4452346.27, 20.35);
insert into STATION values (42, '35', 740, 490220.53, 4452347.32, 18.87);
insert into STATION values (43, '36', 740, 490216.16, 4452353.76, 15.93);
insert into STATION values (44, '37', 740, 490214.82, 4452354.17, 14.28);
insert into STATION values (45, '38', 740, 490213.44, 4452355.78, 12.85);
insert into STATION values (46, '39', 740, 490218.54, 4452361.03, 13.05);
insert into STATION values (47, '40', 740, 490220.43, 4452361.92, 12.62);
insert into STATION values (48, '41', 740, 490220.94, 4452364.60, 12.70);
insert into STATION values (49, '42', 740, 490221.51, 4452363.40, 9.77);
insert into STATION values (50, '43', 740, 490224.89, 4452364.94, 9.61);
insert into STATION values (51, '44', 740, 490218.55, 4452378.49, 3.24);
insert into STATION_FLAG values(51, 'ent');
insert into STATION values (52, '50', 744, 490168.33, 4452135.24, 73.71);
insert into STATION values (53, '1', 744, 490177.81, 4452137.17, 78.33);
insert into STATION values (54, '51', 744, 490156.15, 4452137.27, 68.07);
insert into STATION values (55, '52', 744, 490149.34, 4452142.36, 64.40);
insert into STATION values (56, '53', 744, 490150.89, 4452139.38, 65.55);
insert into STATION values (57, '54', 744, 490147.74, 4452150.27, 59.92);
insert into STATION values (58, '55', 744, 490141.57, 4452148.75, 58.96);
insert into STATION values (59, '56', 744, 490142.96, 4452136.50, 66.38);
insert into STATION values (60, '57', 744, 490146.54, 4452133.43, 67.38);
insert into STATION values (61, '58', 744, 490144.73, 4452127.70, 69.81);
insert into STATION values (62, '59', 744, 490139.94, 4452122.83, 71.26);
insert into STATION values (63, '60', 744, 490138.38, 4452120.08, 73.55);
insert into STATION values (64, '61', 744, 490132.08, 4452117.98, 74.84);
insert into STATION values (65, '62', 744, 490127.68, 4452120.37, 73.31);
insert into STATION values (66, '63', 744, 490125.80, 4452117.83, 72.93);
insert into STATION values (67, '64', 744, 490123.16, 4452112.53, 73.55);
insert into STATION values (68, '65', 744, 490115.49, 4452108.88, 73.99);
insert into STATION values (69, '66', 744, 490114.76, 4452109.91, 73.23);
insert into STATION values (70, '67', 744, 490110.28, 4452112.45, 73.77);
insert into STATION values (71, '68', 744, 490101.99, 4452117.34, 72.93);
insert into STATION values (72, '69', 744, 490094.34, 4452123.88, 69.66);
insert into STATION values (73, '70', 744, 490088.91, 4452121.52, 70.92);
insert into STATION values (74, '71', 744, 490080.19, 4452124.97, 70.59);
insert into STATION values (75, '72', 744, 490076.17, 4452125.64, 69.87);
insert into STATION values (76, '73', 744, 490073.72, 4452126.66, 69.64);
insert into STATION values (77, '74', 744, 490066.08, 4452126.73, 65.40);
insert into STATION values (78, '75', 744, 490059.08, 4452126.91, 60.68);
insert into STATION values (79, '76', 744, 490052.76, 4452121.89, 57.42);
insert into STATION values (80, '77', 744, 490049.45, 4452114.96, 58.77);
insert into STATION values (81, '78', 744, 490044.46, 4452104.03, 61.11);
insert into STATION values (82, '79', 744, 490038.04, 4452093.14, 58.19);
insert into STATION values (83, '80', 744, 490031.64, 4452082.71, 52.49);
insert into STATION values (84, '81', 744, 490029.92, 4452078.36, 52.40);
insert into STATION values (85, '82', 744, 490029.72, 4452073.74, 52.57);
insert into STATION values (86, '83', 744, 490024.34, 4452064.61, 48.92);
insert into STATION values (87, '84', 744, 490022.94, 4452058.31, 48.12);
insert into STATION values (88, '85', 744, 490016.89, 4452058.26, 45.92);
insert into STATION values (89, '86', 744, 490009.60, 4452058.97, 42.35);
insert into STATION values (90, '87', 744, 490004.84, 4452060.94, 44.43);
insert into STATION values (91, '88', 744, 489997.29, 4452054.94, 44.94);
insert into STATION values (92, '89', 744, 489988.58, 4452047.77, 54.08);
insert into STATION values (93, '93', 744, 489988.58, 4452047.77, 79.08);
insert into STATION values (94, '17', 744, 490210.81, 4452247.54, 49.41);
insert into STATION values (95, '90', 744, 490205.01, 4452261.57, 56.49);
insert into STATION values (96, '91', 744, 490200.11, 4452273.41, 69.31);
insert into STATION values (97, '92', 744, 490197.46, 4452275.84, 72.79);
insert into STATION values (98, '101', 748, 490167.75, 4452295.25, 29.41);
insert into STATION values (99, '23', 748, 490170.93, 4452295.78, 30.34);
insert into STATION values (100, '102', 748, 490169.80, 4452297.83, 29.18);
insert into STATION values (101, '103', 748, 490170.18, 4452300.37, 27.45);
insert into STATION values (102, '104', 748, 490168.51, 4452310.40, 21.09);
insert into STATION values (103, '105', 748, 490168.76, 4452319.75, 16.93);
insert into STATION values (104, '106', 748, 490168.32, 4452323.10, 15.56);
insert into STATION values (105, '17', 748, 490210.81, 4452247.54, 49.41);
insert into STATION values (106, '107', 748, 490213.87, 4452244.99, 51.03);
insert into STATION values (107, '108', 748, 490216.99, 4452242.09, 50.72);
insert into STATION values (108, '109', 748, 490219.13, 4452241.85, 52.69);
insert into STATION values (109, '110', 748, 490222.03, 4452239.90, 55.05);
insert into STATION values (110, '111', 748, 490223.31, 4452238.46, 53.80);
insert into STATION values (111, '112', 748, 490226.88, 4452237.57, 58.55);
insert into STATION values (112, '113', 748, 490232.14, 4452229.31, 59.07);
insert into STATION values (113, '114', 748, 490236.05, 4452221.79, 53.77);
insert into STATION values (114, '115', 748, 490236.95, 4452219.90, 53.91);
insert into STATION values (115, '116', 748, 490239.55, 4452215.81, 47.93);
insert into STATION values (116, '117', 748, 490226.40, 4452238.48, 59.72);
insert into STATION values (117, '118', 748, 490232.45, 4452243.83, 61.14);
insert into STATION values (118, '119', 748, 490234.80, 4452252.30, 60.83);
insert into STATION values (119, '120', 748, 490235.28, 4452253.82, 63.59);
insert into STATION values (120, '121', 748, 490238.36, 4452259.48, 62.80);
insert into STATION values (121, '122', 748, 490245.28, 4452261.53, 63.94);
insert into STATION values (122, '123', 748, 490247.23, 4452268.56, 63.94);
insert into STATION values (123, '124', 748, 490247.86, 4452256.57, 68.63);
insert into STATION values (124, '125', 748, 490245.37, 4452267.87, 62.59);
insert into STATION values (125, '126', 748, 490240.40, 4452274.35, 55.23);
insert into STATION values (126, '127', 748, 490217.78, 4452244.80, 54.84);
insert into STATION values (127, '15', 748, 490203.37, 4452240.97, 50.65);
insert into STATION values (128, '128', 748, 490208.64, 4452235.40, 55.26);
insert into STATION values (129, '129', 748, 490203.55, 4452234.14, 65.99);
insert into STATION values (130, '16', 748, 490207.55, 4452243.14, 51.74);
insert into STATION values (131, '130', 748, 490208.44, 4452242.06, 51.20);
insert into STATION values (132, '131', 748, 490208.61, 4452235.26, 55.79);
insert into STATION values (133, '53', 752, 490150.89, 4452139.38, 65.55);
insert into STATION values (134, '150', 752, 490150.24, 4452135.89, 66.17);
insert into STATION values (135, '151', 752, 490153.86, 4452121.87, 70.05);
insert into STATION values (136, '152', 752, 490151.27, 4452112.54, 73.58);
insert into STATION values (137, '153', 752, 490147.52, 4452103.50, 78.78);
insert into STATION values (138, '154', 752, 490143.35, 4452098.27, 82.96);
insert into STATION values (139, '155', 752, 490138.78, 4452087.78, 87.35);
insert into STATION values (140, '156', 752, 490146.06, 4452082.19, 91.63);
insert into STATION values (141, '55', 752, 490141.57, 4452148.75, 58.96);
insert into STATION values (142, '157', 752, 490145.09, 4452166.48, 51.28);
insert into STATION values (143, '158', 752, 490148.44, 4452175.78, 49.06);
insert into STATION values (144, '159', 752, 490144.71, 4452185.07, 46.64);
insert into STATION values (145, '160', 752, 490154.47, 4452193.65, 46.42);
insert into STATION values (146, '161', 752, 490154.03, 4452195.13, 47.74);
insert into STATION values (147, '162', 752, 490154.22, 4452200.54, 46.35);
insert into STATION values (148, '163', 752, 490147.51, 4452214.87, 40.06);
insert into STATION values (149, '21', 756, 490173.91, 4452277.51, 35.17);
insert into STATION values (150, '200', 756, 490170.61, 4452268.82, 36.92);
insert into STATION values (151, '201', 756, 490168.13, 4452261.12, 38.15);
insert into STATION values (152, '202', 756, 490160.10, 4452263.10, 31.95);
insert into STATION values (153, '203', 756, 490159.78, 4452275.69, 29.27);
insert into STATION values (154, '204', 756, 490158.02, 4452282.50, 26.85);
insert into STATION values (155, '205', 756, 490155.95, 4452288.36, 24.08);
insert into STATION values (156, '206', 756, 490154.35, 4452262.68, 28.23);
insert into STATION values (157, '207', 756, 490137.93, 4452260.43, 23.50);
insert into STATION values (158, '208', 756, 490139.49, 4452237.73, 31.47);
insert into STATION values (159, '209', 756, 490139.99, 4452237.69, 31.40);
insert into STATION values (160, '210', 756, 490144.83, 4452233.81, 34.19);
insert into STATION values (161, '211', 756, 490157.21, 4452227.72, 40.48);
insert into STATION values (162, '212', 756, 490165.44, 4452224.30, 44.63);
insert into STATION values (163, '213', 756, 490176.36, 4452214.96, 52.60);
insert into STATION values (164, '214', 756, 490149.69, 4452219.59, 39.48);
insert into STATION values (165, '215', 756, 490148.02, 4452215.40, 41.24);
insert into STATION values (166, '163', 756, 490147.51, 4452214.87, 40.06);
insert into STATION values (167, '66', 756, 490114.76, 4452109.91, 73.23);
insert into STATION values (168, '216', 756, 490125.17, 4452114.87, 73.23);
insert into STATION values (169, '217', 756, 490123.87, 4452117.39, 72.37);
insert into STATION values (170, '218', 756, 490121.55, 4452119.83, 72.43);
insert into STATION values (171, '219', 756, 490119.68, 4452129.05, 69.19);
insert into STATION values (172, '220', 756, 490124.01, 4452133.16, 66.14);
insert into STATION values (173, '221', 756, 490121.33, 4452144.37, 62.62);
insert into STATION values (174, '222', 756, 490118.93, 4452150.46, 60.99);
insert into STATION values (175, '223', 756, 490124.59, 4452156.63, 56.16);
insert into STATION values (176, '224', 756, 490131.42, 4452167.76, 50.07);
insert into STATION values (177, '225', 756, 490135.47, 4452164.17, 53.32);
insert into STATION values (178, '226', 756, 490140.32, 4452149.65, 58.89);
insert into STATION values (179, '55', 756, 490141.26, 4452149.86, 58.52);
insert into STATION values (180, '1', 763, 490088.00, 4452354.00, 105.00);
insert into STATION_FLAG values(180, 'ent');
insert into STATION values (181, '2', 763, 490088.47, 4452347.92, 105.64);
insert into STATION values (182, '3', 763, 490088.16, 4452340.83, 104.13);
insert into STATION values (183, '30', 763, 490088.16, 4452340.83, 96.16);
insert into STATION values (184, '4', 763, 490088.03, 4452341.05, 102.81);
insert into STATION values (185, '5', 763, 490090.11, 4452336.87, 104.15);
insert into STATION values (186, '6', 763, 490087.97, 4452336.11, 103.66);
insert into STATION values (187, '7', 763, 490092.07, 4452337.72, 106.10);
insert into STATION values (188, '8', 763, 490091.61, 4452335.01, 105.67);
insert into STATION values (189, '9', 763, 490091.48, 4452337.19, 108.57);
insert into STATION values (190, '10', 763, 490100.90, 4452337.44, 108.57);
insert into STATION values (191, '11', 763, 490096.52, 4452337.52, 102.09);
insert into STATION values (192, '12', 763, 490098.11, 4452341.18, 102.09);
insert into STATION values (193, '13', 763, 490100.78, 4452342.57, 103.06);
insert into STATION values (194, '14', 763, 490092.01, 4452340.63, 100.20);
insert into STATION values (195, '15', 763, 490093.41, 4452344.56, 96.57);
insert into STATION values (196, '16', 763, 490089.95, 4452336.88, 102.55);
insert into STATION values (197, '17', 763, 490082.80, 4452340.30, 106.42);
insert into STATION values (198, '18', 763, 490083.90, 4452338.50, 107.18);
insert into STATION values (199, '19', 763, 490085.37, 4452338.83, 107.64);
insert into STATION values (200, '20', 763, 490086.37, 4452340.59, 109.06);
insert into STATION values (201, '21', 763, 490089.76, 4452340.74, 109.60);
insert into STATION values (202, '22', 763, 490092.39, 4452347.08, 112.24);
insert into STATION values (203, '23', 763, 490088.45, 4452337.97, 109.24);
insert into STATION values (204, '24', 763, 490087.48, 4452338.78, 105.07);
insert into STATION values (205, '25', 763, 490092.14, 4452343.35, 107.07);
insert into STATION values (206, '2', 767, 490078.84, 4452333.58, 89.62);
insert into STATION values (207, '1', 767, 490077.87, 4452337.34, 85.31);
insert into STATION values (208, '3', 767, 490080.24, 4452333.49, 92.37);
insert into STATION values (209, '4', 767, 490082.91, 4452335.33, 93.49);
insert into STATION values (210, '5', 767, 490083.43, 4452339.87, 95.57);
insert into STATION values (211, '6', 767, 490088.16, 4452340.83, 96.16);
insert into STATION values (212, '2', 771, 490088.93, 4452346.81, 89.22);
insert into STATION values (213, '1', 771, 490093.61, 4452352.49, 84.97);
insert into STATION values (214, '3', 771, 490085.58, 4452344.51, 94.42);
insert into STATION values (215, '4', 771, 490086.08, 4452341.53, 96.16);
insert into STATION values (216, '5', 771, 490088.16, 4452340.83, 96.16);
insert into STATION values (217, '0', 776, 490247.10, 4452346.41, 44.89);
insert into STATION values (218, '1', 776, 490242.33, 4452337.50, 53.37);
insert into STATION values (219, '2', 776, 490244.00, 4452332.59, 54.48);
insert into STATION values (220, '3', 776, 490244.34, 4452330.64, 60.56);
insert into STATION values (221, '4', 776, 490239.69, 4452330.68, 54.53);
insert into STATION values (222, '5', 776, 490236.54, 4452329.15, 55.54);
insert into STATION values (223, '6', 776, 490237.60, 4452324.83, 59.27);
insert into STATION values (224, '7', 776, 490235.77, 4452331.54, 54.86);
insert into STATION values (225, '8', 776, 490237.72, 4452333.94, 50.44);
insert into STATION values (226, '9', 776, 490233.39, 4452336.66, 47.49);
insert into STATION values (227, '10', 776, 490228.87, 4452341.36, 38.51);
insert into STATION values (228, '11', 776, 490228.39, 4452342.86, 33.03);
insert into STATION values (229, '12', 776, 490224.06, 4452348.42, 26.22);
insert into STATION values (230, '13', 776, 490216.58, 4452348.96, 20.97);
insert into STATION values (231, '14', 776, 490215.28, 4452347.62, 19.16);
insert into STATION values (232, 'C', 776, 490216.60, 4452347.14, 17.22);
insert into STATION values (233, '15', 776, 490210.08, 4452346.24, 18.69);
insert into STATION values (234, '16', 776, 490202.83, 4452337.33, 20.31);
insert into STATION values (235, '17', 776, 490194.24, 4452335.05, 22.69);
insert into STATION values (236, '100', 776, 490218.55, 4452378.49, 3.24);
insert into STATION values (237, '101', 776, 490229.80, 4452369.67, 15.90);
insert into STATION values (238, '102', 776, 490236.24, 4452366.41, 15.85);
insert into STATION values (239, '103', 776, 490239.79, 4452362.07, 18.51);
insert into STATION values (240, '104', 776, 490243.18, 4452358.62, 18.75);
insert into STATION values (241, '105', 776, 490244.63, 4452351.30, 20.60);
insert into STATION values (242, '106', 776, 490235.61, 4452348.63, 17.82);
insert into STATION values (243, '107', 776, 490230.83, 4452347.43, 17.45);
insert into STATION values (244, '108', 776, 490225.45, 4452341.18, 16.37);
insert into STATION values (245, 'U', 776, 490221.10, 4452344.11, 16.16);
insert into STATION values (246, 'A', 776, 490213.08, 4452353.89, 13.94);
insert into STATION values (247, 'B', 776, 490216.14, 4452350.02, 16.72);
insert into STATION values (248, 'D', 776, 490212.47, 4452347.68, 19.44);
insert into STATION values (249, 'E', 776, 490208.31, 4452345.40, 18.74);
insert into STATION values (250, 'F', 776, 490200.72, 4452336.45, 21.14);
insert into STATION values (251, 'G', 776, 490199.54, 4452337.68, 21.14);
insert into STATION values (252, 'H', 776, 490203.73, 4452343.41, 29.02);
insert into STATION values (253, 'I', 776, 490198.93, 4452335.93, 21.54);
insert into STATION values (254, 'J', 776, 490202.00, 4452333.37, 23.54);
insert into STATION values (255, 'K', 776, 490192.59, 4452330.80, 25.50);
insert into STATION values (256, 'L', 776, 490188.05, 4452326.91, 25.46);
insert into STATION values (257, 'M', 776, 490180.24, 4452320.18, 26.24);
insert into STATION values (258, 'N', 776, 490176.71, 4452310.94, 29.12);
insert into STATION values (259, '30', 776, 490219.23, 4452361.09, 13.04);
insert into STATION values (260, '31', 776, 490220.03, 4452362.94, 13.03);
insert into STATION values (261, '32', 776, 490220.00, 4452363.00, 10.00);
insert into STATION_FLAG values(261, 'ent');
insert into STATION values (262, '33', 776, 490222.19, 4452364.92, 9.73);
insert into STATION values (263, 'N1', 776, 490170.78, 4452295.38, 36.46);
insert into STATION values (264, 'O', 776, 490208.05, 4452334.20, 24.59);
insert into STATION values (265, 'P', 776, 490212.29, 4452337.94, 22.59);
insert into STATION values (266, 'Q', 776, 490213.68, 4452343.38, 21.18);
insert into STATION values (267, 'R', 776, 490212.72, 4452341.68, 19.72);
insert into STATION values (268, 'S', 776, 490215.43, 4452339.49, 18.51);
insert into STATION values (269, 'T', 776, 490218.79, 4452340.10, 16.91);
insert into STATION values (270, 'ENT_106001', 40, 490220.00, 4452363.00, 10.00);
insert into STATION_FLAG values(270, 'fix');
insert into STATION values (271, 'ENT_106002', 40, 490289.00, 4451286.00, 35.00);
insert into STATION_FLAG values(271, 'fix');
insert into STATION values (272, 'ENT_106003', 40, 490289.00, 4451286.00, 3.00);
insert into STATION_FLAG values(272, 'fix');
insert into STATION values (273, 'ENT_106004', 40, 490541.00, 4453870.00, 20.00);
insert into STATION_FLAG values(273, 'fix');
insert into STATION values (274, 'ENT_106005', 40, 490289.00, 4451286.00, 70.00);
insert into STATION_FLAG values(274, 'fix');
insert into STATION values (275, 'ENT_106006', 40, 490604.00, 4450548.00, 0.00);
insert into STATION_FLAG values(275, 'fix');
insert into STATION values (276, 'ENT_106008', 40, 490080.00, 4452381.00, 96.00);
insert into STATION_FLAG values(276, 'fix');
insert into STATION values (277, 'ENT_106009', 40, 488815.00, 4453011.00, 186.00);
insert into STATION_FLAG values(277, 'fix');
insert into STATION values (278, 'ENT_106010', 40, 488956.00, 4452962.00, 189.00);
insert into STATION_FLAG values(278, 'fix');
insert into STATION values (279, 'ENT_106011', 40, 488956.00, 4452962.00, 201.00);
insert into STATION_FLAG values(279, 'fix');
insert into STATION values (280, 'ENT_106012', 40, 489317.00, 4452812.00, 224.00);
insert into STATION_FLAG values(280, 'fix');
insert into STATION values (281, 'ENT_106013', 40, 489234.00, 4452876.00, 213.00);
insert into STATION_FLAG values(281, 'fix');
insert into STATION values (282, 'ENT_106014', 40, 487636.00, 4452795.00, 226.00);
insert into STATION_FLAG values(282, 'fix');
insert into STATION values (283, 'ENT_106015', 40, 487474.00, 4452740.00, 218.00);
insert into STATION_FLAG values(283, 'fix');
insert into STATION values (284, 'ENT_106016', 40, 487506.00, 4452738.00, 220.00);
insert into STATION_FLAG values(284, 'fix');
insert into STATION values (285, 'ENT_106017', 40, 487836.00, 4452871.00, 225.00);
insert into STATION_FLAG values(285, 'fix');
insert into STATION values (286, 'ENT_106018', 40, 489278.00, 4452871.00, 216.00);
insert into STATION_FLAG values(286, 'fix');
insert into STATION values (287, 'ENT_106019', 40, 488833.00, 4451227.00, 325.00);
insert into STATION_FLAG values(287, 'fix');
insert into STATION values (288, 'ENT_106020', 40, 489409.00, 4452098.00, 187.00);
insert into STATION_FLAG values(288, 'fix');
insert into STATION values (289, 'ENT_106021', 40, 490088.00, 4452354.00, 105.00);
insert into STATION_FLAG values(289, 'fix');
insert into STATION values (290, '0', 791, 482804.00, 4447950.00, 369.00);
insert into STATION_FLAG values(290, 'ent');
insert into STATION values (291, '1', 791, 482801.61, 4447953.37, 369.00);
insert into STATION values (292, '2', 791, 482799.09, 4447960.98, 367.59);
insert into STATION values (293, '3', 791, 482794.21, 4447968.41, 363.63);
insert into STATION values (294, '4', 791, 482792.32, 4447973.52, 362.47);
insert into STATION values (295, '5', 791, 482789.44, 4447976.37, 358.82);
insert into STATION values (296, '6', 791, 482788.09, 4447979.50, 354.13);
insert into STATION values (297, 'A', 791, 482785.08, 4447981.58, 344.60);
insert into STATION values (298, '7', 791, 482796.47, 4447986.13, 352.81);
insert into STATION values (299, '8', 791, 482797.22, 4447990.50, 350.35);
insert into STATION values (300, '9', 791, 482798.76, 4447991.29, 349.10);
insert into STATION values (301, 'B1', 791, 482800.49, 4447988.33, 349.34);
insert into STATION values (302, 'B2', 791, 482805.05, 4447986.43, 351.14);
insert into STATION values (303, '10', 791, 482797.97, 4447993.54, 348.76);
insert into STATION values (304, '11', 791, 482796.01, 4447996.31, 346.21);
insert into STATION values (305, '12', 791, 482792.57, 4447995.99, 346.02);
insert into STATION values (306, '13', 791, 482788.69, 4447997.30, 345.81);
insert into STATION values (307, '14', 791, 482788.35, 4447999.00, 343.88);
insert into STATION values (308, '15', 791, 482786.10, 4447999.90, 342.31);
insert into STATION values (309, '16', 791, 482784.59, 4448001.20, 340.24);
insert into STATION values (310, '17', 791, 482783.09, 4448002.36, 337.21);
insert into STATION values (311, '18', 791, 482782.28, 4448004.44, 334.24);
insert into STATION values (312, 'C1', 791, 482779.63, 4448009.16, 330.45);
insert into STATION values (313, '19', 791, 482780.57, 4448007.90, 334.71);
insert into STATION values (314, '20', 791, 482780.05, 4448009.78, 337.50);
insert into STATION values (315, '21', 791, 482777.52, 4448010.35, 335.54);
insert into STATION values (316, '22', 791, 482774.85, 4448011.25, 331.35);
insert into STATION values (317, '23', 791, 482772.72, 4448010.83, 327.88);
insert into STATION values (318, '24', 791, 482763.79, 4448012.35, 321.99);
insert into STATION values (319, '25', 791, 482749.93, 4448026.06, 308.34);
insert into STATION values (320, '26', 791, 482748.38, 4448027.09, 307.59);
insert into STATION values (321, '27', 791, 482742.69, 4448028.16, 295.18);
insert into STATION values (322, 'D1', 791, 482741.38, 4448023.14, 294.91);
insert into STATION values (323, '28', 791, 482737.49, 4448026.54, 294.22);
insert into STATION values (324, '29', 791, 482732.83, 4448028.29, 293.69);
insert into STATION values (325, '30', 791, 482727.25, 4448029.97, 289.91);
insert into STATION values (326, '31', 791, 482720.52, 4448026.64, 283.61);
insert into STATION values (327, '32', 791, 482720.13, 4448021.88, 281.96);
insert into STATION values (328, '33', 791, 482715.49, 4448030.14, 275.81);
insert into STATION values (329, '34', 791, 482708.62, 4448041.01, 266.81);
insert into STATION values (330, '35', 791, 482706.56, 4448041.96, 265.16);
insert into STATION values (331, '36', 791, 482709.03, 4448046.30, 265.42);
insert into STATION values (332, '37', 791, 482709.00, 4448052.57, 261.50);
insert into STATION values (333, '38', 791, 482708.85, 4448059.05, 260.00);
insert into STATION values (334, '46A', 791, 482707.58, 4448064.87, 258.29);
insert into STATION values (335, '16B', 791, 482617.73, 4448334.05, 212.93);
insert into STATION values (336, '2A', 791, 482625.49, 4448331.12, 213.22);
insert into STATION values (337, '3A', 791, 482629.84, 4448329.03, 217.57);
insert into STATION values (338, '4A', 791, 482632.09, 4448328.14, 221.60);
insert into STATION values (339, '5A', 791, 482632.37, 4448321.05, 222.09);
insert into STATION values (340, '6A', 791, 482633.29, 4448313.88, 220.29);
insert into STATION values (341, '7A', 791, 482636.06, 4448310.74, 220.66);
insert into STATION values (342, '8A', 791, 482639.76, 4448309.63, 221.13);
insert into STATION values (343, '9A', 791, 482643.29, 4448304.05, 221.83);
insert into STATION values (344, '10A', 791, 482638.08, 4448297.31, 223.33);
insert into STATION values (345, '11A', 791, 482647.46, 4448293.00, 224.23);
insert into STATION values (346, '12A', 791, 482650.06, 4448286.33, 225.11);
insert into STATION values (347, '13A', 791, 482654.29, 4448284.47, 225.27);
insert into STATION values (348, '14A', 791, 482658.75, 4448264.07, 227.47);
insert into STATION values (349, '15A', 791, 482665.49, 4448254.54, 228.90);
insert into STATION values (350, '16A', 791, 482668.58, 4448250.34, 229.36);
insert into STATION values (351, '17A', 791, 482670.04, 4448243.64, 229.84);
insert into STATION values (352, '18A', 791, 482671.33, 4448237.74, 230.58);
insert into STATION values (353, '19A', 791, 482675.05, 4448230.85, 231.82);
insert into STATION values (354, '20A', 791, 482676.95, 4448223.90, 232.83);
insert into STATION values (355, '21A', 791, 482677.69, 4448218.12, 233.34);
insert into STATION values (356, '22A', 791, 482679.03, 4448211.43, 234.42);
insert into STATION values (357, '23A', 791, 482680.80, 4448204.49, 235.30);
insert into STATION values (358, '24A', 791, 482681.77, 4448196.93, 236.24);
insert into STATION values (359, '25A', 791, 482682.44, 4448185.33, 237.87);
insert into STATION values (360, '26A', 791, 482686.18, 4448172.57, 239.50);
insert into STATION values (361, '27A', 791, 482688.04, 4448159.84, 241.08);
insert into STATION values (362, '28A', 791, 482690.05, 4448152.97, 241.71);
insert into STATION values (363, '29A', 791, 482692.48, 4448147.84, 242.10);
insert into STATION values (364, '30A', 791, 482692.40, 4448141.74, 242.64);
insert into STATION values (365, '31A', 791, 482695.16, 4448138.71, 243.89);
insert into STATION values (366, '32A', 791, 482694.53, 4448135.68, 243.23);
insert into STATION values (367, '33A', 791, 482696.04, 4448129.31, 244.15);
insert into STATION values (368, '34A', 791, 482695.73, 4448125.49, 244.49);
insert into STATION values (369, '35A', 791, 482700.97, 4448116.14, 245.80);
insert into STATION values (370, '36A', 791, 482703.15, 4448105.28, 247.76);
insert into STATION values (371, '37A', 791, 482708.50, 4448098.97, 249.67);
insert into STATION values (372, '38A', 791, 482708.25, 4448093.61, 250.91);
insert into STATION values (373, '39A', 791, 482707.52, 4448091.58, 251.02);
insert into STATION values (374, '40A', 791, 482708.30, 4448088.91, 252.62);
insert into STATION values (375, '41A', 791, 482709.48, 4448085.13, 253.18);
insert into STATION values (376, '42A', 791, 482708.33, 4448082.73, 251.52);
insert into STATION values (377, '43A', 791, 482708.59, 4448078.22, 252.23);
insert into STATION values (378, '44A', 791, 482707.07, 4448072.82, 253.32);
insert into STATION values (379, '45A', 791, 482709.41, 4448069.74, 257.47);
insert into STATION values (380, 'JP', 791, 482592.23, 4448396.37, 189.85);
insert into STATION values (381, '1B', 791, 482597.85, 4448383.93, 194.03);
insert into STATION values (382, '2B', 791, 482596.04, 4448373.32, 188.07);
insert into STATION values (383, '3B', 791, 482595.86, 4448371.08, 184.96);
insert into STATION values (384, '4B', 791, 482597.82, 4448368.41, 184.55);
insert into STATION values (385, '5B', 791, 482602.10, 4448362.13, 184.55);
insert into STATION values (386, '6B', 791, 482603.63, 4448362.50, 183.75);
insert into STATION values (387, '7B', 791, 482604.24, 4448362.72, 185.75);
insert into STATION values (388, '8B', 791, 482607.16, 4448361.56, 185.70);
insert into STATION values (389, '9B', 791, 482608.55, 4448360.60, 188.10);
insert into STATION values (390, '10B', 791, 482609.67, 4448356.20, 188.74);
insert into STATION values (391, '11B', 791, 482607.69, 4448354.52, 188.14);
insert into STATION values (392, '12B', 791, 482610.49, 4448348.59, 189.06);
insert into STATION values (393, '13B', 791, 482612.61, 4448343.16, 184.16);
insert into STATION values (394, '14B', 791, 482612.64, 4448338.83, 208.69);
insert into STATION values (395, '15B', 791, 482613.28, 4448338.02, 213.56);
insert into STATION values (396, '1', 797, 478880.43, 4446444.19, 5.10);
insert into STATION_FLAG values(396, 'ent');
insert into STATION values (397, '2', 797, 478878.23, 4446441.97, -4.40);
insert into STATION values (398, '3', 797, 478873.21, 4446436.89, -11.40);
insert into STATION values (399, '4', 797, 478869.99, 4446433.63, -13.40);
insert into STATION values (400, '5', 797, 478866.25, 4446431.85, -16.20);
insert into STATION values (401, '6', 797, 478858.04, 4446435.62, -11.90);
insert into STATION values (402, '7', 797, 478853.21, 4446436.88, -11.90);
insert into STATION values (403, '8', 797, 478845.28, 4446436.14, -12.70);
insert into STATION values (404, '9', 797, 478838.34, 4446445.93, -12.50);
insert into STATION values (405, '10', 797, 478837.09, 4446450.50, -10.90);
insert into STATION values (406, '11', 797, 478831.04, 4446460.82, -9.90);
insert into STATION values (407, '12', 797, 478831.29, 4446463.81, -9.90);
insert into STATION values (408, '13', 797, 478830.02, 4446466.48, -9.40);
insert into STATION values (409, '14', 797, 478827.34, 4446468.47, -7.20);
insert into STATION values (410, '15', 797, 478826.31, 4446465.60, -0.90);
insert into STATION values (411, '16', 797, 478822.92, 4446472.77, 0.10);
insert into STATION values (412, '17', 797, 478820.78, 4446474.88, 0.10);
insert into STATION values (413, '18', 797, 478813.73, 4446481.85, 1.40);
insert into STATION values (414, '19', 797, 478810.21, 4446485.33, 2.10);
insert into STATION values (415, '20', 797, 478806.16, 4446491.04, 2.10);
insert into STATION values (416, '21', 797, 478802.73, 4446498.27, 2.10);
insert into STATION values (417, '22', 797, 478798.85, 4446502.10, 4.60);
insert into STATION values (418, '23', 797, 478796.47, 4446510.77, 5.10);
insert into STATION values (419, '24', 797, 478794.51, 4446514.91, 3.10);
insert into STATION values (420, '25', 797, 478791.35, 4446518.03, 0.80);
insert into STATION values (421, '26', 797, 478788.15, 4446521.80, 0.10);
insert into STATION values (422, '27', 797, 478786.85, 4446526.53, -0.90);
insert into STATION values (423, '28', 797, 478784.24, 4446536.05, 0.70);
insert into STATION values (424, '29', 797, 478784.07, 4446537.87, 1.50);
insert into STATION values (425, '30', 797, 478785.82, 4446544.59, 2.40);
insert into STATION values (426, '31', 797, 478784.33, 4446560.52, 2.60);
insert into STATION values (427, '32', 797, 478779.03, 4446567.99, -1.40);
insert into STATION values (428, '33', 797, 478774.49, 4446570.08, -1.50);
insert into STATION values (429, '34', 797, 478766.74, 4446573.63, -4.40);
insert into STATION values (430, '35', 797, 478757.15, 4446571.00, -5.40);
insert into STATION values (431, '36', 797, 478754.20, 4446571.24, -5.90);
insert into STATION values (432, '37', 797, 478752.92, 4446572.50, -8.30);
insert into STATION values (433, '38', 797, 478750.22, 4446573.21, -9.40);
insert into STATION values (434, '39', 797, 478741.24, 4446565.58, -11.70);
insert into STATION values (435, '40', 797, 478735.37, 4446562.80, -19.30);
insert into STATION values (436, '41', 797, 478725.42, 4446565.40, -23.20);
insert into STATION values (437, '42', 797, 478720.85, 4446565.78, -13.20);
insert into STATION values (438, '43', 797, 478713.14, 4446563.66, -13.40);
insert into STATION values (439, '44', 797, 478709.71, 4446560.19, -12.30);
insert into STATION values (440, '45', 797, 478706.87, 4446556.08, -12.20);
insert into STATION values (441, '46', 797, 478702.79, 4446553.18, -12.20);
insert into STATION values (442, '47', 797, 478701.94, 4446549.93, -8.50);
insert into STATION values (443, '48', 797, 478705.97, 4446552.79, -7.70);
insert into STATION values (444, '49', 797, 478702.97, 4446559.11, -7.80);
insert into STATION values (445, '50', 797, 478703.13, 4446561.06, -7.40);
insert into STATION values (446, '51', 797, 478701.52, 4446564.46, -4.10);
insert into STATION values (447, '52', 797, 478702.38, 4446561.33, -0.30);
insert into STATION values (448, '53', 797, 478700.00, 4446570.00, 0.00);
insert into STATION values (449, '0', 1021, 479563.18, 4447211.34, 316.60);
insert into STATION values (450, '1', 1021, 479561.41, 4447213.81, 320.00);
insert into STATION values (451, '2', 1021, 479554.92, 4447212.13, 323.10);
insert into STATION values (452, '3', 1021, 479552.64, 4447215.95, 324.65);
insert into STATION values (453, '3_1', 1021, 479550.83, 4447218.67, 325.27);
insert into STATION values (454, '3_2', 1021, 479547.91, 4447220.10, 323.27);
insert into STATION values (455, '3_3', 1021, 479545.26, 4447218.50, 324.12);
insert into STATION values (456, '3_4', 1021, 479541.14, 4447221.43, 326.89);
insert into STATION values (457, '3_5', 1021, 479539.14, 4447228.35, 328.77);
insert into STATION values (458, '4', 1021, 479553.63, 4447216.32, 354.95);
insert into STATION values (459, '5', 1021, 479556.10, 4447215.00, 356.65);
insert into STATION values (460, '6', 1021, 479562.88, 4447214.94, 371.54);
insert into STATION values (461, '7', 1021, 479562.96, 4447217.90, 376.78);
insert into STATION values (462, '8', 1021, 479556.00, 4447204.00, 380.00);
insert into STATION_FLAG values(462, 'ent');
insert into STATION values (463, '0_0', 1021, 479563.18, 4447211.34, 266.60);
insert into STATION values (464, '0', 1025, 476133.00, 4447399.00, 39.00);
insert into STATION_FLAG values(464, 'ent');
insert into STATION values (465, '1', 1025, 476129.25, 4447416.06, 30.10);
insert into STATION values (466, '2', 1025, 476121.74, 4447428.36, 25.42);
insert into STATION values (467, '3', 1025, 476104.84, 4447422.25, 30.06);
insert into STATION values (468, '4', 1025, 476100.02, 4447433.37, 28.73);
insert into STATION values (469, '5', 1025, 476090.77, 4447428.37, 36.37);
insert into STATION values (470, '6', 1025, 476086.79, 4447431.55, 36.47);
insert into STATION values (471, '7', 1025, 476090.53, 4447442.93, 43.53);
insert into STATION values (472, '8', 1025, 476085.89, 4447453.16, 48.30);
insert into STATION values (473, '9', 1025, 476087.11, 4447459.69, 51.98);
insert into STATION values (474, '10', 1025, 476083.61, 4447463.81, 52.98);
insert into STATION values (475, '11', 1025, 476077.71, 4447466.51, 53.44);
insert into STATION values (476, '12', 1025, 476075.43, 4447469.00, 53.32);
insert into STATION values (477, '13', 1025, 476075.48, 4447473.45, 56.55);
insert into STATION values (478, '14', 1025, 476078.28, 4447437.44, 35.80);
insert into STATION values (479, '100', 1025, 476140.58, 4447444.40, 35.17);
insert into STATION values (480, '101', 1025, 476156.49, 4447436.89, 44.17);
insert into STATION values (481, '102', 1025, 476163.07, 4447443.00, 48.04);
insert into STATION values (482, '103', 1025, 476156.13, 4447452.44, 48.12);
insert into STATION values (483, '104', 1025, 476155.06, 4447470.04, 44.11);
insert into STATION values (484, '105', 1025, 476125.64, 4447477.92, 51.71);
insert into STATION values (485, '106', 1025, 476114.57, 4447490.92, 50.93);
insert into STATION values (486, '107', 1025, 476106.90, 4447497.38, 50.32);
insert into STATION values (487, '108', 1025, 476102.30, 4447505.10, 49.33);
insert into STATION values (488, '109', 1025, 476098.83, 4447515.51, 48.96);
insert into STATION values (489, '110', 1025, 476092.48, 4447500.71, 56.27);
insert into STATION values (490, '111', 1025, 476087.04, 4447506.27, 56.10);
insert into STATION values (491, '112', 1025, 476086.06, 4447507.26, 48.23);
insert into STATION values (492, 'A0', 1029, 482342.79, 4446993.18, 28.85);
insert into STATION values (493, 'A1', 1029, 482343.77, 4446989.74, 31.48);
insert into STATION values (494, 'B0', 1029, 482343.77, 4446989.74, 31.48);
insert into STATION values (495, 'A2', 1029, 482344.47, 4446983.36, 35.83);
insert into STATION values (496, 'A3', 1029, 482347.30, 4446982.08, 38.26);
insert into STATION values (497, 'A4', 1029, 482352.49, 4446974.29, 47.28);
insert into STATION values (498, 'A5', 1029, 482357.00, 4446971.00, 50.00);
insert into STATION_FLAG values(498, 'ent');
insert into STATION values (499, 'S1-0', 1029, 482341.31, 4446996.53, 25.45);
insert into STATION values (500, 'S1-1', 1029, 482339.97, 4447005.08, 18.65);
insert into STATION values (501, 'S1-2', 1029, 482338.03, 4447012.95, 14.75);
insert into STATION values (502, 'S1-3', 1029, 482337.85, 4447015.70, 11.85);
insert into STATION values (503, 'S1-4', 1029, 482339.64, 4447032.37, 9.05);
insert into STATION values (504, 'S1-5', 1029, 482347.87, 4447037.90, 10.35);
insert into STATION values (505, 'S1-6', 1029, 482352.25, 4447038.19, 12.75);
insert into STATION values (506, 'S1-7', 1029, 482357.81, 4447037.59, 16.05);
insert into STATION values (507, 'S1-8', 1029, 482362.70, 4447034.64, 19.15);
insert into STATION values (508, 'S1-9', 1029, 482368.21, 4447036.00, 23.25);
insert into STATION values (509, 'S1-10', 1029, 482371.83, 4447041.99, 23.35);
insert into STATION values (510, 'S1-11', 1029, 482372.36, 4447046.93, 22.75);
insert into STATION values (511, 'S1-12', 1029, 482376.03, 4447056.41, 14.65);
insert into STATION values (512, 'D1', 1029, 482352.24, 4446997.88, 36.11);
insert into STATION values (513, 'D2', 1029, 482351.48, 4446999.21, 35.57);
insert into STATION values (514, 'D3', 1029, 482356.11, 4447002.06, 37.94);
insert into STATION values (515, 'D4', 1029, 482357.32, 4447014.78, 30.17);
insert into STATION values (516, 'D5', 1029, 482358.61, 4447006.48, 35.06);
insert into STATION values (517, 'D6', 1029, 482366.05, 4447009.25, 38.52);
insert into STATION values (518, 'D7', 1029, 482378.01, 4447001.92, 50.05);
insert into STATION values (519, 'D8', 1029, 482379.60, 4446997.79, 53.53);
insert into STATION values (520, 'D9', 1029, 482363.08, 4447015.96, 30.47);
insert into STATION values (521, 'D10', 1029, 482360.28, 4447022.05, 27.20);
insert into STATION values (522, 'D11', 1029, 482358.41, 4446999.57, 40.21);
insert into STATION values (523, 'D12', 1029, 482362.35, 4446996.07, 45.11);
insert into STATION values (524, 'D13', 1029, 482362.49, 4446992.10, 48.99);
insert into STATION values (525, 'D14', 1029, 482366.64, 4446988.88, 52.00);
insert into STATION values (526, 'D15', 1029, 482369.11, 4446990.89, 53.60);
insert into STATION values (527, 'D16', 1029, 482366.49, 4446985.23, 54.16);
insert into STATION values (528, 'cairn', 1036, 479886.38, 4447869.91, 336.88);
insert into STATION values (529, '1', 1036, 479875.97, 4447873.38, 332.09);
insert into STATION values (530, '2', 1036, 479872.00, 4447878.76, 329.99);
insert into STATION values (531, '3', 1036, 479868.06, 4447883.27, 328.65);
insert into STATION values (532, '4', 1036, 479867.98, 4447885.02, 327.16);
insert into STATION values (533, '5', 1036, 479859.25, 4447882.54, 320.49);
insert into STATION values (534, '6', 1036, 479856.55, 4447878.87, 315.05);
insert into STATION values (535, '7', 1036, 479852.93, 4447876.62, 311.57);
insert into STATION values (536, '8', 1036, 479848.29, 4447870.72, 306.16);
insert into STATION values (537, '9', 1036, 479846.82, 4447868.03, 302.86);
insert into STATION values (538, '10', 1036, 479845.52, 4447869.48, 299.90);
insert into STATION values (539, '11', 1036, 479844.52, 4447869.93, 294.93);
insert into STATION values (540, '12', 1036, 479843.34, 4447870.74, 286.11);
insert into STATION values (541, '13', 1036, 479842.19, 4447873.22, 286.71);
insert into STATION values (542, '14', 1036, 479836.00, 4447878.56, 293.50);
insert into STATION values (543, '15', 1036, 479834.64, 4447878.41, 293.60);
insert into STATION values (544, '16', 1036, 479827.95, 4447878.29, 285.46);
insert into STATION values (545, '17', 1036, 479827.59, 4447875.97, 285.78);
insert into STATION values (546, '18', 1036, 479823.76, 4447876.44, 273.37);
insert into STATION values (547, '19', 1036, 479807.91, 4447878.28, 212.84);
insert into STATION values (548, '20', 1036, 479807.58, 4447878.27, 217.61);
insert into STATION values (549, '21', 1036, 479807.58, 4447878.27, 237.61);
insert into STATION values (550, '22', 1036, 479806.42, 4447875.22, 238.28);
insert into STATION values (551, '23', 1036, 479803.93, 4447872.47, 240.64);
insert into STATION values (552, '24', 1036, 479803.93, 4447872.47, 257.39);
insert into STATION values (553, '25', 1036, 479804.54, 4447868.58, 257.34);
insert into STATION values (554, '26', 1036, 479808.08, 4447866.38, 262.11);
insert into STATION values (555, '27', 1036, 479809.30, 4447866.33, 262.26);
insert into STATION values (556, '28', 1036, 479810.22, 4447865.35, 262.19);
insert into STATION values (557, '29', 1036, 479813.26, 4447866.50, 262.58);
insert into STATION values (558, '30', 1036, 479814.64, 4447865.85, 265.23);
insert into STATION values (559, '31', 1036, 479816.02, 4447869.71, 268.08);
insert into STATION values (560, '1000', 1036, 479807.93, 4447873.35, 207.24);
insert into STATION values (561, '1001', 1036, 479810.02, 4447875.27, 206.02);
insert into STATION values (562, '1002', 1036, 479809.74, 4447877.82, 206.51);
insert into STATION values (563, '1003', 1036, 479808.70, 4447878.60, 206.47);
insert into STATION values (564, '1004', 1036, 479807.09, 4447878.48, 206.73);
insert into STATION values (565, '1005', 1036, 479806.79, 4447879.99, 206.53);
insert into STATION values (566, '1006', 1036, 479810.67, 4447882.08, 207.02);
insert into STATION values (567, '1007', 1036, 479810.03, 4447883.87, 205.02);
insert into STATION values (568, '1008', 1036, 479809.47, 4447885.43, 204.24);
insert into STATION values (569, '1009', 1036, 479808.17, 4447887.07, 204.41);
insert into STATION values (570, '1010', 1036, 479808.90, 4447888.54, 204.95);
insert into STATION values (571, '1011', 1036, 479807.94, 4447889.46, 205.05);
insert into STATION values (572, '1012', 1036, 479806.88, 4447889.73, 205.13);
insert into STATION values (573, '1013', 1036, 479806.07, 4447891.54, 203.98);
insert into STATION values (574, '1014', 1036, 479804.59, 4447893.37, 202.98);
insert into STATION values (575, '1015', 1036, 479802.85, 4447894.01, 202.67);
insert into STATION values (576, '1016', 1036, 479802.09, 4447895.24, 202.24);
insert into STATION values (577, '1017', 1036, 479800.92, 4447894.68, 202.94);
insert into STATION values (578, '1018', 1036, 479799.60, 4447895.25, 202.32);
insert into STATION values (579, '1019', 1036, 479797.32, 4447894.78, 201.67);
insert into STATION values (580, '1020', 1036, 479797.26, 4447897.17, 203.78);
insert into STATION values (581, '1021', 1036, 479796.63, 4447893.57, 201.94);
insert into STATION values (582, '1022', 1036, 479792.66, 4447893.98, 200.90);
insert into STATION values (583, '1023', 1036, 479794.04, 4447897.06, 201.00);
insert into STATION values (584, '1024', 1036, 479789.83, 4447897.33, 200.97);
insert into STATION values (585, '1025', 1036, 479790.87, 4447899.06, 201.70);
insert into STATION values (586, '1026', 1036, 479791.99, 4447899.73, 201.07);
insert into STATION values (587, '1027', 1036, 479792.10, 4447902.64, 200.53);
insert into STATION values (588, '1028', 1036, 479790.42, 4447903.70, 199.82);
insert into STATION values (589, '1029', 1036, 479791.48, 4447906.21, 199.90);
insert into STATION values (590, '1030', 1036, 479790.05, 4447907.86, 200.05);
insert into STATION values (591, '1031', 1036, 479789.73, 4447909.60, 199.32);
insert into STATION values (592, '1032', 1036, 479788.58, 4447910.25, 199.84);
insert into STATION values (593, '1033', 1036, 479791.95, 4447913.22, 199.12);
insert into STATION values (594, '1034', 1036, 479787.93, 4447913.33, 198.86);
insert into STATION values (595, '1035', 1036, 479787.07, 4447914.69, 198.37);
insert into STATION values (596, '1036', 1036, 479790.28, 4447916.89, 197.65);
insert into STATION values (597, '1037', 1036, 479789.29, 4447919.31, 197.60);
insert into STATION values (598, '1038', 1036, 479789.12, 4447921.53, 198.05);
insert into STATION values (599, '1039', 1036, 479786.95, 4447920.66, 196.51);
insert into STATION values (600, '1040', 1036, 479787.72, 4447924.11, 195.44);
insert into STATION values (601, '1041', 1036, 479786.93, 4447926.04, 195.84);
insert into STATION values (602, '1042', 1036, 479786.26, 4447928.92, 195.63);
insert into STATION values (603, '1043', 1036, 479788.18, 4447931.24, 195.06);
insert into STATION values (604, '1044', 1036, 479786.41, 4447934.68, 193.86);
insert into STATION values (605, '1045', 1036, 479787.06, 4447937.57, 194.04);
insert into STATION values (606, '1046', 1036, 479785.00, 4447938.48, 194.26);
insert into STATION values (607, '1047', 1036, 479784.40, 4447939.92, 194.52);
insert into STATION values (608, '1048', 1036, 479787.96, 4447942.53, 194.49);
insert into STATION values (609, '1049', 1036, 479785.60, 4447942.79, 194.32);
insert into STATION values (610, '1050', 1036, 479787.22, 4447945.14, 193.31);
insert into STATION values (611, '1051', 1036, 479786.13, 4447946.57, 193.26);
insert into STATION values (612, '1052', 1036, 479789.27, 4447947.72, 193.43);
insert into STATION values (613, '1053', 1036, 479789.75, 4447948.94, 193.57);
insert into STATION values (614, '1054', 1036, 479787.58, 4447949.89, 192.85);
insert into STATION values (615, '1055', 1036, 479789.32, 4447952.15, 193.33);
insert into STATION values (616, '1056', 1036, 479788.02, 4447955.20, 193.37);
insert into STATION values (617, '1057', 1036, 479785.64, 4447952.50, 192.64);
insert into STATION values (618, '1058', 1036, 479784.08, 4447951.02, 192.58);
insert into STATION values (619, '1059', 1036, 479781.67, 4447955.24, 191.69);
insert into STATION values (620, '1060', 1036, 479783.41, 4447956.75, 191.78);
insert into STATION values (621, '1061', 1036, 479781.30, 4447957.05, 192.28);
insert into STATION values (622, '1062', 1036, 479779.33, 4447961.92, 190.73);
insert into STATION values (623, '1063', 1036, 479782.00, 4447963.74, 190.52);
insert into STATION values (624, '1064', 1036, 479781.57, 4447965.74, 189.63);
insert into STATION values (625, '1065', 1036, 479783.96, 4447967.93, 188.55);
insert into STATION values (626, '1066', 1036, 479781.35, 4447963.86, 193.12);
insert into STATION values (627, '1067', 1036, 479783.32, 4447963.60, 193.57);
insert into STATION values (628, '1068', 1036, 479786.75, 4447968.11, 192.38);
insert into STATION values (629, '1069', 1036, 479789.19, 4447970.46, 190.58);
insert into STATION values (630, '1070', 1036, 479787.29, 4447972.99, 187.63);
insert into STATION values (631, '1071', 1036, 479789.37, 4447973.22, 186.40);
insert into STATION values (632, '1072', 1036, 479791.35, 4447975.30, 184.65);
insert into STATION values (633, '1073', 1036, 479790.06, 4447976.81, 183.00);
insert into STATION values (634, '999', 1036, 479809.94, 4447870.91, 207.48);
insert into STATION values (635, '998', 1036, 479809.09, 4447869.82, 207.58);
insert into STATION values (636, '997', 1036, 479810.10, 4447868.96, 208.28);
insert into STATION values (637, '996', 1036, 479811.42, 4447866.94, 208.38);
insert into STATION values (638, '995', 1036, 479817.11, 4447863.62, 208.90);
insert into STATION values (639, '994', 1036, 479815.01, 4447865.14, 217.43);
insert into STATION values (640, '993', 1036, 479814.45, 4447865.67, 240.82);
insert into STATION values (641, '992', 1036, 479816.58, 4447863.79, 264.30);
insert into STATION values (642, '991', 1036, 479814.70, 4447864.11, 267.75);
insert into STATION values (643, '990', 1036, 479815.08, 4447863.99, 270.53);
insert into STATION values (644, 'Dev', 1036, 479881.23, 4447865.46, 342.63);
insert into STATION values (645, '0', 1036, 479879.00, 4447862.00, 347.00);
insert into STATION_FLAG values(645, 'ent');
insert into STATION values (646, '1074', 1036, 479788.57, 4447978.14, 183.94);
insert into STATION values (647, '1075', 1036, 479788.60, 4447978.64, 183.98);
insert into STATION values (648, '1076', 1036, 479790.05, 4447978.25, 179.85);
insert into STATION values (649, '1077', 1036, 479788.74, 4447980.52, 179.29);
insert into STATION values (650, '1078', 1036, 479789.33, 4447982.74, 176.14);
insert into STATION values (651, '1079', 1036, 479790.40, 4447984.40, 175.47);
insert into STATION values (652, '1080', 1036, 479788.20, 4447985.11, 172.71);
insert into STATION values (653, '1081', 1036, 479785.13, 4447985.98, 172.87);
insert into STATION values (654, '1082', 1036, 479783.91, 4447985.44, 165.28);
insert into STATION values (655, '1083', 1036, 479782.18, 4447987.55, 164.82);
insert into STATION values (656, '1084', 1036, 479780.77, 4447986.66, 164.37);
insert into STATION values (657, '1085', 1036, 479780.52, 4447988.21, 164.17);
insert into STATION values (658, '1086', 1036, 479778.54, 4447988.04, 164.29);
insert into STATION values (659, '1087', 1036, 479782.11, 4447996.64, 160.30);
insert into STATION values (660, '1088', 1036, 479780.72, 4447997.28, 160.40);
insert into STATION values (661, '1089', 1036, 479782.37, 4447997.73, 160.55);
insert into STATION values (662, '1090', 1036, 479778.40, 4448000.12, 160.25);
insert into STATION values (663, '1091', 1036, 479778.13, 4447998.14, 160.14);
insert into STATION values (664, '1092', 1036, 479777.58, 4447999.60, 159.99);
insert into STATION values (665, '1093', 1036, 479775.67, 4447999.43, 159.65);
insert into STATION values (666, '1094', 1036, 479776.71, 4448001.10, 159.41);
insert into STATION values (667, '1095', 1036, 479775.17, 4448001.12, 158.83);
insert into STATION values (668, '1096', 1036, 479774.99, 4448007.02, 158.29);
insert into STATION values (669, '1097', 1036, 479773.88, 4448007.90, 158.06);
insert into STATION values (670, '1098', 1036, 479774.79, 4448006.69, 157.92);
insert into STATION values (671, '1099', 1036, 479775.36, 4448009.73, 156.40);
insert into STATION values (672, '1100', 1036, 479778.71, 4448012.91, 156.05);
insert into STATION values (673, '1101', 1036, 479780.09, 4448017.19, 155.69);
insert into STATION values (674, '1102', 1036, 479778.54, 4448017.42, 155.60);
insert into STATION values (675, '1103', 1036, 479776.19, 4448019.07, 154.47);
insert into STATION values (676, '1104', 1036, 479773.57, 4448021.87, 153.46);
insert into STATION values (677, '1105', 1036, 479773.97, 4448024.61, 153.64);
insert into STATION values (678, '1106', 1036, 479775.10, 4448024.39, 154.24);
insert into STATION values (679, '1107', 1036, 479770.43, 4448027.19, 155.76);
insert into STATION values (680, '1108', 1036, 479779.69, 4448037.42, 154.55);
insert into STATION values (681, '1109', 1036, 479783.50, 4448041.80, 153.92);
insert into STATION values (682, '1110', 1036, 479783.42, 4448045.03, 153.78);
insert into STATION values (683, '1111', 1036, 479783.12, 4448046.61, 153.96);
insert into STATION values (684, '1112', 1036, 479773.38, 4448039.85, 153.65);
insert into STATION values (685, '1113', 1036, 479766.55, 4448032.49, 153.25);
insert into STATION values (686, '1114', 1036, 479757.43, 4448034.40, 153.41);
insert into STATION values (687, '1115', 1036, 479757.40, 4448042.88, 153.30);
insert into STATION values (688, '1116', 1036, 479762.84, 4448044.22, 152.62);
insert into STATION values (689, '1117', 1036, 479760.60, 4448046.30, 152.94);
insert into STATION values (690, '1118', 1036, 479768.52, 4448054.36, 152.51);
insert into STATION values (691, '1119', 1036, 479760.64, 4448059.15, 152.31);
insert into STATION values (692, '1120', 1036, 479761.06, 4448063.14, 152.18);
insert into STATION values (693, '1121', 1036, 479756.69, 4448068.32, 151.97);
insert into STATION values (694, '1122', 1036, 479759.53, 4448073.67, 151.72);
insert into STATION values (695, '1123', 1036, 479756.78, 4448077.88, 150.61);
insert into STATION values (696, '1124', 1036, 479754.42, 4448078.46, 150.64);
insert into STATION values (697, '1125', 1036, 479750.15, 4448076.98, 150.18);
insert into STATION values (698, '1126', 1036, 479748.88, 4448073.25, 150.23);
insert into STATION values (699, '1127', 1036, 479750.39, 4448070.48, 150.09);
insert into STATION values (700, '1128', 1036, 479749.09, 4448065.71, 149.47);
insert into STATION values (701, '1129', 1036, 479743.00, 4448059.63, 149.56);
insert into STATION values (702, '1130', 1036, 479742.79, 4448053.15, 148.59);
insert into STATION values (703, '1131', 1036, 479740.70, 4448050.35, 148.10);
insert into STATION values (704, '1132', 1036, 479741.48, 4448048.78, 148.88);
insert into STATION values (705, '1133', 1036, 479737.53, 4448046.53, 148.75);
insert into STATION values (706, '1134', 1036, 479737.10, 4448043.60, 148.35);
insert into STATION values (707, '1135', 1036, 479735.83, 4448040.74, 147.81);
insert into STATION values (708, '1136', 1036, 479731.57, 4448042.61, 147.94);
insert into STATION values (709, '2000', 1036, 479730.19, 4448048.34, 148.14);
insert into STATION values (710, '2001', 1036, 479727.15, 4448046.51, 149.13);
insert into STATION values (711, '2002', 1036, 479719.99, 4448048.05, 147.68);
insert into STATION values (712, '2003', 1036, 479714.62, 4448045.46, 148.64);
insert into STATION values (713, '2004', 1036, 479708.09, 4448047.28, 148.19);
insert into STATION values (714, '2005', 1036, 479704.14, 4448048.67, 148.36);
insert into STATION values (715, '2006', 1036, 479700.66, 4448046.26, 148.25);
insert into STATION values (716, '2007', 1036, 479691.26, 4448048.06, 148.02);
insert into STATION values (717, '2008', 1036, 479681.98, 4448048.12, 147.89);
insert into STATION values (718, '2009', 1036, 479673.96, 4448045.32, 147.66);
insert into STATION values (719, '2010', 1036, 479659.54, 4448041.66, 147.04);
insert into STATION values (720, '2011', 1036, 479661.23, 4448034.52, 147.59);
insert into STATION values (721, '2012', 1036, 479657.37, 4448032.49, 147.79);
insert into STATION values (722, '2013', 1036, 479655.22, 4448038.64, 147.25);
insert into STATION values (723, '2014', 1036, 479649.48, 4448035.09, 147.50);
insert into STATION values (724, '2015', 1036, 479637.99, 4448035.24, 146.76);
insert into STATION values (725, '2016', 1036, 479634.83, 4448034.34, 147.13);
insert into STATION values (726, '2017', 1036, 479637.13, 4448025.07, 147.55);
insert into STATION values (727, '2018', 1036, 479623.70, 4448022.43, 146.50);
insert into STATION values (728, '2019', 1036, 479613.34, 4448019.47, 146.59);
insert into STATION values (729, '2020', 1036, 479608.35, 4448020.14, 146.33);
insert into STATION values (730, '2021', 1036, 479606.74, 4448030.10, 146.36);
insert into STATION values (731, '2022', 1036, 479599.22, 4448025.47, 146.11);
insert into STATION values (732, '2023', 1036, 479591.11, 4448023.17, 145.89);
insert into STATION values (733, '2024', 1036, 479589.03, 4448020.67, 145.66);
insert into STATION values (734, '2025', 1036, 479581.53, 4448018.49, 146.65);
insert into STATION values (735, '2026', 1036, 479576.17, 4448009.95, 145.59);
insert into STATION values (736, '2027', 1036, 479567.66, 4448010.75, 145.72);
insert into STATION values (737, '2028', 1036, 479560.44, 4448000.76, 145.98);
insert into STATION values (738, '2029', 1036, 479551.78, 4447994.77, 146.31);
insert into STATION values (739, '2030', 1036, 479537.62, 4447999.88, 145.84);
insert into STATION values (740, '2031', 1036, 479534.25, 4447984.37, 145.39);
insert into STATION values (741, '2032', 1036, 479521.88, 4447982.86, 145.09);
insert into STATION values (742, '2033', 1036, 479519.57, 4447972.66, 145.46);
insert into STATION values (743, '2034', 1036, 479506.37, 4447971.63, 145.48);
insert into STATION values (744, '2035', 1036, 479489.91, 4447966.11, 144.78);
insert into STATION values (745, '2036', 1036, 479493.66, 4447948.24, 144.62);
insert into STATION values (746, '2037', 1036, 479499.15, 4447943.07, 144.24);
insert into STATION values (747, '2038', 1036, 479499.72, 4447933.78, 144.50);
insert into STATION values (748, 'A1', 1036, 479634.23, 4447881.48, 157.22);
insert into STATION values (749, 'A2', 1036, 479629.54, 4447882.53, 156.31);
insert into STATION values (750, 'A3', 1036, 479627.66, 4447889.56, 153.83);
insert into STATION values (751, 'A4', 1036, 479627.50, 4447892.55, 153.73);
insert into STATION values (752, 'A5', 1036, 479624.15, 4447891.78, 153.64);
insert into STATION values (753, 'A6', 1036, 479623.54, 4447894.02, 153.72);
insert into STATION values (754, 'A7', 1036, 479619.98, 4447891.22, 153.67);
insert into STATION values (755, 'A8', 1036, 479618.66, 4447890.97, 153.60);
insert into STATION values (756, 'A9', 1036, 479616.56, 4447894.46, 152.28);
insert into STATION values (757, 'A10', 1036, 479612.97, 4447893.73, 152.45);
insert into STATION values (758, 'A11', 1036, 479611.81, 4447895.66, 152.18);
insert into STATION values (759, 'A12', 1036, 479614.41, 4447896.88, 152.15);
insert into STATION values (760, 'A13', 1036, 479612.67, 4447900.50, 151.86);
insert into STATION values (761, 'A14', 1036, 479609.98, 4447899.19, 151.80);
insert into STATION values (762, 'A15', 1036, 479607.03, 4447900.76, 151.71);
insert into STATION values (763, 'A16', 1036, 479608.88, 4447904.10, 151.65);
insert into STATION values (764, 'A17', 1036, 479608.76, 4447906.52, 151.70);
insert into STATION values (765, 'A18', 1036, 479611.68, 4447906.26, 151.32);
insert into STATION values (766, 'A19', 1036, 479609.88, 4447911.79, 151.28);
insert into STATION values (767, 'A20', 1036, 479607.95, 4447913.81, 151.52);
insert into STATION values (768, 'A21', 1036, 479610.91, 4447916.11, 151.87);
insert into STATION values (769, 'A22', 1036, 479612.83, 4447914.26, 150.86);
insert into STATION values (770, 'A23', 1036, 479614.57, 4447916.50, 150.71);
insert into STATION values (771, 'A24', 1036, 479614.31, 4447917.93, 150.26);
insert into STATION values (772, 'A25', 1036, 479618.28, 4447916.17, 149.56);
insert into STATION values (773, 'A26', 1036, 479620.27, 4447916.27, 149.24);
insert into STATION values (774, 'A27', 1036, 479619.66, 4447919.82, 148.93);
insert into STATION values (775, 'A28', 1036, 479619.31, 4447921.48, 149.14);
insert into STATION values (776, 'A29', 1036, 479623.25, 4447921.35, 149.30);
insert into STATION values (777, 'A30', 1036, 479622.77, 4447925.28, 149.22);
insert into STATION values (778, 'A31', 1036, 479619.26, 4447926.84, 148.98);
insert into STATION values (779, 'A32', 1036, 479618.06, 4447928.43, 149.07);
insert into STATION values (780, 'A33', 1036, 479615.29, 4447928.91, 148.70);
insert into STATION values (781, 'A34', 1036, 479613.89, 4447933.25, 147.69);
insert into STATION values (782, 'A35', 1036, 479608.64, 4447940.67, 146.93);
insert into STATION values (783, 'A36', 1036, 479601.25, 4447943.07, 146.87);
insert into STATION values (784, 'A37', 1036, 479599.49, 4447941.66, 146.72);
insert into STATION values (785, 'A38', 1036, 479596.18, 4447943.42, 146.12);
insert into STATION values (786, 'A39', 1036, 479601.29, 4447944.73, 146.59);
insert into STATION values (787, 'A40', 1036, 479601.01, 4447949.41, 146.07);
insert into STATION values (788, 'A41', 1036, 479597.54, 4447950.90, 145.92);
insert into STATION values (789, 'A42', 1036, 479600.26, 4447952.68, 145.50);
insert into STATION values (790, 'A43', 1036, 479597.91, 4447956.55, 146.00);
insert into STATION values (791, 'A44', 1036, 479597.55, 4447961.42, 145.88);
insert into STATION values (792, 'A45', 1036, 479599.92, 4447964.26, 145.38);
insert into STATION values (793, 'A46', 1036, 479598.50, 4447966.25, 145.26);
insert into STATION values (794, 'A47', 1036, 479601.75, 4447972.46, 144.99);
insert into STATION values (795, 'A48', 1036, 479606.75, 4447975.79, 145.47);
insert into STATION values (796, 'A49', 1036, 479603.62, 4447978.40, 146.39);
insert into STATION values (797, 'A50', 1036, 479601.34, 4447977.65, 146.33);
insert into STATION values (798, 'A51', 1036, 479596.85, 4447983.52, 145.88);
insert into STATION values (799, 'A52', 1036, 479597.56, 4447992.04, 145.88);
insert into STATION values (800, 'A53', 1036, 479592.22, 4447995.45, 146.31);
insert into STATION values (801, 'A54', 1036, 479586.17, 4447989.98, 145.62);
insert into STATION values (802, 'A55', 1036, 479577.69, 4448000.59, 146.03);
insert into STATION values (803, 'A56', 1036, 479580.52, 4448008.96, 146.37);
insert into STATION values (804, '0', 1044, 478816.91, 4446352.98, 59.11);
insert into STATION_FLAG values(804, 'ent');
insert into STATION values (805, '1', 1044, 478822.06, 4446344.86, 56.92);
insert into STATION values (806, '2', 1044, 478829.37, 4446342.15, 55.57);
insert into STATION values (807, '3', 1044, 478826.00, 4446337.72, 54.32);
insert into STATION values (808, '4', 1044, 478831.33, 4446327.27, 52.29);
insert into STATION values (809, '5', 1044, 478821.77, 4446332.52, 52.41);
insert into STATION values (810, '6', 1044, 478821.39, 4446336.97, 50.96);
insert into STATION values (811, '7', 1044, 478819.11, 4446341.14, 50.71);
insert into STATION values (812, '8', 1044, 478817.71, 4446336.99, 50.01);
insert into STATION values (813, '9', 1044, 478814.68, 4446338.06, 50.02);
insert into STATION values (814, '10', 1044, 478808.12, 4446338.75, 48.21);
insert into STATION values (815, '11', 1044, 478805.37, 4446344.36, 50.01);
insert into STATION values (816, '12', 1044, 478810.46, 4446336.20, 47.42);
insert into STATION values (817, '13', 1044, 478803.95, 4446344.14, 45.22);
insert into STATION values (818, '14', 1044, 478830.89, 4446320.63, 54.60);
insert into STATION values (819, '15', 1044, 478840.86, 4446340.71, 61.65);
insert into STATION values (820, '16', 1044, 478840.56, 4446327.98, 69.01);
insert into STATION values (821, '17', 1044, 478849.85, 4446330.34, 73.34);
insert into STATION values (822, '18', 1044, 478841.41, 4446353.09, 56.20);
insert into STATION values (823, '19', 1044, 478848.30, 4446337.59, 71.64);
insert into STATION values (824, '20', 1044, 478841.19, 4446359.33, 56.40);
insert into STATION values (825, '21', 1044, 478841.00, 4446367.90, 58.11);
insert into STATION values (826, '22', 1044, 478839.26, 4446374.48, 55.63);
insert into STATION values (827, '23', 1044, 478834.20, 4446384.59, 52.54);
insert into STATION values (828, '24', 1044, 478845.99, 4446356.19, 57.09);
insert into STATION values (829, '25', 1044, 478847.77, 4446355.80, 55.55);
insert into STATION values (830, '26', 1044, 478849.46, 4446358.19, 52.70);
insert into STATION values (831, '27', 1044, 478850.31, 4446358.19, 50.07);
insert into STATION values (832, '28', 1044, 478853.13, 4446360.09, 49.41);
insert into STATION values (833, '29', 1044, 478852.49, 4446363.85, 48.18);
insert into STATION values (834, '30', 1044, 478856.03, 4446369.73, 45.09);
insert into STATION values (835, '31', 1044, 478857.08, 4446373.66, 43.65);
insert into STATION values (836, '32', 1044, 478858.35, 4446380.39, 44.98);
insert into STATION values (837, '33', 1044, 478860.94, 4446384.70, 43.57);
insert into STATION values (838, '34', 1044, 478862.44, 4446389.40, 43.27);
insert into STATION values (839, '35', 1044, 478864.65, 4446397.84, 42.80);
insert into STATION values (840, '36', 1044, 478866.92, 4446397.79, 44.54);
insert into STATION values (841, '37', 1044, 478872.98, 4446392.75, 45.00);
insert into STATION values (842, '38', 1044, 478880.17, 4446399.78, 43.04);
insert into STATION values (843, '39', 1044, 478883.64, 4446404.84, 42.34);
insert into STATION values (844, '40', 1044, 478886.63, 4446405.99, 42.08);
insert into STATION values (845, '41', 1044, 478890.56, 4446407.38, 43.57);
insert into STATION values (846, '42', 1044, 478894.80, 4446402.56, 38.94);
insert into STATION values (847, '43', 1044, 478901.64, 4446394.32, 40.90);
insert into STATION values (848, '44', 1044, 478887.93, 4446413.97, 48.14);
insert into STATION values (849, '45', 1044, 478885.09, 4446421.21, 46.07);
insert into STATION values (850, '46', 1044, 478881.62, 4446422.98, 47.25);
insert into STATION values (851, '47', 1044, 478879.69, 4446412.76, 53.04);
insert into STATION values (852, '48', 1044, 478869.00, 4446407.36, 53.52);
insert into STATION values (853, '49', 1044, 478860.51, 4446408.35, 51.07);
insert into STATION values (854, '50', 1044, 478853.59, 4446407.23, 51.03);
insert into STATION values (855, '51', 1044, 478849.96, 4446411.20, 49.95);
insert into STATION values (856, '52', 1044, 478839.74, 4446409.44, 50.44);
insert into STATION values (857, '53', 1044, 478839.00, 4446414.02, 51.04);
insert into STATION values (858, '54', 1044, 478907.09, 4446388.12, 45.23);
insert into STATION values (859, '55', 1044, 478909.32, 4446395.98, 43.53);
insert into STATION values (860, '56', 1044, 478913.69, 4446400.70, 42.18);
insert into STATION values (861, '57', 1044, 478919.62, 4446401.90, 43.08);
insert into STATION values (862, '58', 1044, 478925.19, 4446405.77, 40.55);
insert into STATION values (863, '59', 1044, 478930.38, 4446406.69, 37.55);
insert into STATION values (864, '60', 1044, 478936.10, 4446402.25, 37.41);
insert into STATION values (865, '61', 1044, 478908.98, 4446410.50, 41.52);
insert into STATION values (866, '62', 1044, 478914.51, 4446411.72, 44.76);
insert into STATION values (867, '63', 1044, 478915.39, 4446413.70, 44.83);
insert into STATION values (868, '64', 1044, 478915.01, 4446412.61, 48.02);
insert into STATION values (869, '65', 1044, 478919.89, 4446406.39, 47.41);
insert into STATION values (870, '66', 1044, 478915.45, 4446405.18, 43.26);
insert into STATION values (871, '67', 1044, 478926.80, 4446405.65, 49.65);
insert into STATION values (872, '68', 1044, 478925.66, 4446401.58, 49.72);
insert into STATION values (873, '69', 1044, 478934.61, 4446399.97, 50.34);
insert into STATION values (874, '70', 1044, 478940.00, 4446405.78, 49.05);
insert into STATION values (875, '71', 1044, 478943.68, 4446408.51, 48.21);
insert into STATION values (876, '72', 1044, 478944.16, 4446402.09, 49.68);
insert into STATION values (877, '73', 1044, 478944.87, 4446415.34, 46.74);
insert into STATION values (878, '74', 1044, 478948.52, 4446424.02, 42.97);
insert into STATION values (879, '75', 1044, 478952.69, 4446421.83, 38.89);
insert into STATION values (880, '76', 1044, 478969.03, 4446410.83, 33.13);
insert into STATION values (881, '77', 1044, 478983.25, 4446404.13, 27.59);
insert into STATION values (882, '78', 1044, 478991.07, 4446393.32, 26.87);
insert into STATION values (883, '79', 1044, 478997.14, 4446387.26, 26.21);
insert into STATION values (884, '80', 1044, 478998.67, 4446384.82, 26.21);
insert into STATION values (885, '81', 1044, 478998.95, 4446374.07, 20.71);
insert into STATION values (886, '82', 1044, 479007.79, 4446389.30, 29.32);
insert into STATION values (887, '83', 1044, 479016.41, 4446379.37, 30.80);
insert into STATION values (888, '84', 1044, 479030.51, 4446358.67, 29.04);
insert into STATION values (889, '85', 1044, 479043.46, 4446348.09, 34.22);
insert into STATION values (890, '86', 1044, 479051.50, 4446330.99, 31.36);
insert into STATION values (891, '87', 1044, 479050.92, 4446314.61, 27.06);
insert into STATION values (892, '88', 1044, 479056.29, 4446314.09, 27.71);
insert into STATION values (893, '89', 1044, 479062.72, 4446293.43, 28.96);
insert into STATION values (894, '90', 1044, 479032.56, 4446315.26, 20.68);
insert into STATION values (895, '91', 1044, 479034.48, 4446313.47, 21.89);
insert into STATION values (896, '92', 1044, 479050.94, 4446305.78, 24.12);
insert into STATION values (897, '93', 1044, 479058.48, 4446306.71, 27.35);
insert into STATION values (898, '94', 1044, 479068.22, 4446290.36, 29.78);
insert into STATION values (899, '95', 1044, 479072.93, 4446283.37, 33.59);
insert into STATION values (900, '96', 1044, 479082.30, 4446276.94, 36.89);
insert into STATION values (901, '97', 1044, 479087.58, 4446271.60, 39.71);
insert into STATION values (902, '98', 1044, 479098.55, 4446254.81, 39.36);
insert into STATION values (903, '99', 1044, 479100.44, 4446255.78, 40.03);
insert into STATION values (904, '100', 1044, 479105.21, 4446249.30, 30.64);
insert into STATION values (905, '101', 1044, 479108.78, 4446247.28, 29.85);
insert into STATION values (906, '102', 1044, 479111.74, 4446247.98, 28.69);
insert into STATION values (907, '103', 1044, 479113.66, 4446244.81, 27.31);
insert into STATION values (908, 'A', 1044, 479037.45, 4446310.85, 21.18);
insert into STATION values (909, '1001', 1044, 479076.11, 4446290.02, 37.53);
insert into STATION values (910, '1002', 1044, 479081.05, 4446286.99, 38.87);
insert into STATION values (911, '1003', 1044, 479083.38, 4446294.67, 37.58);
insert into STATION values (912, '1004', 1044, 479092.53, 4446307.94, 36.45);
insert into STATION values (913, '1005', 1044, 479096.98, 4446298.41, 43.22);
insert into STATION values (914, '1006', 1044, 479104.55, 4446297.45, 43.50);
insert into STATION values (915, '1007', 1044, 479111.97, 4446297.45, 41.02);
insert into STATION values (916, '1008', 1044, 479115.44, 4446292.65, 44.12);
insert into STATION values (917, '1009', 1044, 479119.63, 4446290.31, 47.62);
insert into STATION values (918, '1010', 1044, 479117.65, 4446304.89, 38.67);
insert into STATION values (919, '1011', 1044, 479111.57, 4446300.40, 38.92);
insert into STATION values (920, '1012', 1044, 479102.14, 4446307.29, 36.51);
insert into STATION values (921, '1013', 1044, 479096.34, 4446307.29, 37.95);
insert into STATION values (922, '1014', 1044, 479127.66, 4446300.46, 42.37);
insert into STATION values (923, '1015', 1044, 479129.20, 4446307.60, 38.06);
insert into STATION values (924, '1016', 1044, 479123.36, 4446305.39, 38.82);
insert into STATION values (925, '1017', 1044, 479118.87, 4446308.76, 35.36);
insert into STATION values (926, '1015A', 1044, 479136.06, 4446309.75, 38.31);
insert into STATION values (927, '1015B', 1044, 479132.51, 4446305.79, 38.52);
insert into STATION values (928, '1018', 1044, 479134.93, 4446306.08, 39.36);
insert into STATION values (929, '1019', 1044, 479137.69, 4446302.07, 40.58);
insert into STATION values (930, '1020', 1044, 479147.86, 4446300.78, 42.46);
insert into STATION values (931, '1021', 1044, 479152.56, 4446292.48, 41.48);
insert into STATION values (932, '1022', 1044, 479158.40, 4446290.04, 46.06);
insert into STATION values (933, '1023', 1044, 479165.76, 4446288.51, 44.23);
insert into STATION values (934, '1024', 1044, 479173.58, 4446279.18, 40.58);
insert into STATION values (935, '1025', 1044, 479169.79, 4446273.78, 42.83);
insert into STATION values (936, '1026', 1044, 479151.42, 4446293.79, 41.70);
insert into STATION values (937, '1027', 1044, 479150.52, 4446288.79, 43.30);
insert into STATION values (938, '1028', 1044, 479147.03, 4446286.73, 46.29);
insert into STATION values (939, '2000', 1044, 479132.55, 4446288.00, 50.69);
insert into STATION values (940, '1029', 1044, 479138.02, 4446290.16, 49.41);
insert into STATION values (941, '1030', 1044, 479094.58, 4446316.48, 32.73);
insert into STATION values (942, '1031', 1044, 479097.46, 4446320.60, 33.13);
insert into STATION values (943, '1032', 1044, 479103.08, 4446313.93, 38.65);
insert into STATION values (944, '1033', 1044, 479118.69, 4446294.24, 45.64);
insert into STATION values (945, '1034', 1044, 479127.45, 4446281.91, 50.85);
insert into STATION values (946, '1035', 1044, 479080.69, 4446299.83, 32.11);
insert into STATION values (947, '1036', 1044, 479079.59, 4446295.59, 36.49);
insert into STATION values (948, '1037', 1044, 479078.33, 4446298.12, 35.81);
insert into STATION values (949, '1038', 1044, 479073.79, 4446296.79, 33.81);
insert into STATION values (950, '1039', 1044, 479068.80, 4446295.79, 34.13);
insert into STATION values (951, '2001', 1044, 479136.30, 4446278.68, 55.85);
insert into STATION values (952, '2002', 1044, 479144.00, 4446282.91, 56.75);
insert into STATION values (953, '2003', 1044, 479146.62, 4446272.72, 62.01);
insert into STATION values (954, '2004', 1044, 479158.01, 4446283.54, 61.36);
insert into STATION values (955, '2005', 1044, 479164.63, 4446284.14, 61.66);
insert into STATION values (956, '2006', 1044, 479173.00, 4446272.81, 70.11);
insert into STATION values (957, '2007', 1044, 479176.33, 4446275.04, 68.31);
insert into STATION values (958, '2008', 1044, 479181.90, 4446274.90, 62.96);
insert into STATION values (959, '2009', 1044, 479195.09, 4446271.83, 56.88);
insert into STATION values (960, '2010', 1044, 479205.42, 4446280.92, 51.23);
insert into STATION values (961, '2011', 1044, 479218.97, 4446282.52, 53.09);
insert into STATION values (962, '2012', 1044, 479224.16, 4446287.36, 47.91);
insert into STATION values (963, '2013', 1044, 479232.53, 4446299.75, 43.34);
insert into STATION values (964, '2014', 1044, 479235.77, 4446309.36, 45.24);
insert into STATION values (965, '2015', 1044, 479227.20, 4446314.39, 44.50);
insert into STATION values (966, '2016', 1044, 479226.60, 4446319.29, 43.68);
insert into STATION values (967, '2017', 1044, 479213.93, 4446326.82, 44.29);
insert into STATION values (968, '2018', 1044, 479205.70, 4446324.47, 44.20);
insert into STATION values (969, '2019', 1044, 479209.93, 4446340.69, 42.08);
insert into STATION values (970, '2020', 1044, 479211.41, 4446358.85, 41.80);
insert into STATION values (971, '2021', 1044, 479228.43, 4446375.04, 33.39);
insert into STATION values (972, '2022', 1044, 479234.59, 4446366.32, 31.77);
insert into STATION values (973, '2023', 1044, 479240.48, 4446380.11, 31.77);
insert into STATION values (974, '2024', 1044, 479219.81, 4446306.73, 46.74);
insert into STATION values (975, '1040', 1044, 479150.43, 4446277.75, 49.91);
insert into STATION values (976, '1041', 1044, 479156.20, 4446268.71, 48.01);
insert into STATION values (977, '1042', 1044, 479164.87, 4446264.88, 48.43);
insert into STATION values (978, '1043', 1044, 479168.55, 4446258.97, 50.69);
insert into STATION values (979, '1044', 1044, 479167.05, 4446267.82, 51.96);
insert into STATION values (980, '1045', 1044, 479167.11, 4446276.11, 50.56);
insert into STATION values (981, '1046', 1044, 479168.82, 4446282.13, 55.03);
insert into STATION values (982, '1048', 1044, 479164.10, 4446271.70, 51.06);
insert into STATION values (983, '1049', 1044, 479168.19, 4446273.79, 51.72);
insert into STATION values (984, '1050', 1044, 479172.10, 4446274.06, 51.39);
insert into STATION values (985, '1051', 1044, 479174.03, 4446272.79, 52.59);
insert into STATION values (986, '1052', 1044, 479178.31, 4446269.07, 55.18);
insert into STATION values (987, '1047', 1044, 479171.61, 4446282.68, 54.59);
insert into STATION values (988, '1053', 1044, 479173.32, 4446288.56, 44.84);
insert into STATION values (989, '1054', 1044, 479173.14, 4446285.36, 47.97);
insert into STATION values (990, '1055', 1044, 479174.34, 4446283.53, 48.94);
insert into STATION values (991, '1056', 1044, 479177.84, 4446279.69, 40.22);
insert into STATION values (992, '1057', 1044, 479184.15, 4446277.71, 41.39);
insert into STATION values (993, '1058', 1044, 479184.29, 4446275.25, 41.25);
insert into STATION values (994, '1059', 1044, 479192.02, 4446272.69, 42.39);
insert into STATION values (995, '1060', 1044, 479198.21, 4446270.91, 42.38);
insert into STATION values (996, '1061', 1044, 479200.53, 4446273.01, 39.29);
insert into STATION values (997, '1062', 1044, 479202.06, 4446273.04, 41.41);
insert into STATION values (998, '1063', 1044, 479202.35, 4446279.07, 41.10);
insert into STATION values (999, '1064', 1044, 479201.72, 4446284.32, 38.16);
insert into STATION values (1000, '1065', 1044, 479202.37, 4446286.57, 38.83);
insert into STATION values (1001, '1066', 1044, 479202.93, 4446287.43, 41.68);
insert into STATION values (1002, '1067', 1044, 479200.38, 4446289.55, 42.45);
insert into STATION values (1003, '1068', 1044, 479206.61, 4446290.26, 46.36);
insert into STATION values (1004, '1070', 1044, 479167.51, 4446293.37, 43.57);
insert into STATION values (1005, '1071', 1044, 479166.54, 4446297.27, 44.38);
insert into STATION values (1006, '1072', 1044, 479172.03, 4446288.48, 45.30);
insert into STATION values (1007, '1073', 1044, 479146.97, 4446293.24, 54.56);
insert into STATION values (1008, '104', 1044, 479110.27, 4446243.55, 28.42);
insert into STATION values (1009, '105', 1044, 479108.53, 4446246.50, 29.34);
insert into STATION values (1010, '106', 1044, 479112.96, 4446242.97, 31.91);
insert into STATION values (1011, '107', 1044, 479116.11, 4446237.73, 30.49);
insert into STATION values (1012, '108', 1044, 479120.05, 4446232.22, 29.93);
insert into STATION values (1013, '109', 1044, 479120.69, 4446231.75, 22.64);
insert into STATION values (1014, '110', 1044, 479126.20, 4446221.28, 21.83);
insert into STATION values (1015, '111', 1044, 479129.95, 4446218.94, 26.49);
insert into STATION values (1016, '112', 1044, 479138.34, 4446203.26, 34.07);
insert into STATION values (1017, '113', 1044, 479140.64, 4446200.50, 39.99);
insert into STATION values (1018, '114', 1044, 479146.68, 4446187.87, 41.44);
insert into STATION values (1019, '115', 1044, 479154.40, 4446171.58, 40.75);
insert into STATION values (1020, '116', 1044, 479155.47, 4446167.95, 42.67);
insert into STATION values (1021, '117', 1044, 479156.87, 4446165.13, 35.16);
insert into STATION values (1022, '118', 1044, 479157.60, 4446157.30, 36.17);
insert into STATION values (1023, '119', 1044, 479159.36, 4446153.20, 31.48);
insert into STATION values (1024, '120', 1044, 479160.54, 4446152.81, 31.73);
insert into STATION values (1025, '121', 1044, 479163.56, 4446146.45, 21.90);
insert into STATION values (1026, '122', 1044, 479167.62, 4446149.41, 21.36);
insert into STATION values (1027, '123', 1044, 479172.86, 4446160.38, 19.58);
insert into STATION values (1028, '124', 1044, 479171.52, 4446144.85, 23.36);
insert into STATION values (1029, '125', 1044, 479172.36, 4446140.02, 26.46);
insert into STATION values (1030, '126', 1044, 479112.40, 4446244.11, 20.17);
insert into STATION values (1031, '127', 1044, 479102.07, 4446253.62, 20.96);
insert into STATION values (1032, '128', 1044, 479098.14, 4446256.14, 24.85);
insert into STATION values (1033, '129', 1044, 479092.19, 4446265.42, 22.08);
insert into STATION values (1034, '130', 1044, 479087.66, 4446270.51, 23.64);
insert into STATION values (1035, '131', 1044, 479077.56, 4446286.38, 20.33);
insert into STATION values (1036, '132', 1044, 479072.03, 4446291.96, 22.76);
insert into STATION values (1037, '133', 1044, 479065.79, 4446296.88, 25.36);
insert into STATION values (1038, '1000', 1044, 479065.85, 4446291.84, 27.43);
insert into STATION values (1039, '4000', 1044, 478958.97, 4446421.66, 36.51);
insert into STATION values (1040, '4001', 1044, 478949.67, 4446417.41, 29.39);
insert into STATION values (1041, '4002', 1044, 478945.66, 4446419.12, 28.83);
insert into STATION values (1042, '4003', 1044, 478942.82, 4446412.63, 29.66);
insert into STATION values (1043, '4004', 1044, 478931.51, 4446419.47, 32.29);
insert into STATION values (1044, '4005', 1044, 478929.06, 4446415.95, 28.31);
insert into STATION values (1045, '4005a', 1044, 478933.30, 4446404.27, 31.75);
insert into STATION values (1046, '4006', 1044, 478925.75, 4446415.40, 21.18);
insert into STATION values (1047, '4007', 1044, 478920.41, 4446414.36, 19.75);
insert into STATION values (1048, '4008', 1044, 478919.80, 4446409.04, 20.70);
insert into STATION values (1049, '4009', 1044, 478907.17, 4446413.98, 13.08);
insert into STATION values (1050, '4010', 1044, 478901.40, 4446413.37, 13.84);
insert into STATION values (1051, '4011', 1044, 478899.98, 4446415.42, 14.18);
insert into STATION values (1052, '4012', 1044, 478895.06, 4446410.93, 17.04);
insert into STATION values (1053, '4013', 1044, 478889.63, 4446406.23, 17.36);
insert into STATION values (1054, '4014', 1044, 478884.91, 4446402.29, 14.36);
insert into STATION values (1055, '4015', 1044, 478882.67, 4446403.81, 15.04);
insert into STATION values (1056, '4016', 1044, 478884.85, 4446409.65, 16.43);
insert into STATION values (1057, '4017', 1044, 478889.04, 4446412.48, 23.06);
insert into STATION values (1058, '4018', 1044, 478891.92, 4446409.24, 23.36);
insert into STATION values (1059, '4019', 1044, 478889.43, 4446408.28, 26.37);
insert into STATION values (1060, '4020', 1044, 478894.67, 4446403.70, 31.15);
insert into STATION values (1061, '4021', 1044, 478893.44, 4446405.14, 33.46);
insert into STATION values (1062, '4022', 1044, 478895.14, 4446403.37, 34.22);
insert into STATION values (1063, '4023', 1044, 478896.49, 4446404.36, 37.90);
insert into STATION values (1064, '1074', 1044, 479214.02, 4446295.91, 40.49);
insert into STATION values (1065, '1075', 1044, 479223.10, 4446297.69, 43.68);
insert into STATION values (1066, '1076', 1044, 479226.46, 4446295.74, 45.67);
insert into STATION values (1067, '1077', 1044, 479232.39, 4446306.73, 45.69);
insert into STATION values (1068, '1078', 1044, 479234.27, 4446309.03, 47.49);
insert into STATION values (1069, '1079', 1044, 479226.29, 4446315.79, 47.50);
insert into STATION values (1070, '1080', 1044, 479223.81, 4446320.46, 46.40);
insert into STATION values (1071, '1081', 1044, 479212.10, 4446328.37, 45.54);
insert into STATION values (1072, '1082', 1044, 479205.55, 4446323.09, 47.40);
insert into STATION values (1073, '1083', 1044, 479205.70, 4446324.47, 44.20);
insert into STATION values (1074, '7002', 1044, 479233.30, 4446374.83, 32.73);
insert into STATION values (1075, '7001', 1044, 479216.73, 4446373.69, 38.74);
insert into STATION values (1076, '7003', 1044, 479243.80, 4446376.70, 29.30);
insert into STATION values (1077, '7004', 1044, 479244.99, 4446377.04, 29.08);
insert into STATION values (1078, '7005', 1044, 479266.28, 4446371.50, 35.02);
insert into STATION values (1079, '7006', 1044, 479264.24, 4446373.12, 43.04);
insert into STATION values (1080, '7007', 1044, 479247.03, 4446380.35, 27.85);
insert into STATION values (1081, '7008', 1044, 479250.90, 4446380.41, 26.25);
insert into STATION values (1082, '7009', 1044, 479198.30, 4446352.16, 37.40);
insert into STATION values (1083, '7010', 1044, 479207.54, 4446293.66, 41.57);
insert into STATION values (1084, '7011', 1044, 479202.43, 4446295.56, 39.89);
insert into STATION values (1085, '7012', 1044, 479199.42, 4446301.58, 37.58);
insert into STATION values (1086, '7013', 1044, 479206.00, 4446304.92, 37.33);
insert into STATION values (1087, '7014', 1044, 479208.45, 4446307.70, 37.78);
insert into STATION values (1088, '7015', 1044, 479214.50, 4446309.23, 40.15);
insert into STATION values (1089, '7016', 1044, 479230.83, 4446318.19, 50.10);
insert into STATION values (1090, '7017', 1044, 479242.33, 4446320.24, 49.86);
insert into STATION values (1091, '7018', 1044, 479244.98, 4446323.24, 47.50);
insert into STATION values (1092, '7019', 1044, 479245.95, 4446323.08, 42.90);
insert into STATION values (1093, '7020', 1044, 479222.79, 4446285.89, 54.33);
insert into STATION values (1094, '7021', 1044, 479227.47, 4446284.46, 55.20);
insert into STATION values (1095, '7022', 1044, 479232.29, 4446282.59, 54.20);
insert into STATION values (1096, '7023', 1044, 479243.68, 4446286.78, 48.18);
insert into STATION values (1097, '7024', 1044, 479249.15, 4446290.18, 46.96);
insert into STATION values (1098, '7025', 1044, 479253.96, 4446300.85, 46.86);
insert into STATION values (1099, '7026', 1044, 479201.76, 4446278.11, 51.55);
insert into STATION values (1100, '7027', 1044, 479194.86, 4446274.54, 49.14);
insert into STATION values (1101, '7028', 1044, 479176.55, 4446277.39, 47.12);
insert into STATION values (1102, '7029', 1044, 479172.66, 4446275.83, 45.69);
insert into STATION values (1103, '7030', 1044, 479172.54, 4446272.96, 43.01);
insert into STATION values (1104, '7031', 1044, 479169.79, 4446273.78, 42.83);
insert into STATION values (1105, '7036', 1044, 479175.74, 4446271.83, 40.24);
insert into STATION values (1106, '7037', 1044, 479182.24, 4446272.99, 40.29);
insert into STATION values (1107, '7032', 1044, 479204.47, 4446275.55, 58.72);
insert into STATION values (1108, '7033', 1044, 479199.69, 4446275.45, 64.48);
insert into STATION values (1109, '7034', 1044, 479192.04, 4446271.55, 60.17);
insert into STATION values (1110, '7035', 1044, 479195.96, 4446270.70, 56.42);
insert into STATION values (1111, '8001', 1044, 478936.10, 4446414.57, 46.03);
insert into STATION values (1112, '8002', 1044, 478937.89, 4446418.47, 48.16);
insert into STATION values (1113, '8003', 1044, 478942.43, 4446424.65, 50.12);
insert into STATION values (1114, '8004', 1044, 478948.00, 4446426.68, 46.52);
insert into STATION values (1115, '8005', 1044, 478950.67, 4446426.19, 44.63);
insert into STATION values (1116, '8006', 1044, 478955.17, 4446428.83, 40.60);
insert into STATION values (1117, '8007', 1044, 478954.59, 4446426.13, 41.45);
insert into STATION values (1118, '8008', 1044, 478952.14, 4446425.05, 35.42);
insert into STATION values (1119, '0', 2385, 478848.97, 4446470.24, 41.53);
insert into STATION_FLAG values(1119, 'ent');
insert into STATION values (1120, '1', 2385, 478851.84, 4446467.79, 39.92);
insert into STATION values (1121, '2', 2385, 478852.63, 4446465.26, 39.88);
insert into STATION values (1122, '3', 2385, 478854.69, 4446468.74, 41.51);
insert into STATION values (1123, '4', 2385, 478855.95, 4446468.31, 42.75);
insert into STATION values (1124, '5', 2385, 478854.86, 4446469.64, 42.75);
insert into STATION values (1125, '6', 2385, 478855.56, 4446472.33, 42.61);
insert into STATION values (1126, '7', 2385, 478860.25, 4446473.53, 42.44);
insert into STATION values (1127, '8', 2385, 478861.66, 4446475.18, 38.18);
insert into STATION values (1128, '9', 2385, 478867.65, 4446471.36, 35.73);
insert into STATION values (1129, '10', 2385, 478867.52, 4446468.46, 32.83);
insert into STATION values (1130, '11', 2385, 478867.05, 4446467.95, 32.83);
insert into STATION values (1131, '12', 2385, 478871.25, 4446463.51, 32.73);
insert into STATION values (1132, '13', 2385, 478875.03, 4446458.19, 32.27);
insert into STATION values (1133, '14', 2385, 478877.61, 4446458.75, 32.41);
insert into STATION values (1134, '15', 2385, 478879.13, 4446458.09, 29.84);
insert into STATION values (1135, '16', 2385, 478874.69, 4446458.05, 26.73);
insert into STATION values (1136, '17', 2385, 478875.51, 4446453.58, 23.78);
insert into STATION values (1137, '18', 2385, 478878.35, 4446452.10, 19.69);
insert into STATION values (1138, '19', 2385, 478882.32, 4446451.21, 17.53);
insert into STATION values (1139, '20', 2385, 478884.99, 4446449.63, 14.92);
insert into STATION values (1140, '21', 2385, 478885.56, 4446448.84, 9.41);
insert into STATION values (1141, '22', 2385, 478885.36, 4446441.79, 6.84);
insert into STATION values (1142, '21a', 2385, 478881.04, 4446451.84, 8.84);
insert into STATION values (1143, '21b', 2385, 478880.43, 4446444.19, 5.10);
insert into STATION values (1144, 'MPH1', 2385, 478883.85, 4446451.45, 9.63);
insert into STATION values (1145, 'MPH2', 2385, 478881.12, 4446453.44, 7.29);
insert into STATION values (1146, 'MPH3', 2385, 478880.08, 4446452.73, 6.68);
insert into STATION values (1147, 'MPH4', 2385, 478884.75, 4446443.96, 7.32);
insert into STATION values (1148, 'MPH5', 2385, 478883.49, 4446451.25, 12.43);
insert into STATION values (1149, 'MPH6', 2385, 478884.04, 4446457.67, 13.91);
insert into STATION values (1150, 'MPH7', 2385, 478877.53, 4446462.33, 12.04);
insert into STATION values (1151, 'MPH8', 2385, 478877.47, 4446464.24, 12.50);
insert into STATION values (1152, 'MPH9', 2385, 478874.78, 4446464.52, 11.67);
insert into STATION values (1153, 'MPH10', 2385, 478875.00, 4446456.51, 7.97);
insert into STATION values (1154, 'MPH11', 2385, 478891.48, 4446450.55, 18.77);
insert into STATION values (1155, 'MPH12', 2385, 478895.16, 4446448.80, 21.94);
insert into STATION values (1156, 'MPH13', 2385, 478892.13, 4446444.97, 23.27);
insert into STATION values (1157, 'MPH14', 2385, 478896.77, 4446443.01, 24.11);
insert into STATION values (1158, 'MPH15', 2385, 478900.26, 4446440.61, 24.67);
insert into STATION values (1159, 'MPH16', 2385, 478898.89, 4446436.41, 23.88);
insert into STATION values (1160, 'MPH17', 2385, 478905.47, 4446429.07, 26.35);
insert into STATION values (1161, 'MPH18', 2385, 478907.34, 4446429.47, 26.01);
insert into STATION values (1162, 'MPH19', 2385, 478911.30, 4446426.83, 28.54);
insert into STATION values (1163, 'MPH20', 2385, 478914.64, 4446422.93, 29.73);
insert into STATION values (1164, 'MPH21', 2385, 478919.00, 4446426.07, 29.41);
insert into STATION values (1165, 'MPH22', 2385, 478924.98, 4446422.97, 29.39);
insert into STATION values (1166, 'MPH23', 2385, 478928.55, 4446421.12, 31.68);
insert into STATION values (1167, 'MPH24', 2385, 478933.05, 4446419.26, 32.11);
insert into STATION values (1168, 'MPH25', 2385, 478942.82, 4446412.63, 29.66);
insert into STATION values (1169, '0', 2389, 478634.00, 4447073.00, 0.00);
insert into STATION_FLAG values(1169, 'ent');
insert into STATION values (1170, '1', 2389, 478629.35, 4447074.68, -3.40);
insert into STATION values (1171, '2', 2389, 478626.76, 4447073.18, -3.60);
insert into STATION values (1172, '3', 2389, 478623.92, 4447073.93, -3.00);
insert into STATION values (1173, '4', 2389, 478621.65, 4447070.67, -2.50);
insert into STATION values (1174, '5', 2389, 478617.94, 4447068.06, -4.60);
insert into STATION values (1175, '6', 2389, 478618.07, 4447069.58, -8.30);
insert into STATION values (1176, '7', 2389, 478621.60, 4447073.12, -8.30);
insert into STATION values (1177, '8', 2389, 478612.11, 4447075.64, -6.40);
insert into STATION values (1178, '9', 2389, 478608.97, 4447074.49, -4.20);
insert into STATION values (1179, '10', 2389, 478604.16, 4447073.18, -3.80);
insert into STATION values (1180, '11', 2389, 478601.20, 4447073.44, -3.40);
insert into STATION values (1181, '12', 2389, 478600.21, 4447076.12, -4.30);
insert into STATION values (1182, '13', 2389, 478593.71, 4447080.65, -5.40);
insert into STATION values (1183, '14', 2389, 478591.94, 4447087.18, -7.20);
insert into STATION values (1184, '15', 2389, 478591.52, 4447091.83, -9.00);
insert into STATION values (1185, '16', 2389, 478591.50, 4447101.46, -11.70);
insert into STATION values (1186, '17', 2389, 478590.43, 4447113.32, -16.90);
insert into STATION values (1187, '18', 2389, 478587.52, 4447124.10, -21.30);
insert into STATION values (1188, '19', 2389, 478586.48, 4447127.92, -21.90);
insert into STATION values (1189, '20', 2389, 478582.50, 4447133.57, -23.00);
insert into STATION values (1190, '21', 2389, 478575.72, 4447132.96, -21.40);
insert into STATION values (1191, '22', 2389, 478570.84, 4447132.52, -20.40);
insert into STATION values (1192, '23', 2389, 478567.86, 4447138.86, -20.40);
insert into STATION values (1193, '24', 2389, 478562.76, 4447149.72, -20.40);
insert into STATION values (1194, '25', 2389, 478548.98, 4447157.63, -22.20);
insert into STATION values (1195, '26', 2389, 478536.92, 4447190.49, -21.60);
insert into STATION values (1196, '27', 2389, 478526.60, 4447200.76, -18.00);
insert into STATION values (1197, '28', 2389, 478505.12, 4447196.92, -20.80);
insert into STATION values (1198, '29', 2389, 478494.55, 4447199.72, -22.00);
insert into STATION values (1199, '30', 2389, 478490.99, 4447212.88, -25.20);
insert into STATION values (1200, '31', 2389, 478478.66, 4447216.15, -27.70);
insert into STATION values (1201, '32', 2389, 478475.56, 4447224.59, -28.00);
insert into STATION values (1202, '33', 2389, 478462.44, 4447233.74, -28.10);
insert into STATION values (1203, '34', 2389, 478456.78, 4447229.76, -27.00);
insert into STATION values (1204, '35', 2389, 478450.99, 4447231.29, -26.80);
insert into STATION values (1205, '36', 2389, 478448.86, 4447235.82, -26.60);
insert into STATION values (1206, '37', 2389, 478444.95, 4447250.28, -27.30);
insert into STATION values (1207, '38', 2389, 478576.34, 4447138.88, -15.10);
insert into STATION values (1208, '39', 2389, 478594.66, 4447143.83, -14.10);
insert into STATION values (1209, '40', 2389, 478605.43, 4447145.76, -13.00);
insert into STATION values (1210, '41', 2389, 478611.34, 4447149.20, -11.50);
insert into STATION values (1211, '42', 2389, 478612.34, 4447141.27, -12.00);
insert into STATION values (1212, '43', 2389, 478623.67, 4447143.30, -8.60);
insert into STATION values (1213, '44', 2389, 478634.95, 4447146.35, -5.90);
insert into STATION values (1214, '45', 2389, 478639.76, 4447152.11, -6.00);
insert into STATION values (1215, '46', 2389, 478643.95, 4447152.49, -7.60);
insert into STATION values (1216, '47', 2389, 478652.51, 4447154.81, 6.90);
insert into STATION values (1217, '0', 2393, 482764.00, 4445438.00, 25.00);
insert into STATION_FLAG values(1217, 'ent');
insert into STATION values (1218, '1', 2393, 482773.11, 4445440.02, 26.48);
insert into STATION values (1219, '2', 2393, 482776.19, 4445442.75, 37.07);
insert into STATION values (1220, '3', 2393, 482771.26, 4445443.92, 46.02);
insert into STATION values (1221, '4', 2393, 482768.02, 4445441.63, 48.07);
insert into STATION values (1222, '5', 2393, 482763.15, 4445439.19, 51.04);
insert into STATION values (1223, '6', 2393, 482771.41, 4445445.29, 44.83);
insert into STATION values (1224, '7', 2393, 482771.94, 4445448.51, 45.42);
insert into STATION values (1225, '8', 2393, 482772.10, 4445453.90, 47.32);
insert into STATION values (1226, '9', 2393, 482773.12, 4445455.73, 46.95);
insert into STATION values (1227, '10', 2393, 482770.07, 4445459.04, 46.90);
insert into STATION values (1228, '11', 2393, 482771.14, 4445463.22, 48.57);
insert into STATION values (1229, '12', 2393, 482770.30, 4445465.09, 48.76);
insert into STATION values (1230, '13', 2393, 482771.61, 4445468.86, 48.97);
insert into STATION values (1231, '14', 2393, 482776.11, 4445473.23, 50.60);
insert into STATION values (1232, '15', 2393, 482778.43, 4445478.44, 50.51);
insert into STATION values (1233, '16', 2393, 482780.37, 4445479.05, 50.90);
insert into STATION values (1234, '17', 2393, 482781.33, 4445480.55, 50.88);
insert into STATION values (1235, '18', 2393, 482784.48, 4445482.13, 51.13);
insert into STATION values (1236, '19', 2393, 482783.47, 4445477.94, 51.48);
insert into STATION values (1237, '20', 2393, 482785.87, 4445479.94, 51.53);
insert into STATION values (1238, '21', 2393, 482787.06, 4445477.48, 52.64);
insert into STATION values (1239, '22', 2393, 482797.13, 4445488.22, 51.35);
insert into STATION values (1240, '23', 2393, 482799.99, 4445490.29, 50.85);
insert into STATION values (1241, '24', 2393, 482817.10, 4445494.20, 53.01);
insert into STATION values (1242, '25', 2393, 482817.79, 4445498.50, 49.48);
insert into STATION values (1243, '26', 2393, 482820.12, 4445505.02, 46.10);
insert into STATION values (1244, '27', 2393, 482816.46, 4445510.47, 42.00);
insert into STATION values (1245, '28', 2393, 482815.26, 4445511.11, 34.29);
insert into STATION values (1246, '29', 2393, 482829.18, 4445512.27, 33.07);
insert into STATION values (1247, '30', 2393, 482835.55, 4445512.93, 30.48);
insert into STATION values (1248, '31', 2393, 482854.32, 4445511.24, 32.13);
insert into STATION values (1249, '32', 2393, 482854.07, 4445508.89, 32.08);
insert into STATION values (1250, '33', 2393, 482853.67, 4445507.49, 20.17);
insert into STATION values (1251, '34', 2393, 482817.88, 4445511.11, 30.17);
insert into STATION values (1252, '35', 2393, 482809.51, 4445507.58, 29.06);
insert into STATION values (1253, '0', 2398, 479551.43, 4447229.21, 343.14);
insert into STATION values (1254, '1', 2398, 479555.98, 4447234.48, 337.72);
insert into STATION values (1255, '2', 2398, 479544.90, 4447231.00, 336.76);
insert into STATION values (1256, '3', 2398, 479545.88, 4447224.65, 373.55);
insert into STATION values (1257, '4', 2398, 479550.03, 4447222.24, 375.87);
insert into STATION values (1258, '5', 2398, 479547.00, 4447215.00, 384.00);
insert into STATION_FLAG values(1258, 'ent');
insert into STATION values (1259, 'ENT_107001', 789, 482449.00, 4444663.00, 40.00);
insert into STATION_FLAG values(1259, 'fix');
insert into STATION values (1260, 'ENT_107002', 789, 478634.00, 4447073.00, 0.00);
insert into STATION_FLAG values(1260, 'fix');
insert into STATION values (1261, 'ENT_107003', 789, 478906.00, 4446437.00, 0.00);
insert into STATION_FLAG values(1261, 'fix');
insert into STATION values (1262, 'ENT_107004', 789, 482761.00, 4445427.00, 0.00);
insert into STATION_FLAG values(1262, 'fix');
insert into STATION values (1263, 'ENT_107005', 789, 479065.00, 4447905.00, 436.00);
insert into STATION_FLAG values(1263, 'fix');
insert into STATION values (1264, 'ENT_107006', 789, 479490.00, 4447336.00, 361.00);
insert into STATION_FLAG values(1264, 'fix');
insert into STATION values (1265, 'ENT_107007', 789, 479389.00, 4447402.00, 311.00);
insert into STATION_FLAG values(1265, 'fix');
insert into STATION values (1266, 'ENT_107008', 789, 479490.00, 4447336.00, 0.00);
insert into STATION_FLAG values(1266, 'fix');
insert into STATION values (1267, 'ENT_107009', 789, 479556.00, 4447204.00, 380.00);
insert into STATION_FLAG values(1267, 'fix');
insert into STATION values (1268, 'ENT_107010', 789, 478796.00, 4448311.00, 420.00);
insert into STATION_FLAG values(1268, 'fix');
insert into STATION values (1269, 'ENT_107011', 789, 476133.00, 4447399.00, 39.00);
insert into STATION_FLAG values(1269, 'fix');
insert into STATION values (1270, 'ENT_107012', 789, 482764.00, 4445438.00, 25.00);
insert into STATION_FLAG values(1270, 'fix');
insert into STATION values (1271, 'ENT_107013', 789, 478876.00, 4447299.00, 106.00);
insert into STATION_FLAG values(1271, 'fix');
insert into STATION values (1272, 'ENT_107014', 789, 482357.00, 4446971.00, 50.00);
insert into STATION_FLAG values(1272, 'fix');
insert into STATION values (1273, 'ENT_107015', 789, 480135.00, 4447658.00, 411.00);
insert into STATION_FLAG values(1273, 'fix');
insert into STATION values (1274, 'ENT_107016', 789, 480211.00, 4447632.00, 429.00);
insert into STATION_FLAG values(1274, 'fix');
insert into STATION values (1275, 'ENT_107017', 789, 482762.00, 4445436.00, 0.00);
insert into STATION_FLAG values(1275, 'fix');
insert into STATION values (1276, 'ENT_107018', 789, 482762.00, 4445436.00, 0.00);
insert into STATION_FLAG values(1276, 'fix');
insert into STATION values (1277, 'ENT_107019', 789, 479879.00, 4447862.00, 347.00);
insert into STATION_FLAG values(1277, 'fix');
insert into STATION values (1278, 'ENT_107020', 789, 479373.00, 4446955.00, 387.00);
insert into STATION_FLAG values(1278, 'fix');
insert into STATION values (1279, 'ENT_107021', 789, 479569.00, 4447160.00, 387.00);
insert into STATION_FLAG values(1279, 'fix');
insert into STATION values (1280, 'ENT_107022', 789, 479547.00, 4447215.00, 384.00);
insert into STATION_FLAG values(1280, 'fix');
insert into STATION values (1281, 'ENT_107023', 789, 479795.00, 4447413.00, 405.00);
insert into STATION_FLAG values(1281, 'fix');
insert into STATION values (1282, 'ENT_107024', 789, 479591.00, 4447357.00, 383.00);
insert into STATION_FLAG values(1282, 'fix');
insert into STATION values (1283, 'ENT_107025', 789, 478700.00, 4446570.00, 0.00);
insert into STATION_FLAG values(1283, 'fix');
insert into STATION values (1284, 'ENT_107026', 789, 477817.00, 4446753.00, 60.00);
insert into STATION_FLAG values(1284, 'fix');
insert into STATION values (1285, 'ENT_107027', 789, 477795.00, 4446685.00, 60.00);
insert into STATION_FLAG values(1285, 'fix');
insert into STATION values (1286, 'ENT_107028', 789, 482804.00, 4447950.00, 369.00);
insert into STATION_FLAG values(1286, 'fix');
insert into STATION values (1287, 'ENT_107029', 789, 482664.00, 4447782.00, 362.00);
insert into STATION_FLAG values(1287, 'fix');
insert into STATION values (1288, 'ENT_107030', 789, 478605.00, 4447058.00, 0.00);
insert into STATION_FLAG values(1288, 'fix');
insert into STATION values (1289, 'ENT_107031', 789, 478574.00, 4446622.00, 50.00);
insert into STATION_FLAG values(1289, 'fix');
insert into STATION values (1290, '0', 2410, 484180.99, 4446704.89, 369.68);
insert into STATION values (1291, '1', 2410, 484180.58, 4446699.48, 369.36);
insert into STATION values (1292, '2', 2410, 484186.76, 4446691.38, 369.68);
insert into STATION values (1293, '3', 2410, 484187.58, 4446688.57, 369.40);
insert into STATION values (1294, '4', 2410, 484189.91, 4446686.42, 370.49);
insert into STATION values (1295, '5', 2410, 484190.12, 4446690.83, 373.94);
insert into STATION values (1296, '6', 2410, 484185.62, 4446694.30, 375.85);
insert into STATION values (1297, '7', 2410, 484186.32, 4446699.51, 376.97);
insert into STATION values (1298, '8', 2410, 484207.22, 4446695.66, 357.30);
insert into STATION values (1299, '9', 2410, 484211.31, 4446698.78, 357.26);
insert into STATION values (1300, '10', 2410, 484205.55, 4446692.61, 358.25);
insert into STATION values (1301, '11', 2410, 484206.72, 4446701.25, 359.47);
insert into STATION values (1302, '12', 2410, 484201.30, 4446688.31, 359.24);
insert into STATION values (1303, '13', 2410, 484195.22, 4446690.01, 368.25);
insert into STATION values (1304, '14', 2410, 484193.95, 4446689.30, 369.31);
insert into STATION values (1305, '15', 2410, 484191.55, 4446685.83, 370.45);
insert into STATION values (1306, '16', 2410, 484179.70, 4446702.44, 369.25);
insert into STATION values (1307, '17', 2410, 484180.62, 4446705.36, 375.54);
insert into STATION values (1308, '18', 2410, 484180.26, 4446706.01, 375.68);
insert into STATION values (1309, '19', 2410, 484178.62, 4446707.23, 377.11);
insert into STATION values (1310, '20', 2410, 484177.27, 4446706.57, 377.01);
insert into STATION values (1311, '21', 2410, 484175.93, 4446711.47, 380.19);
insert into STATION values (1312, '22', 2410, 484174.21, 4446723.21, 378.39);
insert into STATION values (1313, '23', 2410, 484172.00, 4446730.78, 379.78);
insert into STATION values (1314, '24', 2410, 484170.44, 4446732.02, 379.63);
insert into STATION values (1315, '25', 2410, 484165.74, 4446729.49, 379.90);
insert into STATION values (1316, '26', 2410, 484166.37, 4446735.86, 380.46);
insert into STATION values (1317, '27', 2410, 484162.54, 4446742.43, 381.66);
insert into STATION values (1318, '28', 2410, 484158.98, 4446743.56, 383.09);
insert into STATION values (1319, '29', 2410, 484155.46, 4446748.17, 383.09);
insert into STATION values (1320, '30', 2410, 484154.58, 4446750.22, 385.40);
insert into STATION values (1321, '31', 2410, 484150.78, 4446753.60, 398.01);
insert into STATION values (1322, '32', 2410, 484147.96, 4446761.64, 401.48);
insert into STATION values (1323, '33', 2410, 484150.00, 4446766.00, 406.00);
insert into STATION_FLAG values(1323, 'ent');
insert into STATION values (1324, '0', 2414, 484240.45, 4447306.69, 225.84);
insert into STATION values (1325, '1', 2414, 484239.98, 4447304.74, 226.25);
insert into STATION values (1326, '2', 2414, 484243.07, 4447301.50, 227.51);
insert into STATION values (1327, '3', 2414, 484242.96, 4447290.68, 230.25);
insert into STATION values (1328, '4', 2414, 484251.48, 4447281.57, 238.48);
insert into STATION values (1329, '5', 2414, 484247.82, 4447272.94, 239.94);
insert into STATION values (1330, '6', 2414, 484244.62, 4447272.82, 236.99);
insert into STATION values (1331, '7', 2414, 484242.76, 4447272.53, 234.67);
insert into STATION values (1332, '8', 2414, 484238.90, 4447270.90, 233.56);
insert into STATION values (1333, '9', 2414, 484237.13, 4447276.25, 228.36);
insert into STATION values (1334, '10', 2414, 484227.38, 4447284.51, 222.75);
insert into STATION values (1335, '11', 2414, 484223.31, 4447291.63, 219.89);
insert into STATION values (1336, '12', 2414, 484219.55, 4447295.47, 219.22);
insert into STATION values (1337, '13', 2414, 484262.36, 4447268.57, 243.66);
insert into STATION values (1338, '14', 2414, 484264.29, 4447246.06, 261.83);
insert into STATION values (1339, '15', 2414, 484270.20, 4447226.98, 274.12);
insert into STATION values (1340, '16', 2414, 484270.60, 4447212.89, 287.59);
insert into STATION values (1341, '17', 2414, 484274.48, 4447200.68, 303.01);
insert into STATION values (1342, '18', 2414, 484277.31, 4447191.37, 313.52);
insert into STATION values (1343, '19', 2414, 484282.87, 4447180.46, 329.83);
insert into STATION values (1344, '20', 2414, 484287.52, 4447172.24, 338.33);
insert into STATION values (1345, '21', 2414, 484288.65, 4447167.36, 344.53);
insert into STATION values (1346, '22', 2414, 484289.46, 4447164.23, 347.99);
insert into STATION values (1347, '23', 2414, 484293.85, 4447158.96, 357.09);
insert into STATION values (1348, '24', 2414, 484295.00, 4447150.00, 365.00);
insert into STATION values (1349, '25', 2414, 484295.00, 4447150.00, 365.00);
insert into STATION_FLAG values(1349, 'ent');
insert into STATION values (1350, '0', 2418, 484396.00, 4447498.00, 294.00);
insert into STATION_FLAG values(1350, 'ent');
insert into STATION values (1351, '1', 2418, 484392.15, 4447498.63, 291.23);
insert into STATION values (1352, '2', 2418, 484387.13, 4447501.86, 286.23);
insert into STATION values (1353, '3', 2418, 484382.54, 4447504.81, 282.58);
insert into STATION values (1354, '4', 2418, 484383.03, 4447510.97, 276.82);
insert into STATION values (1355, '5', 2418, 484382.56, 4447518.91, 272.23);
insert into STATION values (1356, '6', 2418, 484374.68, 4447528.99, 261.38);
insert into STATION values (1357, '7', 2418, 484376.12, 4447536.17, 254.25);
insert into STATION values (1358, '8', 2418, 484375.38, 4447536.99, 250.41);
insert into STATION values (1359, '9', 2418, 484365.86, 4447538.19, 243.96);
insert into STATION values (1360, '10', 2418, 484362.63, 4447541.85, 240.10);
insert into STATION values (1361, '11', 2418, 484355.88, 4447544.24, 237.40);
insert into STATION values (1362, '12', 2418, 484352.31, 4447547.13, 235.40);
insert into STATION values (1363, '13', 2418, 484348.07, 4447549.69, 231.87);
insert into STATION values (1364, '14', 2418, 484343.36, 4447555.39, 225.77);
insert into STATION values (1365, '15', 2418, 484341.75, 4447562.96, 220.63);
insert into STATION values (1366, '16', 2418, 484342.46, 4447569.50, 216.06);
insert into STATION values (1367, '17', 2418, 484346.04, 4447576.85, 215.04);
insert into STATION values (1368, '18', 2418, 484344.12, 4447583.38, 209.37);
insert into STATION values (1369, '19', 2418, 484344.15, 4447589.84, 205.46);
insert into STATION values (1370, '20', 2418, 484343.64, 4447602.48, 200.73);
insert into STATION values (1371, '21', 2418, 484343.71, 4447615.70, 196.76);
insert into STATION values (1372, '22', 2418, 484339.18, 4447616.77, 195.36);
insert into STATION values (1373, '23', 2418, 484335.18, 4447617.02, 191.52);
insert into STATION values (1374, '24', 2418, 484334.26, 4447621.02, 189.40);
insert into STATION values (1375, '26', 2418, 484336.64, 4447636.66, 177.82);
insert into STATION values (1376, '25', 2418, 484334.97, 4447634.06, 178.90);
insert into STATION values (1377, '27', 2418, 484330.08, 4447645.25, 173.88);
insert into STATION values (1378, '28', 2418, 484331.54, 4447647.15, 173.76);
insert into STATION values (1379, '29', 2418, 484330.35, 4447653.06, 170.41);
insert into STATION values (1380, '30', 2418, 484326.96, 4447656.41, 168.09);
insert into STATION values (1381, '31', 2418, 484326.46, 4447661.61, 164.57);
insert into STATION values (1382, '32', 2418, 484327.28, 4447667.02, 163.40);
insert into STATION values (1383, '33', 2418, 484324.38, 4447676.89, 157.22);
insert into STATION values (1384, '34', 2418, 484323.40, 4447685.67, 152.53);
insert into STATION values (1385, '35', 2418, 484320.00, 4447691.69, 151.43);
insert into STATION values (1386, '36', 2418, 484321.36, 4447697.32, 149.88);
insert into STATION values (1387, '37', 2418, 484316.68, 4447711.40, 143.88);
insert into STATION values (1388, '38', 2418, 484339.53, 4447685.70, 166.13);
insert into STATION values (1389, '39', 2418, 484340.28, 4447681.61, 170.44);
insert into STATION values (1390, '40', 2418, 484346.97, 4447678.11, 177.00);
insert into STATION values (1391, 'ENT_108001', 2408, 484150.00, 4446766.00, 406.00);
insert into STATION_FLAG values(1391, 'fix');
insert into STATION values (1392, 'ENT_108002', 2408, 484295.00, 4447150.00, 365.00);
insert into STATION_FLAG values(1392, 'fix');
insert into STATION values (1393, 'ENT_108003', 2408, 484486.00, 4447573.00, 0.00);
insert into STATION_FLAG values(1393, 'fix');
insert into STATION values (1394, 'ENT_108004', 2408, 484396.00, 4447498.00, 294.00);
insert into STATION_FLAG values(1394, 'fix');
insert into STATION values (1395, 'ENT_108005', 2408, 484535.00, 4448170.00, 198.00);
insert into STATION_FLAG values(1395, 'fix');
insert into STATION values (1396, 'ENT_108006', 2408, 484595.00, 4448213.00, 180.00);
insert into STATION_FLAG values(1396, 'fix');
insert into STATION values (1397, 'ENT_108007', 2408, 484633.00, 4448258.00, 191.00);
insert into STATION_FLAG values(1397, 'fix');
insert into STATION values (1398, 'ENT_108008', 2408, 484956.00, 4448483.00, 220.00);
insert into STATION_FLAG values(1398, 'fix');
insert into STATION values (1399, 'ENT_108009', 2408, 485157.00, 4448585.00, 225.00);
insert into STATION_FLAG values(1399, 'fix');
insert into STATION values (1400, 'ENT_108010', 2408, 485495.00, 4447616.00, 317.00);
insert into STATION_FLAG values(1400, 'fix');
insert into STATION values (1401, 'ENT_108011', 2408, 486016.00, 4447774.00, 290.00);
insert into STATION_FLAG values(1401, 'fix');
insert into STATION values (1402, 'ENT_108012', 2408, 483835.00, 4446220.00, 417.00);
insert into STATION_FLAG values(1402, 'fix');
insert into STATION values (1403, 'ENT_108013', 2408, 486742.00, 4448369.00, 15.00);
insert into STATION_FLAG values(1403, 'fix');
insert into STATION values (1404, '1.0', 2427, 485621.57, 4444768.26, 45.50);
insert into STATION values (1405, '1.1', 2427, 485618.00, 4444774.00, 60.00);
insert into STATION_FLAG values(1405, 'ent');
insert into STATION values (1406, '1.2', 2427, 485611.41, 4444784.59, 66.36);
insert into STATION values (1407, '1.3', 2427, 485604.30, 4444788.24, 66.64);
insert into STATION values (1408, '2.1', 2427, 485618.00, 4444774.00, 60.00);
insert into STATION values (1409, '2.2', 2427, 485615.68, 4444790.80, 58.81);
insert into STATION values (1410, '2.3', 2427, 485615.28, 4444803.05, 48.53);
insert into STATION values (1411, '2.4', 2427, 485607.47, 4444811.46, 42.43);
insert into STATION values (1412, '2.5', 2427, 485591.69, 4444827.88, 45.63);
insert into STATION values (1413, '2.6', 2427, 485576.14, 4444841.95, 44.53);
insert into STATION values (1414, '2.7', 2427, 485574.47, 4444843.52, 33.77);
insert into STATION values (1415, '2.8', 2427, 485558.42, 4444857.04, 34.50);
insert into STATION values (1416, '2.9', 2427, 485541.79, 4444870.57, 39.45);
insert into STATION values (1417, '2.10', 2427, 485533.04, 4444880.01, 41.26);
insert into STATION values (1418, '2.11', 2427, 485531.57, 4444879.23, 49.08);
insert into STATION values (1419, '2.12', 2427, 485530.96, 4444879.18, 54.05);
insert into STATION values (1420, '2.13', 2427, 485516.07, 4444891.73, 61.91);
insert into STATION values (1421, '2.14', 2427, 485515.73, 4444891.66, 66.90);
insert into STATION values (1422, '2.15', 2427, 485513.49, 4444889.50, 64.38);
insert into STATION values (1423, '2.16', 2427, 485512.81, 4444881.93, 66.86);
insert into STATION values (1424, '2.17', 2427, 485510.64, 4444878.84, 71.52);
insert into STATION values (1425, '2.18', 2427, 485505.87, 4444873.38, 74.90);
insert into STATION values (1426, '2.19', 2427, 485506.61, 4444872.97, 76.71);
insert into STATION values (1427, '2.20', 2427, 485505.00, 4444874.05, 76.23);
insert into STATION values (1428, '2.21', 2427, 485497.62, 4444879.06, 74.98);
insert into STATION values (1429, '3.1', 2427, 485573.78, 4444842.12, 27.97);
insert into STATION values (1430, 'E12', 2431, 485649.00, 4444763.00, 53.00);
insert into STATION_FLAG values(1430, 'ent');
insert into STATION values (1431, 'J1', 2431, 485647.14, 4444775.54, 53.50);
insert into STATION values (1432, 'J2', 2431, 485646.12, 4444784.12, 55.14);
insert into STATION values (1433, 'J2A', 2431, 485635.25, 4444792.06, 57.11);
insert into STATION values (1434, 'J2B', 2431, 485630.16, 4444793.41, 57.11);
insert into STATION values (1435, 'J3', 2431, 485646.60, 4444795.55, 53.54);
insert into STATION values (1436, 'J4', 2431, 485643.77, 4444817.79, 44.98);
insert into STATION values (1437, 'J5', 2431, 485633.77, 4444829.47, 43.17);
insert into STATION values (1438, 'J6', 2431, 485625.48, 4444841.59, 42.35);
insert into STATION values (1439, 'J7', 2431, 485623.87, 4444848.72, 37.03);
insert into STATION values (1440, 'J8', 2431, 485614.05, 4444852.11, 44.20);
insert into STATION values (1441, 'J9', 2431, 485606.15, 4444853.76, 46.12);
insert into STATION values (1442, 'J10', 2431, 485602.53, 4444860.40, 41.31);
insert into STATION values (1443, 'J11', 2431, 485596.41, 4444871.41, 36.19);
insert into STATION values (1444, 'J12', 2431, 485586.74, 4444877.95, 36.64);
insert into STATION values (1445, 'J13', 2431, 485565.00, 4444892.90, 39.42);
insert into STATION values (1446, 'J14', 2431, 485559.74, 4444899.60, 40.20);
insert into STATION values (1447, 'J15', 2431, 485554.47, 4444899.22, 44.41);
insert into STATION values (1448, 'J16', 2431, 485549.47, 4444899.99, 49.93);
insert into STATION values (1449, 'J17', 2431, 485541.01, 4444901.52, 54.20);
insert into STATION values (1450, 'J18', 2431, 485535.74, 4444911.36, 53.76);
insert into STATION values (1451, 'J19', 2431, 485527.94, 4444913.96, 54.69);
insert into STATION values (1452, 'J20', 2431, 485523.95, 4444909.47, 54.90);
insert into STATION values (1453, 'J21', 2431, 485517.62, 4444904.73, 59.26);
insert into STATION values (1454, 'J22', 2431, 485517.81, 4444898.74, 61.32);
insert into STATION values (1455, 'J23', 2431, 485520.27, 4444894.26, 60.96);
insert into STATION values (1456, 'J24', 2431, 485517.97, 4444890.08, 64.87);
insert into STATION values (1457, 'J25', 2431, 485516.82, 4444889.59, 65.82);
insert into STATION values (1458, 'J26', 2431, 485509.87, 4444892.95, 65.70);
insert into STATION values (1459, 'A0', 2431, 485509.54, 4444892.90, 65.40);
insert into STATION values (1460, 'A1', 2431, 485506.09, 4444898.06, 59.56);
insert into STATION values (1461, 'A2', 2431, 485509.40, 4444892.22, 55.87);
insert into STATION values (1462, 'A3', 2431, 485505.34, 4444884.76, 62.51);
insert into STATION values (1463, 'A4', 2431, 485501.63, 4444892.09, 65.02);
insert into STATION values (1464, 'A5', 2431, 485489.61, 4444910.41, 54.28);
insert into STATION values (1465, 'A6', 2431, 485482.76, 4444908.45, 53.50);
insert into STATION values (1466, 'A7', 2431, 485475.30, 4444907.96, 61.11);
insert into STATION values (1467, 'A8', 2431, 485467.76, 4444909.90, 59.12);
insert into STATION values (1468, 'A9', 2431, 485459.68, 4444915.05, 65.39);
insert into STATION values (1469, 'A10', 2431, 485454.17, 4444918.97, 62.90);
insert into STATION values (1470, 'A11', 2431, 485452.49, 4444920.73, 62.74);
insert into STATION values (1471, 'B1', 2431, 485505.15, 4444900.73, 59.77);
insert into STATION values (1472, 'B2', 2431, 485520.80, 4444895.53, 58.34);
insert into STATION values (1473, 'B21', 2431, 485525.71, 4444898.83, 53.12);
insert into STATION values (1474, 'B3', 2431, 485520.25, 4444897.57, 58.10);
insert into STATION values (1475, 'B4', 2431, 485516.53, 4444904.78, 59.60);
insert into STATION values (1476, 'S0', 2431, 485433.07, 4444943.82, 30.95);
insert into STATION values (1477, 'S1', 2431, 485437.41, 4444934.08, 33.28);
insert into STATION values (1478, 'S2', 2431, 485441.97, 4444924.17, 37.05);
insert into STATION values (1479, 'S3', 2431, 485443.28, 4444920.68, 39.62);
insert into STATION values (1480, 'S4', 2431, 485445.97, 4444920.72, 51.01);
insert into STATION values (1481, '171', 2431, 485545.66, 4444894.26, 57.70);
insert into STATION values (1482, '172', 2431, 485545.26, 4444887.17, 61.51);
insert into STATION values (1483, '173', 2431, 485549.51, 4444888.04, 60.57);
insert into STATION values (1484, '174', 2431, 485551.66, 4444883.89, 59.44);
insert into STATION values (1485, '175', 2431, 485557.34, 4444878.52, 57.20);
insert into STATION values (1486, '176', 2431, 485559.84, 4444877.06, 55.07);
insert into STATION values (1487, '176A', 2431, 485566.04, 4444874.63, 60.86);
insert into STATION values (1488, '176B', 2431, 485568.64, 4444874.48, 55.00);
insert into STATION values (1489, '176C', 2431, 485566.10, 4444872.66, 60.51);
insert into STATION values (1490, '176D', 2431, 485566.10, 4444872.66, 59.06);
insert into STATION values (1491, '176E', 2431, 485563.40, 4444873.65, 57.66);
insert into STATION values (1492, '176F', 2431, 485563.07, 4444874.82, 56.39);
insert into STATION values (1493, '176G', 2431, 485559.68, 4444875.93, 55.96);
insert into STATION values (1494, '176H', 2431, 485565.48, 4444877.94, 53.22);
insert into STATION values (1495, '176I', 2431, 485573.24, 4444881.87, 43.56);
insert into STATION values (1496, '176J', 2431, 485559.66, 4444878.24, 55.07);
insert into STATION values (1497, '176K', 2431, 485560.71, 4444888.02, 48.19);
insert into STATION values (1498, '177', 2431, 485552.96, 4444883.03, 52.62);
insert into STATION values (1499, '178', 2431, 485552.55, 4444889.05, 52.93);
insert into STATION values (1500, 'CV', 2431, 485555.69, 4444898.09, 42.31);
insert into STATION values (1501, '179', 2431, 485546.92, 4444884.91, 54.73);
insert into STATION values (1502, '180', 2431, 485541.68, 4444884.74, 60.58);
insert into STATION values (1503, '181', 2431, 485536.74, 4444882.92, 62.63);
insert into STATION values (1504, '182', 2431, 485516.42, 4444888.88, 65.55);
insert into STATION values (1505, '183', 2431, 485519.75, 4444888.59, 65.87);
insert into STATION values (1506, '184', 2431, 485523.24, 4444888.17, 65.79);
insert into STATION values (1507, '185', 2431, 485526.77, 4444883.30, 67.10);
insert into STATION values (1508, '186', 2431, 485530.57, 4444879.38, 68.29);
insert into STATION values (1509, '187', 2431, 485535.01, 4444884.22, 68.09);
insert into STATION values (1510, '188', 2431, 485527.45, 4444889.95, 70.10);
insert into STATION values (1511, '189', 2431, 485541.41, 4444884.35, 63.64);
insert into STATION values (1512, '190', 2431, 485540.54, 4444879.20, 64.97);
insert into STATION values (1513, '181B', 2431, 485532.92, 4444887.53, 62.55);
insert into STATION values (1514, '181C', 2431, 485527.35, 4444888.98, 62.76);
insert into STATION values (1515, '181D', 2431, 485524.98, 4444894.90, 61.05);
insert into STATION values (1516, '191', 2431, 485536.27, 4444872.90, 69.18);
insert into STATION values (1517, '192', 2431, 485537.44, 4444866.82, 70.05);
insert into STATION values (1518, '193', 2431, 485529.97, 4444862.88, 72.80);
insert into STATION values (1519, '194', 2431, 485525.16, 4444862.97, 72.97);
insert into STATION values (1520, '195', 2431, 485520.17, 4444862.37, 72.44);
insert into STATION values (1521, '196', 2431, 485514.66, 4444862.87, 73.31);
insert into STATION values (1522, '197', 2431, 485515.20, 4444858.39, 74.96);
insert into STATION values (1523, '198', 2431, 485511.54, 4444856.37, 75.69);
insert into STATION values (1524, 'E0', 2431, 485670.03, 4444779.91, 38.32);
insert into STATION values (1525, 'E1', 2431, 485667.74, 4444772.90, 39.49);
insert into STATION values (1526, 'E2', 2431, 485674.26, 4444782.44, 37.45);
insert into STATION values (1527, 'E3', 2431, 485662.71, 4444776.52, 41.09);
insert into STATION values (1528, 'E4', 2431, 485665.90, 4444785.23, 37.37);
insert into STATION values (1529, 'E5', 2431, 485668.04, 4444788.00, 34.95);
insert into STATION values (1530, 'E6', 2431, 485683.25, 4444777.79, 31.20);
insert into STATION values (1531, 'E7', 2431, 485655.83, 4444784.56, 43.46);
insert into STATION values (1532, 'E8', 2431, 485667.32, 4444794.96, 33.84);
insert into STATION values (1533, 'E9', 2431, 485666.35, 4444802.00, 33.97);
insert into STATION values (1534, 'E10', 2431, 485657.72, 4444766.68, 46.85);
insert into STATION values (1535, 'E13', 2431, 485645.91, 4444769.99, 53.80);
insert into STATION values (1536, 'E14', 2431, 485658.71, 4444770.82, 49.42);
insert into STATION values (1537, 'E16', 2431, 485644.43, 4444754.45, 58.83);
insert into STATION values (1538, 'E17', 2431, 485641.55, 4444750.05, 62.11);
insert into STATION values (1539, 'E18', 2431, 485637.13, 4444743.99, 67.36);
insert into STATION values (1540, 'E19', 2431, 485633.03, 4444753.87, 68.65);
insert into STATION values (1541, '601', 2431, 485685.67, 4444773.39, 29.85);
insert into STATION values (1542, '602', 2431, 485690.34, 4444769.98, 27.75);
insert into STATION values (1543, '603', 2431, 485696.03, 4444765.36, 22.62);
insert into STATION values (1544, '604', 2431, 485702.89, 4444759.77, 16.87);
insert into STATION values (1545, '605', 2431, 485709.05, 4444759.00, 15.78);
insert into STATION values (1546, '606', 2431, 485718.79, 4444754.84, 16.89);
insert into STATION values (1547, '607', 2431, 485725.51, 4444752.77, 13.76);
insert into STATION values (1548, '608', 2431, 485731.04, 4444750.29, 8.85);
insert into STATION values (1549, '609', 2431, 485738.61, 4444747.51, 3.41);
insert into STATION values (1550, '610', 2431, 485742.72, 4444746.56, 1.79);
insert into STATION values (1551, '611', 2431, 485750.92, 4444744.79, 2.23);
insert into STATION values (1552, '612', 2431, 485755.67, 4444745.36, 2.91);
insert into STATION values (1553, 'vasque', 2431, 485755.37, 4444749.78, -1.22);
insert into STATION values (1554, 'seuil', 2431, 485744.48, 4444740.73, 2.11);
insert into STATION values (1555, 'mer', 2431, 485745.63, 4444735.24, -0.04);
insert into STATION values (1556, '300', 2431, 485400.54, 4444899.69, 70.41);
insert into STATION values (1557, '301', 2431, 485398.24, 4444903.10, 71.65);
insert into STATION values (1558, '302', 2431, 485397.16, 4444908.28, 68.09);
insert into STATION values (1559, '303', 2431, 485401.44, 4444913.18, 62.91);
insert into STATION values (1560, '304', 2431, 485402.82, 4444921.76, 57.26);
insert into STATION values (1561, '305', 2431, 485401.57, 4444926.81, 53.63);
insert into STATION values (1562, '306', 2431, 485408.81, 4444926.51, 53.74);
insert into STATION values (1563, '307', 2431, 485410.03, 4444924.24, 56.59);
insert into STATION values (1564, '308', 2431, 485413.46, 4444923.18, 57.73);
insert into STATION values (1565, '309', 2431, 485424.30, 4444929.28, 50.35);
insert into STATION values (1566, '310', 2431, 485429.68, 4444930.83, 51.25);
insert into STATION values (1567, '311', 2431, 485432.35, 4444935.56, 46.09);
insert into STATION values (1568, '312', 2431, 485435.04, 4444939.61, 39.10);
insert into STATION values (1569, '300A', 2431, 485422.52, 4444941.63, 36.48);
insert into STATION values (1570, '313', 2431, 485435.32, 4444943.87, 38.81);
insert into STATION values (1571, '314', 2431, 485435.39, 4444945.80, 34.46);
insert into STATION values (1572, '315', 2431, 485433.45, 4444946.27, 32.90);
insert into STATION values (1573, '199', 2431, 485516.64, 4444846.29, 76.68);
insert into STATION values (1574, '200', 2431, 485515.56, 4444838.71, 77.05);
insert into STATION values (1575, '201', 2431, 485518.30, 4444833.93, 75.26);
insert into STATION values (1576, '202', 2431, 485516.31, 4444831.81, 75.99);
insert into STATION values (1577, '203', 2431, 485512.83, 4444830.41, 75.05);
insert into STATION values (1578, '204', 2431, 485511.52, 4444830.89, 68.97);
insert into STATION values (1579, '205', 2431, 485522.48, 4444835.69, 72.32);
insert into STATION values (1580, '206', 2431, 485524.97, 4444835.51, 69.34);
insert into STATION values (1581, '207', 2431, 485525.82, 4444831.81, 69.14);
insert into STATION values (1582, '208', 2431, 485525.30, 4444829.77, 71.17);
insert into STATION values (1583, '209', 2431, 485523.83, 4444824.68, 76.66);
insert into STATION values (1584, '210', 2431, 485523.93, 4444837.20, 72.28);
insert into STATION values (1585, '211', 2431, 485529.26, 4444840.26, 69.67);
insert into STATION values (1586, 'JJ17', 2431, 485534.35, 4444839.71, 68.39);
insert into STATION values (1587, '212', 2431, 485513.23, 4444835.21, 76.96);
insert into STATION values (1588, '213', 2431, 485510.30, 4444833.46, 78.48);
insert into STATION values (1589, '214', 2431, 485503.03, 4444832.46, 81.59);
insert into STATION values (1590, '215', 2431, 485500.51, 4444832.20, 81.95);
insert into STATION values (1591, '216', 2431, 485499.89, 4444833.75, 81.67);
insert into STATION values (1592, '217', 2431, 485493.95, 4444836.17, 82.92);
insert into STATION values (1593, '217b', 2431, 485492.26, 4444832.72, 84.71);
insert into STATION values (1594, '218', 2431, 485493.55, 4444832.48, 84.89);
insert into STATION values (1595, '219', 2431, 485493.55, 4444832.48, 85.89);
insert into STATION values (1596, '220', 2431, 485491.84, 4444826.93, 88.72);
insert into STATION values (1597, '221', 2431, 485484.54, 4444823.23, 94.24);
insert into STATION values (1598, '222', 2431, 485488.63, 4444822.05, 101.60);
insert into STATION values (1599, '223', 2431, 485507.60, 4444860.06, 75.60);
insert into STATION values (1600, '224', 2431, 485503.21, 4444859.53, 78.15);
insert into STATION values (1601, '225', 2431, 485498.32, 4444856.94, 80.85);
insert into STATION values (1602, '226', 2431, 485495.14, 4444859.92, 82.35);
insert into STATION values (1603, '227', 2431, 485487.76, 4444873.88, 82.90);
insert into STATION values (1604, 'Boy1', 2431, 485480.68, 4444841.71, 96.66);
insert into STATION values (1605, 'Boy0', 2431, 485482.15, 4444835.30, 95.38);
insert into STATION values (1606, 'Boy2', 2431, 485480.76, 4444843.82, 96.05);
insert into STATION values (1607, 'Boy3', 2431, 485482.91, 4444845.38, 94.19);
insert into STATION values (1608, 'Boy4', 2431, 485484.34, 4444848.43, 93.35);
insert into STATION values (1609, 'Boy5', 2431, 485487.57, 4444850.67, 90.70);
insert into STATION values (1610, 'Boy6', 2431, 485491.22, 4444852.14, 87.16);
insert into STATION values (1611, 'Boy7', 2431, 485491.39, 4444855.23, 85.91);
insert into STATION values (1612, 'Boy8', 2431, 485491.11, 4444857.57, 84.86);
insert into STATION values (1613, 'Boy9', 2431, 485495.04, 4444858.11, 83.00);
insert into STATION values (1614, '250', 2431, 485451.76, 4444895.69, 81.12);
insert into STATION values (1615, '250A', 2431, 485445.05, 4444895.55, 95.19);
insert into STATION values (1616, '251', 2431, 485462.88, 4444892.87, 81.94);
insert into STATION values (1617, '252', 2431, 485468.42, 4444889.25, 81.48);
insert into STATION values (1618, '253', 2431, 485469.37, 4444885.89, 81.14);
insert into STATION values (1619, '253B', 2431, 485463.73, 4444879.66, 86.19);
insert into STATION values (1620, '253C', 2431, 485463.73, 4444879.66, 94.19);
insert into STATION values (1621, '254', 2431, 485479.46, 4444880.28, 81.83);
insert into STATION values (1622, '255', 2431, 485485.67, 4444877.77, 79.75);
insert into STATION values (1623, 'Y2', 2431, 485395.59, 4444900.43, 69.16);
insert into STATION values (1624, 'Y3', 2431, 485394.23, 4444895.22, 68.31);
insert into STATION values (1625, 'Y4', 2431, 485396.49, 4444892.83, 68.31);
insert into STATION values (1626, 'Y5', 2431, 485387.51, 4444884.91, 67.89);
insert into STATION values (1627, 'Y6', 2431, 485390.46, 4444884.04, 71.31);
insert into STATION values (1628, 'Y7', 2431, 485384.00, 4444880.09, 74.84);
insert into STATION values (1629, 'Y8', 2431, 485378.94, 4444879.07, 77.94);
insert into STATION values (1630, 'Y9', 2431, 485374.80, 4444876.13, 83.99);
insert into STATION values (1631, 'Y10', 2431, 485368.04, 4444873.34, 80.89);
insert into STATION values (1632, 'Y11', 2431, 485366.77, 4444880.27, 84.96);
insert into STATION values (1633, 'Y12', 2431, 485372.95, 4444880.85, 86.05);
insert into STATION values (1634, 'Y13', 2431, 485373.27, 4444884.82, 87.12);
insert into STATION values (1635, 'Y14', 2431, 485377.22, 4444888.18, 95.76);
insert into STATION values (1636, 'Y15', 2431, 485379.17, 4444895.66, 93.69);
insert into STATION values (1637, 'Y16', 2431, 485378.37, 4444902.77, 94.31);
insert into STATION values (1638, 'Y17', 2431, 485378.92, 4444905.99, 96.05);
insert into STATION values (1639, 'Y18', 2431, 485378.63, 4444912.88, 94.83);
insert into STATION values (1640, 'Y19', 2431, 485379.97, 4444914.68, 92.59);
insert into STATION values (1641, 'JJ1', 2431, 485536.68, 4444858.95, 71.08);
insert into STATION values (1642, 'JJ2', 2431, 485538.25, 4444855.68, 71.20);
insert into STATION values (1643, 'JJ3', 2431, 485540.07, 4444851.89, 72.00);
insert into STATION values (1644, 'JJ4', 2431, 485541.08, 4444845.84, 71.49);
insert into STATION values (1645, 'JJ5', 2431, 485542.18, 4444841.39, 72.66);
insert into STATION values (1646, 'JJ6', 2431, 485539.11, 4444841.45, 72.26);
insert into STATION values (1647, 'JJ7', 2431, 485535.06, 4444842.18, 72.91);
insert into STATION values (1648, 'JJ8', 2431, 485539.50, 4444839.77, 71.24);
insert into STATION values (1649, 'JJ9', 2431, 485538.66, 4444838.94, 70.88);
insert into STATION values (1650, 'JJ10', 2431, 485539.63, 4444836.43, 73.43);
insert into STATION values (1651, 'JJX', 2431, 485536.36, 4444823.72, 78.01);
insert into STATION values (1652, 'JJ11', 2431, 485538.53, 4444832.65, 73.79);
insert into STATION values (1653, 'JJ12', 2431, 485544.17, 4444847.02, 69.90);
insert into STATION values (1654, 'JG1', 2431, 485514.19, 4444865.24, 73.64);
insert into STATION values (1655, 'JG2', 2431, 485511.11, 4444870.27, 65.39);
insert into STATION values (1656, 'JG3', 2431, 485509.47, 4444874.56, 64.43);
insert into STATION values (1657, 'JG4', 2431, 485508.54, 4444881.74, 61.70);
insert into STATION values (1658, 'JG5', 2431, 485506.27, 4444885.47, 61.27);
insert into STATION values (1659, 'JG6', 2431, 485503.97, 4444889.02, 57.39);
insert into STATION values (1660, 'JG7', 2431, 485501.83, 4444891.27, 60.45);
insert into STATION values (1661, 'XX', 2431, 485520.50, 4444906.17, 56.59);
insert into STATION values (1662, 'JJ13', 2431, 485524.69, 4444907.28, 56.60);
insert into STATION values (1663, 'JJ14', 2431, 485529.04, 4444909.88, 57.54);
insert into STATION values (1664, 'JJ15', 2431, 485529.04, 4444909.88, 58.54);
insert into STATION values (1665, '198bis', 2431, 485499.40, 4444883.80, 75.69);
insert into STATION values (1666, '1000', 2431, 485408.40, 4444983.65, 87.65);
insert into STATION values (1667, '1001', 2431, 485408.93, 4444982.46, 92.19);
insert into STATION values (1668, '1002', 2431, 485404.31, 4444979.70, 94.36);
insert into STATION values (1669, '1003', 2431, 485400.69, 4444969.27, 96.31);
insert into STATION values (1670, '1004', 2431, 485399.63, 4444960.78, 96.61);
insert into STATION values (1671, '1005', 2431, 485397.71, 4444950.01, 98.74);
insert into STATION values (1672, '1006', 2431, 485395.42, 4444944.09, 98.63);
insert into STATION values (1673, '1007', 2431, 485391.46, 4444946.20, 91.72);
insert into STATION values (1674, '1008', 2431, 485387.35, 4444933.66, 94.76);
insert into STATION values (1675, '1009', 2431, 485382.70, 4444923.74, 90.77);
insert into STATION values (1676, '1010', 2431, 485380.31, 4444917.87, 91.66);
insert into STATION values (1677, 'A10b', 2431, 485450.45, 4444922.86, 63.44);
insert into STATION values (1678, 'A10c', 2431, 485449.91, 4444923.62, 73.31);
insert into STATION values (1679, '2000', 2431, 485450.03, 4444923.53, 73.31);
insert into STATION values (1680, '2001', 2431, 485443.69, 4444930.34, 78.23);
insert into STATION values (1681, '2002', 2431, 485437.35, 4444943.07, 88.20);
insert into STATION values (1682, '2003', 2431, 485429.20, 4444932.26, 91.78);
insert into STATION values (1683, '2004', 2431, 485439.58, 4444944.49, 86.69);
insert into STATION values (1684, '2005', 2431, 485433.73, 4444949.62, 85.89);
insert into STATION values (1685, '2006', 2431, 485432.10, 4444948.84, 79.60);
insert into STATION values (1686, '2007', 2431, 485432.46, 4444940.62, 77.31);
insert into STATION values (1687, '2008', 2431, 485435.84, 4444933.14, 80.44);
insert into STATION values (1688, '2009', 2431, 485437.28, 4444923.15, 77.22);
insert into STATION values (1689, '2010', 2431, 485439.95, 4444919.58, 75.17);
insert into STATION values (1690, '2011', 2431, 485439.10, 4444917.82, 70.39);
insert into STATION values (1691, '2012', 2431, 485432.33, 4444923.23, 66.45);
insert into STATION values (1692, '2013', 2431, 485428.33, 4444922.84, 56.30);
insert into STATION values (1693, '2014', 2431, 485427.90, 4444928.90, 53.77);
insert into STATION values (1694, '3000', 2431, 485408.40, 4444983.65, 87.65);
insert into STATION values (1695, '3001', 2431, 485405.90, 4444983.49, 88.51);
insert into STATION values (1696, '3002', 2431, 485398.55, 4444989.69, 77.72);
insert into STATION values (1697, '3003', 2431, 485405.61, 4444985.39, 82.73);
insert into STATION values (1698, '3004', 2431, 485408.65, 4444984.00, 83.30);
insert into STATION values (1699, '3005', 2431, 485408.43, 4444978.05, 84.20);
insert into STATION values (1700, '3006', 2431, 485402.65, 4444971.31, 78.43);
insert into STATION values (1701, '3007', 2431, 485401.65, 4444965.42, 81.09);
insert into STATION values (1702, '3008', 2431, 485398.69, 4444999.78, 72.62);
insert into STATION values (1703, '3009', 2431, 485399.44, 4445010.05, 76.84);
insert into STATION values (1704, '3010', 2431, 485407.48, 4445021.03, 77.70);
insert into STATION values (1705, '3011', 2431, 485412.28, 4445043.94, 78.02);
insert into STATION values (1706, '3012', 2431, 485413.94, 4445045.45, 80.87);
insert into STATION values (1707, '4000', 2431, 485415.76, 4445058.89, 73.23);
insert into STATION values (1708, '3014', 2431, 485403.76, 4445081.59, 74.31);
insert into STATION values (1709, '3015', 2431, 485393.77, 4445081.44, 77.42);
insert into STATION values (1710, '3016', 2431, 485385.60, 4445073.86, 80.49);
insert into STATION values (1711, '3017', 2431, 485397.80, 4445070.63, 86.73);
insert into STATION values (1712, '3018', 2431, 485381.60, 4445072.39, 78.80);
insert into STATION values (1713, '3019', 2431, 485371.82, 4445074.35, 79.88);
insert into STATION values (1714, '3020', 2431, 485383.27, 4445080.96, 76.79);
insert into STATION values (1715, '3021', 2431, 485381.91, 4445090.56, 71.28);
insert into STATION values (1716, '3022', 2431, 485381.48, 4445095.41, 68.07);
insert into STATION values (1717, '3023', 2431, 485386.89, 4445099.18, 63.42);
insert into STATION values (1718, '3024', 2431, 485373.48, 4445100.93, 73.66);
insert into STATION values (1719, '3025', 2431, 485371.92, 4445111.29, 74.79);
insert into STATION values (1720, '3026', 2431, 485368.82, 4445111.36, 75.82);
insert into STATION values (1721, '4001', 2431, 485420.16, 4445069.85, 76.84);
insert into STATION values (1722, '4002', 2431, 485433.39, 4445089.13, 73.56);
insert into STATION values (1723, '4003', 2431, 485435.75, 4445093.41, 71.38);
insert into STATION values (1724, '4004', 2431, 485444.72, 4445088.47, 66.39);
insert into STATION values (1725, '4005', 2431, 485447.05, 4445103.43, 65.86);
insert into STATION values (1726, '4006', 2431, 485448.97, 4445110.69, 65.07);
insert into STATION values (1727, '4007', 2431, 485452.28, 4445117.51, 65.47);
insert into STATION values (1728, '4008', 2431, 485447.42, 4445118.44, 66.52);
insert into STATION values (1729, '4009', 2431, 485451.17, 4445123.81, 62.29);
insert into STATION values (1730, '4010', 2431, 485454.08, 4445125.50, 53.47);
insert into STATION values (1731, '4011', 2431, 485446.77, 4445141.07, 48.86);
insert into STATION values (1732, '4012', 2431, 485431.32, 4445156.98, 63.27);
insert into STATION values (1733, '4013', 2431, 485428.34, 4445175.52, 55.30);
insert into STATION values (1734, '4014', 2431, 485440.38, 4445178.34, 47.57);
insert into STATION values (1735, '4015', 2431, 485441.85, 4445173.56, 45.28);
insert into STATION values (1736, '4016', 2431, 485452.04, 4445183.86, 28.73);
insert into STATION values (1737, '4017', 2431, 485447.85, 4445193.85, 26.78);
insert into STATION values (1738, '4018', 2431, 485438.08, 4445190.05, 30.95);
insert into STATION values (1739, '4019', 2431, 485431.06, 4445194.30, 31.52);
insert into STATION values (1740, '4020', 2431, 485438.12, 4445201.78, 30.20);
insert into STATION values (1741, '4021', 2431, 485431.45, 4445198.99, 28.51);
insert into STATION values (1742, '4022', 2431, 485455.28, 4445176.97, 26.47);
insert into STATION values (1743, '4023', 2431, 485474.35, 4445153.54, 24.89);
insert into STATION values (1744, '4024', 2431, 485484.37, 4445149.67, 19.65);
insert into STATION values (1745, '4025', 2431, 485484.83, 4445153.34, 20.44);
insert into STATION values (1746, '4026', 2431, 485485.71, 4445162.22, 19.03);
insert into STATION values (1747, '4027', 2431, 485489.23, 4445172.72, 17.86);
insert into STATION values (1748, '4028', 2431, 485493.92, 4445165.18, 16.45);
insert into STATION values (1749, '4029', 2431, 485501.29, 4445157.77, 17.55);
insert into STATION values (1750, '7000', 2431, 485449.62, 4445175.87, 24.23);
insert into STATION values (1751, '7001', 2431, 485434.70, 4445194.05, 20.57);
insert into STATION values (1752, '7002', 2431, 485428.79, 4445203.33, 23.85);
insert into STATION values (1753, '7003', 2431, 485425.54, 4445208.78, 25.02);
insert into STATION values (1754, '7004', 2431, 485427.18, 4445211.25, 23.88);
insert into STATION values (1755, '4021a', 2431, 485430.26, 4445199.16, 28.25);
insert into STATION values (1756, 'AF1', 2431, 485484.37, 4445148.70, 19.09);
insert into STATION values (1757, 'AF2', 2431, 485485.06, 4445147.88, 19.19);
insert into STATION values (1758, '5001', 2431, 485430.64, 4444952.35, 87.12);
insert into STATION values (1759, '5002', 2431, 485419.19, 4444965.58, 89.08);
insert into STATION values (1760, '5003', 2431, 485414.45, 4444967.13, 90.87);
insert into STATION values (1761, '5004', 2431, 485413.65, 4444968.43, 90.37);
insert into STATION values (1762, '5005', 2431, 485408.87, 4444966.74, 92.99);
insert into STATION values (1763, '5006', 2431, 485415.47, 4444971.99, 88.41);
insert into STATION values (1764, '5007', 2431, 485402.09, 4444927.71, 53.34);
insert into STATION values (1765, '5008', 2431, 485398.47, 4444930.93, 47.84);
insert into STATION values (1766, '5009', 2431, 485398.47, 4444930.93, 43.84);
insert into STATION values (1767, '5010', 2431, 485386.93, 4444872.82, 83.20);
insert into STATION values (1768, '8020', 2431, 485421.91, 4445174.75, 61.74);
insert into STATION values (1769, '8021', 2431, 485416.51, 4445180.67, 61.56);
insert into STATION values (1770, '8022', 2431, 485411.67, 4445190.39, 67.26);
insert into STATION values (1771, '8023', 2431, 485411.36, 4445199.23, 63.19);
insert into STATION values (1772, '8024', 2431, 485404.27, 4445205.81, 67.20);
insert into STATION values (1773, '8025', 2431, 485399.67, 4445220.09, 67.20);
insert into STATION values (1774, '8001', 2431, 485444.99, 4445235.29, 17.29);
insert into STATION values (1775, '8000', 2431, 485452.63, 4445226.24, 23.51);
insert into STATION values (1776, '8002', 2431, 485440.38, 4445235.68, 21.07);
insert into STATION values (1777, '8003', 2431, 485425.54, 4445241.78, 23.16);
insert into STATION values (1778, '8004', 2431, 485411.75, 4445247.19, 22.95);
insert into STATION values (1779, '8005', 2431, 485406.05, 4445247.22, 26.12);
insert into STATION values (1780, '8006', 2431, 485404.50, 4445253.12, 24.43);
insert into STATION values (1781, '8007', 2431, 485407.20, 4445254.68, 25.71);
insert into STATION values (1782, '8008', 2431, 485402.66, 4445261.32, 25.36);
insert into STATION values (1783, '8009', 2431, 485396.97, 4445266.17, 25.97);
insert into STATION values (1784, '8010', 2431, 485415.77, 4445235.50, 18.52);
insert into STATION values (1785, '8011', 2431, 485420.86, 4445228.19, 17.34);
insert into STATION values (1786, '8000A', 2431, 485357.20, 4445108.77, 60.00);
insert into STATION values (1787, '8001A', 2431, 485356.68, 4445108.19, 57.03);
insert into STATION values (1788, '8002A', 2431, 485357.51, 4445110.46, 35.77);
insert into STATION values (1789, '8003A', 2431, 485359.47, 4445113.70, 29.73);
insert into STATION values (1790, '8004A', 2431, 485354.90, 4445116.26, 30.70);
insert into STATION values (1791, '8005A', 2431, 485346.40, 4445113.14, 30.61);
insert into STATION values (1792, '8010A', 2431, 485360.36, 4445114.44, 66.79);
insert into STATION values (1793, 'LBH0', 2431, 485556.01, 4445167.03, 10.63);
insert into STATION values (1794, 'LBH1', 2431, 485548.54, 4445172.19, 15.66);
insert into STATION values (1795, 'LBH2', 2431, 485536.20, 4445177.84, 24.47);
insert into STATION values (1796, 'LBH3', 2431, 485524.77, 4445179.77, 35.67);
insert into STATION values (1797, 'LBH4', 2431, 485515.49, 4445179.70, 42.66);
insert into STATION values (1798, 'LBH5', 2431, 485505.36, 4445177.84, 43.92);
insert into STATION values (1799, 'LBH6', 2431, 485480.94, 4445177.67, 58.59);
insert into STATION values (1800, 'LBH7', 2431, 485476.63, 4445173.60, 57.00);
insert into STATION values (1801, 'LBH8', 2431, 485460.50, 4445174.89, 67.12);
insert into STATION values (1802, 'LBH9', 2431, 485455.47, 4445177.75, 71.98);
insert into STATION values (1803, 'LBH10', 2431, 485448.96, 4445186.90, 73.35);
insert into STATION values (1804, 'LBH11', 2431, 485440.39, 4445189.29, 74.13);
insert into STATION values (1805, 'LBH12', 2431, 485428.02, 4445196.04, 85.15);
insert into STATION values (1806, 'LBH13', 2431, 485419.44, 4445210.65, 82.16);
insert into STATION values (1807, 'LBH14', 2431, 485408.70, 4445210.95, 88.36);
insert into STATION values (1808, 'LBH15', 2431, 485402.06, 4445217.27, 87.88);
insert into STATION values (1809, 'LBH5.1', 2431, 485513.82, 4445173.04, 33.49);
insert into STATION values (1810, 'LBH5.2', 2431, 485498.43, 4445167.32, 19.22);
insert into STATION values (1811, '0', 2453, 485602.00, 4444774.00, 60.00);
insert into STATION_FLAG values(1811, 'ent');
insert into STATION values (1812, '1', 2453, 485588.28, 4444775.96, 58.05);
insert into STATION values (1813, '2', 2453, 485573.19, 4444785.81, 48.47);
insert into STATION values (1814, '3', 2453, 485573.19, 4444785.81, 58.47);
insert into STATION values (1815, '4', 2453, 485564.40, 4444785.83, 62.57);
insert into STATION values (1816, '30', 2453, 485585.91, 4444760.98, 69.00);
insert into STATION values (1817, '31', 2453, 485581.14, 4444769.63, 66.90);
insert into STATION values (1818, '32', 2453, 485573.87, 4444780.87, 62.80);
insert into STATION values (1819, '5', 2453, 485552.77, 4444782.96, 65.78);
insert into STATION values (1820, '6', 2453, 485548.99, 4444785.15, 76.09);
insert into STATION values (1821, '7', 2453, 485550.36, 4444780.62, 83.39);
insert into STATION values (1822, '8', 2453, 485551.89, 4444770.86, 88.00);
insert into STATION values (1823, '9', 2453, 485556.24, 4444759.43, 98.62);
insert into STATION values (1824, '10', 2453, 485560.96, 4444747.05, 99.78);
insert into STATION values (1825, '40', 2453, 485580.67, 4444744.04, 60.64);
insert into STATION values (1826, '41', 2453, 485580.93, 4444757.07, 56.41);
insert into STATION values (1827, '80', 2453, 485586.95, 4444772.63, 53.16);
insert into STATION values (1828, '42', 2453, 485580.93, 4444757.07, 61.01);
insert into STATION values (1829, '43', 2453, 485588.67, 4444760.18, 69.35);
insert into STATION values (1830, '51', 2453, 485604.59, 4444782.96, 62.67);
insert into STATION values (1831, '52', 2453, 485607.21, 4444790.95, 65.57);
insert into STATION values (1832, '53', 2453, 485607.31, 4444792.38, 64.84);
insert into STATION values (1833, '54', 2453, 485613.24, 4444791.10, 65.48);
insert into STATION values (1834, '55', 2453, 485616.82, 4444789.72, 62.27);
insert into STATION values (1835, '56', 2453, 485616.82, 4444789.72, 28.17);
insert into STATION values (1836, '57', 2453, 485612.53, 4444779.69, 31.50);
insert into STATION values (1837, '58', 2453, 485615.67, 4444773.76, 36.38);
insert into STATION values (1838, '59', 2453, 485615.67, 4444773.76, 58.98);
insert into STATION values (1839, '60', 2453, 485617.38, 4444759.59, 42.44);
insert into STATION values (1840, '70', 2453, 485605.74, 4444771.31, 56.62);
insert into STATION values (1841, '0', 2702, 485808.00, 4445794.00, 370.00);
insert into STATION_FLAG values(1841, 'ent');
insert into STATION values (1842, '1', 2702, 485810.12, 4445795.55, 369.35);
insert into STATION values (1843, '2', 2702, 485809.43, 4445797.14, 356.99);
insert into STATION values (1844, '3', 2702, 485808.54, 4445800.45, 352.75);
insert into STATION values (1845, '4', 2702, 485806.65, 4445802.33, 346.49);
insert into STATION values (1846, '5', 2702, 485805.35, 4445800.71, 343.41);
insert into STATION values (1847, '6', 2702, 485812.26, 4445796.07, 331.06);
insert into STATION values (1848, '7', 2702, 485810.39, 4445799.05, 326.71);
insert into STATION values (1849, '8', 2702, 485808.55, 4445800.82, 324.25);
insert into STATION values (1850, '9', 2702, 485808.55, 4445800.82, 299.75);
insert into STATION values (1851, '10', 2702, 485803.95, 4445806.68, 296.28);
insert into STATION values (1852, '11', 2702, 485803.95, 4445806.68, 288.88);
insert into STATION values (1853, '12', 2702, 485801.71, 4445807.44, 288.50);
insert into STATION values (1854, '13', 2702, 485798.67, 4445810.07, 285.01);
insert into STATION values (1855, '14', 2702, 485803.41, 4445804.30, 281.37);
insert into STATION values (1856, '15', 2702, 485803.41, 4445804.30, 279.17);
insert into STATION values (1857, '15B', 2702, 485808.54, 4445806.47, 296.08);
insert into STATION values (1858, '16', 2702, 485809.44, 4445806.89, 290.96);
insert into STATION values (1859, '17', 2702, 485806.31, 4445808.77, 286.29);
insert into STATION values (1860, '18', 2702, 485806.70, 4445807.92, 281.50);
insert into STATION values (1861, '19', 2702, 485807.27, 4445805.27, 281.45);
insert into STATION values (1862, '20', 2702, 485809.26, 4445803.99, 269.25);
insert into STATION values (1863, '21', 2702, 485806.49, 4445804.67, 255.82);
insert into STATION values (1864, '22', 2702, 485809.19, 4445803.22, 280.59);
insert into STATION values (1865, '23', 2702, 485811.29, 4445800.91, 277.36);
insert into STATION values (1866, '24', 2702, 485812.33, 4445800.34, 276.13);
insert into STATION values (1867, '25', 2702, 485811.89, 4445798.98, 272.41);
insert into STATION values (1868, '26', 2702, 485812.21, 4445800.28, 268.53);
insert into STATION values (1869, '27', 2702, 485813.04, 4445802.24, 265.12);
insert into STATION values (1870, '28', 2702, 485814.73, 4445802.93, 262.19);
insert into STATION values (1871, '29', 2702, 485814.20, 4445804.54, 256.65);
insert into STATION values (1872, '30', 2702, 485813.10, 4445805.72, 254.58);
insert into STATION values (1873, '31', 2702, 485812.17, 4445806.27, 247.74);
insert into STATION values (1874, '32', 2702, 485813.12, 4445806.39, 242.78);
insert into STATION values (1875, '33', 2702, 485814.17, 4445805.35, 237.96);
insert into STATION values (1876, '34', 2702, 485814.33, 4445802.50, 236.86);
insert into STATION values (1877, '0', 2706, 485812.00, 4445780.00, 364.00);
insert into STATION_FLAG values(1877, 'ent');
insert into STATION values (1878, '1', 2706, 485812.42, 4445778.88, 360.71);
insert into STATION values (1879, '2', 2706, 485814.14, 4445778.17, 354.80);
insert into STATION values (1880, '3', 2706, 485812.55, 4445777.24, 335.59);
insert into STATION values (1881, '4', 2706, 485805.23, 4445778.85, 329.58);
insert into STATION values (1882, '5', 2706, 485807.62, 4445778.61, 325.43);
insert into STATION values (1883, '6', 2706, 485807.33, 4445774.16, 320.43);
insert into STATION values (1884, '7', 2706, 485809.60, 4445772.81, 316.78);
insert into STATION values (1885, '8', 2706, 485806.39, 4445772.38, 315.00);
insert into STATION values (1886, '9', 2706, 485803.43, 4445772.57, 312.63);
insert into STATION values (1887, '10', 2706, 485802.68, 4445770.16, 306.53);
insert into STATION values (1888, '11', 2706, 485803.96, 4445770.19, 300.98);
insert into STATION values (1889, '12', 2706, 485806.45, 4445770.44, 285.18);
insert into STATION values (1890, '13', 2706, 485807.59, 4445769.81, 270.23);
insert into STATION values (1891, '14', 2706, 485807.75, 4445788.66, 257.27);
insert into STATION values (1892, '0', 2710, 485537.00, 4445627.00, 359.00);
insert into STATION values (1893, '1', 2710, 485528.83, 4445631.29, 355.38);
insert into STATION values (1894, '2', 2710, 485529.70, 4445629.19, 380.53);
insert into STATION values (1895, '3', 2710, 485527.64, 4445630.83, 385.92);
insert into STATION values (1896, '4', 2710, 485522.43, 4445633.93, 389.32);
insert into STATION values (1897, '5', 2710, 485520.59, 4445635.20, 390.04);
insert into STATION values (1898, '6', 2710, 485517.47, 4445637.13, 391.72);
insert into STATION values (1899, '7', 2710, 485515.44, 4445638.75, 393.56);
insert into STATION values (1900, '8', 2710, 485513.60, 4445639.68, 394.66);
insert into STATION values (1901, '9', 2710, 485510.73, 4445643.06, 394.91);
insert into STATION values (1902, '10', 2710, 485507.71, 4445643.96, 396.58);
insert into STATION values (1903, '11', 2710, 485505.57, 4445643.08, 401.79);
insert into STATION_FLAG values(1903, 'ent');
insert into STATION values (1904, '0', 2714, 485584.00, 4445478.00, 319.00);
insert into STATION_FLAG values(1904, 'ent');
insert into STATION values (1905, '1', 2714, 485578.19, 4445486.51, 315.45);
insert into STATION values (1906, '2', 2714, 485583.00, 4445491.55, 316.81);
insert into STATION values (1907, '3', 2714, 485585.54, 4445496.29, 317.95);
insert into STATION values (1908, '4', 2714, 485587.93, 4445506.09, 320.04);
insert into STATION values (1909, '5', 2714, 485596.05, 4445517.11, 316.24);
insert into STATION values (1910, '6', 2714, 485596.05, 4445517.11, 329.64);
insert into STATION values (1911, '7', 2714, 485602.72, 4445516.68, 320.26);
insert into STATION values (1912, '8', 2714, 485605.65, 4445524.86, 319.81);
insert into STATION values (1913, '9', 2714, 485612.78, 4445525.90, 324.31);
insert into STATION values (1914, '0', 2718, 485438.00, 4445269.00, 300.00);
insert into STATION_FLAG values(1914, 'ent');
insert into STATION values (1915, '1', 2718, 485440.18, 4445272.86, 296.16);
insert into STATION values (1916, '2', 2718, 485441.42, 4445276.51, 285.80);
insert into STATION values (1917, '3', 2718, 485440.51, 4445279.13, 278.22);
insert into STATION values (1918, '4', 2718, 485439.18, 4445279.59, 272.68);
insert into STATION values (1919, '5', 2718, 485437.28, 4445280.50, 265.94);
insert into STATION values (1920, '6', 2718, 485439.74, 4445282.31, 256.56);
insert into STATION values (1921, '7', 2718, 485442.06, 4445284.16, 246.63);
insert into STATION values (1922, '8', 2718, 485443.05, 4445287.84, 228.07);
insert into STATION values (1923, '9', 2718, 485440.40, 4445289.15, 223.52);
insert into STATION values (1924, '10', 2718, 485437.66, 4445297.06, 215.04);
insert into STATION values (1925, '11', 2718, 485434.08, 4445302.94, 210.77);
insert into STATION values (1926, '0', 2722, 485816.00, 4445878.00, 360.00);
insert into STATION_FLAG values(1926, 'ent');
insert into STATION values (1927, '1', 2722, 485816.00, 4445878.00, 354.00);
insert into STATION values (1928, '2', 2722, 485810.16, 4445884.41, 347.23);
insert into STATION values (1929, '3', 2722, 485808.97, 4445885.59, 345.81);
insert into STATION values (1930, '4', 2722, 485803.90, 4445889.65, 339.33);
insert into STATION values (1931, '5', 2722, 485811.37, 4445883.00, 336.46);
insert into STATION values (1932, '0', 2726, 486346.04, 4445898.02, -63.00);
insert into STATION values (1933, '1', 2726, 486339.70, 4445873.84, -63.00);
insert into STATION values (1934, '2', 2726, 486339.01, 4445865.38, -56.00);
insert into STATION values (1935, '3', 2726, 486333.97, 4445846.13, -54.00);
insert into STATION values (1936, '4', 2726, 486343.78, 4445832.28, -48.00);
insert into STATION values (1937, '5', 2726, 486343.78, 4445832.28, -35.00);
insert into STATION values (1938, '6', 2726, 486344.44, 4445829.87, -35.00);
insert into STATION values (1939, 'A1', 2726, 486342.10, 4445820.94, -30.00);
insert into STATION values (1940, 'A2', 2726, 486345.34, 4445809.09, -24.40);
insert into STATION values (1941, 'A3', 2726, 486349.75, 4445802.86, -22.00);
insert into STATION values (1942, 'A4', 2726, 486352.21, 4445800.43, -20.00);
insert into STATION values (1943, 'A5', 2726, 486353.75, 4445783.92, -13.00);
insert into STATION values (1944, 'A6', 2726, 486357.36, 4445770.73, -10.00);
insert into STATION values (1945, 'A7', 2726, 486358.75, 4445755.82, -9.00);
insert into STATION values (1946, 'A8', 2726, 486360.02, 4445742.21, -6.00);
insert into STATION values (1947, 'A9', 2726, 486359.52, 4445740.31, -5.60);
insert into STATION values (1948, 'A10', 2726, 486362.31, 4445730.11, -2.60);
insert into STATION values (1949, 'A11', 2726, 486363.37, 4445726.25, -2.40);
insert into STATION values (1950, 'A12', 2726, 486366.62, 4445719.38, 0.10);
insert into STATION values (1951, 'A13', 2726, 486365.76, 4445708.93, 0.50);
insert into STATION values (1952, 'A14', 2726, 486362.65, 4445690.69, 0.20);
insert into STATION values (1953, 'A15', 2726, 486355.30, 4445662.64, 0.20);
insert into STATION values (1954, 'A16', 2726, 486353.02, 4445659.35, 0.00);
insert into STATION values (1955, 'A17', 2726, 486350.24, 4445648.71, 0.00);
insert into STATION values (1956, 'A18', 2726, 486347.21, 4445637.16, -3.70);
insert into STATION values (1957, 'A19', 2726, 486338.68, 4445624.83, -3.30);
insert into STATION values (1958, 'A20', 2726, 486340.00, 4445620.00, 0.00);
insert into STATION_FLAG values(1958, 'ent');
insert into STATION values (1959, 'ENT_109001', 2425, 485618.00, 4444774.00, 60.00);
insert into STATION_FLAG values(1959, 'fix');
insert into STATION values (1960, 'ENT_109002', 2425, 485602.00, 4444774.00, 60.00);
insert into STATION_FLAG values(1960, 'fix');
insert into STATION values (1961, 'ENT_109003', 2425, 485779.00, 4445842.00, 375.00);
insert into STATION_FLAG values(1961, 'fix');
insert into STATION values (1962, 'ENT_109004', 2425, 485808.00, 4445794.00, 370.00);
insert into STATION_FLAG values(1962, 'fix');
insert into STATION values (1963, 'ENT_109005', 2425, 485651.00, 4445694.00, 384.00);
insert into STATION_FLAG values(1963, 'fix');
insert into STATION values (1964, 'ENT_109006', 2425, 486410.00, 4445941.00, 414.00);
insert into STATION_FLAG values(1964, 'fix');
insert into STATION values (1965, 'ENT_109007', 2425, 485737.00, 4445148.00, 278.00);
insert into STATION_FLAG values(1965, 'fix');
insert into STATION values (1966, 'ENT_109008', 2425, 485812.00, 4445780.00, 364.00);
insert into STATION_FLAG values(1966, 'fix');
insert into STATION values (1967, 'ENT_109009', 2425, 485537.00, 4445627.00, 359.00);
insert into STATION_FLAG values(1967, 'fix');
insert into STATION values (1968, 'ENT_109010', 2425, 485587.00, 4445498.00, 319.00);
insert into STATION_FLAG values(1968, 'fix');
insert into STATION values (1969, 'ENT_109011', 2425, 485584.00, 4445478.00, 319.00);
insert into STATION_FLAG values(1969, 'fix');
insert into STATION values (1970, 'ENT_109012', 2425, 486478.00, 4445928.00, 388.00);
insert into STATION_FLAG values(1970, 'fix');
insert into STATION values (1971, 'ENT_109013', 2425, 485438.00, 4445269.00, 300.00);
insert into STATION_FLAG values(1971, 'fix');
insert into STATION values (1972, 'ENT_109014', 2425, 485816.00, 4445878.00, 360.00);
insert into STATION_FLAG values(1972, 'fix');
insert into STATION values (1973, 'ENT_109015', 2425, 485649.00, 4444763.00, 53.00);
insert into STATION_FLAG values(1973, 'fix');
insert into STATION values (1974, 'ENT_109016', 2425, 485795.00, 4444848.00, 36.00);
insert into STATION_FLAG values(1974, 'fix');
insert into STATION values (1975, 'ENT_109017', 2425, 486340.00, 4445620.00, 0.00);
insert into STATION_FLAG values(1975, 'fix');
insert into STATION values (1976, 'ENT_109018', 2425, 485880.00, 4445791.00, 0.00);
insert into STATION_FLAG values(1976, 'fix');
insert into STATION values (1977, 'ENT_109019', 2425, 485684.00, 4444706.00, 0.00);
insert into STATION_FLAG values(1977, 'fix');
insert into STATION values (1978, '0', 2737, 476491.00, 4441850.00, 292.00);
insert into STATION values (1979, '1', 2737, 476489.56, 4441848.83, 295.18);
insert into STATION values (1980, '2', 2737, 476488.60, 4441846.63, 299.43);
insert into STATION values (1981, '3', 2737, 476488.33, 4441843.47, 304.94);
insert into STATION values (1982, '4', 2737, 476488.11, 4441843.32, 314.33);
insert into STATION values (1983, '5', 2737, 476487.26, 4441840.83, 317.81);
insert into STATION values (1984, '6', 2737, 476488.82, 4441839.68, 327.01);
insert into STATION values (1985, '7', 2737, 476492.56, 4441834.04, 333.89);
insert into STATION values (1986, '8', 2737, 476493.33, 4441828.89, 336.91);
insert into STATION_FLAG values(1986, 'ent');
insert into STATION values (1987, '0', 2741, 476217.00, 4441660.00, 314.00);
insert into STATION_FLAG values(1987, 'ent');
insert into STATION values (1988, '1', 2741, 476211.53, 4441666.82, 312.49);
insert into STATION values (1989, '2', 2741, 476214.80, 4441665.49, 309.14);
insert into STATION values (1990, '3', 2741, 476219.83, 4441665.00, 284.73);
insert into STATION values (1991, '4', 2741, 476216.99, 4441666.21, 283.88);
insert into STATION values (1992, '5', 2741, 476216.58, 4441668.47, 281.66);
insert into STATION values (1993, '6', 2741, 476222.87, 4441666.66, 281.95);
insert into STATION values (1994, '7', 2741, 476227.32, 4441667.04, 271.83);
insert into STATION values (1995, '8', 2741, 476232.92, 4441672.38, 240.06);
insert into STATION values (1996, 'A4', 2741, 476217.88, 4441670.37, 272.75);
insert into STATION values (1997, 'A5', 2741, 476221.75, 4441673.64, 251.47);
insert into STATION values (1998, 'A6', 2741, 476223.78, 4441673.66, 241.30);
insert into STATION values (1999, 'A7', 2741, 476225.38, 4441675.89, 235.82);
insert into STATION values (2000, 'A8', 2741, 476225.27, 4441675.31, 218.07);
insert into STATION values (2001, '0', 2746, 479866.00, 4441309.00, 356.00);
insert into STATION_FLAG values(2001, 'ent');
insert into STATION values (2002, '1', 2746, 479864.60, 4441307.46, 359.30);
insert into STATION values (2003, '2', 2746, 479863.58, 4441302.59, 368.38);
insert into STATION values (2004, '3', 2746, 479864.25, 4441301.38, 377.98);
insert into STATION values (2005, '4', 2746, 479863.70, 4441299.56, 381.61);
insert into STATION values (2006, '5', 2746, 479865.09, 4441297.70, 387.82);
insert into STATION values (2007, '6', 2746, 479868.17, 4441296.82, 393.80);
insert into STATION values (2008, '7', 2746, 479870.23, 4441294.12, 396.57);
insert into STATION values (2009, '0', 2750, 476597.00, 4441532.00, 316.00);
insert into STATION values (2010, '1', 2750, 476599.18, 4441527.47, 327.40);
insert into STATION values (2011, '2', 2750, 476600.04, 4441525.92, 334.46);
insert into STATION values (2012, '3', 2750, 476599.50, 4441527.31, 340.68);
insert into STATION values (2013, '4', 2750, 476600.12, 4441529.87, 344.78);
insert into STATION values (2014, '4a', 2750, 476597.14, 4441520.80, 344.78);
insert into STATION values (2015, '4b', 2750, 476601.20, 4441533.59, 344.78);
insert into STATION values (2016, '0', 2754, 481123.95, 4440175.21, 111.78);
insert into STATION values (2017, '1', 2754, 481124.75, 4440170.63, 113.66);
insert into STATION values (2018, '2', 2754, 481138.49, 4440169.39, 109.17);
insert into STATION values (2019, '3', 2754, 481145.03, 4440176.87, 108.83);
insert into STATION values (2020, '4', 2754, 481148.35, 4440183.96, 109.10);
insert into STATION values (2021, '5', 2754, 481151.80, 4440180.84, 109.10);
insert into STATION values (2022, '6', 2754, 481160.49, 4440174.25, 110.25);
insert into STATION values (2023, '7', 2754, 481163.51, 4440178.23, 109.46);
insert into STATION values (2024, '8', 2754, 481169.07, 4440177.23, 109.46);
insert into STATION values (2025, '9', 2754, 481177.70, 4440171.16, 110.38);
insert into STATION values (2026, '10', 2754, 481204.02, 4440168.33, 103.29);
insert into STATION values (2027, '11', 2754, 481216.62, 4440145.46, 108.36);
insert into STATION values (2028, '12', 2754, 481213.94, 4440163.88, 97.75);
insert into STATION values (2029, '13', 2754, 481218.06, 4440162.45, 94.09);
insert into STATION values (2030, '14', 2754, 481221.44, 4440158.27, 91.91);
insert into STATION values (2031, '15', 2754, 481224.57, 4440155.43, 90.70);
insert into STATION values (2032, '16', 2754, 481225.01, 4440153.51, 89.98);
insert into STATION values (2033, '17', 2754, 481232.76, 4440148.26, 87.82);
insert into STATION values (2034, '18', 2754, 481235.48, 4440143.10, 86.04);
insert into STATION values (2035, '19', 2754, 481240.71, 4440130.71, 73.93);
insert into STATION values (2036, '20', 2754, 481241.52, 4440122.80, 66.77);
insert into STATION values (2037, '21', 2754, 481238.52, 4440116.67, 57.38);
insert into STATION values (2038, '22', 2754, 481238.25, 4440103.02, 50.72);
insert into STATION values (2039, '23', 2754, 481244.00, 4440093.00, 29.00);
insert into STATION_FLAG values(2039, 'ent');
insert into STATION values (2040, 'R1BL_1', 2758, 481047.86, 4440042.32, 35.60);
insert into STATION values (2041, 'R1BL_0', 2758, 481048.19, 4440049.32, 39.02);
insert into STATION values (2042, 'R1BL_1A', 2758, 481046.35, 4440045.14, 35.60);
insert into STATION values (2043, 'R1BL_2', 2758, 481050.66, 4440035.15, 35.60);
insert into STATION values (2044, 'R1BL_3', 2758, 481058.34, 4440037.99, 35.17);
insert into STATION values (2045, 'R1BL_4', 2758, 481061.08, 4440039.11, 35.64);
insert into STATION values (2046, 'R1BL_4B', 2758, 481060.74, 4440036.22, 36.37);
insert into STATION values (2047, 'R1BL_5', 2758, 481061.08, 4440039.11, 30.64);
insert into STATION values (2048, 'R1BL_6', 2758, 481064.87, 4440040.59, 31.14);
insert into STATION values (2049, 'R1BL_7', 2758, 481064.87, 4440040.59, 27.24);
insert into STATION values (2050, 'R1BL_8', 2758, 481070.25, 4440040.90, 26.87);
insert into STATION values (2051, 'R1BL_9', 2758, 481072.75, 4440040.87, 26.74);
insert into STATION values (2052, 'R1BL_10', 2758, 481076.02, 4440045.78, 26.53);
insert into STATION values (2053, 'R1BL_11', 2758, 481072.12, 4440051.94, 26.15);
insert into STATION values (2054, 'R1BL_12', 2758, 481079.64, 4440047.83, 27.35);
insert into STATION values (2055, 'R1BL_13', 2758, 481084.01, 4440045.72, 24.98);
insert into STATION values (2056, 'R1BL_14', 2758, 481088.65, 4440047.44, 22.36);
insert into STATION values (2057, 'R1BL_14C', 2758, 481088.63, 4440050.42, 21.72);
insert into STATION values (2058, 'R1BL_14D', 2758, 481095.63, 4440050.70, 19.44);
insert into STATION values (2059, 'R1BL_15', 2758, 481093.28, 4440043.31, 23.45);
insert into STATION values (2060, 'R1BL_16', 2758, 481102.51, 4440040.01, 22.07);
insert into STATION values (2061, 'R1BL_17', 2758, 481110.59, 4440033.54, 22.07);
insert into STATION values (2062, 'R1BL_18', 2758, 481113.41, 4440029.08, 14.54);
insert into STATION values (2063, 'R1BL_19', 2758, 481118.37, 4440028.84, 12.43);
insert into STATION values (2064, 'R1BL_20', 2758, 481118.25, 4440030.51, 10.57);
insert into STATION values (2065, 'R1BL_21', 2758, 481126.62, 4440033.61, 8.34);
insert into STATION values (2066, 'R1BL_22', 2758, 481139.78, 4440024.16, 8.34);
insert into STATION values (2067, 'R1BL_23', 2758, 481150.23, 4440022.18, 4.26);
insert into STATION values (2068, 'R1BL_24', 2758, 481166.00, 4440010.00, 6.00);
insert into STATION_FLAG values(2068, 'ent');
insert into STATION values (2069, 'ENT_201001', 2735, 478266.00, 4438945.00, 0.00);
insert into STATION_FLAG values(2069, 'fix');
insert into STATION values (2070, 'ENT_201002', 2735, 473138.00, 4437000.00, 325.00);
insert into STATION_FLAG values(2070, 'fix');
insert into STATION values (2071, 'ENT_201003', 2735, 473081.00, 4438618.00, 385.00);
insert into STATION_FLAG values(2071, 'fix');
insert into STATION values (2072, 'ENT_201004', 2735, 473185.00, 4437080.00, 337.00);
insert into STATION_FLAG values(2072, 'fix');
insert into STATION values (2073, 'ENT_201005', 2735, 473614.00, 4437045.00, 273.00);
insert into STATION_FLAG values(2073, 'fix');
insert into STATION values (2074, 'ENT_201006', 2735, 473794.00, 4437339.00, 294.00);
insert into STATION_FLAG values(2074, 'fix');
insert into STATION values (2075, 'ENT_201007', 2735, 473598.00, 4437045.00, 290.00);
insert into STATION_FLAG values(2075, 'fix');
insert into STATION values (2076, 'ENT_201008', 2735, 473527.00, 4437152.00, 338.00);
insert into STATION_FLAG values(2076, 'fix');
insert into STATION values (2077, 'ENT_201009', 2735, 473512.00, 4437140.00, 340.00);
insert into STATION_FLAG values(2077, 'fix');
insert into STATION values (2078, 'ENT_201010', 2735, 473749.00, 4437328.00, 309.00);
insert into STATION_FLAG values(2078, 'fix');
insert into STATION values (2079, 'ENT_201011', 2735, 473423.00, 4437558.00, 492.00);
insert into STATION_FLAG values(2079, 'fix');
insert into STATION values (2080, 'ENT_201012', 2735, 473607.00, 4437277.00, 386.00);
insert into STATION_FLAG values(2080, 'fix');
insert into STATION values (2081, 'ENT_201013', 2735, 473066.00, 4437002.00, 311.00);
insert into STATION_FLAG values(2081, 'fix');
insert into STATION values (2082, 'ENT_201014', 2735, 473378.00, 4437631.00, 526.00);
insert into STATION_FLAG values(2082, 'fix');
insert into STATION values (2083, 'ENT_201015', 2735, 473524.00, 4437766.00, 469.00);
insert into STATION_FLAG values(2083, 'fix');
insert into STATION values (2084, 'ENT_201016', 2735, 473535.00, 4437264.00, 347.00);
insert into STATION_FLAG values(2084, 'fix');
insert into STATION values (2085, 'ENT_201017', 2735, 473581.00, 4437960.00, 393.00);
insert into STATION_FLAG values(2085, 'fix');
insert into STATION values (2086, 'ENT_201018', 2735, 473619.00, 4437025.00, 268.00);
insert into STATION_FLAG values(2086, 'fix');
insert into STATION values (2087, 'ENT_201019', 2735, 473196.00, 4437124.00, 274.00);
insert into STATION_FLAG values(2087, 'fix');
insert into STATION values (2088, 'ENT_201020', 2735, 481166.00, 4440010.00, 6.00);
insert into STATION_FLAG values(2088, 'fix');
insert into STATION values (2089, 'ENT_201021', 2735, 473580.00, 4437961.00, 393.00);
insert into STATION_FLAG values(2089, 'fix');
insert into STATION values (2090, 'ENT_201022', 2735, 473519.00, 4437155.00, 335.00);
insert into STATION_FLAG values(2090, 'fix');
insert into STATION values (2091, 'ENT_201023', 2735, 473690.00, 4437099.00, 272.00);
insert into STATION_FLAG values(2091, 'fix');
insert into STATION values (2092, 'ENT_201024', 2735, 473520.00, 4437115.00, 8.00);
insert into STATION_FLAG values(2092, 'fix');
insert into STATION values (2093, 'ENT_201025', 2735, 473276.00, 4437291.00, 412.00);
insert into STATION_FLAG values(2093, 'fix');
insert into STATION values (2094, 'ENT_201026', 2735, 471000.00, 4440731.00, 9.00);
insert into STATION_FLAG values(2094, 'fix');
insert into STATION values (2095, 'ENT_201027', 2735, 470851.00, 4437247.00, 13.00);
insert into STATION_FLAG values(2095, 'fix');
insert into STATION values (2096, 'ENT_201028', 2735, 473005.00, 4437401.00, 471.00);
insert into STATION_FLAG values(2096, 'fix');
insert into STATION values (2097, 'ENT_201029', 2735, 473670.00, 4437075.00, 270.00);
insert into STATION_FLAG values(2097, 'fix');
insert into STATION values (2098, 'ENT_201030', 2735, 473587.00, 4437133.00, 303.00);
insert into STATION_FLAG values(2098, 'fix');
insert into STATION values (2099, 'ENT_201031', 2735, 475272.00, 4442209.00, 460.00);
insert into STATION_FLAG values(2099, 'fix');
insert into STATION values (2100, 'ENT_201032', 2735, 473735.00, 4437228.00, 306.00);
insert into STATION_FLAG values(2100, 'fix');
insert into STATION values (2101, 'ENT_201033', 2735, 475375.00, 4442069.00, 430.00);
insert into STATION_FLAG values(2101, 'fix');
insert into STATION values (2102, 'ENT_201034', 2735, 473652.00, 4437656.00, 397.00);
insert into STATION_FLAG values(2102, 'fix');
insert into STATION values (2103, 'ENT_201035', 2735, 473683.00, 4437677.00, 381.00);
insert into STATION_FLAG values(2103, 'fix');
insert into STATION values (2104, 'ENT_201036', 2735, 473577.00, 4438008.00, 389.00);
insert into STATION_FLAG values(2104, 'fix');
insert into STATION values (2105, 'ENT_201037', 2735, 473579.00, 4438420.00, 361.00);
insert into STATION_FLAG values(2105, 'fix');
insert into STATION values (2106, 'ENT_201038', 2735, 473601.00, 4438564.00, 347.00);
insert into STATION_FLAG values(2106, 'fix');
insert into STATION values (2107, 'ENT_201039', 2735, 473616.00, 4438593.00, 342.00);
insert into STATION_FLAG values(2107, 'fix');
insert into STATION values (2108, 'ENT_201040', 2735, 473599.00, 4438718.00, 337.00);
insert into STATION_FLAG values(2108, 'fix');
insert into STATION values (2109, 'ENT_201041', 2735, 473407.00, 4438857.00, 403.00);
insert into STATION_FLAG values(2109, 'fix');
insert into STATION values (2110, 'ENT_201042', 2735, 473028.00, 4438978.00, 312.00);
insert into STATION_FLAG values(2110, 'fix');
insert into STATION values (2111, 'ENT_201043', 2735, 473077.00, 4439130.00, 313.00);
insert into STATION_FLAG values(2111, 'fix');
insert into STATION values (2112, 'ENT_201044', 2735, 473044.00, 4439162.00, 307.00);
insert into STATION_FLAG values(2112, 'fix');
insert into STATION values (2113, 'ENT_201045', 2735, 473343.00, 4439239.00, 391.00);
insert into STATION_FLAG values(2113, 'fix');
insert into STATION values (2114, 'ENT_201046', 2735, 475670.00, 4442920.00, 323.00);
insert into STATION_FLAG values(2114, 'fix');
insert into STATION values (2115, 'ENT_201047', 2735, 473344.00, 4439239.00, 391.00);
insert into STATION_FLAG values(2115, 'fix');
insert into STATION values (2116, 'ENT_201048', 2735, 476597.00, 4441532.00, 316.00);
insert into STATION_FLAG values(2116, 'fix');
insert into STATION values (2117, 'ENT_201049', 2735, 481244.00, 4440093.00, 29.00);
insert into STATION_FLAG values(2117, 'fix');
insert into STATION values (2118, 'ENT_201050', 2735, 475551.00, 4442964.00, 285.00);
insert into STATION_FLAG values(2118, 'fix');
insert into STATION values (2119, 'ENT_201051', 2735, 477006.00, 4441940.00, 0.00);
insert into STATION_FLAG values(2119, 'fix');
insert into STATION values (2120, 'ENT_201052', 2735, 479866.00, 4441309.00, 356.00);
insert into STATION_FLAG values(2120, 'fix');
insert into STATION values (2121, 'ENT_201053', 2735, 480018.00, 4441221.00, 351.00);
insert into STATION_FLAG values(2121, 'fix');
insert into STATION values (2122, 'ENT_201054', 2735, 479883.00, 4441642.00, 239.00);
insert into STATION_FLAG values(2122, 'fix');
insert into STATION values (2123, 'ENT_201055', 2735, 476404.00, 4442053.00, 0.00);
insert into STATION_FLAG values(2123, 'fix');
insert into STATION values (2124, 'ENT_201056', 2735, 476668.00, 4441599.00, 303.00);
insert into STATION_FLAG values(2124, 'fix');
insert into STATION values (2125, 'ENT_201057', 2735, 476670.00, 4441599.00, 306.00);
insert into STATION_FLAG values(2125, 'fix');
insert into STATION values (2126, 'ENT_201058', 2735, 476570.00, 4441550.00, 329.00);
insert into STATION_FLAG values(2126, 'fix');
insert into STATION values (2127, 'ENT_201059', 2735, 476811.00, 4441550.00, 298.00);
insert into STATION_FLAG values(2127, 'fix');
insert into STATION values (2128, 'ENT_201060', 2735, 476555.00, 4442064.00, 0.00);
insert into STATION_FLAG values(2128, 'fix');
insert into STATION values (2129, 'ENT_201061', 2735, 476491.00, 4441850.00, 292.00);
insert into STATION_FLAG values(2129, 'fix');
insert into STATION values (2130, 'ENT_201062', 2735, 476217.00, 4441660.00, 314.00);
insert into STATION_FLAG values(2130, 'fix');
insert into STATION values (2131, 'ENT_201063', 2735, 476293.00, 4441568.00, 344.00);
insert into STATION_FLAG values(2131, 'fix');
insert into STATION values (2132, 'ENT_201064', 2735, 476287.00, 4441655.00, 364.00);
insert into STATION_FLAG values(2132, 'fix');
insert into STATION values (2133, 'ENT_201065', 2735, 476316.00, 4440859.00, 596.00);
insert into STATION_FLAG values(2133, 'fix');
insert into STATION values (2134, 'ENT_201066', 2735, 476028.00, 4441666.00, 277.00);
insert into STATION_FLAG values(2134, 'fix');
insert into STATION values (2135, 'ENT_201067', 2735, 475784.00, 4441912.00, 388.00);
insert into STATION_FLAG values(2135, 'fix');
insert into STATION values (2136, 'ENT_201068', 2735, 475808.00, 4441893.00, 380.00);
insert into STATION_FLAG values(2136, 'fix');
insert into STATION values (2137, 'ENT_201069', 2735, 475787.00, 4441900.00, 382.00);
insert into STATION_FLAG values(2137, 'fix');
insert into STATION values (2138, 'ENT_201070', 2735, 476036.00, 4441670.00, 295.00);
insert into STATION_FLAG values(2138, 'fix');
insert into STATION values (2139, 'ENT_201071', 2735, 476576.00, 4441740.00, 281.00);
insert into STATION_FLAG values(2139, 'fix');
insert into STATION values (2140, 'ENT_201072', 2735, 476632.00, 4441445.00, 378.00);
insert into STATION_FLAG values(2140, 'fix');
insert into STATION values (2141, 'SOMMET360', 2735, 472954.00, 4437990.00, 662.00);
insert into STATION_FLAG values(2141, 'fix');
insert into STATION values (2142, 'BLOCSGRES', 2735, 472902.00, 4437730.00, 603.00);
insert into STATION_FLAG values(2142, 'fix');
insert into STATION values (2143, 'ENT_202001', 2833, 481705.00, 4438320.00, 5.00);
insert into STATION_FLAG values(2143, 'fix');
insert into STATION values (2144, 'ENT_203001', 2837, 472905.00, 4434743.00, 253.00);
insert into STATION_FLAG values(2144, 'fix');
insert into STATION values (2145, 'ENT_203002', 2837, 473028.00, 4434786.00, 258.00);
insert into STATION_FLAG values(2145, 'fix');
insert into STATION values (2146, 'ENT_203003', 2837, 473145.00, 4434865.00, 249.00);
insert into STATION_FLAG values(2146, 'fix');
insert into STATION values (2147, 'ENT_203004', 2837, 473023.00, 4434914.00, 252.00);
insert into STATION_FLAG values(2147, 'fix');
insert into STATION values (2148, 'ENT_203005', 2837, 472899.00, 4435932.00, 34.00);
insert into STATION_FLAG values(2148, 'fix');
insert into STATION values (2149, 'ENT_203006', 2837, 472591.00, 4435495.00, 119.00);
insert into STATION_FLAG values(2149, 'fix');
insert into STATION values (2150, 'ENT_203007', 2837, 472563.00, 4435496.00, 121.00);
insert into STATION_FLAG values(2150, 'fix');
insert into STATION values (2151, 'ENT_203008', 2837, 473096.00, 4434992.00, 334.00);
insert into STATION_FLAG values(2151, 'fix');
insert into STATION values (2152, 'ENT_203009', 2837, 472629.00, 4435676.00, 105.00);
insert into STATION_FLAG values(2152, 'fix');
insert into STATION values (2153, 'ENT_203010', 2837, 470851.00, 4437247.00, 13.00);
insert into STATION_FLAG values(2153, 'fix');
insert into STATION values (2154, 'ENT_203011', 2837, 470883.00, 4433935.00, 35.00);
insert into STATION_FLAG values(2154, 'fix');
insert into STATION values (2155, 'ENT_203012', 2837, 471003.00, 4434013.00, 0.00);
insert into STATION_FLAG values(2155, 'fix');
insert into STATION values (2156, 'G0', 2852, 474598.40, 4432507.53, 88.33);
insert into STATION values (2157, 'G1', 2852, 474603.52, 4432500.11, 91.62);
insert into STATION values (2158, 'G2', 2852, 474609.24, 4432491.83, 96.31);
insert into STATION values (2159, 'G3', 2852, 474610.70, 4432491.28, 99.66);
insert into STATION values (2160, 'G4', 2852, 474612.16, 4432490.04, 101.27);
insert into STATION values (2161, 'G5', 2852, 474614.91, 4432486.73, 107.41);
insert into STATION values (2162, 'G6', 2852, 474615.55, 4432485.79, 109.86);
insert into STATION values (2163, 'G7', 2852, 474613.68, 4432487.12, 111.46);
insert into STATION values (2164, 'G8', 2852, 474611.71, 4432488.28, 114.74);
insert into STATION values (2165, 'G9', 2852, 474613.29, 4432484.82, 116.76);
insert into STATION values (2166, 'G10', 2852, 474614.54, 4432483.55, 117.01);
insert into STATION values (2167, 'G11', 2852, 474613.39, 4432481.94, 121.27);
insert into STATION values (2168, 'G12', 2852, 474615.52, 4432478.18, 122.84);
insert into STATION values (2169, 'G13', 2852, 474618.71, 4432473.57, 121.34);
insert into STATION values (2170, 'F8', 2852, 474622.03, 4432468.75, 122.06);
insert into STATION values (2171, 'F0', 2852, 474630.00, 4432456.00, 153.00);
insert into STATION_FLAG values(2171, 'ent');
insert into STATION values (2172, 'F1', 2852, 474628.97, 4432454.37, 151.09);
insert into STATION values (2173, 'F2', 2852, 474629.01, 4432454.30, 141.79);
insert into STATION values (2174, 'F3', 2852, 474633.23, 4432451.79, 139.00);
insert into STATION values (2175, 'F4', 2852, 474637.31, 4432450.61, 133.02);
insert into STATION values (2176, 'F5', 2852, 474631.09, 4432455.62, 129.42);
insert into STATION values (2177, 'F6', 2852, 474625.16, 4432464.21, 127.58);
insert into STATION values (2178, 'F7', 2852, 474622.75, 4432467.70, 123.33);
insert into STATION values (2179, 'F14', 2852, 474604.81, 4432456.09, 139.26);
insert into STATION values (2180, 'F15', 2852, 474598.77, 4432454.51, 139.59);
insert into STATION values (2181, 'F16', 2852, 474601.02, 4432451.91, 139.33);
insert into STATION values (2182, 'F17', 2852, 474603.68, 4432450.77, 135.84);
insert into STATION values (2183, 'F18', 2852, 474617.41, 4432454.34, 131.29);
insert into STATION values (2184, '0', 2856, 475586.00, 4431730.00, 130.00);
insert into STATION_FLAG values(2184, 'ent');
insert into STATION values (2185, '1', 2856, 475598.50, 4431711.88, 131.93);
insert into STATION values (2186, '2', 2856, 475601.63, 4431707.35, 131.93);
insert into STATION values (2187, '3', 2856, 475606.18, 4431703.48, 136.94);
insert into STATION values (2188, '4', 2856, 475613.70, 4431701.41, 142.01);
insert into STATION values (2189, '5', 2856, 475612.98, 4431689.26, 145.27);
insert into STATION values (2190, '6', 2856, 475615.96, 4431666.95, 151.30);
insert into STATION values (2191, '7', 2856, 475618.19, 4431647.68, 154.72);
insert into STATION values (2192, '8', 2856, 475623.67, 4431635.72, 159.51);
insert into STATION values (2193, '9', 2856, 475621.81, 4431634.18, 160.15);
insert into STATION values (2194, 'A0', 2860, 474547.49, 4432393.53, 137.59);
insert into STATION_FLAG values(2194, 'ent');
insert into STATION values (2195, 'A1', 2860, 474552.46, 4432394.11, 137.59);
insert into STATION values (2196, 'A2', 2860, 474556.12, 4432394.53, 139.80);
insert into STATION values (2197, 'A3', 2860, 474557.91, 4432394.70, 139.65);
insert into STATION values (2198, 'A4', 2860, 474562.05, 4432401.50, 137.66);
insert into STATION values (2199, 'A4B', 2860, 474557.98, 4432401.67, 135.12);
insert into STATION values (2200, 'A5', 2860, 474570.48, 4432406.49, 137.49);
insert into STATION values (2201, 'A5B', 2860, 474566.45, 4432411.02, 132.92);
insert into STATION values (2202, 'A6', 2860, 474577.08, 4432409.10, 138.74);
insert into STATION values (2203, 'A7', 2860, 474581.14, 4432412.01, 138.74);
insert into STATION values (2204, 'A7B', 2860, 474580.06, 4432415.23, 135.79);
insert into STATION values (2205, 'A8', 2860, 474584.49, 4432406.77, 142.94);
insert into STATION values (2206, 'A8B', 2860, 474586.91, 4432403.00, 145.96);
insert into STATION values (2207, 'A9', 2860, 474579.56, 4432402.39, 142.94);
insert into STATION values (2208, 'A10', 2860, 474572.95, 4432416.36, 143.76);
insert into STATION values (2209, 'A11', 2860, 474570.00, 4432422.00, 145.00);
insert into STATION values (2210, 'A12', 2860, 474570.80, 4432424.66, 146.27);
insert into STATION values (2211, 'A13', 2860, 474576.35, 4432424.29, 146.37);
insert into STATION values (2212, 'A14', 2860, 474580.28, 4432429.38, 144.77);
insert into STATION values (2213, 'A15', 2860, 474579.74, 4432434.65, 143.17);
insert into STATION values (2214, 'A16', 2860, 474584.72, 4432439.69, 141.01);
insert into STATION values (2215, 'A17', 2860, 474589.37, 4432446.64, 140.12);
insert into STATION values (2216, 'A18', 2860, 474592.32, 4432446.75, 140.76);
insert into STATION values (2217, 'A19', 2860, 474596.32, 4432448.73, 140.99);
insert into STATION values (2218, 'A20', 2860, 474599.73, 4432448.01, 142.41);
insert into STATION values (2219, 'A20B', 2860, 474597.79, 4432451.04, 145.89);
insert into STATION values (2220, 'A21', 2860, 474601.38, 4432452.57, 140.57);
insert into STATION values (2221, 'F15', 2860, 474598.77, 4432454.51, 139.59);
insert into STATION values (2222, '100', 2860, 474663.92, 4432430.83, 89.08);
insert into STATION values (2223, '101', 2860, 474661.52, 4432440.02, 89.08);
insert into STATION values (2224, '102', 2860, 474657.99, 4432442.09, 94.51);
insert into STATION values (2225, '103', 2860, 474652.04, 4432449.28, 101.29);
insert into STATION values (2226, '104', 2860, 474644.61, 4432456.06, 105.98);
insert into STATION values (2227, '105', 2860, 474635.72, 4432461.92, 109.23);
insert into STATION values (2228, '106', 2860, 474637.48, 4432455.62, 115.56);
insert into STATION values (2229, '107', 2860, 474638.67, 4432448.58, 121.55);
insert into STATION values (2230, '109', 2860, 474643.41, 4432442.56, 128.98);
insert into STATION values (2231, '108', 2860, 474638.49, 4432449.02, 131.04);
insert into STATION values (2232, 'F4', 2860, 474637.31, 4432450.61, 133.02);
insert into STATION values (2233, 'F5', 2860, 474630.81, 4432456.42, 129.88);
insert into STATION values (2234, 'F6', 2860, 474624.88, 4432465.02, 128.04);
insert into STATION values (2235, 'F7', 2860, 474622.48, 4432468.51, 123.80);
insert into STATION values (2236, 'F8', 2860, 474621.75, 4432469.56, 122.53);
insert into STATION values (2237, 'F9', 2860, 474623.12, 4432462.26, 127.67);
insert into STATION values (2238, 'F10', 2860, 474620.71, 4432462.57, 126.39);
insert into STATION values (2239, 'F11', 2860, 474611.58, 4432464.03, 132.52);
insert into STATION values (2240, 'F12', 2860, 474609.10, 4432465.90, 136.41);
insert into STATION values (2241, 'F13', 2860, 474605.64, 4432462.16, 137.44);
insert into STATION values (2242, 'F14', 2860, 474604.90, 4432455.81, 139.12);
insert into STATION values (2243, '110', 2860, 474647.11, 4432433.22, 131.86);
insert into STATION values (2244, '111', 2860, 474648.62, 4432429.41, 137.71);
insert into STATION values (2245, '112', 2860, 474646.36, 4432429.38, 141.19);
insert into STATION values (2246, '113', 2860, 474648.35, 4432425.88, 144.11);
insert into STATION values (2247, '114', 2860, 474650.30, 4432422.16, 146.54);
insert into STATION values (2248, '115', 2860, 474648.71, 4432418.95, 150.51);
insert into STATION values (2249, 'G0', 2864, 475703.97, 4431769.40, 151.78);
insert into STATION values (2250, 'G1', 2864, 475703.97, 4431769.40, 163.78);
insert into STATION values (2251, 'G2', 2864, 475705.65, 4431764.47, 165.18);
insert into STATION values (2252, 'G3', 2864, 475707.54, 4431763.92, 165.53);
insert into STATION values (2253, 'G4', 2864, 475710.01, 4431758.34, 167.75);
insert into STATION values (2254, 'G5', 2864, 475708.00, 4431755.00, 170.00);
insert into STATION_FLAG values(2254, 'ent');
insert into STATION values (2255, 'A0', 2864, 475681.51, 4431814.09, 148.63);
insert into STATION values (2256, 'A1', 2864, 475694.90, 4431825.28, 150.30);
insert into STATION values (2257, 'A2', 2864, 475700.22, 4431827.02, 149.82);
insert into STATION values (2258, 'A3', 2864, 475701.23, 4431806.60, 153.66);
insert into STATION values (2259, 'A4', 2864, 475716.23, 4431797.93, 150.65);
insert into STATION values (2260, '1', 2864, 475683.13, 4431799.25, 156.30);
insert into STATION values (2261, '2', 2864, 475688.87, 4431780.77, 157.46);
insert into STATION values (2262, '3', 2864, 475692.88, 4431770.40, 157.40);
insert into STATION values (2263, '4', 2864, 475698.67, 4431766.29, 152.55);
insert into STATION values (2264, '6', 2864, 475714.77, 4431782.67, 150.76);
insert into STATION values (2265, '0', 2872, 474278.76, 4432578.92, 33.58);
insert into STATION values (2266, '1', 2872, 474289.45, 4432571.94, 34.48);
insert into STATION values (2267, '2', 2872, 474306.84, 4432564.51, 40.99);
insert into STATION values (2268, '2.1', 2872, 474316.23, 4432563.66, 43.69);
insert into STATION values (2269, '3', 2872, 474315.59, 4432551.96, 47.17);
insert into STATION values (2270, '4', 2872, 474319.21, 4432541.35, 51.47);
insert into STATION values (2271, '5', 2872, 474319.35, 4432532.02, 55.05);
insert into STATION values (2272, '6', 2872, 474335.00, 4432530.61, 62.05);
insert into STATION values (2273, '7', 2872, 474347.37, 4432533.21, 64.05);
insert into STATION values (2274, '8', 2872, 474355.52, 4432536.99, 64.68);
insert into STATION values (2275, '9', 2872, 474366.30, 4432530.73, 68.02);
insert into STATION values (2276, '9.1', 2872, 474375.02, 4432535.95, 67.13);
insert into STATION values (2277, '9.2', 2872, 474385.75, 4432531.58, 67.73);
insert into STATION values (2278, '9.3', 2872, 474392.33, 4432518.00, 77.54);
insert into STATION values (2279, '9.4', 2872, 474391.45, 4432513.88, 81.07);
insert into STATION values (2280, '9.5', 2872, 474395.92, 4432512.83, 81.31);
insert into STATION values (2281, '9.6', 2872, 474405.40, 4432511.65, 85.17);
insert into STATION values (2282, '10', 2872, 474365.21, 4432524.65, 71.30);
insert into STATION values (2283, '11', 2872, 474370.00, 4432520.00, 74.00);
insert into STATION_FLAG values(2283, 'ent');
insert into STATION values (2284, 'ENT_204001', 2850, 474630.00, 4432456.00, 153.00);
insert into STATION_FLAG values(2284, 'fix');
insert into STATION values (2285, 'ENT_204002', 2850, 474370.00, 4432520.00, 74.00);
insert into STATION_FLAG values(2285, 'fix');
insert into STATION values (2286, 'ENT_204003', 2850, 475586.00, 4431730.00, 130.00);
insert into STATION_FLAG values(2286, 'fix');
insert into STATION values (2287, 'ENT_204004', 2850, 474570.00, 4432422.00, 145.00);
insert into STATION_FLAG values(2287, 'fix');
insert into STATION values (2288, 'ENT_204005', 2850, 473390.00, 4434247.00, 316.00);
insert into STATION_FLAG values(2288, 'fix');
insert into STATION values (2289, 'ENT_204006', 2850, 473289.00, 4434576.00, 305.00);
insert into STATION_FLAG values(2289, 'fix');
insert into STATION values (2290, 'ENT_204007', 2850, 474168.00, 4435461.00, 157.00);
insert into STATION_FLAG values(2290, 'fix');
insert into STATION values (2291, 'ENT_204008', 2850, 472046.00, 4433537.00, 84.00);
insert into STATION_FLAG values(2291, 'fix');
insert into STATION values (2292, 'ENT_204009', 2850, 471984.00, 4433604.00, 50.00);
insert into STATION_FLAG values(2292, 'fix');
insert into STATION values (2293, 'ENT_204010', 2850, 475708.00, 4431755.00, 170.00);
insert into STATION_FLAG values(2293, 'fix');
insert into STATION values (2294, '0', 2880, 468749.00, 4428616.00, 2.00);
insert into STATION_FLAG values(2294, 'ent');
insert into STATION values (2295, '1', 2880, 468752.61, 4428618.49, 2.76);
insert into STATION values (2296, '2', 2880, 468757.51, 4428620.11, 3.79);
insert into STATION values (2297, '3', 2880, 468762.91, 4428628.17, 4.64);
insert into STATION values (2298, '4', 2880, 468766.69, 4428631.49, 4.86);
insert into STATION values (2299, '5', 2880, 468769.47, 4428633.93, 5.09);
insert into STATION values (2300, '6', 2880, 468771.20, 4428631.15, 5.31);
insert into STATION values (2301, 'A', 2880, 468768.17, 4428629.27, 9.13);
insert into STATION values (2302, '7', 2880, 468776.09, 4428632.82, 5.48);
insert into STATION values (2303, '8', 2880, 468778.10, 4428634.91, 5.50);
insert into STATION values (2304, '9', 2880, 468781.48, 4428638.04, 5.54);
insert into STATION values (2305, '10', 2880, 468786.26, 4428640.82, 5.72);
insert into STATION values (2306, '11', 2880, 468789.67, 4428641.18, 6.02);
insert into STATION values (2307, '12', 2880, 468792.84, 4428643.17, 6.03);
insert into STATION values (2308, '13', 2880, 468796.42, 4428643.23, 6.19);
insert into STATION values (2309, '14', 2880, 468797.90, 4428645.42, 6.05);
insert into STATION values (2310, '15', 2880, 468794.51, 4428647.39, 6.10);
insert into STATION values (2311, '16', 2880, 468793.67, 4428648.97, 6.04);
insert into STATION values (2312, '17', 2880, 468795.08, 4428653.06, 6.16);
insert into STATION values (2313, '18', 2880, 468793.92, 4428654.69, 6.15);
insert into STATION values (2314, 'B', 2880, 468798.73, 4428655.87, 6.16);
insert into STATION values (2315, '19', 2880, 468792.31, 4428658.83, 6.23);
insert into STATION values (2316, 'C', 2880, 468789.56, 4428662.56, 6.76);
insert into STATION values (2317, 'C1', 2880, 468789.84, 4428663.50, 6.76);
insert into STATION values (2318, '20', 2880, 468791.64, 4428656.91, 6.21);
insert into STATION values (2319, '21', 2880, 468790.16, 4428655.22, 6.24);
insert into STATION values (2320, '22', 2880, 468789.10, 4428651.85, 6.21);
insert into STATION values (2321, '23', 2880, 468787.42, 4428649.80, 6.02);
insert into STATION values (2322, '24', 2880, 468784.83, 4428648.24, 5.64);
insert into STATION values (2323, '25', 2880, 468783.34, 4428647.57, 5.59);
insert into STATION values (2324, '26', 2880, 468779.81, 4428647.36, 5.49);
insert into STATION values (2325, '27', 2880, 468776.27, 4428647.24, 5.39);
insert into STATION values (2326, '28', 2880, 468774.80, 4428645.84, 5.25);
insert into STATION values (2327, '29', 2880, 468772.86, 4428646.40, 5.32);
insert into STATION values (2328, '30', 2880, 468770.30, 4428646.57, 5.89);
insert into STATION values (2329, '31', 2880, 468770.83, 4428648.20, 5.38);
insert into STATION values (2330, '32', 2880, 468772.64, 4428650.02, 5.11);
insert into STATION values (2331, '33', 2880, 468773.46, 4428652.15, 5.36);
insert into STATION values (2332, '34', 2880, 468773.52, 4428655.68, 5.80);
insert into STATION values (2333, '35', 2880, 468777.14, 4428658.75, 5.53);
insert into STATION values (2334, 'D', 2880, 468780.27, 4428661.97, 5.53);
insert into STATION values (2335, '36', 2880, 468773.73, 4428656.22, 5.49);
insert into STATION values (2336, '37', 2880, 468771.06, 4428655.21, 5.72);
insert into STATION values (2337, '38', 2880, 468768.19, 4428655.39, 5.78);
insert into STATION values (2338, 'E', 2880, 468765.96, 4428641.12, 4.72);
insert into STATION values (2339, '40', 2880, 468800.66, 4428645.39, 6.14);
insert into STATION values (2340, '41', 2880, 468804.61, 4428643.06, 6.49);
insert into STATION values (2341, '42', 2880, 468808.67, 4428640.53, 6.76);
insert into STATION values (2342, '43', 2880, 468811.71, 4428643.34, 6.77);
insert into STATION values (2343, '44', 2880, 468810.34, 4428649.23, 6.69);
insert into STATION values (2344, '45', 2880, 468807.01, 4428651.15, 6.63);
insert into STATION values (2345, '46', 2880, 468802.91, 4428652.06, 6.57);
insert into STATION values (2346, '47', 2880, 468800.92, 4428647.77, 6.25);
insert into STATION values (2347, '100', 2880, 468787.88, 4428645.35, 5.70);
insert into STATION values (2348, 'Z', 2880, 468772.58, 4428639.82, 5.01);
insert into STATION values (2349, 'X', 2880, 468761.72, 4428642.16, 5.30);
insert into STATION values (2350, '0', 2884, 472991.00, 4429200.00, 250.00);
insert into STATION_FLAG values(2350, 'ent');
insert into STATION values (2351, '1', 2884, 472978.12, 4429198.77, 237.06);
insert into STATION values (2352, '2', 2884, 472975.00, 4429193.27, 231.37);
insert into STATION values (2353, '3', 2884, 472966.48, 4429189.75, 225.38);
insert into STATION values (2354, '3A', 2884, 472959.69, 4429184.55, 226.28);
insert into STATION values (2355, '4', 2884, 472964.40, 4429191.79, 224.32);
insert into STATION values (2356, '5', 2884, 472957.40, 4429190.75, 215.26);
insert into STATION values (2357, '6', 2884, 472947.27, 4429194.55, 207.69);
insert into STATION values (2358, '7', 2884, 472936.49, 4429192.94, 197.53);
insert into STATION values (2359, '8', 2884, 472936.65, 4429195.40, 189.49);
insert into STATION values (2360, '9', 2884, 472934.04, 4429195.74, 187.85);
insert into STATION values (2361, '10', 2884, 472929.59, 4429194.26, 187.52);
insert into STATION values (2362, '11', 2884, 472925.33, 4429195.77, 173.59);
insert into STATION values (2363, '12', 2884, 472924.15, 4429203.30, 168.26);
insert into STATION values (2364, '2.1', 2884, 472919.04, 4429213.84, 160.05);
insert into STATION values (2365, '2.2', 2884, 472916.72, 4429218.04, 157.50);
insert into STATION values (2366, '2.3', 2884, 472908.92, 4429221.22, 153.20);
insert into STATION values (2367, '2.4', 2884, 472902.72, 4429222.44, 143.84);
insert into STATION values (2368, '2.5', 2884, 472897.80, 4429226.03, 137.76);
insert into STATION values (2369, '2.7', 2884, 472893.71, 4429230.00, 135.09);
insert into STATION values (2370, '2.8', 2884, 472891.54, 4429232.79, 131.56);
insert into STATION values (2371, '2.9', 2884, 472890.51, 4429234.06, 130.19);
insert into STATION values (2372, '2.10', 2884, 472887.96, 4429237.87, 128.05);
insert into STATION values (2373, '2.11', 2884, 472885.35, 4429238.93, 127.02);
insert into STATION values (2374, '2.12', 2884, 472886.67, 4429242.55, 125.62);
insert into STATION values (2375, '2.13', 2884, 472877.18, 4429250.55, 120.85);
insert into STATION values (2376, '2.14', 2884, 472873.03, 4429255.89, 118.66);
insert into STATION values (2377, '2.15', 2884, 472870.96, 4429260.35, 112.36);
insert into STATION values (2378, '2.16', 2884, 472871.45, 4429264.86, 110.24);
insert into STATION values (2379, '2.17', 2884, 472871.68, 4429268.05, 104.70);
insert into STATION values (2380, '2.18', 2884, 472866.78, 4429273.71, 103.38);
insert into STATION values (2381, '2.19', 2884, 472862.43, 4429271.01, 102.48);
insert into STATION values (2382, '2.20', 2884, 472857.09, 4429267.56, 97.14);
insert into STATION values (2383, '2.21', 2884, 472842.04, 4429263.28, 92.95);
insert into STATION values (2384, '1.0', 2884, 472959.83, 4429091.40, 162.64);
insert into STATION values (2385, '1.1', 2884, 472958.97, 4429091.66, 162.64);
insert into STATION values (2386, '1.2', 2884, 472957.06, 4429093.06, 162.64);
insert into STATION values (2387, '1.3', 2884, 472956.10, 4429094.39, 162.64);
insert into STATION values (2388, '1.4', 2884, 472953.78, 4429094.89, 162.64);
insert into STATION values (2389, '1.5', 2884, 472952.43, 4429097.32, 162.64);
insert into STATION values (2390, '1.6', 2884, 472949.65, 4429101.47, 162.64);
insert into STATION values (2391, '1.7', 2884, 472952.62, 4429105.86, 162.64);
insert into STATION values (2392, '1.8', 2884, 472955.47, 4429110.57, 162.64);
insert into STATION values (2393, '1.9', 2884, 472961.98, 4429113.45, 162.64);
insert into STATION values (2394, '1.10', 2884, 472958.46, 4429138.91, 162.64);
insert into STATION values (2395, '1.11', 2884, 472948.41, 4429148.65, 162.40);
insert into STATION values (2396, '1.12', 2884, 472947.32, 4429156.58, 162.26);
insert into STATION values (2397, '1.13', 2884, 472948.20, 4429161.06, 162.18);
insert into STATION values (2398, '1.14', 2884, 472952.57, 4429166.62, 162.05);
insert into STATION values (2399, '1.15', 2884, 472948.30, 4429169.62, 161.96);
insert into STATION values (2400, '1.16', 2884, 472951.36, 4429182.77, 161.73);
insert into STATION values (2401, '1.17', 2884, 472942.70, 4429186.83, 161.56);
insert into STATION values (2402, '1.18', 2884, 472938.73, 4429205.72, 161.22);
insert into STATION values (2403, '1.19', 2884, 472923.89, 4429214.68, 160.92);
insert into STATION values (2404, '1.20', 2884, 472916.10, 4429225.07, 153.42);
insert into STATION values (2405, '1.21', 2884, 472912.12, 4429223.31, 153.42);
insert into STATION values (2406, '1.22', 2884, 472911.32, 4429226.84, 153.42);
insert into STATION values (2407, '1.23', 2884, 472910.48, 4429228.83, 155.43);
insert into STATION values (2408, '1.24', 2884, 472912.21, 4429231.70, 156.33);
insert into STATION values (2409, '1.25', 2884, 472907.31, 4429233.12, 156.33);
insert into STATION values (2410, '1.26', 2884, 472907.18, 4429237.22, 156.33);
insert into STATION values (2411, '1.27', 2884, 472904.18, 4429234.12, 153.42);
insert into STATION values (2412, '1.28', 2884, 472902.57, 4429240.64, 152.84);
insert into STATION values (2413, '1.29', 2884, 472898.00, 4429237.69, 151.48);
insert into STATION values (2414, '1.30', 2884, 472895.86, 4429237.00, 150.66);
insert into STATION values (2415, '1', 2890, 472890.74, 4429346.26, 228.29);
insert into STATION values (2416, '0', 2890, 472888.00, 4429344.00, 233.00);
insert into STATION_FLAG values(2416, 'ent');
insert into STATION values (2417, '2', 2890, 472885.30, 4429352.64, 215.85);
insert into STATION values (2418, '3', 2890, 472877.32, 4429359.46, 207.05);
insert into STATION values (2419, '4', 2890, 472868.11, 4429359.39, 203.69);
insert into STATION values (2420, '5', 2890, 472866.44, 4429357.56, 203.35);
insert into STATION values (2421, '6', 2890, 472866.15, 4429354.57, 200.00);
insert into STATION values (2422, '7', 2890, 472863.61, 4429354.81, 193.70);
insert into STATION values (2423, '8', 2890, 472857.18, 4429352.91, 189.34);
insert into STATION values (2424, '9', 2890, 472853.50, 4429350.39, 185.18);
insert into STATION values (2425, '10', 2890, 472850.96, 4429351.29, 185.18);
insert into STATION values (2426, '11', 2890, 472848.20, 4429350.68, 183.48);
insert into STATION values (2427, '12', 2890, 472844.54, 4429352.20, 182.42);
insert into STATION values (2428, '13', 2890, 472843.99, 4429350.22, 179.59);
insert into STATION values (2429, '14', 2890, 472839.31, 4429348.75, 175.17);
insert into STATION values (2430, '15', 2890, 472834.37, 4429349.22, 155.28);
insert into STATION values (2431, '16', 2890, 472826.56, 4429351.40, 143.26);
insert into STATION values (2432, '17', 2890, 472822.73, 4429354.34, 138.91);
insert into STATION values (2433, '18', 2890, 472819.21, 4429355.73, 130.41);
insert into STATION values (2434, '19', 2890, 472822.24, 4429358.91, 127.10);
insert into STATION values (2435, '20', 2890, 472822.24, 4429358.91, 120.00);
insert into STATION values (2436, '30', 2890, 472824.67, 4429361.07, 138.91);
insert into STATION values (2437, '31', 2890, 472822.26, 4429362.05, 124.14);
insert into STATION values (2438, '32', 2890, 472822.82, 4429363.97, 124.14);
insert into STATION values (2439, '33', 2890, 472822.82, 4429363.97, 99.14);
insert into STATION values (2440, '0', 2895, 471572.00, 4429671.00, 357.00);
insert into STATION_FLAG values(2440, 'ent');
insert into STATION values (2441, '1', 2895, 471566.67, 4429675.37, 355.78);
insert into STATION values (2442, '1A', 2895, 471566.67, 4429675.37, 338.78);
insert into STATION values (2443, '1B', 2895, 471566.67, 4429675.37, 338.28);
insert into STATION values (2444, '2', 2895, 471564.05, 4429677.53, 355.19);
insert into STATION values (2445, '3', 2895, 471558.90, 4429673.27, 354.84);
insert into STATION values (2446, '4', 2895, 471552.75, 4429677.17, 349.55);
insert into STATION values (2447, '5', 2895, 471546.77, 4429679.76, 351.79);
insert into STATION values (2448, '6', 2895, 471542.41, 4429682.32, 353.43);
insert into STATION values (2449, '7', 2895, 471546.02, 4429667.38, 353.97);
insert into STATION values (2450, '8', 2895, 471545.65, 4429658.53, 354.74);
insert into STATION values (2451, '9', 2895, 471541.49, 4429654.42, 354.44);
insert into STATION values (2452, '10', 2895, 471546.90, 4429643.13, 354.44);
insert into STATION values (2453, '11', 2895, 471546.82, 4429632.09, 353.86);
insert into STATION values (2454, '12', 2895, 471539.94, 4429623.39, 354.25);
insert into STATION values (2455, '13', 2895, 471537.16, 4429616.32, 354.38);
insert into STATION values (2456, '14', 2895, 471539.43, 4429610.88, 354.79);
insert into STATION values (2457, '15', 2895, 471540.92, 4429602.05, 355.42);
insert into STATION values (2458, 'ENT_205001', 2878, 468749.00, 4428616.00, 2.00);
insert into STATION_FLAG values(2458, 'fix');
insert into STATION values (2459, 'ENT_205002', 2878, 469246.00, 4429044.00, 183.00);
insert into STATION_FLAG values(2459, 'fix');
insert into STATION values (2460, 'ENT_205003', 2878, 472569.00, 4429495.00, 270.00);
insert into STATION_FLAG values(2460, 'fix');
insert into STATION values (2461, 'ENT_205004', 2878, 472991.00, 4429200.00, 250.00);
insert into STATION_FLAG values(2461, 'fix');
insert into STATION values (2462, 'ENT_205005', 2878, 472888.00, 4429344.00, 233.00);
insert into STATION_FLAG values(2462, 'fix');
insert into STATION values (2463, 'ENT_205006', 2878, 472675.00, 4429462.00, 245.00);
insert into STATION_FLAG values(2463, 'fix');
insert into STATION values (2464, 'ENT_205007', 2878, 472620.00, 4429466.00, 237.00);
insert into STATION_FLAG values(2464, 'fix');
insert into STATION values (2465, 'ENT_205008', 2878, 472373.00, 4429958.00, 300.00);
insert into STATION_FLAG values(2465, 'fix');
insert into STATION values (2466, 'ENT_205009', 2878, 472414.00, 4429499.00, 281.00);
insert into STATION_FLAG values(2466, 'fix');
insert into STATION values (2467, 'ENT_205010', 2878, 472798.00, 4429403.00, 260.00);
insert into STATION_FLAG values(2467, 'fix');
insert into STATION values (2468, 'ENT_205011', 2878, 472768.00, 4429435.00, 265.00);
insert into STATION_FLAG values(2468, 'fix');
insert into STATION values (2469, 'ENT_205012', 2878, 472890.00, 4429492.00, 294.00);
insert into STATION_FLAG values(2469, 'fix');
insert into STATION values (2470, 'ENT_205013', 2878, 472672.00, 4429457.00, 249.00);
insert into STATION_FLAG values(2470, 'fix');
insert into STATION values (2471, 'ENT_205014', 2878, 471557.00, 4429685.00, 399.00);
insert into STATION_FLAG values(2471, 'fix');
insert into STATION values (2472, 'ENT_205015', 2878, 472343.00, 4429312.00, 309.00);
insert into STATION_FLAG values(2472, 'fix');
insert into STATION values (2473, 'ENT_205016', 2878, 471527.00, 4429604.00, 415.00);
insert into STATION_FLAG values(2473, 'fix');
insert into STATION values (2474, 'ENT_205017', 2878, 471546.00, 4429667.00, 407.00);
insert into STATION_FLAG values(2474, 'fix');
insert into STATION values (2475, 'ENT_205018', 2878, 471601.00, 4429940.00, 413.00);
insert into STATION_FLAG values(2475, 'fix');
insert into STATION values (2476, 'ENT_205019', 2878, 471184.00, 4431010.00, 275.00);
insert into STATION_FLAG values(2476, 'fix');
insert into STATION values (2477, 'ENT_205020', 2878, 472620.00, 4429463.00, 249.00);
insert into STATION_FLAG values(2477, 'fix');
insert into STATION values (2478, 'ENT_205021', 2878, 474306.00, 4431894.00, 207.00);
insert into STATION_FLAG values(2478, 'fix');
insert into STATION values (2479, 'ENT_205022', 2878, 474215.00, 4431943.00, 230.00);
insert into STATION_FLAG values(2479, 'fix');
insert into STATION values (2480, 'ENT_205023', 2878, 474413.00, 4431894.00, 191.00);
insert into STATION_FLAG values(2480, 'fix');
insert into STATION values (2481, 'ENT_205024', 2878, 474282.00, 4432118.00, 190.00);
insert into STATION_FLAG values(2481, 'fix');
insert into STATION values (2482, 'ENT_205025', 2878, 474109.00, 4432134.00, 200.00);
insert into STATION_FLAG values(2482, 'fix');
insert into STATION values (2483, 'ENT_205026', 2878, 474488.00, 4432062.00, 170.00);
insert into STATION_FLAG values(2483, 'fix');
insert into STATION values (2484, 'ENT_205027', 2878, 470380.00, 4431713.00, 1.00);
insert into STATION_FLAG values(2484, 'fix');
insert into STATION values (2485, 'ENT_205028', 2878, 470163.00, 4431420.00, 2.00);
insert into STATION_FLAG values(2485, 'fix');
insert into STATION values (2486, 'ENT_205029', 2878, 470109.00, 4431220.00, 28.00);
insert into STATION_FLAG values(2486, 'fix');
insert into STATION values (2487, 'ENT_205030', 2878, 471491.00, 4431944.00, 20.00);
insert into STATION_FLAG values(2487, 'fix');
insert into STATION values (2488, 'ENT_205031', 2878, 471572.00, 4429671.00, 357.00);
insert into STATION_FLAG values(2488, 'fix');
insert into STATION values (2489, 'ENT_205032', 2878, 471623.00, 4430070.00, 388.00);
insert into STATION_FLAG values(2489, 'fix');
insert into STATION values (2490, 'ENT_205033', 2878, 471645.00, 4430061.00, 360.00);
insert into STATION_FLAG values(2490, 'fix');
insert into STATION values (2491, 'ENT_205034', 2878, 471621.00, 4429939.00, 423.00);
insert into STATION_FLAG values(2491, 'fix');
insert into STATION values (2492, 'ENT_205035', 2878, 467673.00, 4428748.00, 6.00);
insert into STATION_FLAG values(2492, 'fix');
insert into STATION values (2493, 'PDC0', 2942, 475088.22, 4426304.72, 583.80);
insert into STATION values (2494, 'PDC1', 2942, 475087.31, 4426302.87, 584.24);
insert into STATION values (2495, 'PDC2', 2942, 475086.31, 4426302.77, 585.67);
insert into STATION values (2496, 'PDC3', 2942, 475085.90, 4426300.69, 595.63);
insert into STATION values (2497, 'PDC4', 2942, 475084.37, 4426298.60, 605.29);
insert into STATION values (2498, 'PDC5', 2942, 475082.79, 4426299.06, 605.82);
insert into STATION values (2499, 'PDC6', 2942, 475080.84, 4426299.44, 609.41);
insert into STATION values (2500, 'PDC7', 2942, 475072.02, 4426298.84, 615.60);
insert into STATION values (2501, 'PDC8', 2942, 475069.68, 4426298.89, 617.71);
insert into STATION values (2502, 'PDC9', 2942, 475067.48, 4426299.97, 615.99);
insert into STATION values (2503, 'PDC10', 2942, 475062.60, 4426296.04, 615.44);
insert into STATION values (2504, 'PDC11', 2942, 475069.23, 4426297.34, 619.27);
insert into STATION values (2505, 'PDC12', 2942, 475065.75, 4426299.88, 630.51);
insert into STATION values (2506, 'PDC13', 2942, 475070.74, 4426296.50, 618.26);
insert into STATION values (2507, 'PDC14', 2942, 475069.55, 4426294.07, 621.86);
insert into STATION values (2508, 'PDC15', 2942, 475069.24, 4426291.19, 623.74);
insert into STATION values (2509, 'PDC16', 2942, 475063.00, 4426287.00, 629.00);
insert into STATION_FLAG values(2509, 'ent');
insert into STATION values (2510, 'PM0', 2946, 475550.00, 4427985.00, 360.00);
insert into STATION_FLAG values(2510, 'ent');
insert into STATION values (2511, 'PM1', 2946, 475553.61, 4427979.63, 335.85);
insert into STATION values (2512, 'PM2', 2946, 475550.02, 4427986.13, 328.43);
insert into STATION values (2513, 'PM3', 2946, 475539.76, 4427998.86, 313.71);
insert into STATION values (2514, 'PM4', 2946, 475533.24, 4427989.93, 305.96);
insert into STATION values (2515, 'PM5', 2946, 475525.73, 4427986.91, 300.09);
insert into STATION values (2516, 'PM6', 2946, 475513.16, 4427987.16, 291.92);
insert into STATION values (2517, 'PM7', 2946, 475536.48, 4428001.63, 303.30);
insert into STATION values (2518, 'PM8', 2946, 475536.48, 4428001.63, 300.80);
insert into STATION values (2519, 'PM9', 2946, 475540.79, 4428009.07, 294.78);
insert into STATION values (2520, 'P80_0', 2950, 474992.00, 4427009.00, 519.00);
insert into STATION_FLAG values(2520, 'ent');
insert into STATION values (2521, 'P80_1', 2950, 474993.79, 4427013.87, 517.51);
insert into STATION values (2522, 'P80_2', 2950, 474994.60, 4427012.97, 500.15);
insert into STATION values (2523, 'P80_3', 2950, 474992.58, 4427010.21, 490.76);
insert into STATION values (2524, 'P80_4', 2950, 474991.60, 4427008.87, 480.29);
insert into STATION values (2525, 'P80_5', 2950, 474995.09, 4427012.34, 457.11);
insert into STATION values (2526, 'P80_6', 2950, 474996.95, 4427014.00, 456.84);
insert into STATION values (2527, 'P80_7', 2950, 474996.95, 4427014.00, 433.54);
insert into STATION values (2528, 'ZI1', 2954, 475017.00, 4427584.00, 380.00);
insert into STATION_FLAG values(2528, 'ent');
insert into STATION values (2529, 'ZI2', 2954, 475017.00, 4427584.00, 363.00);
insert into STATION values (2530, 'ZI3', 2954, 475017.00, 4427584.00, 341.00);
insert into STATION values (2531, 'ZI4', 2954, 475016.18, 4427576.34, 341.00);
insert into STATION values (2532, 'ZI5', 2954, 475016.18, 4427576.34, 326.30);
insert into STATION values (2533, 'ZI6', 2954, 475017.00, 4427584.00, 330.30);
insert into STATION values (2534, 'ZI7', 2954, 475016.05, 4427590.12, 326.43);
insert into STATION values (2535, 'ZI8', 2954, 475016.05, 4427590.12, 294.43);
insert into STATION values (2536, 'RI01', 2958, 474504.77, 4423266.78, 37.20);
insert into STATION values (2537, 'RI02', 2958, 474501.90, 4423267.83, 42.94);
insert into STATION values (2538, 'RI03', 2958, 474499.97, 4423267.56, 43.39);
insert into STATION values (2539, 'RI04', 2958, 474497.95, 4423268.43, 43.39);
insert into STATION values (2540, 'RI05', 2958, 474498.68, 4423271.85, 43.39);
insert into STATION values (2541, 'RI06', 2958, 474499.79, 4423270.99, 43.39);
insert into STATION values (2542, 'RI07', 2958, 474496.60, 4423272.55, 44.02);
insert into STATION values (2543, 'RI08', 2958, 474492.72, 4423272.42, 44.99);
insert into STATION values (2544, 'RI08a', 2958, 474493.44, 4423274.29, 44.99);
insert into STATION values (2545, 'RI08b', 2958, 474495.90, 4423280.63, 33.21);
insert into STATION values (2546, 'RI09', 2958, 474487.60, 4423259.18, 69.58);
insert into STATION values (2547, 'RI10', 2958, 474478.03, 4423250.60, 75.85);
insert into STATION values (2548, 'RI11', 2958, 474475.15, 4423248.94, 83.67);
insert into STATION values (2549, 'RI12', 2958, 474473.99, 4423249.64, 82.03);
insert into STATION values (2550, 'RI13', 2958, 474471.77, 4423253.40, 82.23);
insert into STATION values (2551, 'RI14', 2958, 474472.78, 4423260.60, 90.25);
insert into STATION values (2552, 'RI15', 2958, 474473.57, 4423264.77, 90.61);
insert into STATION values (2553, 'RI16', 2958, 474474.18, 4423266.76, 90.25);
insert into STATION values (2554, 'RI17', 2958, 474472.66, 4423267.81, 89.87);
insert into STATION values (2555, 'RI17a', 2958, 474469.45, 4423270.44, 89.49);
insert into STATION values (2556, 'RI18', 2958, 474470.55, 4423267.54, 90.31);
insert into STATION values (2557, 'RI19', 2958, 474465.78, 4423263.14, 88.14);
insert into STATION values (2558, 'RI20', 2958, 474462.56, 4423266.27, 99.27);
insert into STATION values (2559, 'RI21', 2958, 474462.56, 4423266.27, 110.77);
insert into STATION values (2560, 'RI22', 2958, 474468.40, 4423258.00, 92.69);
insert into STATION values (2561, 'RI23', 2958, 474466.67, 4423252.25, 90.45);
insert into STATION values (2562, 'RI24', 2958, 474467.98, 4423249.68, 85.69);
insert into STATION values (2563, 'RI25', 2958, 474467.98, 4423249.68, 53.89);
insert into STATION values (2564, 'RI27', 2958, 474464.15, 4423267.85, 100.13);
insert into STATION values (2565, 'RI28', 2958, 474462.39, 4423268.53, 101.26);
insert into STATION values (2566, 'RI29', 2958, 474465.32, 4423270.02, 103.16);
insert into STATION values (2567, 'RI30', 2958, 474462.00, 4423274.00, 105.00);
insert into STATION values (2568, 'RI31', 2958, 474462.00, 4423274.00, 120.00);
insert into STATION_FLAG values(2568, 'ent');
insert into STATION values (2569, 'MA0', 2958, 474474.06, 4423271.83, 133.03);
insert into STATION values (2570, 'MA1', 2958, 474469.11, 4423278.19, 138.26);
insert into STATION values (2571, 'MA2', 2958, 474463.23, 4423282.65, 138.78);
insert into STATION values (2572, 'MA3', 2958, 474456.94, 4423283.43, 140.24);
insert into STATION values (2573, 'MA4', 2958, 474453.06, 4423284.20, 140.79);
insert into STATION values (2574, 'MA5', 2958, 474446.53, 4423286.21, 141.75);
insert into STATION values (2575, 'MA6', 2958, 474442.37, 4423289.47, 138.70);
insert into STATION values (2576, 'MA7', 2958, 474439.10, 4423288.79, 135.12);
insert into STATION values (2577, 'MA8', 2958, 474442.24, 4423285.52, 131.83);
insert into STATION values (2578, 'MA9', 2958, 474447.45, 4423284.50, 129.24);
insert into STATION values (2579, 'MA10', 2958, 474450.40, 4423284.85, 118.86);
insert into STATION values (2580, 'MA11', 2958, 474450.93, 4423284.06, 113.45);
insert into STATION values (2581, 'MA12', 2958, 474452.73, 4423283.10, 109.77);
insert into STATION values (2582, 'MA13', 2958, 474452.77, 4423281.73, 105.80);
insert into STATION values (2583, 'MA14', 2958, 474453.39, 4423279.94, 105.67);
insert into STATION values (2584, 'MA15', 2958, 474451.38, 4423274.73, 105.18);
insert into STATION values (2585, 'MA16', 2958, 474452.50, 4423270.16, 102.98);
insert into STATION values (2586, 'gd2a1', 2964, 474946.00, 4424727.00, 340.00);
insert into STATION_FLAG values(2586, 'ent');
insert into STATION values (2587, 'gd2a2', 2964, 474946.54, 4424722.56, 329.62);
insert into STATION values (2588, 'gd2a3', 2964, 474945.62, 4424723.52, 314.20);
insert into STATION values (2589, 'gd2a4', 2964, 474948.34, 4424724.21, 313.16);
insert into STATION values (2590, 'gd2a5', 2964, 474948.66, 4424723.87, 305.68);
insert into STATION values (2591, 'gd2a6', 2964, 474943.62, 4424730.35, 299.94);
insert into STATION values (2592, 'gd2a7', 2964, 474945.90, 4424735.21, 295.44);
insert into STATION values (2593, 'gd2a8', 2964, 474944.94, 4424713.87, 317.73);
insert into STATION values (2594, 'gd2a9', 2964, 474943.19, 4424710.30, 318.22);
insert into STATION values (2595, 'gd2a10', 2964, 474940.52, 4424712.85, 292.63);
insert into STATION values (2596, 'gd2a11', 2964, 474937.66, 4424719.32, 293.89);
insert into STATION values (2597, 'gd2a12', 2964, 474938.39, 4424711.04, 292.09);
insert into STATION values (2598, 'gd2a13', 2964, 474929.99, 4424712.16, 268.54);
insert into STATION values (2599, 'gd2a14', 2964, 474928.40, 4424710.06, 267.89);
insert into STATION values (2600, 'gd2a15', 2964, 474927.32, 4424713.27, 260.02);
insert into STATION values (2601, 'gd2a16', 2964, 474925.37, 4424718.16, 249.56);
insert into STATION values (2602, 'gd2a17', 2964, 474927.36, 4424724.76, 246.94);
insert into STATION values (2603, 'gd2a18', 2964, 474925.96, 4424726.46, 241.57);
insert into STATION values (2604, 'gd2a19', 2964, 474927.69, 4424728.57, 241.53);
insert into STATION values (2605, 'gd2a19.1', 2964, 474927.01, 4424735.28, 232.90);
insert into STATION values (2606, 'gd2a19.2', 2964, 474923.02, 4424733.17, 219.01);
insert into STATION values (2607, 'gd2a19.3', 2964, 474922.58, 4424739.64, 208.21);
insert into STATION values (2608, 'gd2a19.4', 2964, 474917.64, 4424749.84, 189.35);
insert into STATION values (2609, 'gd2a19.5', 2964, 474915.54, 4424751.37, 182.21);
insert into STATION values (2610, 'gd2a19.6', 2964, 474914.83, 4424753.72, 178.44);
insert into STATION values (2611, 'gd2a19.7', 2964, 474913.40, 4424754.76, 176.67);
insert into STATION values (2612, 'gd2a19.8', 2964, 474911.39, 4424756.85, 169.11);
insert into STATION values (2613, 'gd2a19.9', 2964, 474911.39, 4424756.85, 159.81);
insert into STATION values (2614, 'GP01_1.0', 2970, 474990.00, 4425248.00, 437.00);
insert into STATION_FLAG values(2614, 'ent');
insert into STATION values (2615, 'GP01_1.1', 2970, 474990.01, 4425245.98, 421.67);
insert into STATION values (2616, 'GP01_1.2', 2970, 474990.02, 4425238.44, 418.69);
insert into STATION values (2617, 'GP01_1.3', 2970, 474988.78, 4425235.04, 416.12);
insert into STATION values (2618, 'GP01_1.4', 2970, 474989.62, 4425229.29, 416.68);
insert into STATION values (2619, 'GP01_1.5', 2970, 474989.81, 4425225.68, 420.04);
insert into STATION values (2620, 'GP01_1.6', 2970, 474990.51, 4425222.67, 421.04);
insert into STATION values (2621, 'GP01_1.7', 2970, 474988.98, 4425222.26, 416.48);
insert into STATION values (2622, 'GP01_1.8', 2970, 474989.48, 4425217.43, 418.01);
insert into STATION values (2623, 'GP01_1.9', 2970, 474989.15, 4425224.16, 424.65);
insert into STATION values (2624, 'GP01_1.8A', 2970, 474990.38, 4425212.67, 422.26);
insert into STATION values (2625, 'GP01_1.8D', 2970, 474985.07, 4425218.29, 418.51);
insert into STATION values (2626, 'GP01_1.10', 2970, 474991.38, 4425228.09, 415.24);
insert into STATION values (2627, 'GP01_1.11', 2970, 474990.92, 4425228.20, 417.14);
insert into STATION values (2628, 'GP01_1.12', 2970, 474991.28, 4425227.10, 418.99);
insert into STATION values (2629, 'GP01_1.13', 2970, 474990.93, 4425226.15, 413.94);
insert into STATION values (2630, 'GP01_1.14', 2970, 474989.37, 4425225.18, 418.79);
insert into STATION values (2631, 'GP01_1.15', 2970, 474990.94, 4425230.38, 423.43);
insert into STATION values (2632, 'GP01_1.16', 2970, 474990.24, 4425231.81, 425.29);
insert into STATION values (2633, 'GP01_1.17', 2970, 474993.93, 4425236.23, 422.85);
insert into STATION values (2634, 'GP01_1.18', 2970, 474992.14, 4425232.31, 421.20);
insert into STATION values (2635, 'GP01_1.8B', 2970, 474993.61, 4425208.61, 426.92);
insert into STATION values (2636, 'GP01_1.8C', 2970, 474994.20, 4425209.73, 430.33);
insert into STATION values (2637, 'GP01_1.8E', 2970, 474985.17, 4425210.04, 424.08);
insert into STATION values (2638, 'GP01_1.19', 2970, 474991.24, 4425231.95, 426.99);
insert into STATION values (2639, 'GP01_1.20', 2970, 474991.28, 4425234.08, 430.56);
insert into STATION values (2640, 'GP01_1.21', 2970, 474990.34, 4425234.44, 434.57);
insert into STATION values (2641, 'GP01_1.22', 2970, 474989.96, 4425236.90, 437.83);
insert into STATION values (2642, 'GP01_1.23', 2970, 474987.43, 4425239.18, 429.52);
insert into STATION values (2643, 'GP01_1.24', 2970, 474987.94, 4425237.79, 443.27);
insert into STATION values (2644, 'GP01_1.25', 2970, 474986.84, 4425235.56, 439.31);
insert into STATION values (2645, 'GP01_1.26', 2970, 474986.57, 4425235.71, 441.07);
insert into STATION values (2646, 'GP01_1.27', 2970, 474986.94, 4425237.20, 437.77);
insert into STATION values (2647, 'GP01_1.28', 2970, 474997.16, 4425237.95, 416.39);
insert into STATION values (2648, 'GP01_1.29', 2970, 474995.55, 4425236.93, 418.55);
insert into STATION values (2649, 'GP01_1.30', 2970, 474995.89, 4425234.25, 420.24);
insert into STATION values (2650, 'GP01_1.31', 2970, 474994.64, 4425234.81, 422.26);
insert into STATION values (2651, 'GP01_1.32', 2970, 474994.28, 4425230.80, 425.11);
insert into STATION values (2652, 'GP01_1.33', 2970, 474992.39, 4425231.69, 427.74);
insert into STATION values (2653, 'GP01_1.34', 2970, 474994.05, 4425230.81, 424.03);
insert into STATION values (2654, 'GP01_1.35', 2970, 474992.74, 4425228.73, 426.30);
insert into STATION values (2655, 'GP01_1.36', 2970, 474991.11, 4425229.30, 428.41);
insert into STATION values (2656, 'GP01_1.37', 2970, 474995.97, 4425230.59, 412.24);
insert into STATION values (2657, 'GP01_1.38', 2970, 474995.03, 4425231.08, 415.09);
insert into STATION values (2658, 'GP01_1.39', 2970, 474992.36, 4425231.52, 415.42);
insert into STATION values (2659, 'GP01_1.41', 2970, 474989.36, 4425229.33, 409.49);
insert into STATION values (2660, 'GP01_1.42', 2970, 474989.36, 4425229.33, 404.28);
insert into STATION values (2661, '100', 2976, 473872.00, 4428412.00, 140.00);
insert into STATION_FLAG values(2661, 'ent');
insert into STATION values (2662, '101', 2976, 473867.69, 4428415.15, 132.38);
insert into STATION values (2663, '102', 2976, 473850.25, 4428421.89, 132.71);
insert into STATION values (2664, '103', 2976, 473841.63, 4428425.22, 126.47);
insert into STATION values (2665, '104', 2976, 473837.70, 4428421.02, 123.79);
insert into STATION values (2666, '105', 2976, 473828.74, 4428427.80, 118.79);
insert into STATION values (2667, '106', 2976, 473819.50, 4428433.83, 110.17);
insert into STATION values (2668, '107', 2976, 473818.32, 4428430.43, 110.17);
insert into STATION values (2669, '108', 2976, 473820.87, 4428422.97, 107.91);
insert into STATION values (2670, '109', 2976, 473824.72, 4428415.38, 109.10);
insert into STATION values (2671, '110', 2976, 473825.60, 4428408.03, 109.10);
insert into STATION values (2672, '111', 2976, 473828.46, 4428389.71, 103.08);
insert into STATION values (2673, '112', 2976, 473829.26, 4428385.90, 99.19);
insert into STATION values (2674, '113', 2976, 473824.79, 4428384.80, 99.19);
insert into STATION values (2675, '114', 2976, 473821.75, 4428388.57, 96.39);
insert into STATION values (2676, '115', 2976, 473815.91, 4428389.20, 92.58);
insert into STATION values (2677, '116', 2976, 473811.16, 4428390.40, 88.16);
insert into STATION values (2678, '117', 2976, 473809.59, 4428389.18, 88.44);
insert into STATION values (2679, '118', 2976, 473812.65, 4428371.59, 92.89);
insert into STATION values (2680, '119', 2976, 473811.14, 4428361.04, 91.96);
insert into STATION values (2681, '120', 2976, 473812.20, 4428357.54, 90.33);
insert into STATION values (2682, '121', 2976, 473810.96, 4428353.97, 84.92);
insert into STATION values (2683, '122', 2976, 473810.96, 4428353.97, 78.02);
insert into STATION values (2684, '123', 2976, 473808.62, 4428332.15, 76.49);
insert into STATION values (2685, '124', 2976, 473808.86, 4428327.30, 77.70);
insert into STATION values (2686, '125', 2976, 473808.84, 4428326.89, 75.34);
insert into STATION values (2687, '126', 2976, 473808.77, 4428331.61, 64.20);
insert into STATION values (2688, '127', 2976, 473798.48, 4428335.18, 47.42);
insert into STATION values (2689, '128', 2976, 473789.98, 4428313.21, 42.84);
insert into STATION values (2690, '129', 2976, 473787.63, 4428311.31, 45.47);
insert into STATION values (2691, '130', 2976, 473783.82, 4428301.46, 43.80);
insert into STATION values (2692, '131', 2976, 473782.86, 4428298.53, 40.38);
insert into STATION values (2693, '132', 2976, 473779.81, 4428298.38, 34.87);
insert into STATION values (2694, '133', 2976, 473777.02, 4428295.70, 30.41);
insert into STATION values (2695, '134', 2976, 473772.49, 4428300.93, 28.82);
insert into STATION values (2696, '135', 2976, 473765.35, 4428317.08, 27.58);
insert into STATION values (2697, '136', 2976, 473757.56, 4428325.77, 26.77);
insert into STATION values (2698, '137', 2976, 473749.00, 4428318.62, 25.79);
insert into STATION values (2699, '138', 2976, 473746.37, 4428302.25, 24.92);
insert into STATION values (2700, '139', 2976, 473744.57, 4428292.21, 20.80);
insert into STATION values (2701, '200', 2976, 473815.91, 4428389.20, 92.58);
insert into STATION values (2702, '201', 2976, 473821.98, 4428386.73, 97.17);
insert into STATION values (2703, '202', 2976, 473826.89, 4428389.90, 99.77);
insert into STATION values (2704, '203', 2976, 473831.60, 4428388.98, 99.77);
insert into STATION values (2705, '204', 2976, 473831.60, 4428388.98, 122.07);
insert into STATION values (2706, '205', 2976, 473831.60, 4428388.98, 126.97);
insert into STATION values (2707, '206', 2976, 473835.19, 4428383.64, 134.63);
insert into STATION values (2708, '300', 2976, 473808.86, 4428327.30, 77.70);
insert into STATION values (2709, '301', 2976, 473806.90, 4428320.94, 75.54);
insert into STATION values (2710, '302', 2976, 473812.45, 4428312.01, 78.75);
insert into STATION values (2711, '303', 2976, 473808.69, 4428304.34, 77.09);
insert into STATION values (2712, '304', 2976, 473803.27, 4428295.71, 74.17);
insert into STATION values (2713, '305', 2976, 473807.53, 4428289.12, 73.21);
insert into STATION values (2714, '306', 2976, 473807.53, 4428289.12, 64.21);
insert into STATION values (2715, '307', 2976, 473812.38, 4428281.90, 62.36);
insert into STATION values (2716, '308', 2976, 473805.64, 4428279.85, 59.37);
insert into STATION values (2717, '309', 2976, 473794.31, 4428279.28, 52.82);
insert into STATION values (2718, '310', 2976, 473792.32, 4428277.95, 52.73);
insert into STATION values (2719, '311', 2976, 473784.43, 4428277.42, 35.79);
insert into STATION values (2720, '312', 2976, 473775.60, 4428290.58, 32.99);
insert into STATION values (2721, '313', 2976, 473769.17, 4428293.20, 30.73);
insert into STATION values (2722, '400', 2976, 473775.60, 4428290.58, 32.99);
insert into STATION values (2723, '401', 2976, 473754.08, 4428289.13, 36.79);
insert into STATION values (2724, '402', 2976, 473753.00, 4428282.39, 38.37);
insert into STATION values (2725, '403', 2976, 473743.42, 4428297.80, 31.77);
insert into STATION values (2726, '404', 2976, 473743.20, 4428286.67, 36.26);
insert into STATION values (2727, '405', 2976, 473743.00, 4428276.71, 37.13);
insert into STATION values (2728, '500', 2976, 473754.08, 4428289.13, 36.79);
insert into STATION values (2729, '501', 2976, 473746.39, 4428269.24, 43.31);
insert into STATION values (2730, '502', 2976, 473727.89, 4428254.33, 47.93);
insert into STATION values (2731, '503', 2976, 473723.23, 4428249.85, 52.81);
insert into STATION values (2732, '504', 2976, 473709.41, 4428258.19, 55.07);
insert into STATION values (2733, '505', 2976, 473704.35, 4428246.35, 58.77);
insert into STATION values (2734, '506', 2976, 473710.47, 4428237.56, 62.04);
insert into STATION values (2735, '507', 2976, 473701.24, 4428233.28, 64.39);
insert into STATION values (2736, '508', 2976, 473700.62, 4428226.45, 66.23);
insert into STATION values (2737, '509', 2976, 473703.46, 4428214.97, 75.47);
insert into STATION values (2738, '510', 2976, 473697.66, 4428209.00, 82.96);
insert into STATION values (2739, '511', 2976, 473702.17, 4428195.79, 95.10);
insert into STATION values (2740, '600', 2976, 473700.62, 4428226.45, 66.23);
insert into STATION values (2741, '601', 2976, 473693.76, 4428223.41, 66.23);
insert into STATION values (2742, '700', 2976, 473628.76, 4428179.10, 134.89);
insert into STATION values (2743, '701', 2976, 473638.10, 4428174.92, 135.78);
insert into STATION values (2744, '702', 2976, 473638.08, 4428170.15, 137.61);
insert into STATION values (2745, '703', 2976, 473640.87, 4428165.29, 137.71);
insert into STATION values (2746, '704', 2976, 473645.51, 4428163.31, 137.53);
insert into STATION values (2747, '705', 2976, 473650.78, 4428162.46, 137.44);
insert into STATION values (2748, '706', 2976, 473655.58, 4428160.41, 138.17);
insert into STATION values (2749, '707', 2976, 473658.45, 4428159.53, 139.45);
insert into STATION values (2750, '708', 2976, 473660.02, 4428157.00, 139.71);
insert into STATION values (2751, '709', 2976, 473660.26, 4428155.49, 140.24);
insert into STATION values (2752, '710', 2976, 473663.96, 4428154.42, 140.50);
insert into STATION values (2753, '711', 2976, 473664.16, 4428151.41, 141.15);
insert into STATION values (2754, '712', 2976, 473674.46, 4428149.76, 141.15);
insert into STATION values (2755, '713', 2976, 473684.17, 4428156.77, 135.30);
insert into STATION values (2756, '714', 2976, 473688.68, 4428169.07, 124.31);
insert into STATION values (2757, '715', 2976, 473696.61, 4428175.03, 115.99);
insert into STATION values (2758, '716', 2976, 473699.72, 4428181.08, 108.44);
insert into STATION values (2759, '717', 2976, 473697.20, 4428185.64, 104.92);
insert into STATION values (2760, '718', 2976, 473702.17, 4428195.79, 95.10);
insert into STATION values (2761, '800', 2976, 473628.76, 4428179.10, 134.89);
insert into STATION values (2762, '801', 2976, 473625.06, 4428179.50, 133.61);
insert into STATION values (2763, '802', 2976, 473618.66, 4428183.37, 131.60);
insert into STATION values (2764, '803', 2976, 473612.76, 4428182.45, 132.23);
insert into STATION values (2765, '804', 2976, 473609.85, 4428182.71, 131.66);
insert into STATION values (2766, '805', 2976, 473609.23, 4428180.58, 131.89);
insert into STATION values (2767, '806', 2976, 473594.64, 4428190.48, 130.35);
insert into STATION values (2768, '807', 2976, 473586.20, 4428195.78, 130.70);
insert into STATION values (2769, '808', 2976, 473582.68, 4428197.50, 130.01);
insert into STATION values (2770, '809', 2976, 473571.40, 4428200.98, 129.39);
insert into STATION values (2771, '810', 2976, 473567.54, 4428200.59, 129.59);
insert into STATION values (2772, '811', 2976, 473559.02, 4428198.79, 130.05);
insert into STATION values (2773, '812', 2976, 473555.63, 4428202.45, 127.50);
insert into STATION values (2774, '813', 2976, 473556.73, 4428209.32, 122.07);
insert into STATION values (2775, '814', 2976, 473555.45, 4428212.52, 119.74);
insert into STATION values (2776, '815', 2976, 473549.25, 4428217.05, 120.14);
insert into STATION values (2777, '816', 2976, 473547.68, 4428219.78, 118.93);
insert into STATION values (2778, '817', 2976, 473537.54, 4428220.87, 118.93);
insert into STATION values (2779, '818', 2976, 473531.14, 4428219.87, 121.29);
insert into STATION values (2780, '900', 2976, 473547.68, 4428219.78, 118.93);
insert into STATION values (2781, '901', 2976, 473550.65, 4428232.51, 127.75);
insert into STATION values (2782, '1000', 2976, 473535.34, 4428236.55, 120.99);
insert into STATION values (2783, '1001', 2976, 473537.06, 4428228.37, 117.27);
insert into STATION values (2784, '1002', 2976, 473536.16, 4428233.55, 115.66);
insert into STATION values (2785, '1003', 2976, 473553.84, 4428233.82, 112.54);
insert into STATION values (2786, '1004', 2976, 473554.61, 4428236.89, 116.74);
insert into STATION values (2787, '1005', 2976, 473565.17, 4428238.54, 114.86);
insert into STATION values (2788, '1006', 2976, 473565.84, 4428234.21, 115.32);
insert into STATION values (2789, '1007', 2976, 473573.21, 4428232.63, 113.72);
insert into STATION values (2790, '1008', 2976, 473574.74, 4428227.57, 114.09);
insert into STATION values (2791, '1009', 2976, 473574.17, 4428222.32, 116.12);
insert into STATION values (2792, '1010', 2976, 473579.94, 4428217.79, 119.08);
insert into STATION values (2793, '1011', 2976, 473588.17, 4428221.61, 117.31);
insert into STATION values (2794, '1012', 2976, 473589.52, 4428213.86, 120.49);
insert into STATION values (2795, '1013', 2976, 473580.64, 4428200.76, 113.77);
insert into STATION values (2796, '1100', 2976, 473537.96, 4428254.97, 119.73);
insert into STATION values (2797, '1101', 2976, 473526.97, 4428268.12, 118.23);
insert into STATION values (2798, '1102', 2976, 473522.38, 4428286.73, 111.26);
insert into STATION values (2799, '1103', 2976, 473520.79, 4428295.02, 106.38);
insert into STATION values (2800, '1104', 2976, 473520.66, 4428299.03, 107.46);
insert into STATION values (2801, '1105', 2976, 473520.66, 4428299.03, 104.56);
insert into STATION values (2802, '1106', 2976, 473517.06, 4428308.46, 101.66);
insert into STATION values (2803, '1107', 2976, 473512.43, 4428312.51, 101.66);
insert into STATION values (2804, '1108', 2976, 473512.97, 4428322.37, 100.10);
insert into STATION values (2805, '1109', 2976, 473510.04, 4428327.27, 97.67);
insert into STATION values (2806, '1110', 2976, 473506.65, 4428328.93, 101.46);
insert into STATION values (2807, '1111', 2976, 473507.00, 4428347.02, 93.40);
insert into STATION values (2808, '1112', 2976, 473505.51, 4428364.54, 85.94);
insert into STATION values (2809, '1113', 2976, 473508.47, 4428374.76, 78.21);
insert into STATION values (2810, '1114', 2976, 473506.93, 4428380.57, 79.49);
insert into STATION values (2811, '1115', 2976, 473509.44, 4428382.67, 77.28);
insert into STATION values (2812, '1116', 2976, 473511.38, 4428392.51, 75.15);
insert into STATION values (2813, '1117', 2976, 473510.13, 4428399.02, 72.34);
insert into STATION values (2814, '1118', 2976, 473510.13, 4428399.02, 68.64);
insert into STATION values (2815, '1119', 2976, 473506.52, 4428402.39, 65.79);
insert into STATION values (2816, '1200', 2976, 473537.96, 4428254.97, 119.73);
insert into STATION values (2817, '1201', 2976, 473543.64, 4428252.06, 120.07);
insert into STATION values (2818, '1202', 2976, 473535.34, 4428236.55, 120.99);
insert into STATION values (2819, '1203', 2976, 473531.14, 4428219.87, 121.29);
insert into STATION values (2820, '1204', 2976, 473523.64, 4428220.95, 121.82);
insert into STATION values (2821, '1205', 2976, 473518.67, 4428212.03, 122.35);
insert into STATION values (2822, '1206', 2976, 473519.97, 4428206.36, 122.15);
insert into STATION values (2823, '1207', 2976, 473517.36, 4428197.90, 119.44);
insert into STATION values (2824, '1208', 2976, 473514.49, 4428181.86, 120.87);
insert into STATION values (2825, '1209', 2976, 473508.42, 4428175.38, 121.49);
insert into STATION values (2826, '1210', 2976, 473511.66, 4428170.16, 121.49);
insert into STATION values (2827, '1211', 2976, 473505.25, 4428147.99, 123.10);
insert into STATION values (2828, '1212', 2976, 473498.59, 4428133.80, 124.75);
insert into STATION values (2829, '1213', 2976, 473489.52, 4428128.16, 123.25);
insert into STATION values (2830, '1300', 2976, 473432.33, 4428018.19, 129.67);
insert into STATION values (2831, '1301', 2976, 473441.62, 4428037.14, 139.07);
insert into STATION values (2832, '1302', 2976, 473447.08, 4428047.35, 141.11);
insert into STATION values (2833, '1303', 2976, 473459.33, 4428059.54, 135.16);
insert into STATION values (2834, '1304', 2976, 473447.87, 4428073.26, 128.66);
insert into STATION values (2835, '1305', 2976, 473459.01, 4428075.39, 130.66);
insert into STATION values (2836, '1306', 2976, 473463.23, 4428084.38, 127.24);
insert into STATION values (2837, '1307', 2976, 473469.70, 4428092.05, 127.59);
insert into STATION values (2838, '1308', 2976, 473473.65, 4428098.60, 128.66);
insert into STATION values (2839, '1309', 2976, 473478.34, 4428101.99, 126.08);
insert into STATION values (2840, '1310', 2976, 473482.41, 4428114.40, 129.58);
insert into STATION values (2841, '1311', 2976, 473488.11, 4428120.71, 131.24);
insert into STATION values (2842, '1312', 2976, 473493.74, 4428130.03, 127.49);
insert into STATION values (2843, '1313', 2976, 473498.59, 4428133.80, 124.75);
insert into STATION values (2844, '1400', 2976, 473520.66, 4428299.03, 104.56);
insert into STATION values (2845, '1401', 2976, 473526.41, 4428301.94, 100.53);
insert into STATION values (2846, '1402', 2976, 473525.26, 4428318.88, 99.64);
insert into STATION values (2847, '1500', 2976, 473505.51, 4428364.54, 85.94);
insert into STATION values (2848, '1501', 2976, 473517.88, 4428377.29, 77.66);
insert into STATION values (2849, '1502', 2976, 473534.54, 4428385.00, 71.69);
insert into STATION values (2850, '1503', 2976, 473548.06, 4428386.87, 63.16);
insert into STATION values (2851, '1504', 2976, 473552.23, 4428398.26, 56.16);
insert into STATION values (2852, '1600', 2976, 473589.52, 4428213.86, 120.49);
insert into STATION values (2853, '1601', 2976, 473607.10, 4428219.87, 111.82);
insert into STATION values (2854, '1602', 2976, 473625.79, 4428222.12, 104.22);
insert into STATION values (2855, '1603', 2976, 473625.79, 4428222.12, 94.02);
insert into STATION values (2856, '1604', 2976, 473635.30, 4428223.27, 91.63);
insert into STATION values (2857, '1605', 2976, 473637.22, 4428232.21, 88.30);
insert into STATION values (2858, '1606', 2976, 473644.25, 4428236.59, 85.12);
insert into STATION values (2859, '1700', 2976, 473486.47, 4428119.88, 212.04);
insert into STATION values (2860, '1701', 2976, 473491.58, 4428123.57, 212.04);
insert into STATION values (2861, '1702', 2976, 473491.58, 4428123.57, 199.89);
insert into STATION values (2862, '1703', 2976, 473491.58, 4428123.57, 193.38);
insert into STATION values (2863, '1704', 2976, 473491.58, 4428123.57, 173.10);
insert into STATION values (2864, '1705', 2976, 473494.81, 4428124.37, 170.21);
insert into STATION values (2865, '1706', 2976, 473494.81, 4428124.37, 145.81);
insert into STATION values (2866, '1707', 2976, 473494.56, 4428127.36, 141.35);
insert into STATION values (2867, '1708', 2976, 473496.16, 4428131.98, 129.25);
insert into STATION values (2868, '1709', 2976, 473498.59, 4428133.80, 124.75);
insert into STATION values (2869, '1800', 2976, 473459.33, 4428059.54, 135.16);
insert into STATION values (2870, '1801', 2976, 473454.60, 4428060.91, 134.29);
insert into STATION values (2871, '1802', 2976, 473456.08, 4428066.03, 132.96);
insert into STATION values (2872, '1803', 2976, 473456.08, 4428066.03, 146.96);
insert into STATION values (2873, '1804', 2976, 473460.68, 4428065.13, 164.45);
insert into STATION values (2874, '1805', 2976, 473456.65, 4428066.68, 195.14);
insert into STATION values (2875, '1806', 2976, 473456.42, 4428065.53, 208.59);
insert into STATION values (2876, '1807', 2976, 473458.18, 4428064.47, 214.23);
insert into STATION values (2877, '1808', 2976, 473462.94, 4428060.31, 222.62);
insert into STATION values (2878, '1900', 2976, 473754.08, 4428289.13, 36.79);
insert into STATION values (2879, '1901', 2976, 473757.81, 4428279.82, 38.92);
insert into STATION values (2880, '1902', 2976, 473764.54, 4428274.15, 38.62);
insert into STATION values (2881, '1903', 2976, 473768.49, 4428268.27, 38.25);
insert into STATION values (2882, '1904', 2976, 473773.19, 4428262.43, 41.74);
insert into STATION values (2883, '1905', 2976, 473783.56, 4428262.41, 43.94);
insert into STATION values (2884, '1906', 2976, 473782.88, 4428265.64, 43.94);
insert into STATION values (2885, '1907', 2976, 473781.03, 4428275.26, 38.95);
insert into STATION values (2886, '1908', 2976, 473789.80, 4428273.54, 37.85);
insert into STATION values (2887, '1909', 2976, 473794.29, 4428267.55, 43.70);
insert into STATION values (2888, 'ENT_206001', 2940, 476883.00, 4424327.00, 0.00);
insert into STATION_FLAG values(2888, 'fix');
insert into STATION values (2889, 'ENT_206002', 2940, 476461.00, 4423410.00, 0.00);
insert into STATION_FLAG values(2889, 'fix');
insert into STATION values (2890, 'ENT_206003', 2940, 475043.00, 4425186.00, 433.00);
insert into STATION_FLAG values(2890, 'fix');
insert into STATION values (2891, 'ENT_206004', 2940, 475107.00, 4425112.00, 429.00);
insert into STATION_FLAG values(2891, 'fix');
insert into STATION values (2892, 'ENT_206005', 2940, 475175.00, 4425192.00, 444.00);
insert into STATION_FLAG values(2892, 'fix');
insert into STATION values (2893, 'ENT_206006', 2940, 475069.00, 4425245.00, 452.00);
insert into STATION_FLAG values(2893, 'fix');
insert into STATION values (2894, 'ENT_206007', 2940, 475140.00, 4424860.00, 358.00);
insert into STATION_FLAG values(2894, 'fix');
insert into STATION values (2895, 'ENT_206008', 2940, 474961.00, 4425621.00, 457.00);
insert into STATION_FLAG values(2895, 'fix');
insert into STATION values (2896, 'ENT_206009', 2940, 474841.00, 4425409.00, 373.00);
insert into STATION_FLAG values(2896, 'fix');
insert into STATION values (2897, 'ENT_206010', 2940, 474836.00, 4425367.00, 380.00);
insert into STATION_FLAG values(2897, 'fix');
insert into STATION values (2898, 'ENT_206011', 2940, 474969.00, 4425554.00, 455.00);
insert into STATION_FLAG values(2898, 'fix');
insert into STATION values (2899, 'ENT_206012', 2940, 474969.00, 4424637.00, 338.00);
insert into STATION_FLAG values(2899, 'fix');
insert into STATION values (2900, 'ENT_206013', 2940, 474998.00, 4424705.00, 335.00);
insert into STATION_FLAG values(2900, 'fix');
insert into STATION values (2901, 'ENT_206014', 2940, 474477.00, 4423817.00, 365.00);
insert into STATION_FLAG values(2901, 'fix');
insert into STATION values (2902, 'ENT_206015', 2940, 474952.00, 4424624.00, 334.00);
insert into STATION_FLAG values(2902, 'fix');
insert into STATION values (2903, 'ENT_206016', 2940, 475187.00, 4426380.00, 669.00);
insert into STATION_FLAG values(2903, 'fix');
insert into STATION values (2904, 'ENT_206017', 2940, 475255.00, 4426406.00, 691.00);
insert into STATION_FLAG values(2904, 'fix');
insert into STATION values (2905, 'ENT_206018', 2940, 475361.00, 4426071.00, 679.00);
insert into STATION_FLAG values(2905, 'fix');
insert into STATION values (2906, 'ENT_206019', 2940, 475208.00, 4426189.00, 635.00);
insert into STATION_FLAG values(2906, 'fix');
insert into STATION values (2907, 'ENT_206020', 2940, 475205.00, 4426209.00, 632.00);
insert into STATION_FLAG values(2907, 'fix');
insert into STATION values (2908, 'ENT_206021', 2940, 475202.00, 4426174.00, 618.00);
insert into STATION_FLAG values(2908, 'fix');
insert into STATION values (2909, 'ENT_206022', 2940, 475202.00, 4426174.00, 618.00);
insert into STATION_FLAG values(2909, 'fix');
insert into STATION values (2910, 'ENT_206023', 2940, 475218.00, 4426185.00, 628.00);
insert into STATION_FLAG values(2910, 'fix');
insert into STATION values (2911, 'ENT_206024', 2940, 474458.00, 4427709.00, 214.00);
insert into STATION_FLAG values(2911, 'fix');
insert into STATION values (2912, 'ENT_206025', 2940, 475373.00, 4426432.00, 759.00);
insert into STATION_FLAG values(2912, 'fix');
insert into STATION values (2913, 'ENT_206026', 2940, 475365.00, 4426421.00, 745.00);
insert into STATION_FLAG values(2913, 'fix');
insert into STATION values (2914, 'ENT_206027', 2940, 475063.00, 4426287.00, 600.00);
insert into STATION_FLAG values(2914, 'fix');
insert into STATION values (2915, 'ENT_206028', 2940, 475063.00, 4426287.00, 629.00);
insert into STATION_FLAG values(2915, 'fix');
insert into STATION values (2916, 'ENT_206029', 2940, 475118.00, 4426181.00, 621.00);
insert into STATION_FLAG values(2916, 'fix');
insert into STATION values (2917, 'ENT_206030', 2940, 475065.00, 4426047.00, 584.00);
insert into STATION_FLAG values(2917, 'fix');
insert into STATION values (2918, 'ENT_206031', 2940, 474466.00, 4425996.00, 120.00);
insert into STATION_FLAG values(2918, 'fix');
insert into STATION values (2919, 'ENT_206032', 2940, 475106.00, 4425962.00, 579.00);
insert into STATION_FLAG values(2919, 'fix');
insert into STATION values (2920, 'ENT_206033', 2940, 475550.00, 4427985.00, 360.00);
insert into STATION_FLAG values(2920, 'fix');
insert into STATION values (2921, 'ENT_206034', 2940, 474992.00, 4427009.00, 519.00);
insert into STATION_FLAG values(2921, 'fix');
insert into STATION values (2922, 'ENT_206035', 2940, 475017.00, 4427584.00, 380.00);
insert into STATION_FLAG values(2922, 'fix');
insert into STATION values (2923, 'ENT_206036', 2940, 474963.00, 4427404.00, 398.00);
insert into STATION_FLAG values(2923, 'fix');
insert into STATION values (2924, 'ENT_206037', 2940, 475017.00, 4427584.00, 380.00);
insert into STATION_FLAG values(2924, 'fix');
insert into STATION values (2925, 'ENT_206038', 2940, 474946.00, 4427389.00, 396.00);
insert into STATION_FLAG values(2925, 'fix');
insert into STATION values (2926, 'ENT_206039', 2940, 474982.00, 4427513.00, 382.00);
insert into STATION_FLAG values(2926, 'fix');
insert into STATION values (2927, 'ENT_206040', 2940, 474462.00, 4423274.00, 120.00);
insert into STATION_FLAG values(2927, 'fix');
insert into STATION values (2928, 'ENT_206041', 2940, 474946.00, 4424727.00, 340.00);
insert into STATION_FLAG values(2928, 'fix');
insert into STATION values (2929, 'ENT_206042', 2940, 474990.00, 4425248.00, 437.00);
insert into STATION_FLAG values(2929, 'fix');
insert into STATION values (2930, 'ENT_206043', 2940, 473872.00, 4428412.00, 140.00);
insert into STATION_FLAG values(2930, 'fix');
insert into STATION values (2931, 'ENT_206044', 2940, 477682.00, 4426231.00, 0.00);
insert into STATION_FLAG values(2931, 'fix');
insert into STATION values (2932, 'PC0', 2999, 479447.76, 4428581.99, 143.90);
insert into STATION values (2933, 'PC1', 2999, 479443.70, 4428594.27, 145.26);
insert into STATION values (2934, 'PC2', 2999, 479438.05, 4428599.48, 144.72);
insert into STATION values (2935, 'PC3', 2999, 479430.01, 4428599.29, 141.14);
insert into STATION values (2936, 'PC4', 2999, 479421.21, 4428597.05, 136.51);
insert into STATION values (2937, 'PC5', 2999, 479412.76, 4428596.11, 136.21);
insert into STATION values (2938, 'PC6', 2999, 479401.07, 4428600.53, 136.21);
insert into STATION values (2939, 'PC7', 2999, 479394.73, 4428591.70, 141.05);
insert into STATION values (2940, 'PC8', 2999, 479386.41, 4428582.03, 138.57);
insert into STATION values (2941, 'PC9', 2999, 479384.82, 4428574.39, 138.71);
insert into STATION values (2942, 'PC10', 2999, 479379.00, 4428572.00, 141.00);
insert into STATION_FLAG values(2942, 'ent');
insert into STATION values (2943, 'PC11', 2999, 479372.58, 4428558.65, 137.58);
insert into STATION values (2944, 'PC100', 2999, 479339.01, 4428464.61, 141.37);
insert into STATION values (2945, 'PC101', 2999, 479341.62, 4428466.46, 141.37);
insert into STATION values (2946, 'PC102', 2999, 479350.39, 4428469.54, 141.20);
insert into STATION values (2947, 'PC103', 2999, 479347.98, 4428477.77, 141.80);
insert into STATION values (2948, 'PC104', 2999, 479352.63, 4428484.24, 137.20);
insert into STATION values (2949, 'PC105', 2999, 479348.19, 4428489.30, 138.15);
insert into STATION values (2950, 'PC106', 2999, 479346.13, 4428490.67, 138.95);
insert into STATION values (2951, 'PC107', 2999, 479346.13, 4428490.67, 140.95);
insert into STATION values (2952, 'PC108', 2999, 479347.19, 4428480.81, 139.05);
insert into STATION values (2953, 'PC109', 2999, 479350.06, 4428493.20, 135.65);
insert into STATION values (2954, 'PC200', 2999, 479351.01, 4428501.28, 131.14);
insert into STATION values (2955, 'PC201', 2999, 479346.54, 4428511.67, 135.71);
insert into STATION values (2956, 'PC202', 2999, 479352.14, 4428518.72, 132.06);
insert into STATION values (2957, 'PCA', 2999, 479346.54, 4428511.67, 139.71);
insert into STATION values (2958, 'PCB', 2999, 479357.05, 4428523.06, 139.71);
insert into STATION values (2959, 'PCC', 2999, 479357.85, 4428528.29, 139.34);
insert into STATION values (2960, 'PCD', 2999, 479361.52, 4428541.35, 141.25);
insert into STATION values (2961, 'PCE', 2999, 479366.76, 4428554.54, 140.75);
insert into STATION values (2962, '0', 3003, 479667.74, 4427696.00, 0.00);
insert into STATION_FLAG values(2962, 'ent');
insert into STATION values (2963, '1', 3003, 479667.40, 4427696.50, -0.80);
insert into STATION values (2964, '2', 3003, 479668.73, 4427701.11, -2.20);
insert into STATION values (2965, '3', 3003, 479670.02, 4427705.55, -4.10);
insert into STATION values (2966, '4', 3003, 479667.28, 4427713.58, -9.40);
insert into STATION values (2967, '5', 3003, 479664.19, 4427722.60, -12.40);
insert into STATION values (2968, '6', 3003, 479661.11, 4427731.63, -15.40);
insert into STATION values (2969, '7', 3003, 479658.24, 4427740.03, -20.00);
insert into STATION values (2970, '8', 3003, 479649.09, 4427766.80, -30.00);
insert into STATION values (2971, '9', 3003, 479638.88, 4427782.02, -38.00);
insert into STATION values (2972, '10', 3003, 479637.53, 4427801.95, -39.00);
insert into STATION values (2973, '11', 3003, 479635.85, 4427826.87, -40.00);
insert into STATION values (2974, '12', 3003, 479638.95, 4427837.61, -30.00);
insert into STATION values (2975, '13', 3003, 479649.98, 4427875.73, -25.00);
insert into STATION values (2976, '14', 3003, 479642.21, 4427879.55, -20.00);
insert into STATION values (2977, '15', 3003, 479639.51, 4427880.87, -24.00);
insert into STATION values (2978, '16', 3003, 479638.68, 4427877.99, -28.00);
insert into STATION values (2979, '17', 3003, 479631.20, 4427867.74, -36.00);
insert into STATION values (2980, '18', 3003, 479630.10, 4427872.19, -38.00);
insert into STATION values (2981, '19', 3003, 479624.55, 4427880.45, -39.00);
insert into STATION values (2982, '20', 3003, 479622.88, 4427882.94, -43.00);
insert into STATION values (2983, '21', 3003, 479619.49, 4427886.47, -44.00);
insert into STATION values (2984, '22', 3003, 479610.56, 4427890.86, -45.00);
insert into STATION values (2985, '23', 3003, 479609.88, 4427900.78, -46.00);
insert into STATION values (2986, '24', 3003, 479609.24, 4427910.30, -49.00);
insert into STATION values (2987, 'ENT_207001', 2997, 479379.00, 4428572.00, 141.00);
insert into STATION_FLAG values(2987, 'fix');
insert into STATION values (2988, 'ENT_207002', 2997, 479667.74, 4427696.00, 0.00);
insert into STATION_FLAG values(2988, 'fix');
insert into STATION values (2989, '0', 3011, 468816.08, 4427046.64, 57.17);
insert into STATION values (2990, '1', 3011, 468814.51, 4427057.19, 55.48);
insert into STATION values (2991, '2', 3011, 468812.55, 4427102.85, 55.48);
insert into STATION values (2992, '3', 3011, 468786.49, 4427147.17, 50.08);
insert into STATION values (2993, '10', 3011, 468793.30, 4427110.29, 50.08);
insert into STATION values (2994, '11', 3011, 468786.62, 4427074.41, 50.08);
insert into STATION values (2995, '12', 3011, 468786.48, 4427059.63, 54.04);
insert into STATION values (2996, '13', 3011, 468786.52, 4427054.08, 54.82);
insert into STATION values (2997, '4', 3011, 468793.96, 4427167.11, 50.08);
insert into STATION values (2998, '5', 3011, 468802.40, 4427193.82, 57.59);
insert into STATION values (2999, '6', 3011, 468792.45, 4427216.75, 57.15);
insert into STATION values (3000, '7', 3011, 468780.19, 4427234.62, 60.97);
insert into STATION values (3001, '8', 3011, 468773.90, 4427250.64, 69.00);
insert into STATION values (3002, '9', 3011, 468779.00, 4427269.00, 80.00);
insert into STATION_FLAG values(3002, 'ent');
insert into STATION values (3003, 'ENT_208001', 3009, 468779.00, 4427269.00, 80.00);
insert into STATION_FLAG values(3003, 'fix');
insert into STATION values (3004, 'ENT_208002', 3009, 468617.00, 4427344.00, 40.00);
insert into STATION_FLAG values(3004, 'fix');
insert into STATION values (3005, 'ENT_208003', 3009, 468950.00, 4428050.00, 20.00);
insert into STATION_FLAG values(3005, 'fix');
insert into STATION values (3006, 'ENT_208004', 3009, 470687.00, 4426335.00, 559.00);
insert into STATION_FLAG values(3006, 'fix');
insert into STATION values (3007, 'ENT_208005', 3009, 470676.00, 4426340.00, 561.00);
insert into STATION_FLAG values(3007, 'fix');
insert into STATION values (3008, '0', 3255, 473604.40, 4425934.47, 239.60);
insert into STATION values (3009, '1', 3255, 473604.94, 4425934.84, 243.34);
insert into STATION values (3010, '2', 3255, 473604.81, 4425932.78, 243.52);
insert into STATION values (3011, '3', 3255, 473601.90, 4425932.31, 245.76);
insert into STATION values (3012, '4', 3255, 473595.92, 4425933.98, 250.10);
insert into STATION values (3013, '5', 3255, 473595.19, 4425936.18, 249.57);
insert into STATION values (3014, '6', 3255, 473593.17, 4425934.89, 248.69);
insert into STATION values (3015, '7', 3255, 473591.63, 4425932.99, 248.69);
insert into STATION values (3016, '8', 3255, 473591.20, 4425929.56, 249.43);
insert into STATION values (3017, '9', 3255, 473588.18, 4425928.95, 250.37);
insert into STATION values (3018, '10', 3255, 473587.37, 4425930.62, 250.37);
insert into STATION values (3019, '14', 3255, 473583.51, 4425931.88, 250.65);
insert into STATION values (3020, '15', 3255, 473580.18, 4425927.57, 254.06);
insert into STATION values (3021, '16', 3255, 473578.75, 4425923.46, 258.11);
insert into STATION values (3022, '17', 3255, 473577.44, 4425920.53, 258.51);
insert into STATION values (3023, '18', 3255, 473572.69, 4425922.00, 259.65);
insert into STATION values (3024, '19', 3255, 473569.41, 4425925.93, 258.66);
insert into STATION values (3025, '20', 3255, 473570.09, 4425927.90, 258.37);
insert into STATION values (3026, '21', 3255, 473565.63, 4425931.28, 258.37);
insert into STATION values (3027, '17A', 3255, 473571.56, 4425912.77, 261.86);
insert into STATION values (3028, '19A', 3255, 473565.97, 4425914.03, 259.74);
insert into STATION values (3029, '17B', 3255, 473578.79, 4425926.29, 259.55);
insert into STATION values (3030, '17C', 3255, 473578.97, 4425935.38, 264.18);
insert into STATION values (3031, '6A', 3255, 473596.33, 4425937.91, 240.85);
insert into STATION values (3032, '2A', 3255, 473602.42, 4425931.92, 246.08);
insert into STATION values (3033, '2B', 3255, 473600.75, 4425935.88, 249.41);
insert into STATION values (3034, '2C', 3255, 473600.83, 4425938.49, 249.66);
insert into STATION values (3035, '2D', 3255, 473601.80, 4425940.31, 250.20);
insert into STATION values (3036, '2E', 3255, 473600.47, 4425943.97, 251.05);
insert into STATION values (3037, '2F', 3255, 473601.05, 4425946.08, 251.29);
insert into STATION values (3038, '2G', 3255, 473600.25, 4425949.58, 251.18);
insert into STATION values (3039, '2H', 3255, 473602.68, 4425951.00, 249.21);
insert into STATION values (3040, '2I', 3255, 473600.28, 4425958.42, 249.62);
insert into STATION values (3041, '2J', 3255, 473601.33, 4425962.58, 249.62);
insert into STATION values (3042, '2G0', 3255, 473597.87, 4425949.18, 253.95);
insert into STATION values (3043, '2G1', 3255, 473594.46, 4425946.48, 255.08);
insert into STATION values (3044, '2G2', 3255, 473591.75, 4425943.38, 256.92);
insert into STATION values (3045, '2G1A0', 3255, 473594.48, 4425946.54, 254.38);
insert into STATION values (3046, '2G1A', 3255, 473598.76, 4425947.63, 250.25);
insert into STATION values (3047, '2G1B', 3255, 473601.74, 4425946.22, 247.57);
insert into STATION values (3048, '2G1C', 3255, 473603.47, 4425946.34, 244.89);
insert into STATION values (3049, '2G1D', 3255, 473602.87, 4425948.78, 244.77);
insert into STATION values (3050, '2G1E', 3255, 473600.98, 4425947.24, 243.93);
insert into STATION values (3051, '2G1F', 3255, 473597.94, 4425944.56, 243.18);
insert into STATION values (3052, '2G1G', 3255, 473596.31, 4425937.85, 240.85);
insert into STATION values (3053, '201', 3255, 473605.18, 4425931.09, 243.92);
insert into STATION values (3054, '202', 3255, 473605.11, 4425928.46, 244.06);
insert into STATION values (3055, '203', 3255, 473607.44, 4425929.80, 243.73);
insert into STATION values (3056, '203A', 3255, 473613.52, 4425926.19, 236.40);
insert into STATION values (3057, '204', 3255, 473616.75, 4425928.84, 235.74);
insert into STATION values (3058, '205', 3255, 473618.20, 4425929.09, 231.70);
insert into STATION values (3059, '206', 3255, 473620.07, 4425928.58, 228.33);
insert into STATION values (3060, '207', 3255, 473624.38, 4425928.91, 227.34);
insert into STATION values (3061, '208', 3255, 473627.89, 4425928.56, 227.15);
insert into STATION values (3062, '209', 3255, 473627.73, 4425926.12, 227.28);
insert into STATION values (3063, '210', 3255, 473627.13, 4425921.33, 226.86);
insert into STATION values (3064, '211', 3255, 473627.13, 4425921.33, 220.06);
insert into STATION values (3065, '209A', 3255, 473627.73, 4425926.12, 219.58);
insert into STATION values (3066, '510', 3255, 473621.28, 4425911.62, 216.57);
insert into STATION values (3067, '511', 3255, 473621.28, 4425911.62, 220.09);
insert into STATION values (3068, '512', 3255, 473622.38, 4425909.26, 221.30);
insert into STATION values (3069, '513', 3255, 473625.03, 4425911.18, 222.62);
insert into STATION values (3070, '514', 3255, 473625.32, 4425913.17, 221.69);
insert into STATION values (3071, '515', 3255, 473629.96, 4425912.26, 219.37);
insert into STATION values (3072, '516', 3255, 473631.29, 4425917.36, 217.46);
insert into STATION values (3073, '517', 3255, 473627.84, 4425917.64, 218.39);
insert into STATION values (3074, 'D0', 3255, 473603.00, 4425884.71, 224.11);
insert into STATION values (3075, 'D1', 3255, 473603.14, 4425891.39, 224.82);
insert into STATION values (3076, 'D2', 3255, 473607.96, 4425895.42, 225.70);
insert into STATION values (3077, 'D3', 3255, 473608.27, 4425897.35, 226.87);
insert into STATION values (3078, 'D4', 3255, 473609.22, 4425897.96, 226.16);
insert into STATION values (3079, 'D5', 3255, 473611.78, 4425902.20, 226.25);
insert into STATION values (3080, 'D6', 3255, 473610.64, 4425903.57, 226.25);
insert into STATION values (3081, 'D7', 3255, 473606.92, 4425903.90, 226.64);
insert into STATION values (3082, 'D8', 3255, 473602.13, 4425907.66, 230.45);
insert into STATION values (3083, 'D9', 3255, 473601.81, 4425910.29, 232.04);
insert into STATION values (3084, 'D10', 3255, 473601.82, 4425912.97, 233.18);
insert into STATION values (3085, 'D11', 3255, 473599.77, 4425916.26, 233.65);
insert into STATION values (3086, 'D12', 3255, 473602.54, 4425919.01, 233.65);
insert into STATION values (3087, 'D13', 3255, 473608.72, 4425925.38, 234.90);
insert into STATION values (3088, 'D14', 3255, 473610.63, 4425927.09, 236.70);
insert into STATION values (3089, 'D15', 3255, 473610.39, 4425930.64, 237.71);
insert into STATION values (3090, 'D16', 3255, 473609.66, 4425931.89, 237.79);
insert into STATION values (3091, 'D17', 3255, 473604.48, 4425931.45, 237.79);
insert into STATION values (3092, 'D18', 3255, 473601.52, 4425936.83, 239.90);
insert into STATION values (3093, 'D19', 3255, 473601.26, 4425939.41, 240.85);
insert into STATION values (3094, 'D20A', 3255, 473605.47, 4425945.17, 240.85);
insert into STATION values (3095, 'E1', 3255, 473616.00, 4425884.00, 215.00);
insert into STATION_FLAG values(3095, 'ent');
insert into STATION values (3096, 'E2', 3255, 473622.66, 4425869.63, 205.11);
insert into STATION values (3097, 'E3', 3255, 473624.41, 4425866.17, 198.09);
insert into STATION values (3098, 'E4', 3255, 473626.60, 4425863.89, 194.58);
insert into STATION values (3099, 'E5', 3255, 473627.99, 4425864.93, 193.50);
insert into STATION values (3100, 'E6', 3255, 473630.19, 4425862.72, 191.70);
insert into STATION values (3101, 'E7', 3255, 473635.04, 4425860.45, 184.59);
insert into STATION values (3102, 'E8', 3255, 473636.30, 4425856.77, 182.06);
insert into STATION values (3103, 'E9', 3255, 473640.33, 4425857.69, 177.63);
insert into STATION values (3104, 'A', 3255, 473618.74, 4425888.89, 213.94);
insert into STATION values (3105, 'B', 3255, 473626.35, 4425891.94, 209.02);
insert into STATION values (3106, 'C', 3255, 473628.02, 4425893.58, 208.60);
insert into STATION values (3107, 'D', 3255, 473629.34, 4425894.43, 206.09);
insert into STATION values (3108, 'E', 3255, 473633.10, 4425895.72, 205.53);
insert into STATION values (3109, 'F', 3255, 473634.20, 4425896.58, 203.20);
insert into STATION values (3110, 'G', 3255, 473638.70, 4425893.17, 196.94);
insert into STATION values (3111, '0', 3261, 472922.00, 4425932.00, 436.00);
insert into STATION_FLAG values(3111, 'ent');
insert into STATION values (3112, '1', 3261, 472925.04, 4425930.16, 436.00);
insert into STATION values (3113, '2', 3261, 472925.05, 4425936.40, 436.33);
insert into STATION values (3114, '3', 3261, 472924.27, 4425939.83, 436.02);
insert into STATION values (3115, 'A', 3261, 472922.42, 4425939.02, 439.01);
insert into STATION values (3116, '4', 3261, 472926.98, 4425940.16, 435.83);
insert into STATION values (3117, '5', 3261, 472929.07, 4425939.27, 435.91);
insert into STATION values (3118, 'B1', 3261, 472929.78, 4425941.31, 436.69);
insert into STATION values (3119, 'B2', 3261, 472927.74, 4425943.29, 437.73);
insert into STATION values (3120, 'B3', 3261, 472927.74, 4425943.29, 447.99);
insert into STATION values (3121, 'B4', 3261, 472930.02, 4425944.11, 447.99);
insert into STATION values (3122, '6', 3261, 472930.65, 4425938.78, 436.05);
insert into STATION values (3123, '7', 3261, 472938.39, 4425940.27, 429.89);
insert into STATION values (3124, '8', 3261, 472941.03, 4425938.73, 428.47);
insert into STATION values (3125, '9', 3261, 472945.48, 4425937.36, 426.96);
insert into STATION values (3126, '10', 3261, 472948.87, 4425934.60, 426.88);
insert into STATION values (3127, '0', 3265, 471328.00, 4422992.00, 3.00);
insert into STATION_FLAG values(3127, 'ent');
insert into STATION values (3128, '1', 3265, 471319.40, 4422990.87, 3.30);
insert into STATION values (3129, 'A', 3265, 471316.39, 4422998.94, 0.17);
insert into STATION values (3130, '2', 3265, 471319.76, 4422984.86, 3.83);
insert into STATION values (3131, 'B', 3265, 471324.98, 4422972.23, 7.49);
insert into STATION values (3132, '3', 3265, 471309.32, 4422987.37, 4.77);
insert into STATION values (3133, '4', 3265, 471305.81, 4422984.16, 9.53);
insert into STATION values (3134, '5', 3265, 471302.71, 4422979.93, 11.17);
insert into STATION values (3135, '6', 3265, 471291.30, 4423005.02, 4.30);
insert into STATION values (3136, 'C', 3265, 471297.80, 4423000.71, 2.21);
insert into STATION values (3137, '7', 3265, 471288.33, 4423019.69, 2.19);
insert into STATION values (3138, '2.1', 3265, 471313.17, 4422964.75, 23.32);
insert into STATION values (3139, '2.2', 3265, 471313.68, 4422969.36, 18.78);
insert into STATION values (3140, '3.1', 3265, 471314.03, 4422966.97, 22.23);
insert into STATION values (3141, '3.2', 3265, 471317.58, 4422965.78, 24.14);
insert into STATION values (3142, '3.3', 3265, 471318.51, 4422964.07, 22.38);
insert into STATION values (3143, '3.4', 3265, 471321.65, 4422951.90, 28.78);
insert into STATION values (3144, 'S0', 3265, 471195.04, 4423116.85, -7.51);
insert into STATION values (3145, 'S1', 3265, 471200.76, 4423128.52, -7.51);
insert into STATION values (3146, 'S2', 3265, 471205.73, 4423127.99, -7.51);
insert into STATION values (3147, 'S3', 3265, 471209.16, 4423123.74, -10.01);
insert into STATION values (3148, 'S4', 3265, 471216.39, 4423118.46, -10.91);
insert into STATION values (3149, 'S5', 3265, 471218.50, 4423117.18, -12.61);
insert into STATION values (3150, 'S6', 3265, 471221.46, 4423114.60, -13.41);
insert into STATION values (3151, 'S7', 3265, 471223.76, 4423105.28, -16.21);
insert into STATION values (3152, 'S8', 3265, 471233.34, 4423098.29, -14.41);
insert into STATION values (3153, 'S9', 3265, 471234.68, 4423097.90, -19.21);
insert into STATION values (3154, 'S10', 3265, 471238.12, 4423094.32, -19.81);
insert into STATION values (3155, 'S11', 3265, 471242.57, 4423095.42, -21.81);
insert into STATION values (3156, 'S12', 3265, 471247.43, 4423096.62, -21.81);
insert into STATION values (3157, 'S13', 3265, 471257.03, 4423093.84, -21.81);
insert into STATION values (3158, 'S14', 3265, 471261.43, 4423092.56, -23.81);
insert into STATION values (3159, 'S15', 3265, 471268.22, 4423085.50, -21.81);
insert into STATION values (3160, 'S16', 3265, 471265.34, 4423082.73, -18.81);
insert into STATION values (3161, 'S17', 3265, 471266.51, 4423077.97, -17.81);
insert into STATION values (3162, 'S18', 3265, 471266.84, 4423073.08, -16.81);
insert into STATION values (3163, 'S19', 3265, 471269.40, 4423069.28, -14.81);
insert into STATION values (3164, 'S20', 3265, 471273.80, 4423067.12, -13.81);
insert into STATION values (3165, 'S21', 3265, 471276.53, 4423063.05, -12.81);
insert into STATION values (3166, 'S22', 3265, 471277.70, 4423058.30, -11.81);
insert into STATION values (3167, 'S23', 3265, 471275.54, 4423053.90, -10.81);
insert into STATION values (3168, 'S24', 3265, 471272.24, 4423050.72, -8.81);
insert into STATION values (3169, 'S25', 3265, 471276.64, 4423049.45, -6.81);
insert into STATION values (3170, 'S26', 3265, 471278.50, 4423045.26, -4.81);
insert into STATION values (3171, 'S27', 3265, 471281.28, 4423041.11, -4.81);
insert into STATION values (3172, 'S28', 3265, 471283.26, 4423036.63, -3.81);
insert into STATION values (3173, 'S29', 3265, 471286.66, 4423033.10, -2.81);
insert into STATION values (3174, 'S30', 3265, 471288.51, 4423028.90, -0.81);
insert into STATION values (3175, 'S31', 3265, 471287.19, 4423024.32, 0.69);
insert into STATION values (3176, '0', 3270, 473521.69, 4428262.42, 135.82);
insert into STATION values (3177, '-1', 3270, 473516.10, 4428260.51, 134.78);
insert into STATION values (3178, '1', 3270, 473521.80, 4428263.41, 135.82);
insert into STATION values (3179, '2', 3270, 473521.80, 4428263.41, 149.82);
insert into STATION values (3180, '3', 3270, 473523.62, 4428263.54, 160.16);
insert into STATION values (3181, '4', 3270, 473527.58, 4428264.15, 159.31);
insert into STATION values (3182, '5', 3270, 473527.58, 4428264.15, 177.81);
insert into STATION values (3183, '6', 3270, 473527.00, 4428264.00, 195.00);
insert into STATION_FLAG values(3183, 'ent');
insert into STATION values (3184, '0', 3274, 472980.03, 4428708.46, 110.43);
insert into STATION values (3185, '1', 3274, 472979.93, 4428703.13, 107.12);
insert into STATION values (3186, '2', 3274, 472980.66, 4428700.86, 108.84);
insert into STATION values (3187, '3', 3274, 472985.81, 4428698.68, 110.38);
insert into STATION values (3188, '4', 3274, 472985.03, 4428696.29, 115.24);
insert into STATION values (3189, '5', 3274, 472985.06, 4428696.22, 117.16);
insert into STATION values (3190, '6', 3274, 472982.41, 4428693.07, 117.71);
insert into STATION values (3191, '7', 3274, 472980.86, 4428694.63, 122.46);
insert into STATION values (3192, '8', 3274, 472980.67, 4428695.36, 127.03);
insert into STATION values (3193, '9', 3274, 472978.49, 4428694.16, 149.19);
insert into STATION values (3194, '10', 3274, 472980.00, 4428693.00, 154.00);
insert into STATION_FLAG values(3194, 'ent');
insert into STATION values (3195, 'GD-d', 3278, 473050.00, 4425902.00, 445.00);
insert into STATION_FLAG values(3195, 'ent');
insert into STATION values (3196, 'GD-c', 3278, 473047.72, 4425908.30, 440.81);
insert into STATION values (3197, 'GD-b', 3278, 473040.68, 4425912.72, 427.51);
insert into STATION values (3198, 'GD-0', 3278, 473040.68, 4425912.72, 412.49);
insert into STATION values (3199, 'GD-1', 3278, 473032.28, 4425915.31, 408.20);
insert into STATION values (3200, 'GD-2', 3278, 473032.28, 4425915.31, 404.85);
insert into STATION values (3201, 'GD-3', 3278, 473030.70, 4425909.83, 402.43);
insert into STATION values (3202, 'GD-4', 3278, 473028.72, 4425912.89, 399.78);
insert into STATION values (3203, 'GD-5', 3278, 473026.60, 4425914.55, 395.63);
insert into STATION values (3204, 'GD-a', 3278, 473024.62, 4425909.70, 393.13);
insert into STATION values (3205, 'GD-6', 3278, 473024.82, 4425916.28, 393.31);
insert into STATION values (3206, 'GD-7', 3278, 473024.17, 4425920.01, 393.64);
insert into STATION values (3207, 'GD-8', 3278, 473024.80, 4425922.97, 389.48);
insert into STATION values (3208, 'GD-9', 3278, 473022.66, 4425923.17, 389.25);
insert into STATION values (3209, 'GD-10', 3278, 473020.03, 4425924.57, 384.28);
insert into STATION values (3210, 'GD-11', 3278, 473017.06, 4425925.38, 375.34);
insert into STATION values (3211, 'GD-12', 3278, 473014.31, 4425921.75, 373.94);
insert into STATION values (3212, 'GD-13', 3278, 473011.17, 4425921.43, 366.52);
insert into STATION values (3213, 'GD-14', 3278, 473009.21, 4425926.85, 360.34);
insert into STATION values (3214, 'GD-15', 3278, 473007.05, 4425926.85, 360.72);
insert into STATION values (3215, 'GD-16', 3278, 473007.65, 4425931.11, 360.87);
insert into STATION values (3216, 'GD-17', 3278, 473009.14, 4425932.18, 360.38);
insert into STATION values (3217, 'GD-18', 3278, 473008.67, 4425934.25, 358.25);
insert into STATION values (3218, 'GD-19', 3278, 473006.35, 4425936.01, 356.50);
insert into STATION values (3219, 'GD-20', 3278, 472998.96, 4425935.51, 345.10);
insert into STATION values (3220, 'GD-21', 3278, 472998.96, 4425935.51, 335.10);
insert into STATION values (3221, 'GD-22', 3278, 472998.96, 4425935.51, 324.10);
insert into STATION values (3222, 'GD-23', 3278, 472992.25, 4425933.60, 324.71);
insert into STATION values (3223, 'GD-24', 3278, 472989.64, 4425931.10, 313.58);
insert into STATION values (3224, 'GD-25', 3278, 472990.13, 4425928.26, 310.80);
insert into STATION values (3225, 'GD-251', 3278, 472988.05, 4425921.06, 310.80);
insert into STATION values (3226, 'GD-252', 3278, 472988.05, 4425921.06, 306.80);
insert into STATION values (3227, 'GD-26', 3278, 472987.45, 4425919.10, 305.85);
insert into STATION values (3228, 'GD-27', 3278, 472985.44, 4425918.21, 297.64);
insert into STATION values (3229, 'GD-28', 3278, 472979.56, 4425896.49, 297.64);
insert into STATION values (3230, '36', 3278, 472977.07, 4425892.88, 281.26);
insert into STATION values (3231, '35', 3278, 472980.22, 4425899.17, 278.98);
insert into STATION values (3232, '34', 3278, 472979.89, 4425900.83, 278.36);
insert into STATION values (3233, '33', 3278, 472981.60, 4425906.56, 275.57);
insert into STATION values (3234, '32', 3278, 472984.23, 4425912.31, 271.92);
insert into STATION values (3235, '31', 3278, 472991.38, 4425915.71, 268.56);
insert into STATION values (3236, '30', 3278, 472990.87, 4425916.78, 264.12);
insert into STATION values (3237, '29', 3278, 472993.04, 4425921.52, 261.58);
insert into STATION values (3238, '28', 3278, 472991.99, 4425922.99, 261.51);
insert into STATION values (3239, '27', 3278, 472991.79, 4425924.56, 261.29);
insert into STATION values (3240, '26', 3278, 472989.86, 4425921.76, 261.29);
insert into STATION values (3241, '25', 3278, 472991.55, 4425928.25, 258.16);
insert into STATION values (3242, '24', 3278, 472989.01, 4425929.88, 257.24);
insert into STATION values (3243, '23', 3278, 472990.07, 4425932.70, 256.54);
insert into STATION values (3244, '22', 3278, 472988.36, 4425933.52, 256.54);
insert into STATION values (3245, '21', 3278, 472986.70, 4425931.52, 255.27);
insert into STATION values (3246, '20', 3278, 472985.60, 4425933.18, 255.20);
insert into STATION values (3247, '19', 3278, 472984.58, 4425941.00, 249.05);
insert into STATION values (3248, '18', 3278, 472992.37, 4425947.40, 245.77);
insert into STATION values (3249, '17', 3278, 472993.72, 4425947.64, 242.01);
insert into STATION values (3250, '16', 3278, 472993.21, 4425959.65, 239.89);
insert into STATION values (3251, '15', 3278, 472992.31, 4425960.71, 239.82);
insert into STATION values (3252, '14', 3278, 472989.92, 4425960.70, 239.61);
insert into STATION values (3253, '13', 3278, 472989.96, 4425961.70, 239.61);
insert into STATION values (3254, '12', 3278, 472988.82, 4425962.82, 239.61);
insert into STATION values (3255, '11', 3278, 472990.11, 4425964.83, 239.40);
insert into STATION values (3256, '10', 3278, 472988.90, 4425964.12, 239.40);
insert into STATION values (3257, '9', 3278, 472991.17, 4425967.41, 239.12);
insert into STATION values (3258, '8', 3278, 472989.18, 4425969.37, 238.93);
insert into STATION values (3259, '7', 3278, 472991.86, 4425970.37, 237.28);
insert into STATION values (3260, '6', 3278, 472990.54, 4425975.14, 236.58);
insert into STATION values (3261, '5', 3278, 472990.88, 4425977.11, 236.58);
insert into STATION values (3262, '4', 3278, 472986.71, 4425976.12, 235.19);
insert into STATION values (3263, '3', 3278, 472987.80, 4425978.48, 233.69);
insert into STATION values (3264, '2', 3278, 472985.32, 4425979.89, 227.85);
insert into STATION values (3265, '1', 3278, 472987.78, 4425986.44, 226.36);
insert into STATION values (3266, '0', 3278, 472989.09, 4425987.06, 221.89);
insert into STATION values (3267, '11a', 3278, 472988.70, 4425992.86, 220.87);
insert into STATION values (3268, '12a', 3278, 472986.85, 4426000.34, 219.65);
insert into STATION values (3269, '13a', 3278, 472985.51, 4426005.77, 216.15);
insert into STATION values (3270, '14a', 3278, 472983.15, 4426004.19, 215.90);
insert into STATION values (3271, '15a', 3278, 472981.72, 4426005.53, 214.53);
insert into STATION values (3272, '16a', 3278, 472981.11, 4426009.01, 212.88);
insert into STATION values (3273, '17a', 3278, 472981.58, 4426009.79, 211.81);
insert into STATION values (3274, '18a', 3278, 472981.26, 4426011.80, 210.98);
insert into STATION values (3275, '19a', 3278, 472979.83, 4426013.29, 211.35);
insert into STATION values (3276, '110', 3278, 472981.31, 4426015.17, 211.51);
insert into STATION values (3277, '111', 3278, 472980.39, 4426017.24, 209.25);
insert into STATION values (3278, '112', 3278, 472977.41, 4426017.99, 206.39);
insert into STATION values (3279, '113', 3278, 472981.50, 4426017.34, 205.66);
insert into STATION values (3280, '114', 3278, 472973.82, 4426022.94, 204.32);
insert into STATION values (3281, '115', 3278, 472976.13, 4426023.43, 202.47);
insert into STATION values (3282, '116', 3278, 472972.22, 4426031.51, 201.85);
insert into STATION values (3283, '117', 3278, 472971.03, 4426034.48, 201.85);
insert into STATION values (3284, '118', 3278, 472966.85, 4426037.00, 194.88);
insert into STATION values (3285, '119', 3278, 472963.40, 4426037.68, 193.74);
insert into STATION values (3286, '120', 3278, 472960.30, 4426038.88, 193.03);
insert into STATION values (3287, '121', 3278, 472963.78, 4426038.32, 191.61);
insert into STATION values (3288, '122', 3278, 472957.40, 4426043.32, 189.59);
insert into STATION values (3289, '123', 3278, 472957.01, 4426045.36, 189.03);
insert into STATION values (3290, '124', 3278, 472954.56, 4426049.01, 187.86);
insert into STATION values (3291, '125', 3278, 472953.60, 4426050.16, 187.86);
insert into STATION values (3292, '126', 3278, 472950.03, 4426052.15, 186.91);
insert into STATION values (3293, '127', 3278, 472952.73, 4426052.10, 187.39);
insert into STATION values (3294, '128', 3278, 472951.36, 4426054.14, 186.95);
insert into STATION values (3295, '129', 3278, 472951.81, 4426055.68, 187.07);
insert into STATION values (3296, '130', 3278, 472950.39, 4426056.46, 186.54);
insert into STATION values (3297, '131', 3278, 472949.10, 4426058.39, 185.60);
insert into STATION values (3298, '132', 3278, 472948.69, 4426060.07, 185.36);
insert into STATION values (3299, '133', 3278, 472947.99, 4426061.33, 184.95);
insert into STATION values (3300, '134', 3278, 472948.81, 4426068.96, 186.03);
insert into STATION values (3301, '135', 3278, 472947.45, 4426071.78, 185.59);
insert into STATION values (3302, '136', 3278, 472945.43, 4426071.28, 185.29);
insert into STATION values (3303, '137', 3278, 472943.47, 4426072.04, 184.61);
insert into STATION values (3304, '138', 3278, 472945.41, 4426071.73, 184.20);
insert into STATION values (3305, '139', 3278, 472943.81, 4426073.38, 184.20);
insert into STATION values (3306, '140', 3278, 472945.60, 4426074.82, 184.00);
insert into STATION values (3307, '141', 3278, 472945.17, 4426077.55, 183.51);
insert into STATION values (3308, '142', 3278, 472946.10, 4426075.80, 183.23);
insert into STATION values (3309, '143', 3278, 472944.61, 4426080.15, 182.26);
insert into STATION values (3310, '144', 3278, 472941.35, 4426080.50, 181.91);
insert into STATION values (3311, '145', 3278, 472939.84, 4426083.89, 181.39);
insert into STATION values (3312, '146', 3278, 472943.02, 4426087.40, 180.55);
insert into STATION values (3313, '147', 3278, 472942.04, 4426088.85, 180.55);
insert into STATION values (3314, '148', 3278, 472940.52, 4426087.63, 180.55);
insert into STATION values (3315, '149', 3278, 472940.31, 4426090.79, 180.11);
insert into STATION values (3316, '150', 3278, 472932.01, 4426096.85, 176.77);
insert into STATION values (3317, '151', 3278, 472932.62, 4426102.50, 176.37);
insert into STATION values (3318, '152', 3278, 472926.36, 4426103.17, 173.44);
insert into STATION values (3319, '153', 3278, 472929.17, 4426102.87, 170.61);
insert into STATION values (3320, '154', 3278, 472924.43, 4426104.15, 168.62);
insert into STATION values (3321, '155', 3278, 472927.15, 4426104.10, 169.62);
insert into STATION values (3322, '156', 3278, 472926.76, 4426105.70, 169.62);
insert into STATION values (3323, '1001', 3278, 472926.76, 4426105.70, 165.82);
insert into STATION values (3324, '1002', 3278, 472927.06, 4426108.52, 165.21);
insert into STATION values (3325, '1003', 3278, 472929.67, 4426110.44, 164.58);
insert into STATION values (3326, '1004', 3278, 472929.55, 4426112.73, 164.42);
insert into STATION values (3327, '1005', 3278, 472927.31, 4426115.15, 164.48);
insert into STATION values (3328, '1006', 3278, 472930.64, 4426119.40, 164.29);
insert into STATION values (3329, '1007', 3278, 472933.07, 4426120.37, 163.64);
insert into STATION values (3330, '1008', 3278, 472932.19, 4426122.37, 162.22);
insert into STATION values (3331, '1009', 3278, 472929.03, 4426121.82, 160.59);
insert into STATION values (3332, '1010', 3278, 472929.04, 4426125.36, 156.51);
insert into STATION values (3333, '1011', 3278, 472928.52, 4426127.07, 156.32);
insert into STATION values (3334, '1012', 3278, 472929.89, 4426131.83, 155.09);
insert into STATION values (3335, '1013', 3278, 472929.35, 4426133.64, 154.89);
insert into STATION values (3336, '1014', 3278, 472931.07, 4426135.41, 154.54);
insert into STATION values (3337, '1015', 3278, 472930.45, 4426140.59, 153.62);
insert into STATION values (3338, '1016', 3278, 472932.07, 4426143.62, 152.96);
insert into STATION values (3339, '1017', 3278, 472929.61, 4426145.49, 152.63);
insert into STATION values (3340, '1018', 3278, 472929.49, 4426149.17, 152.37);
insert into STATION values (3341, '1019', 3278, 472930.26, 4426151.40, 151.27);
insert into STATION values (3342, '1020', 3278, 472928.08, 4426155.35, 148.12);
insert into STATION values (3343, '1021', 3278, 472928.08, 4426155.35, 149.72);
insert into STATION values (3344, '1022', 3278, 472927.19, 4426158.73, 149.66);
insert into STATION values (3345, '1023', 3278, 472928.16, 4426160.47, 149.62);
insert into STATION values (3346, '1024', 3278, 472929.52, 4426161.32, 149.62);
insert into STATION values (3347, '1025', 3278, 472927.92, 4426163.11, 149.58);
insert into STATION values (3348, '1026', 3278, 472927.34, 4426165.64, 149.58);
insert into STATION values (3349, '1027', 3278, 472925.94, 4426167.05, 149.34);
insert into STATION values (3350, '1028', 3278, 472925.39, 4426169.68, 149.06);
insert into STATION values (3351, '1029', 3278, 472924.10, 4426170.45, 149.06);
insert into STATION values (3352, '1030', 3278, 472919.20, 4426172.15, 147.95);
insert into STATION values (3353, '1031', 3278, 472917.07, 4426174.62, 146.22);
insert into STATION values (3354, '1032', 3278, 472916.82, 4426179.62, 143.09);
insert into STATION values (3355, '1033', 3278, 472918.77, 4426181.85, 142.18);
insert into STATION values (3356, '1034', 3278, 472917.99, 4426184.27, 140.59);
insert into STATION values (3357, '1035', 3278, 472917.71, 4426183.33, 140.77);
insert into STATION values (3358, '1036', 3278, 472917.73, 4426188.73, 140.67);
insert into STATION values (3359, '1037', 3278, 472915.23, 4426188.82, 140.50);
insert into STATION values (3360, '1038', 3278, 472916.51, 4426191.97, 140.44);
insert into STATION values (3361, '1039', 3278, 472915.66, 4426194.63, 140.29);
insert into STATION values (3362, '1040', 3278, 472916.57, 4426196.27, 140.03);
insert into STATION values (3363, '1041', 3278, 472915.30, 4426197.07, 140.03);
insert into STATION values (3364, '1042', 3278, 472911.64, 4426209.95, 139.56);
insert into STATION values (3365, '1042B', 3278, 472910.72, 4426199.65, 141.38);
insert into STATION values (3366, '1043', 3278, 472911.42, 4426216.81, 136.79);
insert into STATION values (3367, 'GE', 3278, 473032.21, 4425925.52, 452.44);
insert into STATION values (3368, 'G0', 3278, 473032.21, 4425925.52, 450.44);
insert into STATION values (3369, 'G1', 3278, 473035.35, 4425925.01, 445.35);
insert into STATION values (3370, 'G2', 3278, 473036.37, 4425926.46, 444.41);
insert into STATION values (3371, 'G3', 3278, 473040.56, 4425926.45, 441.69);
insert into STATION values (3372, 'G4', 3278, 473041.74, 4425927.95, 441.07);
insert into STATION values (3373, 'G5', 3278, 473043.54, 4425927.66, 440.26);
insert into STATION values (3374, 'G6', 3278, 473044.17, 4425924.89, 439.28);
insert into STATION values (3375, 'G7', 3278, 473047.87, 4425928.09, 438.24);
insert into STATION values (3376, 'G8', 3278, 473050.74, 4425928.75, 437.67);
insert into STATION values (3377, 'G9', 3278, 473050.84, 4425927.77, 437.49);
insert into STATION values (3378, 'G10', 3278, 473052.81, 4425924.59, 436.06);
insert into STATION values (3379, 'G11', 3278, 473051.47, 4425923.11, 436.10);
insert into STATION values (3380, 'G12', 3278, 473049.67, 4425922.80, 435.28);
insert into STATION values (3381, 'G13', 3278, 473049.70, 4425921.10, 434.22);
insert into STATION values (3382, 'G14', 3278, 473048.99, 4425920.17, 432.60);
insert into STATION values (3383, '0', 3286, 471149.00, 4425341.00, 412.00);
insert into STATION_FLAG values(3383, 'ent');
insert into STATION values (3384, '1', 3286, 471146.55, 4425337.14, 408.17);
insert into STATION values (3385, '2', 3286, 471144.97, 4425337.35, 407.09);
insert into STATION values (3386, '3', 3286, 471144.97, 4425337.35, 404.09);
insert into STATION values (3387, '4', 3286, 471141.70, 4425336.74, 404.09);
insert into STATION values (3388, '5', 3286, 471141.70, 4425336.74, 400.89);
insert into STATION values (3389, '6', 3286, 471139.96, 4425336.94, 401.04);
insert into STATION values (3390, '7', 3286, 471139.44, 4425338.08, 399.03);
insert into STATION values (3391, '8', 3286, 471136.30, 4425337.26, 395.67);
insert into STATION values (3392, '9', 3286, 471137.80, 4425335.08, 395.81);
insert into STATION values (3393, '10', 3286, 471135.74, 4425336.29, 394.75);
insert into STATION values (3394, '11', 3286, 471133.68, 4425335.68, 394.01);
insert into STATION values (3395, '12', 3286, 471132.89, 4425336.24, 393.75);
insert into STATION values (3396, '13', 3286, 471132.90, 4425337.21, 388.22);
insert into STATION values (3397, 'PL0', 3484, 470986.65, 4424718.59, 259.75);
insert into STATION values (3398, 'PL1', 3484, 470989.24, 4424717.31, 263.20);
insert into STATION values (3399, 'PL2', 3484, 470996.78, 4424709.74, 268.88);
insert into STATION values (3400, 'PL3', 3484, 470996.78, 4424709.74, 289.69);
insert into STATION values (3401, 'PL4', 3484, 470996.78, 4424709.74, 311.99);
insert into STATION values (3402, 'PL5', 3484, 470996.78, 4424709.74, 322.39);
insert into STATION values (3403, 'PL6', 3484, 470996.78, 4424709.74, 343.69);
insert into STATION values (3404, 'PL7', 3484, 470997.28, 4424709.00, 350.94);
insert into STATION values (3405, 'PL8', 3484, 470997.28, 4424709.00, 355.84);
insert into STATION values (3406, 'PL9', 3484, 470997.28, 4424709.00, 361.64);
insert into STATION values (3407, 'PL10', 3484, 470997.00, 4424711.00, 367.50);
insert into STATION values (3408, 'PL11', 3484, 470997.00, 4424711.00, 380.00);
insert into STATION_FLAG values(3408, 'ent');
insert into STATION values (3409, 'PLCA0', 3488, 471308.82, 4425667.52, 314.43);
insert into STATION values (3410, 'PLCA1', 3488, 471308.82, 4425667.52, 317.43);
insert into STATION values (3411, 'PLCA2', 3488, 471310.74, 4425666.96, 317.43);
insert into STATION values (3412, 'PLCA3', 3488, 471310.74, 4425666.96, 320.43);
insert into STATION values (3413, 'PLC0a', 3488, 471316.51, 4425665.30, 320.43);
insert into STATION values (3414, 'PLC0', 3488, 471316.51, 4425665.30, 327.73);
insert into STATION values (3415, 'PLC1', 3488, 471311.92, 4425665.55, 332.33);
insert into STATION values (3416, 'PLC2', 3488, 471306.67, 4425657.81, 334.49);
insert into STATION values (3417, 'PLC3', 3488, 471310.31, 4425651.20, 337.69);
insert into STATION values (3418, 'PLC4', 3488, 471315.84, 4425650.60, 354.81);
insert into STATION values (3419, 'PLC5', 3488, 471316.56, 4425651.58, 363.42);
insert into STATION values (3420, 'PLC6', 3488, 471320.52, 4425651.85, 373.25);
insert into STATION values (3421, 'PLC7', 3488, 471325.68, 4425651.20, 390.28);
insert into STATION values (3422, 'PLC8', 3488, 471314.00, 4425650.00, 386.00);
insert into STATION_FLAG values(3422, 'ent');
insert into STATION values (3423, '0', 3492, 473098.32, 4426015.06, 377.21);
insert into STATION values (3424, '1', 3492, 473114.39, 4426007.85, 388.65);
insert into STATION values (3425, '2', 3492, 473119.77, 4426006.99, 399.34);
insert into STATION values (3426, '3', 3492, 473119.77, 4426006.99, 423.34);
insert into STATION values (3427, '4', 3492, 473117.57, 4426008.54, 435.03);
insert into STATION values (3428, '5', 3492, 473117.00, 4426008.00, 444.00);
insert into STATION_FLAG values(3428, 'ent');
insert into STATION values (3429, '1.0', 3496, 473117.95, 4426383.84, 406.48);
insert into STATION values (3430, '1.1', 3496, 473114.34, 4426382.25, 407.92);
insert into STATION values (3431, '1.2', 3496, 473111.62, 4426374.82, 409.89);
insert into STATION values (3432, '1.3', 3496, 473109.75, 4426370.65, 411.65);
insert into STATION values (3433, '1.A', 3496, 473111.26, 4426366.24, 412.81);
insert into STATION values (3434, '1.B', 3496, 473110.61, 4426363.23, 414.11);
insert into STATION values (3435, '1.C', 3496, 473110.73, 4426361.41, 413.95);
insert into STATION values (3436, '1.4', 3496, 473106.50, 4426368.63, 411.98);
insert into STATION values (3437, '1.AA', 3496, 473105.92, 4426369.88, 414.47);
insert into STATION values (3438, '1.BB', 3496, 473102.33, 4426375.43, 411.11);
insert into STATION values (3439, '1.5', 3496, 473102.16, 4426366.89, 412.47);
insert into STATION values (3440, '1.6', 3496, 473102.16, 4426365.33, 412.66);
insert into STATION values (3441, '1.7', 3496, 473101.67, 4426364.48, 412.66);
insert into STATION values (3442, '1.8', 3496, 473102.87, 4426363.54, 413.28);
insert into STATION values (3443, '1.9', 3496, 473101.66, 4426362.87, 411.23);
insert into STATION values (3444, '1.10', 3496, 473099.81, 4426359.40, 411.03);
insert into STATION values (3445, '1.11', 3496, 473102.22, 4426356.89, 412.58);
insert into STATION values (3446, '1.12', 3496, 473100.57, 4426357.88, 413.20);
insert into STATION values (3447, '1.13', 3496, 473100.12, 4426353.71, 415.44);
insert into STATION values (3448, '1.14', 3496, 473100.12, 4426353.71, 423.44);
insert into STATION values (3449, '1.15', 3496, 473099.27, 4426352.89, 424.85);
insert into STATION values (3450, '1.16', 3496, 473100.24, 4426351.13, 424.12);
insert into STATION values (3451, '1.17', 3496, 473098.90, 4426349.65, 425.52);
insert into STATION values (3452, '1.18', 3496, 473099.33, 4426347.75, 425.76);
insert into STATION values (3453, '1.19', 3496, 473097.59, 4426344.75, 428.77);
insert into STATION values (3454, '1.20', 3496, 473096.03, 4426343.25, 430.18);
insert into STATION values (3455, '1.21', 3496, 473095.54, 4426340.80, 437.06);
insert into STATION values (3456, '1.22', 3496, 473092.00, 4426338.14, 439.41);
insert into STATION values (3457, '1.23', 3496, 473091.35, 4426333.62, 439.33);
insert into STATION values (3458, '1.24', 3496, 473093.10, 4426331.80, 439.60);
insert into STATION values (3459, '1.25', 3496, 473094.07, 4426328.41, 440.16);
insert into STATION values (3460, '1.26', 3496, 473097.01, 4426327.27, 439.60);
insert into STATION values (3461, '1.27', 3496, 473095.06, 4426320.54, 442.58);
insert into STATION values (3462, '1.28', 3496, 473094.31, 4426317.78, 445.06);
insert into STATION values (3463, '1.29', 3496, 473096.77, 4426315.40, 444.27);
insert into STATION values (3464, '1.30', 3496, 473095.88, 4426309.84, 443.98);
insert into STATION values (3465, '1.31', 3496, 473093.00, 4426314.00, 452.00);
insert into STATION_FLAG values(3465, 'ent');
insert into STATION values (3466, '2.0', 3496, 473140.35, 4426399.69, 398.63);
insert into STATION values (3467, '2.1', 3496, 473140.70, 4426397.34, 404.99);
insert into STATION values (3468, '2.2', 3496, 473141.83, 4426393.06, 405.54);
insert into STATION values (3469, '2.3', 3496, 473142.49, 4426391.41, 406.22);
insert into STATION values (3470, '2.4', 3496, 473141.93, 4426388.02, 405.52);
insert into STATION values (3471, '2.5', 3496, 473140.88, 4426383.29, 406.16);
insert into STATION values (3472, '2.6', 3496, 473137.90, 4426382.92, 405.23);
insert into STATION values (3473, '2.7', 3496, 473133.90, 4426384.68, 405.63);
insert into STATION values (3474, '2.8', 3496, 473133.23, 4426380.20, 405.97);
insert into STATION values (3475, '2.9', 3496, 473132.20, 4426378.61, 406.14);
insert into STATION values (3476, '2.10', 3496, 473131.35, 4426376.79, 406.14);
insert into STATION values (3477, '2.11', 3496, 473129.32, 4426378.25, 405.87);
insert into STATION values (3478, '2.12', 3496, 473129.34, 4426379.95, 405.87);
insert into STATION values (3479, '2.13', 3496, 473128.45, 4426382.84, 406.06);
insert into STATION values (3480, '2.14', 3496, 473120.93, 4426382.57, 406.12);
insert into STATION values (3481, '2.16', 3496, 473138.90, 4426401.89, 398.19);
insert into STATION values (3482, '2.17', 3496, 473139.78, 4426403.89, 398.03);
insert into STATION values (3483, '2.18', 3496, 473140.95, 4426405.35, 397.83);
insert into STATION values (3484, '2.19', 3496, 473139.46, 4426406.50, 397.84);
insert into STATION values (3485, '2.20', 3496, 473141.34, 4426407.97, 397.93);
insert into STATION values (3486, '2.21', 3496, 473140.69, 4426410.29, 397.92);
insert into STATION values (3487, '2.22', 3496, 473142.20, 4426411.35, 397.89);
insert into STATION values (3488, '2.23', 3496, 473141.14, 4426416.12, 397.45);
insert into STATION values (3489, '2.24', 3496, 473143.56, 4426416.78, 396.66);
insert into STATION values (3490, '2.25', 3496, 473145.34, 4426418.30, 396.53);
insert into STATION values (3491, '2.26', 3496, 473144.81, 4426422.26, 399.19);
insert into STATION values (3492, '2.27', 3496, 473144.34, 4426426.13, 399.44);
insert into STATION values (3493, '2.28', 3496, 473145.66, 4426427.60, 398.89);
insert into STATION values (3494, '2.29', 3496, 473145.56, 4426430.47, 398.46);
insert into STATION values (3495, '2.30', 3496, 473145.96, 4426433.86, 388.06);
insert into STATION values (3496, '2.31', 3496, 473145.58, 4426437.92, 365.88);
insert into STATION values (3497, '2.32', 3496, 473144.27, 4426446.76, 360.52);
insert into STATION values (3498, '2.33', 3496, 473145.70, 4426448.02, 354.49);
insert into STATION values (3499, '2.34', 3496, 473144.18, 4426452.47, 357.53);
insert into STATION values (3500, '3.1', 3496, 473144.24, 4426455.46, 352.54);
insert into STATION values (3501, '3.2', 3496, 473144.61, 4426459.57, 342.34);
insert into STATION values (3502, '3.3', 3496, 473141.94, 4426461.58, 338.06);
insert into STATION values (3503, '3.4', 3496, 473140.71, 4426463.11, 337.68);
insert into STATION values (3504, '3.5', 3496, 473141.19, 4426465.14, 337.31);
insert into STATION values (3505, '3.6', 3496, 473141.64, 4426466.45, 337.51);
insert into STATION values (3506, '3.7', 3496, 473142.88, 4426467.48, 336.79);
insert into STATION values (3507, '3.8', 3496, 473140.83, 4426468.36, 336.79);
insert into STATION values (3508, '3.9', 3496, 473144.43, 4426472.48, 333.76);
insert into STATION values (3509, '3.10', 3496, 473144.43, 4426472.48, 328.97);
insert into STATION values (3510, '3.11', 3496, 473146.83, 4426473.49, 329.87);
insert into STATION values (3511, '3.12', 3496, 473147.53, 4426480.00, 330.90);
insert into STATION values (3512, '3.13', 3496, 473152.54, 4426485.94, 326.60);
insert into STATION values (3513, '3.14', 3496, 473155.90, 4426485.64, 326.36);
insert into STATION values (3514, '3.15', 3496, 473156.35, 4426487.95, 325.69);
insert into STATION values (3515, '3.16', 3496, 473157.99, 4426490.89, 324.72);
insert into STATION values (3516, '3.17', 3496, 473158.57, 4426493.21, 326.28);
insert into STATION values (3517, '3.18', 3496, 473161.39, 4426497.22, 326.70);
insert into STATION values (3518, '3.19', 3496, 473161.39, 4426497.22, 321.12);
insert into STATION values (3519, '3.20', 3496, 473161.44, 4426499.42, 316.98);
insert into STATION values (3520, '3.21', 3496, 473163.52, 4426503.31, 313.54);
insert into STATION values (3521, '3.22', 3496, 473160.74, 4426507.61, 305.01);
insert into STATION values (3522, '3.23', 3496, 473160.80, 4426511.06, 299.04);
insert into STATION values (3523, '3.24', 3496, 473160.80, 4426511.06, 294.69);
insert into STATION values (3524, '3.25', 3496, 473157.37, 4426510.21, 291.15);
insert into STATION values (3525, '3.26', 3496, 473155.01, 4426510.55, 287.87);
insert into STATION values (3526, '4.1', 3496, 473155.11, 4426508.79, 288.81);
insert into STATION values (3527, '4.2', 3496, 473151.92, 4426506.17, 282.91);
insert into STATION values (3528, '4.3', 3496, 473143.62, 4426499.38, 273.91);
insert into STATION values (3529, '4.4', 3496, 473141.51, 4426500.62, 272.77);
insert into STATION values (3530, '4.5', 3496, 473138.97, 4426498.89, 269.70);
insert into STATION values (3531, '4.6', 3496, 473132.24, 4426498.38, 258.00);
insert into STATION values (3532, '4.7', 3496, 473127.99, 4426492.47, 250.72);
insert into STATION values (3533, '4.8', 3496, 473125.17, 4426487.31, 251.23);
insert into STATION values (3534, '4.9', 3496, 473125.17, 4426487.31, 248.33);
insert into STATION values (3535, '4.10', 3496, 473124.36, 4426485.16, 248.33);
insert into STATION values (3536, '4.11', 3496, 473118.11, 4426484.69, 240.87);
insert into STATION values (3537, '4.12', 3496, 473107.74, 4426483.91, 222.85);
insert into STATION values (3538, '4.13', 3496, 473107.74, 4426483.91, 219.85);
insert into STATION values (3539, '4.14', 3496, 473104.54, 4426486.21, 219.51);
insert into STATION values (3540, '4.15', 3496, 473106.99, 4426487.88, 216.54);
insert into STATION values (3541, '4.16', 3496, 473105.31, 4426490.35, 214.81);
insert into STATION values (3542, '4.17', 3496, 473107.64, 4426491.40, 213.34);
insert into STATION values (3543, '4.18', 3496, 473104.75, 4426492.49, 212.51);
insert into STATION values (3544, '4.19', 3496, 473106.50, 4426494.20, 211.62);
insert into STATION values (3545, '4.20', 3496, 473105.45, 4426495.27, 211.62);
insert into STATION values (3546, '4.21', 3496, 473107.60, 4426497.37, 206.42);
insert into STATION values (3547, '4.22', 3496, 473104.50, 4426501.90, 202.58);
insert into STATION values (3548, '4.23', 3496, 473101.27, 4426504.23, 202.93);
insert into STATION values (3549, '4.24', 3496, 473103.50, 4426505.48, 202.48);
insert into STATION values (3550, '4.25', 3496, 473102.85, 4426508.04, 202.25);
insert into STATION values (3551, '4.26', 3496, 473104.64, 4426509.79, 200.80);
insert into STATION values (3552, '4.27', 3496, 473106.18, 4426512.38, 197.79);
insert into STATION values (3553, '4.28', 3496, 473107.23, 4426516.12, 197.45);
insert into STATION values (3554, '4.29', 3496, 473104.61, 4426521.92, 189.87);
insert into STATION values (3555, '4.30', 3496, 473104.61, 4426521.92, 191.87);
insert into STATION values (3556, '4.31', 3496, 473100.76, 4426521.29, 191.73);
insert into STATION values (3557, '4.32', 3496, 473101.76, 4426524.84, 191.54);
insert into STATION values (3558, '4.33', 3496, 473103.32, 4426527.47, 191.00);
insert into STATION values (3559, '4.34', 3496, 473104.78, 4426529.50, 191.00);
insert into STATION values (3560, '4.35', 3496, 473106.84, 4426530.65, 191.42);
insert into STATION values (3561, '4.36', 3496, 473106.02, 4426532.47, 190.49);
insert into STATION values (3562, '4.37', 3496, 473103.86, 4426533.51, 190.28);
insert into STATION values (3563, '4.38', 3496, 473103.11, 4426534.86, 189.71);
insert into STATION values (3564, '4.39', 3496, 473104.74, 4426536.83, 189.26);
insert into STATION values (3565, '4.40', 3496, 473101.32, 4426537.48, 188.00);
insert into STATION values (3566, '4.41', 3496, 473103.31, 4426539.10, 188.45);
insert into STATION values (3567, '4.42', 3496, 473097.90, 4426538.31, 187.25);
insert into STATION values (3568, '4.43', 3496, 473100.13, 4426544.21, 186.14);
insert into STATION values (3569, '4.44', 3496, 473101.72, 4426544.05, 186.14);
insert into STATION values (3570, '4.45', 3496, 473099.21, 4426547.47, 178.78);
insert into STATION values (3571, '4.46', 3496, 473096.53, 4426549.40, 178.66);
insert into STATION values (3572, '4.47', 3496, 473097.54, 4426554.75, 179.43);
insert into STATION values (3573, '4.48', 3496, 473094.08, 4426564.09, 178.56);
insert into STATION values (3574, '4.49', 3496, 473097.31, 4426567.84, 179.25);
insert into STATION values (3575, '4.50', 3496, 473095.11, 4426574.13, 177.09);
insert into STATION values (3576, 'ENT_209001', 3253, 473616.00, 4425884.00, 215.00);
insert into STATION_FLAG values(3576, 'fix');
insert into STATION values (3577, 'ENT_209002', 3253, 472922.00, 4425932.00, 436.00);
insert into STATION_FLAG values(3577, 'fix');
insert into STATION values (3578, 'ENT_209003', 3253, 473027.00, 4425922.00, 428.00);
insert into STATION_FLAG values(3578, 'fix');
insert into STATION values (3579, 'ENT_209004', 3253, 473027.00, 4425450.00, 334.00);
insert into STATION_FLAG values(3579, 'fix');
insert into STATION values (3580, 'ENT_209005', 3253, 473067.00, 4425846.00, 422.00);
insert into STATION_FLAG values(3580, 'fix');
insert into STATION values (3581, 'ENT_209006', 3253, 471328.00, 4422992.00, 3.00);
insert into STATION_FLAG values(3581, 'fix');
insert into STATION values (3582, 'ENT_209007', 3253, 473527.00, 4428264.00, 195.00);
insert into STATION_FLAG values(3582, 'fix');
insert into STATION values (3583, 'ENT_209008', 3253, 473372.00, 4427993.00, 200.00);
insert into STATION_FLAG values(3583, 'fix');
insert into STATION values (3584, 'ENT_209009', 3253, 472980.00, 4428693.00, 154.00);
insert into STATION_FLAG values(3584, 'fix');
insert into STATION values (3585, 'ENT_209010', 3253, 473125.00, 4428203.00, 250.00);
insert into STATION_FLAG values(3585, 'fix');
insert into STATION values (3586, 'ENT_209011', 3253, 473050.00, 4425902.00, 445.00);
insert into STATION_FLAG values(3586, 'fix');
insert into STATION values (3587, 'ENT_209012', 3253, 473026.00, 4425860.00, 450.00);
insert into STATION_FLAG values(3587, 'fix');
insert into STATION values (3588, 'ENT_209013', 3253, 473542.00, 4426174.00, 357.00);
insert into STATION_FLAG values(3588, 'fix');
insert into STATION values (3589, 'ENT_209014', 3253, 470653.00, 4425395.00, 505.00);
insert into STATION_FLAG values(3589, 'fix');
insert into STATION values (3590, 'ENT_209015', 3253, 471149.00, 4425341.00, 412.00);
insert into STATION_FLAG values(3590, 'fix');
insert into STATION values (3591, 'ENT_209016', 3253, 470988.00, 4425143.00, 0.00);
insert into STATION_FLAG values(3591, 'fix');
insert into STATION values (3592, 'ENT_209017', 3253, 471051.00, 4425241.00, 428.00);
insert into STATION_FLAG values(3592, 'fix');
insert into STATION values (3593, 'ENT_209018', 3253, 471314.00, 4425512.00, 0.00);
insert into STATION_FLAG values(3593, 'fix');
insert into STATION values (3594, 'ENT_209019', 3253, 471049.00, 4425081.00, 413.00);
insert into STATION_FLAG values(3594, 'fix');
insert into STATION values (3595, 'ENT_209020', 3253, 470677.00, 4425348.00, 0.00);
insert into STATION_FLAG values(3595, 'fix');
insert into STATION values (3596, 'ENT_209021', 3253, 471014.00, 4425120.00, 0.00);
insert into STATION_FLAG values(3596, 'fix');
insert into STATION values (3597, 'ENT_209022', 3253, 471157.00, 4425311.00, 418.00);
insert into STATION_FLAG values(3597, 'fix');
insert into STATION values (3598, 'ENT_209023', 3253, 471349.00, 4425470.00, 0.00);
insert into STATION_FLAG values(3598, 'fix');
insert into STATION values (3599, 'ENT_209024', 3253, 471052.00, 4425189.00, 428.00);
insert into STATION_FLAG values(3599, 'fix');
insert into STATION values (3600, 'ENT_209025', 3253, 471078.00, 4425341.00, 451.00);
insert into STATION_FLAG values(3600, 'fix');
insert into STATION values (3601, 'ENT_209026', 3253, 471817.00, 4424205.00, 434.00);
insert into STATION_FLAG values(3601, 'fix');
insert into STATION values (3602, 'ENT_209027', 3253, 471827.00, 4424273.00, 433.00);
insert into STATION_FLAG values(3602, 'fix');
insert into STATION values (3603, 'ENT_209028', 3253, 471576.00, 4424536.00, 414.00);
insert into STATION_FLAG values(3603, 'fix');
insert into STATION values (3604, 'ENT_209029', 3253, 471504.00, 4425157.00, 359.00);
insert into STATION_FLAG values(3604, 'fix');
insert into STATION values (3605, 'ENT_209030', 3253, 471073.00, 4425289.00, 433.00);
insert into STATION_FLAG values(3605, 'fix');
insert into STATION values (3606, 'ENT_209031', 3253, 471511.00, 4425318.00, 347.00);
insert into STATION_FLAG values(3606, 'fix');
insert into STATION values (3607, 'ENT_209032', 3253, 471002.00, 4425391.00, 466.00);
insert into STATION_FLAG values(3607, 'fix');
insert into STATION values (3608, 'ENT_209033', 3253, 471288.00, 4425378.00, 370.00);
insert into STATION_FLAG values(3608, 'fix');
insert into STATION values (3609, 'ENT_209035', 3253, 470677.00, 4425348.00, 0.00);
insert into STATION_FLAG values(3609, 'fix');
insert into STATION values (3610, 'ENT_209036', 3253, 471001.00, 4424711.00, 351.00);
insert into STATION_FLAG values(3610, 'fix');
insert into STATION values (3611, 'ENT_209037', 3253, 470986.00, 4424781.00, 393.00);
insert into STATION_FLAG values(3611, 'fix');
insert into STATION values (3612, 'ENT_209038', 3253, 471262.00, 4425085.00, 405.00);
insert into STATION_FLAG values(3612, 'fix');
insert into STATION values (3613, 'ENT_209039', 3253, 471238.00, 4424660.00, 368.00);
insert into STATION_FLAG values(3613, 'fix');
insert into STATION values (3614, 'ENT_209040', 3253, 470997.00, 4424711.00, 380.00);
insert into STATION_FLAG values(3614, 'fix');
insert into STATION values (3615, 'ENT_209041', 3253, 471314.00, 4425650.00, 386.00);
insert into STATION_FLAG values(3615, 'fix');
insert into STATION values (3616, 'ENT_209042', 3253, 470993.00, 4424746.00, 388.00);
insert into STATION_FLAG values(3616, 'fix');
insert into STATION values (3617, 'ENT_209043', 3253, 471486.00, 4424551.00, 364.00);
insert into STATION_FLAG values(3617, 'fix');
insert into STATION values (3618, 'ENT_209044', 3253, 471388.00, 4424669.00, 392.00);
insert into STATION_FLAG values(3618, 'fix');
insert into STATION values (3619, 'CampRobertoEst', 3253, 473067.00, 4426206.00, 486.00);
insert into STATION_FLAG values(3619, 'fix');
insert into STATION values (3620, 'ENT_209045', 3253, 472851.00, 4426016.00, 578.00);
insert into STATION_FLAG values(3620, 'fix');
insert into STATION values (3621, 'ENT_209046', 3253, 472846.00, 4425985.00, 583.00);
insert into STATION_FLAG values(3621, 'fix');
insert into STATION values (3622, 'ENT_209047', 3253, 472795.00, 4425923.00, 594.00);
insert into STATION_FLAG values(3622, 'fix');
insert into STATION values (3623, 'ENT_209048', 3253, 472783.00, 4425894.00, 609.00);
insert into STATION_FLAG values(3623, 'fix');
insert into STATION values (3624, 'ENT_209049', 3253, 472772.00, 4425818.00, 588.00);
insert into STATION_FLAG values(3624, 'fix');
insert into STATION values (3625, 'ENT_209050', 3253, 472828.00, 4425970.00, 592.00);
insert into STATION_FLAG values(3625, 'fix');
insert into STATION values (3626, 'ENT_209051', 3253, 472733.00, 4425773.00, 599.00);
insert into STATION_FLAG values(3626, 'fix');
insert into STATION values (3627, 'ENT_209052', 3253, 472721.00, 4425717.00, 573.00);
insert into STATION_FLAG values(3627, 'fix');
insert into STATION values (3628, 'ENT_209053', 3253, 473117.00, 4426008.00, 444.00);
insert into STATION_FLAG values(3628, 'fix');
insert into STATION values (3629, 'ENT_209054', 3253, 472926.00, 4426115.00, 548.00);
insert into STATION_FLAG values(3629, 'fix');
insert into STATION values (3630, 'ENT_209055', 3253, 473111.00, 4426060.00, 463.00);
insert into STATION_FLAG values(3630, 'fix');
insert into STATION values (3631, 'ENT_209056', 3253, 472712.00, 4426041.00, 673.00);
insert into STATION_FLAG values(3631, 'fix');
insert into STATION values (3632, 'ENT_209057', 3253, 473106.00, 4426027.00, 449.00);
insert into STATION_FLAG values(3632, 'fix');
insert into STATION values (3633, 'ENT_209058', 3253, 473093.00, 4426314.00, 452.00);
insert into STATION_FLAG values(3633, 'fix');
insert into STATION values (3634, 'FS0', 3520, 482476.00, 4427291.00, 0.00);
insert into STATION_FLAG values(3634, 'ent');
insert into STATION values (3635, 'FS1', 3520, 482469.61, 4427290.63, -0.22);
insert into STATION values (3636, 'FS2', 3520, 482473.77, 4427299.28, -0.56);
insert into STATION values (3637, 'FS3', 3520, 482474.15, 4427311.96, -1.00);
insert into STATION values (3638, 'FS4', 3520, 482475.23, 4427315.81, -1.00);
insert into STATION values (3639, 'FS5', 3520, 482476.44, 4427317.93, -1.22);
insert into STATION values (3640, 'FSa', 3520, 482477.80, 4427296.89, -0.97);
insert into STATION values (3641, 'FSb', 3520, 482481.22, 4427294.25, -1.81);
insert into STATION values (3642, 'FSA', 3520, 482472.08, 4427298.78, -1.27);
insert into STATION values (3643, 'ENT_210001', 3518, 482476.00, 4427291.00, 0.00);
insert into STATION_FLAG values(3643, 'fix');
insert into STATION values (3644, '0', 3529, 469361.70, 4421490.30, 380.51);
insert into STATION values (3645, '1', 3529, 469366.97, 4421488.36, 381.70);
insert into STATION values (3646, 'A', 3529, 469374.45, 4421485.47, 379.70);
insert into STATION values (3647, 'B', 3529, 469361.77, 4421481.74, 379.13);
insert into STATION values (3648, '2', 3529, 469366.17, 4421489.39, 381.70);
insert into STATION values (3649, '3', 3529, 469366.17, 4421489.39, 394.94);
insert into STATION values (3650, '4', 3529, 469363.54, 4421489.12, 397.24);
insert into STATION values (3651, 'C', 3529, 469374.16, 4421480.78, 397.24);
insert into STATION values (3652, 'D', 3529, 469360.90, 4421476.80, 397.24);
insert into STATION values (3653, '5', 3529, 469363.54, 4421489.12, 409.44);
insert into STATION values (3654, '6', 3529, 469367.93, 4421491.54, 411.77);
insert into STATION values (3655, '7', 3529, 469372.46, 4421494.14, 413.17);
insert into STATION values (3656, '8', 3529, 469369.99, 4421497.09, 411.62);
insert into STATION values (3657, '9', 3529, 469370.00, 4421499.18, 411.43);
insert into STATION values (3658, '10', 3529, 469367.00, 4421504.00, 407.00);
insert into STATION values (3659, '11', 3529, 469360.42, 4421501.22, 404.40);
insert into STATION values (3660, '12', 3529, 469353.69, 4421505.96, 395.26);
insert into STATION values (3661, '13', 3529, 469346.63, 4421504.48, 390.76);
insert into STATION values (3662, '14', 3529, 469343.20, 4421503.94, 388.23);
insert into STATION values (3663, '7''', 3529, 469374.86, 4421484.82, 418.04);
insert into STATION values (3664, '8''', 3529, 469382.45, 4421482.77, 423.54);
insert into STATION values (3665, '9''', 3529, 469386.95, 4421481.80, 427.84);
insert into STATION values (3666, '10''', 3529, 469393.29, 4421479.35, 431.45);
insert into STATION_FLAG values(3666, 'ent');
insert into STATION values (3667, '25', 3529, 469333.77, 4421510.58, 352.11);
insert into STATION values (3668, '24', 3529, 469336.26, 4421510.70, 352.33);
insert into STATION values (3669, '23', 3529, 469334.20, 4421507.15, 349.66);
insert into STATION values (3670, '22', 3529, 469344.17, 4421505.72, 351.80);
insert into STATION values (3671, '21', 3529, 469347.96, 4421501.64, 354.52);
insert into STATION values (3672, '20', 3529, 469353.53, 4421500.23, 351.47);
insert into STATION values (3673, '19', 3529, 469354.81, 4421496.26, 353.15);
insert into STATION values (3674, '18', 3529, 469354.81, 4421496.26, 357.95);
insert into STATION values (3675, '17', 3529, 469352.61, 4421493.84, 361.46);
insert into STATION values (3676, '16', 3529, 469360.69, 4421491.50, 364.03);
insert into STATION values (3677, '15', 3529, 469360.69, 4421491.50, 378.18);
insert into STATION values (3678, '1.0', 3529, 469333.77, 4421510.58, 305.61);
insert into STATION values (3679, '1.1', 3529, 469328.54, 4421515.15, 302.80);
insert into STATION values (3680, '1.2', 3529, 469329.07, 4421516.48, 300.51);
insert into STATION values (3681, '1.3', 3529, 469329.07, 4421516.48, 293.51);
insert into STATION values (3682, '1.4', 3529, 469333.66, 4421517.52, 293.51);
insert into STATION values (3683, '1.5', 3529, 469335.69, 4421522.51, 287.73);
insert into STATION values (3684, '1.6', 3529, 469339.08, 4421524.70, 287.02);
insert into STATION values (3685, '1.7', 3529, 469340.10, 4421524.31, 287.02);
insert into STATION values (3686, '1.8', 3529, 469341.51, 4421525.86, 285.66);
insert into STATION values (3687, '1.9', 3529, 469342.67, 4421525.10, 284.86);
insert into STATION values (3688, '1.10', 3529, 469345.87, 4421526.20, 283.63);
insert into STATION values (3689, '1.11', 3529, 469346.70, 4421527.74, 283.19);
insert into STATION values (3690, '1.12', 3529, 469348.63, 4421529.74, 273.48);
insert into STATION values (3691, '1.13', 3529, 469352.20, 4421531.47, 268.59);
insert into STATION values (3692, '1.14', 3529, 469352.32, 4421533.11, 269.54);
insert into STATION values (3693, '1.15', 3529, 469349.76, 4421537.07, 272.15);
insert into STATION values (3694, '1.16', 3529, 469350.62, 4421538.39, 273.39);
insert into STATION values (3695, '1.17', 3529, 469350.62, 4421538.39, 257.19);
insert into STATION values (3696, '1.18', 3529, 469352.16, 4421540.95, 254.68);
insert into STATION values (3697, '1.19', 3529, 469351.62, 4421542.54, 254.38);
insert into STATION values (3698, '1.20', 3529, 469353.99, 4421543.84, 254.38);
insert into STATION values (3699, '1.21', 3529, 469353.99, 4421543.84, 251.28);
insert into STATION values (3700, '1.22', 3529, 469354.82, 4421546.72, 251.28);
insert into STATION values (3701, '1.23', 3529, 469350.98, 4421548.78, 249.52);
insert into STATION values (3702, '1.24', 3529, 469348.93, 4421557.75, 245.62);
insert into STATION values (3703, '1.25', 3529, 469346.82, 4421558.97, 248.13);
insert into STATION values (3704, '1.26', 3529, 469345.87, 4421560.71, 243.22);
insert into STATION values (3705, '1.27', 3529, 469347.20, 4421562.29, 234.26);
insert into STATION values (3706, '1.28', 3529, 469344.96, 4421570.18, 234.26);
insert into STATION values (3707, 'Per', 3533, 469512.08, 4421918.88, 187.42);
insert into STATION values (3708, 'E', 3533, 469510.00, 4421914.00, 191.00);
insert into STATION_FLAG values(3708, 'ent');
insert into STATION values (3709, '1', 3533, 469513.80, 4421914.76, 194.61);
insert into STATION values (3710, '2', 3533, 469513.80, 4421914.76, 207.11);
insert into STATION values (3711, '3', 3533, 469517.51, 4421911.16, 206.84);
insert into STATION values (3712, '4', 3533, 469519.07, 4421910.02, 208.99);
insert into STATION values (3713, '5', 3533, 469523.40, 4421907.99, 215.81);
insert into STATION values (3714, '6', 3533, 469526.96, 4421903.42, 218.77);
insert into STATION values (3715, '7', 3533, 469530.82, 4421903.41, 228.34);
insert into STATION values (3716, '8', 3533, 469532.68, 4421899.01, 225.24);
insert into STATION values (3717, '9', 3533, 469537.08, 4421898.77, 241.66);
insert into STATION values (3718, '10', 3533, 469538.43, 4421893.65, 238.84);
insert into STATION values (3719, '11', 3533, 469540.23, 4421891.71, 238.43);
insert into STATION values (3720, '12', 3533, 469539.00, 4421889.20, 238.38);
insert into STATION values (3721, '13', 3533, 469539.00, 4421889.20, 245.00);
insert into STATION values (3722, '14', 3533, 469542.44, 4421886.40, 249.14);
insert into STATION values (3723, '15', 3533, 469544.71, 4421882.10, 254.17);
insert into STATION values (3724, '16', 3533, 469542.86, 4421880.44, 255.08);
insert into STATION values (3725, '17', 3533, 469547.17, 4421875.28, 259.12);
insert into STATION values (3726, '18', 3533, 469546.56, 4421874.51, 258.91);
insert into STATION values (3727, '19', 3533, 469550.42, 4421871.14, 254.13);
insert into STATION values (3728, '20', 3533, 469551.01, 4421867.74, 255.32);
insert into STATION values (3729, '21', 3533, 469552.41, 4421864.85, 258.12);
insert into STATION values (3730, '22', 3533, 469552.41, 4421864.85, 275.12);
insert into STATION values (3731, '23', 3533, 469555.05, 4421859.86, 274.02);
insert into STATION values (3732, '24', 3533, 469558.05, 4421857.59, 272.65);
insert into STATION values (3733, '25', 3533, 469558.92, 4421853.77, 274.65);
insert into STATION values (3734, '26', 3533, 469560.16, 4421854.29, 273.78);
insert into STATION values (3735, '27', 3533, 469560.67, 4421854.07, 273.57);
insert into STATION values (3736, '28', 3533, 469562.24, 4421854.82, 272.80);
insert into STATION values (3737, '29', 3533, 469564.05, 4421853.29, 271.84);
insert into STATION values (3738, '30', 3533, 469563.33, 4421848.81, 271.68);
insert into STATION values (3739, '31', 3533, 469565.52, 4421844.48, 273.94);
insert into STATION values (3740, '32', 3533, 469568.72, 4421846.54, 275.33);
insert into STATION values (3741, '33', 3533, 469570.30, 4421844.71, 276.12);
insert into STATION values (3742, '34', 3533, 469571.66, 4421843.96, 277.16);
insert into STATION values (3743, '35', 3533, 469571.66, 4421843.96, 289.16);
insert into STATION values (3744, '36', 3533, 469572.82, 4421837.90, 292.04);
insert into STATION values (3745, '36B', 3533, 469571.94, 4421833.81, 292.40);
insert into STATION values (3746, '37', 3533, 469576.93, 4421834.68, 292.22);
insert into STATION values (3747, '38', 3533, 469576.93, 4421834.68, 304.22);
insert into STATION values (3748, '39', 3533, 469580.64, 4421829.90, 301.00);
insert into STATION values (3749, '40', 3533, 469582.60, 4421825.87, 303.00);
insert into STATION values (3750, '41', 3533, 469581.01, 4421826.04, 302.88);
insert into STATION values (3751, '42', 3533, 469581.22, 4421824.01, 303.03);
insert into STATION values (3752, '43', 3533, 469582.97, 4421822.86, 302.88);
insert into STATION values (3753, '44', 3533, 469583.58, 4421820.59, 302.42);
insert into STATION values (3754, '45', 3533, 469584.64, 4421820.53, 301.36);
insert into STATION values (3755, '46', 3533, 469586.02, 4421819.99, 301.15);
insert into STATION values (3756, '47', 3533, 469587.18, 4421820.28, 301.24);
insert into STATION values (3757, '48', 3533, 469587.36, 4421818.83, 299.83);
insert into STATION values (3758, '49', 3533, 469588.93, 4421818.88, 300.49);
insert into STATION values (3759, '50', 3533, 469591.63, 4421815.00, 302.41);
insert into STATION values (3760, '51', 3533, 469589.55, 4421810.56, 306.67);
insert into STATION values (3761, '52', 3533, 469590.03, 4421808.96, 309.34);
insert into STATION values (3762, '53', 3533, 469591.84, 4421806.46, 311.84);
insert into STATION values (3763, '54', 3533, 469591.66, 4421805.02, 312.37);
insert into STATION values (3764, '55', 3533, 469590.41, 4421803.81, 310.37);
insert into STATION values (3765, '56', 3533, 469594.30, 4421801.64, 308.00);
insert into STATION values (3766, '101', 3533, 469518.45, 4421911.84, 204.19);
insert into STATION values (3767, '102', 3533, 469519.88, 4421907.89, 203.07);
insert into STATION values (3768, '103', 3533, 469520.03, 4421903.35, 205.69);
insert into STATION values (3769, 'B', 3533, 469565.98, 4421850.42, 273.84);
insert into STATION values (3770, 'A', 3533, 469567.02, 4421848.88, 284.38);
insert into STATION values (3771, '1.1', 3533, 469591.78, 4421799.39, 309.23);
insert into STATION values (3772, '1.2', 3533, 469590.82, 4421801.20, 306.78);
insert into STATION values (3773, '1.3', 3533, 469586.63, 4421802.50, 306.47);
insert into STATION values (3774, '1.4', 3533, 469584.66, 4421799.60, 306.47);
insert into STATION values (3775, '1.5', 3533, 469584.20, 4421800.19, 303.67);
insert into STATION values (3776, '1.6', 3533, 469582.18, 4421803.71, 300.26);
insert into STATION values (3777, '1.7', 3533, 469582.18, 4421803.71, 291.46);
insert into STATION values (3778, '1.8', 3533, 469581.14, 4421806.06, 288.40);
insert into STATION values (3779, '1.9', 3533, 469579.55, 4421806.99, 285.78);
insert into STATION values (3780, '1.10', 3533, 469575.68, 4421811.79, 278.42);
insert into STATION values (3781, '1.11', 3533, 469573.12, 4421816.08, 278.42);
insert into STATION values (3782, '2.0', 3533, 469495.71, 4421947.09, 163.02);
insert into STATION values (3783, '2.1', 3533, 469497.68, 4421946.70, 163.09);
insert into STATION values (3784, '2.2', 3533, 469497.19, 4421945.02, 163.15);
insert into STATION values (3785, '2.3', 3533, 469498.47, 4421944.19, 163.23);
insert into STATION values (3786, '2.4', 3533, 469499.06, 4421942.46, 164.28);
insert into STATION values (3787, '2.5', 3533, 469501.31, 4421938.69, 166.15);
insert into STATION values (3788, '2.6', 3533, 469503.84, 4421932.98, 169.76);
insert into STATION values (3789, '2.7', 3533, 469505.02, 4421930.54, 171.32);
insert into STATION values (3790, '2.8', 3533, 469502.87, 4421930.35, 172.57);
insert into STATION values (3791, '2.9', 3533, 469503.68, 4421925.70, 175.52);
insert into STATION values (3792, '2.10', 3533, 469507.26, 4421923.27, 178.02);
insert into STATION values (3793, '2.11', 3533, 469506.46, 4421919.86, 179.96);
insert into STATION values (3794, '2.12', 3533, 469507.68, 4421918.46, 180.71);
insert into STATION values (3795, '2.13', 3533, 469506.91, 4421915.63, 182.62);
insert into STATION values (3796, '2.14', 3533, 469510.09, 4421911.39, 187.38);
insert into STATION values (3797, '2.15', 3533, 469514.60, 4421907.85, 189.14);
insert into STATION values (3798, '2.16', 3533, 469516.07, 4421905.29, 194.70);
insert into STATION values (3799, '2.17', 3533, 469520.03, 4421903.35, 198.39);
insert into STATION values (3800, '0', 3538, 470293.36, 4421566.58, 19.93);
insert into STATION values (3801, 'A', 3538, 470289.94, 4421580.42, 17.41);
insert into STATION values (3802, '1', 3538, 470295.80, 4421556.66, 30.14);
insert into STATION values (3803, '2', 3538, 470291.72, 4421542.55, 42.47);
insert into STATION values (3804, '3', 3538, 470297.08, 4421531.49, 54.76);
insert into STATION values (3805, '4', 3538, 470302.00, 4421526.00, 73.00);
insert into STATION_FLAG values(3805, 'ent');
insert into STATION values (3806, 'A1', 3538, 470288.70, 4421584.06, 14.21);
insert into STATION values (3807, 'A2', 3538, 470286.48, 4421593.02, 9.21);
insert into STATION values (3808, 'A3', 3538, 470278.99, 4421604.19, 1.51);
insert into STATION values (3809, 'A4', 3538, 470275.41, 4421612.27, -1.99);
insert into STATION values (3810, 'A5', 3538, 470269.10, 4421624.72, -11.69);
insert into STATION values (3811, 'A6', 3538, 470267.18, 4421637.08, -17.99);
insert into STATION values (3812, 'A7', 3538, 470260.11, 4421665.69, -23.59);
insert into STATION values (3813, 'B0', 3538, 470293.93, 4421569.52, 19.93);
insert into STATION values (3814, 'B1', 3538, 470295.19, 4421569.16, 17.23);
insert into STATION values (3815, 'B2', 3538, 470288.46, 4421570.48, 18.63);
insert into STATION values (3816, 'B3', 3538, 470279.14, 4421561.52, 19.93);
insert into STATION values (3817, 'B4', 3538, 470268.28, 4421543.55, 20.43);
insert into STATION values (3818, 'B5', 3538, 470261.18, 4421541.13, 20.43);
insert into STATION values (3819, 'B6', 3538, 470256.95, 4421539.68, 16.43);
insert into STATION values (3820, 'B7', 3538, 470251.86, 4421535.58, 18.93);
insert into STATION values (3821, 'B8', 3538, 470247.15, 4421536.94, 19.93);
insert into STATION values (3822, 'B9', 3538, 470251.12, 4421532.01, 22.93);
insert into STATION values (3823, 'B10', 3538, 470250.84, 4421524.27, 20.93);
insert into STATION values (3824, 'B11', 3538, 470251.59, 4421516.90, 17.93);
insert into STATION values (3825, 'B12', 3538, 470246.92, 4421513.13, 9.93);
insert into STATION values (3826, 'B13', 3538, 470243.32, 4421503.80, 9.93);
insert into STATION values (3827, '0', 3543, 470298.00, 4421336.00, 10.00);
insert into STATION_FLAG values(3827, 'ent');
insert into STATION values (3828, '1', 3543, 470293.90, 4421333.19, 10.00);
insert into STATION values (3829, '2', 3543, 470298.13, 4421327.03, 11.32);
insert into STATION values (3830, '3', 3543, 470299.39, 4421310.85, 14.18);
insert into STATION values (3831, '4', 3543, 470299.68, 4421299.45, 14.18);
insert into STATION values (3832, '5', 3543, 470298.74, 4421295.56, 14.39);
insert into STATION values (3833, '6', 3543, 470300.29, 4421289.55, 14.93);
insert into STATION values (3834, 'A0', 3543, 470299.19, 4421297.51, 14.18);
insert into STATION values (3835, 'A1', 3543, 470296.92, 4421294.91, 11.28);
insert into STATION values (3836, 'A2', 3543, 470297.16, 4421293.96, 11.48);
insert into STATION values (3837, 'A3', 3543, 470296.22, 4421290.71, 10.58);
insert into STATION values (3838, 'A4', 3543, 470294.40, 4421290.91, 9.78);
insert into STATION values (3839, 'A5', 3543, 470294.99, 4421291.11, 11.68);
insert into STATION values (3840, 'A6', 3543, 470295.39, 4421289.50, 14.18);
insert into STATION values (3841, 'A7', 3543, 470293.46, 4421279.74, 15.18);
insert into STATION values (3842, '0', 3548, 470940.00, 4420800.00, 30.00);
insert into STATION_FLAG values(3842, 'ent');
insert into STATION values (3843, '1', 3548, 470934.77, 4420807.23, 26.75);
insert into STATION values (3844, '2', 3548, 470911.17, 4420824.47, 37.39);
insert into STATION values (3845, '3', 3548, 470903.58, 4420830.01, 40.81);
insert into STATION values (3846, '4', 3548, 470903.58, 4420830.01, 35.81);
insert into STATION values (3847, '0', 3552, 469283.00, 4422857.00, 392.00);
insert into STATION_FLAG values(3847, 'ent');
insert into STATION values (3848, 'FOND', 3552, 469283.00, 4422857.00, 347.00);
insert into STATION values (3849, '0', 3572, 469813.64, 4422772.44, 254.10);
insert into STATION values (3850, '1', 3572, 469813.07, 4422766.42, 259.73);
insert into STATION values (3851, '2', 3572, 469811.53, 4422760.84, 263.49);
insert into STATION values (3852, 'a', 3572, 469809.17, 4422756.46, 261.48);
insert into STATION values (3853, '3', 3572, 469811.53, 4422760.84, 280.57);
insert into STATION values (3854, '4', 3572, 469811.53, 4422760.84, 293.07);
insert into STATION values (3855, '5', 3572, 469809.00, 4422763.00, 298.00);
insert into STATION_FLAG values(3855, 'ent');
insert into STATION values (3856, '0', 3576, 469947.47, 4422845.79, 301.58);
insert into STATION_FLAG values(3856, 'ent');
insert into STATION values (3857, '1', 3576, 469947.57, 4422843.74, 303.94);
insert into STATION values (3858, '2', 3576, 469948.88, 4422844.83, 304.77);
insert into STATION values (3859, '3', 3576, 469949.18, 4422844.01, 305.43);
insert into STATION values (3860, '4', 3576, 469948.75, 4422845.44, 307.73);
insert into STATION values (3861, '5', 3576, 469950.00, 4422849.00, 310.00);
insert into STATION values (3862, '6', 3576, 469951.18, 4422848.10, 314.86);
insert into STATION values (3863, '7', 3576, 469952.75, 4422846.39, 318.31);
insert into STATION values (3864, '8', 3576, 469952.77, 4422844.80, 326.45);
insert into STATION values (3865, '9', 3576, 469951.53, 4422838.04, 333.57);
insert into STATION values (3866, '0', 3580, 468214.00, 4423045.00, 339.00);
insert into STATION_FLAG values(3866, 'ent');
insert into STATION values (3867, '1', 3580, 468213.57, 4423050.30, 337.58);
insert into STATION values (3868, '2', 3580, 468216.07, 4423059.36, 334.16);
insert into STATION values (3869, '3', 3580, 468215.22, 4423069.95, 331.31);
insert into STATION values (3870, '4', 3580, 468222.65, 4423073.35, 329.87);
insert into STATION values (3871, '5', 3580, 468228.79, 4423081.99, 323.24);
insert into STATION values (3872, '6', 3580, 468230.15, 4423086.96, 322.52);
insert into STATION values (3873, '7', 3580, 468230.57, 4423091.32, 322.14);
insert into STATION values (3874, '8', 3580, 468234.86, 4423082.19, 322.52);
insert into STATION values (3875, '9', 3580, 468235.59, 4423073.12, 327.77);
insert into STATION values (3876, '0', 3807, 469480.77, 4422847.35, 368.97);
insert into STATION values (3877, '1', 3807, 469482.47, 4422846.95, 369.44);
insert into STATION values (3878, '1bis', 3807, 469482.47, 4422846.95, 370.44);
insert into STATION values (3879, '2', 3807, 469488.85, 4422848.03, 373.46);
insert into STATION values (3880, '3', 3807, 469491.95, 4422849.13, 372.58);
insert into STATION values (3881, '4', 3807, 469493.72, 4422846.57, 370.78);
insert into STATION values (3882, '5', 3807, 469488.08, 4422847.12, 370.17);
insert into STATION values (3883, '6', 3807, 469491.95, 4422849.13, 378.83);
insert into STATION values (3884, '7', 3807, 469493.83, 4422849.99, 379.58);
insert into STATION values (3885, '8', 3807, 469495.93, 4422846.29, 382.56);
insert into STATION values (3886, '9', 3807, 469499.00, 4422846.00, 384.00);
insert into STATION_FLAG values(3886, 'ent');
insert into STATION values (3887, '0', 3811, 467933.00, 4422916.00, 353.00);
insert into STATION_FLAG values(3887, 'ent');
insert into STATION values (3888, '1', 3811, 467938.48, 4422921.41, 356.59);
insert into STATION values (3889, '2', 3811, 467929.02, 4422918.83, 351.22);
insert into STATION values (3890, '3', 3811, 467926.33, 4422910.48, 358.00);
insert into STATION values (3891, '4', 3811, 467933.30, 4422912.25, 363.34);
insert into STATION values (3892, 'ENT_211001', 3527, 469367.00, 4421504.00, 407.00);
insert into STATION_FLAG values(3892, 'fix');
insert into STATION values (3893, 'ENT_211002', 3527, 469510.00, 4421914.00, 191.00);
insert into STATION_FLAG values(3893, 'fix');
insert into STATION values (3894, 'ENT_211003', 3527, 470302.00, 4421526.00, 73.00);
insert into STATION_FLAG values(3894, 'fix');
insert into STATION values (3895, 'ENT_211004', 3527, 470298.00, 4421336.00, 10.00);
insert into STATION_FLAG values(3895, 'fix');
insert into STATION values (3896, 'ENT_211005', 3527, 470940.00, 4420800.00, 30.00);
insert into STATION_FLAG values(3896, 'fix');
insert into STATION values (3897, 'ENT_211006', 3527, 469700.00, 4421477.00, 348.00);
insert into STATION_FLAG values(3897, 'fix');
insert into STATION values (3898, 'ENT_211007', 3527, 470451.00, 4422187.00, 192.00);
insert into STATION_FLAG values(3898, 'fix');
insert into STATION values (3899, 'ENT_211008', 3527, 469167.00, 4420570.00, 461.00);
insert into STATION_FLAG values(3899, 'fix');
insert into STATION values (3900, 'ENT_211009', 3527, 470593.00, 4421961.00, 71.00);
insert into STATION_FLAG values(3900, 'fix');
insert into STATION values (3901, 'ENT_211010', 3527, 469430.00, 4420543.00, 536.00);
insert into STATION_FLAG values(3901, 'fix');
insert into STATION values (3902, 'ENT_211011', 3527, 469163.00, 4421761.00, 310.00);
insert into STATION_FLAG values(3902, 'fix');
insert into STATION values (3903, 'ENT_211012', 3527, 468326.00, 4422439.00, 360.00);
insert into STATION_FLAG values(3903, 'fix');
insert into STATION values (3904, 'ENT_211013', 3527, 469283.00, 4422857.00, 392.00);
insert into STATION_FLAG values(3904, 'fix');
insert into STATION values (3905, 'ENT_211014', 3527, 469809.00, 4422763.00, 298.00);
insert into STATION_FLAG values(3905, 'fix');
insert into STATION values (3906, 'ENT_211015', 3527, 469950.00, 4422849.00, 310.00);
insert into STATION_FLAG values(3906, 'fix');
insert into STATION values (3907, 'ENT_211016', 3527, 469828.00, 4422922.00, 332.00);
insert into STATION_FLAG values(3907, 'fix');
insert into STATION values (3908, 'ENT_211017', 3527, 469300.00, 4422855.00, 322.00);
insert into STATION_FLAG values(3908, 'fix');
insert into STATION values (3909, 'ENT_211018', 3527, 469869.00, 4422885.00, 328.00);
insert into STATION_FLAG values(3909, 'fix');
insert into STATION values (3910, 'ENT_211019', 3527, 468214.00, 4423045.00, 339.00);
insert into STATION_FLAG values(3910, 'fix');
insert into STATION values (3911, 'ENT_211020', 3527, 469499.00, 4422846.00, 384.00);
insert into STATION_FLAG values(3911, 'fix');
insert into STATION values (3912, 'ENT_211021', 3527, 468835.00, 4422513.00, 364.00);
insert into STATION_FLAG values(3912, 'fix');
insert into STATION values (3913, 'ENT_211022', 3527, 470151.00, 4422766.00, 352.00);
insert into STATION_FLAG values(3913, 'fix');
insert into STATION values (3914, 'ENT_211023', 3527, 467933.00, 4422916.00, 353.00);
insert into STATION_FLAG values(3914, 'fix');
insert into STATION values (3915, 'ENT_211024', 3527, 468873.00, 4422340.00, 354.00);
insert into STATION_FLAG values(3915, 'fix');
insert into STATION values (3916, 'ENT_211025', 3527, 469520.00, 4422874.00, 291.00);
insert into STATION_FLAG values(3916, 'fix');
insert into STATION values (3917, 'ENT_211026', 3527, 468705.00, 4422852.00, 364.00);
insert into STATION_FLAG values(3917, 'fix');
insert into STATION values (3918, 'ENT_211027', 3527, 469418.00, 4422796.00, 294.00);
insert into STATION_FLAG values(3918, 'fix');
insert into STATION values (3919, 'ENT_211028', 3527, 469283.00, 4422170.00, 403.00);
insert into STATION_FLAG values(3919, 'fix');
insert into STATION values (3920, 'ENT_211029', 3527, 469741.00, 4422253.00, 432.00);
insert into STATION_FLAG values(3920, 'fix');
insert into STATION values (3921, 'ENT_211030', 3527, 468572.00, 4422366.00, 365.00);
insert into STATION_FLAG values(3921, 'fix');
insert into STATION values (3922, 'ENT_211031', 3527, 468805.00, 4422367.00, 374.00);
insert into STATION_FLAG values(3922, 'fix');
insert into STATION values (3923, 'ENT_211032', 3527, 470582.00, 4422455.00, 581.00);
insert into STATION_FLAG values(3923, 'fix');
insert into STATION values (3924, 'ENT_211033', 3527, 468379.00, 4422465.00, 357.00);
insert into STATION_FLAG values(3924, 'fix');
insert into STATION values (3925, 'ENT_211034', 3527, 470236.00, 4422475.00, 309.00);
insert into STATION_FLAG values(3925, 'fix');
insert into STATION values (3926, 'ENT_211035', 3527, 468258.00, 4422538.00, 415.00);
insert into STATION_FLAG values(3926, 'fix');
insert into STATION values (3927, 'ENT_211036', 3527, 470178.00, 4422545.00, 303.00);
insert into STATION_FLAG values(3927, 'fix');
insert into STATION values (3928, 'ENT_211037', 3527, 470197.00, 4422588.00, 288.00);
insert into STATION_FLAG values(3928, 'fix');
insert into STATION values (3929, 'ENT_211038', 3527, 468322.00, 4422615.00, 389.00);
insert into STATION_FLAG values(3929, 'fix');
insert into STATION values (3930, 'ENT_211039', 3527, 469821.00, 4422749.00, 298.00);
insert into STATION_FLAG values(3930, 'fix');
insert into STATION values (3931, 'ENT_211040', 3527, 469656.00, 4422828.00, 287.00);
insert into STATION_FLAG values(3931, 'fix');
insert into STATION values (3932, 'ENT_211041', 3527, 469763.00, 4422959.00, 310.00);
insert into STATION_FLAG values(3932, 'fix');
insert into STATION values (3933, 'ENT_211042', 3527, 469807.00, 4423507.00, 433.00);
insert into STATION_FLAG values(3933, 'fix');
insert into STATION values (3934, 'ENT_211043', 3527, 468573.00, 4422358.00, 332.00);
insert into STATION_FLAG values(3934, 'fix');
insert into STATION values (3935, 'ENT_211044', 3527, 467782.00, 4422983.00, 330.00);
insert into STATION_FLAG values(3935, 'fix');
insert into STATION values (3936, 'ENT_211045', 3527, 468699.00, 4422722.00, 355.00);
insert into STATION_FLAG values(3936, 'fix');
insert into STATION values (3937, 'ENT_211046', 3527, 468496.00, 4422512.00, 331.00);
insert into STATION_FLAG values(3937, 'fix');
insert into STATION values (3938, 'ENT_211047', 3527, 468516.00, 4422547.00, 0.00);
insert into STATION_FLAG values(3938, 'fix');
insert into STATION values (3939, 'ENT_211048', 3527, 468366.00, 4422459.00, 0.00);
insert into STATION_FLAG values(3939, 'fix');
insert into STATION values (3940, 'ENT_211049', 3527, 467782.00, 4422983.00, 330.00);
insert into STATION_FLAG values(3940, 'fix');
insert into STATION values (3941, 'ENT_212001', 3838, 468000.00, 4417000.00, 30.00);
insert into STATION_FLAG values(3941, 'fix');
insert into STATION values (3942, 'ENT_212002', 3838, 470651.00, 4418054.00, 294.00);
insert into STATION_FLAG values(3942, 'fix');
insert into STATION values (3943, 'ENT_212003', 3838, 470567.00, 4417883.00, 380.00);
insert into STATION_FLAG values(3943, 'fix');
insert into STATION values (3944, 'ENT_212004', 3838, 470359.00, 4417650.00, 525.00);
insert into STATION_FLAG values(3944, 'fix');
insert into STATION values (3945, 'ENT_212005', 3838, 470446.00, 4417762.00, 476.00);
insert into STATION_FLAG values(3945, 'fix');
insert into STATION values (3946, 'ENT_212006', 3838, 470679.00, 4418000.00, 340.00);
insert into STATION_FLAG values(3946, 'fix');
insert into STATION values (3947, '0', 3862, 473667.00, 4416955.00, 90.00);
insert into STATION_FLAG values(3947, 'ent');
insert into STATION values (3948, '1', 3862, 473663.53, 4416954.14, 88.70);
insert into STATION values (3949, '2', 3862, 473660.38, 4416956.44, 88.70);
insert into STATION values (3950, '3', 3862, 473655.90, 4416958.65, 87.27);
insert into STATION values (3951, '4', 3862, 473658.37, 4416954.97, 88.05);
insert into STATION values (3952, '5', 3862, 473657.97, 4416951.31, 84.96);
insert into STATION values (3953, '6', 3862, 473651.13, 4416955.44, 84.54);
insert into STATION values (3954, '7', 3862, 473648.64, 4416963.16, 82.37);
insert into STATION values (3955, '8', 3862, 473640.37, 4416963.33, 80.91);
insert into STATION values (3956, '9', 3862, 473635.06, 4416969.92, 79.42);
insert into STATION values (3957, '10', 3862, 473622.29, 4416973.14, 77.57);
insert into STATION values (3958, '11', 3862, 473623.54, 4416979.50, 75.21);
insert into STATION values (3959, '12', 3862, 473617.65, 4416983.80, 73.92);
insert into STATION values (3960, '13', 3862, 473610.43, 4416991.32, 71.13);
insert into STATION values (3961, '13''', 3862, 473614.57, 4416993.15, 70.33);
insert into STATION values (3962, '14', 3862, 473607.19, 4416998.62, 68.22);
insert into STATION values (3963, '15', 3862, 473595.59, 4417000.49, 69.25);
insert into STATION values (3964, '16', 3862, 473590.71, 4416997.69, 66.63);
insert into STATION values (3965, '20', 3862, 473654.31, 4416966.29, 80.64);
insert into STATION values (3966, '21', 3862, 473652.43, 4416973.91, 77.14);
insert into STATION values (3967, '22', 3862, 473649.86, 4416984.33, 68.14);
insert into STATION values (3968, '23', 3862, 473642.47, 4416993.50, 61.34);
insert into STATION values (3969, '24', 3862, 473639.41, 4417000.40, 56.44);
insert into STATION values (3970, '25', 3862, 473643.02, 4416992.26, 41.02);
insert into STATION values (3971, '26', 3862, 473647.48, 4416990.07, 36.38);
insert into STATION values (3972, '27', 3862, 473650.02, 4416988.83, 34.88);
insert into STATION values (3973, '28', 3862, 473654.85, 4416987.88, 28.58);
insert into STATION values (3974, '29', 3862, 473660.83, 4416990.16, 29.71);
insert into STATION values (3975, '30', 3862, 473665.97, 4416994.30, 29.71);
insert into STATION values (3976, '31', 3862, 473668.28, 4416996.51, 29.71);
insert into STATION values (3977, '32', 3862, 473670.16, 4416999.64, 36.03);
insert into STATION values (3978, '33', 3862, 473651.06, 4416988.15, 28.58);
insert into STATION values (3979, 'M400', 3862, 473596.35, 4416997.08, 70.90);
insert into STATION values (3980, 'M401', 3862, 473590.28, 4417011.12, 61.74);
insert into STATION values (3981, 'M402', 3862, 473590.28, 4417011.12, 42.74);
insert into STATION values (3982, 'M403', 3862, 473592.42, 4417016.66, 33.24);
insert into STATION values (3983, 'M404', 3862, 473592.42, 4417016.66, 23.74);
insert into STATION values (3984, 'M405', 3862, 473593.31, 4417003.49, 23.74);
insert into STATION values (3985, 'M1', 3862, 473649.50, 4416987.93, 28.72);
insert into STATION values (3986, 'M2', 3862, 473637.25, 4416999.41, 26.06);
insert into STATION values (3987, 'M3', 3862, 473629.24, 4416998.31, 24.49);
insert into STATION values (3988, 'J12', 3862, 473677.19, 4416978.36, 54.86);
insert into STATION values (3989, '_J12', 3862, 473677.19, 4416978.36, 54.86);
insert into STATION values (3990, 'M500', 3862, 473673.69, 4416982.27, 55.97);
insert into STATION values (3991, 'M501', 3862, 473668.91, 4416982.28, 53.84);
insert into STATION values (3992, 'M600', 3862, 473673.69, 4416982.27, 53.84);
insert into STATION values (3993, 'M601', 3862, 473675.79, 4416982.19, 52.95);
insert into STATION values (3994, 'M602', 3862, 473675.79, 4416982.19, 50.05);
insert into STATION values (3995, 'M603', 3862, 473676.39, 4416985.52, 49.14);
insert into STATION values (3996, 'M604', 3862, 473678.16, 4416986.54, 48.27);
insert into STATION values (3997, 'M605', 3862, 473683.00, 4416986.27, 46.70);
insert into STATION values (3998, 'M606', 3862, 473682.27, 4416988.40, 44.87);
insert into STATION values (3999, 'M502', 3862, 473663.49, 4416982.77, 55.10);
insert into STATION values (4000, 'M503', 3862, 473661.22, 4416986.28, 53.90);
insert into STATION values (4001, 'M504', 3862, 473655.33, 4416983.91, 54.68);
insert into STATION values (4002, 'M505', 3862, 473653.63, 4416983.89, 54.62);
insert into STATION values (4003, 'M506', 3862, 473650.13, 4416983.47, 51.66);
insert into STATION values (4004, 'M507', 3862, 473650.40, 4416997.17, 40.95);
insert into STATION values (4005, 'M508', 3862, 473646.57, 4416996.71, 39.31);
insert into STATION values (4006, '_24', 3862, 473641.93, 4416994.85, 46.44);
insert into STATION values (4007, 'M700', 3862, 473648.86, 4416985.92, 55.72);
insert into STATION values (4008, 'M701', 3862, 473648.26, 4416988.37, 58.15);
insert into STATION values (4009, '_32', 3862, 473681.80, 4417005.55, 33.15);
insert into STATION values (4010, 'M101', 3862, 473686.51, 4417007.63, 38.87);
insert into STATION values (4011, 'M102', 3862, 473708.02, 4417003.40, 40.79);
insert into STATION values (4012, 'M103', 3862, 473721.87, 4416998.55, 40.98);
insert into STATION values (4013, 'M104', 3862, 473736.73, 4416991.26, 42.14);
insert into STATION values (4014, 'M105', 3862, 473741.83, 4416991.60, 43.90);
insert into STATION values (4015, 'M106', 3862, 473744.30, 4416990.39, 48.31);
insert into STATION values (4016, 'M107', 3862, 473748.86, 4416994.76, 56.69);
insert into STATION values (4017, 'M108', 3862, 473749.27, 4416988.68, 62.18);
insert into STATION values (4018, 'M109', 3862, 473753.61, 4416987.43, 66.70);
insert into STATION values (4019, 'M200', 3862, 473720.41, 4416993.01, 44.03);
insert into STATION values (4020, 'M201', 3862, 473724.21, 4416986.62, 45.11);
insert into STATION values (4021, 'M202', 3862, 473725.56, 4416974.93, 47.84);
insert into STATION values (4022, '_M202', 3862, 473731.18, 4416976.78, 45.99);
insert into STATION values (4023, 'M203', 3862, 473735.93, 4416977.95, 47.97);
insert into STATION values (4024, 'M204', 3862, 473738.37, 4416974.31, 48.98);
insert into STATION values (4025, 'M205', 3862, 473741.31, 4416971.25, 51.63);
insert into STATION values (4026, 'M206', 3862, 473741.83, 4416963.57, 57.03);
insert into STATION values (4027, 'M207', 3862, 473739.11, 4416954.17, 59.10);
insert into STATION values (4028, 'M208', 3862, 473738.49, 4416958.67, 57.27);
insert into STATION values (4029, 'M209', 3862, 473733.75, 4416961.65, 58.36);
insert into STATION values (4030, 'M210', 3862, 473728.47, 4416961.94, 58.08);
insert into STATION values (4031, 'M211', 3862, 473724.04, 4416966.23, 55.07);
insert into STATION values (4032, 'M212', 3862, 473722.85, 4416973.10, 51.36);
insert into STATION values (4033, 'M213', 3862, 473725.60, 4416974.95, 48.78);
insert into STATION values (4034, 'M300', 3862, 473721.15, 4416961.63, 57.38);
insert into STATION values (4035, 'M301', 3862, 473710.93, 4416962.37, 59.56);
insert into STATION values (4036, 'M302', 3862, 473710.92, 4416957.43, 61.45);
insert into STATION values (4037, 'M303', 3862, 473702.70, 4416955.41, 64.04);
insert into STATION values (4038, 'M304', 3862, 473703.04, 4416950.36, 65.68);
insert into STATION values (4039, 'H', 3862, 473701.50, 4416950.86, 65.68);
insert into STATION values (4040, 'A', 3862, 473675.15, 4416953.10, 89.27);
insert into STATION values (4041, 'B', 3862, 473680.60, 4416947.42, 88.58);
insert into STATION values (4042, 'C', 3862, 473684.66, 4416942.57, 85.36);
insert into STATION values (4043, 'D', 3862, 473688.16, 4416943.83, 83.21);
insert into STATION values (4044, 'E', 3862, 473691.56, 4416944.80, 79.67);
insert into STATION values (4045, 'F', 3862, 473694.08, 4416944.88, 78.04);
insert into STATION values (4046, 'G', 3862, 473701.68, 4416948.25, 71.30);
insert into STATION values (4047, 'T0', 3862, 473642.04, 4416947.31, 63.01);
insert into STATION values (4048, 'T1', 3862, 473647.54, 4416952.06, 52.23);
insert into STATION values (4049, 'T2', 3862, 473649.28, 4416955.95, 48.91);
insert into STATION values (4050, 'T3', 3862, 473645.66, 4416959.10, 46.02);
insert into STATION values (4051, 'T4', 3862, 473644.23, 4416965.39, 42.60);
insert into STATION values (4052, 'T5', 3862, 473646.75, 4416967.21, 40.42);
insert into STATION values (4053, 'T6', 3862, 473652.71, 4416968.57, 37.44);
insert into STATION values (4054, 'T7', 3862, 473651.87, 4416978.34, 32.23);
insert into STATION values (4055, 'T7B', 3862, 473654.60, 4416975.87, 32.61);
insert into STATION values (4056, 'T7C', 3862, 473659.16, 4416976.74, 35.18);
insert into STATION values (4057, 'T7D', 3862, 473658.32, 4416980.14, 36.39);
insert into STATION values (4058, 'T7E', 3862, 473661.05, 4416989.57, 24.26);
insert into STATION values (4059, 'T8', 3862, 473647.90, 4416980.64, 30.82);
insert into STATION values (4060, '_M2', 3862, 473629.35, 4416989.35, 20.38);
insert into STATION values (4061, 'T9', 3862, 473650.26, 4416987.83, 32.71);
insert into STATION values (4062, 'T10', 3862, 473641.93, 4416994.85, 45.24);
insert into STATION values (4063, 'J0', 3862, 473725.63, 4416974.97, 48.76);
insert into STATION values (4064, 'J1', 3862, 473721.95, 4416969.76, 51.07);
insert into STATION values (4065, 'J2', 3862, 473719.32, 4416973.97, 51.63);
insert into STATION values (4066, 'J3', 3862, 473716.93, 4416981.35, 50.58);
insert into STATION values (4067, 'J4', 3862, 473709.68, 4416983.64, 52.12);
insert into STATION values (4068, 'J5', 3862, 473705.27, 4416983.48, 50.59);
insert into STATION values (4069, 'J6', 3862, 473702.97, 4416982.64, 52.64);
insert into STATION values (4070, 'J7', 3862, 473700.37, 4416975.57, 54.66);
insert into STATION values (4071, 'J8', 3862, 473693.67, 4416976.77, 57.01);
insert into STATION values (4072, 'J8B', 3862, 473687.40, 4416977.89, 58.71);
insert into STATION values (4073, 'J9', 3862, 473693.58, 4416979.68, 55.95);
insert into STATION values (4074, 'J9B', 3862, 473690.72, 4416986.14, 64.37);
insert into STATION values (4075, 'J10', 3862, 473688.98, 4416978.71, 56.11);
insert into STATION values (4076, 'J11', 3862, 473685.51, 4416980.73, 57.34);
insert into STATION values (4077, 'J11B', 3862, 473684.80, 4416975.78, 57.34);
insert into STATION values (4078, 'J12B', 3862, 473677.65, 4416973.85, 57.59);
insert into STATION values (4079, 'J12C', 3862, 473674.88, 4416974.65, 62.39);
insert into STATION values (4080, 'J12D', 3862, 473680.88, 4416974.74, 62.39);
insert into STATION values (4081, 'J12E', 3862, 473677.53, 4416974.51, 64.74);
insert into STATION values (4082, 'J12F', 3862, 473675.45, 4416973.68, 66.25);
insert into STATION values (4083, 'J12G', 3862, 473676.85, 4416975.12, 69.12);
insert into STATION values (4084, 'J12H', 3862, 473677.90, 4416971.16, 72.93);
insert into STATION values (4085, 'J12I', 3862, 473677.64, 4416967.57, 72.93);
insert into STATION values (4086, 'J12J', 3862, 473681.46, 4416968.51, 73.63);
insert into STATION values (4087, 'J12K', 3862, 473684.27, 4416970.69, 75.68);
insert into STATION values (4088, '_M102', 3862, 473707.98, 4417003.38, 40.81);
insert into STATION values (4089, 'J301', 3862, 473705.12, 4416992.95, 45.26);
insert into STATION values (4090, 'J302', 3862, 473702.47, 4416992.52, 46.88);
insert into STATION values (4091, 'J303', 3862, 473703.54, 4416988.81, 47.80);
insert into STATION values (4092, 'B400', 3862, 473662.69, 4416960.60, 78.40);
insert into STATION values (4093, 'B401', 3862, 473669.66, 4416959.60, 75.27);
insert into STATION values (4094, 'B401B', 3862, 473669.02, 4416950.71, 76.52);
insert into STATION values (4095, 'B401C', 3862, 473673.05, 4416949.54, 76.52);
insert into STATION values (4096, 'B402', 3862, 473670.42, 4416963.87, 74.51);
insert into STATION values (4097, 'B403', 3862, 473667.16, 4416971.98, 85.70);
insert into STATION values (4098, 'B404', 3862, 473676.18, 4416966.33, 78.14);
insert into STATION values (4099, 'B405', 3862, 473682.08, 4416966.21, 78.14);
insert into STATION values (4100, 'B406', 3862, 473685.43, 4416967.83, 78.93);
insert into STATION values (4101, 'B406B', 3862, 473689.66, 4416965.94, 80.17);
insert into STATION values (4102, 'B406C', 3862, 473692.54, 4416967.52, 82.07);
insert into STATION values (4103, 'B406D', 3862, 473695.82, 4416965.77, 84.22);
insert into STATION values (4104, 'B406E', 3862, 473698.31, 4416961.45, 86.54);
insert into STATION values (4105, 'B407', 3862, 473686.24, 4416969.55, 77.15);
insert into STATION values (4106, 'B407B', 3862, 473692.16, 4416970.48, 77.15);
insert into STATION values (4107, 'B408', 3862, 473684.66, 4416970.19, 77.06);
insert into STATION values (4108, 'B409', 3862, 473684.78, 4416971.27, 76.56);
insert into STATION values (4109, 'B410', 3862, 473684.85, 4416974.87, 76.43);
insert into STATION values (4110, 'B411', 3862, 473686.26, 4416976.43, 76.39);
insert into STATION values (4111, 'B412', 3862, 473688.71, 4416976.90, 76.35);
insert into STATION values (4112, 'B413', 3862, 473692.00, 4416980.67, 67.69);
insert into STATION values (4113, 'B420', 3862, 473679.13, 4416968.80, 74.48);
insert into STATION values (4114, 'B421', 3862, 473678.87, 4416967.90, 75.53);
insert into STATION values (4115, 'B422', 3862, 473673.75, 4416965.64, 75.53);
insert into STATION values (4116, '0', 3878, 472739.00, 4416716.00, 37.00);
insert into STATION_FLAG values(4116, 'ent');
insert into STATION values (4117, '1', 3878, 472740.68, 4416718.07, 37.62);
insert into STATION values (4118, '2', 3878, 472743.30, 4416722.58, 35.19);
insert into STATION values (4119, '3', 3878, 472747.27, 4416723.27, 34.33);
insert into STATION values (4120, '4', 3878, 472752.84, 4416722.47, 34.33);
insert into STATION values (4121, '5', 3878, 472757.65, 4416720.01, 34.42);
insert into STATION values (4122, '6', 3878, 472759.13, 4416721.29, 34.29);
insert into STATION values (4123, '7', 3878, 472762.36, 4416717.41, 34.02);
insert into STATION values (4124, '8', 3878, 472762.50, 4416714.54, 34.63);
insert into STATION values (4125, '9', 3878, 472768.28, 4416711.83, 37.08);
insert into STATION values (4126, '10', 3878, 472771.11, 4416715.32, 35.88);
insert into STATION values (4127, '11', 3878, 472773.97, 4416721.40, 33.56);
insert into STATION values (4128, '32b', 3878, 472775.97, 4416725.68, 31.94);
insert into STATION values (4129, '12', 3878, 472774.22, 4416713.62, 36.71);
insert into STATION values (4130, '13', 3878, 472772.86, 4416708.22, 39.31);
insert into STATION values (4131, '14', 3878, 472772.07, 4416697.25, 45.15);
insert into STATION values (4132, '15', 3878, 472775.76, 4416693.91, 45.50);
insert into STATION values (4133, '16', 3878, 472776.39, 4416690.26, 45.18);
insert into STATION values (4134, '17', 3878, 472776.95, 4416684.85, 48.58);
insert into STATION values (4135, '18', 3878, 472771.33, 4416683.04, 49.72);
insert into STATION values (4136, '19', 3878, 472767.35, 4416687.64, 50.15);
insert into STATION values (4137, '20', 3878, 472763.77, 4416683.82, 50.15);
insert into STATION values (4138, '21', 3878, 472758.97, 4416681.80, 51.26);
insert into STATION values (4139, '22', 3878, 472759.35, 4416676.08, 50.96);
insert into STATION values (4140, '23', 3878, 472752.71, 4416673.27, 53.02);
insert into STATION values (4141, '24', 3878, 472746.69, 4416681.61, 49.68);
insert into STATION values (4142, '25', 3878, 472747.83, 4416676.00, 52.14);
insert into STATION values (4143, '26', 3878, 472749.33, 4416661.36, 56.92);
insert into STATION values (4144, '27', 3878, 472751.59, 4416642.56, 67.85);
insert into STATION values (4145, '28', 3878, 472749.94, 4416637.20, 69.04);
insert into STATION values (4146, '29', 3878, 472755.30, 4416626.13, 73.04);
insert into STATION values (4147, 'A1', 3878, 472760.97, 4416618.30, 76.18);
insert into STATION values (4148, 'A2', 3878, 472763.25, 4416619.95, 76.68);
insert into STATION values (4149, 'A3', 3878, 472759.85, 4416621.19, 84.82);
insert into STATION values (4150, 'A4', 3878, 472762.78, 4416616.98, 98.91);
insert into STATION values (4151, '30', 3878, 472752.68, 4416618.97, 79.00);
insert into STATION values (4152, '31', 3878, 472751.44, 4416618.07, 79.88);
insert into STATION values (4153, '32', 3878, 472747.03, 4416610.48, 84.36);
insert into STATION values (4154, '33', 3878, 472746.66, 4416607.93, 85.78);
insert into STATION values (4155, '34', 3878, 472744.78, 4416604.56, 89.26);
insert into STATION values (4156, '35', 3878, 472744.13, 4416602.30, 90.67);
insert into STATION values (4157, '36', 3878, 472741.59, 4416599.68, 93.62);
insert into STATION values (4158, 'B1', 3878, 472740.98, 4416596.85, 95.97);
insert into STATION values (4159, 'B2', 3878, 472739.11, 4416594.47, 98.51);
insert into STATION values (4160, 'B3', 3878, 472739.93, 4416591.58, 100.11);
insert into STATION values (4161, 'B4', 3878, 472739.04, 4416588.26, 105.20);
insert into STATION values (4162, 'B5', 3878, 472739.50, 4416587.76, 107.96);
insert into STATION values (4163, '42', 3878, 472742.21, 4416595.67, 96.46);
insert into STATION values (4164, '37', 3878, 472745.73, 4416629.08, 71.81);
insert into STATION values (4165, '38', 3878, 472748.86, 4416638.08, 65.86);
insert into STATION values (4166, '39', 3878, 472750.21, 4416642.23, 63.54);
insert into STATION values (4167, '40', 3878, 472755.19, 4416649.57, 60.13);
insert into STATION values (4168, '41', 3878, 472754.06, 4416655.46, 60.13);
insert into STATION values (4169, 'C1', 3878, 472743.87, 4416591.53, 101.77);
insert into STATION values (4170, 'C2', 3878, 472747.28, 4416590.08, 104.67);
insert into STATION values (4171, 'C3', 3878, 472748.86, 4416587.33, 108.73);
insert into STATION values (4172, 'C4', 3878, 472746.42, 4416583.87, 112.54);
insert into STATION values (4173, 'C5', 3878, 472742.94, 4416582.47, 115.69);
insert into STATION values (4174, 'C6', 3878, 472740.78, 4416579.40, 118.83);
insert into STATION values (4175, 'C7', 3878, 472738.47, 4416580.30, 118.83);
insert into STATION values (4176, 'C8', 3878, 472738.12, 4416575.43, 122.65);
insert into STATION values (4177, 'C9', 3878, 472736.19, 4416572.69, 126.23);
insert into STATION values (4178, 'C10', 3878, 472734.70, 4416569.20, 129.00);
insert into STATION values (4179, 'C11', 3878, 472732.17, 4416567.23, 131.32);
insert into STATION values (4180, 'C12', 3878, 472731.94, 4416563.98, 135.98);
insert into STATION values (4181, '0a', 3878, 472899.97, 4416697.65, 57.02);
insert into STATION values (4182, '1a', 3878, 472902.76, 4416698.61, 56.50);
insert into STATION values (4183, '2a', 3878, 472904.27, 4416702.31, 56.36);
insert into STATION values (4184, '3a', 3878, 472901.10, 4416704.62, 55.59);
insert into STATION values (4185, '4a', 3878, 472900.43, 4416707.34, 54.52);
insert into STATION values (4186, '5a', 3878, 472899.36, 4416708.99, 54.10);
insert into STATION values (4187, '6a', 3878, 472895.20, 4416713.97, 51.48);
insert into STATION values (4188, '7a', 3878, 472893.04, 4416717.07, 50.18);
insert into STATION values (4189, '8a', 3878, 472894.04, 4416718.80, 50.35);
insert into STATION values (4190, '9a', 3878, 472895.37, 4416721.39, 49.63);
insert into STATION values (4191, '10a', 3878, 472897.83, 4416722.23, 51.13);
insert into STATION values (4192, '11a', 3878, 472900.43, 4416727.77, 54.52);
insert into STATION values (4193, '12a', 3878, 472902.09, 4416728.54, 53.71);
insert into STATION values (4194, '13a', 3878, 472904.70, 4416734.95, 49.71);
insert into STATION values (4195, '14a', 3878, 472915.99, 4416725.09, 49.71);
insert into STATION values (4196, '15a', 3878, 472892.93, 4416711.27, 54.09);
insert into STATION values (4197, '16a', 3878, 472887.76, 4416702.71, 54.09);
insert into STATION values (4198, '17a', 3878, 472878.75, 4416700.49, 57.84);
insert into STATION values (4199, '18a', 3878, 472880.89, 4416696.09, 58.88);
insert into STATION values (4200, '19a', 3878, 472888.86, 4416692.35, 60.75);
insert into STATION values (4201, '20a', 3878, 472893.53, 4416687.14, 60.75);
insert into STATION values (4202, '21a', 3878, 472897.10, 4416688.36, 61.21);
insert into STATION values (4203, '22a', 3878, 472896.74, 4416684.39, 61.63);
insert into STATION values (4204, '23a', 3878, 472895.92, 4416678.66, 63.18);
insert into STATION values (4205, '24a', 3878, 472901.98, 4416675.14, 63.18);
insert into STATION values (4206, '25a', 3878, 472899.78, 4416673.98, 64.86);
insert into STATION values (4207, '26a', 3878, 472899.72, 4416671.26, 66.13);
insert into STATION values (4208, '27a', 3878, 472882.88, 4416714.28, 50.73);
insert into STATION values (4209, '28a', 3878, 472882.14, 4416708.38, 51.56);
insert into STATION values (4210, '29a', 3878, 472879.86, 4416708.09, 53.79);
insert into STATION values (4211, '30a', 3878, 472872.50, 4416711.01, 49.08);
insert into STATION values (4212, '31a', 3878, 472870.32, 4416714.75, 46.11);
insert into STATION values (4213, '32a', 3878, 472871.41, 4416718.70, 44.73);
insert into STATION values (4214, '33a', 3878, 472874.27, 4416716.15, 45.00);
insert into STATION values (4215, '34a', 3878, 472877.75, 4416718.44, 45.14);
insert into STATION values (4216, '35a', 3878, 472868.85, 4416721.46, 43.36);
insert into STATION values (4217, '36a', 3878, 472872.96, 4416723.91, 41.90);
insert into STATION values (4218, '37a', 3878, 472849.96, 4416723.49, 43.36);
insert into STATION values (4219, '38a', 3878, 472844.61, 4416724.84, 41.01);
insert into STATION values (4220, '39a', 3878, 472838.35, 4416726.18, 38.17);
insert into STATION values (4221, '40a', 3878, 472832.67, 4416734.34, 37.12);
insert into STATION values (4222, '41a', 3878, 472817.78, 4416734.64, 35.89);
insert into STATION values (4223, '42a', 3878, 472818.43, 4416727.01, 38.22);
insert into STATION values (4224, '43a', 3878, 472818.43, 4416727.01, 37.22);
insert into STATION values (4225, '44a', 3878, 472818.75, 4416720.63, 40.07);
insert into STATION values (4226, '45a', 3878, 472814.63, 4416737.25, 33.23);
insert into STATION values (4227, '46a', 3878, 472804.90, 4416739.81, 27.14);
insert into STATION values (4228, '47a', 3878, 472795.44, 4416757.76, 21.24);
insert into STATION values (4229, '48a', 3878, 472797.28, 4416754.14, 20.64);
insert into STATION values (4230, '49a', 3878, 472800.40, 4416756.38, 20.39);
insert into STATION values (4231, '50a', 3878, 472802.17, 4416755.54, 20.59);
insert into STATION values (4232, '51a', 3878, 472802.63, 4416754.65, 21.08);
insert into STATION values (4233, '52a', 3878, 472806.56, 4416749.23, 23.68);
insert into STATION values (4234, '53a', 3878, 472813.09, 4416751.10, 24.76);
insert into STATION values (4235, '54a', 3878, 472818.77, 4416748.51, 28.14);
insert into STATION values (4236, '55a', 3878, 472820.51, 4416745.96, 28.42);
insert into STATION values (4237, '56a', 3878, 472822.30, 4416748.58, 30.46);
insert into STATION values (4238, '57a', 3878, 472824.67, 4416748.35, 30.61);
insert into STATION values (4239, '58a', 3878, 472832.46, 4416741.68, 33.93);
insert into STATION values (4240, '59a', 3878, 472834.40, 4416739.31, 34.26);
insert into STATION values (4241, '60a', 3878, 472832.70, 4416734.41, 33.96);
insert into STATION values (4242, '61a', 3878, 472831.91, 4416742.68, 33.72);
insert into STATION values (4243, '62a', 3878, 472822.26, 4416736.00, 34.32);
insert into STATION values (4244, '63a', 3878, 472819.12, 4416736.62, 31.30);
insert into STATION values (4245, '64a', 3878, 472790.46, 4416757.60, 20.80);
insert into STATION values (4246, '65a', 3878, 472786.63, 4416751.74, 20.80);
insert into STATION values (4247, '66a', 3878, 472784.04, 4416750.85, 19.58);
insert into STATION values (4248, '67a', 3878, 472782.78, 4416747.42, 21.21);
insert into STATION values (4249, '68a', 3878, 472779.80, 4416744.01, 25.15);
insert into STATION values (4250, '69a', 3878, 472779.67, 4416746.73, 23.88);
insert into STATION values (4251, '70a', 3878, 472777.73, 4416746.21, 23.88);
insert into STATION values (4252, '71a', 3878, 472775.05, 4416743.25, 23.88);
insert into STATION values (4253, '0b', 3878, 472784.04, 4416750.85, 19.58);
insert into STATION values (4254, '1b', 3878, 472783.42, 4416752.89, 18.20);
insert into STATION values (4255, '2b', 3878, 472781.52, 4416753.13, 17.46);
insert into STATION values (4256, '3b', 3878, 472780.86, 4416759.53, 13.90);
insert into STATION values (4257, '4b', 3878, 472778.78, 4416762.88, 12.91);
insert into STATION values (4258, '5b', 3878, 472780.66, 4416765.18, 12.65);
insert into STATION values (4259, '6b', 3878, 472779.61, 4416770.15, 11.58);
insert into STATION values (4260, '7b', 3878, 472773.86, 4416771.07, 10.86);
insert into STATION values (4261, '8b', 3878, 472769.72, 4416768.79, 9.94);
insert into STATION values (4262, '9b', 3878, 472767.83, 4416766.20, 11.04);
insert into STATION values (4263, '10b', 3878, 472764.83, 4416768.73, 10.14);
insert into STATION values (4264, '11b', 3878, 472763.68, 4416774.74, 8.03);
insert into STATION values (4265, '12b', 3878, 472764.51, 4416783.96, 6.40);
insert into STATION values (4266, '17b', 3878, 472770.17, 4416803.55, -4.90);
insert into STATION values (4267, '13b', 3878, 472763.50, 4416793.74, -1.00);
insert into STATION values (4268, '14b', 3878, 472761.00, 4416803.88, -1.55);
insert into STATION values (4269, '15b', 3878, 472764.57, 4416811.85, -4.73);
insert into STATION values (4270, '16b', 3878, 472753.65, 4416812.45, -7.67);
insert into STATION values (4271, '18b', 3878, 472761.42, 4416773.29, 10.22);
insert into STATION values (4272, '19b', 3878, 472762.55, 4416769.55, 10.77);
insert into STATION values (4273, '20b', 3878, 472764.82, 4416772.76, 10.77);
insert into STATION values (4274, '21b', 3878, 472767.50, 4416775.62, 9.35);
insert into STATION values (4275, '22b', 3878, 472775.05, 4416743.25, 23.88);
insert into STATION values (4276, '23b', 3878, 472770.96, 4416747.35, 17.88);
insert into STATION values (4277, '24b', 3878, 472770.19, 4416743.00, 18.66);
insert into STATION values (4278, '25b', 3878, 472773.32, 4416743.21, 19.16);
insert into STATION values (4279, '33b', 3878, 472774.39, 4416737.62, 21.01);
insert into STATION values (4280, '34b', 3878, 472773.25, 4416735.65, 23.06);
insert into STATION values (4281, '26b', 3878, 472771.61, 4416742.76, 23.54);
insert into STATION values (4282, '27b', 3878, 472772.35, 4416741.41, 27.18);
insert into STATION values (4283, '28b', 3878, 472772.26, 4416736.88, 27.81);
insert into STATION values (4284, '29b', 3878, 472772.89, 4416732.32, 29.31);
insert into STATION values (4285, '30b', 3878, 472774.43, 4416728.50, 29.81);
insert into STATION values (4286, '31b', 3878, 472775.02, 4416725.65, 31.05);
insert into STATION values (4287, '0', 3884, 472988.00, 4417752.00, 100.00);
insert into STATION_FLAG values(4287, 'ent');
insert into STATION values (4288, '1', 3884, 472978.51, 4417741.72, 111.33);
insert into STATION values (4289, '2', 3884, 472990.82, 4417736.32, 106.17);
insert into STATION values (4290, '3', 3884, 473005.41, 4417743.85, 100.19);
insert into STATION values (4291, '4', 3884, 473014.16, 4417742.97, 106.35);
insert into STATION values (4292, '5', 3884, 473020.93, 4417726.46, 109.49);
insert into STATION values (4293, '6', 3884, 473022.79, 4417724.10, 104.30);
insert into STATION values (4294, '7', 3884, 473031.39, 4417717.46, 106.02);
insert into STATION values (4295, '8', 3884, 473032.58, 4417708.16, 108.88);
insert into STATION values (4296, '9', 3884, 473017.42, 4417696.61, 121.75);
insert into STATION values (4297, '10', 3884, 473016.59, 4417692.26, 123.36);
insert into STATION values (4298, '5_1', 3884, 473013.25, 4417723.31, 117.51);
insert into STATION values (4299, '5_2', 3884, 472999.28, 4417717.57, 132.10);
insert into STATION values (4300, 'ENT_213001', 3860, 473667.00, 4416955.00, 90.00);
insert into STATION_FLAG values(4300, 'fix');
insert into STATION values (4301, 'ENT_213002', 3860, 472739.00, 4416716.00, 37.00);
insert into STATION_FLAG values(4301, 'fix');
insert into STATION values (4302, 'ENT_213003', 3860, 472988.00, 4417752.00, 100.00);
insert into STATION_FLAG values(4302, 'fix');
insert into STATION values (4303, '0', 3892, 494491.08, 4309263.57, 92.89);
insert into STATION values (4304, '1', 3892, 494491.08, 4309263.57, 86.79);
insert into STATION values (4305, '2', 3892, 494493.25, 4309265.45, 84.62);
insert into STATION values (4306, '3', 3892, 494500.01, 4309267.63, 80.01);
insert into STATION values (4307, '4', 3892, 494502.86, 4309274.00, 79.03);
insert into STATION values (4308, '4B', 3892, 494493.62, 4309274.18, 87.35);
insert into STATION values (4309, '5', 3892, 494509.60, 4309278.88, 70.11);
insert into STATION values (4310, '5B', 3892, 494515.09, 4309276.07, 68.45);
insert into STATION values (4311, '5C', 3892, 494517.81, 4309276.50, 67.40);
insert into STATION values (4312, '6', 3892, 494509.54, 4309282.75, 75.43);
insert into STATION values (4313, '7', 3892, 494509.72, 4309284.74, 75.33);
insert into STATION values (4314, '8', 3892, 494509.01, 4309286.07, 74.72);
insert into STATION values (4315, '8B', 3892, 494510.74, 4309287.27, 66.29);
insert into STATION values (4316, '9', 3892, 494505.15, 4309285.39, 99.45);
insert into STATION values (4317, '10', 3892, 494501.58, 4309284.38, 100.11);
insert into STATION values (4318, '11', 3892, 494499.01, 4309282.37, 102.75);
insert into STATION values (4319, '12', 3892, 494493.86, 4309283.01, 100.65);
insert into STATION values (4320, '13', 3892, 494490.97, 4309282.77, 100.70);
insert into STATION values (4321, '13B', 3892, 494487.68, 4309282.48, 100.76);
insert into STATION values (4322, '14', 3892, 494488.95, 4309279.90, 106.53);
insert into STATION values (4323, '14B', 3892, 494482.29, 4309278.13, 106.53);
insert into STATION values (4324, '15', 3892, 494486.27, 4309274.43, 114.33);
insert into STATION values (4325, '16', 3892, 494481.44, 4309269.08, 119.02);
insert into STATION values (4326, '17', 3892, 494479.74, 4309268.32, 123.00);
insert into STATION values (4327, '18', 3892, 494481.06, 4309265.92, 124.22);
insert into STATION values (4328, '18B', 3892, 494479.23, 4309258.65, 124.22);
insert into STATION values (4329, '19', 3892, 494480.56, 4309263.57, 126.90);
insert into STATION values (4330, '20', 3892, 494479.08, 4309262.10, 128.77);
insert into STATION values (4331, '21', 3892, 494479.08, 4309262.10, 128.77);
insert into STATION values (4332, '22', 3892, 494477.42, 4309262.04, 130.22);
insert into STATION values (4333, '23', 3892, 494476.17, 4309265.50, 132.25);
insert into STATION values (4334, '24', 3892, 494474.39, 4309263.30, 135.75);
insert into STATION values (4335, '25', 3892, 494471.27, 4309264.26, 139.93);
insert into STATION values (4336, '26', 3892, 494470.52, 4309266.02, 141.84);
insert into STATION values (4337, '27', 3892, 494461.21, 4309276.40, 140.61);
insert into STATION values (4338, '28', 3892, 494446.39, 4309274.08, 140.61);
insert into STATION values (4339, '29', 3892, 494435.69, 4309275.79, 138.70);
insert into STATION values (4340, '30', 3892, 494425.55, 4309272.32, 141.18);
insert into STATION values (4341, '31', 3892, 494421.81, 4309266.35, 143.74);
insert into STATION values (4342, '32', 3892, 494415.42, 4309262.22, 144.95);
insert into STATION values (4343, '33', 3892, 494413.79, 4309257.99, 148.24);
insert into STATION values (4344, '34', 3892, 494407.02, 4309255.54, 148.37);
insert into STATION values (4345, '35', 3892, 494401.95, 4309249.07, 151.20);
insert into STATION values (4346, '36', 3892, 494405.23, 4309248.43, 153.90);
insert into STATION values (4347, '37', 3892, 494398.00, 4309243.00, 160.00);
insert into STATION values (4348, '38', 3892, 494398.00, 4309243.00, 163.00);
insert into STATION_FLAG values(4348, 'ent');
insert into STATION values (4349, '100', 3892, 494505.15, 4309285.39, 99.45);
insert into STATION values (4350, '101', 3892, 494505.15, 4309285.39, 90.25);
insert into STATION values (4351, '102', 3892, 494512.07, 4309291.60, 90.74);
insert into STATION values (4352, '103', 3892, 494506.35, 4309294.28, 82.35);
insert into STATION values (4353, '104', 3892, 494503.98, 4309296.07, 75.68);
insert into STATION values (4354, '105', 3892, 494507.03, 4309300.25, 56.37);
insert into STATION values (4355, '106', 3892, 494514.64, 4309305.56, 50.10);
insert into STATION values (4356, '107', 3892, 494501.62, 4309295.73, 57.86);
insert into STATION values (4357, '108', 3892, 494501.58, 4309298.08, 71.53);
insert into STATION values (4358, '109', 3892, 494494.47, 4309296.19, 67.28);
insert into STATION values (4359, '110', 3892, 494491.20, 4309298.49, 60.35);
insert into STATION values (4360, '111', 3892, 494490.88, 4309298.41, 58.28);
insert into STATION values (4361, '112', 3892, 494487.40, 4309299.35, 55.94);
insert into STATION values (4362, '113', 3892, 494483.28, 4309296.48, 52.29);
insert into STATION values (4363, '114', 3892, 494487.63, 4309296.70, 42.52);
insert into STATION values (4364, '118', 3892, 494487.01, 4309300.23, 34.81);
insert into STATION values (4365, '115', 3892, 494484.13, 4309294.08, 33.12);
insert into STATION values (4366, '116', 3892, 494483.75, 4309293.05, 32.26);
insert into STATION values (4367, '117', 3892, 494486.93, 4309292.76, 27.53);
insert into STATION values (4368, '119', 3892, 494481.72, 4309301.66, 35.29);
insert into STATION values (4369, '120', 3892, 494479.98, 4309302.30, 35.69);
insert into STATION values (4370, '121', 3892, 494476.17, 4309302.64, 37.16);
insert into STATION values (4371, '122', 3892, 494474.01, 4309301.64, 38.82);
insert into STATION values (4372, '123', 3892, 494470.30, 4309300.30, 41.38);
insert into STATION values (4373, '124', 3892, 494480.15, 4309307.16, 41.38);
insert into STATION values (4374, '125', 3892, 494470.92, 4309293.13, 45.71);
insert into STATION values (4375, '0', 3896, 495399.00, 4309090.00, 20.00);
insert into STATION_FLAG values(4375, 'ent');
insert into STATION values (4376, '1', 3896, 495397.50, 4309087.28, 20.34);
insert into STATION values (4377, '2', 3896, 495396.03, 4309083.83, 18.33);
insert into STATION values (4378, '3', 3896, 495394.91, 4309080.94, 16.07);
insert into STATION values (4379, '4', 3896, 495390.90, 4309079.25, 19.35);
insert into STATION values (4380, '5', 3896, 495389.83, 4309077.55, 22.69);
insert into STATION values (4381, '6', 3896, 495384.24, 4309077.56, 28.09);
insert into STATION values (4382, '6B', 3896, 495384.24, 4309077.56, 34.09);
insert into STATION values (4383, '7', 3896, 495389.05, 4309077.27, 18.97);
insert into STATION values (4384, '8', 3896, 495385.60, 4309075.52, 18.97);
insert into STATION values (4385, '9', 3896, 495400.48, 4309074.52, 20.03);
insert into STATION values (4386, '9B', 3896, 495404.82, 4309077.22, 24.80);
insert into STATION values (4387, '10', 3896, 495403.45, 4309076.16, 17.74);
insert into STATION values (4388, '11', 3896, 495407.39, 4309073.59, 12.88);
insert into STATION values (4389, '11B', 3896, 495409.71, 4309078.33, 14.29);
insert into STATION values (4390, '11C', 3896, 495409.71, 4309078.33, 19.29);
insert into STATION values (4391, '11D', 3896, 495407.39, 4309073.59, 8.69);
insert into STATION values (4392, '12', 3896, 495407.39, 4309073.59, 14.00);
insert into STATION values (4393, '13', 3896, 495406.06, 4309067.90, 16.60);
insert into STATION values (4394, '14', 3896, 495404.33, 4309064.66, 18.63);
insert into STATION values (4395, '15', 3896, 495401.34, 4309061.10, 18.63);
insert into STATION values (4396, '16', 3896, 495400.05, 4309059.57, 18.63);
insert into STATION values (4397, '17', 3896, 495396.82, 4309072.58, 21.54);
insert into STATION values (4398, '18', 3896, 495391.30, 4309068.58, 22.86);
insert into STATION values (4399, '19', 3896, 495396.91, 4309080.24, 15.19);
insert into STATION values (4400, '20', 3896, 495400.24, 4309081.13, 14.44);
insert into STATION values (4401, '15B', 3896, 495401.34, 4309061.10, 26.63);
insert into STATION values (4402, '15C', 3896, 495390.07, 4309047.72, 36.33);
insert into STATION values (4403, '21', 3896, 495403.57, 4309082.01, 15.14);
insert into STATION values (4404, '22', 3896, 495395.12, 4309079.73, 14.03);
insert into STATION values (4405, '23', 3896, 495395.12, 4309079.73, 5.53);
insert into STATION values (4406, 'A', 3896, 495401.44, 4309092.23, 18.38);
insert into STATION values (4407, 'B', 3896, 495406.46, 4309084.00, 18.81);
insert into STATION values (4408, 'C', 3896, 495405.15, 4309082.50, 17.22);
insert into STATION values (4409, '24', 3896, 495389.35, 4309078.08, 5.63);
insert into STATION values (4410, '25', 3896, 495397.08, 4309085.38, 5.11);
insert into STATION values (4411, '0', 3900, 495075.00, 4308714.00, 253.00);
insert into STATION_FLAG values(4411, 'ent');
insert into STATION values (4412, '1', 3900, 495079.21, 4308716.83, 248.59);
insert into STATION values (4413, '2', 3900, 495088.20, 4308714.57, 243.45);
insert into STATION values (4414, '3', 3900, 495096.08, 4308707.45, 240.61);
insert into STATION values (4415, '4', 3900, 495098.34, 4308704.33, 239.50);
insert into STATION values (4416, '5', 3900, 495102.22, 4308702.91, 237.49);
insert into STATION values (4417, '6', 3900, 495101.85, 4308699.94, 236.68);
insert into STATION values (4418, '7', 3900, 495104.34, 4308695.94, 235.33);
insert into STATION values (4419, '8', 3900, 495107.59, 4308698.76, 234.02);
insert into STATION values (4420, '9', 3900, 495117.54, 4308702.36, 233.28);
insert into STATION values (4421, '10', 3900, 495119.13, 4308699.35, 232.11);
insert into STATION values (4422, '11', 3900, 495121.25, 4308698.78, 232.11);
insert into STATION values (4423, '12', 3900, 495125.12, 4308688.65, 230.97);
insert into STATION values (4424, '13', 3900, 495125.86, 4308688.29, 229.03);
insert into STATION values (4425, '14', 3900, 495126.73, 4308689.86, 229.03);
insert into STATION values (4426, '15', 3900, 495128.21, 4308689.04, 229.65);
insert into STATION values (4427, '16', 3900, 495128.21, 4308689.04, 221.70);
insert into STATION values (4428, '17', 3900, 495130.42, 4308688.40, 221.70);
insert into STATION values (4429, '18', 3900, 495127.75, 4308682.95, 221.06);
insert into STATION values (4430, '19', 3900, 495132.83, 4308678.36, 220.22);
insert into STATION values (4431, '20', 3900, 495139.38, 4308682.76, 220.22);
insert into STATION values (4432, '21', 3900, 495145.49, 4308678.63, 220.87);
insert into STATION values (4433, '22', 3900, 495145.49, 4308678.63, 220.87);
insert into STATION values (4434, 'ENT_303001', 3890, 495068.00, 4309020.00, 186.00);
insert into STATION_FLAG values(4434, 'fix');
insert into STATION values (4435, 'ENT_303002', 3890, 494398.00, 4309243.00, 163.00);
insert into STATION_FLAG values(4435, 'fix');
insert into STATION values (4436, 'ENT_303003', 3890, 495399.00, 4309090.00, 20.00);
insert into STATION_FLAG values(4436, 'fix');
insert into STATION values (4437, 'ENT_303004', 3890, 494845.00, 4308933.00, 274.00);
insert into STATION_FLAG values(4437, 'fix');
insert into STATION values (4438, 'ENT_303005', 3890, 495383.00, 4308977.00, 55.00);
insert into STATION_FLAG values(4438, 'fix');
insert into STATION values (4439, 'ENT_303006', 3890, 495075.00, 4308714.00, 253.00);
insert into STATION_FLAG values(4439, 'fix');
insert into STATION values (4440, 'ENT_303007', 3890, 494387.00, 4309486.00, 86.00);
insert into STATION_FLAG values(4440, 'fix');
insert into STATION values (4441, 'ENT_303008', 3890, 494567.00, 4309691.00, 0.00);
insert into STATION_FLAG values(4441, 'fix');
insert into STATION values (4442, 'ENT_303009', 3890, 493877.00, 4308702.00, 0.00);
insert into STATION_FLAG values(4442, 'fix');
insert into STATION values (4443, 'ENT_303010', 3890, 493877.00, 4308689.00, 0.00);
insert into STATION_FLAG values(4443, 'fix');
insert into STATION values (4444, 'ENT_303011', 3890, 493833.00, 4308577.00, 0.00);
insert into STATION_FLAG values(4444, 'fix');
insert into STATION values (4445, 'ENT_303012', 3890, 494928.00, 4309421.00, 301.00);
insert into STATION_FLAG values(4445, 'fix');
insert into STATION values (4446, 'ENT_303013', 3890, 494496.00, 4309737.00, 0.00);
insert into STATION_FLAG values(4446, 'fix');
insert into STATION values (4447, 'ENT_303014', 3890, 495472.00, 4308988.00, 21.00);
insert into STATION_FLAG values(4447, 'fix');
insert into STATION values (4448, 'ENT_303015', 3890, 494941.00, 4309441.00, 0.00);
insert into STATION_FLAG values(4448, 'fix');
insert into STATION values (4449, '0', 3908, 493001.00, 4308652.00, 330.00);
insert into STATION_FLAG values(4449, 'ent');
insert into STATION values (4450, '1', 3908, 493002.42, 4308649.12, 321.38);
insert into STATION values (4451, 'A1', 3908, 493007.02, 4308654.06, 329.71);
insert into STATION values (4452, 'A2', 3908, 493004.26, 4308652.32, 325.72);
insert into STATION values (4453, '2', 3908, 493004.77, 4308644.70, 319.57);
insert into STATION values (4454, '3', 3908, 493006.85, 4308642.63, 319.66);
insert into STATION values (4455, '4', 3908, 493007.51, 4308637.78, 309.51);
insert into STATION values (4456, '5', 3908, 493006.03, 4308634.21, 308.83);
insert into STATION values (4457, '6', 3908, 493004.63, 4308627.87, 302.23);
insert into STATION values (4458, '7', 3908, 493001.99, 4308624.97, 302.45);
insert into STATION values (4459, '8', 3908, 493002.74, 4308622.55, 294.43);
insert into STATION values (4460, '9', 3908, 492996.68, 4308620.52, 287.59);
insert into STATION values (4461, '10', 3908, 492995.41, 4308620.88, 287.38);
insert into STATION values (4462, '11', 3908, 492993.10, 4308619.38, 286.15);
insert into STATION values (4463, '12', 3908, 492991.51, 4308619.48, 285.09);
insert into STATION values (4464, '13', 3908, 492990.98, 4308618.48, 284.65);
insert into STATION values (4465, '14', 3908, 492989.75, 4308618.94, 283.87);
insert into STATION values (4466, '15', 3908, 492989.26, 4308622.86, 282.81);
insert into STATION values (4467, '16', 3908, 492986.45, 4308625.24, 280.57);
insert into STATION values (4468, '17', 3908, 492984.54, 4308627.41, 278.29);
insert into STATION values (4469, '18', 3908, 492986.57, 4308628.96, 275.01);
insert into STATION values (4470, '19', 3908, 492988.73, 4308631.10, 271.43);
insert into STATION values (4471, '20', 3908, 492986.57, 4308631.75, 265.13);
insert into STATION values (4472, '21', 3908, 492984.59, 4308634.26, 265.19);
insert into STATION values (4473, '22', 3908, 492983.55, 4308635.78, 264.93);
insert into STATION values (4474, '23', 3908, 492981.25, 4308636.68, 264.97);
insert into STATION values (4475, 'B1', 3908, 492982.24, 4308634.67, 264.17);
insert into STATION values (4476, 'B2', 3908, 492981.33, 4308633.61, 264.27);
insert into STATION values (4477, 'B3', 3908, 492983.62, 4308631.17, 269.50);
insert into STATION values (4478, 'B4', 3908, 492985.21, 4308624.73, 274.61);
insert into STATION values (4479, 'B5', 3908, 492983.17, 4308628.44, 285.24);
insert into STATION values (4480, '24', 3908, 492981.96, 4308640.87, 264.37);
insert into STATION values (4481, '25', 3908, 492979.86, 4308641.97, 261.09);
insert into STATION values (4482, '26', 3908, 492975.18, 4308642.19, 251.21);
insert into STATION values (4483, '27', 3908, 492978.96, 4308641.44, 258.22);
insert into STATION values (4484, '28', 3908, 492976.57, 4308644.13, 253.97);
insert into STATION values (4485, '29', 3908, 492976.27, 4308653.28, 252.58);
insert into STATION values (4486, '30', 3908, 493002.37, 4308623.47, 280.64);
insert into STATION values (4487, '31', 3908, 492999.03, 4308628.37, 276.49);
insert into STATION values (4488, '0', 3912, 494716.00, 4309605.00, 3.00);
insert into STATION_FLAG values(4488, 'ent');
insert into STATION values (4489, 'S1.1', 3912, 494711.81, 4309603.15, 1.00);
insert into STATION values (4490, 'S1.2', 3912, 494707.02, 4309601.96, 0.20);
insert into STATION values (4491, 'S1.3', 3912, 494706.71, 4309599.06, -0.50);
insert into STATION values (4492, 'S1.4', 3912, 494702.05, 4309582.96, -3.30);
insert into STATION values (4493, 'S1.5', 3912, 494704.59, 4309579.17, -7.20);
insert into STATION values (4494, 'S1.6', 3912, 494697.19, 4309581.31, -16.40);
insert into STATION values (4495, 'S1.7', 3912, 494694.22, 4309583.90, -15.70);
insert into STATION values (4496, 'S1.8', 3912, 494685.97, 4309591.11, -8.70);
insert into STATION values (4497, 'S1.9.', 3912, 494679.76, 4309598.81, -3.90);
insert into STATION values (4498, 'S1.10', 3912, 494676.90, 4309600.54, -1.70);
insert into STATION values (4499, 'S1.11', 3912, 494674.32, 4309600.82, -0.20);
insert into STATION values (4500, 'S1.12', 3912, 494669.76, 4309603.05, 3.00);
insert into STATION values (4501, '1', 3912, 494671.53, 4309607.65, 3.87);
insert into STATION values (4502, '2', 3912, 494671.69, 4309615.52, 5.26);
insert into STATION values (4503, '3', 3912, 494671.02, 4309625.38, 5.53);
insert into STATION values (4504, '4', 3912, 494662.18, 4309631.19, 7.10);
insert into STATION values (4505, 'D1', 3912, 494665.65, 4309634.77, 6.33);
insert into STATION values (4506, 'D2', 3912, 494661.91, 4309635.60, 5.80);
insert into STATION values (4507, 'D3', 3912, 494656.90, 4309638.15, 7.68);
insert into STATION values (4508, 'D4', 3912, 494653.17, 4309639.11, 6.23);
insert into STATION values (4509, '5', 3912, 494656.20, 4309635.54, 10.39);
insert into STATION values (4510, '6', 3912, 494651.29, 4309634.14, 9.28);
insert into STATION values (4511, '7', 3912, 494647.79, 4309630.93, 7.68);
insert into STATION values (4512, '8', 3912, 494646.47, 4309629.87, 7.88);
insert into STATION values (4513, 'E1', 3912, 494644.29, 4309626.34, 3.35);
insert into STATION values (4514, '9', 3912, 494645.71, 4309623.92, 8.64);
insert into STATION values (4515, '10', 3912, 494643.70, 4309621.07, 7.46);
insert into STATION values (4516, '11', 3912, 494641.25, 4309613.88, 4.25);
insert into STATION values (4517, 'F1', 3912, 494646.18, 4309620.84, 5.32);
insert into STATION values (4518, 'F2', 3912, 494643.96, 4309617.47, 6.80);
insert into STATION values (4519, 'F3', 3912, 494642.39, 4309611.99, 5.24);
insert into STATION values (4520, 'F4', 3912, 494641.05, 4309612.70, 3.86);
insert into STATION values (4521, 'G1', 3912, 494666.79, 4309622.17, 6.88);
insert into STATION values (4522, 'G2', 3912, 494662.59, 4309619.28, 7.68);
insert into STATION values (4523, 'G3', 3912, 494658.01, 4309610.69, 7.26);
insert into STATION values (4524, 'G4', 3912, 494648.33, 4309607.84, 7.51);
insert into STATION values (4525, 'G5', 3912, 494643.67, 4309606.88, 15.18);
insert into STATION values (4526, 'S2.0', 3912, 494674.06, 4309585.61, 1.90);
insert into STATION values (4527, 'S2.1', 3912, 494675.66, 4309583.23, 1.00);
insert into STATION values (4528, 'S2.2', 3912, 494680.50, 4309578.20, -2.90);
insert into STATION values (4529, 'S2.3', 3912, 494682.48, 4309573.72, -1.90);
insert into STATION values (4530, 'S2.4', 3912, 494684.81, 4309568.46, -3.60);
insert into STATION values (4531, 'S2.5', 3912, 494683.73, 4309570.41, -1.60);
insert into STATION values (4532, 'S2.6', 3912, 494676.44, 4309569.28, 1.50);
insert into STATION values (4533, 'S2.7', 3912, 494675.53, 4309570.23, 3.00);
insert into STATION values (4534, 'S2.8', 3912, 494665.58, 4309571.30, 3.00);
insert into STATION values (4535, 'ENTREE', 3912, 494745.31, 4309597.29, 6.44);
insert into STATION values (4536, 'xr_1', 3912, 494743.37, 4309597.66, 4.52);
insert into STATION values (4537, 'xr_2', 3912, 494740.48, 4309597.44, 3.41);
insert into STATION values (4538, 'xr_3', 3912, 494718.14, 4309608.62, 4.29);
insert into STATION values (4539, 'xr_4', 3912, 494710.70, 4309613.95, 7.80);
insert into STATION values (4540, 'xr_6', 3912, 494718.60, 4309604.50, 4.36);
insert into STATION values (4541, 'xr_7', 3912, 494722.10, 4309596.79, 7.95);
insert into STATION values (4542, 'xr_8', 3912, 494723.75, 4309594.78, 8.00);
insert into STATION values (4543, 'xr_9', 3912, 494721.56, 4309591.92, 4.98);
insert into STATION values (4544, 'xr_10', 3912, 494725.33, 4309587.79, 5.08);
insert into STATION values (4545, 'xr_11', 3912, 494730.66, 4309580.57, 7.31);
insert into STATION values (4546, 'xr_12', 3912, 494729.62, 4309589.19, 8.85);
insert into STATION values (4547, 'xr_13', 3912, 494731.93, 4309586.75, 9.62);
insert into STATION values (4548, 'xr_14', 3912, 494732.86, 4309583.59, 9.68);
insert into STATION values (4549, 'xr_15', 3912, 494724.14, 4309607.72, 7.79);
insert into STATION values (4550, 'xr_16', 3912, 494740.46, 4309600.24, 6.53);
insert into STATION values (4551, 'xr_17', 3912, 494745.07, 4309600.13, 4.42);
insert into STATION values (4552, 'xr_18', 3912, 494739.31, 4309604.10, 4.42);
insert into STATION values (4553, '100', 3921, 493519.00, 4304030.00, 545.00);
insert into STATION_FLAG values(4553, 'ent');
insert into STATION values (4554, '101', 3921, 493519.00, 4304030.00, 540.00);
insert into STATION values (4555, '102', 3921, 493509.12, 4304029.67, 509.57);
insert into STATION values (4556, '200', 3921, 493509.12, 4304029.67, 509.57);
insert into STATION values (4557, '201', 3921, 493503.68, 4304044.69, 497.53);
insert into STATION values (4558, '202', 3921, 493498.72, 4304058.38, 486.95);
insert into STATION values (4559, '203', 3921, 493496.59, 4304067.69, 476.71);
insert into STATION values (4560, '204', 3921, 493503.09, 4304073.73, 467.20);
insert into STATION values (4561, '205', 3921, 493503.10, 4304079.02, 464.39);
insert into STATION values (4562, '206', 3921, 493503.10, 4304079.02, 459.39);
insert into STATION values (4563, '207', 3921, 493493.88, 4304093.26, 448.79);
insert into STATION values (4564, '208', 3921, 493494.17, 4304107.89, 435.15);
insert into STATION values (4565, '209', 3921, 493487.96, 4304121.26, 424.82);
insert into STATION values (4566, '210', 3921, 493486.14, 4304128.10, 417.75);
insert into STATION values (4567, '211', 3921, 493486.14, 4304128.10, 408.75);
insert into STATION values (4568, '212', 3921, 493486.50, 4304130.97, 407.98);
insert into STATION values (4569, '213', 3921, 493486.50, 4304130.97, 399.98);
insert into STATION values (4570, '214', 3921, 493483.19, 4304133.76, 397.48);
insert into STATION values (4571, '215', 3921, 493478.00, 4304139.97, 393.53);
insert into STATION values (4572, '216', 3921, 493479.46, 4304142.21, 390.56);
insert into STATION values (4573, '217', 3921, 493480.38, 4304141.82, 390.56);
insert into STATION values (4574, '218', 3921, 493480.38, 4304141.82, 383.56);
insert into STATION values (4575, '219', 3921, 493488.56, 4304141.37, 377.82);
insert into STATION values (4576, '220', 3921, 493503.76, 4304140.02, 368.28);
insert into STATION values (4577, '221', 3921, 493500.08, 4304153.87, 355.82);
insert into STATION values (4578, '222', 3921, 493498.25, 4304158.92, 351.32);
insert into STATION values (4579, '223', 3921, 493498.25, 4304158.92, 348.32);
insert into STATION values (4580, '301', 3921, 493470.72, 4304168.78, 296.40);
insert into STATION values (4581, '300', 3921, 493471.27, 4304178.81, 285.26);
insert into STATION values (4582, '302', 3921, 493474.53, 4304161.89, 302.56);
insert into STATION values (4583, '303', 3921, 493474.24, 4304160.38, 303.84);
insert into STATION values (4584, '304', 3921, 493475.56, 4304156.92, 309.78);
insert into STATION values (4585, '305', 3921, 493479.89, 4304157.44, 316.49);
insert into STATION values (4586, '306', 3921, 493483.56, 4304158.15, 325.76);
insert into STATION values (4587, '307', 3921, 493491.27, 4304156.07, 340.77);
insert into STATION values (4588, '308', 3921, 493497.27, 4304158.73, 348.32);
insert into STATION values (4589, '309', 3921, 493498.25, 4304158.92, 348.32);
insert into STATION values (4590, '400', 3921, 493471.27, 4304178.81, 285.26);
insert into STATION values (4591, '401', 3921, 493466.52, 4304179.65, 275.37);
insert into STATION values (4592, '402', 3921, 493466.52, 4304179.65, 255.37);
insert into STATION values (4593, '403', 3921, 493464.16, 4304181.50, 255.37);
insert into STATION values (4594, '404', 3921, 493464.16, 4304181.50, 234.37);
insert into STATION values (4595, '405', 3921, 493462.93, 4304183.08, 234.37);
insert into STATION values (4596, '406', 3921, 493462.93, 4304183.08, 225.37);
insert into STATION values (4597, '407', 3921, 493458.51, 4304195.30, 225.82);
insert into STATION values (4598, '408', 3921, 493454.91, 4304208.82, 225.33);
insert into STATION values (4599, '409', 3921, 493459.65, 4304221.77, 213.76);
insert into STATION values (4600, '410', 3921, 493460.14, 4304230.75, 213.45);
insert into STATION values (4601, '411', 3921, 493462.82, 4304241.42, 213.45);
insert into STATION values (4602, '500', 3921, 493459.65, 4304221.77, 213.76);
insert into STATION values (4603, '501', 3921, 493460.77, 4304218.99, 213.61);
insert into STATION values (4604, '502', 3921, 493464.10, 4304217.83, 211.73);
insert into STATION values (4605, '503', 3921, 493466.08, 4304217.66, 211.45);
insert into STATION values (4606, '504', 3921, 493472.81, 4304230.81, 208.85);
insert into STATION values (4607, '505', 3921, 493471.26, 4304239.67, 208.85);
insert into STATION values (4608, '506', 3921, 493469.46, 4304244.65, 211.66);
insert into STATION values (4609, '507', 3921, 493466.14, 4304249.41, 210.11);
insert into STATION values (4610, '508', 3921, 493466.01, 4304257.86, 207.03);
insert into STATION values (4611, '509', 3921, 493466.23, 4304263.84, 207.55);
insert into STATION values (4612, '510', 3921, 493467.92, 4304267.46, 207.62);
insert into STATION values (4613, '511', 3921, 493468.61, 4304272.98, 205.38);
insert into STATION values (4614, '512', 3921, 493466.32, 4304276.26, 205.24);
insert into STATION values (4615, '513', 3921, 493466.85, 4304279.20, 204.98);
insert into STATION values (4616, '514', 3921, 493465.68, 4304280.19, 206.26);
insert into STATION values (4617, '515', 3921, 493461.85, 4304281.01, 205.43);
insert into STATION values (4618, '516', 3921, 493460.21, 4304288.78, 204.45);
insert into STATION values (4619, '517', 3921, 493460.54, 4304292.39, 206.14);
insert into STATION values (4620, '518', 3921, 493463.77, 4304294.64, 205.45);
insert into STATION values (4621, '601', 3921, 493449.99, 4304383.55, 187.48);
insert into STATION values (4622, '600', 3921, 493448.38, 4304391.88, 179.00);
insert into STATION values (4623, '602', 3921, 493451.90, 4304369.78, 193.10);
insert into STATION values (4624, '603', 3921, 493452.50, 4304362.81, 192.86);
insert into STATION values (4625, '604', 3921, 493454.50, 4304354.71, 196.23);
insert into STATION values (4626, '605', 3921, 493460.96, 4304333.45, 202.18);
insert into STATION values (4627, '606', 3921, 493457.18, 4304321.18, 204.22);
insert into STATION values (4628, '607', 3921, 493457.93, 4304310.21, 204.60);
insert into STATION values (4629, '608', 3921, 493461.31, 4304305.36, 205.64);
insert into STATION values (4630, '609', 3921, 493463.77, 4304294.64, 205.45);
insert into STATION values (4631, '0', 3928, 492409.00, 4307605.00, 212.00);
insert into STATION_FLAG values(4631, 'ent');
insert into STATION values (4632, '1', 3928, 492412.52, 4307602.53, 214.69);
insert into STATION values (4633, '2', 3928, 492415.34, 4307598.33, 219.41);
insert into STATION values (4634, '3', 3928, 492422.39, 4307587.84, 236.18);
insert into STATION values (4635, '4', 3928, 492422.38, 4307583.59, 237.64);
insert into STATION values (4636, '5', 3928, 492422.38, 4307583.59, 237.64);
insert into STATION values (4637, '6', 3928, 492420.57, 4307577.32, 239.15);
insert into STATION values (4638, '7', 3928, 492421.10, 4307572.23, 245.46);
insert into STATION values (4639, '8', 3928, 492424.07, 4307567.63, 248.76);
insert into STATION values (4640, '9', 3928, 492424.70, 4307581.50, 237.37);
insert into STATION values (4641, '10', 3928, 492423.70, 4307578.78, 264.94);
insert into STATION values (4642, '11', 3928, 492423.18, 4307581.23, 276.75);
insert into STATION values (4643, '12', 3928, 492422.80, 4307583.65, 279.56);
insert into STATION values (4644, 'ENT_304001', 3906, 493130.00, 4308331.00, 399.00);
insert into STATION_FLAG values(4644, 'fix');
insert into STATION values (4645, 'ENT_304002', 3906, 493244.00, 4309199.00, 315.00);
insert into STATION_FLAG values(4645, 'fix');
insert into STATION values (4646, 'ENT_304003', 3906, 493001.00, 4308652.00, 330.00);
insert into STATION_FLAG values(4646, 'fix');
insert into STATION values (4647, 'ENT_304004', 3906, 494716.00, 4309605.00, 3.00);
insert into STATION_FLAG values(4647, 'fix');
insert into STATION values (4648, 'ENT_304005', 3906, 493342.00, 4308357.00, 484.00);
insert into STATION_FLAG values(4648, 'fix');
insert into STATION values (4649, 'ENT_304006', 3906, 493337.00, 4308329.00, 488.00);
insert into STATION_FLAG values(4649, 'fix');
insert into STATION values (4650, 'ENT_304007', 3906, 492238.00, 4307919.00, 544.00);
insert into STATION_FLAG values(4650, 'fix');
insert into STATION values (4651, 'ENT_304008', 3906, 493149.00, 4307944.00, 533.00);
insert into STATION_FLAG values(4651, 'fix');
insert into STATION values (4652, 'ENT_304009', 3906, 493139.00, 4307904.00, 533.00);
insert into STATION_FLAG values(4652, 'fix');
insert into STATION values (4653, 'ENT_304010', 3906, 493149.00, 4307879.00, 522.00);
insert into STATION_FLAG values(4653, 'fix');
insert into STATION values (4654, 'ENT_304011', 3906, 492835.00, 4307760.00, 386.00);
insert into STATION_FLAG values(4654, 'fix');
insert into STATION values (4655, 'ENT_304012', 3906, 492741.00, 4307760.00, 372.00);
insert into STATION_FLAG values(4655, 'fix');
insert into STATION values (4656, 'ENT_304013', 3906, 492538.00, 4307322.00, 344.00);
insert into STATION_FLAG values(4656, 'fix');
insert into STATION values (4657, 'ENT_304014', 3906, 492549.00, 4307305.00, 0.00);
insert into STATION_FLAG values(4657, 'fix');
insert into STATION values (4658, 'ENT_304015', 3906, 493740.00, 4308750.00, 0.00);
insert into STATION_FLAG values(4658, 'fix');
insert into STATION values (4659, 'ENT_304016', 3906, 493735.00, 4308575.00, 0.00);
insert into STATION_FLAG values(4659, 'fix');
insert into STATION values (4660, 'ENT_304017', 3906, 493488.00, 4308749.00, 0.00);
insert into STATION_FLAG values(4660, 'fix');
insert into STATION values (4661, 'ENT_304018', 3906, 493487.00, 4308761.00, 0.00);
insert into STATION_FLAG values(4661, 'fix');
insert into STATION values (4662, 'ENT_304019', 3906, 493354.00, 4308416.00, 0.00);
insert into STATION_FLAG values(4662, 'fix');
insert into STATION values (4663, 'ENT_304020', 3906, 493378.00, 4308649.00, 0.00);
insert into STATION_FLAG values(4663, 'fix');
insert into STATION values (4664, 'ENT_304021', 3906, 493345.00, 4308371.00, 483.00);
insert into STATION_FLAG values(4664, 'fix');
insert into STATION values (4665, 'ENT_304022', 3906, 492718.00, 4307932.00, 358.00);
insert into STATION_FLAG values(4665, 'fix');
insert into STATION values (4666, 'ENT_304023', 3906, 494209.00, 4303537.00, 438.00);
insert into STATION_FLAG values(4666, 'fix');
insert into STATION values (4667, 'ENT_304024', 3906, 494247.00, 4303396.00, 412.00);
insert into STATION_FLAG values(4667, 'fix');
insert into STATION values (4668, 'ENT_304025', 3906, 492630.00, 4307395.00, 325.00);
insert into STATION_FLAG values(4668, 'fix');
insert into STATION values (4669, 'ENT_304026', 3906, 492811.00, 4307523.00, 387.00);
insert into STATION_FLAG values(4669, 'fix');
insert into STATION values (4670, 'ENT_304027', 3906, 492811.00, 4307523.00, 387.00);
insert into STATION_FLAG values(4670, 'fix');
insert into STATION values (4671, 'ENT_304028', 3906, 492744.00, 4307438.00, 368.00);
insert into STATION_FLAG values(4671, 'fix');
insert into STATION values (4672, 'ENT_304029', 3906, 492791.00, 4307449.00, 380.00);
insert into STATION_FLAG values(4672, 'fix');
insert into STATION values (4673, 'ENT_304030', 3906, 493519.00, 4304030.00, 545.00);
insert into STATION_FLAG values(4673, 'fix');
insert into STATION values (4674, 'ENT_304031', 3906, 493402.00, 4304216.00, 562.00);
insert into STATION_FLAG values(4674, 'fix');
insert into STATION values (4675, 'ENT_304032', 3906, 493524.00, 4304050.00, 554.00);
insert into STATION_FLAG values(4675, 'fix');
insert into STATION values (4676, 'ENT_304033', 3906, 493405.00, 4304223.00, 557.00);
insert into STATION_FLAG values(4676, 'fix');
insert into STATION values (4677, 'ENT_304034', 3906, 493434.00, 4304074.00, 54.00);
insert into STATION_FLAG values(4677, 'fix');
insert into STATION values (4678, 'ENT_304035', 3906, 492079.00, 4310722.00, 0.00);
insert into STATION_FLAG values(4678, 'fix');
insert into STATION values (4679, 'ENT_304036', 3906, 492861.00, 4307876.00, 399.00);
insert into STATION_FLAG values(4679, 'fix');
insert into STATION values (4680, 'ENT_304037', 3906, 494155.00, 4303338.00, 407.00);
insert into STATION_FLAG values(4680, 'fix');
insert into STATION values (4681, 'ENT_304038', 3906, 492564.00, 4307349.00, 347.00);
insert into STATION_FLAG values(4681, 'fix');
insert into STATION values (4682, 'ENT_304039', 3906, 491290.00, 4307597.00, 230.00);
insert into STATION_FLAG values(4682, 'fix');
insert into STATION values (4683, 'ENT_304040', 3906, 490540.00, 4306695.00, 106.00);
insert into STATION_FLAG values(4683, 'fix');
insert into STATION values (4684, 'ENT_304041', 3906, 492249.00, 4307720.00, 65.00);
insert into STATION_FLAG values(4684, 'fix');
insert into STATION values (4685, 'ENT_304042', 3906, 492261.00, 4307711.00, 95.00);
insert into STATION_FLAG values(4685, 'fix');
insert into STATION values (4686, 'ENT_304043', 3906, 490540.00, 4306695.00, 106.00);
insert into STATION_FLAG values(4686, 'fix');
insert into STATION values (4687, 'ENT_304044', 3906, 490470.00, 4306552.00, 101.00);
insert into STATION_FLAG values(4687, 'fix');
insert into STATION values (4688, 'ENT_304045', 3906, 491049.00, 4307630.00, 250.00);
insert into STATION_FLAG values(4688, 'fix');
insert into STATION values (4689, 'ENT_304046', 3906, 491165.00, 4307597.00, 0.00);
insert into STATION_FLAG values(4689, 'fix');
insert into STATION values (4690, 'ENT_304047', 3906, 492098.00, 4306813.00, 276.00);
insert into STATION_FLAG values(4690, 'fix');
insert into STATION values (4691, 'ENT_304048', 3906, 492226.00, 4306784.00, 260.00);
insert into STATION_FLAG values(4691, 'fix');
insert into STATION values (4692, 'ENT_304049', 3906, 492134.00, 4306635.00, 258.00);
insert into STATION_FLAG values(4692, 'fix');
insert into STATION values (4693, 'ENT_304050', 3906, 491671.00, 4306206.00, 299.00);
insert into STATION_FLAG values(4693, 'fix');
insert into STATION values (4694, 'ENT_304051', 3906, 491307.00, 4306156.00, 259.00);
insert into STATION_FLAG values(4694, 'fix');
insert into STATION values (4695, 'ENT_304052', 3906, 491808.00, 4306374.00, 291.00);
insert into STATION_FLAG values(4695, 'fix');
insert into STATION values (4696, 'ENT_304053', 3906, 493210.00, 4307750.00, 456.00);
insert into STATION_FLAG values(4696, 'fix');
insert into STATION values (4697, 'ENT_304054', 3906, 492409.00, 4307605.00, 212.00);
insert into STATION_FLAG values(4697, 'fix');
insert into STATION values (4698, 'ENT_304055', 3906, 492487.00, 4307678.00, 229.00);
insert into STATION_FLAG values(4698, 'fix');
insert into STATION values (4699, 'ENT_304056', 3906, 492484.00, 4307639.00, 224.00);
insert into STATION_FLAG values(4699, 'fix');
insert into STATION values (4700, 'ENT_304057', 3906, 492637.00, 4307761.00, 300.00);
insert into STATION_FLAG values(4700, 'fix');
insert into STATION values (4701, 'ENT_304058', 3906, 493722.00, 4308518.00, 482.00);
insert into STATION_FLAG values(4701, 'fix');
insert into STATION values (4702, 'ENT_401001', 3936, 577225.00, 4604263.00, 0.00);
insert into STATION_FLAG values(4702, 'fix');
insert into STATION values (4703, 'ENT_401002', 3936, 577141.00, 4603383.00, 0.00);
insert into STATION_FLAG values(4703, 'fix');
insert into STATION values (4704, 'ENT_401003', 3936, 577289.00, 4604031.00, 122.00);
insert into STATION_FLAG values(4704, 'fix');
insert into STATION values (4705, 'ENT_401004', 3936, 577528.00, 4603955.00, 0.00);
insert into STATION_FLAG values(4705, 'fix');
insert into STATION values (4706, 'ENT_401005', 3936, 577555.00, 4603901.00, 0.00);
insert into STATION_FLAG values(4706, 'fix');
insert into STATION values (4707, 'ENT_401006', 3936, 576150.00, 4598655.00, 250.00);
insert into STATION_FLAG values(4707, 'fix');
insert into STATION values (4708, 'ENT_401007', 3936, 576183.00, 4600809.00, 0.00);
insert into STATION_FLAG values(4708, 'fix');
insert into STATION values (4709, 'ENT_401008', 3936, 576064.00, 4600782.00, 0.00);
insert into STATION_FLAG values(4709, 'fix');
insert into STATION values (4710, 'ENT_401009', 3936, 575588.00, 4601180.00, 0.00);
insert into STATION_FLAG values(4710, 'fix');
insert into STATION values (4711, 'ENT_401010', 3936, 575786.00, 4601270.00, 0.00);
insert into STATION_FLAG values(4711, 'fix');
insert into STATION values (4712, 'ENT_401011', 3936, 575977.00, 4601227.00, 0.00);
insert into STATION_FLAG values(4712, 'fix');
insert into STATION values (4713, 'ENT_401012', 3936, 575925.00, 4601038.00, 0.00);
insert into STATION_FLAG values(4713, 'fix');
insert into STATION values (4714, 'ENT_401013', 3936, 576005.00, 4597166.00, 0.00);
insert into STATION_FLAG values(4714, 'fix');
insert into STATION values (4715, 'ENT_401014', 3936, 577950.00, 4597074.00, 0.00);
insert into STATION_FLAG values(4715, 'fix');
insert into STATION values (4716, 'ENT_401015', 3936, 578009.00, 4597133.00, 0.00);
insert into STATION_FLAG values(4716, 'fix');
insert into STATION values (4717, 'ENT_401016', 3936, 576724.00, 4597385.00, 0.00);
insert into STATION_FLAG values(4717, 'fix');
insert into STATION values (4718, 'ENT_401017', 3936, 575986.00, 4597099.00, 0.00);
insert into STATION_FLAG values(4718, 'fix');
insert into STATION values (4719, 'ENT_401018', 3936, 575384.00, 4601618.00, 48.00);
insert into STATION_FLAG values(4719, 'fix');
insert into STATION values (4720, 'ENT_401019', 3936, 575379.00, 4601714.00, 36.00);
insert into STATION_FLAG values(4720, 'fix');
insert into STATION values (4721, 'ENT_401020', 3936, 575465.00, 4601707.00, 58.00);
insert into STATION_FLAG values(4721, 'fix');
insert into STATION values (4722, 'ENT_401021', 3936, 575691.00, 4601178.00, 0.00);
insert into STATION_FLAG values(4722, 'fix');
insert into STATION values (4723, '607', 2976, 473693.76, 4428223.41, 66.23);
insert into STATION values (4724, 'PerteDesLobos', 3527, 467782.00, 4422983.00, 330.00);
