create table SURVEY (ID integer, PARENT_ID integer, NAME varchar(51), FULL_NAME varchar(45), TITLE varchar(59));
create table CENTRELINE (ID integer, SURVEY_ID integer, TITLE varchar(4), TOPO_DATE date, EXPLO_DATE date, LENGTH real, SURFACE_LENGTH real, DUPLICATE_LENGTH real);
create table PERSON (ID integer, NAME varchar(7), SURNAME varchar(11));
create table EXPLO (PERSON_ID integer, CENTRELINE_ID integer);
create table TOPO (PERSON_ID integer, CENTRELINE_ID integer);
create table STATION (ID integer, NAME varchar(16), SURVEY_ID integer, X real, Y real, Z real);
create table STATION_FLAG (STATION_ID integer, FLAG char(3));
create table SHOT (ID integer, FROM_ID integer, TO_ID integer, CENTRELINE_ID integer, LENGTH real, BEARING real, GRADIENT real, ADJ_LENGTH real, ADJ_BEARING real, ADJ_GRADIENT real, ERR_LENGTH real, ERR_BEARING real, ERR_GRADIENT real);
create table SHOT_FLAG (SHOT_ID integer, FLAG char(3));
create table MAPS (ID integer, SURVEY_ID integer, NAME varchar(51), TITLE varchar(59), PROJID integer, LENGTH real, DEPTH real);
create table SCRAPS (ID integer, SURVEY_ID integer, NAME varchar(51), PROJID integer, MAX_DISTORTION real, AVG_DISTORTION real);
create table MAPITEMS (ID integer, TYPE integer, ITEMID integer);
insert into SURVEY values (1, 0, '', '', NULL);
 insert into CENTRELINE values (2, 1, NULL, NULL, NULL, 0.00, 0.00, 0.00);
 insert into SURVEY values (22, 1, 'UltimaPatagonia', 'UltimaPatagonia', NULL);
 insert into CENTRELINE values (23, 22, NULL, NULL, NULL, 0.00, 0.00, 0.00);
 insert into SURVEY values (24, 22, '101', '101.UltimaPatagonia', '101 MDD Nord Ouest');
 insert into CENTRELINE values (25, 24, NULL, NULL, NULL, 0.00, 0.00, 0.00);
 insert into CENTRELINE values (26, 24, NULL, NULL, NULL, 0.00, 0.00, 0.00);
 insert into SURVEY values (28, 22, '102', '102.UltimaPatagonia', '102 Trininad');
 insert into CENTRELINE values (29, 28, NULL, NULL, NULL, 0.00, 0.00, 0.00);
 insert into CENTRELINE values (30, 28, NULL, NULL, NULL, 0.00, 0.00, 0.00);
 insert into SURVEY values (32, 22, '104', '104.UltimaPatagonia', '104 Resurgence Ouest');
 insert into CENTRELINE values (33, 32, NULL, NULL, NULL, 0.00, 0.00, 0.00);
 insert into CENTRELINE values (34, 32, NULL, NULL, NULL, 0.00, 0.00, 0.00);
 insert into SURVEY values (36, 22, '105', '105.UltimaPatagonia', '105 Grand Lac');
 insert into CENTRELINE values (37, 36, NULL, NULL, NULL, 0.00, 0.00, 0.00);
 insert into CENTRELINE values (38, 36, NULL, NULL, NULL, 0.00, 0.00, 0.00);
 insert into SURVEY values (40, 22, '106', '106.UltimaPatagonia', '106 Seno Egg');
 insert into CENTRELINE values (41, 40, NULL, NULL, NULL, 0.00, 0.00, 0.00);
 insert into SURVEY values (42, 40, 'HaciendasSalinas', 'HaciendasSalinas.106.UltimaPatagonia', 'Haciendas Salinas');
 insert into CENTRELINE values (43, 42, NULL, NULL, NULL, 0.00, 0.00, 0.00);
 insert into SCRAPS values (44, 42, 'muddyhollows-p', 1, 0.98070, 0.02020);
 insert into SCRAPS values (146, 42, 'stalchamber-p', 1, 0.57534, 0.01971);
 insert into SCRAPS values (254, 42, 'waterworld-p', 1, 0.26994, 0.01625);
 insert into SCRAPS values (329, 42, 'entrance-p', 1, 39.30326, 9.52606);
 insert into SCRAPS values (464, 42, 'whiterhino-p', 1, 30.40748, 0.02163);
 insert into SCRAPS values (530, 42, 'DELETE-ME-survey-legs-DUPLICATE_haciendas_salinas-p', 1, 0.00000, 0.00000);
 insert into SCRAPS values (692, 42, 'sumpofdoom-p', 1, 3.07203, 0.04072);
 insert into SCRAPS values (736, 42, 'DUPLICATE_haciendas_salinas-1p', 1, 0.00000, 0.00000);
 insert into MAPS values (739, 42, 'm-all-p', NULL, 1, 1364.240, -88.370);
 insert into MAPITEMS values (739, 4, 329);
 insert into MAPITEMS values (739, 4, 692);
 insert into MAPITEMS values (739, 4, 44);
 insert into MAPITEMS values (739, 4, 464);
 insert into MAPITEMS values (739, 4, 146);
 insert into MAPITEMS values (739, 4, 254);
 insert into SURVEY values (740, 42, 'a', 'a.HaciendasSalinas.106.UltimaPatagonia', NULL);
 insert into CENTRELINE values (741, 740, NULL, NULL, NULL, 0.00, 0.00, 0.00);
 insert into CENTRELINE values (742, 740, NULL, '2008-04-06', NULL, 383.09, 0.00, 0.00);
 insert into PERSON values (1, 'Tim', 'Guilford');
insert into TOPO values (1, 742);
 insert into PERSON values (2, 'Simon', 'Headford');
insert into TOPO values (2, 742);
 insert into PERSON values (3, 'Lou', 'Maurice');
insert into TOPO values (3, 742);
 insert into SHOT values (1, 8, 9, 742, 8.670, 136.18, 2.00, 8.566, 135.99, 1.00, 0.185, 332.06, -55.62);
insert into SHOT values (2, 10, 8, 742, 13.910, 186.18, 37.00, 13.803, 187.38, 36.81, 0.259, 290.70, -22.99);
insert into SHOT values (3, 11, 10, 742, 4.290, 248.18, 40.00, 4.262, 249.04, 39.30, 0.077, 324.88, -48.77);
insert into SHOT values (4, 12, 11, 742, 8.460, 243.18, -21.00, 8.508, 244.51, -21.80, 0.223, 333.51, -35.15);
insert into SHOT values (5, 12, 13, 742, 12.100, 36.18, 6.00, 12.084, 37.95, 7.37, 0.470, 134.70, 37.37);
insert into SHOT values (6, 14, 13, 742, 10.700, 186.18, 8.00, 10.607, 187.37, 7.04, 0.297, 294.31, -39.58);
insert into SHOT values (7, 15, 14, 742, 7.570, 207.18, -14.00, 7.552, 208.32, -15.04, 0.201, 317.49, -39.81);
insert into SHOT values (8, 16, 15, 742, 6.590, 177.18, -27.00, 6.540, 177.81, -28.19, 0.159, 326.82, -38.15);
insert into SHOT values (9, 17, 16, 742, 9.590, 170.18, 24.00, 9.473, 170.79, 23.58, 0.164, 301.18, -42.43);
insert into SHOT values (10, 18, 17, 742, 7.160, 178.18, 14.00, 7.055, 178.91, 13.44, 0.154, 312.94, -36.83);
insert into SHOT values (11, 18, 19, 742, 9.530, 35.18, -27.00, 9.464, 36.52, -26.28, 0.240, 127.34, 34.62);
insert into SHOT values (12, 20, 19, 742, 7.620, 206.18, 22.00, 7.554, 207.33, 21.35, 0.178, 308.71, -35.96);
insert into SHOT values (13, 21, 20, 742, 21.780, 151.18, 27.00, 21.649, 151.56, 26.47, 0.271, 253.41, -61.54);
insert into SHOT values (14, 22, 21, 742, 11.300, 245.18, 15.00, 11.301, 245.20, 14.97, 0.006, 288.88, -56.79);
insert into SHOT values (15, 23, 22, 742, 4.830, 242.18, -13.00, 4.828, 242.13, -12.93, 0.008, 148.50, 54.50);
insert into SHOT values (16, 24, 23, 742, 5.950, 216.18, 23.00, 5.946, 216.16, 22.97, 0.006, 80.41, -53.39);
insert into SHOT values (17, 25, 24, 742, 16.600, 157.18, -24.00, 16.601, 157.19, -23.99, 0.003, 193.53, 46.77);
insert into SHOT values (18, 26, 21, 742, 12.950, 154.18, 26.00, 12.821, 154.54, 25.60, 0.173, 290.96, -52.34);
insert into SHOT values (19, 27, 26, 742, 12.650, 167.18, 16.00, 12.537, 167.93, 15.21, 0.260, 279.19, -49.28);
insert into SHOT values (20, 27, 28, 742, 25.290, 326.18, -24.00, 25.158, 326.34, -23.17, 0.392, 34.47, 80.24);
insert into SHOT values (21, 28, 29, 742, 15.950, 335.18, -18.00, 15.949, 335.21, -18.01, 0.007, 78.53, -10.01);
insert into SHOT values (22, 30, 29, 742, 5.560, 216.18, -1.00, 5.561, 216.15, -1.03, 0.005, 146.45, -38.60);
insert into SHOT values (23, 30, 31, 742, 6.140, 201.18, 86.00, 6.135, 201.80, 85.97, 0.007, 263.02, -43.79);
insert into SHOT values (24, 32, 31, 742, 3.210, 293.18, -10.00, 3.234, 294.07, -9.79, 0.056, 355.81, 7.59);
insert into SHOT values (25, 33, 32, 742, 18.820, 194.18, 21.00, 18.752, 194.32, 22.38, 0.460, 3.77, 59.30);
insert into SHOT values (26, 33, 34, 742, 5.460, 34.18, -19.00, 5.386, 34.57, -19.52, 0.096, 192.82, -13.55);
insert into SHOT values (27, 35, 34, 742, 8.130, 211.18, 12.00, 8.050, 211.53, 12.48, 0.115, 4.26, 25.63);
insert into SHOT values (28, 35, 36, 742, 11.340, 48.18, -5.00, 11.266, 49.12, -5.45, 0.217, 162.51, -22.08);
insert into SHOT values (29, 37, 36, 742, 10.610, 260.18, 8.00, 10.589, 261.49, 8.42, 0.252, 358.32, 16.92);
insert into SHOT values (30, 37, 38, 742, 5.440, 322.18, -12.00, 5.390, 321.48, -12.32, 0.088, 191.82, -12.51);
insert into SHOT values (31, 39, 38, 742, 8.340, 244.18, 10.00, 8.293, 245.13, 10.42, 0.156, 357.51, 19.42);
insert into SHOT values (32, 39, 40, 742, 7.830, 26.18, -10.00, 7.741, 26.53, -10.49, 0.121, 181.36, -24.64);
insert into SHOT values (33, 41, 40, 742, 5.390, 249.18, -9.00, 5.334, 249.91, -8.84, 0.089, 17.73, 15.10);
insert into SHOT values (34, 41, 42, 742, 4.460, 74.18, -19.00, 4.432, 74.90, -19.23, 0.062, 196.33, -7.34);
insert into SHOT values (35, 43, 42, 742, 8.400, 146.18, 20.00, 8.345, 145.37, 20.55, 0.148, 20.20, 22.67);
insert into SHOT values (36, 43, 44, 742, 2.140, 288.18, -49.00, 2.150, 287.01, -49.31, 0.032, 192.33, -27.38);
insert into SHOT values (37, 44, 45, 742, 2.590, 320.18, -33.00, 2.558, 319.37, -33.45, 0.048, 178.97, 0.73);
insert into SHOT values (38, 46, 45, 742, 7.430, 223.18, -2.00, 7.359, 223.79, -1.79, 0.109, 355.41, 15.64);
insert into SHOT values (39, 46, 47, 742, 2.150, 63.18, -11.00, 2.098, 64.06, -11.27, 0.062, 212.78, 0.22);
insert into SHOT values (40, 47, 48, 742, 2.840, 10.18, 2.00, 2.744, 10.08, 1.67, 0.098, 193.15, -11.25);
insert into SHOT values (41, 48, 49, 742, 3.170, 153.18, -66.00, 3.221, 153.82, -65.47, 0.060, 170.39, -34.26);
insert into SHOT values (42, 50, 49, 742, 3.750, 244.18, 2.00, 3.693, 244.82, 2.17, 0.071, 28.51, 7.37);
insert into SHOT values (43, 50, 51, 742, 16.400, 335.18, -22.00, 16.345, 334.05, -23.09, 0.435, 215.12, -37.72);
insert into SURVEY values (744, 42, 'b', 'b.HaciendasSalinas.106.UltimaPatagonia', NULL);
 insert into CENTRELINE values (745, 744, NULL, NULL, NULL, 0.00, 0.00, 0.00);
 insert into CENTRELINE values (746, 744, NULL, '2008-04-07', NULL, 354.54, 0.00, 0.00);
 insert into PERSON values (4, 'Tim', 'Guildford');
insert into TOPO values (4, 746);
 insert into TOPO values (2, 746);
 insert into TOPO values (3, 746);
 insert into PERSON values (5, 'Rick', 'Padfield');
insert into TOPO values (5, 746);
 insert into SHOT values (44, 52, 53, 746, 10.620, 77.18, 25.00, 10.698, 78.63, 25.70, 0.287, 164.59, 31.91);
insert into SHOT values (45, 52, 54, 746, 13.390, 278.18, -24.00, 13.494, 279.53, -24.71, 0.348, 3.53, -33.83);
insert into SHOT values (46, 54, 55, 746, 9.110, 306.18, -23.00, 9.238, 306.56, -23.41, 0.154, 337.22, -45.76);
insert into SHOT values (47, 55, 56, 746, 3.610, 152.18, 19.00, 3.482, 152.35, 18.77, 0.130, 327.61, -25.27);
insert into SHOT values (48, 56, 57, 746, 12.450, 344.18, -26.00, 12.570, 343.59, -26.41, 0.189, 284.48, -44.52);
insert into SHOT values (49, 57, 58, 746, 6.390, 255.18, -8.00, 6.446, 256.29, -8.74, 0.159, 326.13, -34.86);
insert into SHOT values (50, 58, 59, 746, 14.390, 173.18, 31.00, 14.392, 173.16, 30.99, 0.007, 112.31, -11.84);
insert into SHOT values (51, 59, 60, 746, 4.820, 130.18, 12.00, 4.817, 130.18, 11.98, 0.004, 318.56, -36.88);
insert into SHOT values (52, 60, 61, 746, 6.480, 197.18, 22.00, 6.482, 197.23, 22.02, 0.006, 269.35, 27.41);
insert into SHOT values (53, 61, 62, 746, 6.990, 224.18, 12.00, 6.984, 224.17, 11.98, 0.007, 60.66, -28.30);
insert into SHOT values (54, 62, 63, 746, 3.900, 209.18, 36.00, 3.909, 209.16, 36.04, 0.009, 195.40, 53.93);
insert into SHOT values (55, 63, 64, 746, 6.770, 251.18, 11.00, 6.768, 251.21, 10.99, 0.004, 8.07, -27.49);
insert into SHOT values (56, 64, 65, 746, 5.230, 298.18, -17.00, 5.231, 298.15, -17.01, 0.003, 214.42, -18.26);
insert into SHOT values (57, 65, 66, 746, 3.180, 216.18, -7.00, 3.172, 216.21, -7.06, 0.009, 24.51, -16.55);
insert into SHOT values (58, 66, 67, 746, 5.960, 206.18, 6.00, 5.962, 206.22, 5.97, 0.005, 258.48, -33.06);
insert into SHOT values (59, 67, 68, 746, 8.500, 244.18, 3.00, 8.501, 244.16, 3.03, 0.006, 161.01, 54.20);
insert into SHOT values (60, 68, 69, 746, 1.480, 324.18, -31.00, 1.479, 324.30, -30.93, 0.004, 61.53, 40.00);
insert into SHOT values (61, 69, 70, 746, 5.170, 299.18, 6.00, 5.172, 299.21, 5.99, 0.003, 339.95, -7.83);
insert into SHOT values (62, 70, 71, 746, 9.660, 300.18, -5.00, 9.657, 300.14, -4.99, 0.009, 190.44, 12.70);
insert into SHOT values (63, 71, 72, 746, 10.590, 310.18, -18.00, 10.590, 310.21, -18.04, 0.009, 74.32, -58.11);
insert into SHOT values (64, 72, 73, 746, 6.050, 246.18, 12.00, 6.056, 246.20, 12.01, 0.006, 266.10, 19.20);
insert into SHOT values (65, 73, 74, 746, 9.380, 291.18, -2.00, 9.380, 291.20, -2.02, 0.004, 18.25, -45.96);
insert into SHOT values (66, 74, 75, 746, 4.140, 279.18, -10.00, 4.134, 279.18, -9.89, 0.010, 98.79, 61.21);
insert into SHOT values (67, 76, 75, 746, 2.660, 112.18, 5.00, 2.666, 112.12, 5.16, 0.010, 84.92, 52.32);
insert into SHOT values (68, 76, 77, 746, 8.740, 270.18, -29.00, 8.733, 270.22, -28.97, 0.010, 37.38, 46.72);
insert into SHOT values (69, 78, 77, 746, 8.440, 91.18, 34.00, 8.444, 91.15, 33.99, 0.006, 43.74, 3.69);
insert into SHOT values (70, 78, 79, 746, 8.710, 231.18, -22.00, 8.710, 231.19, -22.05, 0.008, 49.28, -66.49);
insert into SHOT values (71, 79, 80, 746, 7.800, 205.18, 10.00, 7.800, 205.20, 10.04, 0.006, 315.94, 71.58);
insert into SHOT values (72, 80, 81, 746, 12.240, 204.18, 11.00, 12.238, 204.18, 10.98, 0.006, 75.61, -66.97);
insert into SHOT values (73, 81, 82, 746, 12.970, 210.18, -13.00, 12.971, 210.16, -12.96, 0.010, 146.22, 46.94);
insert into SHOT values (74, 82, 83, 746, 13.500, 211.18, -25.00, 13.499, 211.22, -25.02, 0.010, 326.88, -28.25);
insert into SHOT values (75, 83, 84, 746, 4.680, 201.18, -1.00, 4.686, 201.14, -0.98, 0.007, 172.21, 13.49);
insert into SHOT values (76, 84, 85, 746, 4.630, 182.18, 2.00, 4.626, 182.23, 1.98, 0.006, 316.35, -16.72);
insert into SHOT values (77, 85, 86, 746, 11.210, 210.18, -19.00, 11.209, 210.19, -19.00, 0.002, 337.79, -9.36);
insert into SHOT values (78, 86, 87, 746, 6.500, 192.18, -7.00, 6.503, 192.16, -6.98, 0.005, 156.52, 27.57);
insert into SHOT values (79, 87, 88, 746, 6.430, 269.18, -20.00, 6.429, 269.24, -20.01, 0.006, 14.98, -7.41);
insert into SHOT values (80, 88, 89, 746, 8.150, 275.18, -26.00, 8.144, 275.17, -26.00, 0.006, 110.02, 26.19);
insert into SHOT values (81, 89, 90, 746, 5.560, 292.18, 22.00, 5.562, 292.09, 21.96, 0.010, 224.82, -17.03);
insert into SHOT values (82, 90, 91, 746, 9.660, 231.18, 3.00, 9.651, 231.19, 3.03, 0.010, 43.56, 25.43);
insert into SHOT values (83, 91, 92, 746, 14.520, 230.18, 39.00, 14.519, 230.17, 38.96, 0.009, 209.42, -56.13);
insert into SHOT values (84, 92, 93, 746, 25.000, 15.18, 90.00, 25.000, 90.00, 90.00, 0.000, 15.18, 0.00);
insert into SHOT values (85, 94, 95, 746, 16.750, 337.18, 25.00, 16.746, 337.20, 25.01, 0.007, 113.57, 9.05);
insert into SHOT values (86, 95, 96, 746, 18.130, 337.18, 45.00, 18.132, 337.19, 44.99, 0.003, 19.39, 2.58);
insert into SHOT values (87, 96, 97, 746, 5.000, 312.18, 44.00, 4.998, 312.07, 43.97, 0.008, 222.97, -24.67);
insert into SURVEY values (748, 42, 'c', 'c.HaciendasSalinas.106.UltimaPatagonia', NULL);
 insert into CENTRELINE values (749, 748, NULL, NULL, NULL, 0.00, 0.00, 0.00);
 insert into CENTRELINE values (750, 748, NULL, '2008-04-08', NULL, 209.65, 0.00, 0.00);
 insert into TOPO values (4, 750);
 insert into TOPO values (2, 750);
 insert into PERSON values (6, 'Ben', 'Lovett');
insert into TOPO values (6, 750);
 insert into SHOT values (88, 98, 99, 750, 3.360, 80.18, 16.00, 3.359, 80.19, 16.08, 0.005, 256.06, 55.68);
insert into SHOT values (89, 98, 100, 750, 3.300, 38.18, -4.00, 3.291, 38.20, -4.01, 0.009, 213.72, 1.23);
insert into SHOT values (90, 100, 101, 750, 3.100, 8.18, -34.00, 3.104, 8.26, -33.88, 0.008, 33.97, 25.23);
insert into SHOT values (91, 101, 102, 750, 12.000, 350.18, -32.00, 11.995, 350.15, -32.02, 0.009, 213.67, -6.06);
insert into SHOT values (92, 102, 103, 750, 10.230, 1.18, -24.00, 10.235, 1.16, -23.98, 0.007, 334.10, 7.31);
insert into SHOT values (93, 103, 104, 750, 3.650, 352.18, -22.00, 3.648, 352.18, -22.06, 0.004, 175.39, -43.90);
insert into SHOT values (94, 105, 106, 750, 4.300, 129.18, 21.00, 4.315, 129.33, 21.76, 0.060, 252.59, 78.32);
insert into SHOT values (95, 106, 107, 750, 4.300, 132.18, -5.00, 4.272, 132.53, -4.16, 0.073, 264.19, 62.09);
insert into SHOT values (96, 107, 108, 750, 2.900, 96.18, 41.00, 2.941, 96.28, 41.79, 0.058, 136.06, 84.16);
insert into SHOT values (97, 108, 109, 750, 4.200, 123.18, 33.00, 4.240, 123.42, 33.82, 0.074, 213.42, 78.72);
insert into SHOT values (98, 109, 110, 750, 2.300, 138.18, -33.00, 2.296, 137.95, -32.99, 0.009, 27.08, 17.32);
insert into SHOT values (99, 109, 111, 750, 6.400, 115.18, 32.00, 6.427, 115.38, 33.00, 0.116, 269.39, 69.03);
insert into SHOT values (100, 111, 112, 750, 9.800, 147.18, 3.00, 9.799, 147.14, 2.98, 0.008, 52.53, -20.18);
insert into SHOT values (101, 112, 113, 750, 10.000, 152.18, -32.00, 9.992, 152.23, -31.97, 0.012, 274.50, 51.58);
insert into SHOT values (102, 113, 114, 750, 2.100, 154.18, 4.00, 2.107, 154.04, 3.81, 0.011, 118.50, -36.46);
insert into SHOT values (103, 114, 115, 750, 7.700, 147.18, -51.00, 7.693, 147.23, -51.01, 0.008, 291.88, 31.37);
insert into SHOT values (104, 111, 116, 750, 1.500, 332.18, 47.00, 1.582, 331.99, 47.70, 0.084, 327.26, 60.16);
insert into SHOT values (105, 116, 117, 750, 8.200, 48.18, 10.00, 8.198, 48.21, 9.98, 0.006, 160.82, -41.32);
insert into SHOT values (106, 117, 118, 750, 8.800, 15.18, -2.00, 8.801, 15.16, -2.02, 0.005, 304.31, -34.26);
insert into SHOT values (107, 118, 119, 750, 3.180, 17.18, 60.00, 3.186, 17.18, 60.04, 0.006, 14.18, 80.53);
insert into SHOT values (108, 119, 120, 750, 6.500, 28.18, -7.00, 6.504, 28.19, -6.98, 0.005, 40.61, 25.79);
insert into SHOT values (109, 120, 121, 750, 7.300, 73.18, 9.00, 7.296, 73.22, 8.99, 0.006, 197.15, -17.78);
insert into SHOT values (110, 121, 122, 750, 7.300, 15.18, 0.00, 7.304, 15.16, 0.00, 0.005, 337.37, 0.00);
insert into SHOT values (111, 121, 123, 750, 7.300, 152.18, 40.00, 7.295, 152.15, 40.01, 0.006, 5.10, -21.43);
insert into SHOT values (112, 122, 124, 750, 2.400, 249.18, -34.00, 2.400, 249.11, -33.94, 0.004, 183.58, 35.10);
insert into SHOT values (113, 124, 125, 750, 11.000, 322.18, -42.00, 11.007, 322.20, -42.04, 0.010, 43.17, -72.51);
insert into SHOT values (114, 116, 126, 750, 11.800, 306.18, -26.00, 11.783, 305.82, -24.41, 0.334, 277.56, 65.02);
insert into SHOT values (115, 126, 105, 750, 9.300, 291.18, -37.00, 9.270, 290.94, -35.71, 0.214, 273.30, 60.72);
insert into SHOT values (116, 127, 128, 750, 8.940, 136.18, 31.00, 8.935, 136.22, 30.99, 0.007, 264.04, -38.85);
insert into SHOT values (117, 127, 129, 750, 16.790, 178.18, 66.00, 16.780, 178.24, 66.01, 0.012, 311.55, -44.55);
insert into SHOT values (118, 130, 131, 750, 1.500, 140.18, -21.00, 1.506, 140.19, -21.01, 0.006, 142.84, -24.07);
insert into SHOT values (119, 131, 132, 750, 8.200, 178.18, 34.00, 8.199, 178.23, 34.05, 0.009, 310.87, 32.77);
insert into SURVEY values (752, 42, 'd', 'd.HaciendasSalinas.106.UltimaPatagonia', NULL);
 insert into CENTRELINE values (753, 752, NULL, NULL, NULL, 0.00, 0.00, 0.00);
 insert into CENTRELINE values (754, 752, NULL, '2008-04-09', NULL, 147.11, 0.00, 0.00);
 insert into TOPO values (2, 754);
 insert into TOPO values (6, 754);
 insert into TOPO values (5, 754);
 insert into SHOT values (120, 133, 134, 754, 3.600, 190.18, 10.00, 3.598, 190.07, 9.92, 0.009, 94.57, -36.82);
insert into SHOT values (121, 134, 135, 754, 15.000, 165.18, 15.00, 15.003, 165.21, 15.03, 0.010, 240.69, 52.97);
insert into SHOT values (122, 135, 136, 754, 10.300, 195.18, 20.00, 10.297, 195.16, 19.99, 0.006, 79.36, -28.64);
insert into SHOT values (123, 136, 137, 754, 11.080, 202.18, 28.00, 11.082, 202.21, 27.98, 0.006, 259.70, -15.68);
insert into SHOT values (124, 137, 138, 754, 7.890, 218.18, 32.00, 7.887, 218.14, 32.01, 0.006, 95.28, -9.46);
insert into SHOT values (125, 138, 139, 754, 12.250, 203.18, 21.00, 12.250, 203.22, 21.00, 0.008, 290.19, -0.05);
insert into SHOT values (126, 139, 140, 754, 10.130, 127.18, 25.00, 10.134, 127.17, 24.98, 0.006, 103.12, -11.10);
insert into SHOT values (127, 141, 142, 754, 19.410, 12.18, -22.00, 19.518, 10.17, -23.11, 0.743, 277.14, -31.56);
insert into SHOT values (128, 142, 143, 754, 10.080, 20.18, -12.00, 10.158, 18.86, -12.91, 0.291, 299.82, -36.82);
insert into SHOT values (129, 143, 144, 754, 10.160, 338.18, -13.00, 10.282, 337.83, -13.73, 0.189, 303.13, -54.87);
insert into SHOT values (130, 144, 145, 754, 12.980, 49.18, 0.00, 12.996, 47.18, -1.37, 0.549, 319.69, -34.35);
insert into SHOT values (131, 145, 146, 754, 2.020, 343.18, 42.00, 2.049, 342.73, 40.85, 0.051, 329.14, -13.07);
insert into SHOT values (132, 146, 147, 754, 5.530, 2.18, -14.00, 5.631, 1.58, -14.50, 0.126, 328.29, -34.85);
insert into SHOT values (133, 147, 148, 754, 16.680, 335.18, -21.00, 16.809, 334.71, -21.72, 0.277, 263.97, -60.89);
insert into SURVEY values (756, 42, 'e', 'e.HaciendasSalinas.106.UltimaPatagonia', NULL);
 insert into CENTRELINE values (757, 756, NULL, NULL, NULL, 0.00, 0.00, 0.00);
 insert into CENTRELINE values (758, 756, NULL, '2008-04-10', NULL, 269.85, 0.00, 0.00);
 insert into TOPO values (2, 758);
 insert into TOPO values (5, 758);
 insert into SHOT values (134, 149, 150, 758, 9.410, 201.18, 10.00, 9.486, 199.89, 10.88, 0.265, 123.69, 35.98);
insert into SHOT values (135, 150, 151, 758, 8.130, 198.18, 8.00, 8.205, 197.07, 8.83, 0.210, 127.39, 37.65);
insert into SHOT values (136, 151, 152, 758, 10.490, 284.18, -37.00, 10.380, 283.30, -36.88, 0.171, 163.50, 29.14);
insert into SHOT values (137, 152, 153, 758, 12.880, 358.18, -12.00, 12.876, 358.18, -11.97, 0.008, 196.94, 73.70);
insert into SHOT values (138, 153, 154, 758, 7.430, 345.18, -19.00, 7.430, 345.15, -19.01, 0.004, 245.20, -14.93);
insert into SHOT values (139, 154, 155, 758, 6.810, 340.18, -24.00, 6.816, 340.20, -23.98, 0.007, 352.38, -0.98);
insert into SHOT values (140, 152, 156, 758, 6.940, 266.18, -33.00, 6.849, 265.23, -32.60, 0.141, 148.18, 39.49);
insert into SHOT values (141, 156, 157, 758, 17.370, 263.18, -17.00, 17.316, 261.03, -15.65, 0.750, 177.85, 33.00);
insert into SHOT values (142, 157, 158, 758, 23.740, 177.18, 18.00, 23.864, 175.34, 19.36, 0.928, 81.26, 38.21);
insert into SHOT values (143, 158, 159, 758, 0.460, 92.18, -11.00, 0.516, 94.48, -7.79, 0.066, 111.20, 15.74);
insert into SHOT values (144, 159, 160, 758, 6.700, 128.18, 24.00, 6.822, 128.47, 24.23, 0.128, 145.68, 35.64);
insert into SHOT values (145, 160, 161, 758, 14.870, 115.18, 24.00, 15.000, 116.15, 24.62, 0.310, 193.05, 40.58);
insert into SHOT values (146, 161, 162, 758, 9.830, 112.18, 25.00, 9.831, 112.22, 24.97, 0.008, 175.80, -35.03);
insert into SHOT values (147, 162, 163, 758, 16.430, 130.18, 29.00, 16.432, 130.17, 29.01, 0.005, 37.41, 60.08);
insert into SHOT values (148, 161, 164, 758, 11.120, 223.18, -6.00, 11.147, 221.50, -4.79, 0.404, 140.90, 35.15);
insert into SHOT values (149, 164, 165, 758, 4.790, 202.18, 21.00, 4.868, 201.36, 21.45, 0.108, 154.09, 35.77);
insert into SHOT values (150, 165, 166, 758, 1.420, 225.18, -59.00, 1.363, 222.17, -58.35, 0.071, 110.51, 54.08);
insert into SHOT values (151, 167, 168, 758, 11.540, 64.18, 0.00, 11.539, 64.21, 0.00, 0.006, 162.39, 0.00);
insert into SHOT values (152, 168, 169, 758, 2.960, 332.18, -17.00, 2.971, 332.08, -17.03, 0.012, 305.23, -22.34);
insert into SHOT values (153, 169, 170, 758, 3.370, 316.18, 1.00, 3.367, 316.20, 1.02, 0.003, 114.35, 20.67);
insert into SHOT values (154, 170, 171, 758, 9.950, 348.18, -19.00, 9.950, 348.22, -19.00, 0.007, 77.41, -5.11);
insert into SHOT values (155, 171, 172, 758, 6.700, 46.18, -27.00, 6.692, 46.16, -27.02, 0.008, 247.35, 11.99);
insert into SHOT values (156, 172, 173, 758, 12.060, 346.18, -17.00, 12.061, 346.20, -17.02, 0.006, 81.09, -43.14);
insert into SHOT values (157, 173, 174, 758, 6.740, 338.18, -14.00, 6.738, 338.18, -14.00, 0.002, 164.06, 20.66);
insert into SHOT values (158, 174, 175, 758, 9.660, 42.18, -30.00, 9.662, 42.19, -29.99, 0.002, 67.06, 0.00);
insert into SHOT values (159, 175, 176, 758, 14.410, 31.18, -25.00, 14.407, 31.18, -25.01, 0.004, 217.03, -1.12);
insert into SHOT values (160, 176, 177, 758, 6.310, 131.18, 31.00, 6.309, 131.18, 31.01, 0.002, 337.54, 3.85);
insert into SHOT values (161, 177, 178, 758, 16.290, 161.18, 20.00, 16.291, 161.17, 19.99, 0.003, 100.07, -28.38);
insert into SHOT values (162, 178, 179, 758, 1.040, 77.18, -21.00, 1.034, 76.83, -20.97, 0.009, 304.47, 18.31);
insert into SURVEY values (761, 40, 'CuevaDelZorro', 'CuevaDelZorro.106.UltimaPatagonia', 'Cueva del Zorro');
 insert into CENTRELINE values (762, 761, NULL, NULL, NULL, 0.00, 0.00, 0.00);
 insert into SURVEY values (763, 761, 'a', 'a.CuevaDelZorro.106.UltimaPatagonia', NULL);
 insert into CENTRELINE values (764, 763, NULL, NULL, NULL, 0.00, 0.00, 0.00);
 insert into CENTRELINE values (765, 763, NULL, '2008-04-04', NULL, 116.89, 0.00, 0.00);
 insert into TOPO values (6, 765);
 insert into TOPO values (3, 765);
 insert into TOPO values (5, 765);
 insert into SHOT values (163, 180, 181, 765, 6.130, 175.18, 6.00, 6.125, 175.20, 6.00, 0.005, 340.52, -8.31);
insert into SHOT values (164, 182, 181, 765, 7.260, 2.18, 12.00, 7.264, 2.18, 12.00, 0.004, 349.05, 8.23);
insert into SHOT values (165, 182, 183, 765, 7.970, 15.18, -90.00, 7.970, 90.00, -90.00, 0.000, 15.18, 1.83);
insert into SHOT values (166, 182, 184, 765, 1.350, 329.18, -79.00, 1.345, 329.42, -79.04, 0.006, 122.09, 66.04);
insert into SHOT values (167, 184, 185, 765, 4.860, 153.18, 16.00, 4.862, 153.16, 16.00, 0.003, 104.09, 8.79);
insert into SHOT values (168, 185, 186, 765, 2.320, 250.18, -12.00, 2.326, 250.21, -12.16, 0.009, 261.69, -56.22);
insert into SHOT values (169, 186, 187, 765, 5.030, 68.18, 29.00, 5.037, 68.15, 28.97, 0.008, 47.93, 10.37);
insert into SHOT values (170, 188, 187, 765, 2.780, 9.18, 9.00, 2.779, 9.22, 8.90, 0.005, 108.32, -69.70);
insert into SHOT values (171, 188, 189, 765, 3.630, 356.18, 53.00, 3.631, 356.06, 53.00, 0.005, 273.11, 11.58);
insert into SHOT values (172, 190, 189, 765, 9.420, 268.18, 0.00, 9.424, 268.24, 0.00, 0.010, 330.54, 0.00);
insert into SHOT values (173, 191, 187, 765, 6.000, 272.18, 42.00, 5.993, 272.19, 42.00, 0.007, 89.93, -40.37);
insert into SHOT values (174, 192, 191, 765, 3.990, 203.18, 0.00, 3.983, 203.22, 0.00, 0.008, 6.34, 0.00);
insert into SHOT values (175, 192, 193, 765, 3.160, 62.18, 18.00, 3.163, 62.07, 17.86, 0.010, 13.97, -39.48);
insert into SHOT values (176, 194, 191, 765, 5.790, 124.18, 19.00, 5.789, 124.13, 19.05, 0.008, 12.24, 39.11);
insert into SHOT values (177, 194, 195, 765, 5.530, 19.18, -41.00, 5.530, 19.17, -41.03, 0.003, 220.51, -40.77);
insert into SHOT values (178, 185, 196, 765, 1.600, 275.18, -84.00, 1.609, 276.71, -83.89, 0.011, 324.86, -55.72);
insert into SHOT values (179, 197, 196, 765, 8.810, 115.18, -26.00, 8.817, 115.17, -26.03, 0.009, 95.33, -61.20);
insert into SHOT values (180, 197, 198, 765, 2.240, 148.18, 20.00, 2.239, 148.20, 19.84, 0.006, 166.05, -77.27);
insert into SHOT values (181, 199, 198, 765, 1.570, 257.18, -17.00, 1.575, 257.35, -16.98, 0.007, 296.70, -8.27);
insert into SHOT values (182, 200, 199, 765, 2.480, 209.18, -35.00, 2.476, 209.22, -35.00, 0.004, 9.75, 34.07);
insert into SHOT values (183, 201, 200, 765, 3.440, 267.18, -9.00, 3.437, 267.13, -9.04, 0.005, 131.44, -21.51);
insert into SHOT values (184, 201, 202, 765, 7.350, 22.18, 21.00, 7.348, 22.19, 21.05, 0.007, 194.63, 56.53);
insert into SHOT values (185, 200, 203, 765, 3.360, 141.18, 3.00, 3.355, 141.18, 3.08, 0.007, 324.25, 37.23);
insert into SHOT values (186, 204, 196, 765, 4.000, 127.18, -39.00, 4.000, 127.02, -39.05, 0.010, 21.28, -16.07);
insert into SHOT values (187, 204, 205, 765, 6.820, 45.18, 17.00, 6.826, 45.19, 17.04, 0.008, 47.03, 52.43);
insert into SURVEY values (767, 761, 'b', 'b.CuevaDelZorro.106.UltimaPatagonia', NULL);
 insert into CENTRELINE values (768, 767, NULL, NULL, NULL, 0.00, 0.00, 0.00);
 insert into CENTRELINE values (769, 767, NULL, '2008-04-03', NULL, 22.20, 0.00, 0.00);
 insert into PERSON values (7, 'Chris', 'Day');
insert into TOPO values (7, 769);
 insert into TOPO values (1, 769);
 insert into SHOT values (188, 206, 207, 769, 5.800, 345.19, -48.00, 5.798, 345.21, -48.02, 0.003, 129.61, 4.50);
insert into SHOT values (189, 206, 208, 769, 3.090, 93.19, 63.00, 3.087, 93.27, 62.98, 0.004, 197.89, -56.07);
insert into SHOT values (190, 208, 209, 769, 3.430, 55.19, 19.00, 3.436, 55.28, 19.02, 0.008, 102.14, 23.60);
insert into SHOT values (191, 210, 209, 769, 5.020, 186.19, -24.50, 5.018, 186.16, -24.49, 0.003, 56.81, 34.25);
insert into SHOT values (192, 211, 210, 769, 4.860, 258.19, -7.00, 4.859, 258.15, -6.97, 0.004, 145.89, 39.06);
insert into SURVEY values (771, 761, 'c', 'c.CuevaDelZorro.106.UltimaPatagonia', NULL);
 insert into CENTRELINE values (772, 771, NULL, NULL, NULL, 0.00, 0.00, 0.00);
 insert into CENTRELINE values (773, 771, NULL, '2008-04-03', NULL, 20.79, 0.00, 0.00);
 insert into TOPO values (7, 773);
 insert into TOPO values (1, 773);
 insert into SHOT values (193, 212, 213, 773, 8.500, 39.19, -30.00, 8.502, 39.16, -29.99, 0.004, 346.49, 0.00);
insert into SHOT values (194, 212, 214, 773, 6.600, 235.19, 52.00, 6.596, 235.14, 52.03, 0.006, 91.10, -8.22);
insert into SHOT values (195, 214, 215, 773, 3.490, 170.19, 30.00, 3.480, 170.26, 30.00, 0.011, 327.50, -27.24);
insert into SHOT values (196, 215, 216, 773, 2.200, 108.19, 0.00, 2.201, 108.27, 0.00, 0.003, 181.96, 0.00);
insert into SURVEY values (776, 40, 'CuevaPirates', 'CuevaPirates.106.UltimaPatagonia', 'Cueva Pirates, Hacienda Salinas');
 insert into CENTRELINE values (777, 776, NULL, NULL, NULL, 0.00, 0.00, 0.00);
 insert into CENTRELINE values (778, 776, NULL, NULL, NULL, 72.45, 0.00, 0.00);
 insert into SHOT values (197, 217, 218, 778, 13.200, 207.80, 40.00, 13.208, 207.81, 40.00, 0.008, 214.70, 38.23);
insert into SHOT values (198, 218, 219, 778, 5.300, 160.80, 12.00, 5.293, 160.83, 12.00, 0.008, 320.85, -14.33);
insert into SHOT values (199, 219, 220, 778, 6.400, 169.80, 72.00, 6.404, 169.82, 71.98, 0.005, 182.76, 42.43);
insert into SHOT values (200, 218, 221, 778, 7.400, 200.80, 9.00, 7.400, 200.84, 9.02, 0.006, 299.45, 25.37);
insert into SHOT values (201, 221, 222, 778, 3.650, 243.80, 16.00, 3.642, 243.73, 15.94, 0.010, 97.08, -36.44);
insert into SHOT values (202, 222, 223, 778, 5.800, 165.80, 40.00, 5.803, 165.81, 40.00, 0.003, 175.73, 34.39);
insert into SHOT values (203, 222, 224, 778, 2.600, 341.80, -15.00, 2.605, 341.71, -14.90, 0.008, 306.64, 22.54);
insert into SHOT values (204, 224, 225, 778, 5.400, 38.80, -55.00, 5.395, 38.83, -55.01, 0.005, 192.63, 41.28);
insert into SHOT values (205, 225, 226, 778, 5.900, 301.80, -30.00, 5.897, 301.79, -30.02, 0.004, 136.39, 0.00);
insert into SHOT values (206, 226, 227, 778, 11.100, 315.80, -54.00, 11.102, 315.81, -53.99, 0.003, 328.11, 1.75);
insert into SHOT values (207, 227, 228, 778, 5.700, 341.80, -74.00, 5.700, 341.80, -74.03, 0.003, 165.04, -17.06);
insert into CENTRELINE values (779, 776, NULL, NULL, NULL, 297.96, 0.00, 0.00);
 insert into SHOT values (208, 228, 229, 779, 9.800, 321.80, -44.00, 9.802, 321.80, -44.01, 0.002, 266.76, -74.32);
insert into SHOT values (209, 229, 230, 779, 9.160, 273.80, -35.00, 9.166, 273.82, -35.02, 0.007, 309.32, -56.64);
insert into SHOT values (210, 230, 231, 779, 2.600, 223.80, -44.00, 2.594, 223.70, -43.95, 0.008, 91.74, 53.38);
insert into SHOT values (211, 231, 232, 779, 2.400, 109.80, -54.00, 2.401, 109.84, -53.91, 0.004, 127.77, 25.44);
insert into SHOT values (212, 231, 233, 779, 5.400, 254.80, -5.00, 5.399, 254.80, -4.99, 0.001, 77.12, 25.73);
insert into SHOT values (213, 233, 234, 779, 11.600, 218.80, 8.00, 11.599, 218.82, 7.98, 0.005, 318.59, -56.96);
insert into SHOT values (214, 234, 235, 779, 9.200, 254.80, 15.00, 9.204, 254.81, 14.99, 0.004, 266.30, -14.75);
insert into SHOT values (215, 236, 237, 779, 20.000, 129.80, 40.00, 19.811, 128.69, 41.40, 0.597, 341.76, 24.15);
insert into SHOT values (216, 237, 238, 779, 7.400, 117.80, 0.00, 7.237, 116.78, -1.03, 0.247, 335.86, -31.79);
insert into SHOT values (217, 238, 239, 779, 6.400, 140.80, 25.00, 6.188, 140.57, 25.05, 0.214, 327.32, -23.37);
insert into SHOT values (218, 239, 240, 779, 5.000, 135.80, 3.00, 4.812, 135.51, 2.26, 0.200, 323.46, -21.04);
insert into SHOT values (219, 240, 241, 779, 7.900, 167.80, 14.00, 7.709, 168.69, 13.50, 0.235, 313.55, -28.30);
insert into SHOT values (220, 241, 242, 779, 9.800, 250.80, -16.00, 9.879, 253.27, -16.95, 0.445, 337.88, -23.67);
insert into SHOT values (221, 242, 243, 779, 4.900, 253.80, -4.00, 4.975, 255.52, -4.73, 0.177, 319.39, -22.73);
insert into SHOT values (222, 243, 244, 779, 8.400, 218.80, -7.00, 8.363, 221.08, -8.18, 0.375, 320.06, -26.34);
insert into SHOT values (223, 244, 245, 779, 5.100, 302.80, -2.00, 5.281, 303.48, -2.71, 0.202, 322.12, -20.90);
insert into SHOT values (224, 246, 247, 779, 5.500, 140.80, 30.00, 5.744, 141.57, 29.40, 0.259, 156.46, 15.67);
insert into SHOT values (225, 247, 232, 779, 2.800, 170.80, 10.00, 3.071, 170.29, 10.13, 0.272, 164.98, 11.38);
insert into SHOT values (226, 232, 248, 779, 4.500, 278.80, 28.00, 4.741, 276.73, 28.19, 0.283, 242.18, 26.75);
insert into SHOT values (227, 248, 249, 779, 4.600, 240.80, -10.00, 4.887, 240.09, -8.47, 0.319, 229.65, 14.30);
insert into SHOT values (228, 249, 250, 779, 11.400, 218.80, 10.00, 11.741, 219.47, 11.25, 0.444, 243.72, 44.32);
insert into SHOT values (229, 250, 251, 779, 1.700, 315.80, 0.00, 1.704, 315.71, 0.00, 0.005, 284.12, 0.00);
insert into SHOT values (230, 251, 252, 779, 10.600, 35.80, 48.00, 10.593, 35.82, 47.98, 0.008, 161.46, -69.57);
insert into SHOT values (231, 250, 253, 779, 1.700, 252.80, 12.00, 2.009, 251.57, 12.65, 0.313, 244.70, 16.08);
insert into SHOT values (232, 253, 254, 779, 4.500, 126.80, 25.00, 4.517, 129.70, 26.14, 0.225, 224.76, 23.10);
insert into SHOT values (233, 254, 255, 779, 9.900, 255.80, 12.00, 9.941, 254.64, 11.61, 0.213, 180.60, -15.90);
insert into SHOT values (234, 255, 256, 779, 5.900, 229.80, 0.00, 5.970, 229.21, -0.29, 0.098, 188.36, -17.90);
insert into SHOT values (235, 256, 257, 779, 10.200, 229.80, 5.00, 10.274, 228.92, 4.58, 0.189, 166.48, -21.35);
insert into SHOT values (236, 257, 258, 779, 10.200, 200.80, 17.00, 10.284, 200.58, 16.32, 0.153, 182.80, -37.15);
insert into SHOT values (237, 246, 259, 779, 9.400, 41.80, -5.00, 9.546, 38.63, -5.71, 0.554, 324.64, -13.64);
insert into SHOT values (238, 259, 260, 779, 1.900, 25.80, 0.00, 2.091, 23.99, -0.55, 0.202, 6.58, -5.69);
insert into SHOT values (239, 260, 261, 779, 3.000, 15.80, -90.00, 3.062, 354.29, -88.12, 0.117, 354.29, -30.84);
insert into SHOT values (240, 261, 262, 779, 2.900, 50.80, -5.00, 2.996, 48.67, -5.36, 0.147, 0.46, -10.70);
insert into SHOT values (241, 262, 236, 779, 15.000, 345.80, -25.00, 15.268, 345.31, -23.92, 0.409, 327.35, 21.40);
insert into SHOT values (242, 258, 263, 779, 18.000, 200.80, 25.00, 18.070, 200.46, 23.55, 0.472, 179.27, -55.12);
insert into SHOT values (243, 254, 264, 779, 6.400, 80.80, 8.00, 6.199, 81.80, 10.13, 0.327, 236.50, 37.55);
insert into SHOT values (244, 264, 265, 779, 6.300, 48.80, -20.00, 6.013, 48.36, -19.33, 0.300, 238.90, 33.33);
insert into SHOT values (245, 265, 266, 779, 6.000, 15.80, -15.00, 5.787, 14.01, -13.90, 0.300, 239.88, 32.86);
insert into SHOT values (246, 266, 267, 779, 2.400, 207.80, -40.00, 2.464, 209.20, -37.79, 0.123, 231.45, 15.45);
insert into SHOT values (247, 267, 268, 779, 3.800, 125.80, -20.00, 3.661, 127.96, -18.97, 0.203, 256.09, 32.65);
insert into SHOT values (248, 268, 269, 779, 4.000, 78.80, -25.00, 3.719, 79.62, -24.46, 0.288, 247.42, 31.56);
insert into SHOT values (249, 269, 245, 779, 4.900, 30.80, -10.00, 4.655, 29.57, -8.90, 0.280, 234.21, 27.84);
insert into SHOT values (250, 245, 232, 779, 5.400, 305.80, 10.00, 5.682, 304.29, 10.24, 0.318, 277.26, 13.15);
insert into CENTRELINE values (781, 40, NULL, NULL, NULL, 0.00, 0.00, 0.00);
 insert into SURVEY values (783, 22, 'CuevaNoTime', 'CuevaNoTime.UltimaPatagonia', 'Cueva No Time');
 insert into CENTRELINE values (784, 783, NULL, NULL, NULL, 0.00, 0.00, 0.00);
 insert into SURVEY values (786, 22, 'ResurgenceNoTime', 'ResurgenceNoTime.UltimaPatagonia', 'Resurgence NoTime');
 insert into CENTRELINE values (787, 786, NULL, NULL, NULL, 0.00, 0.00, 0.00);
 insert into SURVEY values (789, 22, '107', '107.UltimaPatagonia', '107 Barros Luco');
 insert into CENTRELINE values (790, 789, NULL, NULL, NULL, 0.00, 0.00, 0.00);
 insert into SURVEY values (791, 789, 'GouffreJackpot', 'GouffreJackpot.107.UltimaPatagonia', '<lang:fr>Gouffre du Jackpot<lang:es>Sima del Jackpot');
 insert into CENTRELINE values (792, 791, NULL, NULL, NULL, 0.00, 0.00, 0.00);
 insert into CENTRELINE values (793, 791, NULL, '2019-02-01', NULL, 274.74, 0.00, 0.00);
 insert into SHOT values (251, 290, 291, 793, 4.130, 324.31, 0.00, 4.127, 324.27, 0.00, 0.004, 188.98, 0.00);
insert into SHOT values (252, 291, 292, 793, 8.140, 341.31, -10.00, 8.146, 341.32, -9.97, 0.007, 346.59, 28.40);
insert into SHOT values (253, 292, 293, 793, 9.730, 326.31, -24.00, 9.726, 326.29, -24.03, 0.007, 177.19, -21.76);
insert into SHOT values (254, 293, 294, 793, 5.570, 339.31, -12.00, 5.572, 339.37, -12.02, 0.006, 57.43, -19.00);
insert into SHOT values (255, 294, 295, 793, 5.460, 314.31, -42.00, 5.464, 314.30, -41.91, 0.009, 309.66, 21.82);
insert into SHOT values (256, 295, 296, 793, 5.800, 336.31, -54.00, 5.797, 336.29, -54.00, 0.003, 190.92, 49.45);
insert into SHOT values (257, 296, 297, 793, 10.200, 304.31, -69.00, 10.207, 304.30, -69.01, 0.008, 234.79, -82.87);
insert into SHOT values (258, 296, 298, 793, 10.770, 51.31, -7.00, 10.774, 51.34, -7.04, 0.010, 107.36, -50.04);
insert into SHOT values (259, 298, 299, 793, 5.070, 9.31, -29.00, 5.075, 9.33, -29.00, 0.005, 30.75, -22.80);
insert into SHOT values (260, 299, 300, 793, 2.140, 62.31, -36.00, 2.132, 62.40, -35.90, 0.010, 214.46, 55.54);
insert into SHOT values (261, 300, 301, 793, 3.440, 149.31, 4.00, 3.438, 149.32, 4.00, 0.002, 308.24, 1.26);
insert into SHOT values (262, 301, 302, 793, 5.260, 112.31, 20.00, 5.259, 112.36, 20.01, 0.004, 218.17, 12.54);
insert into SHOT values (263, 300, 303, 793, 2.400, 340.31, -8.00, 2.403, 340.35, -8.13, 0.006, 16.36, -68.28);
insert into SHOT values (264, 303, 304, 793, 4.250, 324.31, -37.00, 4.241, 324.25, -36.96, 0.010, 179.49, 48.59);
insert into SHOT values (265, 304, 305, 793, 3.460, 264.31, -3.00, 3.462, 264.36, -3.15, 0.009, 324.23, -71.42);
insert into SHOT values (266, 305, 306, 793, 4.100, 288.31, -3.00, 4.104, 288.35, -2.93, 0.007, 320.14, 44.66);
insert into SHOT values (267, 306, 307, 793, 2.600, 348.31, -48.00, 2.596, 348.37, -48.03, 0.005, 146.49, 26.32);
insert into SHOT values (268, 307, 308, 793, 2.880, 291.31, -33.00, 2.881, 291.36, -33.02, 0.003, 5.12, -33.98);
insert into SHOT values (269, 308, 309, 793, 2.880, 310.31, -46.00, 2.879, 310.14, -45.97, 0.006, 226.08, 15.30);
insert into SHOT values (270, 309, 310, 793, 3.570, 307.31, -58.00, 3.571, 307.48, -58.04, 0.006, 54.91, -23.53);
insert into SHOT values (271, 310, 311, 793, 3.720, 338.31, -53.00, 3.720, 338.25, -52.98, 0.003, 264.11, 18.94);
insert into SHOT values (272, 311, 312, 793, 6.600, 330.31, -35.00, 6.602, 330.40, -35.04, 0.009, 66.95, -27.91);
insert into SHOT values (273, 311, 313, 793, 3.880, 333.31, 7.00, 3.879, 333.30, 6.96, 0.003, 204.96, -72.46);
insert into SHOT values (274, 313, 314, 793, 3.400, 344.31, 55.00, 3.404, 344.54, 55.04, 0.009, 71.23, 32.32);
insert into SHOT values (275, 314, 315, 793, 3.250, 282.31, -37.00, 3.255, 282.22, -37.02, 0.007, 229.89, -37.19);
insert into SHOT values (276, 315, 316, 793, 5.050, 288.31, -56.00, 5.053, 288.37, -56.02, 0.004, 18.51, -49.41);
insert into SHOT values (277, 316, 317, 793, 4.100, 258.31, -58.00, 4.095, 258.33, -57.92, 0.007, 273.13, 71.21);
insert into SHOT values (278, 317, 318, 793, 10.800, 279.31, -33.00, 10.806, 279.34, -33.03, 0.009, 338.16, -59.50);
insert into SHOT values (279, 318, 319, 793, 23.800, 314.31, -35.00, 23.800, 314.31, -35.00, 0.001, 5.14, 54.10);
insert into SHOT values (280, 319, 320, 793, 2.000, 303.31, -22.00, 1.996, 303.09, -22.07, 0.008, 182.22, -5.33);
insert into SHOT values (281, 320, 321, 793, 13.700, 280.31, -65.00, 13.692, 280.36, -65.01, 0.010, 60.92, 41.48);
insert into SHOT values (282, 321, 322, 793, 5.200, 194.31, -3.00, 5.200, 194.38, -2.98, 0.007, 285.14, 18.27);
insert into SHOT values (283, 321, 323, 793, 5.540, 252.31, -10.00, 5.542, 252.30, -9.97, 0.004, 221.25, 32.54);
insert into SHOT values (284, 323, 324, 793, 5.000, 290.31, -6.00, 4.999, 290.37, -6.09, 0.009, 41.55, -55.27);
insert into SHOT values (285, 324, 325, 793, 6.950, 286.31, -33.00, 6.953, 286.32, -32.93, 0.008, 295.88, 38.74);
insert into SHOT values (286, 325, 326, 793, 9.800, 243.31, -40.00, 9.805, 243.26, -39.98, 0.009, 196.89, -4.49);
insert into SHOT values (287, 326, 327, 793, 5.050, 184.31, -19.00, 5.050, 184.21, -19.07, 0.011, 81.50, -32.75);
insert into SHOT values (288, 327, 328, 793, 11.300, 330.31, -33.00, 11.305, 330.30, -32.96, 0.010, 317.82, 25.13);
insert into SHOT values (289, 328, 329, 793, 15.700, 327.31, -35.00, 15.692, 327.32, -35.00, 0.009, 125.29, 37.28);
insert into SHOT values (290, 329, 330, 793, 2.800, 294.31, -36.00, 2.806, 294.19, -36.02, 0.008, 245.04, -34.00);
insert into SHOT values (291, 330, 331, 793, 5.000, 29.31, 3.00, 5.008, 29.33, 2.98, 0.008, 41.77, -11.50);
insert into SHOT values (292, 331, 332, 793, 7.400, 359.31, -32.00, 7.395, 359.27, -32.01, 0.007, 222.57, 11.44);
insert into SHOT values (293, 332, 333, 793, 6.650, 358.31, -13.00, 6.654, 358.32, -13.03, 0.005, 14.24, -50.56);
insert into SHOT values (294, 333, 334, 793, 6.200, 347.31, -16.00, 6.196, 347.29, -16.02, 0.005, 193.26, -13.36);
insert into CENTRELINE values (794, 791, NULL, '2019-02-01', NULL, 318.22, 0.00, 0.00);
 insert into SHOT values (295, 335, 336, 794, 8.290, 110.31, 2.00, 8.288, 110.27, 2.01, 0.006, 2.46, 6.46);
insert into SHOT values (296, 336, 337, 794, 6.500, 115.31, 42.00, 6.504, 115.35, 41.97, 0.006, 144.86, 6.42);
insert into SHOT values (297, 337, 338, 794, 4.700, 111.31, 59.00, 4.699, 111.36, 59.06, 0.005, 267.79, 14.34);
insert into SHOT values (298, 338, 339, 794, 7.110, 177.31, 4.00, 7.105, 177.33, 3.95, 0.008, 332.13, -47.24);
insert into SHOT values (299, 339, 340, 794, 7.450, 172.31, -14.00, 7.456, 172.30, -13.97, 0.007, 154.41, 18.45);
insert into SHOT values (300, 340, 341, 794, 4.200, 138.31, 5.00, 4.195, 138.30, 5.06, 0.007, 329.68, 36.83);
insert into SHOT values (301, 341, 342, 794, 3.900, 106.31, 7.00, 3.905, 106.33, 6.91, 0.008, 119.38, -43.28);
insert into SHOT values (302, 342, 343, 794, 6.630, 147.31, 6.00, 6.631, 147.32, 6.06, 0.007, 239.31, 80.79);
insert into SHOT values (303, 343, 344, 794, 8.650, 217.31, 10.00, 8.643, 217.31, 9.99, 0.007, 34.94, -17.98);
insert into SHOT values (304, 344, 345, 794, 10.360, 114.31, 5.00, 10.355, 114.33, 4.99, 0.006, 260.33, -28.67);
insert into SHOT values (305, 345, 346, 794, 7.220, 158.31, 7.00, 7.222, 158.30, 7.00, 0.002, 121.76, 2.85);
insert into SHOT values (306, 346, 347, 794, 4.620, 113.31, 2.00, 4.621, 113.35, 1.98, 0.003, 184.99, -23.91);
insert into SHOT values (307, 347, 348, 794, 21.000, 167.31, 6.00, 20.996, 167.30, 6.01, 0.008, 30.36, 40.28);
insert into SHOT values (308, 348, 349, 794, 11.760, 144.31, 7.00, 11.768, 144.34, 6.98, 0.010, 175.50, -18.27);
insert into SHOT values (309, 349, 350, 794, 5.230, 143.31, 5.00, 5.222, 143.28, 5.05, 0.009, 340.83, 26.23);
insert into SHOT values (310, 350, 351, 794, 6.880, 167.31, 4.00, 6.885, 167.30, 4.00, 0.005, 149.21, 0.85);
insert into SHOT values (311, 351, 352, 794, 6.080, 167.31, 7.00, 6.081, 167.37, 6.99, 0.006, 243.78, -9.07);
insert into SHOT values (312, 352, 353, 794, 7.930, 151.31, 9.00, 7.929, 151.31, 9.00, 0.001, 11.81, -28.56);
insert into SHOT values (313, 353, 354, 794, 7.270, 164.31, 8.00, 7.270, 164.28, 7.99, 0.004, 72.30, -26.76);
insert into SHOT values (314, 354, 355, 794, 5.850, 172.31, 5.00, 5.845, 172.30, 5.01, 0.005, 4.39, 1.48);
insert into SHOT values (315, 355, 356, 794, 6.910, 168.31, 9.00, 6.916, 168.34, 8.98, 0.007, 201.30, -7.76);
insert into SHOT values (316, 356, 357, 794, 7.220, 165.31, 7.00, 7.219, 165.28, 7.00, 0.004, 56.36, 1.63);
insert into SHOT values (317, 357, 358, 794, 7.680, 172.31, 7.00, 7.676, 172.31, 7.03, 0.006, 3.90, 43.56);
insert into SHOT values (318, 358, 359, 794, 11.730, 176.31, 8.00, 11.727, 176.35, 7.99, 0.008, 284.20, -18.87);
insert into SHOT values (319, 359, 360, 794, 13.400, 163.31, 7.00, 13.400, 163.31, 6.99, 0.003, 91.50, -74.86);
insert into SHOT values (320, 360, 361, 794, 12.960, 171.31, 7.00, 12.965, 171.28, 7.00, 0.008, 120.83, 4.01);
insert into SHOT values (321, 361, 362, 794, 7.180, 163.31, 5.00, 7.178, 163.34, 5.04, 0.006, 290.19, 45.33);
insert into SHOT values (322, 362, 363, 794, 5.690, 154.31, 4.00, 5.694, 154.34, 3.93, 0.008, 184.78, -54.97);
insert into SHOT values (323, 363, 364, 794, 6.130, 180.31, 5.00, 6.124, 180.28, 5.06, 0.009, 26.58, 37.92);
insert into SHOT values (324, 364, 365, 794, 4.280, 137.31, 17.00, 4.277, 137.38, 16.99, 0.005, 254.43, -14.46);
insert into SHOT values (325, 365, 366, 794, 3.160, 191.31, -12.00, 3.159, 191.20, -12.06, 0.007, 81.92, -25.19);
insert into SHOT values (326, 366, 367, 794, 6.610, 166.31, 8.00, 6.608, 166.39, 8.00, 0.009, 268.56, 0.42);
insert into SHOT values (327, 367, 368, 794, 3.850, 184.31, 5.00, 3.855, 184.18, 5.06, 0.011, 123.27, 23.90);
insert into SHOT values (328, 368, 369, 794, 10.800, 150.31, 7.00, 10.798, 150.30, 6.97, 0.007, 21.14, -67.07);
insert into SHOT values (329, 369, 370, 794, 11.250, 168.31, 10.00, 11.251, 168.34, 10.03, 0.008, 261.90, 55.75);
insert into SHOT values (330, 370, 371, 794, 8.490, 139.31, 13.00, 8.486, 139.32, 13.01, 0.004, 311.98, 2.30);
insert into SHOT values (331, 371, 372, 794, 5.510, 182.31, 13.00, 5.515, 182.24, 12.99, 0.009, 130.20, 3.43);
insert into SHOT values (332, 372, 373, 794, 2.160, 199.31, 3.00, 2.157, 199.53, 2.92, 0.009, 310.51, -19.26);
insert into SHOT values (333, 373, 374, 794, 3.210, 163.31, 30.00, 3.214, 163.32, 29.86, 0.009, 166.37, -34.25);
insert into SHOT values (334, 374, 375, 794, 4.000, 162.31, 8.00, 3.996, 162.34, 8.06, 0.006, 317.66, 32.61);
insert into SHOT values (335, 375, 376, 794, 3.140, 205.31, -32.00, 3.137, 205.12, -31.95, 0.010, 108.14, 23.76);
insert into SHOT values (336, 376, 377, 794, 4.570, 176.31, 9.00, 4.565, 176.31, 8.95, 0.007, 355.98, -48.10);
insert into SHOT values (337, 377, 378, 794, 5.720, 195.31, 11.00, 5.726, 195.37, 10.97, 0.009, 238.48, -9.58);
insert into SHOT values (338, 378, 379, 794, 5.670, 142.31, 47.00, 5.675, 142.24, 47.00, 0.007, 88.86, 28.54);
insert into SHOT values (339, 379, 334, 794, 5.270, 200.31, 9.00, 5.269, 200.35, 8.95, 0.006, 294.76, -52.22);
insert into CENTRELINE values (795, 791, NULL, '2019-02-01', NULL, 108.67, 0.00, 0.00);
 insert into SHOT values (340, 380, 381, 795, 14.280, 155.31, 17.00, 14.286, 155.29, 17.01, 0.008, 108.91, 36.63);
insert into SHOT values (341, 381, 382, 795, 12.300, 189.31, -29.00, 12.303, 189.36, -28.97, 0.011, 246.73, 17.50);
insert into SHOT values (342, 382, 383, 795, 3.840, 184.31, -54.00, 3.842, 184.07, -54.05, 0.010, 85.85, -19.10);
insert into SHOT values (343, 383, 384, 795, 3.330, 143.31, -7.00, 3.327, 143.37, -7.08, 0.006, 275.35, -41.58);
insert into SHOT values (344, 384, 385, 795, 7.600, 145.31, 0.00, 7.598, 145.35, 0.00, 0.005, 261.53, 0.00);
insert into SHOT values (345, 385, 386, 795, 1.760, 76.31, -27.00, 1.766, 76.41, -26.94, 0.007, 99.57, -8.61);
insert into SHOT values (346, 386, 387, 795, 2.100, 69.31, 72.00, 2.104, 69.34, 71.95, 0.004, 75.56, 42.81);
insert into SHOT values (347, 387, 388, 795, 3.150, 111.31, -1.00, 3.144, 111.26, -0.91, 0.008, 318.68, 38.48);
insert into SHOT values (348, 388, 389, 795, 2.940, 124.31, 55.00, 2.932, 124.35, 54.95, 0.009, 281.54, -70.66);
insert into SHOT values (349, 389, 390, 795, 4.580, 165.31, 8.00, 4.583, 165.32, 8.03, 0.004, 179.02, 42.96);
insert into SHOT values (350, 390, 391, 795, 2.670, 229.31, -13.00, 2.670, 229.21, -12.98, 0.005, 145.59, 7.37);
insert into SHOT values (351, 391, 392, 795, 6.620, 154.31, 8.00, 6.612, 154.30, 8.00, 0.008, 348.19, -9.58);
insert into SHOT values (352, 392, 393, 795, 7.620, 158.31, -40.00, 7.626, 158.31, -39.98, 0.007, 154.28, -16.53);
insert into SHOT values (353, 393, 394, 795, 24.900, 179.31, 80.00, 24.908, 179.34, 80.01, 0.009, 331.82, 64.22);
insert into SHOT values (354, 394, 395, 795, 4.980, 141.31, 78.00, 4.980, 141.25, 77.96, 0.004, 122.78, -19.44);
insert into SHOT values (355, 395, 335, 795, 6.000, 131.31, -6.00, 5.999, 131.33, -6.03, 0.004, 250.70, -52.61);
insert into SURVEY values (797, 789, 'ResurgenceHongo', 'ResurgenceHongo.107.UltimaPatagonia', 'Resurgence Hongo');
 insert into CENTRELINE values (798, 797, NULL, NULL, NULL, 0.00, 0.00, 0.00);
 insert into CENTRELINE values (799, 797, NULL, '2019-01-01', NULL, 358.00, 0.00, 0.00);
 insert into SHOT values (356, 396, 397, 799, 10.000, 44.28, -71.81, 10.001, 44.22, -71.79, 0.004, 0.30, -0.00);
insert into SHOT values (357, 397, 398, 799, 10.000, 44.28, -44.43, 10.001, 44.32, -44.42, 0.005, 124.68, 0.00);
insert into SHOT values (358, 398, 399, 799, 5.000, 44.28, -23.58, 5.000, 44.29, -23.58, 0.001, 143.27, 0.00);
insert into SHOT values (359, 399, 400, 799, 5.000, 64.28, -34.06, 4.999, 64.24, -34.06, 0.003, 317.60, 0.00);
insert into SHOT values (360, 400, 401, 799, 10.000, 114.28, 25.47, 10.003, 114.32, 25.46, 0.008, 178.39, 0.00);
insert into SHOT values (361, 401, 402, 799, 5.000, 104.28, 0.00, 4.994, 104.26, 0.00, 0.006, 300.11, 0.00);
insert into SHOT values (362, 402, 403, 799, 8.000, 84.28, -5.74, 8.000, 84.23, -5.74, 0.007, 357.80, 0.00);
insert into SHOT values (363, 403, 404, 799, 12.000, 144.28, 0.95, 12.010, 144.28, 0.95, 0.010, 151.32, 0.00);
insert into SHOT values (364, 404, 405, 799, 5.000, 164.28, 18.66, 4.999, 164.32, 18.67, 0.004, 268.10, 0.00);
insert into SHOT values (365, 405, 406, 799, 12.000, 149.28, 4.78, 12.000, 149.27, 4.78, 0.001, 85.10, 0.00);
insert into SHOT values (366, 406, 407, 799, 3.000, 184.28, 0.00, 2.998, 184.21, 0.00, 0.004, 66.86, 0.00);
insert into SHOT values (367, 407, 408, 799, 3.000, 154.28, 9.59, 2.994, 154.30, 9.61, 0.006, 322.75, 0.00);
insert into SHOT values (368, 408, 409, 799, 4.000, 126.28, 33.37, 4.000, 126.36, 33.37, 0.004, 223.03, 0.00);
insert into SHOT values (369, 409, 410, 799, 7.000, 19.28, 64.16, 7.000, 19.33, 64.15, 0.003, 92.76, 0.00);
insert into SHOT values (370, 410, 411, 799, 8.000, 154.28, 7.18, 8.002, 154.24, 7.18, 0.005, 81.34, 0.00);
insert into SHOT values (371, 411, 412, 799, 3.000, 134.28, 0.00, 2.991, 134.32, 0.00, 0.009, 299.57, 0.00);
insert into SHOT values (372, 412, 413, 799, 10.000, 134.28, 7.47, 10.006, 134.31, 7.46, 0.008, 170.79, 0.00);
insert into SHOT values (373, 413, 414, 799, 5.000, 134.28, 8.05, 4.999, 134.18, 8.05, 0.008, 40.79, 0.00);
insert into SHOT values (374, 414, 415, 799, 7.000, 144.28, 0.00, 7.002, 144.36, 0.00, 0.010, 224.84, 0.00);
insert into SHOT values (375, 415, 416, 799, 8.000, 154.28, 0.00, 7.997, 154.20, 0.00, 0.011, 47.72, 0.00);
insert into SHOT values (376, 416, 417, 799, 6.000, 134.28, 24.62, 5.998, 134.33, 24.63, 0.005, 248.05, 0.00);
insert into SHOT values (377, 417, 418, 799, 9.000, 164.28, 3.18, 9.001, 164.25, 3.18, 0.005, 90.58, 0.00);
insert into SHOT values (378, 418, 419, 799, 5.000, 154.28, -23.58, 4.998, 154.39, -23.59, 0.009, 260.46, 0.00);
insert into SHOT values (379, 419, 420, 799, 5.000, 134.28, -27.39, 5.001, 134.27, -27.38, 0.002, 108.45, 0.00);
insert into SHOT values (380, 420, 421, 799, 5.000, 139.28, -8.05, 4.999, 139.26, -8.05, 0.002, 6.25, 0.00);
insert into SHOT values (381, 421, 422, 799, 5.000, 164.28, -11.54, 5.005, 164.26, -11.53, 0.005, 148.78, 0.00);
insert into SHOT values (382, 422, 423, 799, 10.000, 164.28, 9.21, 9.997, 164.30, 9.21, 0.005, 292.33, 0.00);
insert into SHOT values (383, 423, 424, 799, 2.000, 174.28, 23.58, 1.997, 174.04, 23.61, 0.008, 61.79, 0.00);
insert into SHOT values (384, 424, 425, 799, 7.000, 194.28, 7.39, 7.004, 194.34, 7.38, 0.008, 251.93, 0.00);
insert into SHOT values (385, 425, 426, 799, 16.000, 174.28, 0.72, 16.001, 174.26, 0.72, 0.005, 100.38, 0.00);
insert into SHOT values (386, 426, 427, 799, 10.000, 144.28, -23.58, 9.999, 144.28, -23.58, 0.001, 312.24, 0.00);
insert into SHOT values (387, 427, 428, 799, 5.000, 114.28, -1.15, 5.005, 114.31, -1.14, 0.006, 145.24, 0.00);
insert into SHOT values (388, 428, 429, 799, 9.000, 114.28, -18.80, 8.993, 114.28, -18.81, 0.007, 296.68, -0.00);
insert into SHOT values (389, 429, 430, 799, 10.000, 74.28, -5.74, 10.003, 74.26, -5.74, 0.005, 30.06, -0.00);
insert into SHOT values (390, 430, 431, 799, 3.000, 94.28, -9.59, 3.000, 94.27, -9.59, 0.001, 16.27, 0.00);
insert into SHOT values (391, 431, 432, 799, 3.000, 134.28, -53.13, 3.002, 134.33, -53.08, 0.004, 158.81, 0.00);
insert into SHOT values (392, 432, 433, 799, 3.000, 104.28, -21.51, 3.005, 104.28, -21.47, 0.005, 107.29, 0.00);
insert into SHOT values (393, 433, 434, 799, 12.000, 49.28, -11.05, 11.993, 49.27, -11.06, 0.007, 240.95, 0.00);
insert into SHOT values (394, 434, 435, 799, 10.000, 64.28, -49.46, 10.005, 64.22, -49.43, 0.011, 26.74, -0.00);
insert into SHOT values (395, 435, 436, 799, 11.000, 104.28, -20.77, 10.994, 104.31, -20.78, 0.008, 247.47, 0.00);
insert into SHOT values (396, 436, 437, 799, 11.000, 94.28, 65.38, 11.000, 94.25, 65.38, 0.002, 5.89, 0.00);
insert into SHOT values (397, 437, 438, 799, 8.000, 74.28, -1.43, 8.000, 74.33, -1.43, 0.007, 166.51, -0.00);
insert into SHOT values (398, 438, 439, 799, 5.000, 44.28, 12.71, 5.009, 44.25, 12.69, 0.009, 30.94, 0.00);
insert into SHOT values (399, 439, 440, 799, 5.000, 34.28, 1.15, 4.996, 34.23, 1.15, 0.006, 262.77, 0.00);
insert into SHOT values (400, 440, 441, 799, 5.000, 54.28, 0.00, 5.001, 54.28, 0.00, 0.001, 39.55, 0.00);
insert into SHOT values (401, 441, 442, 799, 5.000, 14.28, 47.73, 4.994, 14.33, 47.81, 0.009, 176.65, 0.00);
insert into SHOT values (402, 442, 443, 799, 5.000, 234.28, 9.21, 5.001, 234.31, 9.20, 0.003, 298.36, -0.00);
insert into SHOT values (403, 443, 444, 799, 7.000, 154.28, -0.82, 6.996, 154.24, -0.82, 0.006, 22.32, -0.00);
insert into SHOT values (404, 444, 445, 799, 2.000, 184.28, 11.54, 2.005, 184.09, 11.51, 0.009, 133.40, 0.00);
insert into SHOT values (405, 445, 446, 799, 5.000, 154.28, 41.30, 4.997, 154.25, 41.33, 0.004, 357.05, 0.00);
insert into SHOT values (406, 446, 447, 799, 5.000, 344.28, 49.46, 5.001, 344.30, 49.45, 0.002, 14.42, 0.00);
insert into SHOT values (407, 447, 448, 799, 9.000, 164.28, 1.91, 8.999, 164.33, 1.91, 0.007, 258.40, 0.00);
insert into SURVEY values (801, 789, 'GouffreChameau', 'GouffreChameau.107.UltimaPatagonia', 'Gouffre du Chameau');
 insert into CENTRELINE values (802, 801, NULL, NULL, NULL, 0.00, 0.00, 0.00);
 insert into CENTRELINE values (803, 801, NULL, '2019-01-31', NULL, 162.06, 0.00, 0.00);
 insert into SHOT values (408, 449, 450, 803, 4.560, 324.02, 48.10, 4.562, 323.96, 48.18, 0.007, 189.34, 54.31);
insert into SHOT values (409, 450, 451, 803, 7.390, 255.12, 24.80, 7.395, 255.16, 24.78, 0.007, 295.61, 1.95);
insert into SHOT values (410, 451, 452, 803, 4.710, 328.82, 19.30, 4.705, 328.82, 19.24, 0.008, 149.96, -62.79);
insert into SHOT values (411, 452, 453, 803, 3.320, 325.92, 10.70, 3.320, 325.87, 10.76, 0.004, 223.81, 54.18);
insert into SHOT values (412, 453, 454, 803, 3.820, 295.82, -31.60, 3.821, 295.86, -31.56, 0.004, 340.27, 26.13);
insert into SHOT values (413, 454, 455, 803, 3.210, 238.52, 15.40, 3.204, 238.37, 15.39, 0.010, 112.18, -13.84);
insert into SHOT values (414, 455, 456, 803, 5.760, 305.02, 28.70, 5.764, 305.01, 28.72, 0.005, 293.48, 59.05);
insert into SHOT values (415, 456, 457, 803, 7.450, 343.52, 14.60, 7.449, 343.48, 14.62, 0.006, 234.27, 21.33);
insert into SHOT values (416, 452, 458, 803, 30.310, 69.02, 88.00, 30.319, 69.00, 88.00, 0.009, 63.12, 72.71);
insert into SHOT values (417, 458, 459, 803, 3.280, 117.82, 31.30, 3.280, 117.84, 31.22, 0.005, 151.15, -57.97);
insert into SHOT values (418, 459, 460, 803, 16.360, 90.12, 65.50, 16.361, 90.08, 65.52, 0.006, 310.46, 27.85);
insert into SHOT values (419, 460, 461, 803, 6.020, 1.02, 60.60, 6.014, 0.97, 60.62, 0.007, 206.65, -41.38);
insert into SHOT values (420, 461, 462, 803, 15.870, 206.22, 11.70, 15.867, 206.20, 11.71, 0.006, 70.90, 18.49);
insert into SHOT values (421, 449, 463, 803, 50.000, 14.32, -90.00, 50.000, 90.00, -90.00, 0.000, 14.32, 0.00);
insert into SURVEY values (805, 789, 'CuevaCaboVertical', 'CuevaCaboVertical.107.UltimaPatagonia', 'Cueva Cabo Vertical');
 insert into CENTRELINE values (806, 805, NULL, NULL, NULL, 0.00, 0.00, 0.00);
 insert into CENTRELINE values (807, 805, NULL, '2020-02-15', NULL, 344.78, 0.00, 0.00);
 insert into SHOT values (422, 464, 465, 807, 19.600, 347.22, -27.00, 19.599, 347.23, -27.01, 0.003, 116.86, -33.00);
insert into SHOT values (423, 465, 466, 807, 15.160, 328.22, -18.00, 15.165, 328.21, -17.98, 0.009, 294.84, 30.99);
insert into SHOT values (424, 466, 467, 807, 18.560, 249.72, 14.50, 18.554, 249.71, 14.48, 0.009, 115.92, -50.79);
insert into SHOT values (425, 467, 468, 807, 12.200, 336.22, -6.30, 12.202, 336.22, -6.26, 0.009, 345.36, 70.48);
insert into SHOT values (426, 468, 469, 807, 13.000, 241.22, 36.00, 13.003, 241.19, 35.98, 0.007, 194.09, -9.68);
insert into SHOT values (427, 469, 470, 807, 5.100, 308.22, 1.20, 5.099, 308.31, 1.12, 0.010, 47.67, -41.10);
insert into SHOT values (428, 470, 471, 807, 13.900, 17.82, 30.50, 13.900, 17.80, 30.53, 0.008, 251.40, 41.29);
insert into SHOT values (429, 471, 472, 807, 12.200, 335.22, 23.00, 12.202, 335.26, 23.01, 0.008, 60.65, 22.27);
insert into SHOT values (430, 472, 473, 807, 7.600, 10.22, 29.00, 7.595, 10.14, 28.98, 0.011, 260.58, -24.98);
insert into SHOT values (431, 473, 474, 807, 5.500, 319.22, 10.50, 5.494, 319.20, 10.49, 0.006, 158.24, -22.58);
insert into SHOT values (432, 474, 475, 807, 6.500, 294.22, 4.00, 6.497, 294.23, 4.06, 0.007, 95.25, 63.23);
insert into SHOT values (433, 475, 476, 807, 3.380, 317.22, -2.00, 3.378, 317.28, -2.04, 0.005, 81.59, -25.93);
insert into SHOT values (434, 476, 477, 807, 5.500, 0.22, 36.00, 5.499, 0.13, 35.97, 0.008, 273.47, -21.19);
insert into SHOT values (435, 470, 478, 807, 10.370, 304.32, -3.70, 10.370, 304.29, -3.70, 0.006, 215.38, -7.58);
insert into SHOT values (436, 466, 479, 807, 26.600, 49.22, 21.50, 26.604, 49.24, 21.50, 0.010, 116.14, 6.23);
insert into SHOT values (437, 479, 480, 807, 19.760, 114.92, 27.10, 19.756, 114.92, 27.10, 0.004, 313.72, -23.72);
insert into SHOT values (438, 480, 481, 807, 9.780, 46.72, 23.30, 9.782, 46.71, 23.30, 0.003, 11.61, 34.40);
insert into SHOT values (439, 481, 482, 807, 11.710, 323.32, 0.40, 11.712, 323.30, 0.39, 0.006, 257.19, -16.88);
insert into SHOT values (440, 482, 483, 807, 18.080, 356.12, -12.80, 18.080, 356.13, -12.81, 0.005, 98.21, -61.85);
insert into SHOT values (441, 483, 484, 807, 31.390, 284.62, 14.00, 31.391, 284.62, 14.01, 0.006, 44.00, 75.37);
insert into SHOT values (442, 484, 485, 807, 17.090, 319.22, -2.60, 17.091, 319.23, -2.62, 0.005, 12.94, -67.20);
insert into SHOT values (443, 485, 486, 807, 10.050, 309.72, -3.50, 10.053, 309.70, -3.48, 0.006, 261.84, 38.24);
insert into SHOT values (444, 486, 487, 807, 9.040, 328.82, -6.30, 9.032, 328.81, -6.29, 0.008, 167.39, 14.39);
insert into SHOT values (445, 487, 488, 807, 10.980, 341.22, -1.90, 10.980, 341.23, -1.93, 0.006, 86.93, -67.20);
insert into SHOT values (446, 486, 489, 807, 15.950, 282.62, 21.90, 15.948, 282.61, 21.91, 0.004, 161.23, 11.58);
insert into SHOT values (447, 489, 490, 807, 7.780, 315.22, -1.20, 7.780, 315.21, -1.25, 0.007, 223.16, -75.06);
insert into SHOT values (448, 490, 491, 807, 8.000, 315.22, -80.00, 7.991, 315.58, -80.01, 0.013, 65.34, 42.19);
insert into SURVEY values (809, 789, 'DuchasDeSanPedro', 'DuchasDeSanPedro.107.UltimaPatagonia', 'Las duchas de San Pedro');
 insert into CENTRELINE values (810, 809, NULL, NULL, NULL, 0.00, 0.00, 0.00);
 insert into CENTRELINE values (811, 809, NULL, '2017-02-01', NULL, 35.35, 0.00, 0.00);
 insert into SHOT values (449, 492, 493, 811, 4.440, 163.69, 36.40, 4.436, 163.75, 36.36, 0.006, 268.28, -52.31);
insert into SHOT values (450, 493, 494, 811, 0.000, 14.49, 0.00, 0.000, 90.00, 0.00, 0.000, 90.00, 0.00);
insert into SHOT values (451, 493, 495, 811, 7.760, 173.39, 34.10, 7.757, 173.38, 34.11, 0.003, 3.91, -10.46);
insert into SHOT values (452, 495, 496, 811, 3.940, 113.89, 38.10, 3.944, 113.93, 38.03, 0.007, 130.82, -9.46);
insert into SHOT values (453, 496, 497, 811, 13.000, 145.99, 43.90, 13.001, 145.97, 43.93, 0.007, 5.38, 50.64);
insert into SHOT values (454, 497, 498, 811, 6.210, 125.69, 26.00, 6.209, 125.74, 25.98, 0.006, 220.56, -24.35);
insert into CENTRELINE values (812, 809, NULL, NULL, NULL, 61.00, 0.00, 0.00);
 insert into SHOT values (455, 492, 499, 812, 5.000, 335.80, -42.84, 4.997, 335.82, -42.88, 0.005, 145.35, -0.00);
insert into SHOT values (456, 499, 500, 812, 11.000, 350.80, -38.18, 11.005, 350.76, -38.16, 0.009, 301.51, -0.00);
insert into SHOT values (457, 500, 501, 812, 9.000, 345.80, -25.68, 8.997, 345.79, -25.69, 0.003, 188.46, 0.00);
insert into SHOT values (458, 501, 502, 812, 4.000, 355.80, -46.47, 4.002, 355.84, -46.45, 0.003, 35.31, 0.00);
insert into SHOT values (459, 502, 503, 812, 17.000, 5.80, -9.48, 16.999, 5.82, -9.48, 0.005, 110.98, 0.00);
insert into SHOT values (460, 503, 504, 812, 10.000, 55.80, 7.47, 9.998, 55.81, 7.47, 0.003, 194.73, -0.00);
insert into SHOT values (461, 504, 505, 812, 5.000, 85.80, 28.69, 4.997, 85.68, 28.71, 0.010, 332.73, 0.00);
insert into CENTRELINE values (813, 809, NULL, NULL, NULL, 45.00, 0.00, 0.00);
 insert into SHOT values (462, 505, 506, 813, 6.500, 95.80, 30.51, 6.499, 95.84, 30.51, 0.004, 198.49, 0.00);
insert into SHOT values (463, 506, 507, 813, 6.500, 120.80, 28.48, 6.504, 120.83, 28.47, 0.005, 148.86, -0.00);
insert into SHOT values (464, 507, 508, 813, 7.000, 75.80, 35.85, 7.001, 75.72, 35.85, 0.008, 357.92, 0.00);
insert into SHOT values (465, 508, 509, 813, 7.000, 30.80, 0.82, 7.001, 30.85, 0.82, 0.006, 108.80, 0.00);
insert into SHOT values (466, 509, 510, 813, 5.000, 5.80, -6.89, 5.001, 5.78, -6.89, 0.002, 311.45, -0.00);
insert into SHOT values (467, 510, 511, 813, 13.000, 20.80, -38.54, 12.996, 20.81, -38.56, 0.005, 190.81, 0.00);
insert into CENTRELINE values (814, 809, NULL, NULL, NULL, 126.33, 0.00, 0.00);
 insert into SHOT values (468, 494, 512, 814, 12.620, 45.80, 21.50, 12.626, 45.79, 21.51, 0.007, 24.47, 45.85);
insert into SHOT values (469, 512, 513, 814, 1.620, 329.80, -19.20, 1.621, 329.74, -19.46, 0.008, 191.72, -72.27);
insert into SHOT values (470, 513, 514, 814, 5.930, 58.10, 23.50, 5.933, 58.15, 23.55, 0.007, 139.60, 48.79);
insert into SHOT values (471, 514, 515, 814, 14.960, 5.10, -31.30, 14.957, 5.07, -31.30, 0.007, 252.72, 16.08);
insert into SHOT values (472, 515, 516, 814, 9.720, 170.80, 30.20, 9.719, 170.75, 30.21, 0.008, 69.02, 4.86);
insert into SHOT values (473, 516, 517, 814, 8.660, 69.20, 23.60, 8.659, 69.19, 23.55, 0.007, 33.30, -69.68);
insert into SHOT values (474, 517, 518, 814, 18.160, 121.20, 39.40, 18.160, 121.21, 39.41, 0.004, 264.46, 47.55);
insert into SHOT values (475, 518, 519, 814, 5.620, 158.60, 38.20, 5.621, 158.61, 38.25, 0.005, 326.34, 61.37);
insert into SHOT values (476, 517, 520, 814, 10.890, 335.80, -47.70, 10.885, 335.74, -47.69, 0.009, 228.68, 30.65);
insert into SHOT values (477, 520, 521, 814, 7.460, 334.90, -26.00, 7.465, 334.96, -25.98, 0.009, 26.88, 1.57);
insert into SHOT values (478, 514, 522, 814, 4.080, 136.80, 33.90, 4.079, 136.79, 33.82, 0.006, 125.12, -67.68);
insert into SHOT values (479, 522, 523, 814, 7.190, 131.30, 42.90, 7.187, 131.30, 42.98, 0.011, 312.90, 31.16);
insert into SHOT values (480, 523, 524, 814, 5.560, 177.60, 44.30, 5.561, 177.55, 44.24, 0.006, 140.65, -30.22);
insert into SHOT values (481, 524, 525, 814, 6.050, 127.50, 29.80, 6.050, 127.57, 29.83, 0.007, 232.05, 27.52);
insert into SHOT values (482, 525, 526, 814, 3.570, 50.50, 26.70, 3.575, 50.58, 26.59, 0.010, 81.15, -24.13);
insert into SHOT values (483, 525, 527, 814, 4.240, 182.00, 30.60, 4.234, 181.89, 30.67, 0.011, 45.56, 9.05);
insert into SURVEY values (816, 789, 'GouffreCasque', 'GouffreCasque.107.UltimaPatagonia', 'Gouffre Casque');
 insert into CENTRELINE values (817, 816, NULL, NULL, NULL, 0.00, 0.00, 0.00);
 insert into CENTRELINE values (818, 816, NULL, '2017-02-01', NULL, 123.31, 0.00, 0.00);
 insert into SHOT values (484, 528, 529, 818, 11.980, 288.09, -23.60, 11.982, 288.09, -23.56, 0.008, 287.17, 52.37);
insert into SHOT values (485, 529, 530, 818, 7.000, 323.19, -17.40, 7.002, 323.22, -17.45, 0.007, 47.30, -64.79);
insert into SHOT values (486, 530, 531, 818, 6.140, 318.49, -12.60, 6.141, 318.52, -12.60, 0.003, 25.12, -10.51);
insert into SHOT values (487, 531, 532, 818, 2.300, 357.09, -40.50, 2.293, 357.04, -40.54, 0.008, 190.01, 28.82);
insert into SHOT values (488, 532, 533, 818, 11.260, 253.79, -36.30, 11.259, 253.80, -36.33, 0.007, 48.67, -36.86);
insert into SHOT values (489, 533, 534, 818, 7.100, 215.99, -50.10, 7.094, 216.06, -50.08, 0.009, 323.10, 47.60);
insert into SHOT values (490, 534, 535, 818, 5.500, 237.69, -39.20, 5.502, 237.65, -39.24, 0.005, 128.74, -53.33);
insert into SHOT values (491, 535, 536, 818, 9.250, 217.89, -35.80, 9.250, 217.91, -35.79, 0.003, 288.70, 17.56);
insert into SHOT values (492, 536, 537, 818, 4.500, 208.19, -47.10, 4.500, 208.07, -47.16, 0.008, 90.59, -26.88);
insert into SHOT values (493, 537, 538, 818, 3.540, 317.69, -56.70, 3.539, 317.51, -56.77, 0.008, 193.15, -9.47);
insert into SHOT values (494, 538, 539, 818, 5.100, 293.79, -77.50, 5.092, 294.02, -77.46, 0.010, 0.69, 62.48);
insert into SHOT values (495, 539, 540, 818, 8.930, 304.19, -80.80, 8.934, 304.14, -80.82, 0.005, 156.09, -62.90);
insert into SHOT values (496, 540, 541, 818, 2.800, 334.79, 12.30, 2.807, 334.74, 12.34, 0.008, 315.96, 27.45);
insert into SHOT values (497, 541, 542, 818, 10.630, 310.39, 39.70, 10.630, 310.39, 39.70, 0.001, 306.32, -8.24);
insert into SHOT values (498, 542, 543, 818, 1.370, 263.19, 4.30, 1.374, 262.87, 4.17, 0.009, 203.67, -17.34);
insert into SHOT values (499, 543, 544, 818, 10.540, 268.59, -50.60, 10.531, 268.63, -50.62, 0.010, 59.41, 26.31);
insert into SHOT values (500, 544, 545, 818, 2.370, 188.39, 8.00, 2.368, 188.58, 7.77, 0.013, 283.50, -51.53);
insert into SHOT values (501, 545, 546, 818, 13.000, 276.69, -72.70, 12.998, 276.68, -72.70, 0.002, 236.59, 74.39);
insert into CENTRELINE values (819, 816, NULL, '2017-02-01', NULL, 84.98, 0.00, 0.00);
 insert into SHOT values (502, 547, 548, 819, 4.780, 268.49, 86.10, 4.781, 268.21, 86.16, 0.005, 105.92, 11.62);
insert into SHOT values (503, 548, 549, 819, 20.000, 158.49, 90.00, 20.000, 90.00, 90.00, 0.000, 158.49, 0.00);
insert into SHOT values (504, 549, 550, 819, 3.330, 200.49, 11.50, 3.333, 200.43, 11.59, 0.007, 146.29, 57.16);
insert into SHOT values (505, 550, 551, 819, 4.400, 221.79, 32.50, 4.397, 221.94, 32.46, 0.011, 314.17, -22.63);
insert into SHOT values (506, 551, 552, 819, 16.750, 14.49, 90.00, 16.750, 90.00, 90.00, 0.000, 14.49, 0.00);
insert into SHOT values (507, 552, 553, 819, 3.940, 170.79, -0.80, 3.941, 170.80, -0.73, 0.005, 207.77, 75.05);
insert into SHOT values (508, 553, 554, 819, 6.340, 121.49, 48.90, 6.339, 121.48, 48.81, 0.010, 116.95, -48.54);
insert into SHOT values (509, 554, 555, 819, 1.230, 91.79, 7.10, 1.230, 91.88, 7.01, 0.003, 179.20, -46.93);
insert into SHOT values (510, 555, 556, 819, 1.350, 136.09, -3.20, 1.346, 136.21, -2.98, 0.007, 282.24, 47.37);
insert into SHOT values (511, 556, 557, 819, 3.270, 68.89, 6.90, 3.271, 68.89, 6.85, 0.003, 64.38, -58.65);
insert into SHOT values (512, 557, 558, 819, 3.060, 114.89, 60.00, 3.060, 114.72, 60.00, 0.004, 28.18, -0.49);
insert into SHOT values (513, 558, 559, 819, 4.990, 19.29, 34.80, 4.992, 19.23, 34.81, 0.005, 304.98, 26.31);
insert into SHOT values (514, 559, 546, 819, 11.540, 48.59, 27.30, 11.536, 48.60, 27.29, 0.004, 195.04, -42.13);
insert into CENTRELINE values (820, 816, NULL, '2017-02-15', NULL, 300.69, 0.00, 0.00);
 insert into SHOT values (515, 560, 561, 820, 3.090, 46.99, -23.20, 3.095, 46.99, -23.22, 0.005, 50.93, -33.08);
insert into SHOT values (516, 561, 562, 820, 2.610, 353.39, 10.80, 2.614, 353.29, 10.80, 0.006, 304.17, 9.10);
insert into SHOT values (517, 562, 563, 820, 1.300, 306.49, -2.00, 1.295, 306.52, -1.77, 0.007, 119.81, 45.81);
insert into SHOT values (518, 563, 564, 820, 1.640, 265.19, 9.10, 1.647, 265.06, 9.08, 0.008, 236.63, 4.67);
insert into SHOT values (519, 564, 565, 820, 1.560, 348.39, -7.30, 1.564, 348.47, -7.35, 0.005, 18.42, -21.39);
insert into SHOT values (520, 565, 547, 820, 6.640, 146.49, 72.00, 6.635, 146.54, 72.01, 0.006, 285.85, -59.52);
insert into SHOT values (521, 565, 566, 820, 4.440, 61.39, 6.30, 4.444, 61.46, 6.33, 0.007, 120.13, 22.83);
insert into SHOT values (522, 566, 567, 820, 2.750, 339.69, -46.40, 2.758, 339.66, -46.49, 0.009, 310.70, -75.23);
insert into SHOT values (523, 567, 568, 820, 1.830, 339.99, -25.20, 1.835, 339.93, -25.16, 0.005, 320.85, -8.78);
insert into SHOT values (524, 568, 569, 820, 2.100, 321.43, 4.40, 2.100, 321.60, 4.64, 0.011, 61.33, 54.99);
insert into SHOT values (525, 569, 570, 820, 1.730, 25.99, 18.30, 1.724, 26.10, 18.26, 0.007, 177.66, -26.54);
insert into SHOT values (526, 570, 571, 820, 1.340, 313.29, 4.20, 1.348, 313.19, 4.25, 0.008, 296.88, 12.94);
insert into SHOT values (527, 571, 572, 820, 1.090, 283.59, 4.10, 1.082, 283.39, 4.24, 0.009, 128.77, 13.38);
insert into SHOT values (528, 572, 573, 820, 2.300, 335.49, -30.00, 2.307, 335.48, -29.89, 0.008, 334.58, -0.00);
insert into SHOT values (529, 573, 574, 820, 2.550, 320.59, -22.90, 2.549, 320.54, -23.10, 0.009, 164.51, -56.80);
insert into SHOT values (530, 574, 575, 820, 1.880, 289.79, -9.70, 1.886, 289.80, -9.46, 0.010, 292.54, 44.70);
insert into SHOT values (531, 575, 576, 820, 1.510, 328.09, -16.50, 1.508, 328.29, -16.56, 0.006, 79.43, -11.86);
insert into SHOT values (532, 576, 577, 820, 1.480, 243.99, 28.30, 1.478, 244.03, 28.27, 0.002, 37.05, -41.80);
insert into SHOT values (533, 577, 578, 820, 1.560, 293.19, -23.30, 1.562, 292.99, -23.38, 0.006, 215.48, -29.92);
insert into SHOT values (534, 578, 579, 820, 2.420, 257.89, -15.60, 2.421, 257.87, -15.57, 0.002, 226.80, 29.17);
insert into SHOT values (535, 579, 580, 820, 3.190, 358.19, 41.40, 3.189, 358.32, 41.43, 0.006, 106.42, 4.05);
insert into SHOT values (536, 580, 581, 820, 4.090, 189.49, -26.70, 4.089, 189.62, -26.74, 0.009, 297.02, -14.92);
insert into SHOT values (537, 581, 582, 820, 4.130, 275.59, -14.60, 4.122, 275.61, -14.61, 0.008, 84.21, 7.76);
insert into SHOT values (538, 582, 583, 820, 3.370, 23.79, 1.70, 3.364, 23.67, 1.70, 0.009, 255.12, 0.16);
insert into SHOT values (539, 583, 584, 820, 4.220, 273.39, -0.50, 4.218, 273.40, -0.41, 0.007, 77.15, 69.71);
insert into SHOT values (540, 584, 585, 820, 2.150, 30.79, 20.00, 2.155, 30.87, 19.80, 0.009, 52.96, -36.14);
insert into SHOT values (541, 585, 586, 820, 1.450, 58.69, -25.80, 1.441, 58.88, -25.92, 0.010, 212.31, 6.21);
insert into SHOT values (542, 586, 587, 820, 2.960, 1.69, -10.40, 2.961, 1.77, -10.51, 0.007, 91.46, -53.43);
insert into SHOT values (543, 587, 588, 820, 2.110, 301.79, -19.80, 2.113, 301.85, -19.64, 0.007, 328.77, 44.05);
insert into SHOT values (544, 588, 589, 820, 2.730, 22.69, 1.70, 2.731, 22.62, 1.68, 0.004, 312.76, -15.79);
insert into SHOT values (545, 589, 590, 820, 2.190, 318.69, 3.80, 2.188, 318.72, 3.93, 0.006, 118.25, 59.25);
insert into SHOT values (546, 590, 591, 820, 1.910, 349.09, -22.30, 1.906, 349.20, -22.51, 0.009, 139.15, -37.29);
insert into SHOT values (547, 591, 592, 820, 1.420, 299.29, 21.20, 1.428, 299.26, 21.36, 0.009, 293.59, 48.09);
insert into SHOT values (548, 592, 593, 820, 4.550, 48.29, -9.00, 4.555, 48.33, -9.09, 0.010, 92.09, -57.64);
insert into SHOT values (549, 593, 594, 820, 4.030, 271.19, -3.70, 4.029, 271.14, -3.70, 0.004, 167.93, 1.06);
insert into SHOT values (550, 594, 595, 820, 1.680, 327.09, -16.90, 1.684, 326.90, -16.91, 0.007, 274.55, -13.73);
insert into SHOT values (551, 595, 596, 820, 3.960, 55.19, -10.50, 3.966, 55.13, -10.46, 0.008, 23.55, 11.89);
insert into SHOT values (552, 596, 597, 820, 2.620, 337.39, -1.20, 2.623, 337.35, -1.09, 0.006, 303.52, 54.52);
insert into SHOT values (553, 597, 598, 820, 2.270, 355.39, 11.40, 2.263, 355.34, 11.47, 0.008, 187.86, 9.25);
insert into SHOT values (554, 598, 599, 820, 2.800, 247.79, -33.30, 2.795, 247.83, -33.44, 0.009, 54.74, -18.69);
insert into SHOT values (555, 599, 600, 820, 3.690, 12.19, -16.90, 3.687, 12.11, -16.87, 0.006, 259.05, 25.92);
insert into SHOT values (556, 600, 601, 820, 2.130, 337.49, 10.90, 2.127, 337.49, 10.84, 0.004, 160.32, -49.84);
insert into SHOT values (557, 601, 602, 820, 2.960, 346.59, -4.00, 2.957, 346.67, -4.07, 0.006, 115.00, -33.26);
insert into SHOT values (558, 602, 603, 820, 3.060, 39.19, -10.80, 3.060, 39.20, -10.74, 0.003, 66.84, 77.28);
insert into SHOT values (559, 603, 604, 820, 4.050, 332.49, -17.20, 4.059, 332.51, -17.19, 0.009, 341.52, -14.70);
insert into SHOT values (560, 604, 605, 820, 2.970, 12.19, 3.40, 2.961, 12.11, 3.48, 0.011, 216.91, 21.25);
insert into SHOT values (561, 605, 606, 820, 2.260, 293.39, 5.50, 2.259, 293.60, 5.59, 0.009, 34.24, 21.86);
insert into SHOT values (562, 606, 607, 820, 1.580, 337.19, 9.50, 1.572, 337.24, 9.52, 0.008, 147.19, -5.77);
insert into SHOT values (563, 607, 608, 820, 4.410, 53.29, -0.30, 4.408, 53.21, -0.39, 0.009, 305.94, -46.73);
insert into SHOT values (564, 608, 609, 820, 2.380, 275.89, -4.10, 2.378, 275.81, -4.10, 0.004, 158.78, 2.46);
insert into SHOT values (565, 609, 610, 820, 3.030, 34.39, -19.60, 3.030, 34.30, -19.47, 0.008, 333.70, 52.27);
insert into SHOT values (566, 610, 611, 820, 1.800, 322.39, -1.60, 1.797, 322.24, -1.59, 0.006, 199.44, 2.61);
insert into SHOT values (567, 611, 612, 820, 3.350, 69.49, 3.00, 3.359, 69.40, 2.90, 0.012, 40.57, -27.41);
insert into SHOT values (568, 612, 613, 820, 1.310, 20.79, 5.90, 1.302, 20.82, 6.17, 0.010, 196.83, 31.87);
insert into SHOT values (569, 613, 614, 820, 2.470, 293.39, -16.90, 2.472, 293.42, -16.93, 0.003, 334.88, -44.15);
insert into SHOT values (570, 614, 615, 820, 2.890, 37.29, 9.70, 2.894, 37.31, 9.55, 0.009, 49.15, -51.48);
insert into SHOT values (571, 615, 616, 820, 3.320, 336.59, 0.60, 3.314, 336.53, 0.69, 0.008, 188.25, 38.46);
insert into SHOT values (572, 616, 617, 820, 3.680, 221.09, -11.50, 3.673, 221.17, -11.46, 0.009, 0.32, 24.92);
insert into SHOT values (573, 617, 618, 820, 2.150, 226.09, -1.40, 2.151, 226.13, -1.60, 0.008, 293.18, -77.13);
insert into SHOT values (574, 618, 619, 820, 4.940, 329.89, -10.40, 4.938, 329.85, -10.38, 0.004, 217.41, 23.93);
insert into SHOT values (575, 619, 620, 820, 2.310, 48.69, 2.30, 2.305, 48.70, 2.24, 0.006, 225.07, -27.21);
insert into SHOT values (576, 620, 621, 820, 2.190, 277.69, 13.10, 2.188, 277.83, 13.21, 0.007, 39.66, 31.19);
insert into SHOT values (577, 621, 622, 820, 5.480, 337.59, -16.40, 5.479, 337.63, -16.43, 0.005, 89.78, -33.06);
insert into SHOT values (578, 622, 623, 820, 3.240, 55.39, -3.70, 3.236, 55.47, -3.72, 0.007, 189.12, -7.92);
insert into SHOT values (579, 623, 624, 820, 2.230, 347.49, -23.70, 2.235, 347.32, -23.47, 0.012, 310.60, 32.18);
insert into SHOT values (580, 624, 625, 820, 3.420, 46.99, -18.40, 3.423, 47.12, -18.39, 0.008, 117.32, -3.45);
insert into SHOT values (581, 623, 626, 820, 2.680, 279.79, 75.80, 2.683, 280.46, 75.74, 0.009, 345.37, 12.51);
insert into SHOT values (582, 626, 627, 820, 2.040, 97.09, 12.70, 2.036, 97.23, 12.77, 0.007, 227.90, 12.96);
insert into SHOT values (583, 627, 628, 820, 5.790, 36.89, -11.90, 5.794, 36.97, -11.85, 0.010, 98.27, 22.95);
insert into SHOT values (584, 628, 629, 820, 3.830, 45.59, -27.90, 3.829, 45.48, -28.04, 0.011, 279.28, -44.37);
insert into SHOT values (585, 629, 630, 820, 4.330, 322.69, -43.10, 4.324, 322.84, -43.01, 0.012, 49.76, 45.71);
insert into SHOT values (586, 630, 631, 820, 2.430, 83.29, -30.30, 2.428, 83.42, -30.43, 0.008, 215.31, -32.16);
insert into SHOT values (587, 631, 632, 820, 3.360, 43.29, -31.30, 3.363, 43.31, -31.35, 0.005, 82.38, -71.82);
insert into SHOT values (588, 632, 633, 820, 2.590, 318.99, -39.80, 2.586, 318.87, -39.64, 0.009, 250.46, 60.26);
insert into SHOT values (589, 560, 634, 820, 3.170, 140.29, 4.30, 3.169, 140.26, 4.34, 0.003, 10.76, 52.68);
insert into SHOT values (590, 634, 635, 820, 1.380, 217.39, 4.20, 1.380, 217.62, 4.16, 0.006, 309.33, -10.92);
insert into SHOT values (591, 635, 636, 820, 1.500, 129.99, 27.90, 1.501, 129.81, 27.80, 0.005, 66.17, -21.83);
insert into SHOT values (592, 636, 637, 820, 2.410, 146.49, 2.40, 2.412, 146.51, 2.38, 0.003, 165.60, -20.71);
insert into SHOT values (593, 637, 638, 820, 6.610, 119.89, 4.50, 6.606, 119.87, 4.52, 0.005, 319.66, 15.81);
insert into SHOT values (594, 638, 639, 820, 8.910, 305.59, 73.10, 8.912, 305.54, 73.17, 0.011, 139.26, 26.20);
insert into SHOT values (595, 639, 640, 820, 23.410, 312.59, 88.10, 23.403, 312.42, 88.08, 0.012, 298.99, -36.06);
insert into SHOT values (596, 640, 641, 820, 23.650, 131.09, 83.10, 23.652, 131.02, 83.08, 0.009, 107.22, 8.16);
insert into SHOT values (597, 641, 642, 820, 3.940, 279.19, 61.20, 3.940, 279.07, 61.11, 0.007, 243.57, -20.79);
insert into SHOT values (598, 642, 643, 820, 2.800, 107.29, 82.00, 2.807, 106.56, 82.09, 0.010, 340.32, 49.60);
insert into SHOT values (599, 528, 644, 820, 8.910, 228.79, 40.20, 8.908, 228.81, 40.20, 0.004, 354.14, -15.60);
insert into SHOT values (600, 645, 644, 820, 6.000, 32.49, -46.70, 6.002, 32.49, -46.73, 0.003, 195.91, -74.24);
insert into CENTRELINE values (821, 816, NULL, '2017-02-01', NULL, 281.75, 0.00, 0.00);
 insert into SHOT values (601, 633, 646, 821, 2.210, 311.49, 25.20, 2.207, 311.75, 25.20, 0.010, 56.36, -5.84);
insert into SHOT values (602, 646, 647, 821, 0.500, 3.49, 4.50, 0.493, 3.50, 4.66, 0.008, 182.54, 5.83);
insert into SHOT values (603, 647, 648, 821, 4.390, 104.39, -70.00, 4.393, 104.31, -70.08, 0.007, 305.52, -41.50);
insert into SHOT values (604, 648, 649, 821, 2.680, 329.49, -12.00, 2.681, 329.52, -12.05, 0.003, 30.56, -57.19);
insert into SHOT values (605, 649, 650, 821, 3.900, 14.49, -54.00, 3.896, 14.40, -53.96, 0.006, 278.75, 55.33);
insert into SHOT values (606, 650, 651, 821, 2.090, 32.59, -18.60, 2.093, 32.65, -18.67, 0.005, 71.60, -45.87);
insert into SHOT values (607, 651, 652, 821, 3.600, 287.49, -50.02, 3.602, 287.34, -50.01, 0.007, 216.89, -12.59);
insert into SHOT values (608, 652, 653, 821, 3.200, 285.49, 2.70, 3.202, 285.60, 2.86, 0.011, 3.22, 55.38);
insert into SHOT values (609, 653, 654, 821, 7.700, 245.49, -80.00, 7.706, 245.16, -80.04, 0.011, 128.70, -39.56);
insert into SHOT values (610, 654, 655, 821, 2.770, 320.49, -9.50, 2.773, 320.49, -9.55, 0.004, 321.04, -44.25);
insert into SHOT values (611, 655, 656, 821, 1.730, 237.19, -15.30, 1.724, 237.26, -15.13, 0.008, 30.34, 53.10);
insert into SHOT values (612, 656, 657, 821, 1.580, 350.49, -7.30, 1.575, 350.42, -7.30, 0.006, 190.42, 7.56);
insert into SHOT values (613, 657, 658, 821, 2.000, 264.79, 3.60, 2.002, 264.83, 3.44, 0.006, 300.47, -65.46);
insert into SHOT values (614, 658, 659, 821, 10.130, 22.19, -23.20, 10.130, 22.21, -23.20, 0.004, 109.79, 9.24);
insert into SHOT values (615, 659, 660, 821, 1.530, 294.49, 3.60, 1.529, 294.38, 3.75, 0.005, 187.39, 52.79);
insert into SHOT values (616, 660, 661, 821, 1.720, 74.19, 5.10, 1.713, 74.01, 5.02, 0.009, 290.99, -17.91);
insert into SHOT values (617, 661, 662, 821, 4.640, 300.59, -3.70, 4.637, 300.67, -3.71, 0.007, 57.93, -4.62);
insert into SHOT values (618, 662, 663, 821, 2.000, 187.49, -3.10, 2.000, 187.48, -3.15, 0.002, 82.35, -81.07);
insert into SHOT values (619, 663, 664, 821, 1.570, 339.19, -5.70, 1.571, 339.02, -5.48, 0.008, 266.40, 50.07);
insert into SHOT values (620, 664, 665, 821, 1.950, 264.49, -10.04, 1.949, 264.32, -10.04, 0.006, 167.28, -0.45);
insert into SHOT values (621, 665, 666, 821, 1.980, 31.39, -6.90, 1.985, 31.51, -6.94, 0.007, 72.02, -18.10);
insert into SHOT values (622, 666, 667, 821, 1.640, 270.39, -20.70, 1.646, 270.37, -20.64, 0.006, 266.00, -2.91);
insert into SHOT values (623, 667, 668, 821, 5.930, 357.89, -5.20, 5.929, 357.86, -5.23, 0.004, 237.12, -41.10);
insert into SHOT values (624, 668, 669, 821, 1.430, 307.79, -9.40, 1.429, 308.09, -9.26, 0.008, 41.65, 25.67);
insert into SHOT values (625, 669, 670, 821, 1.520, 142.59, -5.20, 1.519, 142.52, -5.29, 0.003, 8.56, -43.14);
insert into SHOT values (626, 670, 671, 821, 3.450, 10.09, -26.20, 3.441, 10.07, -26.21, 0.009, 196.44, 21.77);
insert into SHOT values (627, 671, 672, 821, 4.630, 46.19, -4.30, 4.632, 46.14, -4.33, 0.005, 335.32, -34.60);
insert into SHOT values (628, 672, 673, 821, 4.510, 17.49, -4.60, 4.512, 17.47, -4.58, 0.003, 337.09, 33.86);
insert into SHOT values (629, 673, 674, 821, 1.570, 278.19, -3.30, 1.568, 278.08, -3.29, 0.004, 156.51, 6.04);
insert into SHOT values (630, 674, 675, 821, 3.080, 304.79, -21.50, 3.080, 304.91, -21.52, 0.006, 34.94, -10.98);
insert into SHOT values (631, 675, 676, 821, 3.970, 316.49, -14.70, 3.971, 316.37, -14.73, 0.008, 231.06, -18.10);
insert into SHOT values (632, 676, 677, 821, 2.770, 7.99, 3.70, 2.773, 8.10, 3.72, 0.006, 65.94, 11.05);
insert into SHOT values (633, 677, 678, 821, 1.300, 100.49, 27.40, 1.297, 100.53, 27.57, 0.005, 271.28, 19.64);
insert into SHOT values (634, 678, 679, 821, 5.660, 300.59, 15.60, 5.655, 300.57, 15.59, 0.005, 145.18, -22.52);
insert into SHOT values (635, 679, 680, 821, 13.850, 41.79, -5.00, 13.849, 41.77, -5.01, 0.006, 301.48, -29.54);
insert into SHOT values (636, 680, 681, 821, 5.840, 40.69, -6.20, 5.841, 40.74, -6.19, 0.005, 115.66, 7.55);
insert into SHOT values (637, 681, 682, 821, 3.240, 358.19, -2.50, 3.245, 358.23, -2.47, 0.005, 26.08, 14.23);
insert into SHOT values (638, 682, 683, 821, 1.610, 348.69, 6.30, 1.612, 348.48, 6.41, 0.007, 277.49, 28.30);
insert into SHOT values (639, 683, 684, 821, 11.850, 234.89, -1.50, 11.853, 234.86, -1.50, 0.007, 176.28, 1.69);
insert into SHOT values (640, 684, 685, 821, 10.060, 222.49, -2.30, 10.058, 222.50, -2.28, 0.004, 348.62, 57.24);
insert into SHOT values (641, 685, 686, 821, 9.320, 281.49, 1.00, 9.319, 281.51, 0.98, 0.005, 25.34, -31.34);
insert into SHOT values (642, 686, 687, 821, 8.480, 359.49, -0.70, 8.481, 359.53, -0.74, 0.009, 80.24, -48.21);
insert into SHOT values (643, 687, 688, 821, 5.640, 75.79, -7.00, 5.632, 75.81, -6.94, 0.011, 237.29, 42.89);
insert into SHOT values (644, 688, 689, 821, 3.070, 312.49, 6.05, 3.067, 312.48, 5.99, 0.004, 149.25, -55.91);
insert into SHOT values (645, 689, 690, 821, 11.310, 44.09, -2.20, 11.316, 44.10, -2.18, 0.008, 69.59, 30.61);
insert into SHOT values (646, 690, 691, 821, 9.220, 300.89, -1.20, 9.227, 300.85, -1.24, 0.012, 256.45, -35.38);
insert into SHOT values (647, 691, 692, 821, 4.020, 5.69, -1.90, 4.022, 5.71, -1.85, 0.004, 40.85, 51.18);
insert into SHOT values (648, 692, 693, 821, 6.780, 319.49, -1.80, 6.777, 319.49, -1.78, 0.004, 135.99, 44.68);
insert into SHOT values (649, 693, 694, 821, 6.060, 27.54, -2.30, 6.061, 27.54, -2.36, 0.007, 23.54, -81.39);
insert into SHOT values (650, 694, 695, 821, 5.150, 326.49, -12.50, 5.149, 326.44, -12.45, 0.007, 241.97, 45.18);
insert into SHOT values (651, 695, 696, 821, 2.430, 283.49, 0.60, 2.428, 283.58, 0.71, 0.006, 41.43, 46.71);
insert into SHOT values (652, 696, 697, 821, 4.540, 250.49, -5.70, 4.543, 250.48, -5.81, 0.009, 237.49, -76.36);
insert into SHOT values (653, 697, 698, 821, 3.940, 198.49, 0.60, 3.944, 198.48, 0.73, 0.009, 189.73, 67.51);
insert into SHOT values (654, 698, 699, 821, 3.160, 151.09, -2.50, 3.159, 151.00, -2.54, 0.006, 46.62, -22.77);
insert into SHOT values (655, 699, 700, 821, 4.980, 194.79, -7.10, 4.982, 194.77, -7.15, 0.005, 142.77, -61.94);
insert into SHOT values (656, 700, 701, 821, 8.610, 224.69, 0.60, 8.613, 224.72, 0.60, 0.005, 278.82, -1.73);
insert into SHOT values (657, 701, 702, 821, 6.550, 181.49, -8.50, 6.544, 181.42, -8.52, 0.010, 54.82, -10.29);
insert into SHOT values (658, 702, 703, 821, 3.530, 216.29, -8.10, 3.532, 216.28, -7.97, 0.008, 207.46, 65.00);
insert into SHOT values (659, 703, 704, 821, 1.920, 153.39, 24.09, 1.919, 153.58, 23.99, 0.007, 240.52, -32.06);
insert into SHOT values (660, 704, 705, 821, 4.550, 239.99, -1.60, 4.549, 240.05, -1.64, 0.006, 342.25, -30.01);
insert into SHOT values (661, 705, 706, 821, 2.990, 187.89, -7.80, 2.994, 187.75, -7.68, 0.010, 130.86, 33.61);
insert into SHOT values (662, 706, 707, 821, 3.170, 203.69, -9.70, 3.172, 203.78, -9.80, 0.008, 286.89, -50.80);
insert into SHOT values (663, 707, 708, 821, 4.650, 293.29, 1.50, 4.651, 293.31, 1.60, 0.009, 351.31, 75.14);
insert into SHOT values (664, 708, 709, 821, 5.900, 346.09, 2.00, 5.895, 346.15, 1.94, 0.010, 114.53, -35.30);
insert into CENTRELINE values (822, 816, NULL, '2017-02-17', NULL, 598.45, 0.00, 0.00);
 insert into SHOT values (665, 709, 710, 822, 3.680, 238.49, 15.60, 3.686, 238.59, 15.58, 0.009, 287.38, 2.49);
insert into SHOT values (666, 710, 711, 822, 7.470, 281.79, -11.20, 7.467, 281.82, -11.20, 0.004, 47.00, 12.06);
insert into SHOT values (667, 711, 712, 822, 6.040, 243.89, 9.10, 6.047, 243.86, 9.13, 0.008, 222.67, 34.17);
insert into SHOT values (668, 712, 713, 822, 6.790, 285.19, -3.80, 6.783, 285.25, -3.80, 0.010, 59.37, -0.00);
insert into SHOT values (669, 713, 714, 822, 4.190, 289.09, 2.40, 4.194, 289.08, 2.32, 0.007, 284.08, -53.93);
insert into SHOT values (670, 714, 715, 822, 4.240, 234.89, -1.50, 4.243, 234.89, -1.49, 0.004, 232.38, 16.02);
insert into SHOT values (671, 715, 716, 822, 9.580, 280.49, -1.40, 9.572, 280.48, -1.38, 0.009, 115.33, 27.25);
insert into SHOT values (672, 716, 717, 822, 9.280, 269.99, -0.80, 9.281, 270.00, -0.80, 0.002, 334.47, -11.60);
insert into SHOT values (673, 717, 718, 822, 8.490, 250.39, -1.50, 8.496, 250.39, -1.55, 0.009, 255.49, -55.02);
insert into SHOT values (674, 718, 719, 822, 14.900, 255.39, -2.40, 14.893, 255.40, -2.39, 0.009, 44.86, 27.05);
insert into SHOT values (675, 719, 720, 822, 7.360, 166.29, 4.30, 7.360, 166.29, 4.29, 0.002, 69.81, -79.45);
insert into SHOT values (676, 720, 721, 822, 4.360, 241.89, 2.60, 4.371, 241.85, 2.62, 0.012, 227.10, 11.07);
insert into SHOT values (677, 721, 722, 822, 6.540, 340.29, -4.70, 6.541, 340.37, -4.74, 0.010, 65.01, -23.87);
insert into SHOT values (678, 722, 723, 822, 6.750, 237.89, 2.10, 6.758, 237.89, 2.12, 0.008, 236.50, 18.81);
insert into SHOT values (679, 723, 724, 822, 11.510, 270.39, -3.70, 11.504, 270.40, -3.69, 0.007, 69.41, 24.27);
insert into SHOT values (680, 724, 725, 822, 3.310, 253.79, 6.50, 3.312, 253.77, 6.41, 0.005, 228.20, -59.71);
insert into SHOT values (681, 725, 726, 822, 9.560, 165.69, 2.50, 9.556, 165.69, 2.52, 0.005, 348.03, 33.15);
insert into SHOT values (682, 726, 727, 822, 13.730, 258.49, -4.40, 13.725, 258.49, -4.39, 0.006, 64.38, 36.03);
insert into SHOT values (683, 727, 728, 822, 10.770, 253.69, 0.50, 10.775, 253.67, 0.48, 0.008, 216.80, -31.41);
insert into SHOT values (684, 728, 729, 822, 5.050, 277.29, -3.00, 5.047, 277.29, -2.95, 0.005, 84.51, 61.39);
insert into SHOT values (685, 729, 730, 822, 10.090, 350.49, 0.20, 10.089, 350.47, 0.17, 0.006, 245.25, -60.81);
insert into SHOT values (686, 730, 731, 822, 8.840, 237.99, -1.60, 8.835, 238.00, -1.62, 0.006, 34.38, -32.01);
insert into SHOT values (687, 731, 732, 822, 8.430, 253.79, -1.50, 8.427, 253.80, -1.50, 0.003, 36.41, 11.16);
insert into SHOT values (688, 732, 733, 822, 3.260, 219.49, -4.10, 3.262, 219.51, -4.04, 0.004, 256.74, 53.69);
insert into SHOT values (689, 733, 734, 822, 7.870, 253.39, 7.20, 7.871, 253.33, 7.23, 0.009, 165.18, 24.12);
insert into SHOT values (690, 734, 735, 822, 10.140, 211.79, -6.00, 10.143, 211.83, -6.00, 0.008, 283.08, -0.59);
insert into SHOT values (691, 735, 736, 822, 8.540, 274.99, 0.90, 8.534, 275.04, 0.87, 0.011, 41.30, -22.48);
insert into SHOT values (692, 736, 737, 822, 12.330, 215.49, 1.20, 12.334, 215.49, 1.21, 0.005, 232.80, 21.76);
insert into SHOT values (693, 737, 738, 822, 10.540, 234.99, 1.80, 10.545, 234.97, 1.79, 0.006, 195.90, -10.18);
insert into SHOT values (694, 738, 739, 822, 15.060, 289.49, -1.80, 15.062, 289.52, -1.79, 0.009, 1.40, 20.27);
insert into SHOT values (695, 739, 740, 822, 15.880, 191.89, -1.60, 15.887, 191.88, -1.62, 0.009, 179.36, -44.72);
insert into SHOT values (696, 740, 741, 822, 12.460, 262.69, -1.40, 12.454, 262.71, -1.38, 0.009, 43.42, 31.35);
insert into SHOT values (697, 741, 742, 822, 10.470, 192.39, 2.00, 10.471, 192.42, 2.02, 0.007, 269.87, 41.64);
insert into SHOT values (698, 742, 743, 822, 13.240, 265.19, 0.10, 13.237, 265.19, 0.09, 0.005, 79.98, -42.68);
insert into SHOT values (699, 743, 744, 822, 17.380, 251.09, -2.30, 17.382, 251.09, -2.31, 0.003, 223.73, -50.47);
insert into SHOT values (700, 744, 745, 822, 18.260, 167.79, -0.50, 18.263, 167.80, -0.50, 0.005, 210.69, -8.30);
insert into SHOT values (701, 745, 746, 822, 7.550, 132.89, -2.90, 7.553, 132.85, -2.88, 0.006, 72.01, 19.41);
insert into SHOT values (702, 746, 747, 822, 9.310, 176.09, 1.60, 9.305, 176.12, 1.60, 0.007, 313.91, 0.42);
insert into SHOT values (703, 748, 749, 822, 4.900, 282.29, -10.70, 4.895, 282.24, -10.71, 0.007, 136.54, -2.05);
insert into SHOT values (704, 749, 750, 822, 7.680, 344.69, -18.80, 7.680, 344.68, -18.84, 0.005, 183.67, -66.23);
insert into SHOT values (705, 750, 751, 822, 3.000, 356.49, -2.00, 2.997, 356.55, -1.91, 0.006, 124.90, 46.59);
insert into SHOT values (706, 751, 752, 822, 3.430, 256.69, -1.50, 3.431, 256.86, -1.50, 0.010, 340.80, -1.22);
insert into SHOT values (707, 752, 753, 822, 2.320, 344.39, 2.10, 2.319, 344.22, 1.98, 0.008, 244.39, -36.68);
insert into SHOT values (708, 753, 754, 822, 4.530, 231.49, -0.70, 4.526, 231.46, -0.63, 0.007, 83.42, 50.51);
insert into SHOT values (709, 754, 755, 822, 1.350, 258.99, -2.70, 1.347, 258.86, -2.98, 0.008, 123.42, -55.51);
insert into SHOT values (710, 755, 756, 822, 4.280, 328.69, -18.00, 4.283, 328.65, -17.95, 0.006, 297.07, 26.77);
insert into SHOT values (711, 756, 757, 822, 3.670, 258.09, 2.60, 3.673, 258.05, 2.65, 0.006, 219.72, 39.54);
insert into SHOT values (712, 757, 758, 822, 2.270, 328.59, -6.70, 2.273, 328.78, -6.82, 0.009, 40.27, -33.65);
insert into SHOT values (713, 758, 759, 822, 2.870, 64.39, -0.70, 2.872, 64.42, -0.60, 0.006, 103.42, 66.05);
insert into SHOT values (714, 759, 760, 822, 4.020, 333.99, -4.10, 4.018, 333.95, -4.14, 0.005, 203.23, -33.77);
insert into SHOT values (715, 760, 761, 822, 2.990, 243.59, -1.10, 2.992, 243.61, -1.15, 0.004, 264.72, -45.02);
insert into SHOT values (716, 761, 762, 822, 3.350, 297.59, -1.60, 3.351, 297.56, -1.54, 0.004, 248.03, 57.89);
insert into SHOT values (717, 762, 763, 822, 3.820, 28.59, -0.90, 3.818, 28.65, -0.90, 0.004, 149.09, 0.02);
insert into SHOT values (718, 763, 764, 822, 2.420, 356.79, 1.20, 2.424, 356.93, 1.18, 0.007, 52.04, -5.52);
insert into SHOT values (719, 764, 765, 822, 2.960, 94.69, -7.30, 2.954, 94.70, -7.39, 0.007, 269.77, -32.16);
insert into SHOT values (720, 765, 766, 822, 5.820, 341.59, -0.40, 5.819, 341.57, -0.39, 0.003, 223.36, 13.25);
insert into SHOT values (721, 766, 767, 822, 2.800, 315.89, 4.90, 2.797, 315.87, 4.92, 0.004, 148.50, 13.28);
insert into SHOT values (722, 767, 768, 822, 3.770, 51.69, 5.30, 3.775, 51.70, 5.32, 0.006, 58.01, 18.32);
insert into SHOT values (723, 768, 769, 822, 2.850, 133.59, -20.80, 2.851, 133.63, -20.74, 0.004, 175.39, 33.69);
insert into SHOT values (724, 769, 770, 822, 2.840, 37.49, -2.90, 2.844, 37.27, -3.02, 0.013, 326.58, -29.26);
insert into SHOT values (725, 770, 771, 822, 1.520, 349.39, -17.30, 1.512, 349.62, -17.31, 0.010, 131.52, 11.73);
insert into SHOT values (726, 771, 772, 822, 4.400, 113.59, -9.20, 4.400, 113.61, -9.15, 0.004, 194.04, 60.14);
insert into SHOT values (727, 772, 773, 822, 2.020, 86.79, -9.00, 2.019, 86.55, -9.12, 0.009, 346.35, -25.32);
insert into SHOT values (728, 773, 774, 822, 3.620, 349.89, -5.00, 3.621, 349.78, -4.91, 0.009, 268.24, 38.71);
insert into SHOT values (729, 774, 775, 822, 1.710, 347.69, 7.20, 1.702, 347.69, 7.09, 0.009, 166.88, -29.29);
insert into SHOT values (730, 775, 776, 822, 3.950, 91.49, 2.30, 3.955, 91.45, 2.32, 0.005, 60.92, 15.98);
insert into SHOT values (731, 776, 777, 822, 3.960, 352.59, -1.20, 3.964, 352.61, -1.16, 0.005, 10.34, 36.15);
insert into SHOT values (732, 777, 778, 822, 3.850, 293.59, -3.60, 3.846, 293.49, -3.58, 0.008, 169.91, 12.75);
insert into SHOT values (733, 778, 779, 822, 1.990, 322.59, 2.80, 1.992, 322.55, 2.59, 0.008, 297.08, -69.17);
insert into SHOT values (734, 779, 780, 822, 2.830, 279.39, -7.50, 2.832, 279.43, -7.51, 0.003, 322.14, -11.81);
insert into SHOT values (735, 780, 781, 822, 4.680, 341.69, -12.50, 4.680, 341.76, -12.46, 0.007, 67.39, 26.09);
insert into SHOT values (736, 781, 782, 822, 9.120, 324.39, -4.80, 9.126, 324.35, -4.78, 0.009, 281.16, 20.72);
insert into SHOT values (737, 782, 783, 822, 7.770, 287.59, -0.40, 7.761, 287.55, -0.44, 0.012, 139.97, -29.33);
insert into SHOT values (738, 783, 784, 822, 2.260, 230.99, -4.00, 2.260, 231.30, -3.81, 0.014, 318.09, 31.87);
insert into SHOT values (739, 784, 785, 822, 3.790, 297.59, -9.10, 3.783, 297.59, -9.13, 0.007, 114.64, -4.45);
insert into SHOT values (740, 785, 786, 822, 5.290, 75.19, 5.10, 5.287, 75.15, 5.10, 0.005, 307.07, -2.88);
insert into SHOT values (741, 786, 787, 822, 4.720, 356.29, -6.30, 4.718, 356.33, -6.33, 0.005, 114.05, -26.83);
insert into SHOT values (742, 787, 788, 822, 3.780, 292.79, -2.20, 3.777, 292.76, -2.28, 0.006, 141.83, -51.89);
insert into SHOT values (743, 788, 789, 822, 3.280, 56.49, -7.40, 3.280, 56.41, -7.36, 0.005, 334.40, 27.91);
insert into SHOT values (744, 789, 790, 822, 4.560, 328.29, 6.30, 4.554, 328.28, 6.30, 0.006, 156.89, -3.54);
insert into SHOT values (745, 790, 791, 822, 4.890, 355.49, -1.40, 4.897, 355.43, -1.40, 0.009, 320.46, -3.52);
insert into SHOT values (746, 791, 792, 822, 3.730, 39.49, -7.70, 3.728, 39.51, -7.71, 0.003, 192.51, -4.81);
insert into SHOT values (747, 792, 793, 822, 2.450, 324.09, -2.90, 2.445, 324.16, -2.81, 0.007, 108.85, 35.85);
insert into SHOT values (748, 793, 794, 822, 7.010, 27.29, -2.20, 7.014, 27.26, -2.21, 0.005, 342.48, -10.30);
insert into SHOT values (749, 794, 795, 822, 6.030, 55.99, 4.60, 6.027, 55.99, 4.57, 0.005, 227.85, -49.15);
insert into SHOT values (750, 795, 796, 822, 4.180, 309.49, 12.70, 4.181, 309.43, 12.71, 0.004, 223.83, 13.58);
insert into SHOT values (751, 796, 797, 822, 2.410, 251.49, -1.50, 2.404, 251.57, -1.43, 0.007, 42.64, 24.82);
insert into SHOT values (752, 797, 798, 822, 7.400, 322.29, -3.50, 7.399, 322.26, -3.49, 0.004, 211.24, 25.10);
insert into SHOT values (753, 798, 799, 822, 8.550, 4.39, 0.00, 8.545, 4.36, 0.00, 0.006, 220.45, 0.00);
insert into SHOT values (754, 799, 800, 822, 6.350, 302.19, 3.90, 6.351, 302.24, 3.88, 0.006, 16.93, -19.36);
insert into SHOT values (755, 800, 801, 822, 8.190, 227.49, -4.80, 8.189, 227.43, -4.83, 0.009, 130.33, -30.73);
insert into SHOT values (756, 801, 802, 822, 13.590, 320.99, 1.70, 13.594, 321.00, 1.73, 0.009, 9.74, 53.53);
insert into SHOT values (757, 802, 803, 822, 8.850, 18.29, 2.20, 8.851, 18.25, 2.20, 0.006, 302.34, 2.56);
insert into SHOT values (758, 803, 735, 822, 4.530, 282.39, -9.90, 4.530, 282.29, -9.92, 0.008, 190.45, -8.80);
insert into SURVEY values (824, 789, 'PuntaBlanca', 'PuntaBlanca.107.UltimaPatagonia', 'Cueva de la Punta Blanca');
 insert into CENTRELINE values (825, 824, NULL, NULL, NULL, 0.00, 0.00, 0.00);
 insert into CENTRELINE values (826, 824, NULL, NULL, NULL, 405.93, 0.00, 0.00);
 insert into SHOT values (759, 804, 805, 826, 9.860, 147.30, -12.80, 9.856, 147.32, -12.78, 0.006, 286.53, 45.69);
insert into SHOT values (760, 805, 806, 826, 7.910, 110.00, -9.80, 7.917, 110.01, -9.82, 0.008, 125.05, -28.19);
insert into SHOT values (761, 806, 807, 826, 5.710, 216.90, -12.70, 5.711, 216.97, -12.75, 0.008, 309.36, -34.01);
insert into SHOT values (762, 807, 808, 826, 11.900, 152.60, -9.80, 11.900, 152.58, -9.77, 0.007, 75.57, 54.39);
insert into SHOT values (763, 807, 809, 826, 6.960, 218.80, -15.90, 6.958, 218.75, -15.85, 0.009, 127.73, 50.22);
insert into SHOT values (764, 809, 810, 826, 4.690, 354.70, -18.00, 4.689, 354.72, -18.01, 0.002, 126.35, -16.78);
insert into SHOT values (765, 810, 811, 826, 4.760, 331.00, -3.10, 4.765, 330.96, -3.13, 0.007, 296.13, -21.83);
insert into SHOT values (766, 811, 812, 826, 4.430, 198.30, -9.00, 4.424, 198.27, -8.97, 0.006, 43.83, 27.66);
insert into SHOT values (767, 812, 813, 826, 3.210, 289.20, 0.20, 3.207, 289.11, 0.18, 0.006, 166.27, -11.53);
insert into SHOT values (768, 813, 814, 826, 6.840, 275.60, -15.40, 6.839, 275.66, -15.43, 0.008, 24.81, -27.30);
insert into SHOT values (769, 814, 815, 826, 6.510, 333.50, 16.10, 6.509, 333.39, 16.15, 0.013, 230.84, 21.27);
insert into SHOT values (770, 814, 816, 826, 3.540, 137.10, -12.90, 3.536, 137.23, -12.91, 0.009, 256.15, 1.92);
insert into SHOT values (771, 816, 817, 826, 10.500, 320.30, -12.10, 10.495, 320.34, -12.10, 0.008, 85.53, 7.21);
insert into SHOT values (772, 809, 818, 826, 15.140, 142.20, 8.30, 15.140, 142.21, 8.28, 0.006, 222.04, -62.88);
insert into SHOT values (773, 806, 819, 826, 13.080, 96.80, 27.70, 13.080, 96.79, 27.70, 0.002, 19.84, -4.69);
insert into SHOT values (774, 819, 820, 826, 14.710, 181.00, 30.00, 14.710, 180.99, 29.98, 0.006, 135.48, -52.73);
insert into SHOT values (775, 820, 821, 826, 10.520, 75.40, 24.30, 10.514, 75.37, 24.32, 0.009, 292.06, 5.46);
insert into SHOT values (776, 806, 822, 826, 16.280, 47.40, 2.20, 16.275, 47.39, 2.18, 0.007, 257.86, -43.41);
insert into SHOT values (777, 822, 823, 826, 22.940, 155.70, 42.30, 22.940, 155.67, 42.30, 0.009, 63.46, 6.81);
insert into SHOT values (778, 822, 824, 826, 6.250, 357.70, 1.80, 6.258, 357.71, 1.83, 0.009, 3.77, 24.38);
insert into SHOT values (779, 824, 825, 826, 8.740, 358.40, 11.30, 8.732, 358.39, 11.29, 0.008, 187.26, -19.40);
insert into SHOT values (780, 825, 826, 826, 7.240, 344.80, -20.00, 7.241, 344.84, -19.94, 0.009, 38.12, 46.90);
insert into SHOT values (781, 826, 827, 826, 11.720, 333.10, -15.30, 11.719, 333.12, -15.34, 0.009, 109.82, -58.13);
insert into SHOT values (782, 824, 828, 826, 5.780, 122.90, 6.90, 5.783, 122.92, 6.85, 0.006, 143.96, -49.22);
insert into SHOT values (783, 828, 829, 826, 2.380, 102.00, -40.20, 2.378, 102.05, -40.05, 0.007, 136.53, 65.96);
insert into SHOT values (784, 829, 830, 826, 4.090, 35.10, -44.30, 4.094, 34.99, -44.31, 0.007, 328.17, -29.77);
insert into SHOT values (785, 830, 831, 826, 2.760, 89.40, -72.20, 2.764, 90.00, -72.09, 0.011, 144.32, -11.07);
insert into SHOT values (786, 831, 832, 826, 3.470, 55.70, -11.00, 3.467, 55.66, -10.98, 0.005, 278.16, 27.87);
insert into SHOT values (787, 832, 833, 826, 4.000, 349.90, -17.80, 4.000, 349.87, -17.76, 0.004, 282.36, 50.85);
insert into SHOT values (788, 833, 834, 826, 7.530, 30.70, -24.30, 7.533, 30.75, -24.30, 0.006, 99.00, -11.94);
insert into SHOT values (789, 834, 835, 826, 4.320, 14.70, -19.40, 4.325, 14.61, -19.31, 0.011, 334.73, 27.21);
insert into SHOT values (790, 835, 836, 826, 6.970, 10.30, 11.00, 6.968, 10.27, 11.00, 0.004, 244.94, 0.90);
insert into SHOT values (791, 836, 837, 826, 5.230, 30.70, -15.70, 5.232, 30.69, -15.75, 0.005, 322.10, -77.73);
insert into SHOT values (792, 837, 838, 826, 4.940, 17.40, -3.40, 4.936, 17.48, -3.37, 0.008, 137.10, 21.22);
insert into SHOT values (793, 838, 839, 826, 8.740, 14.30, -3.10, 8.742, 14.26, -3.15, 0.010, 299.13, -47.73);
insert into SHOT values (794, 839, 840, 826, 2.860, 91.00, 37.50, 2.867, 91.01, 37.63, 0.009, 104.10, 81.11);
insert into SHOT values (795, 840, 841, 826, 7.900, 129.40, 3.30, 7.906, 129.40, 3.26, 0.008, 123.75, -34.94);
insert into SHOT values (796, 841, 842, 826, 10.240, 45.30, -11.00, 10.236, 45.28, -10.98, 0.006, 267.30, 37.56);
insert into SHOT values (797, 842, 843, 826, 6.180, 34.10, -6.50, 6.189, 34.13, -6.49, 0.009, 52.97, -2.50);
insert into SHOT values (798, 843, 844, 826, 3.220, 68.60, -4.70, 3.213, 68.56, -4.82, 0.010, 263.73, -37.60);
insert into SHOT values (799, 844, 845, 826, 4.420, 70.20, 19.70, 4.424, 70.22, 19.68, 0.005, 83.73, 0.47);
insert into SHOT values (800, 845, 846, 826, 7.920, 138.30, -35.80, 7.919, 138.34, -35.78, 0.006, 219.15, 30.56);
insert into SHOT values (801, 846, 847, 826, 10.890, 140.00, 10.40, 10.890, 139.96, 10.42, 0.009, 44.48, 28.92);
insert into SHOT values (802, 845, 848, 826, 8.440, 337.90, 32.80, 8.442, 337.88, 32.85, 0.009, 198.79, 66.93);
insert into SHOT values (803, 848, 849, 826, 8.050, 338.30, -14.90, 8.053, 338.28, -14.89, 0.004, 296.47, -1.09);
insert into SHOT values (804, 849, 850, 826, 4.070, 296.70, 16.90, 4.070, 296.70, 16.85, 0.003, 278.43, -71.40);
insert into SHOT values (805, 848, 851, 826, 9.660, 261.30, 30.50, 9.661, 261.30, 30.48, 0.004, 242.98, -46.34);
insert into SHOT values (806, 851, 852, 826, 11.990, 242.90, 2.30, 11.982, 242.92, 2.30, 0.009, 35.45, -7.50);
insert into SHOT values (807, 852, 853, 826, 8.890, 276.30, -16.00, 8.895, 276.24, -15.99, 0.010, 217.04, 2.39);
insert into SHOT values (808, 853, 854, 826, 7.010, 260.50, -0.40, 7.005, 260.55, -0.41, 0.008, 28.81, -7.82);
insert into SHOT values (809, 854, 855, 826, 5.480, 317.20, -11.30, 5.476, 317.19, -11.27, 0.005, 160.56, 50.04);
insert into SHOT values (810, 855, 856, 826, 10.380, 259.90, 2.70, 10.383, 259.89, 2.71, 0.003, 227.34, 19.47);
insert into SHOT values (811, 856, 857, 826, 4.680, 350.50, 7.30, 4.682, 350.46, 7.24, 0.006, 291.72, -47.57);
insert into CENTRELINE values (827, 824, NULL, NULL, NULL, 500.45, 0.00, 0.00);
 insert into SHOT values (812, 847, 858, 827, 9.320, 138.30, 27.70, 9.319, 138.29, 27.69, 0.003, 30.52, -56.93);
insert into SHOT values (813, 847, 859, 827, 8.300, 77.40, 17.90, 8.282, 77.50, 18.44, 0.082, 239.14, 57.25);
insert into SHOT values (814, 859, 860, 827, 6.610, 42.60, -12.30, 6.581, 42.48, -11.84, 0.062, 260.01, 69.35);
insert into SHOT values (815, 860, 861, 827, 6.120, 78.20, 8.50, 6.115, 78.17, 8.46, 0.007, 295.99, -40.13);
insert into SHOT values (816, 861, 862, 827, 7.240, 54.90, -20.50, 7.243, 54.90, -20.53, 0.005, 65.15, -68.49);
insert into SHOT values (817, 862, 863, 827, 6.060, 79.60, -29.60, 6.056, 79.61, -29.59, 0.004, 248.14, 49.56);
insert into SHOT values (818, 863, 864, 827, 7.240, 127.50, -1.10, 7.248, 127.49, -1.11, 0.008, 113.86, -7.22);
insert into SHOT values (819, 860, 865, 827, 10.820, 336.80, -3.10, 10.846, 333.62, -3.38, 0.603, 247.40, -5.22);
insert into SHOT values (820, 865, 866, 827, 6.750, 76.50, 28.90, 6.556, 76.89, 29.82, 0.225, 246.56, -0.55);
insert into SHOT values (821, 866, 867, 827, 2.300, 24.70, 2.10, 2.147, 23.34, 1.87, 0.162, 223.09, -5.04);
insert into SHOT values (822, 867, 868, 827, 3.390, 195.80, 71.40, 3.418, 198.28, 70.38, 0.083, 232.90, 4.91);
insert into SHOT values (823, 868, 869, 827, 7.990, 139.30, -4.10, 7.934, 141.72, -4.41, 0.343, 240.50, -6.48);
insert into SHOT values (824, 860, 870, 827, 4.780, 19.80, 12.90, 4.915, 20.93, 13.17, 0.166, 56.79, 18.58);
insert into SHOT values (825, 870, 869, 827, 6.020, 75.10, 43.30, 6.192, 74.90, 42.46, 0.194, 70.15, 15.34);
insert into SHOT values (826, 869, 871, 827, 7.310, 95.60, 17.30, 7.303, 95.69, 17.78, 0.063, 251.37, 64.00);
insert into SHOT values (827, 871, 872, 827, 4.220, 195.10, 0.50, 4.241, 195.31, 0.95, 0.042, 232.36, 51.89);
insert into SHOT values (828, 872, 873, 827, 9.130, 99.70, 3.30, 9.115, 99.88, 3.84, 0.091, 225.60, 67.89);
insert into SHOT values (829, 873, 874, 827, 8.080, 42.70, -9.70, 8.045, 42.55, -9.23, 0.078, 264.40, 66.19);
insert into SHOT values (830, 874, 875, 827, 4.690, 53.20, -10.80, 4.664, 53.16, -10.50, 0.036, 243.27, 53.59);
insert into SHOT values (831, 875, 876, 827, 6.610, 175.40, 12.90, 6.608, 175.46, 12.94, 0.008, 290.32, 31.66);
insert into SHOT values (832, 875, 877, 827, 7.110, 9.90, -12.40, 7.092, 9.63, -11.96, 0.066, 268.81, 59.02);
insert into SHOT values (833, 877, 878, 827, 10.220, 22.80, -22.30, 10.186, 22.58, -21.84, 0.095, 291.10, 67.25);
insert into SHOT values (834, 878, 879, 827, 6.230, 117.40, -40.90, 6.228, 117.33, -40.93, 0.007, 354.93, -7.63);
insert into SHOT values (835, 879, 880, 827, 20.520, 123.60, -16.30, 20.517, 123.61, -16.30, 0.004, 264.57, -9.53);
insert into SHOT values (836, 880, 881, 827, 16.670, 114.90, -19.40, 16.678, 114.92, -19.36, 0.014, 138.90, 29.59);
insert into SHOT values (837, 881, 882, 827, 13.360, 143.80, -3.10, 13.351, 143.82, -3.13, 0.013, 302.05, -36.31);
insert into SHOT values (838, 882, 883, 827, 8.600, 134.60, -4.40, 8.603, 134.57, -4.40, 0.005, 79.56, -2.55);
insert into SHOT values (839, 883, 884, 827, 2.880, 147.60, 0.10, 2.877, 147.64, 0.20, 0.006, 298.65, 54.49);
insert into SHOT values (840, 884, 885, 827, 12.080, 178.20, -27.10, 12.085, 178.19, -27.13, 0.008, 121.41, -67.34);
insert into SHOT values (841, 884, 886, 827, 10.620, 63.50, 17.00, 10.619, 63.51, 16.97, 0.005, 143.92, -71.80);
insert into SHOT values (842, 886, 887, 827, 13.240, 138.70, 6.40, 13.242, 138.73, 6.42, 0.007, 216.40, 33.64);
insert into SHOT values (843, 887, 888, 827, 25.110, 145.40, -4.00, 25.115, 145.39, -4.00, 0.007, 98.61, 13.12);
insert into SHOT values (844, 888, 889, 827, 17.500, 128.90, 17.20, 17.494, 128.88, 17.19, 0.010, 0.68, -30.70);
insert into SHOT values (845, 889, 890, 827, 19.110, 154.50, -8.60, 19.113, 154.52, -8.61, 0.007, 217.74, -19.50);
insert into SHOT values (846, 890, 891, 827, 16.950, 181.70, -14.70, 16.951, 181.68, -14.69, 0.007, 106.66, 9.55);
insert into SHOT values (847, 891, 892, 827, 5.440, 95.10, 6.90, 5.432, 95.11, 6.98, 0.011, 271.40, 35.03);
insert into SHOT values (848, 892, 893, 827, 21.680, 162.40, 3.30, 21.680, 162.39, 3.28, 0.010, 79.85, -52.48);
insert into SHOT values (849, 894, 895, 827, 2.890, 132.70, 24.70, 2.887, 132.68, 24.56, 0.008, 36.82, -84.21);
insert into SHOT values (850, 895, 896, 827, 18.300, 114.70, 7.00, 18.298, 114.70, 7.00, 0.002, 284.44, -7.33);
insert into SHOT values (851, 896, 897, 827, 8.260, 82.60, 23.00, 8.261, 82.59, 23.02, 0.003, 355.72, 70.21);
insert into SHOT values (852, 897, 893, 827, 14.040, 162.00, 6.60, 14.045, 162.01, 6.58, 0.007, 174.79, -33.73);
insert into SHOT values (853, 893, 898, 827, 6.350, 118.80, 7.40, 6.350, 118.76, 7.42, 0.005, 26.30, 26.86);
insert into SHOT values (854, 898, 899, 827, 9.250, 145.70, 24.30, 9.255, 145.73, 24.31, 0.007, 186.37, 32.40);
insert into SHOT values (855, 899, 900, 827, 11.830, 124.10, 16.20, 11.825, 124.12, 16.20, 0.007, 263.83, -3.87);
insert into SHOT values (856, 900, 901, 827, 8.030, 135.00, 20.60, 8.028, 134.95, 20.56, 0.009, 44.90, -36.03);
insert into SHOT values (857, 901, 902, 827, 20.060, 146.50, -1.00, 20.064, 146.51, -1.00, 0.005, 176.53, 1.21);
insert into SHOT values (858, 902, 903, 827, 2.220, 62.50, 17.50, 2.223, 62.47, 17.54, 0.004, 38.94, 38.12);
insert into SHOT values (859, 903, 904, 827, 12.360, 143.30, -49.40, 12.354, 143.34, -49.40, 0.008, 263.89, 33.62);
insert into SHOT values (860, 904, 905, 827, 4.180, 119.10, -11.00, 4.182, 119.00, -11.03, 0.008, 40.40, -18.12);
insert into SHOT values (861, 905, 906, 827, 3.250, 76.30, -20.80, 3.247, 76.28, -20.74, 0.004, 286.44, 65.83);
insert into SHOT values (862, 906, 907, 827, 3.960, 148.40, -20.40, 3.969, 148.40, -20.34, 0.010, 148.79, 1.96);
insert into SHOT values (863, 908, 891, 827, 15.170, 74.10, 22.80, 15.171, 74.11, 22.80, 0.002, 162.82, 56.70);
insert into CENTRELINE values (828, 824, NULL, '2020-02-11', NULL, 417.05, 0.00, 0.00);
 insert into SHOT values (864, 899, 909, 828, 8.800, 24.82, 31.20, 8.542, 25.20, 28.38, 0.501, 128.49, -84.16);
insert into SHOT values (865, 909, 910, 828, 5.800, 121.22, 5.00, 5.981, 121.74, 11.77, 0.721, 155.33, 82.55);
insert into SHOT values (866, 910, 911, 828, 8.500, 16.22, -19.00, 8.297, 16.97, -10.63, 1.247, 58.31, 82.71);
insert into SHOT values (867, 911, 909, 828, 8.800, 237.22, -11.00, 8.749, 237.33, 2.03, 1.992, 245.85, 86.94);
insert into SHOT values (868, 911, 912, 828, 16.160, 34.22, -4.00, 16.163, 34.23, -4.01, 0.004, 79.77, -38.05);
insert into SHOT values (869, 912, 913, 828, 12.650, 147.22, 36.00, 12.690, 152.64, 32.83, 1.211, 216.50, -27.29);
insert into SHOT values (870, 913, 914, 828, 7.960, 92.22, 4.80, 7.701, 95.82, 3.13, 0.600, 210.31, -24.22);
insert into SHOT values (871, 914, 915, 828, 8.100, 85.22, -15.00, 7.871, 88.47, -17.83, 0.630, 214.20, -29.87);
insert into SHOT values (872, 915, 916, 828, 6.760, 138.22, 30.00, 6.720, 142.14, 28.34, 0.449, 221.63, -25.03);
insert into SHOT values (873, 916, 917, 828, 6.230, 113.22, 37.00, 6.032, 116.72, 36.52, 0.363, 228.02, -26.04);
insert into SHOT values (874, 917, 918, 828, 18.000, 352.22, -32.00, 17.431, 348.64, -34.17, 1.278, 218.19, -11.35);
insert into SHOT values (875, 918, 919, 828, 7.000, 234.22, 4.60, 7.372, 233.50, 2.64, 0.455, 220.75, -29.14);
insert into SHOT values (876, 919, 920, 828, 11.750, 311.22, -8.00, 11.884, 304.79, -10.37, 1.404, 220.37, -21.08);
insert into SHOT values (877, 920, 921, 828, 5.700, 273.22, 17.00, 5.909, 270.50, 14.91, 0.399, 226.22, -21.56);
insert into SHOT values (878, 921, 912, 828, 4.300, 281.22, -26.50, 4.264, 276.10, -22.04, 0.484, 205.28, 41.21);
insert into SHOT values (879, 918, 922, 828, 11.300, 111.22, 17.50, 11.740, 114.30, 22.01, 1.164, 192.29, 59.41);
insert into SHOT values (880, 922, 917, 828, 13.500, 219.22, 21.00, 13.134, 216.24, 24.23, 1.052, 83.35, 31.65);
insert into SHOT values (881, 922, 923, 828, 9.200, 15.22, -30.00, 8.363, 12.83, -31.67, 0.930, 214.40, 13.04);
insert into SHOT values (882, 923, 924, 828, 5.850, 251.22, 6.00, 6.280, 247.12, 9.26, 0.699, 200.57, 34.77);
insert into SHOT values (883, 924, 925, 828, 6.680, 312.22, -33.00, 6.332, 306.81, -30.46, 0.691, 204.09, 38.30);
insert into SHOT values (884, 925, 917, 828, 20.500, 168.22, 33.00, 21.222, 175.35, 34.37, 2.329, 253.24, 20.48);
insert into SHOT values (885, 923, 926, 828, 7.200, 72.22, 2.00, 7.199, 72.19, 1.99, 0.004, 326.70, -18.88);
insert into SHOT values (886, 923, 927, 828, 3.800, 118.22, 7.00, 3.796, 118.20, 7.11, 0.008, 318.25, 54.58);
insert into SHOT values (887, 923, 928, 828, 6.230, 102.22, 12.00, 6.089, 104.57, 11.75, 0.286, 221.52, -11.16);
insert into SHOT values (888, 928, 929, 828, 5.000, 142.22, 14.00, 5.027, 144.49, 13.46, 0.200, 222.23, -11.41);
insert into SHOT values (889, 929, 930, 828, 10.600, 94.22, 10.00, 10.450, 97.25, 9.64, 0.572, 199.74, -9.13);
insert into SHOT values (890, 930, 931, 828, 9.600, 147.22, -6.00, 9.683, 150.61, -6.64, 0.582, 231.83, -11.54);
insert into SHOT values (891, 931, 932, 828, 8.270, 112.22, 40.00, 8.144, 112.36, 36.81, 0.474, 116.90, -66.95);
insert into SHOT values (892, 932, 933, 828, 7.600, 101.22, -8.00, 7.696, 101.46, -11.16, 0.434, 153.05, -84.78);
insert into SHOT values (893, 933, 934, 828, 12.700, 139.22, -18.00, 12.984, 140.55, -16.97, 0.463, 179.82, 16.87);
insert into SHOT values (894, 934, 935, 828, 7.650, 204.22, 6.00, 7.655, 204.28, 6.00, 0.009, 258.14, 2.37);
insert into SHOT values (895, 931, 936, 828, 1.770, 324.22, 7.00, 1.802, 321.39, 9.26, 0.117, 246.94, 39.50);
insert into SHOT values (896, 936, 937, 828, 5.140, 188.22, 18.00, 5.396, 189.96, 19.49, 0.327, 226.46, 40.32);
insert into SHOT values (897, 937, 938, 828, 4.850, 239.22, 38.00, 5.193, 239.04, 38.18, 0.343, 236.29, 40.74);
insert into SHOT values (898, 922, 939, 828, 15.690, 154.22, 32.00, 15.760, 156.21, 33.03, 0.544, 256.67, 30.44);
insert into SHOT values (899, 939, 940, 828, 6.100, 65.22, -12.50, 6.130, 68.61, -11.67, 0.365, 149.13, 12.70);
insert into SHOT values (900, 940, 938, 828, 10.000, 113.22, -18.00, 10.194, 114.86, -19.48, 0.425, 183.94, -46.84);
insert into SHOT values (901, 912, 941, 828, 10.400, 13.22, -29.00, 9.940, 14.05, -22.48, 1.252, 69.74, 82.70);
insert into SHOT values (902, 941, 942, 828, 5.200, 33.82, -1.00, 4.997, 35.35, 5.05, 0.591, 183.10, 63.93);
insert into SHOT values (903, 942, 943, 828, 9.560, 137.72, 27.00, 10.081, 140.09, 33.07, 1.214, 240.22, 72.88);
insert into SHOT values (904, 943, 921, 828, 9.400, 226.22, -12.00, 9.571, 223.69, -3.23, 1.518, 175.95, 68.75);
insert into SHOT values (905, 917, 944, 828, 4.500, 346.22, -26.00, 4.502, 346.14, -25.95, 0.008, 284.64, 20.72);
insert into SHOT values (906, 944, 945, 828, 16.000, 144.22, 19.00, 16.008, 144.22, 18.99, 0.009, 138.89, 6.12);
insert into SHOT values (907, 946, 947, 828, 6.200, 194.22, 45.00, 6.198, 194.26, 44.97, 0.005, 263.37, -54.96);
insert into SHOT values (908, 911, 947, 828, 4.000, 284.22, -12.50, 4.066, 283.12, -15.26, 0.218, 206.41, -69.19);
insert into SHOT values (909, 947, 948, 828, 2.950, 334.22, -10.00, 2.907, 333.62, -12.72, 0.149, 177.47, -59.19);
insert into SHOT values (910, 948, 949, 828, 5.000, 254.22, -20.00, 5.171, 253.08, -22.51, 0.296, 203.33, -65.58);
insert into SHOT values (911, 949, 950, 828, 5.100, 259.22, 7.00, 5.111, 258.12, 3.93, 0.291, 189.48, -68.87);
insert into SHOT values (912, 950, 899, 828, 13.000, 160.82, 4.00, 13.165, 161.94, -1.78, 1.355, 214.54, -76.46);
insert into CENTRELINE values (829, 824, NULL, NULL, NULL, 323.61, 0.00, 0.00);
 insert into SHOT values (913, 922, 939, 829, 15.830, 162.40, 31.70, 15.760, 156.21, 33.03, 1.489, 59.26, 10.52);
insert into SHOT values (914, 939, 951, 829, 11.840, 158.10, 26.50, 11.466, 155.31, 29.47, 0.869, 15.98, 24.26);
insert into SHOT values (915, 951, 952, 829, 8.660, 64.00, 6.50, 8.896, 58.68, 5.87, 0.849, 348.16, -4.75);
insert into SHOT values (916, 952, 953, 829, 12.300, 165.20, 26.00, 11.901, 163.22, 29.17, 0.862, 13.43, 28.26);
insert into SHOT values (917, 953, 954, 829, 15.140, 49.30, -1.62, 15.571, 42.08, -1.88, 1.981, 328.17, -2.37);
insert into SHOT values (918, 954, 955, 829, 6.450, 89.10, 2.00, 6.569, 85.36, 4.19, 0.506, 11.17, 30.24);
insert into SHOT values (919, 955, 956, 829, 16.760, 143.80, 31.80, 16.581, 142.62, 35.85, 1.224, 342.79, 45.84);
insert into SHOT values (920, 956, 957, 829, 4.350, 56.30, -23.70, 4.395, 53.87, -23.32, 0.179, 342.43, 2.72);
insert into SHOT values (921, 957, 958, 829, 7.650, 91.90, -43.30, 7.532, 89.26, -44.08, 0.298, 328.78, 1.25);
insert into SHOT values (922, 958, 959, 829, 14.760, 103.80, -22.90, 14.624, 99.41, -23.71, 1.062, 0.32, -7.38);
insert into SHOT values (923, 959, 960, 829, 14.610, 48.90, -21.30, 14.734, 43.74, -20.04, 1.283, 326.83, 11.56);
insert into SHOT values (924, 960, 961, 829, 13.750, 87.50, 7.10, 13.814, 81.34, 8.11, 1.491, 355.64, 9.67);
insert into SHOT values (925, 961, 962, 829, 8.910, 48.90, -36.80, 8.888, 47.82, -36.13, 0.172, 336.55, 34.46);
insert into SHOT values (926, 962, 963, 829, 15.860, 36.30, -18.70, 15.885, 34.38, -17.40, 0.621, 320.35, 32.62);
insert into SHOT values (927, 963, 964, 829, 10.260, 20.30, 9.30, 10.325, 19.11, 9.93, 0.248, 301.88, 29.50);
insert into SHOT values (928, 964, 965, 829, 9.710, 299.50, -5.70, 9.789, 300.09, -4.81, 0.198, 346.88, 46.82);
insert into SHOT values (929, 965, 966, 829, 4.900, 353.80, -10.50, 4.978, 353.32, -9.95, 0.100, 328.17, 19.24);
insert into SHOT values (930, 966, 967, 829, 14.290, 299.50, 0.60, 14.383, 300.33, 1.63, 0.344, 6.77, 49.18);
insert into SHOT values (931, 967, 968, 829, 8.480, 252.20, -1.80, 8.506, 253.40, -1.08, 0.209, 333.59, 30.64);
insert into SHOT values (932, 968, 969, 829, 16.900, 14.30, -7.20, 16.893, 14.30, -7.21, 0.008, 194.17, -14.27);
insert into SHOT values (933, 969, 970, 829, 18.220, 4.30, -0.90, 18.224, 4.31, -0.91, 0.006, 45.08, -37.06);
insert into SHOT values (934, 970, 971, 829, 24.950, 46.10, -19.70, 24.948, 46.09, -19.70, 0.007, 294.03, 4.62);
insert into SHOT values (935, 971, 972, 829, 10.800, 144.40, -8.60, 10.807, 144.41, -8.57, 0.010, 150.61, 31.50);
insert into SHOT values (936, 972, 973, 829, 15.000, 22.80, 0.00, 15.001, 22.79, 0.00, 0.004, 305.44, 0.00);
insert into SHOT values (937, 968, 974, 829, 23.230, 143.20, 3.20, 23.152, 143.13, 5.01, 0.735, 336.53, 79.55);
insert into CENTRELINE values (830, 824, NULL, '2020-02-12', NULL, 222.12, 0.00, 0.00);
 insert into SHOT values (938, 938, 975, 830, 9.860, 155.32, 22.30, 10.123, 158.65, 21.87, 0.603, 220.16, 2.71);
insert into SHOT values (939, 975, 976, 830, 10.470, 143.12, -9.60, 10.664, 147.45, -8.09, 0.859, 218.74, 16.64);
insert into SHOT values (940, 976, 977, 830, 9.330, 107.62, 3.40, 9.340, 112.41, 4.36, 0.793, 200.05, 11.39);
insert into SHOT values (941, 977, 978, 830, 7.040, 143.82, 19.30, 7.254, 146.98, 19.32, 0.429, 207.01, 9.82);
insert into SHOT values (942, 978, 979, 830, 9.490, 352.82, 8.50, 9.222, 350.36, 10.12, 0.547, 223.80, 23.41);
insert into SHOT values (943, 979, 980, 830, 8.860, 2.22, -8.30, 8.524, 0.61, -8.03, 0.416, 217.95, 12.35);
insert into SHOT values (944, 980, 981, 830, 8.280, 16.22, 33.40, 8.044, 15.82, 36.64, 0.520, 201.83, 27.73);
insert into SHOT values (945, 979, 982, 830, 4.960, 322.42, -10.40, 4.953, 322.42, -10.47, 0.009, 141.70, -29.59);
insert into SHOT values (946, 982, 983, 830, 4.640, 62.62, 8.10, 4.639, 62.65, 8.05, 0.005, 161.79, -56.42);
insert into SHOT values (947, 983, 984, 830, 3.930, 85.62, -4.70, 3.925, 85.60, -4.68, 0.006, 281.36, 20.26);
insert into SHOT values (948, 984, 985, 830, 2.600, 123.02, 27.30, 2.601, 123.00, 27.22, 0.004, 107.32, -39.94);
insert into SHOT values (949, 985, 986, 830, 6.230, 130.62, 24.60, 6.228, 130.56, 24.67, 0.010, 3.96, 39.10);
insert into SHOT values (950, 955, 987, 830, 10.070, 108.82, -45.40, 10.077, 107.28, -41.83, 0.658, 83.86, 43.15);
insert into SHOT values (951, 988, 989, 830, 4.800, 182.82, 48.10, 4.459, 183.66, 48.13, 0.344, 352.11, -47.21);
insert into SHOT values (952, 989, 990, 830, 2.510, 146.02, 29.60, 2.188, 145.40, 28.68, 0.325, 330.57, -35.73);
insert into SHOT values (953, 990, 987, 830, 6.800, 252.42, 65.20, 6.576, 254.52, 63.98, 0.285, 326.31, -67.33);
insert into SHOT values (954, 987, 981, 830, 3.090, 254.82, 7.80, 2.872, 257.43, 7.40, 0.257, 43.90, -11.09);
insert into SHOT values (955, 934, 991, 830, 4.130, 69.22, 3.20, 4.145, 71.70, 2.90, 0.180, 155.37, -6.55);
insert into SHOT values (956, 991, 992, 830, 6.290, 94.32, 20.60, 6.421, 96.84, 19.75, 0.308, 154.97, -8.05);
insert into SHOT values (957, 992, 993, 830, 1.110, 178.12, 6.30, 1.378, 177.08, 5.41, 0.270, 172.78, 1.74);
insert into SHOT values (958, 993, 994, 830, 8.050, 107.12, 9.30, 8.125, 107.83, 8.49, 0.168, 154.42, -36.94);
insert into SHOT values (959, 994, 995, 830, 6.270, 104.92, 0.90, 6.342, 105.55, 0.36, 0.116, 148.60, -30.27);
insert into SHOT values (960, 995, 996, 830, 4.330, 45.22, -44.10, 4.352, 46.17, -44.49, 0.063, 140.83, -35.31);
insert into SHOT values (961, 996, 997, 830, 2.640, 86.82, 56.40, 2.622, 87.66, 55.86, 0.037, 151.69, -50.52);
insert into SHOT values (962, 997, 998, 830, 6.140, 0.82, -1.90, 6.058, 1.42, -2.55, 0.125, 144.27, -32.09);
insert into SHOT values (963, 998, 999, 830, 6.120, 351.52, -27.70, 6.069, 352.02, -28.54, 0.113, 143.50, -29.18);
insert into SHOT values (964, 999, 1000, 830, 2.530, 13.82, 16.40, 2.451, 14.51, 16.11, 0.085, 172.49, -23.91);
insert into SHOT values (965, 1000, 1001, 830, 3.120, 28.42, 70.70, 3.050, 29.89, 70.79, 0.075, 166.05, -59.54);
insert into SHOT values (966, 1001, 1002, 830, 3.540, 309.12, 13.30, 3.440, 308.82, 13.11, 0.103, 139.67, -19.55);
insert into SHOT values (967, 1002, 1003, 830, 7.340, 81.62, 33.40, 7.350, 82.58, 32.60, 0.145, 140.08, -33.66);
insert into SHOT values (968, 933, 1004, 830, 5.180, 19.42, -2.60, 5.395, 18.10, -4.78, 0.319, 347.54, -42.41);
insert into SHOT values (969, 1004, 1005, 830, 4.180, 345.72, 15.90, 4.351, 345.50, 13.29, 0.260, 341.42, -33.99);
insert into SHOT values (970, 1005, 1006, 830, 10.610, 147.52, 12.40, 10.346, 146.59, 9.40, 0.631, 14.10, -68.75);
insert into SHOT values (971, 1006, 988, 830, 1.340, 85.82, -12.70, 1.343, 82.43, -15.99, 0.109, 342.39, -43.86);
insert into SHOT values (972, 940, 1007, 830, 10.880, 66.52, 27.60, 11.036, 68.53, 30.49, 0.666, 179.01, 57.15);
insert into SHOT values (973, 1007, 954, 830, 15.360, 127.82, 25.50, 15.614, 128.54, 28.62, 0.898, 260.56, 74.89);
insert into CENTRELINE values (831, 824, NULL, NULL, NULL, 470.53, 0.00, 0.00);
 insert into SHOT values (974, 907, 1008, 831, 3.780, 249.30, 17.00, 3.784, 249.46, 16.90, 0.013, 312.06, -24.30);
insert into SHOT values (975, 1008, 1009, 831, 3.550, 329.10, 15.10, 3.551, 329.09, 15.18, 0.005, 177.27, 79.10);
insert into SHOT values (976, 1009, 1010, 831, 6.220, 128.30, 24.40, 6.223, 128.27, 24.39, 0.005, 80.16, 5.79);
insert into SHOT values (977, 1010, 1011, 831, 6.280, 148.60, -13.10, 6.282, 148.57, -13.16, 0.007, 75.16, -62.42);
insert into SHOT values (978, 1011, 1012, 831, 6.790, 144.10, -4.70, 6.791, 144.20, -4.65, 0.013, 224.03, 29.13);
insert into SHOT values (979, 1012, 1013, 831, 7.340, 126.00, -83.80, 7.342, 125.71, -83.84, 0.007, 347.63, -25.65);
insert into SHOT values (980, 1013, 1014, 831, 11.860, 151.90, -3.90, 11.865, 151.88, -3.91, 0.008, 106.33, -24.56);
insert into SHOT values (981, 1014, 1015, 831, 6.420, 121.70, 46.50, 6.421, 121.68, 46.53, 0.004, 3.16, 53.56);
insert into SHOT values (982, 1015, 1016, 831, 19.340, 151.50, 23.10, 19.347, 151.51, 23.10, 0.007, 161.51, 18.62);
insert into SHOT values (983, 1016, 1017, 831, 6.920, 139.90, 58.80, 6.917, 139.99, 58.86, 0.009, 283.27, 5.46);
insert into SHOT values (984, 1017, 1018, 831, 14.080, 154.10, 5.90, 14.081, 154.09, 5.87, 0.008, 112.88, -67.86);
insert into SHOT values (985, 1018, 1019, 831, 18.040, 154.30, -2.20, 18.038, 154.29, -2.19, 0.005, 39.25, 28.06);
insert into SHOT values (986, 1019, 1020, 831, 4.240, 163.30, 26.90, 4.240, 163.24, 26.92, 0.004, 63.35, 23.05);
insert into SHOT values (987, 1020, 1021, 831, 8.140, 153.30, -67.20, 8.145, 153.43, -67.23, 0.010, 255.07, -38.82);
insert into SHOT values (988, 1021, 1022, 831, 7.920, 174.30, 7.30, 7.923, 174.30, 7.32, 0.005, 180.56, 50.40);
insert into SHOT values (989, 1022, 1023, 831, 6.470, 156.50, -46.40, 6.465, 156.48, -46.38, 0.006, 27.66, 69.13);
insert into SHOT values (990, 1023, 1024, 831, 1.270, 107.80, 11.30, 1.272, 107.71, 10.88, 0.010, 80.14, -64.04);
insert into SHOT values (991, 1024, 1025, 831, 12.090, 154.30, -54.40, 12.088, 154.31, -54.41, 0.003, 313.00, 8.65);
insert into SHOT values (992, 1025, 1026, 831, 5.050, 53.60, -6.20, 5.049, 53.59, -6.14, 0.006, 310.51, 76.07);
insert into SHOT values (993, 1026, 1027, 831, 12.290, 25.20, -8.30, 12.288, 25.22, -8.33, 0.007, 155.50, -55.18);
insert into SHOT values (994, 1026, 1028, 831, 6.330, 139.10, 18.50, 6.332, 139.12, 18.51, 0.003, 184.77, 29.34);
insert into SHOT values (995, 1028, 1029, 831, 5.800, 169.80, 32.30, 5.796, 169.77, 32.33, 0.005, 21.24, 7.93);
insert into SHOT values (996, 1013, 1030, 831, 15.080, 325.80, -9.40, 15.074, 325.80, -9.39, 0.006, 157.94, 28.15);
insert into SHOT values (997, 1030, 1031, 831, 14.060, 312.30, 3.20, 14.059, 312.31, 3.18, 0.006, 55.01, -55.33);
insert into SHOT values (998, 1031, 1032, 831, 6.080, 302.40, 39.80, 6.075, 302.40, 39.82, 0.005, 127.73, -20.60);
insert into SHOT values (999, 1032, 1033, 831, 11.360, 327.00, -14.10, 11.368, 327.03, -14.10, 0.010, 2.69, -14.79);
insert into SHOT values (1000, 1033, 1034, 831, 7.000, 318.00, 12.90, 7.004, 317.97, 12.95, 0.009, 259.25, 58.08);
insert into SHOT values (1001, 1034, 1035, 831, 19.100, 327.20, -10.00, 19.100, 327.20, -10.01, 0.004, 219.65, -65.16);
insert into SHOT values (1002, 1035, 1036, 831, 8.220, 314.90, 17.20, 8.216, 314.90, 17.20, 0.004, 145.47, -11.47);
insert into SHOT values (1003, 1036, 1037, 831, 8.360, 307.90, 18.10, 8.360, 307.89, 18.12, 0.003, 173.06, 61.69);
insert into SHOT values (1004, 1037, 1038, 831, 5.450, 179.00, 22.40, 5.453, 178.98, 22.42, 0.004, 132.19, 46.91);
insert into SHOT values (1005, 878, 1039, 831, 12.620, 102.20, -31.50, 12.575, 102.38, -31.07, 0.110, 175.60, 70.94);
insert into SHOT values (1006, 1039, 1040, 831, 12.470, 245.10, -35.50, 12.472, 245.08, -34.70, 0.175, 243.38, 54.08);
insert into SHOT values (1007, 1040, 1041, 831, 4.380, 293.00, -7.80, 4.397, 292.80, -7.32, 0.043, 257.47, 52.78);
insert into SHOT values (1008, 1041, 1042, 831, 7.110, 203.00, 6.20, 7.130, 203.20, 6.60, 0.059, 262.74, 61.58);
insert into SHOT values (1009, 1042, 1043, 831, 13.410, 301.10, 10.50, 13.431, 300.77, 11.21, 0.183, 202.84, 65.13);
insert into SHOT values (1010, 1043, 1044, 831, 5.870, 214.20, -43.30, 5.861, 214.39, -42.77, 0.057, 239.70, 54.03);
insert into SHOT values (1011, 1044, 1045, 831, 12.890, 159.70, 15.50, 12.889, 159.70, 15.48, 0.005, 100.88, -78.34);
insert into SHOT values (1012, 1044, 1046, 831, 7.910, 260.30, -65.20, 7.881, 260.23, -64.78, 0.065, 254.38, 50.89);
insert into SHOT values (1013, 1046, 1047, 831, 5.610, 258.70, -15.20, 5.631, 258.67, -14.71, 0.052, 253.32, 51.48);
insert into SHOT values (1014, 1047, 1048, 831, 5.420, 185.90, 9.70, 5.434, 186.12, 10.07, 0.043, 254.33, 59.71);
insert into SHOT values (1015, 1048, 1049, 831, 15.610, 291.30, -30.10, 15.605, 290.99, -29.19, 0.260, 259.28, 57.35);
insert into SHOT values (1016, 1049, 1050, 831, 5.810, 263.70, 7.10, 5.845, 263.66, 7.47, 0.052, 255.70, 54.12);
insert into SHOT values (1017, 1050, 1051, 831, 2.510, 325.40, 7.30, 2.517, 325.29, 7.76, 0.022, 275.76, 73.22);
insert into SHOT values (1018, 1051, 1052, 831, 7.200, 227.20, 22.90, 7.237, 227.31, 23.19, 0.054, 260.99, 63.88);
insert into SHOT values (1019, 1052, 1053, 831, 7.220, 227.00, 2.30, 7.183, 229.18, 2.63, 0.280, 326.23, 8.28);
insert into SHOT values (1020, 1053, 1054, 831, 6.890, 227.90, -26.10, 6.852, 229.87, -25.97, 0.216, 326.25, 8.28);
insert into SHOT values (1021, 1054, 1055, 831, 2.680, 303.30, 14.60, 2.855, 304.09, 14.40, 0.179, 315.85, 11.09);
insert into SHOT values (1022, 1055, 1056, 831, 6.270, 21.60, 12.50, 6.389, 20.06, 12.47, 0.205, 326.03, 6.44);
insert into SHOT values (1023, 1056, 1057, 831, 8.320, 58.40, 52.50, 8.348, 56.53, 52.70, 0.170, 325.39, 13.36);
insert into SHOT values (1024, 1057, 1058, 831, 4.490, 138.40, 3.70, 4.302, 138.02, 4.00, 0.192, 326.91, 3.06);
insert into SHOT values (1025, 1058, 1052, 831, 7.290, 64.30, -60.50, 7.308, 62.72, -60.49, 0.101, 339.61, -8.63);
insert into SHOT values (1026, 1058, 1059, 831, 3.980, 248.50, 48.30, 4.027, 248.52, 48.36, 0.048, 249.93, 53.59);
insert into SHOT values (1027, 1059, 1060, 831, 8.430, 130.50, 34.00, 8.451, 130.81, 34.53, 0.089, 256.02, 59.07);
insert into SHOT values (1028, 1060, 1061, 831, 2.960, 319.50, 50.20, 2.996, 319.46, 50.45, 0.038, 314.07, 69.75);
insert into SHOT values (1029, 1061, 1062, 831, 2.570, 135.30, 16.60, 2.566, 135.50, 17.00, 0.020, 273.09, 51.94);
insert into SHOT values (1030, 1062, 1063, 831, 4.010, 53.70, 65.20, 4.034, 53.75, 65.48, 0.031, 224.33, 74.95);
insert into SHOT values (1031, 1063, 847, 831, 11.670, 152.10, 14.20, 11.677, 152.50, 14.89, 0.161, 262.21, 58.41);
insert into CENTRELINE values (832, 824, NULL, '2020-02-22', NULL, 456.03, 0.00, 0.00);
 insert into SHOT values (1032, 1003, 1064, 832, 10.830, 50.12, -31.40, 10.860, 51.45, -32.16, 0.259, 153.96, -32.09);
insert into SHOT values (1033, 1064, 1065, 832, 9.600, 80.92, 18.00, 9.596, 80.92, 18.03, 0.007, 262.08, 30.66);
insert into SHOT values (1034, 1065, 1066, 832, 4.370, 121.62, 26.00, 4.372, 121.59, 25.90, 0.008, 97.78, -46.30);
insert into SHOT values (1035, 1066, 1067, 832, 12.190, 28.12, -1.60, 12.191, 28.10, -1.60, 0.004, 313.99, 4.66);
insert into SHOT values (1036, 1067, 1068, 832, 3.340, 40.22, 31.30, 3.341, 40.17, 31.38, 0.006, 286.90, 58.28);
insert into SHOT values (1037, 1068, 1069, 832, 10.280, 308.12, -1.40, 10.273, 308.12, -1.39, 0.007, 129.31, 10.16);
insert into SHOT values (1038, 1069, 1070, 832, 5.290, 330.42, -13.00, 5.290, 330.35, -13.00, 0.006, 244.76, -0.08);
insert into SHOT values (1039, 1070, 1071, 832, 13.900, 301.22, -5.40, 13.900, 301.25, -5.41, 0.009, 30.63, -12.81);
insert into SHOT values (1040, 1071, 1072, 832, 8.800, 229.52, 10.90, 8.797, 229.51, 10.88, 0.005, 96.09, -54.71);
insert into SHOT values (1041, 1072, 1073, 832, 3.540, 5.52, -68.50, 3.536, 5.31, -68.51, 0.006, 253.81, 36.29);
insert into SHOT values (1042, 1073, 1074, 832, 4.920, 92.12, -7.70, 4.918, 92.12, -7.71, 0.002, 279.74, -18.67);
insert into SHOT values (1043, 1074, 1075, 832, 17.660, 85.72, -19.90, 17.660, 85.72, -19.90, 0.002, 44.32, 43.50);
insert into SHOT values (1044, 1075, 1076, 832, 11.200, 79.52, -17.80, 11.203, 79.52, -17.78, 0.006, 84.36, 43.10);
insert into SHOT values (1045, 1076, 1077, 832, 1.260, 73.52, -10.20, 1.262, 73.61, -10.50, 0.007, 154.34, -73.96);
insert into SHOT values (1046, 1077, 1078, 832, 22.790, 104.22, 15.10, 22.793, 104.23, 15.11, 0.006, 167.34, 31.78);
insert into SHOT values (1047, 1078, 1079, 832, 8.430, 308.22, 72.00, 8.435, 308.32, 71.95, 0.009, 337.72, 16.11);
insert into SHOT values (1048, 1077, 1080, 832, 4.080, 31.32, -17.50, 4.073, 31.32, -17.43, 0.008, 213.40, 54.34);
insert into SHOT values (1049, 1080, 1081, 832, 4.190, 88.82, -22.50, 4.192, 88.82, -22.58, 0.007, 322.62, -86.62);
insert into SHOT values (1050, 969, 1082, 832, 17.000, 314.22, -16.00, 17.002, 314.23, -16.01, 0.005, 22.53, -50.73);
insert into SHOT values (1051, 1064, 1083, 832, 6.860, 252.22, 10.10, 6.825, 251.19, 9.61, 0.139, 150.43, -26.97);
insert into SHOT values (1052, 1083, 1084, 832, 5.710, 291.92, -16.10, 5.645, 291.39, -16.89, 0.113, 142.71, -29.96);
insert into SHOT values (1053, 1084, 1085, 832, 7.220, 334.22, -17.50, 7.143, 334.38, -18.44, 0.142, 144.43, -38.62);
insert into SHOT values (1054, 1085, 1086, 832, 7.540, 61.12, -0.70, 7.553, 62.21, -1.29, 0.164, 147.20, -28.35);
insert into SHOT values (1055, 1086, 1087, 832, 3.870, 39.82, 7.50, 3.837, 40.63, 7.04, 0.071, 158.08, -29.79);
insert into SHOT values (1056, 1087, 1088, 832, 6.810, 73.62, 21.50, 6.822, 74.63, 20.78, 0.142, 143.73, -32.29);
insert into SHOT values (1057, 1088, 974, 832, 8.890, 112.12, 49.20, 8.907, 112.66, 47.91, 0.209, 131.20, -34.99);
insert into SHOT values (1058, 1069, 1089, 832, 5.760, 61.72, 26.90, 5.753, 61.74, 26.87, 0.008, 224.97, -49.30);
insert into SHOT values (1059, 1089, 1090, 832, 11.680, 79.52, -1.20, 11.678, 79.49, -1.18, 0.008, 336.27, 34.93);
insert into SHOT values (1060, 1090, 1091, 832, 4.650, 41.12, -30.50, 4.654, 41.16, -30.47, 0.005, 71.29, 0.57);
insert into SHOT values (1061, 1091, 1092, 832, 4.700, 99.12, -78.00, 4.702, 99.46, -78.05, 0.008, 223.41, -21.05);
insert into SHOT values (1062, 961, 1093, 832, 5.240, 48.22, 13.70, 5.241, 48.26, 13.69, 0.004, 117.73, -14.10);
insert into SHOT values (1063, 1093, 1094, 832, 4.970, 106.62, 10.10, 4.971, 106.62, 10.08, 0.002, 107.84, -46.04);
insert into SHOT values (1064, 1094, 1095, 832, 5.270, 110.82, -10.90, 5.263, 110.85, -10.84, 0.010, 264.87, 42.92);
insert into SHOT values (1065, 1095, 1096, 832, 13.550, 69.42, -26.40, 13.552, 69.40, -26.42, 0.007, 327.85, -49.34);
insert into SHOT values (1066, 1096, 1097, 832, 6.550, 57.72, -10.70, 6.559, 57.74, -10.72, 0.010, 72.02, -23.30);
insert into SHOT values (1067, 1097, 1098, 832, 11.700, 23.92, -0.50, 11.694, 23.91, -0.49, 0.006, 218.95, 19.25);
insert into SHOT values (1068, 960, 1099, 832, 4.660, 231.72, 4.60, 4.596, 233.43, 4.49, 0.152, 347.14, -5.18);
insert into SHOT values (1069, 1099, 1100, 832, 8.140, 241.72, -16.30, 8.128, 244.03, -16.66, 0.318, 337.68, -8.19);
insert into SHOT values (1070, 1100, 1101, 832, 18.520, 277.12, -4.40, 18.667, 281.47, -4.79, 1.421, 3.77, -5.62);
insert into SHOT values (1071, 1101, 1102, 832, 4.430, 247.32, -18.10, 4.425, 248.93, -18.31, 0.120, 342.96, -6.58);
insert into SHOT values (1072, 1102, 1103, 832, 3.920, 182.02, -41.90, 3.801, 182.69, -43.16, 0.149, 349.46, 6.88);
insert into SHOT values (1073, 1103, 1104, 832, 3.570, 298.12, 5.20, 3.576, 298.15, 5.29, 0.009, 314.53, 46.46);
insert into SHOT values (1074, 1103, 1105, 832, 5.650, 122.62, -40.70, 5.545, 121.53, -41.86, 0.174, 329.51, -5.17);
insert into SHOT values (1075, 1105, 1106, 832, 7.080, 95.52, -9.90, 7.017, 93.49, -10.34, 0.260, 348.24, -9.47);
insert into SHOT values (1076, 1106, 993, 832, 2.860, 58.22, 10.80, 2.892, 56.48, 10.56, 0.092, 348.64, -3.67);
insert into SHOT values (1077, 961, 1107, 832, 17.380, 239.42, 18.10, 17.294, 243.94, 19.10, 1.333, 339.51, 11.27);
insert into SHOT values (1078, 1107, 1108, 832, 7.410, 265.12, 50.60, 7.390, 267.41, 50.96, 0.194, 10.81, 4.15);
insert into SHOT values (1079, 1108, 1109, 832, 9.760, 239.42, -26.70, 9.635, 242.05, -27.64, 0.445, 355.62, -10.96);
insert into SHOT values (1080, 1109, 1110, 832, 5.600, 104.32, -42.50, 5.577, 102.13, -42.81, 0.161, 359.84, -2.38);
insert into SHOT values (1081, 1110, 960, 832, 14.540, 45.42, -21.60, 14.737, 42.54, -20.21, 0.799, 338.28, 19.18);
insert into SHOT values (1082, 877, 1111, 832, 8.840, 264.62, -4.60, 8.838, 264.59, -4.61, 0.005, 145.05, -12.40);
insert into SHOT values (1083, 1111, 1112, 832, 4.790, 24.32, 26.40, 4.791, 24.36, 26.39, 0.003, 84.53, 3.72);
insert into SHOT values (1084, 1112, 1113, 832, 7.920, 35.92, 14.30, 7.923, 35.88, 14.32, 0.007, 333.80, 34.87);
insert into SHOT values (1085, 1113, 1114, 832, 6.930, 69.62, -31.30, 6.929, 69.64, -31.30, 0.002, 200.13, 6.95);
insert into SHOT values (1086, 1114, 1115, 832, 3.310, 100.02, -34.80, 3.313, 99.95, -34.78, 0.005, 49.73, -11.70);
insert into SHOT values (1087, 1115, 1116, 832, 6.590, 59.22, -37.70, 6.587, 59.30, -37.72, 0.008, 177.97, -0.25);
insert into SHOT values (1088, 1116, 1117, 832, 2.890, 191.72, 17.20, 2.887, 191.92, 17.12, 0.011, 289.16, -25.28);
insert into SHOT values (1089, 1117, 1118, 832, 6.600, 245.82, -66.10, 6.592, 245.84, -66.17, 0.011, 60.71, 20.84);
insert into SURVEY values (834, 789, 'ChattiereQuiBuffle', 'ChattiereQuiBuffle.107.UltimaPatagonia', 'Chattiere qui buffle');
 insert into CENTRELINE values (835, 834, NULL, NULL, NULL, 0.00, 0.00, 0.00);
 insert into CENTRELINE values (836, 834, NULL, '2020-02-01', NULL, 247.11, 0.00, 0.00);
 insert into SHOT values (1090, 1119, 1120, 836, 4.100, 130.23, -23.00, 4.100, 130.27, -22.97, 0.004, 209.39, 32.88);
insert into SHOT values (1091, 1120, 1121, 836, 2.650, 162.23, -1.00, 2.647, 162.18, -1.08, 0.005, 20.57, -48.34);
insert into SHOT values (1092, 1121, 1122, 836, 4.360, 30.23, 22.00, 4.362, 30.31, 22.08, 0.009, 120.61, 49.42);
insert into SHOT values (1093, 1122, 1123, 836, 1.820, 108.23, 43.00, 1.815, 108.02, 43.10, 0.008, 325.82, -9.21);
insert into SHOT values (1094, 1123, 1124, 836, 1.720, 320.23, 0.00, 1.718, 320.19, 0.00, 0.002, 168.66, 0.00);
insert into SHOT values (1095, 1124, 1125, 836, 2.780, 14.23, -3.00, 2.779, 14.19, -3.09, 0.005, 244.74, -61.22);
insert into SHOT values (1096, 1125, 1126, 836, 4.850, 75.23, -2.00, 4.854, 75.19, -2.01, 0.005, 38.93, -8.23);
insert into SHOT values (1097, 1126, 1127, 836, 4.780, 40.23, -63.00, 4.778, 40.31, -63.07, 0.007, 191.87, -8.03);
insert into SHOT values (1098, 1127, 1128, 836, 7.510, 122.23, -19.00, 7.507, 122.17, -18.97, 0.009, 24.67, 34.67);
insert into SHOT values (1099, 1128, 1129, 836, 4.100, 182.23, -45.00, 4.103, 182.37, -44.98, 0.008, 247.59, -6.15);
insert into SHOT values (1100, 1129, 1130, 836, 0.690, 222.23, 0.00, 0.687, 222.05, 0.00, 0.004, 75.74, 0.00);
insert into SHOT values (1101, 1130, 1131, 836, 6.110, 136.23, -1.00, 6.112, 136.19, -1.03, 0.005, 71.82, -41.25);
insert into SHOT values (1102, 1131, 1132, 836, 6.550, 144.23, -4.00, 6.549, 144.22, -4.03, 0.003, 11.69, -67.47);
insert into SHOT values (1103, 1132, 1133, 836, 2.640, 77.23, 3.00, 2.638, 77.28, 3.04, 0.004, 201.15, 30.33);
insert into SHOT values (1104, 1133, 1134, 836, 3.060, 113.23, -57.00, 3.055, 113.33, -56.94, 0.007, 208.95, 63.48);
insert into SHOT values (1105, 1134, 1135, 836, 5.420, 269.23, -35.00, 5.421, 269.23, -35.01, 0.001, 268.04, -63.68);
insert into SHOT values (1106, 1135, 1136, 836, 5.420, 169.23, -33.00, 5.414, 169.21, -33.01, 0.006, 2.75, 19.56);
insert into SHOT values (1107, 1136, 1137, 836, 5.190, 117.23, -52.00, 5.192, 117.37, -51.98, 0.008, 188.89, -1.56);
insert into SHOT values (1108, 1137, 1138, 836, 4.610, 102.23, -28.00, 4.614, 102.19, -28.05, 0.006, 44.30, -64.31);
insert into SHOT values (1109, 1138, 1139, 836, 4.060, 120.23, -40.00, 4.060, 120.11, -40.01, 0.006, 25.36, -2.57);
insert into SHOT values (1110, 1139, 1140, 836, 5.590, 144.23, -80.00, 5.585, 144.67, -80.01, 0.009, 251.82, 32.89);
insert into SHOT values (1111, 1140, 1141, 836, 7.510, 181.23, -20.00, 7.515, 181.22, -20.00, 0.005, 167.69, -17.15);
insert into SHOT values (1112, 1140, 1142, 836, 5.450, 303.23, -6.00, 5.447, 303.25, -6.01, 0.004, 88.93, -4.53);
insert into SHOT values (1113, 1142, 1143, 836, 8.540, 184.23, -26.00, 8.548, 184.26, -26.02, 0.009, 220.28, -42.97);
insert into SHOT values (1114, 1144, 1140, 836, 3.130, 146.43, -4.00, 3.125, 146.51, -4.04, 0.007, 282.38, -13.59);
insert into SHOT values (1115, 1145, 1144, 836, 4.110, 125.63, 34.80, 4.119, 125.62, 34.79, 0.009, 121.56, 28.92);
insert into SHOT values (1116, 1146, 1145, 836, 1.390, 55.43, 26.00, 1.392, 55.42, 25.99, 0.002, 51.53, 21.57);
insert into SHOT values (1117, 1147, 1140, 836, 5.370, 9.03, 22.90, 5.373, 8.95, 22.89, 0.008, 306.54, 3.07);
insert into SHOT values (1118, 1148, 1140, 836, 4.380, 139.03, -43.60, 4.377, 138.97, -43.63, 0.005, 1.77, 6.36);
insert into SHOT values (1119, 1149, 1148, 836, 6.610, 184.53, -12.90, 6.616, 184.53, -12.84, 0.009, 192.76, 38.69);
insert into SHOT values (1120, 1150, 1149, 836, 8.230, 125.23, 13.10, 8.228, 125.20, 13.06, 0.007, 29.49, -52.68);
insert into SHOT values (1121, 1151, 1150, 836, 1.960, 177.93, -13.30, 1.963, 178.20, -13.25, 0.010, 247.08, 5.23);
insert into SHOT values (1122, 1152, 1151, 836, 2.830, 95.63, 16.90, 2.834, 95.50, 16.82, 0.008, 43.97, -19.53);
insert into SHOT values (1123, 1153, 1152, 836, 8.830, 358.03, 24.80, 8.832, 358.00, 24.84, 0.007, 256.70, 57.39);
insert into SHOT values (1124, 1154, 1148, 836, 10.220, 274.63, -38.30, 10.221, 274.57, -38.26, 0.010, 219.83, 24.91);
insert into SHOT values (1125, 1155, 1154, 836, 5.160, 295.13, -37.90, 5.156, 295.18, -37.94, 0.007, 79.99, -2.54);
insert into SHOT values (1126, 1156, 1155, 836, 5.060, 37.93, -15.30, 5.061, 37.93, -15.35, 0.005, 52.65, -87.91);
insert into SHOT values (1127, 1157, 1156, 836, 5.100, 292.53, -9.50, 5.104, 292.54, -9.47, 0.005, 308.78, 20.14);
insert into SHOT values (1128, 1158, 1157, 836, 4.280, 304.13, -7.50, 4.278, 304.14, -7.52, 0.003, 102.47, -25.98);
insert into SHOT values (1129, 1159, 1158, 836, 4.490, 17.73, 10.20, 4.490, 17.66, 10.26, 0.007, 277.97, 41.68);
insert into SHOT values (1130, 1160, 1159, 836, 10.160, 317.73, -14.10, 10.161, 317.71, -14.13, 0.005, 230.19, -68.12);
insert into SHOT values (1131, 1161, 1160, 836, 1.940, 257.53, 10.20, 1.937, 257.57, 10.41, 0.008, 60.52, 52.79);
insert into SHOT values (1132, 1162, 1161, 836, 5.400, 303.33, -28.00, 5.400, 303.36, -28.06, 0.006, 82.63, -51.17);
insert into SHOT values (1133, 1163, 1162, 836, 5.260, 319.03, -13.00, 5.266, 318.95, -12.95, 0.010, 272.77, 19.15);
insert into SHOT values (1134, 1164, 1163, 836, 5.380, 233.93, 3.40, 5.384, 233.86, 3.41, 0.008, 174.29, 6.89);
insert into SHOT values (1135, 1165, 1164, 836, 6.730, 297.03, 0.20, 6.726, 297.06, 0.17, 0.006, 68.92, -32.81);
insert into SHOT values (1136, 1166, 1165, 836, 4.630, 297.03, -29.70, 4.627, 297.07, -29.66, 0.005, 45.62, 47.63);
insert into SHOT values (1137, 1167, 1166, 836, 4.890, 292.03, -5.00, 4.895, 292.04, -5.04, 0.006, 306.75, -36.32);
insert into SHOT values (1138, 1168, 1167, 836, 12.060, 303.83, 11.70, 12.058, 303.81, 11.72, 0.006, 173.18, 47.61);
insert into SURVEY values (838, 789, 'BahiaBlanca', 'BahiaBlanca.107.UltimaPatagonia', 'Resurgence de la Bahia Blanca');
 insert into CENTRELINE values (839, 838, NULL, NULL, NULL, 0.00, 0.00, 0.00);
 insert into CENTRELINE values (840, 838, NULL, '2017-02-01', NULL, 444.00, 0.00, 0.00);
 insert into SHOT values (1139, 1169, 1170, 840, 6.000, 289.49, -34.52, 6.000, 289.50, -34.52, 0.001, 33.40, 0.00);
insert into SHOT values (1140, 1170, 1171, 840, 3.000, 239.49, -3.82, 3.001, 239.50, -3.82, 0.001, 256.74, 0.00);
insert into SHOT values (1141, 1171, 1172, 840, 3.000, 284.49, 11.54, 3.005, 284.56, 11.52, 0.006, 318.24, 0.00);
insert into SHOT values (1142, 1172, 1173, 840, 4.000, 214.49, 7.18, 4.003, 214.33, 7.17, 0.011, 140.99, 0.00);
insert into SHOT values (1143, 1173, 1174, 840, 5.000, 234.49, -24.83, 5.002, 234.59, -24.83, 0.009, 311.98, 0.00);
insert into SHOT values (1144, 1174, 1175, 840, 4.000, 4.49, -67.67, 3.998, 4.54, -67.74, 0.005, 168.64, -0.00);
insert into SHOT values (1145, 1175, 1176, 840, 5.000, 44.49, 0.00, 5.006, 44.51, 0.00, 0.007, 63.46, 0.00);
insert into SHOT values (1146, 1176, 1177, 840, 10.000, 284.49, 10.95, 10.005, 284.50, 10.95, 0.006, 309.65, 0.00);
insert into SHOT values (1147, 1177, 1178, 840, 4.000, 249.49, 33.37, 4.001, 249.50, 33.36, 0.001, 295.20, -0.00);
insert into SHOT values (1148, 1178, 1179, 840, 5.000, 254.49, 4.59, 5.000, 254.40, 4.59, 0.008, 161.10, -0.00);
insert into SHOT values (1149, 1179, 1180, 840, 3.000, 274.49, 7.66, 2.997, 274.64, 7.67, 0.008, 29.29, 0.00);
insert into SHOT values (1150, 1180, 1181, 840, 3.000, 339.49, -17.46, 3.002, 339.35, -17.45, 0.007, 266.91, 0.00);
insert into SHOT values (1151, 1181, 1182, 840, 8.000, 304.49, -7.90, 7.995, 304.45, -7.91, 0.007, 169.75, 0.00);
insert into SHOT values (1152, 1182, 1183, 840, 7.000, 344.49, -14.90, 7.002, 344.48, -14.90, 0.002, 331.09, 0.00);
insert into SHOT values (1153, 1183, 1184, 840, 5.000, 354.49, -21.10, 4.997, 354.46, -21.11, 0.004, 212.05, -0.00);
insert into SHOT values (1154, 1184, 1185, 840, 10.000, 359.49, -15.66, 10.002, 359.52, -15.66, 0.006, 73.18, 0.00);
insert into SHOT values (1155, 1185, 1186, 840, 13.000, 354.49, -23.58, 13.001, 354.46, -23.58, 0.006, 273.77, 0.00);
insert into SHOT values (1156, 1186, 1187, 840, 12.000, 344.49, -21.51, 12.001, 344.52, -21.51, 0.006, 66.89, 0.00);
insert into SHOT values (1157, 1187, 1188, 840, 4.000, 344.49, -8.63, 4.000, 344.45, -8.63, 0.003, 253.60, 0.00);
insert into SHOT values (1158, 1188, 1189, 840, 7.000, 324.49, -9.04, 6.999, 324.54, -9.04, 0.006, 63.29, 0.00);
insert into SHOT values (1159, 1189, 1190, 840, 7.000, 264.49, 13.21, 7.007, 264.45, 13.20, 0.009, 230.94, 0.00);
insert into SHOT values (1160, 1190, 1191, 840, 5.000, 264.49, 11.54, 4.994, 264.49, 11.55, 0.006, 85.57, 0.00);
insert into SHOT values (1161, 1191, 1192, 840, 7.000, 334.49, 0.00, 7.004, 334.46, 0.00, 0.006, 295.56, 0.00);
insert into SHOT values (1162, 1192, 1193, 840, 12.000, 334.49, 0.00, 12.001, 334.48, 0.00, 0.002, 269.26, 0.00);
insert into SHOT values (1163, 1193, 1194, 840, 16.000, 299.49, -6.46, 16.003, 299.50, -6.46, 0.004, 343.02, 0.00);
insert into SHOT values (1164, 1194, 1195, 840, 35.000, 339.49, 0.98, 34.993, 339.49, 0.98, 0.007, 164.10, 0.00);
insert into SHOT values (1165, 1195, 1196, 840, 15.000, 314.49, 13.89, 15.005, 314.50, 13.88, 0.006, 340.88, -0.00);
insert into SHOT values (1166, 1196, 1197, 840, 22.000, 259.49, -7.31, 21.995, 259.49, -7.31, 0.005, 81.53, 0.00);
insert into SHOT values (1167, 1197, 1198, 840, 11.000, 284.49, -6.26, 11.002, 284.46, -6.26, 0.007, 210.89, 0.00);
insert into SHOT values (1168, 1198, 1199, 840, 14.000, 344.49, -13.21, 14.005, 344.52, -13.21, 0.009, 34.57, 0.00);
insert into SHOT values (1169, 1199, 1200, 840, 13.000, 284.49, -11.09, 12.998, 284.48, -11.09, 0.002, 137.95, 0.00);
insert into SHOT values (1170, 1200, 1201, 840, 9.000, 339.49, -1.91, 8.998, 339.43, -1.91, 0.010, 240.05, 0.00);
insert into SHOT values (1171, 1201, 1202, 840, 16.000, 304.49, -0.36, 15.994, 304.50, -0.36, 0.008, 88.24, 0.00);
insert into SHOT values (1172, 1202, 1203, 840, 7.000, 234.49, 9.04, 6.999, 234.54, 9.04, 0.006, 333.29, 0.00);
insert into SHOT values (1173, 1203, 1204, 840, 6.000, 284.49, 1.91, 6.004, 284.48, 1.91, 0.004, 265.47, 0.00);
insert into SHOT values (1174, 1204, 1205, 840, 5.000, 334.49, 2.29, 5.000, 334.51, 2.29, 0.002, 57.14, 0.00);
insert into SHOT values (1175, 1205, 1206, 840, 15.000, 344.49, -2.67, 14.990, 344.51, -2.68, 0.011, 138.56, 0.00);
insert into SHOT values (1176, 1192, 1207, 840, 10.000, 89.49, 32.01, 10.000, 89.46, 32.00, 0.004, 4.74, -0.00);
insert into SHOT values (1177, 1207, 1208, 840, 19.000, 74.49, 3.02, 18.996, 74.50, 3.02, 0.005, 213.01, 0.00);
insert into SHOT values (1178, 1208, 1209, 840, 11.000, 79.49, 5.74, 10.999, 79.47, 5.74, 0.004, 340.38, -0.00);
insert into SHOT values (1179, 1209, 1210, 840, 7.000, 59.49, 12.37, 7.007, 59.54, 12.36, 0.009, 98.39, 0.00);
insert into SHOT values (1180, 1210, 1211, 840, 8.000, 172.49, -3.58, 8.004, 172.52, -3.58, 0.006, 221.73, -0.00);
insert into SHOT values (1181, 1211, 1212, 840, 12.000, 79.49, 16.46, 11.995, 79.48, 16.47, 0.005, 276.60, 0.00);
insert into SHOT values (1182, 1212, 1213, 840, 12.000, 74.49, 13.00, 12.004, 74.48, 13.00, 0.005, 48.05, 0.00);
insert into SHOT values (1183, 1213, 1214, 840, 7.500, 39.49, -0.76, 7.502, 39.48, -0.76, 0.003, 21.71, 0.00);
insert into SHOT values (1184, 1214, 1215, 840, 4.500, 84.49, -20.83, 4.503, 84.55, -20.81, 0.005, 138.39, -0.00);
insert into SHOT values (1185, 1215, 1216, 840, 17.000, 74.49, 58.53, 16.999, 74.51, 58.54, 0.003, 196.10, 0.00);
insert into SURVEY values (842, 789, 'CouleeBlanche', 'CouleeBlanche.107.UltimaPatagonia', 'Porches de la coulee blanche');
 insert into CENTRELINE values (843, 842, NULL, NULL, NULL, 0.00, 0.00, 0.00);
 insert into CENTRELINE values (844, 842, NULL, '2019-02-13', NULL, 84.17, 0.00, 0.00);
 insert into SHOT values (1186, 1217, 1218, 844, 9.450, 77.11, 9.00, 9.451, 77.12, 9.01, 0.003, 139.75, 37.01);
insert into SHOT values (1187, 1218, 1219, 844, 11.360, 48.11, 68.80, 11.359, 48.16, 68.80, 0.004, 148.60, -19.99);
insert into SHOT values (1188, 1219, 1220, 844, 10.280, 283.01, 60.50, 10.286, 282.99, 60.47, 0.008, 271.27, 19.19);
insert into SHOT values (1189, 1220, 1221, 844, 4.470, 234.41, 27.40, 4.462, 234.34, 27.35, 0.010, 94.23, -43.97);
insert into SHOT values (1190, 1221, 1222, 844, 6.200, 243.01, 28.60, 6.200, 243.01, 28.62, 0.002, 73.74, 69.96);
insert into SHOT values (1191, 1220, 1223, 844, 1.820, 5.51, -40.50, 1.828, 5.79, -40.63, 0.011, 70.75, -46.99);
insert into SHOT values (1192, 1223, 1224, 844, 3.310, 9.11, 10.10, 3.313, 9.00, 10.26, 0.012, 291.65, 55.43);
insert into SHOT values (1193, 1224, 1225, 844, 5.720, 1.31, 19.40, 5.717, 1.38, 19.41, 0.007, 120.83, 0.29);
insert into SHOT values (1194, 1225, 1226, 844, 2.120, 28.71, -9.80, 2.127, 28.52, -10.02, 0.013, 335.09, -46.76);
insert into SHOT values (1195, 1226, 1227, 844, 4.500, 317.01, -0.70, 4.500, 316.98, -0.64, 0.006, 232.17, 63.39);
insert into SHOT values (1196, 1227, 1228, 844, 4.630, 14.01, 21.10, 4.631, 14.07, 21.14, 0.005, 104.24, 37.45);
insert into SHOT values (1197, 1228, 1229, 844, 2.060, 335.21, 5.50, 2.058, 335.19, 5.30, 0.008, 191.32, -77.61);
insert into SHOT values (1198, 1229, 1230, 844, 4.000, 18.91, 2.90, 4.000, 18.84, 3.01, 0.009, 279.28, 57.20);
insert into SHOT values (1199, 1230, 1231, 844, 6.480, 45.41, 14.60, 6.481, 45.45, 14.57, 0.006, 116.53, -36.79);
insert into SHOT values (1200, 1231, 1232, 844, 5.700, 23.61, -0.90, 5.697, 23.59, -0.91, 0.004, 233.61, -7.48);
insert into SHOT values (1201, 1232, 1233, 844, 2.070, 72.11, 10.80, 2.077, 72.01, 10.82, 0.008, 42.14, 16.03);
insert into CENTRELINE values (845, 842, NULL, NULL, NULL, 160.77, 0.00, 0.00);
 insert into SHOT values (1202, 1233, 1234, 845, 1.780, 32.61, -0.60, 1.781, 32.62, -0.64, 0.002, 46.16, -53.01);
insert into SHOT values (1203, 1234, 1235, 845, 3.530, 63.00, 4.00, 3.524, 62.92, 4.07, 0.009, 280.40, 25.85);
insert into SHOT values (1204, 1233, 1236, 845, 3.350, 109.40, 10.00, 3.349, 109.48, 9.97, 0.005, 203.35, -21.16);
insert into SHOT values (1205, 1236, 1237, 845, 3.120, 49.80, 1.00, 3.122, 49.68, 0.92, 0.008, 337.32, -32.12);
insert into SHOT values (1206, 1237, 1238, 845, 2.950, 153.80, 22.00, 2.958, 153.81, 22.04, 0.008, 156.98, 37.96);
insert into SHOT values (1207, 1238, 1239, 845, 14.780, 42.80, -5.00, 14.775, 42.80, -5.01, 0.005, 234.60, -19.57);
insert into SHOT values (1208, 1239, 1240, 845, 3.570, 53.80, -8.00, 3.577, 53.84, -8.03, 0.008, 73.35, -22.95);
insert into SHOT values (1209, 1240, 1241, 845, 17.680, 76.80, 7.00, 17.677, 76.79, 7.02, 0.008, 305.21, 43.05);
insert into SHOT values (1210, 1241, 1242, 845, 5.600, 8.80, -39.00, 5.604, 8.86, -39.05, 0.007, 100.66, -54.37);
insert into SHOT values (1211, 1242, 1243, 845, 7.710, 19.30, -26.00, 7.710, 19.30, -26.00, 0.001, 249.77, -15.41);
insert into SHOT values (1212, 1243, 1244, 845, 7.740, 325.80, -32.00, 7.740, 325.80, -31.99, 0.002, 326.33, 51.72);
insert into SHOT values (1213, 1244, 1245, 845, 7.830, 297.80, -80.00, 7.828, 297.70, -80.03, 0.005, 146.86, 11.87);
insert into SHOT values (1214, 1245, 1246, 845, 14.020, 84.92, -5.00, 14.018, 84.91, -4.99, 0.005, 333.59, 25.15);
insert into SHOT values (1215, 1246, 1247, 845, 6.910, 83.80, -22.00, 6.911, 83.82, -22.01, 0.002, 160.80, -38.14);
insert into SHOT values (1216, 1247, 1248, 845, 18.920, 94.80, 5.00, 18.918, 94.81, 5.00, 0.003, 218.44, 18.72);
insert into SHOT values (1217, 1248, 1249, 845, 2.360, 185.80, -1.30, 2.353, 185.86, -1.22, 0.008, 348.35, 25.39);
insert into SHOT values (1218, 1249, 1250, 845, 12.000, 195.80, -83.00, 12.000, 195.84, -82.98, 0.003, 212.02, 9.41);
insert into SHOT values (1219, 1247, 1251, 845, 17.770, 263.80, -1.00, 17.777, 263.80, -1.00, 0.007, 256.23, 1.09);
insert into SHOT values (1220, 1251, 1252, 845, 9.150, 246.80, -7.00, 9.144, 246.77, -6.97, 0.009, 108.59, 32.84);
insert into SURVEY values (847, 789, 'MadameCafe', 'MadameCafe.107.UltimaPatagonia', 'Madame Cafe');
 insert into CENTRELINE values (848, 847, NULL, NULL, NULL, 0.00, 0.00, 0.00);
 insert into CENTRELINE values (849, 847, NULL, '2019-02-01', NULL, 66.00, 0.00, 0.00);
 insert into SHOT values (1221, 1253, 1254, 849, 8.820, 40.41, -37.90, 8.821, 40.40, -37.91, 0.003, 295.10, -44.00);
insert into SHOT values (1222, 1253, 1255, 849, 9.300, 284.91, -43.30, 9.301, 284.90, -43.31, 0.003, 169.27, -46.49);
insert into SHOT values (1223, 1253, 1256, 849, 31.250, 230.21, 76.70, 31.249, 230.25, 76.69, 0.006, 275.83, -17.59);
insert into SHOT values (1224, 1256, 1257, 849, 5.330, 119.71, 25.80, 5.333, 119.72, 25.79, 0.003, 124.87, 4.63);
insert into SHOT values (1225, 1257, 1258, 849, 11.300, 202.31, 46.00, 11.300, 202.32, 46.01, 0.002, 4.88, 37.17);
insert into SURVEY values (851, 789, 'CuevaDesLosPescadores', 'CuevaDesLosPescadores.107.UltimaPatagonia', 'Cueva des los Pescadores');
 insert into CENTRELINE values (852, 851, NULL, NULL, NULL, 0.00, 0.00, 0.00);
 insert into CENTRELINE values (854, 789, NULL, NULL, NULL, 0.00, 0.00, 0.00);
 insert into SURVEY values (856, 22, '108', '108.UltimaPatagonia', '108 Sumidero');
 insert into CENTRELINE values (857, 856, NULL, NULL, NULL, 0.00, 0.00, 0.00);
 insert into SURVEY values (858, 856, 'OjoDeLaMadre', 'OjoDeLaMadre.108.UltimaPatagonia', 'Ojo de la Madre');
 insert into CENTRELINE values (859, 858, NULL, NULL, NULL, 0.00, 0.00, 0.00);
 insert into CENTRELINE values (860, 858, NULL, '2019-02-01', NULL, 185.91, 0.00, 0.00);
 insert into SHOT values (1226, 1290, 1291, 860, 5.430, 183.91, -3.30, 5.432, 183.91, -3.38, 0.008, 184.21, -77.54);
insert into SHOT values (1227, 1291, 1292, 860, 10.190, 142.31, 1.80, 10.186, 142.34, 1.80, 0.007, 269.44, -0.65);
insert into SHOT values (1228, 1292, 1293, 860, 2.940, 163.31, -5.60, 2.937, 163.30, -5.47, 0.007, 355.78, 68.27);
insert into SHOT values (1229, 1293, 1294, 860, 3.360, 132.31, 19.00, 3.360, 132.32, 18.93, 0.004, 153.05, -68.53);
insert into SHOT values (1230, 1294, 1295, 860, 5.600, 2.31, 38.00, 5.602, 2.34, 38.01, 0.003, 69.40, 47.76);
insert into SHOT values (1231, 1295, 1296, 860, 6.000, 307.31, 18.60, 5.998, 307.35, 18.57, 0.006, 43.03, -42.44);
insert into SHOT values (1232, 1296, 1297, 860, 5.370, 7.31, 12.00, 5.371, 7.33, 12.04, 0.004, 87.33, 67.59);
insert into SHOT values (1233, 1298, 1299, 860, 5.150, 52.31, -0.40, 5.155, 52.33, -0.44, 0.006, 70.96, -39.64);
insert into SHOT values (1234, 1298, 1300, 860, 3.600, 208.31, 15.30, 3.599, 208.19, 15.30, 0.008, 113.40, 0.44);
insert into SHOT values (1235, 1300, 1301, 860, 8.800, 7.31, 8.00, 8.806, 7.31, 7.96, 0.008, 7.39, -35.71);
insert into SHOT values (1236, 1300, 1302, 860, 6.130, 224.31, 9.30, 6.134, 224.33, 9.29, 0.004, 251.15, -8.39);
insert into SHOT values (1237, 1302, 1303, 860, 11.000, 285.31, 55.00, 10.997, 285.36, 55.02, 0.007, 54.53, -5.83);
insert into SHOT values (1238, 1303, 1304, 860, 1.800, 240.31, 36.00, 1.804, 240.45, 35.98, 0.005, 284.03, 21.41);
insert into SHOT values (1239, 1304, 1305, 860, 4.370, 214.31, 15.20, 4.367, 214.37, 15.13, 0.007, 319.31, -53.43);
insert into SHOT values (1240, 1305, 1294, 860, 1.740, 289.31, 1.20, 1.737, 289.17, 1.32, 0.007, 162.01, 32.46);
insert into SHOT values (1241, 1290, 1306, 860, 2.800, 207.31, -8.70, 2.802, 207.31, -8.83, 0.007, 181.93, -83.17);
insert into SHOT values (1242, 1306, 1307, 860, 7.000, 17.07, 64.00, 7.001, 17.02, 63.95, 0.007, 352.45, -13.13);
insert into SHOT values (1243, 1308, 1307, 860, 0.750, 150.01, -10.30, 0.744, 149.57, -10.85, 0.011, 7.37, -32.64);
insert into SHOT values (1244, 1308, 1309, 860, 2.500, 306.31, 35.00, 2.501, 306.48, 34.87, 0.008, 1.44, -28.45);
insert into SHOT values (1245, 1309, 1310, 860, 1.500, 243.31, -4.00, 1.501, 243.43, -3.82, 0.006, 303.77, 51.52);
insert into SHOT values (1246, 1310, 1311, 860, 6.000, 344.31, 32.00, 5.994, 344.24, 32.04, 0.010, 205.46, 2.86);
insert into SHOT values (1247, 1312, 1311, 860, 12.000, 171.31, 8.60, 12.002, 171.32, 8.63, 0.006, 244.20, 66.47);
insert into SHOT values (1248, 1312, 1313, 860, 8.000, 343.31, 10.00, 8.003, 343.34, 10.00, 0.004, 34.85, 11.31);
insert into SHOT values (1249, 1313, 1314, 860, 2.000, 308.31, -4.20, 1.998, 308.48, -4.30, 0.007, 55.90, -29.92);
insert into SHOT values (1250, 1314, 1315, 860, 5.350, 241.31, 2.80, 5.355, 241.28, 2.89, 0.010, 205.37, 58.01);
insert into SHOT values (1251, 1315, 1316, 860, 6.430, 5.31, 5.00, 6.432, 5.28, 5.00, 0.004, 302.92, -6.44);
insert into SHOT values (1252, 1316, 1317, 860, 7.700, 329.31, 9.00, 7.698, 329.32, 8.97, 0.005, 97.82, -73.11);
insert into SHOT values (1253, 1317, 1318, 860, 4.000, 287.31, 21.00, 4.003, 287.27, 20.93, 0.006, 255.41, -34.68);
insert into SHOT values (1254, 1318, 1319, 860, 5.800, 322.31, 0.00, 5.797, 322.36, 0.00, 0.006, 88.66, 0.00);
insert into SHOT values (1255, 1319, 1320, 860, 3.200, 336.31, 46.00, 3.211, 336.19, 46.01, 0.012, 302.20, 44.66);
insert into SHOT values (1256, 1320, 1321, 860, 13.600, 311.31, 68.00, 13.598, 311.33, 68.03, 0.007, 116.25, 2.30);
insert into SHOT values (1257, 1322, 1321, 860, 9.200, 160.31, -22.20, 9.198, 160.31, -22.16, 0.006, 77.94, 86.64);
insert into SHOT values (1258, 1322, 1323, 860, 6.600, 24.71, 43.20, 6.601, 24.70, 43.22, 0.002, 247.49, 53.02);
insert into SURVEY values (862, 856, 'OmbligoDeLaMadre', 'OmbligoDeLaMadre.108.UltimaPatagonia', 'Ombligo de la Madre');
 insert into CENTRELINE values (863, 862, NULL, NULL, NULL, 0.00, 0.00, 0.00);
 insert into CENTRELINE values (864, 862, NULL, '2019-02-01', NULL, 282.95, 0.00, 0.00);
 insert into SHOT values (1259, 1324, 1325, 864, 2.040, 193.31, 11.70, 2.045, 193.27, 11.57, 0.007, 180.28, -31.30);
insert into SHOT values (1260, 1325, 1326, 864, 4.650, 136.01, 15.70, 4.644, 136.09, 15.74, 0.009, 275.16, 10.76);
insert into SHOT values (1261, 1326, 1327, 864, 11.170, 180.21, 14.20, 11.171, 180.21, 14.20, 0.001, 174.18, -3.47);
insert into SHOT values (1262, 1327, 1328, 864, 14.940, 136.51, 33.40, 14.947, 136.49, 33.41, 0.009, 97.35, 42.19);
insert into SHOT values (1263, 1328, 1329, 864, 9.490, 202.61, 8.90, 9.486, 202.65, 8.85, 0.011, 314.56, -49.02);
insert into SHOT values (1264, 1329, 1330, 864, 4.360, 267.41, -42.70, 4.355, 267.49, -42.64, 0.008, 11.64, 54.92);
insert into SHOT values (1265, 1330, 1331, 864, 2.990, 260.81, -50.90, 2.990, 260.54, -50.90, 0.009, 170.27, 2.40);
insert into SHOT values (1266, 1331, 1332, 864, 4.330, 246.71, -14.80, 4.324, 246.75, -14.87, 0.008, 46.29, -28.17);
insert into SHOT values (1267, 1332, 1333, 864, 7.670, 341.31, -42.70, 7.670, 341.28, -42.68, 0.004, 275.52, 20.63);
insert into SHOT values (1268, 1333, 1334, 864, 13.960, 309.91, -23.70, 13.962, 309.89, -23.69, 0.006, 253.94, 12.03);
insert into SHOT values (1269, 1334, 1335, 864, 8.680, 329.91, -19.20, 8.675, 329.96, -19.25, 0.011, 105.93, -28.97);
insert into SHOT values (1270, 1335, 1336, 864, 5.420, 315.21, -7.10, 5.423, 315.23, -7.10, 0.003, 340.46, -1.54);
insert into SHOT values (1271, 1328, 1337, 864, 17.720, 139.71, 17.00, 17.717, 139.69, 17.00, 0.007, 21.35, -6.93);
insert into SHOT values (1272, 1337, 1338, 864, 29.000, 174.71, 38.80, 29.003, 174.72, 38.79, 0.006, 207.40, -14.01);
insert into SHOT values (1273, 1338, 1339, 864, 23.450, 162.41, 31.60, 23.451, 162.43, 31.61, 0.006, 263.08, 26.14);
insert into SHOT values (1274, 1339, 1340, 864, 19.500, 178.01, 43.70, 19.492, 178.01, 43.71, 0.010, 6.31, -13.17);
insert into SHOT values (1275, 1340, 1341, 864, 20.050, 162.01, 50.30, 20.051, 162.00, 50.27, 0.012, 150.26, -32.86);
insert into SHOT values (1276, 1341, 1342, 864, 14.320, 162.71, 47.20, 14.322, 162.72, 47.21, 0.003, 272.81, 65.97);
insert into SHOT values (1277, 1342, 1343, 864, 20.400, 152.61, 53.10, 20.393, 152.62, 53.11, 0.008, 322.03, -26.30);
insert into SHOT values (1278, 1343, 1344, 864, 12.700, 150.11, 42.00, 12.702, 150.07, 42.00, 0.008, 68.85, 15.07);
insert into SHOT values (1279, 1344, 1345, 864, 7.970, 166.61, 51.00, 7.975, 166.63, 51.03, 0.006, 245.08, 76.68);
insert into SHOT values (1280, 1345, 1346, 864, 4.740, 165.11, 47.00, 4.739, 165.15, 46.90, 0.009, 185.39, -48.43);
insert into SHOT values (1281, 1346, 1347, 864, 11.390, 139.81, 53.00, 11.389, 139.80, 53.04, 0.008, 333.40, 25.88);
insert into SHOT values (1282, 1347, 1348, 864, 12.010, 172.31, 41.20, 12.013, 172.31, 41.18, 0.005, 166.08, -10.04);
insert into SHOT values (1283, 1348, 1349, 864, 0.000, 14.31, 0.00, 0.000, 90.00, 0.00, 0.000, 90.00, 0.00);
insert into SURVEY values (866, 856, 'LagrimasDeLaMadre', 'LagrimasDeLaMadre.108.UltimaPatagonia', 'Lagrimas de la Madre');
 insert into CENTRELINE values (867, 866, NULL, NULL, NULL, 0.00, 0.00, 0.00);
 insert into CENTRELINE values (868, 866, NULL, '2019-01-20', NULL, 222.83, 0.00, 0.00);
 insert into SHOT values (1284, 1350, 1351, 868, 4.780, 278.92, -35.40, 4.781, 278.86, -35.41, 0.004, 191.14, -14.09);
insert into SHOT values (1285, 1351, 1352, 868, 7.790, 302.32, -39.90, 7.794, 302.36, -39.91, 0.006, 4.98, -31.99);
insert into SHOT values (1286, 1352, 1353, 868, 6.570, 302.42, -33.80, 6.570, 302.44, -33.75, 0.006, 337.65, 55.23);
insert into SHOT values (1287, 1353, 1354, 868, 8.450, 4.22, -43.00, 8.446, 4.27, -43.00, 0.007, 120.65, 24.72);
insert into SHOT values (1288, 1354, 1355, 868, 9.180, 356.22, -30.00, 9.178, 356.18, -30.01, 0.006, 243.75, 0.00);
insert into SHOT values (1289, 1355, 1356, 868, 16.770, 321.62, -40.30, 16.774, 321.63, -40.30, 0.005, 16.54, -38.47);
insert into SHOT values (1290, 1356, 1357, 868, 10.220, 10.92, -44.20, 10.221, 10.94, -44.23, 0.007, 152.34, -46.42);
insert into SHOT values (1291, 1357, 1358, 868, 4.000, 317.62, -74.00, 3.996, 317.94, -73.95, 0.008, 29.76, 38.16);
insert into SHOT values (1292, 1358, 1359, 868, 11.560, 276.82, -33.90, 11.564, 276.82, -33.90, 0.004, 285.85, -39.07);
insert into SHOT values (1293, 1359, 1360, 868, 6.220, 318.22, -38.40, 6.216, 318.16, -38.39, 0.006, 203.24, 33.40);
insert into SHOT values (1294, 1360, 1361, 868, 7.660, 289.12, -20.60, 7.658, 289.14, -20.64, 0.007, 71.53, -44.48);
insert into SHOT values (1295, 1361, 1362, 868, 5.010, 308.62, -23.60, 5.007, 308.54, -23.54, 0.008, 209.03, 43.05);
insert into SHOT values (1296, 1362, 1363, 868, 6.080, 300.82, -35.50, 6.081, 300.86, -35.49, 0.004, 12.07, 9.13);
insert into SHOT values (1297, 1363, 1364, 868, 9.580, 320.02, -39.50, 9.582, 320.00, -39.54, 0.008, 183.30, -56.14);
insert into SHOT values (1298, 1364, 1365, 868, 9.300, 347.62, -33.60, 9.299, 347.63, -33.55, 0.008, 12.99, 57.93);
insert into SHOT values (1299, 1365, 1366, 868, 8.000, 5.82, -34.80, 8.006, 5.76, -34.81, 0.009, 307.88, -29.53);
insert into SHOT values (1300, 1366, 1367, 868, 8.240, 25.62, -7.10, 8.239, 25.66, -7.11, 0.006, 123.30, -15.73);
insert into SHOT values (1301, 1367, 1368, 868, 8.860, 343.22, -39.80, 8.862, 343.19, -39.78, 0.006, 301.76, 14.00);
insert into SHOT values (1302, 1368, 1369, 868, 7.560, 359.92, -31.20, 7.551, 359.91, -31.18, 0.009, 187.07, 43.61);
insert into SHOT values (1303, 1369, 1370, 868, 13.500, 357.32, -20.50, 13.500, 357.33, -20.51, 0.003, 128.13, -47.85);
insert into SHOT values (1304, 1370, 1371, 868, 13.810, 359.92, -16.70, 13.813, 359.91, -16.70, 0.003, 334.13, -29.32);
insert into SHOT values (1305, 1371, 1372, 868, 4.860, 282.82, -16.70, 4.861, 282.78, -16.74, 0.005, 199.71, -49.21);
insert into SHOT values (1306, 1372, 1373, 868, 5.550, 273.22, -43.80, 5.542, 273.30, -43.86, 0.011, 61.67, 7.40);
insert into SHOT values (1307, 1373, 1374, 868, 4.620, 346.72, -27.30, 4.617, 346.61, -27.33, 0.009, 230.69, -6.70);
insert into SHOT values (1308, 1375, 1376, 868, 3.280, 212.42, 19.30, 3.276, 212.46, 19.25, 0.005, 352.73, -51.54);
insert into SHOT values (1309, 1376, 1374, 868, 16.760, 182.72, 38.80, 16.761, 182.72, 38.79, 0.004, 189.04, -31.78);
insert into SHOT values (1310, 1374, 1373, 868, 4.620, 166.72, 27.30, 4.617, 166.61, 27.33, 0.009, 50.69, 6.70);
insert into CENTRELINE values (869, 866, NULL, '2020-02-02', NULL, 132.00, 0.00, 0.00);
 insert into SHOT values (1311, 1375, 1377, 869, 11.500, 322.23, -20.00, 11.509, 322.25, -20.02, 0.011, 356.75, -39.32);
insert into SHOT values (1312, 1377, 1378, 869, 2.400, 37.23, -3.00, 2.401, 37.20, -2.86, 0.006, 3.42, 74.07);
insert into SHOT values (1313, 1378, 1379, 869, 6.900, 348.23, -29.00, 6.895, 348.22, -29.07, 0.009, 169.52, -30.94);
insert into SHOT values (1314, 1379, 1380, 869, 5.300, 314.23, -26.00, 5.301, 314.32, -25.95, 0.009, 25.75, 22.15);
insert into SHOT values (1315, 1380, 1381, 869, 6.300, 354.23, -34.00, 6.293, 354.17, -34.01, 0.008, 215.07, 20.34);
insert into SHOT values (1316, 1381, 1382, 869, 5.600, 8.23, -12.00, 5.599, 8.19, -12.06, 0.007, 250.99, -55.52);
insert into SHOT values (1317, 1382, 1383, 869, 12.000, 343.23, -31.00, 11.999, 343.27, -31.00, 0.009, 78.95, 3.00);
insert into SHOT values (1318, 1383, 1384, 869, 10.000, 353.23, -28.00, 10.001, 353.17, -27.97, 0.010, 284.33, 28.30);
insert into SHOT values (1319, 1384, 1385, 869, 7.000, 330.23, -9.00, 6.998, 330.24, -9.04, 0.006, 108.63, -54.93);
insert into SHOT values (1320, 1385, 1386, 869, 6.000, 13.23, -15.00, 5.998, 13.27, -14.98, 0.005, 114.38, 33.23);
insert into SHOT values (1321, 1386, 1387, 869, 16.000, 341.23, -22.00, 16.008, 341.21, -22.01, 0.009, 308.48, -41.85);
insert into SHOT values (1322, 1386, 1388, 869, 27.000, 122.23, 37.00, 27.000, 122.23, 37.00, 0.002, 227.43, 26.85);
insert into SHOT values (1323, 1388, 1389, 869, 6.000, 169.23, 46.00, 5.993, 169.20, 45.99, 0.008, 10.62, -52.99);
insert into SHOT values (1324, 1389, 1390, 869, 10.000, 117.23, 41.00, 9.998, 117.21, 41.01, 0.003, 340.81, -11.38);
insert into CENTRELINE values (871, 856, NULL, NULL, NULL, 0.00, 0.00, 0.00);
 insert into SURVEY values (873, 22, '109', '109.UltimaPatagonia', '109 Trois Entrees');
 insert into CENTRELINE values (874, 873, NULL, NULL, NULL, 0.00, 0.00, 0.00);
 insert into SURVEY values (875, 873, 'TroisPorches', 'TroisPorches.109.UltimaPatagonia', 'Trois Porches');
 insert into CENTRELINE values (876, 875, NULL, NULL, NULL, 0.00, 0.00, 0.00);
 insert into CENTRELINE values (877, 875, NULL, NULL, NULL, 279.00, 0.00, 0.00);
 insert into SHOT values (1325, 1405, 1406, 877, 16.000, 327.80, 65.00, 15.998, 327.81, 65.01, 0.004, 122.33, -14.14);
insert into SHOT values (1326, 1406, 1407, 877, 14.000, 327.80, 27.00, 14.007, 327.80, 27.01, 0.007, 324.14, 37.70);
insert into SHOT values (1327, 1407, 1408, 877, 8.000, 296.80, 2.00, 7.992, 296.79, 2.01, 0.008, 128.77, 5.74);
insert into SHOT values (1328, 1406, 1409, 877, 0.000, 15.80, 0.00, 0.000, 90.00, 0.00, 0.000, 90.00, 0.00);
insert into SHOT values (1329, 1409, 1410, 877, 17.000, 351.80, -4.00, 17.005, 351.80, -4.01, 0.006, 340.66, -39.57);
insert into SHOT values (1330, 1410, 1411, 877, 16.000, 357.80, -40.00, 15.991, 357.80, -40.01, 0.009, 178.63, 30.89);
insert into SHOT values (1331, 1411, 1412, 877, 13.000, 316.80, -28.00, 13.002, 316.80, -27.98, 0.005, 311.56, 40.20);
insert into SHOT values (1332, 1412, 1413, 877, 23.000, 315.80, 8.00, 22.995, 315.82, 8.00, 0.008, 82.43, -6.67);
insert into SHOT values (1333, 1413, 1414, 877, 21.000, 311.80, -3.00, 21.006, 311.79, -3.00, 0.007, 283.08, -7.68);
insert into SHOT values (1334, 1414, 1415, 877, 11.000, 312.80, -78.00, 11.000, 312.70, -78.01, 0.004, 206.65, -4.87);
insert into SHOT values (1335, 1415, 1416, 877, 21.000, 309.80, 2.00, 21.000, 309.82, 1.99, 0.007, 34.63, -23.54);
insert into SHOT values (1336, 1416, 1417, 877, 22.000, 308.80, 13.00, 21.994, 308.81, 13.01, 0.006, 113.13, 9.95);
insert into SHOT values (1337, 1417, 1418, 877, 13.000, 316.80, 8.00, 13.002, 316.76, 8.00, 0.009, 239.28, 4.76);
insert into SHOT values (1338, 1418, 1419, 877, 8.000, 241.80, 78.00, 7.993, 241.89, 78.05, 0.010, 44.69, -31.75);
insert into SHOT values (1339, 1419, 1420, 877, 5.000, 264.80, 83.00, 5.008, 264.38, 82.97, 0.009, 213.41, 51.72);
insert into SHOT values (1340, 1420, 1421, 877, 21.000, 309.80, 22.00, 21.002, 309.81, 21.98, 0.009, 349.01, -47.24);
insert into SHOT values (1341, 1421, 1422, 877, 5.000, 257.80, 86.00, 5.002, 256.76, 86.00, 0.007, 171.81, 18.90);
insert into SHOT values (1342, 1422, 1423, 877, 4.000, 225.80, -39.00, 3.999, 225.91, -39.07, 0.008, 349.17, -20.51);
insert into SHOT values (1343, 1423, 1424, 877, 8.000, 184.80, 18.00, 8.010, 184.74, 18.04, 0.013, 140.25, 36.24);
insert into SHOT values (1344, 1424, 1425, 877, 6.000, 214.80, 51.00, 5.999, 214.87, 50.97, 0.006, 276.21, -30.02);
insert into SHOT values (1345, 1425, 1426, 877, 8.000, 220.80, 25.00, 8.002, 220.81, 24.99, 0.003, 235.28, -19.04);
insert into SHOT values (1346, 1426, 1427, 877, 2.000, 118.80, 65.00, 1.996, 118.39, 65.07, 0.008, 354.65, -19.85);
insert into SHOT values (1347, 1427, 1428, 877, 2.000, 303.80, -14.00, 1.997, 303.85, -13.91, 0.005, 80.84, 55.86);
insert into SHOT values (1348, 1428, 1429, 877, 9.000, 303.80, -8.00, 8.999, 303.74, -7.98, 0.009, 206.50, 15.72);
insert into SHOT values (1349, 1415, 1430, 877, 6.000, 205.80, -75.00, 6.004, 205.57, -75.02, 0.008, 107.81, -35.59);
insert into SURVEY values (879, 873, 'TroisEntreesPlusUne', 'TroisEntreesPlusUne.109.UltimaPatagonia', 'Grotte des trois entrees plus une');
 insert into CENTRELINE values (880, 879, NULL, NULL, NULL, 0.00, 0.00, 0.00);
 insert into CENTRELINE values (881, 879, NULL, NULL, NULL, 435.12, 0.00, 0.00);
 insert into SHOT values (1350, 1431, 1432, 881, 11.350, 346.20, 7.50, 12.729, 352.51, 0.63, 2.390, 31.18, -34.15);
insert into SHOT values (1351, 1432, 1433, 881, 8.800, 352.90, 10.80, 8.802, 352.89, 10.80, 0.003, 319.77, 20.54);
insert into SHOT values (1352, 1433, 1434, 881, 13.600, 305.80, 8.30, 13.602, 305.78, 8.28, 0.007, 245.66, -29.26);
insert into SHOT values (1353, 1434, 1435, 881, 5.260, 284.50, 0.00, 5.258, 284.54, 0.00, 0.004, 40.19, 0.00);
insert into SHOT values (1354, 1433, 1436, 881, 11.550, 2.10, -8.00, 11.550, 2.10, -8.01, 0.003, 80.58, -76.99);
insert into SHOT values (1355, 1436, 1437, 881, 24.000, 352.40, -20.90, 23.996, 352.39, -20.90, 0.007, 232.65, 14.45);
insert into SHOT values (1356, 1437, 1438, 881, 15.480, 319.10, -6.70, 15.482, 319.14, -6.68, 0.012, 32.99, 29.39);
insert into SHOT values (1357, 1438, 1439, 881, 14.700, 325.30, -3.20, 14.697, 325.27, -3.20, 0.009, 215.73, 3.88);
insert into SHOT values (1358, 1439, 1440, 881, 9.040, 346.90, -36.00, 9.050, 346.89, -36.01, 0.010, 339.20, -41.56);
insert into SHOT values (1359, 1440, 1441, 881, 12.620, 288.70, 34.60, 12.615, 288.71, 34.64, 0.010, 94.70, 21.77);
insert into SHOT values (1360, 1441, 1442, 881, 8.300, 281.50, 13.40, 8.307, 281.49, 13.36, 0.009, 270.61, -23.43);
insert into SHOT values (1361, 1442, 1443, 881, 8.960, 331.10, -32.50, 8.953, 331.09, -32.50, 0.007, 161.97, 34.60);
insert into SHOT values (1362, 1443, 1444, 881, 13.600, 330.60, -22.10, 13.600, 330.63, -22.11, 0.007, 71.32, -30.06);
insert into SHOT values (1363, 1444, 1445, 881, 11.680, 303.70, 2.20, 11.682, 303.72, 2.21, 0.004, 358.40, 22.49);
insert into SHOT values (1364, 1445, 1446, 881, 26.530, 304.20, 6.00, 26.536, 304.19, 5.99, 0.009, 263.28, -20.94);
insert into SHOT values (1365, 1446, 1447, 881, 8.550, 321.50, 5.30, 8.548, 321.49, 5.30, 0.003, 188.66, 4.62);
insert into SHOT values (1366, 1447, 1448, 881, 6.750, 265.60, 38.50, 6.744, 265.54, 38.52, 0.009, 124.61, -12.98);
insert into SHOT values (1367, 1448, 1449, 881, 7.490, 278.40, 47.50, 7.499, 278.40, 47.52, 0.009, 279.11, 61.76);
insert into SHOT values (1368, 1449, 1450, 881, 9.600, 279.90, 26.40, 9.596, 279.91, 26.36, 0.009, 28.46, -79.49);
insert into SHOT values (1369, 1450, 1451, 881, 11.160, 331.30, -3.40, 11.166, 331.05, -2.67, 0.151, 256.75, 69.95);
insert into SHOT values (1370, 1451, 1452, 881, 8.250, 287.80, 5.60, 8.274, 287.62, 6.18, 0.090, 228.13, 70.43);
insert into SHOT values (1371, 1452, 1453, 881, 6.030, 221.20, 1.30, 6.040, 221.24, 1.71, 0.044, 244.94, 77.04);
insert into SHOT values (1372, 1453, 1454, 881, 9.000, 232.60, 28.00, 9.039, 232.77, 28.41, 0.078, 313.85, 72.47);
insert into SHOT values (1373, 1454, 1455, 881, 6.420, 178.70, 18.90, 6.360, 178.09, 19.28, 0.098, 40.78, 12.09);
insert into SHOT values (1374, 1455, 1456, 881, 5.160, 152.00, -3.90, 5.136, 151.18, -3.80, 0.078, 43.81, 8.11);
insert into SHOT values (1375, 1456, 1457, 881, 6.260, 208.80, 38.90, 6.207, 208.76, 39.64, 0.097, 30.77, 17.45);
insert into SHOT values (1376, 1457, 1458, 881, 1.620, 245.90, 36.10, 1.554, 246.32, 36.76, 0.069, 57.87, -20.71);
insert into SHOT values (1377, 1458, 1459, 881, 7.750, 294.40, -0.70, 7.730, 295.44, -0.52, 0.144, 33.08, 9.90);
insert into SHOT values (1378, 1459, 1460, 881, 0.480, 258.80, -37.00, 0.429, 261.38, -38.97, 0.055, 62.03, 19.90);
insert into SHOT values (1379, 1460, 1461, 881, 8.490, 324.40, -43.30, 8.525, 325.46, -43.43, 0.121, 48.78, -17.98);
insert into SHOT values (1380, 1461, 1462, 881, 7.660, 150.10, -28.80, 7.658, 150.15, -28.81, 0.006, 261.78, 2.22);
insert into SHOT values (1381, 1462, 1463, 881, 10.780, 208.20, 38.00, 10.777, 208.16, 37.97, 0.009, 129.66, -50.07);
insert into SHOT values (1382, 1463, 1464, 881, 8.590, 332.80, 17.00, 8.594, 332.84, 17.05, 0.010, 52.23, 55.06);
insert into SHOT values (1383, 1464, 1465, 881, 24.400, 326.40, -26.10, 24.404, 326.39, -26.11, 0.007, 255.66, -48.88);
insert into SHOT values (1384, 1465, 1466, 881, 7.170, 253.70, -6.30, 7.170, 253.70, -6.33, 0.003, 81.15, -84.64);
insert into SHOT values (1385, 1466, 1467, 881, 10.670, 265.90, 45.50, 10.677, 265.94, 45.54, 0.011, 354.63, 64.78);
insert into SHOT values (1386, 1467, 1468, 881, 8.030, 284.10, -14.30, 8.033, 284.05, -14.34, 0.009, 209.46, -44.65);
insert into SHOT values (1387, 1468, 1469, 881, 11.450, 302.20, 33.20, 11.447, 302.25, 33.21, 0.008, 59.02, 2.73);
insert into SHOT values (1388, 1469, 1470, 881, 7.210, 305.10, -20.20, 7.213, 305.08, -20.20, 0.004, 256.98, -5.48);
insert into SHOT values (1389, 1470, 1471, 881, 2.060, 317.50, -4.40, 2.773, 316.90, -3.93, 0.714, 315.18, -2.57);
insert into SHOT values (1390, 1461, 1472, 881, 2.780, 339.00, 4.40, 2.820, 339.83, 4.07, 0.059, 23.99, -13.07);
insert into SHOT values (1391, 1472, 1473, 881, 16.580, 109.70, -4.60, 16.631, 107.57, -5.21, 0.642, 22.00, -16.31);
insert into SHOT values (1392, 1473, 1474, 881, 7.890, 55.80, -41.40, 7.885, 55.88, -41.36, 0.011, 142.74, 43.54);
insert into SHOT values (1393, 1473, 1475, 881, 2.060, 343.20, -6.50, 2.113, 344.24, -6.52, 0.065, 19.56, -6.04);
insert into SHOT values (1394, 1475, 1476, 881, 8.230, 331.30, 10.70, 8.250, 332.49, 10.26, 0.180, 51.38, -18.78);
insert into SHOT values (1395, 1476, 1454, 881, 1.080, 94.20, -18.30, 1.152, 92.63, -18.73, 0.078, 69.55, -23.25);
insert into CENTRELINE values (882, 879, NULL, NULL, NULL, 49.42, 0.00, 0.00);
 insert into SHOT values (1396, 1477, 1478, 882, 10.110, 160.70, 13.10, 10.758, 156.03, 10.99, 1.122, 108.99, -12.43);
insert into SHOT values (1397, 1478, 1479, 882, 10.670, 160.10, 20.50, 11.308, 155.45, 17.13, 1.240, 111.67, -19.15);
insert into SHOT values (1398, 1479, 1480, 882, 4.220, 162.00, 37.30, 4.717, 159.29, 34.18, 0.579, 143.15, 9.22);
insert into SHOT values (1399, 1480, 1481, 882, 11.530, 70.00, 80.40, 11.624, 73.95, 74.85, 1.138, 80.69, -7.50);
insert into SHOT values (1400, 1481, 1471, 882, 12.890, 80.80, 65.30, 13.191, 84.93, 57.86, 1.775, 98.20, -17.74);
insert into CENTRELINE values (883, 879, NULL, NULL, NULL, 284.62, 0.00, 0.00);
 insert into SHOT values (1401, 1450, 1482, 883, 9.340, 146.80, 23.00, 9.331, 146.59, 22.43, 0.099, 97.75, -64.37);
insert into SHOT values (1402, 1482, 1483, 883, 8.080, 182.80, 29.00, 8.048, 182.60, 28.58, 0.072, 93.42, -69.27);
insert into SHOT values (1403, 1483, 1484, 883, 4.090, 79.80, -14.00, 4.371, 78.22, -12.96, 0.313, 57.65, 1.73);
insert into SHOT values (1404, 1484, 1485, 883, 4.960, 156.80, -14.00, 4.843, 153.49, -13.74, 0.300, 43.72, 9.59);
insert into SHOT values (1405, 1485, 1486, 883, 8.120, 137.80, -17.00, 8.128, 133.49, -16.29, 0.594, 49.25, 9.12);
insert into SHOT values (1406, 1486, 1487, 883, 3.550, 125.80, -38.00, 3.581, 122.96, -37.30, 0.150, 54.49, 5.98);
insert into SHOT values (1407, 1488, 1489, 883, 6.420, 92.80, -66.00, 6.416, 92.85, -65.97, 0.006, 141.73, 58.66);
insert into SHOT values (1408, 1488, 1490, 883, 2.000, 177.80, -10.00, 2.002, 177.67, -10.07, 0.006, 112.43, -29.36);
insert into SHOT values (1409, 1490, 1491, 883, 1.450, 15.80, -90.00, 1.450, 90.00, -90.00, 0.000, 15.80, -29.69);
insert into SHOT values (1410, 1491, 1492, 883, 3.200, 289.80, -26.00, 3.204, 289.88, -25.91, 0.007, 325.34, 22.02);
insert into SHOT values (1411, 1492, 1493, 883, 1.760, 343.80, -46.00, 1.753, 343.80, -45.96, 0.007, 165.34, 55.18);
insert into SHOT values (1412, 1493, 1494, 883, 3.590, 287.80, -7.00, 3.588, 287.82, -7.04, 0.004, 76.27, -42.52);
insert into SHOT values (1413, 1494, 1487, 883, 1.440, 7.80, -38.00, 1.438, 7.63, -38.22, 0.007, 223.60, -30.53);
insert into SHOT values (1414, 1487, 1495, 883, 6.000, 80.80, -18.00, 6.007, 80.74, -17.94, 0.011, 42.03, 21.31);
insert into SHOT values (1415, 1495, 1496, 883, 13.000, 62.80, -48.00, 12.993, 62.82, -48.03, 0.009, 229.09, 5.55);
insert into SHOT values (1416, 1487, 1497, 883, 1.200, 350.80, 0.00, 1.205, 350.93, 0.00, 0.006, 18.58, 0.00);
insert into SHOT values (1417, 1497, 1498, 883, 12.000, 5.80, -35.00, 11.998, 5.78, -34.99, 0.005, 278.22, 38.54);
insert into SHOT values (1418, 1487, 1499, 883, 9.550, 305.80, -16.00, 9.494, 310.66, -15.52, 0.782, 40.59, 6.78);
insert into SHOT values (1419, 1500, 1501, 883, 14.300, 18.80, -48.00, 14.303, 18.78, -48.01, 0.005, 297.43, -34.85);
insert into SHOT values (1420, 1500, 1499, 883, 6.040, 175.80, -3.00, 6.035, 175.81, -3.04, 0.007, 343.94, -34.04);
insert into SHOT values (1421, 1499, 1502, 883, 6.880, 282.80, 17.00, 6.714, 286.02, 18.23, 0.425, 43.41, 12.01);
insert into SHOT values (1422, 1502, 1503, 883, 8.110, 263.80, 45.00, 7.954, 266.11, 48.10, 0.512, 57.13, 21.21);
insert into SHOT values (1423, 1503, 1504, 883, 6.040, 247.80, 19.00, 5.749, 249.07, 20.78, 0.365, 48.39, 11.61);
insert into SHOT values (1424, 1459, 1505, 883, 7.730, 121.80, -2.00, 7.711, 121.96, -1.49, 0.075, 250.72, 68.79);
insert into SHOT values (1425, 1505, 1506, 883, 3.350, 94.80, 5.00, 3.338, 95.01, 5.50, 0.034, 235.56, 56.09);
insert into SHOT values (1426, 1506, 1507, 883, 3.510, 96.80, -2.00, 3.496, 96.74, -1.64, 0.027, 292.43, 57.64);
insert into SHOT values (1427, 1507, 1508, 883, 6.200, 143.80, 11.00, 6.146, 143.00, 12.59, 0.199, 7.35, 52.07);
insert into SHOT values (1428, 1508, 1509, 883, 5.630, 135.80, 11.00, 5.580, 134.85, 12.63, 0.190, 3.36, 49.98);
insert into SHOT values (1429, 1509, 1510, 883, 6.550, 42.80, -3.00, 6.644, 42.07, -1.47, 0.217, 2.47, 52.86);
insert into SHOT values (1430, 1510, 1511, 883, 9.700, 306.80, 12.00, 9.701, 306.77, 12.02, 0.006, 216.56, 34.85);
insert into SHOT values (1431, 1510, 1483, 883, 12.730, 74.80, -33.00, 12.708, 73.14, -30.40, 0.658, 26.16, 49.85);
insert into SHOT values (1432, 1483, 1512, 883, 5.200, 232.80, 23.00, 5.456, 233.22, 22.41, 0.264, 240.97, 10.51);
insert into SHOT values (1433, 1512, 1513, 883, 5.420, 188.80, 13.00, 5.581, 190.81, 13.05, 0.247, 240.26, 9.48);
insert into SHOT values (1434, 1513, 1504, 883, 5.800, 313.80, -25.00, 5.863, 311.44, -24.16, 0.243, 245.52, 12.16);
insert into SHOT values (1435, 1504, 1514, 883, 5.920, 319.80, -2.00, 5.994, 320.89, -1.05, 0.167, 16.45, 35.27);
insert into SHOT values (1436, 1514, 1515, 883, 5.710, 283.80, 1.00, 5.711, 285.13, 2.01, 0.166, 15.00, 37.13);
insert into SHOT values (1437, 1515, 1516, 883, 6.600, 337.80, -15.00, 6.599, 337.78, -15.02, 0.003, 208.03, -31.44);
insert into SHOT values (1438, 1515, 1507, 883, 5.100, 257.80, 35.00, 5.109, 258.83, 36.10, 0.123, 21.95, 43.54);
insert into SHOT values (1439, 1513, 1517, 883, 8.700, 213.80, 29.00, 8.697, 213.79, 29.03, 0.005, 46.12, 26.43);
insert into SHOT values (1440, 1517, 1518, 883, 6.250, 168.80, 8.00, 6.248, 168.82, 8.00, 0.002, 303.87, 4.01);
insert into SHOT values (1441, 1518, 1519, 883, 8.880, 241.80, 18.00, 8.879, 241.80, 18.04, 0.007, 77.53, 62.22);
insert into SHOT values (1442, 1519, 1520, 883, 4.820, 270.80, 2.00, 4.823, 270.71, 1.90, 0.012, 204.77, -45.29);
insert into SHOT values (1443, 1520, 1521, 883, 5.050, 262.80, -6.00, 5.047, 262.79, -5.91, 0.008, 103.62, 70.22);
insert into SHOT values (1444, 1521, 1522, 883, 5.600, 274.80, 9.00, 5.598, 274.88, 8.94, 0.009, 13.17, -39.89);
insert into SHOT values (1445, 1522, 1523, 883, 4.800, 172.80, 20.00, 4.803, 172.87, 19.96, 0.007, 225.97, -13.20);
insert into SHOT values (1446, 1523, 1524, 883, 4.250, 240.80, 10.00, 4.246, 240.80, 10.04, 0.005, 63.41, 26.30);
insert into CENTRELINE values (884, 879, NULL, NULL, NULL, 179.84, 0.00, 0.00);
 insert into SHOT values (1447, 1525, 1526, 884, 7.470, 197.80, 9.00, 7.473, 197.75, 9.01, 0.008, 132.90, 10.60);
insert into SHOT values (1448, 1525, 1527, 884, 5.000, 58.80, -10.00, 5.007, 58.86, -10.01, 0.008, 94.76, -12.23);
insert into SHOT values (1449, 1525, 1528, 884, 8.530, 244.80, 19.00, 8.524, 244.74, 18.96, 0.012, 128.44, -35.58);
insert into SHOT values (1450, 1525, 1529, 884, 6.800, 321.80, -8.00, 6.796, 321.82, -8.04, 0.006, 115.16, -38.57);
insert into SHOT values (1451, 1525, 1530, 884, 8.980, 345.80, -22.00, 8.980, 345.81, -22.04, 0.007, 128.18, -64.69);
insert into SHOT values (1452, 1525, 1531, 884, 15.160, 98.80, -28.00, 15.163, 98.81, -28.01, 0.004, 131.03, -44.77);
insert into SHOT values (1453, 1525, 1532, 884, 15.800, 287.80, 19.00, 15.793, 287.78, 18.99, 0.009, 151.47, -25.83);
insert into SHOT values (1454, 1530, 1533, 884, 7.090, 353.80, -9.00, 7.088, 353.85, -9.01, 0.006, 106.18, -7.88);
insert into SHOT values (1455, 1533, 1534, 884, 7.100, 351.80, 1.00, 7.105, 351.74, 1.05, 0.010, 295.33, 35.64);
insert into SHOT values (1456, 1526, 1535, 884, 13.900, 237.80, 32.00, 13.900, 237.82, 31.97, 0.008, 283.57, -48.70);
insert into SHOT values (1457, 1535, 1431, 884, 11.290, 246.80, 33.00, 11.288, 246.79, 33.01, 0.003, 92.96, 18.76);
insert into SHOT values (1458, 1431, 1536, 884, 7.690, 335.80, 6.00, 7.691, 335.85, 5.97, 0.007, 49.56, -30.94);
insert into SHOT values (1459, 1431, 1537, 884, 12.970, 50.80, -16.00, 12.970, 50.79, -16.02, 0.005, 281.73, -68.94);
insert into SHOT values (1460, 1431, 1432, 884, 14.000, 356.80, -4.00, 12.729, 352.51, 0.63, 1.943, 213.63, 35.07);
insert into SHOT values (1461, 1431, 1538, 884, 11.310, 207.80, 31.00, 11.315, 207.78, 31.01, 0.007, 159.94, 45.79);
insert into SHOT values (1462, 1538, 1539, 884, 6.200, 212.80, 32.00, 6.198, 212.81, 31.95, 0.006, 254.24, -72.82);
insert into SHOT values (1463, 1539, 1540, 884, 9.150, 215.80, 35.00, 9.143, 215.81, 35.04, 0.010, 26.86, 9.98);
insert into SHOT values (1464, 1539, 1541, 884, 11.400, 293.80, 35.00, 11.398, 293.82, 35.01, 0.004, 71.98, 15.91);
insert into CENTRELINE values (885, 879, NULL, NULL, NULL, 108.92, 0.00, 0.00);
 insert into SHOT values (1465, 1531, 1542, 885, 5.200, 150.80, -15.00, 5.205, 150.83, -15.03, 0.007, 183.30, -37.39);
insert into SHOT values (1466, 1542, 1543, 885, 6.150, 125.80, -20.00, 6.151, 125.78, -19.96, 0.005, 77.04, 49.37);
insert into SHOT values (1467, 1543, 1544, 885, 8.950, 128.80, -35.00, 8.944, 128.79, -35.00, 0.006, 318.90, 33.20);
insert into SHOT values (1468, 1544, 1545, 885, 10.550, 128.80, -33.00, 10.558, 128.81, -33.00, 0.008, 140.91, -29.17);
insert into SHOT values (1469, 1545, 1546, 885, 6.300, 96.80, -10.00, 6.298, 96.76, -9.97, 0.006, 352.54, 39.59);
insert into SHOT values (1470, 1546, 1547, 885, 10.650, 112.80, 6.00, 10.648, 112.84, 5.98, 0.007, 216.66, -26.00);
insert into SHOT values (1471, 1547, 1548, 885, 7.700, 106.80, -24.00, 7.704, 106.76, -23.97, 0.007, 61.01, 15.31);
insert into SHOT values (1472, 1548, 1549, 885, 7.800, 113.80, -39.00, 7.798, 113.86, -39.03, 0.007, 239.32, -10.26);
insert into SHOT values (1473, 1549, 1550, 885, 9.720, 109.80, -34.00, 9.718, 109.74, -34.04, 0.011, 349.76, -24.93);
insert into SHOT values (1474, 1550, 1551, 885, 4.520, 102.80, -21.00, 4.526, 102.85, -20.97, 0.007, 134.43, -1.42);
insert into SHOT values (1475, 1551, 1552, 885, 8.400, 101.80, 3.00, 8.400, 101.83, 3.00, 0.005, 195.01, 4.78);
insert into SHOT values (1476, 1552, 1553, 885, 4.830, 82.80, 8.00, 4.836, 82.80, 8.08, 0.009, 82.04, 58.64);
insert into SHOT values (1477, 1553, 1554, 885, 6.050, 355.80, -43.00, 6.058, 355.73, -42.98, 0.010, 319.85, -22.59);
insert into SHOT values (1478, 1551, 1555, 885, 6.100, 162.80, 3.00, 6.100, 162.81, 3.01, 0.002, 238.18, 28.13);
insert into SHOT values (1479, 1555, 1556, 885, 6.000, 167.80, -21.00, 5.995, 167.83, -21.02, 0.006, 324.39, 1.93);
insert into CENTRELINE values (886, 879, NULL, NULL, NULL, 114.81, 0.00, 0.00);
 insert into SHOT values (1480, 1557, 1558, 886, 4.300, 325.80, 16.80, 4.301, 325.89, 16.76, 0.007, 35.09, -23.72);
insert into SHOT values (1481, 1558, 1559, 886, 6.380, 347.80, -34.00, 6.382, 347.78, -34.01, 0.003, 273.93, -44.50);
insert into SHOT values (1482, 1559, 1560, 886, 8.320, 40.80, -38.50, 8.318, 40.89, -38.52, 0.010, 149.48, -3.75);
insert into SHOT values (1483, 1560, 1561, 886, 10.360, 8.80, -33.00, 10.362, 8.80, -32.98, 0.004, 8.27, 33.44);
insert into SHOT values (1484, 1561, 1562, 886, 6.340, 345.80, -35.00, 6.347, 345.75, -34.99, 0.009, 310.36, -23.60);
insert into SHOT values (1485, 1562, 1563, 886, 7.240, 92.00, 0.90, 7.246, 92.06, 0.95, 0.011, 143.47, 35.14);
insert into SHOT values (1486, 1563, 1564, 886, 3.840, 151.30, 47.80, 3.835, 151.25, 47.77, 0.006, 28.21, -58.32);
insert into SHOT values (1487, 1564, 1565, 886, 3.770, 106.80, 17.70, 3.773, 106.82, 17.74, 0.005, 135.94, 55.97);
insert into SHOT values (1488, 1565, 1566, 886, 14.460, 60.30, -30.70, 14.459, 60.30, -30.69, 0.002, 274.06, 83.89);
insert into SHOT values (1489, 1566, 1567, 886, 5.320, 69.00, 9.60, 5.668, 74.67, 8.93, 0.642, 128.48, -0.64);
insert into SHOT values (1490, 1567, 1568, 886, 7.590, 21.50, -43.00, 7.453, 28.51, -44.89, 0.720, 137.23, -6.67);
insert into SHOT values (1491, 1568, 1569, 886, 8.590, 23.80, -54.70, 8.499, 30.71, -56.90, 0.671, 146.38, -9.38);
insert into SHOT values (1492, 1569, 1570, 886, 12.950, 278.80, -11.70, 12.949, 278.80, -11.72, 0.004, 101.77, -67.17);
insert into SHOT values (1493, 1569, 1571, 886, 4.600, 358.80, -3.80, 4.132, 4.17, -4.16, 0.621, 140.41, 0.45);
insert into SHOT values (1494, 1571, 1572, 886, 4.870, 354.10, -63.50, 4.670, 0.00, -67.99, 0.469, 151.51, 3.46);
insert into SHOT values (1495, 1572, 1573, 886, 2.880, 284.50, -33.20, 2.366, 280.66, -36.88, 0.559, 118.18, 16.30);
insert into SHOT values (1496, 1573, 1477, 886, 3.000, 194.60, -40.70, 3.258, 189.09, -39.00, 0.358, 149.90, -15.17);
insert into CENTRELINE values (887, 879, NULL, NULL, NULL, 293.31, 0.00, 0.00);
 insert into SHOT values (1497, 1524, 1574, 887, 11.340, 152.80, 5.00, 11.341, 152.82, 5.01, 0.004, 237.13, 21.65);
insert into SHOT values (1498, 1574, 1575, 887, 7.670, 187.80, 2.75, 7.670, 187.80, 2.77, 0.002, 347.02, 82.51);
insert into SHOT values (1499, 1575, 1576, 887, 5.790, 149.80, -18.00, 5.791, 149.80, -18.01, 0.001, 164.91, -47.67);
insert into SHOT values (1500, 1576, 1577, 887, 3.000, 222.80, 14.00, 2.996, 222.91, 13.91, 0.008, 339.36, -43.17);
insert into SHOT values (1501, 1577, 1578, 887, 3.860, 247.80, -14.00, 3.854, 247.69, -13.96, 0.010, 122.60, 22.57);
insert into SHOT values (1502, 1578, 1579, 887, 6.240, 289.80, -77.00, 6.240, 289.98, -76.99, 0.005, 8.84, 0.87);
insert into SHOT values (1503, 1576, 1580, 887, 5.410, 66.80, -33.00, 5.413, 66.77, -33.03, 0.004, 352.54, -51.99);
insert into SHOT values (1504, 1580, 1581, 887, 3.890, 93.80, -50.00, 3.893, 93.89, -49.94, 0.007, 129.84, -0.76);
insert into SHOT values (1505, 1581, 1582, 887, 3.800, 166.80, -3.00, 3.794, 166.88, -3.02, 0.008, 305.23, -8.10);
insert into SHOT values (1506, 1582, 1583, 887, 2.930, 193.80, 44.00, 2.935, 193.71, 44.03, 0.006, 138.67, 47.62);
insert into SHOT values (1507, 1583, 1584, 887, 7.630, 195.80, 46.00, 7.630, 195.77, 46.01, 0.004, 90.85, 23.62);
insert into SHOT values (1508, 1581, 1585, 887, 3.550, 327.80, 56.00, 3.556, 327.75, 56.04, 0.007, 274.25, 72.21);
insert into SHOT values (1509, 1585, 1586, 887, 6.680, 59.80, -23.00, 6.684, 59.72, -23.08, 0.013, 327.67, -49.78);
insert into SHOT values (1510, 1586, 1587, 887, 5.280, 95.80, -14.00, 5.281, 95.82, -13.91, 0.008, 124.76, 62.97);
insert into SHOT values (1511, 1576, 1588, 887, 5.500, 283.80, 18.00, 5.501, 283.82, 18.00, 0.002, 354.31, 10.69);
insert into SHOT values (1512, 1588, 1589, 887, 3.730, 238.80, 24.00, 3.725, 238.83, 24.08, 0.008, 42.72, 22.43);
insert into SHOT values (1513, 1589, 1590, 887, 7.970, 261.80, 23.00, 7.968, 261.77, 22.98, 0.006, 159.20, -45.39);
insert into SHOT values (1514, 1590, 1591, 887, 2.560, 263.80, 8.00, 2.560, 263.88, 8.08, 0.005, 4.08, 44.90);
insert into SHOT values (1515, 1591, 1592, 887, 1.700, 337.80, -9.40, 1.700, 337.56, -9.48, 0.007, 245.70, -18.64);
insert into SHOT values (1516, 1592, 1593, 887, 6.530, 291.80, 11.00, 6.527, 291.80, 10.95, 0.006, 112.21, -74.32);
insert into SHOT values (1517, 1593, 1594, 887, 4.240, 205.80, 25.00, 4.243, 205.76, 25.10, 0.009, 97.72, 72.22);
insert into SHOT values (1518, 1593, 1595, 887, 4.200, 185.80, 28.00, 4.204, 185.73, 28.10, 0.010, 97.21, 59.24);
insert into SHOT values (1519, 1595, 1596, 887, 1.000, 15.80, 90.00, 1.000, 90.00, 90.00, 0.000, 15.80, 0.00);
insert into SHOT values (1520, 1596, 1597, 887, 6.460, 196.80, 26.00, 6.461, 196.81, 25.98, 0.003, 225.46, -38.65);
insert into SHOT values (1521, 1597, 1598, 887, 9.870, 242.80, 34.00, 9.872, 242.81, 34.00, 0.002, 271.51, 19.51);
insert into SHOT values (1522, 1598, 1599, 887, 8.500, 105.80, 60.00, 8.500, 105.83, 59.99, 0.003, 167.39, -23.72);
insert into SHOT values (1523, 1524, 1600, 887, 5.400, 312.80, -1.00, 5.400, 312.82, -0.95, 0.005, 44.41, 64.12);
insert into SHOT values (1524, 1600, 1601, 887, 5.100, 262.80, 30.00, 5.098, 262.84, 30.01, 0.004, 29.08, -0.00);
insert into SHOT values (1525, 1601, 1602, 887, 6.160, 241.80, 26.00, 6.162, 241.77, 25.99, 0.004, 187.92, -5.43);
insert into SHOT values (1526, 1602, 1603, 887, 4.600, 312.80, 19.00, 4.600, 312.67, 18.90, 0.013, 239.26, -36.62);
insert into SHOT values (1527, 1603, 1604, 887, 15.800, 331.80, 2.00, 15.803, 331.81, 2.03, 0.009, 20.58, 65.35);
insert into SHOT values (1528, 1605, 1606, 887, 6.700, 166.80, -11.00, 6.695, 166.81, -10.93, 0.009, 332.22, 66.93);
insert into SHOT values (1529, 1607, 1605, 887, 2.200, 181.80, 16.00, 2.204, 181.89, 15.79, 0.010, 209.29, -41.69);
insert into SHOT values (1530, 1608, 1607, 887, 3.240, 233.80, 35.00, 3.241, 233.73, 35.02, 0.003, 145.52, 27.45);
insert into SHOT values (1531, 1609, 1608, 887, 3.470, 204.80, 14.00, 3.464, 204.81, 14.04, 0.007, 20.18, 4.47);
insert into SHOT values (1532, 1610, 1609, 887, 4.740, 234.80, 34.00, 4.741, 234.73, 33.98, 0.005, 166.90, -6.49);
insert into SHOT values (1533, 1611, 1610, 887, 5.300, 247.80, 42.00, 5.302, 247.93, 42.03, 0.009, 338.03, 22.46);
insert into SHOT values (1534, 1612, 1611, 887, 3.340, 182.80, 22.00, 3.346, 182.77, 21.94, 0.007, 168.86, -9.56);
insert into SHOT values (1535, 1613, 1612, 887, 2.580, 172.80, 24.00, 2.581, 172.94, 24.00, 0.006, 253.03, 6.33);
insert into SHOT values (1536, 1614, 1613, 887, 4.380, 261.80, 25.00, 4.380, 261.89, 24.99, 0.006, 351.20, -9.85);
insert into SHOT values (1537, 1603, 1614, 887, 1.920, 182.80, 20.00, 1.919, 182.54, 20.12, 0.009, 75.91, 21.49);
insert into SHOT values (1538, 1615, 1616, 887, 15.590, 268.50, 64.50, 15.589, 268.46, 64.50, 0.005, 187.96, -16.06);
insert into SHOT values (1539, 1615, 1617, 887, 11.500, 103.90, 4.10, 11.506, 103.92, 4.09, 0.007, 127.55, -18.05);
insert into SHOT values (1540, 1617, 1618, 887, 6.640, 122.80, -4.00, 6.643, 122.80, -3.97, 0.004, 125.68, 47.99);
insert into SHOT values (1541, 1618, 1619, 887, 3.510, 164.00, -5.50, 3.511, 164.05, -5.56, 0.005, 243.32, -47.39);
insert into SHOT values (1542, 1619, 1620, 887, 9.800, 221.80, 31.00, 9.801, 221.81, 31.02, 0.003, 338.44, 50.29);
insert into SHOT values (1543, 1620, 1621, 887, 8.000, 15.80, 90.00, 8.000, 90.00, 90.00, 0.000, 15.80, 0.00);
insert into SHOT values (1544, 1619, 1622, 887, 11.570, 118.70, 3.40, 11.567, 118.67, 3.42, 0.008, 355.11, 29.73);
insert into SHOT values (1545, 1622, 1623, 887, 7.010, 111.70, -17.30, 7.015, 111.74, -17.33, 0.008, 163.82, -45.12);
insert into SHOT values (1546, 1623, 1604, 887, 5.430, 151.40, 35.50, 5.431, 151.46, 35.58, 0.009, 282.26, 47.73);
insert into CENTRELINE values (888, 879, NULL, '2020-02-02', NULL, 118.39, 0.00, 0.00);
 insert into SHOT values (1547, 1557, 1624, 888, 5.160, 278.23, -14.00, 5.156, 278.28, -14.03, 0.007, 54.84, -14.77);
insert into SHOT values (1548, 1624, 1625, 888, 5.460, 194.23, -9.00, 5.465, 194.27, -9.05, 0.008, 241.50, -47.24);
insert into SHOT values (1549, 1625, 1626, 888, 3.290, 136.23, 0.00, 3.296, 136.23, 0.00, 0.006, 138.28, 0.00);
insert into SHOT values (1550, 1626, 1627, 888, 11.970, 228.23, -2.00, 11.962, 228.26, -1.96, 0.012, 8.85, 38.75);
insert into SHOT values (1551, 1627, 1628, 888, 4.600, 106.23, 48.00, 4.590, 106.25, 47.98, 0.010, 270.63, -57.47);
insert into SHOT values (1552, 1628, 1629, 888, 8.360, 238.23, 25.00, 8.362, 238.22, 25.05, 0.007, 103.27, 79.90);
insert into SHOT values (1553, 1629, 1630, 888, 6.020, 258.23, 31.00, 6.020, 258.15, 31.00, 0.007, 167.40, -4.20);
insert into SHOT values (1554, 1630, 1631, 888, 7.900, 234.23, 50.00, 7.899, 234.21, 49.99, 0.002, 182.80, -50.97);
insert into SHOT values (1555, 1631, 1632, 888, 7.940, 247.23, -23.00, 7.940, 247.22, -22.98, 0.003, 233.69, 62.47);
insert into SHOT values (1556, 1632, 1633, 888, 8.130, 349.23, 30.00, 8.129, 349.28, 29.96, 0.009, 61.77, -35.34);
insert into SHOT values (1557, 1633, 1634, 888, 6.300, 84.23, 10.00, 6.299, 84.17, 10.06, 0.009, 334.11, 43.10);
insert into SHOT values (1558, 1634, 1635, 888, 4.120, 4.23, 15.00, 4.110, 4.19, 14.95, 0.011, 200.21, -34.05);
insert into SHOT values (1559, 1635, 1636, 888, 10.080, 49.23, 59.00, 10.079, 49.22, 59.01, 0.002, 250.93, -8.69);
insert into SHOT values (1560, 1636, 1637, 888, 8.000, 14.23, -15.00, 8.009, 14.22, -14.98, 0.010, 6.29, 3.29);
insert into SHOT values (1561, 1637, 1638, 888, 7.180, 353.23, 5.00, 7.177, 353.25, 5.04, 0.006, 126.37, 42.40);
insert into SHOT values (1562, 1638, 1639, 888, 3.700, 9.23, 28.00, 3.697, 9.17, 28.08, 0.007, 218.99, 26.30);
insert into SHOT values (1563, 1639, 1640, 888, 7.000, 357.23, -10.00, 7.005, 357.26, -10.03, 0.007, 39.65, -37.83);
insert into SHOT values (1564, 1640, 1641, 888, 3.180, 36.23, -45.00, 3.179, 36.31, -45.05, 0.004, 163.69, -18.86);
insert into CENTRELINE values (889, 879, NULL, NULL, NULL, 150.84, 0.00, 0.00);
 insert into SHOT values (1565, 1519, 1642, 889, 7.960, 120.00, -12.50, 7.964, 120.03, -12.55, 0.008, 180.75, -59.75);
insert into SHOT values (1566, 1642, 1643, 889, 3.630, 154.10, 1.90, 3.625, 154.14, 1.90, 0.006, 308.17, -3.43);
insert into SHOT values (1567, 1643, 1644, 889, 4.280, 153.90, 10.80, 4.284, 153.92, 10.76, 0.005, 173.47, -23.87);
insert into SHOT values (1568, 1644, 1645, 889, 6.160, 170.20, -4.70, 6.161, 170.15, -4.66, 0.007, 92.99, 42.34);
insert into SHOT values (1569, 1645, 1646, 889, 4.730, 165.80, 14.30, 4.726, 165.84, 14.33, 0.006, 308.99, 17.28);
insert into SHOT values (1570, 1646, 1647, 889, 3.100, 270.80, -7.50, 3.098, 270.75, -7.61, 0.007, 133.29, -50.88);
insert into SHOT values (1571, 1647, 1648, 889, 4.170, 279.90, 9.00, 4.174, 279.92, 9.10, 0.008, 303.44, 67.21);
insert into SHOT values (1572, 1647, 1649, 889, 2.000, 166.50, -30.50, 1.992, 166.53, -30.46, 0.008, 338.37, 39.85);
insert into SHOT values (1573, 1649, 1650, 889, 1.240, 225.10, -16.90, 1.241, 225.00, -16.86, 0.003, 170.37, 10.35);
insert into SHOT values (1574, 1650, 1651, 889, 3.710, 158.40, 43.50, 3.706, 158.40, 43.48, 0.004, 344.44, -59.15);
insert into SHOT values (1575, 1651, 1652, 889, 13.900, 194.10, 19.20, 13.908, 194.10, 19.18, 0.009, 191.45, -7.96);
insert into SHOT values (1576, 1651, 1653, 889, 3.950, 195.90, 5.10, 3.956, 195.91, 5.08, 0.007, 198.28, -9.86);
insert into SHOT values (1577, 1645, 1654, 889, 3.670, 68.70, -25.80, 3.672, 68.71, -25.83, 0.003, 96.16, -60.79);
insert into SHOT values (1578, 1522, 1655, 889, 2.440, 348.50, 7.60, 2.441, 348.32, 7.53, 0.008, 269.82, -18.95);
insert into SHOT values (1579, 1655, 1656, 889, 10.140, 328.20, -54.40, 10.133, 328.17, -54.41, 0.008, 177.10, 35.55);
insert into SHOT values (1580, 1656, 1657, 889, 4.690, 338.70, -11.90, 4.692, 338.80, -11.93, 0.009, 58.56, -19.68);
insert into SHOT values (1581, 1657, 1658, 889, 7.740, 352.30, -20.60, 7.739, 352.31, -20.58, 0.003, 70.02, 79.75);
insert into SHOT values (1582, 1658, 1659, 889, 4.380, 328.30, -5.70, 4.382, 328.32, -5.76, 0.005, 2.77, -69.98);
insert into SHOT values (1583, 1659, 1660, 889, 5.740, 326.70, -42.50, 5.733, 326.57, -42.46, 0.013, 222.80, 38.89);
insert into SHOT values (1584, 1660, 1661, 889, 4.360, 316.20, 44.50, 4.357, 316.30, 44.42, 0.008, 23.37, -45.22);
insert into SHOT values (1585, 1662, 1663, 889, 4.340, 74.80, 0.10, 4.340, 74.91, 0.13, 0.008, 166.95, 16.88);
insert into SHOT values (1586, 1663, 1664, 889, 5.150, 58.80, 10.50, 5.151, 58.73, 10.40, 0.011, 348.36, -50.19);
insert into SHOT values (1587, 1664, 1665, 889, 1.000, 58.80, 90.00, 1.000, 90.00, 90.00, 0.000, 58.80, 0.00);
insert into SHOT values (1588, 1665, 1451, 889, 8.360, 77.20, -34.90, 8.362, 77.20, -34.87, 0.005, 73.67, 37.84);
insert into SHOT values (1589, 1524, 1666, 889, 30.000, 335.80, 0.00, 29.998, 335.79, 0.00, 0.005, 217.67, 0.00);
insert into CENTRELINE values (890, 879, NULL, NULL, NULL, 90.97, 0.00, 0.00);
 insert into SHOT values (1590, 1667, 1668, 890, 4.720, 155.80, 74.00, 4.721, 155.81, 74.10, 0.008, 333.87, 20.90);
insert into SHOT values (1591, 1668, 1669, 890, 5.800, 238.80, 22.00, 5.801, 238.76, 21.97, 0.005, 180.83, -32.03);
insert into SHOT values (1592, 1669, 1670, 890, 11.210, 198.80, 10.00, 11.207, 198.76, 10.02, 0.009, 85.53, 23.01);
insert into SHOT values (1593, 1670, 1671, 890, 8.560, 186.80, 2.00, 8.556, 186.85, 2.01, 0.008, 303.75, 8.69);
insert into SHOT values (1594, 1671, 1672, 890, 11.150, 189.80, 11.00, 11.152, 189.78, 10.96, 0.009, 144.84, -53.09);
insert into SHOT values (1595, 1672, 1673, 890, 6.350, 200.80, -1.00, 6.343, 200.78, -0.99, 0.007, 42.48, 6.68);
insert into SHOT values (1596, 1673, 1674, 890, 8.240, 297.80, -57.00, 8.239, 297.76, -57.01, 0.003, 183.80, 11.50);
insert into SHOT values (1597, 1674, 1675, 890, 13.540, 197.80, 13.00, 13.542, 197.83, 13.02, 0.008, 281.15, 31.60);
insert into SHOT values (1598, 1675, 1676, 890, 11.660, 204.80, -20.00, 11.662, 204.76, -20.01, 0.007, 121.63, -15.88);
insert into SHOT values (1599, 1676, 1677, 890, 6.400, 201.80, 8.00, 6.398, 201.87, 8.00, 0.008, 305.38, -5.30);
insert into SHOT values (1600, 1677, 1641, 890, 3.340, 185.80, 16.00, 3.345, 185.71, 15.96, 0.007, 142.11, -4.86);
insert into CENTRELINE values (891, 879, NULL, NULL, NULL, 150.27, 0.00, 0.00);
 insert into SHOT values (1601, 1470, 1678, 891, 6.000, 314.80, 5.00, 5.287, 315.31, 5.64, 0.718, 131.09, -0.23);
insert into SHOT values (1602, 1678, 1679, 891, 10.000, 314.80, 80.00, 10.020, 116.57, 89.74, 1.787, 134.35, 5.52);
insert into SHOT values (1603, 1679, 1680, 891, 0.000, 15.80, 0.00, 0.177, 132.71, 0.00, 0.177, 132.71, 0.00);
insert into SHOT values (1604, 1680, 1681, 891, 11.710, 315.10, 24.60, 11.099, 315.92, 29.65, 1.184, 127.23, 31.31);
insert into SHOT values (1605, 1681, 1682, 891, 19.910, 326.00, 29.70, 19.596, 330.82, 38.77, 3.422, 114.20, 44.66);
insert into SHOT values (1606, 1682, 1683, 891, 14.000, 216.70, 14.80, 13.997, 216.71, 14.78, 0.007, 346.43, -69.72);
insert into SHOT values (1607, 1682, 1684, 891, 2.930, 49.20, -31.20, 3.036, 55.46, -30.70, 0.300, 121.94, -6.17);
insert into SHOT values (1608, 1684, 1685, 891, 8.670, 310.50, -5.50, 7.964, 310.33, -6.63, 0.726, 132.34, -7.05);
insert into SHOT values (1609, 1685, 1686, 891, 6.650, 255.90, -71.50, 6.554, 248.66, -75.68, 0.544, 98.06, -4.61);
insert into SHOT values (1610, 1686, 1687, 891, 8.200, 183.00, -16.40, 8.689, 176.59, -14.94, 1.055, 119.90, 4.09);
insert into SHOT values (1611, 1687, 1688, 891, 8.150, 159.40, 22.40, 8.759, 155.76, 19.47, 0.899, 122.82, -11.92);
insert into SHOT values (1612, 1688, 1689, 891, 10.110, 178.10, -18.80, 10.656, 171.21, -16.63, 1.365, 112.88, 8.77);
insert into SHOT values (1613, 1689, 1690, 891, 4.510, 144.60, -27.20, 5.145, 143.35, -24.70, 0.675, 135.84, -7.53);
insert into SHOT values (1614, 1690, 1691, 891, 5.160, 216.40, -68.10, 5.197, 209.78, -67.45, 0.237, 139.94, -2.99);
insert into SHOT values (1615, 1691, 1692, 891, 10.590, 308.30, -22.10, 9.952, 307.69, -26.62, 1.036, 134.18, -27.34);
insert into SHOT values (1616, 1692, 1693, 891, 11.320, 272.80, -63.90, 11.203, 266.84, -72.09, 1.669, 105.78, -17.23);
insert into SHOT values (1617, 1693, 1694, 891, 7.000, 350.40, -21.40, 6.516, 355.67, -23.90, 0.806, 127.36, -6.12);
insert into SHOT values (1618, 1694, 1566, 891, 5.360, 278.60, -39.80, 4.916, 274.54, -43.92, 0.638, 121.80, 1.89);
insert into CENTRELINE values (892, 879, NULL, NULL, NULL, 267.45, 0.00, 0.00);
 insert into SHOT values (1619, 1667, 1695, 892, 0.000, 15.80, 0.00, 0.000, 90.00, 0.00, 0.000, 90.00, 0.00);
insert into SHOT values (1620, 1695, 1696, 892, 2.650, 266.00, 18.90, 2.649, 266.11, 18.94, 0.005, 11.98, 18.18);
insert into SHOT values (1621, 1696, 1697, 892, 14.460, 309.80, -48.30, 14.464, 309.81, -48.31, 0.004, 3.13, -55.91);
insert into SHOT values (1622, 1697, 1698, 892, 9.670, 121.00, 31.20, 9.670, 121.00, 31.20, 0.001, 32.12, 65.71);
insert into SHOT values (1623, 1698, 1699, 892, 3.390, 114.20, 9.70, 3.392, 114.19, 9.67, 0.002, 93.91, -28.62);
insert into SHOT values (1624, 1699, 1700, 892, 6.020, 181.80, 8.60, 6.021, 181.83, 8.60, 0.003, 257.67, -3.94);
insert into SHOT values (1625, 1700, 1701, 892, 10.590, 220.30, -33.00, 10.587, 220.25, -32.96, 0.011, 144.37, 44.03);
insert into SHOT values (1626, 1701, 1702, 892, 6.540, 189.30, 24.00, 6.535, 189.35, 24.02, 0.007, 324.33, -0.44);
insert into SHOT values (1627, 1697, 1703, 892, 11.310, 0.50, -26.80, 11.306, 0.51, -26.81, 0.005, 161.02, -6.52);
insert into SHOT values (1628, 1703, 1704, 892, 11.130, 3.80, 22.30, 11.137, 3.78, 22.32, 0.009, 331.69, 49.10);
insert into SHOT values (1629, 1704, 1705, 892, 13.630, 35.90, 3.60, 13.624, 35.93, 3.58, 0.011, 160.03, -31.73);
insert into SHOT values (1630, 1705, 1706, 892, 23.410, 11.50, 0.80, 23.413, 11.51, 0.81, 0.005, 48.71, 41.79);
insert into SHOT values (1631, 1706, 1707, 892, 3.630, 47.30, 51.70, 3.631, 47.16, 51.71, 0.006, 321.40, 12.85);
insert into SHOT values (1632, 1707, 1708, 892, 15.560, 7.40, -29.40, 15.558, 7.42, -29.41, 0.005, 130.42, -17.65);
insert into SHOT values (1633, 1708, 1709, 892, 25.710, 331.80, 2.40, 25.712, 331.80, 2.41, 0.004, 302.15, 55.35);
insert into SHOT values (1634, 1709, 1710, 892, 10.460, 268.80, 17.30, 10.465, 268.80, 17.29, 0.006, 258.29, -5.62);
insert into SHOT values (1635, 1710, 1711, 892, 11.560, 226.80, 15.40, 11.558, 226.78, 15.40, 0.005, 102.21, 2.12);
insert into SHOT values (1636, 1711, 1712, 892, 14.080, 104.50, 26.30, 14.076, 104.50, 26.27, 0.008, 332.73, -84.27);
insert into SHOT values (1637, 1711, 1713, 892, 4.590, 249.50, -21.60, 4.591, 249.57, -21.60, 0.005, 330.28, -3.43);
insert into SHOT values (1638, 1713, 1714, 892, 10.030, 281.00, 6.20, 10.031, 280.98, 6.18, 0.005, 213.66, -43.07);
insert into SHOT values (1639, 1713, 1715, 892, 8.960, 10.70, -13.00, 8.962, 10.69, -13.03, 0.005, 321.91, -66.99);
insert into SHOT values (1640, 1715, 1716, 892, 11.150, 351.60, -29.60, 11.150, 351.64, -29.62, 0.007, 98.55, -22.78);
insert into SHOT values (1641, 1716, 1717, 892, 5.830, 354.60, -33.40, 5.826, 354.57, -33.43, 0.006, 200.53, -6.68);
insert into SHOT values (1642, 1717, 1718, 892, 8.070, 54.80, -35.20, 8.069, 54.82, -35.19, 0.002, 128.07, 46.48);
insert into SHOT values (1643, 1717, 1719, 892, 11.210, 304.30, 29.90, 11.214, 304.31, 29.90, 0.005, 327.85, 25.34);
insert into SHOT values (1644, 1719, 1720, 892, 10.540, 351.10, 6.20, 10.538, 351.10, 6.21, 0.003, 159.49, 35.28);
insert into SHOT values (1645, 1720, 1721, 892, 3.270, 270.90, 18.30, 3.267, 270.92, 18.38, 0.005, 74.78, 36.46);
insert into CENTRELINE values (893, 879, NULL, '2017-02-19', NULL, 299.35, 0.00, 0.00);
 insert into SHOT values (1646, 1708, 1722, 893, 12.350, 21.49, 17.00, 12.348, 21.46, 17.00, 0.006, 274.72, -7.27);
insert into SHOT values (1647, 1722, 1723, 893, 23.620, 34.09, -8.00, 23.620, 34.09, -8.01, 0.003, 150.41, -62.68);
insert into SHOT values (1648, 1723, 1724, 893, 5.350, 28.49, -24.00, 5.350, 28.45, -23.93, 0.008, 344.64, 53.48);
insert into SHOT values (1649, 1724, 1725, 893, 11.390, 118.49, -26.00, 11.398, 118.52, -26.02, 0.010, 162.23, -42.95);
insert into SHOT values (1650, 1725, 1726, 893, 15.150, 8.49, -2.00, 15.154, 8.47, -1.97, 0.011, 316.73, 51.46);
insert into SHOT values (1651, 1726, 1727, 893, 7.550, 14.49, -6.00, 7.551, 14.50, -6.01, 0.002, 85.22, -27.79);
insert into SHOT values (1652, 1727, 1728, 893, 7.590, 25.49, 3.00, 7.587, 25.48, 2.95, 0.008, 220.52, -70.68);
insert into SHOT values (1653, 1728, 1729, 893, 5.060, 280.49, 12.00, 5.055, 280.49, 12.10, 0.010, 97.83, 49.50);
insert into SHOT values (1654, 1729, 1730, 893, 7.790, 34.59, -32.90, 7.797, 34.54, -32.94, 0.011, 331.51, -54.81);
insert into SHOT values (1655, 1730, 1731, 893, 9.440, 59.39, -69.10, 9.441, 59.47, -69.11, 0.005, 160.50, -12.13);
insert into SHOT values (1656, 1731, 1732, 893, 17.800, 334.49, -15.00, 17.803, 334.48, -14.97, 0.009, 302.38, 51.32);
insert into SHOT values (1657, 1732, 1733, 893, 26.450, 315.49, 33.00, 26.447, 315.49, 32.99, 0.006, 47.59, -70.17);
insert into SHOT values (1658, 1733, 1734, 893, 20.400, 350.49, -23.00, 20.399, 350.50, -23.00, 0.003, 91.88, 15.72);
insert into SHOT values (1659, 1734, 1735, 893, 14.580, 76.49, -32.00, 14.575, 76.48, -31.98, 0.007, 293.55, 68.09);
insert into SHOT values (1660, 1735, 1736, 893, 5.500, 162.49, -24.60, 5.502, 162.43, -24.59, 0.005, 100.57, -4.91);
insert into SHOT values (1661, 1736, 1737, 893, 22.000, 44.29, -48.80, 22.000, 44.27, -48.83, 0.012, 248.69, -36.51);
insert into SHOT values (1662, 1737, 1738, 893, 10.210, 333.49, -11.00, 10.881, 335.46, -9.25, 0.826, 0.99, 13.88);
insert into SHOT values (1663, 1738, 1739, 893, 9.920, 259.49, 25.00, 10.816, 253.24, 21.13, 1.540, 212.87, -10.95);
insert into SHOT values (1664, 1739, 1740, 893, 8.370, 312.49, 4.00, 8.662, 300.19, 4.90, 1.847, 225.07, 4.85);
insert into SHOT values (1665, 1738, 1741, 893, 12.310, 293.49, 16.00, 13.285, 316.38, 13.27, 5.042, 22.60, -3.90);
insert into SHOT values (1666, 1741, 1742, 893, 8.970, 238.49, -11.00, 8.034, 251.24, -15.52, 2.165, 4.78, -11.69);
insert into SHOT values (1667, 1737, 1743, 893, 7.300, 150.49, -18.00, 7.945, 152.26, -15.70, 0.749, 169.12, 8.12);
insert into SHOT values (1668, 1743, 1744, 893, 30.250, 140.49, -3.00, 30.246, 140.48, -3.01, 0.009, 0.51, -50.83);
insert into CENTRELINE values (894, 879, NULL, NULL, NULL, 133.27, 0.00, 0.00);
 insert into SHOT values (1669, 1744, 1745, 894, 11.950, 110.80, -26.00, 11.948, 110.83, -25.96, 0.010, 184.81, 56.28);
insert into SHOT values (1670, 1745, 1746, 894, 3.790, 6.80, 12.00, 3.787, 6.82, 11.88, 0.008, 138.69, -79.70);
insert into SHOT values (1671, 1746, 1747, 894, 9.030, 5.30, -9.00, 9.029, 5.28, -8.98, 0.005, 260.61, 32.24);
insert into SHOT values (1672, 1747, 1748, 894, 11.140, 18.20, -6.00, 11.144, 18.19, -5.97, 0.007, 353.33, 39.41);
insert into SHOT values (1673, 1748, 1749, 894, 9.000, 147.80, -9.00, 9.000, 147.78, -9.01, 0.004, 57.96, -27.81);
insert into SHOT values (1674, 1749, 1750, 894, 10.500, 134.80, 6.00, 10.502, 134.81, 6.01, 0.003, 162.86, 54.43);
insert into SHOT values (1675, 1743, 1751, 894, 6.000, 265.80, -22.00, 5.924, 259.06, -22.32, 0.655, 165.12, -0.21);
insert into SHOT values (1676, 1751, 1752, 894, 26.260, 327.80, -8.00, 25.850, 320.36, -10.99, 3.626, 223.43, -20.59);
insert into SHOT values (1677, 1752, 1753, 894, 12.400, 331.80, 15.30, 11.787, 328.84, 18.60, 1.103, 187.45, 26.25);
insert into SHOT values (1678, 1753, 1754, 894, 6.450, 328.80, 10.50, 6.449, 328.74, 10.54, 0.008, 225.10, 33.95);
insert into SHOT values (1679, 1754, 1755, 894, 3.180, 33.30, -21.00, 3.179, 33.32, -21.01, 0.001, 179.86, -16.82);
insert into SHOT values (1680, 1753, 1756, 894, 5.850, 147.80, 49.00, 6.534, 156.36, 43.53, 1.105, 187.56, 4.41);
insert into SHOT values (1681, 1756, 1742, 894, 1.840, 84.80, 8.00, 1.240, 104.72, 10.22, 0.794, 233.18, -2.61);
insert into SHOT values (1682, 1753, 1740, 894, 13.680, 180.80, 34.00, 13.352, 167.65, 39.32, 2.798, 62.18, 16.83);
insert into SHOT values (1683, 1745, 1757, 894, 1.120, 179.60, -30.20, 1.125, 179.41, -30.44, 0.008, 121.92, -59.81);
insert into SHOT values (1684, 1757, 1758, 894, 1.080, 139.50, 5.40, 1.069, 139.57, 5.37, 0.011, 312.63, -8.29);
insert into CENTRELINE values (895, 879, NULL, NULL, NULL, 63.98, 0.00, 0.00);
 insert into SHOT values (1685, 1685, 1759, 895, 4.310, 311.20, 16.60, 4.311, 311.17, 16.58, 0.003, 252.90, -28.48);
insert into SHOT values (1686, 1759, 1760, 895, 17.600, 318.80, 6.40, 17.599, 318.80, 6.39, 0.002, 129.56, -76.69);
insert into SHOT values (1687, 1760, 1761, 895, 5.300, 287.80, 19.70, 5.302, 287.85, 19.73, 0.006, 11.13, 36.40);
insert into SHOT values (1688, 1761, 1762, 895, 1.600, 327.80, -18.10, 1.595, 327.67, -18.27, 0.008, 176.88, -22.79);
insert into SHOT values (1689, 1762, 1763, 895, 5.700, 250.20, 27.30, 5.696, 250.24, 27.38, 0.010, 45.49, 35.40);
insert into SHOT values (1690, 1762, 1764, 895, 4.460, 26.70, -26.10, 4.461, 26.69, -26.07, 0.003, 8.66, 47.71);
insert into SHOT values (1691, 1562, 1765, 895, 1.080, 29.30, -15.40, 1.072, 29.54, -15.15, 0.011, 177.00, 40.31);
insert into SHOT values (1692, 1765, 1766, 895, 7.330, 311.30, -48.60, 7.331, 311.32, -48.61, 0.002, 69.47, -44.53);
insert into SHOT values (1693, 1766, 1767, 895, 4.000, 311.30, -90.00, 4.000, 90.00, -90.00, 0.000, 311.30, 0.00);
insert into SHOT values (1694, 1631, 1768, 895, 12.600, 104.90, -3.60, 12.597, 104.89, -3.60, 0.005, 329.65, 14.76);
insert into CENTRELINE values (896, 879, NULL, NULL, NULL, 188.08, 0.00, 0.00);
 insert into SHOT values (1695, 1734, 1769, 896, 9.130, 262.80, 44.90, 9.136, 262.81, 44.91, 0.007, 275.63, 54.48);
insert into SHOT values (1696, 1769, 1770, 896, 8.020, 317.30, -1.30, 8.013, 317.33, -1.29, 0.008, 109.93, 14.14);
insert into SHOT values (1697, 1770, 1771, 896, 12.260, 333.20, 27.70, 12.259, 333.18, 27.66, 0.011, 278.67, -55.83);
insert into SHOT values (1698, 1771, 1772, 896, 9.730, 357.60, -24.70, 9.726, 357.60, -24.67, 0.006, 181.74, 70.75);
insert into SHOT values (1699, 1772, 1773, 896, 10.470, 312.60, 22.50, 10.473, 312.61, 22.51, 0.004, 2.59, 54.24);
insert into SHOT values (1700, 1773, 1774, 896, 15.000, 341.80, 0.00, 14.999, 341.82, 0.00, 0.005, 86.37, 0.00);
insert into SHOT values (1701, 1775, 1776, 896, 13.380, 139.50, 27.70, 13.379, 139.52, 27.70, 0.004, 245.43, 6.15);
insert into SHOT values (1702, 1775, 1777, 896, 5.970, 274.50, 39.30, 5.972, 274.47, 39.26, 0.005, 239.67, -14.06);
insert into SHOT values (1703, 1777, 1778, 896, 16.180, 292.00, 7.40, 16.174, 292.01, 7.42, 0.009, 98.84, 41.80);
insert into SHOT values (1704, 1778, 1779, 896, 14.820, 291.10, -0.80, 14.827, 291.11, -0.81, 0.008, 314.34, -23.29);
insert into SHOT values (1705, 1779, 1780, 896, 6.520, 270.00, 29.10, 6.522, 270.00, 29.08, 0.003, 267.13, -16.77);
insert into SHOT values (1706, 1780, 1781, 896, 6.330, 344.90, -15.50, 6.328, 344.98, -15.49, 0.009, 84.93, 10.31);
insert into SHOT values (1707, 1781, 1782, 896, 3.370, 59.60, 22.30, 3.359, 59.64, 22.40, 0.012, 230.37, 5.82);
insert into SHOT values (1708, 1782, 1783, 896, 8.050, 325.30, -2.50, 8.052, 325.38, -2.49, 0.011, 45.87, 5.70);
insert into SHOT values (1709, 1783, 1784, 896, 7.500, 310.10, 4.70, 7.498, 310.06, 4.67, 0.007, 207.42, -39.81);
insert into SHOT values (1710, 1779, 1785, 896, 13.130, 160.70, -19.70, 13.136, 160.69, -19.71, 0.007, 123.58, -35.20);
insert into SHOT values (1711, 1785, 1786, 896, 8.990, 144.80, -7.60, 8.985, 144.83, -7.61, 0.007, 285.16, -8.69);
insert into SHOT values (1712, 1786, 1755, 896, 19.230, 159.20, 19.90, 19.237, 159.21, 19.91, 0.008, 184.40, 34.40);
insert into CENTRELINE values (897, 879, NULL, NULL, NULL, 68.12, 0.00, 0.00);
 insert into SHOT values (1713, 1787, 1788, 897, 3.070, 221.00, -75.20, 3.072, 221.39, -75.17, 0.006, 288.56, -17.73);
insert into SHOT values (1714, 1788, 1789, 897, 21.400, 19.70, -83.50, 21.398, 19.78, -83.50, 0.004, 102.55, 35.71);
insert into SHOT values (1715, 1789, 1790, 897, 7.130, 30.80, -57.90, 7.128, 30.83, -57.93, 0.004, 181.95, -0.27);
insert into SHOT values (1716, 1790, 1791, 897, 5.330, 298.80, 10.50, 5.330, 298.86, 10.49, 0.006, 25.41, -13.04);
insert into SHOT values (1717, 1791, 1792, 897, 9.050, 249.50, -0.60, 9.054, 249.50, -0.63, 0.006, 253.72, -55.14);
insert into SHOT values (1718, 1787, 1793, 897, 9.390, 28.80, 46.30, 9.386, 28.78, 46.34, 0.007, 228.41, 10.37);
insert into SHOT values (1719, 1793, 1721, 897, 12.750, 109.70, 45.10, 12.753, 109.66, 45.08, 0.008, 59.95, -9.39);
insert into CENTRELINE values (898, 879, NULL, '2020-02-25', NULL, 202.86, 0.00, 0.00);
 insert into SHOT values (1720, 1794, 1795, 898, 10.380, 304.22, 29.00, 10.383, 304.23, 28.98, 0.006, 326.05, -23.05);
insert into SHOT values (1721, 1795, 1796, 898, 16.180, 294.22, 33.00, 16.189, 294.22, 33.01, 0.010, 304.50, 53.53);
insert into SHOT values (1722, 1796, 1797, 898, 16.120, 279.22, 44.00, 16.109, 279.19, 44.00, 0.013, 142.82, -38.68);
insert into SHOT values (1723, 1797, 1798, 898, 11.610, 269.22, 37.00, 11.611, 269.26, 37.02, 0.007, 11.66, 24.50);
insert into SHOT values (1724, 1798, 1799, 898, 10.380, 259.22, 7.00, 10.380, 259.20, 7.03, 0.006, 164.77, 58.63);
insert into SHOT values (1725, 1799, 1800, 898, 28.490, 269.22, 31.00, 28.490, 269.23, 30.99, 0.005, 329.08, -48.37);
insert into SHOT values (1726, 1800, 1801, 898, 6.140, 226.22, -15.00, 6.143, 226.16, -15.00, 0.007, 162.87, -7.12);
insert into SHOT values (1727, 1801, 1802, 898, 19.080, 274.22, 32.00, 19.082, 274.22, 31.99, 0.003, 259.67, -15.25);
insert into SHOT values (1728, 1802, 1803, 898, 7.560, 299.22, 40.00, 7.565, 299.22, 39.97, 0.006, 297.57, 4.74);
insert into SHOT values (1729, 1803, 1804, 898, 11.310, 324.22, 7.00, 11.311, 324.24, 7.01, 0.005, 48.96, 19.95);
insert into SHOT values (1730, 1804, 1805, 898, 8.930, 285.22, 5.00, 8.925, 285.19, 5.01, 0.007, 143.29, 14.22);
insert into SHOT values (1731, 1805, 1806, 898, 17.890, 298.22, 38.00, 17.895, 298.22, 37.97, 0.010, 296.10, -24.91);
insert into SHOT values (1732, 1806, 1807, 898, 17.200, 329.22, -10.00, 17.194, 329.24, -10.01, 0.009, 107.41, -20.35);
insert into SHOT values (1733, 1807, 1808, 898, 12.410, 271.22, 30.00, 12.417, 271.23, 30.01, 0.007, 283.89, 43.81);
insert into SHOT values (1734, 1808, 1809, 898, 9.180, 313.22, -3.00, 9.181, 313.23, -3.00, 0.002, 15.72, 11.07);
insert into CENTRELINE values (899, 879, NULL, '2020-02-19', NULL, 41.72, 0.00, 0.00);
 insert into SHOT values (1735, 1799, 1810, 899, 14.260, 119.22, -47.00, 14.257, 119.25, -47.02, 0.008, 253.43, -6.39);
insert into SHOT values (1736, 1810, 1811, 899, 21.750, 249.22, -41.00, 21.744, 249.22, -41.02, 0.008, 64.98, -5.11);
insert into SHOT values (1737, 1811, 1749, 899, 5.710, 244.22, -29.00, 5.712, 244.26, -29.01, 0.004, 303.15, -26.36);
insert into SURVEY values (901, 873, 'QuatreEntreesPlusUne', 'QuatreEntreesPlusUne.109.UltimaPatagonia', 'Grotte des Quatre Entrees Plus Une');
 insert into CENTRELINE values (902, 901, NULL, NULL, NULL, 0.00, 0.00, 0.00);
 insert into SCRAPS values (903, 901, 'QuatreEntreesPlusUne-2p', 1, 0.00027, 0.00000);
 insert into SCRAPS values (915, 901, 'DELETE-ME-survey-legs-QuatreEntreesPlusUne-p', 1, 0.00000, 0.00000);
 insert into SCRAPS values (939, 901, 'QuatreEntreesPlusUne-1p', 1, 0.32408, 0.02008);
 insert into SCRAPS values (1091, 901, 'QuatreEntreesPlusUne-3p', 1, 1.12291, 0.05088);
 insert into MAPS values (1147, 901, 'm-all-p', NULL, 1, 341.200, -71.610);
 insert into MAPITEMS values (1147, 4, 939);
 insert into MAPITEMS values (1147, 4, 903);
 insert into MAPITEMS values (1147, 4, 1091);
 insert into CENTRELINE values (1148, 901, NULL, NULL, NULL, 341.20, 0.00, 0.00);
 insert into SHOT values (1738, 1812, 1813, 1148, 14.000, 277.80, -8.00, 14.004, 277.79, -8.00, 0.005, 247.51, -17.69);
insert into SHOT values (1739, 1813, 1814, 1148, 20.400, 302.80, -28.00, 20.402, 302.81, -28.01, 0.004, 3.45, -50.60);
insert into SHOT values (1740, 1814, 1815, 1148, 10.000, 302.80, 90.00, 10.000, 90.00, 90.00, 0.000, 302.80, 0.00);
insert into SHOT values (1741, 1815, 1816, 1148, 9.700, 269.80, 25.00, 9.699, 269.80, 25.01, 0.001, 68.15, 26.29);
insert into SHOT values (1742, 1817, 1818, 1148, 10.100, 330.80, -12.00, 10.101, 330.87, -12.00, 0.011, 57.58, -0.47);
insert into SHOT values (1743, 1818, 1819, 1148, 14.000, 326.80, -17.00, 14.004, 326.76, -17.02, 0.012, 252.16, -34.61);
insert into SHOT values (1744, 1819, 1815, 1148, 6.600, 351.80, -41.00, 6.600, 351.80, -41.00, 0.000, 119.20, -1.65);
insert into SHOT values (1745, 1816, 1820, 1148, 12.400, 255.80, 15.00, 12.399, 255.79, 15.00, 0.003, 143.42, 13.56);
insert into SHOT values (1746, 1820, 1821, 1148, 11.200, 299.80, 67.00, 11.202, 299.84, 66.98, 0.006, 333.18, 3.50);
insert into SHOT values (1747, 1821, 1822, 1148, 8.700, 162.80, 57.00, 8.706, 162.71, 56.98, 0.010, 111.42, 20.35);
insert into SHOT values (1748, 1822, 1823, 1148, 10.900, 170.80, 25.00, 10.899, 170.85, 25.02, 0.010, 280.62, 20.36);
insert into SHOT values (1749, 1823, 1824, 1148, 16.200, 158.80, 41.00, 16.198, 158.76, 40.97, 0.012, 96.47, -42.09);
insert into SHOT values (1750, 1824, 1825, 1148, 13.300, 158.80, 5.00, 13.297, 158.80, 5.00, 0.003, 341.05, 15.39);
insert into SHOT values (1751, 1826, 1827, 1148, 13.700, 0.80, -18.00, 13.701, 0.79, -17.98, 0.005, 308.49, 50.68);
insert into SHOT values (1752, 1827, 1828, 1148, 17.000, 20.80, -11.00, 17.003, 20.81, -11.02, 0.007, 88.41, -59.48);
insert into SHOT values (1753, 1827, 1829, 1148, 4.600, 20.80, 90.00, 4.600, 90.00, 90.00, 0.000, 20.80, 6.31);
insert into SHOT values (1754, 1829, 1830, 1148, 11.800, 67.80, 45.00, 11.793, 67.80, 45.01, 0.007, 245.70, -33.00);
insert into SHOT values (1755, 1830, 1817, 1148, 2.900, 285.80, -7.00, 2.899, 285.73, -6.93, 0.005, 185.83, 41.85);
insert into SHOT values (1756, 1812, 1831, 1148, 9.700, 15.80, 16.00, 9.697, 15.81, 15.98, 0.004, 153.07, -60.17);
insert into SHOT values (1757, 1831, 1832, 1148, 8.900, 17.80, 19.00, 8.898, 17.79, 19.02, 0.004, 230.41, 35.16);
insert into SHOT values (1758, 1832, 1833, 1148, 1.600, 3.80, -27.00, 1.609, 4.00, -26.99, 0.010, 36.07, -21.22);
insert into SHOT values (1759, 1833, 1834, 1148, 6.100, 101.80, 6.00, 6.092, 101.81, 6.03, 0.009, 275.13, 15.83);
insert into SHOT values (1760, 1834, 1835, 1148, 5.000, 110.80, -40.00, 5.004, 110.75, -39.90, 0.010, 88.58, 22.63);
insert into SHOT values (1761, 1835, 1836, 1148, 34.100, 110.80, -90.00, 34.100, 90.00, -90.00, 0.000, 110.80, 0.00);
insert into SHOT values (1762, 1836, 1837, 1148, 11.400, 202.80, 17.00, 11.401, 202.83, 16.98, 0.006, 269.15, -30.84);
insert into SHOT values (1763, 1837, 1838, 1148, 8.300, 151.80, 36.00, 8.301, 151.83, 36.01, 0.004, 234.48, 20.90);
insert into SHOT values (1764, 1838, 1839, 1148, 22.600, 151.80, 90.00, 22.600, 90.00, 90.00, 0.000, 151.80, -5.15);
insert into SHOT values (1765, 1838, 1840, 1148, 15.500, 172.80, 23.00, 15.506, 172.80, 23.01, 0.006, 155.19, 35.70);
insert into SHOT values (1766, 1839, 1841, 1148, 10.500, 255.80, -13.00, 10.501, 255.80, -12.99, 0.003, 251.53, 48.80);
insert into SURVEY values (1150, 873, 'CuevaCaliza', 'CuevaCaliza.109.UltimaPatagonia', 'Cueva Caliza');
 insert into CENTRELINE values (1151, 1150, NULL, NULL, NULL, 0.00, 0.00, 0.00);
 insert into CENTRELINE values (1152, 1150, NULL, '2017-02-01', NULL, 217.96, 0.00, 0.00);
 insert into SHOT values (1767, 1842, 1843, 1152, 2.700, 53.49, -14.00, 2.703, 53.52, -13.91, 0.006, 73.68, 35.07);
insert into SHOT values (1768, 1843, 1844, 1152, 12.480, 336.49, -82.00, 12.481, 336.24, -82.00, 0.008, 249.29, -10.83);
insert into SHOT values (1769, 1844, 1845, 1152, 5.450, 344.49, -51.00, 5.455, 344.63, -51.01, 0.010, 54.62, -27.24);
insert into SHOT values (1770, 1845, 1846, 1152, 6.800, 314.49, -67.00, 6.801, 314.39, -66.99, 0.005, 247.04, -6.54);
insert into SHOT values (1771, 1846, 1847, 1152, 3.720, 218.49, -56.00, 3.716, 218.36, -55.98, 0.006, 110.88, 39.00);
insert into SHOT values (1772, 1847, 1848, 1152, 14.890, 123.49, -56.00, 14.891, 123.48, -56.03, 0.008, 316.03, -43.34);
insert into SHOT values (1773, 1848, 1849, 1152, 5.600, 327.49, -51.00, 5.596, 327.53, -51.02, 0.005, 114.83, 23.94);
insert into SHOT values (1774, 1849, 1850, 1152, 3.540, 313.49, -44.00, 3.541, 313.41, -44.01, 0.004, 225.11, -14.33);
insert into SHOT values (1775, 1850, 1851, 1152, 24.500, 14.49, -90.00, 24.500, 90.00, -90.00, 0.000, 14.49, 0.00);
insert into SHOT values (1776, 1851, 1852, 1152, 8.220, 321.49, -25.00, 8.219, 321.48, -24.97, 0.004, 295.43, 70.85);
insert into SHOT values (1777, 1852, 1853, 1152, 7.400, 14.49, -90.00, 7.400, 90.00, -90.00, 0.000, 14.49, 41.79);
insert into SHOT values (1778, 1853, 1854, 1152, 2.400, 288.49, -9.00, 2.402, 288.43, -9.10, 0.005, 227.82, -60.66);
insert into SHOT values (1779, 1855, 1854, 1152, 5.320, 130.49, 41.00, 5.319, 130.55, 41.00, 0.005, 229.81, -2.86);
insert into SHOT values (1780, 1853, 1856, 1152, 7.900, 192.49, -72.00, 7.896, 192.55, -72.01, 0.005, 329.04, 39.59);
insert into SHOT values (1781, 1856, 1857, 1152, 2.200, 14.49, -90.00, 2.200, 90.00, -90.00, 0.000, 14.49, 56.37);
insert into SHOT values (1782, 1851, 1858, 1152, 6.740, 359.49, -33.00, 6.737, 359.49, -33.01, 0.003, 170.07, 19.48);
insert into SHOT values (1783, 1858, 1859, 1152, 5.220, 64.49, -79.00, 5.216, 64.46, -78.98, 0.004, 46.64, 69.93);
insert into SHOT values (1784, 1859, 1860, 1152, 5.930, 300.49, -52.00, 5.929, 300.43, -51.97, 0.005, 239.22, 32.32);
insert into SHOT values (1785, 1860, 1861, 1152, 4.880, 154.49, -79.00, 4.880, 154.54, -79.01, 0.001, 289.36, 17.29);
insert into SHOT values (1786, 1861, 1862, 1152, 2.710, 167.49, -1.00, 2.706, 167.40, -1.06, 0.007, 29.98, -24.06);
insert into SHOT values (1787, 1862, 1863, 1152, 12.430, 122.49, -79.00, 12.429, 122.62, -78.99, 0.006, 185.34, 14.99);
insert into SHOT values (1788, 1863, 1864, 1152, 13.730, 283.49, -78.00, 13.731, 283.55, -77.98, 0.006, 315.15, -0.33);
insert into SHOT values (1789, 1862, 1865, 1152, 2.940, 136.49, -17.00, 2.937, 136.59, -17.03, 0.006, 260.50, -4.21);
insert into SHOT values (1790, 1865, 1866, 1152, 4.490, 137.49, -46.00, 4.492, 137.47, -45.98, 0.003, 109.20, -3.73);
insert into SHOT values (1791, 1866, 1867, 1152, 1.710, 118.49, -46.00, 1.715, 118.50, -45.83, 0.007, 119.66, 0.59);
insert into SHOT values (1792, 1867, 1868, 1152, 3.980, 197.49, -69.00, 3.984, 197.55, -69.02, 0.005, 285.31, -71.97);
insert into SHOT values (1793, 1868, 1869, 1152, 4.110, 13.49, -71.00, 4.104, 13.41, -70.99, 0.007, 240.99, 68.29);
insert into SHOT values (1794, 1869, 1870, 1152, 4.020, 22.49, -58.00, 4.021, 22.35, -58.01, 0.005, 289.61, -9.36);
insert into SHOT values (1795, 1870, 1871, 1152, 3.450, 67.49, -58.00, 3.454, 67.50, -58.02, 0.004, 87.73, -75.69);
insert into SHOT values (1796, 1871, 1872, 1152, 5.800, 341.49, -73.00, 5.794, 341.46, -72.96, 0.007, 320.74, 68.74);
insert into SHOT values (1797, 1872, 1873, 1152, 2.620, 316.49, -52.00, 2.624, 316.51, -52.08, 0.005, 73.99, -83.80);
insert into SHOT values (1798, 1873, 1874, 1152, 6.930, 300.49, -81.00, 6.925, 300.60, -81.02, 0.006, 90.50, 48.16);
insert into SHOT values (1799, 1874, 1875, 1152, 5.050, 82.49, -79.00, 5.054, 82.29, -78.95, 0.007, 49.20, -24.22);
insert into SHOT values (1800, 1875, 1876, 1152, 5.040, 134.49, -73.00, 5.041, 134.73, -72.95, 0.007, 189.34, -1.72);
insert into SHOT values (1801, 1876, 1877, 1152, 3.060, 176.49, -21.00, 3.060, 176.59, -21.07, 0.006, 285.72, -33.41);
insert into SURVEY values (1154, 873, 'GouffreHalal', 'GouffreHalal.109.UltimaPatagonia', 'Gouffre HALAL');
 insert into CENTRELINE values (1155, 1154, NULL, NULL, NULL, 0.00, 0.00, 0.00);
 insert into CENTRELINE values (1156, 1154, NULL, '2019-02-01', NULL, 128.28, 0.00, 0.00);
 insert into SHOT values (1802, 1878, 1879, 1156, 3.500, 159.31, -70.00, 3.501, 159.44, -70.02, 0.003, 267.70, -20.39);
insert into SHOT values (1803, 1879, 1880, 1156, 6.200, 111.81, -72.50, 6.197, 111.74, -72.51, 0.004, 341.89, 46.53);
insert into SHOT values (1804, 1880, 1881, 1156, 19.300, 239.31, -84.50, 19.299, 239.14, -84.49, 0.006, 172.52, 10.85);
insert into SHOT values (1805, 1881, 1882, 1156, 9.600, 282.01, -38.70, 9.606, 282.01, -38.73, 0.008, 290.35, -75.01);
insert into SHOT values (1806, 1882, 1883, 1156, 4.800, 95.31, -60.00, 4.794, 95.26, -59.96, 0.007, 7.97, 72.16);
insert into SHOT values (1807, 1883, 1884, 1156, 6.700, 183.31, -48.30, 6.698, 183.22, -48.29, 0.008, 93.06, 18.18);
insert into SHOT values (1808, 1884, 1885, 1156, 4.500, 120.31, -54.00, 4.504, 120.26, -54.13, 0.011, 325.54, -57.31);
insert into SHOT values (1809, 1885, 1886, 1156, 3.700, 262.01, -28.80, 3.698, 262.02, -28.77, 0.003, 57.85, 67.38);
insert into SHOT values (1810, 1886, 1887, 1156, 3.800, 273.31, -38.60, 3.804, 273.28, -38.54, 0.005, 252.92, 7.80);
insert into SHOT values (1811, 1887, 1888, 1156, 6.600, 196.81, -67.50, 6.603, 196.79, -67.49, 0.003, 166.64, -46.06);
insert into SHOT values (1812, 1888, 1889, 1156, 5.700, 88.31, -77.00, 5.698, 88.22, -76.91, 0.009, 74.97, 24.37);
insert into SHOT values (1813, 1889, 1890, 1156, 16.000, 83.81, -81.00, 15.996, 83.79, -81.03, 0.009, 271.51, 19.79);
insert into SHOT values (1814, 1890, 1891, 1156, 15.000, 118.81, -85.00, 15.007, 118.72, -84.99, 0.008, 89.22, -57.51);
insert into SHOT values (1815, 1891, 1892, 1156, 22.880, 0.11, -34.50, 22.875, 0.12, -34.51, 0.007, 153.21, -5.34);
insert into SURVEY values (1158, 873, 'Gouffralail', 'Gouffralail.109.UltimaPatagonia', 'Gouffre a l''Ai_l');
 insert into CENTRELINE values (1159, 1158, NULL, NULL, NULL, 0.00, 0.00, 0.00);
 insert into CENTRELINE values (1160, 1158, NULL, '2019-02-01', NULL, 71.32, 0.00, 0.00);
 insert into SHOT values (1816, 1893, 1894, 1160, 9.910, 297.31, -21.40, 9.911, 297.29, -21.42, 0.006, 207.10, -45.01);
insert into SHOT values (1817, 1893, 1895, 1160, 22.840, 286.31, 70.50, 22.841, 286.30, 70.49, 0.003, 242.71, 1.26);
insert into SHOT values (1818, 1895, 1896, 1160, 6.000, 308.31, 64.00, 5.996, 308.35, 64.02, 0.005, 99.08, -35.78);
insert into SHOT values (1819, 1896, 1897, 1160, 6.950, 300.31, 29.30, 6.948, 300.33, 29.30, 0.003, 66.57, -25.96);
insert into SHOT values (1820, 1897, 1898, 1160, 2.350, 304.31, 17.80, 2.351, 304.26, 17.83, 0.003, 235.43, 35.38);
insert into SHOT values (1821, 1898, 1899, 1160, 4.040, 301.31, 24.60, 4.041, 301.31, 24.57, 0.003, 299.33, -42.02);
insert into SHOT values (1822, 1899, 1900, 1160, 3.180, 308.31, 35.30, 3.184, 308.28, 35.30, 0.004, 286.04, 32.76);
insert into SHOT values (1823, 1900, 1901, 1160, 2.340, 296.31, 28.10, 2.341, 296.44, 28.03, 0.005, 3.52, -23.31);
insert into SHOT values (1824, 1901, 1902, 1160, 4.440, 319.31, 3.20, 4.439, 319.30, 3.23, 0.003, 177.09, 55.23);
insert into SHOT values (1825, 1902, 1903, 1160, 3.560, 286.31, 27.90, 3.561, 286.25, 27.96, 0.006, 186.90, 48.30);
insert into SHOT values (1826, 1903, 1904, 1160, 5.710, 247.31, 66.00, 5.704, 247.19, 65.98, 0.008, 146.77, -51.58);
insert into SURVEY values (1162, 873, 'GrandeTraversee', 'GrandeTraversee.109.UltimaPatagonia', 'La grande Traversee');
 insert into CENTRELINE values (1163, 1162, NULL, NULL, NULL, 0.00, 0.00, 0.00);
 insert into CENTRELINE values (1164, 1162, NULL, '2019-02-01', NULL, 86.40, 0.00, 0.00);
 insert into SHOT values (1827, 1905, 1906, 1164, 10.900, 325.31, -19.00, 10.900, 325.28, -19.01, 0.007, 227.13, -11.40);
insert into SHOT values (1828, 1906, 1907, 1164, 7.100, 43.31, 11.00, 7.113, 43.32, 11.02, 0.014, 45.88, 22.62);
insert into SHOT values (1829, 1907, 1908, 1164, 5.500, 27.81, 12.00, 5.492, 27.85, 11.98, 0.009, 180.69, -22.86);
insert into SHOT values (1830, 1908, 1909, 1164, 10.300, 13.31, 11.70, 10.305, 13.29, 11.70, 0.006, 334.45, 13.05);
insert into SHOT values (1831, 1909, 1910, 1164, 14.200, 36.01, -15.50, 14.200, 35.99, -15.52, 0.008, 285.69, -43.01);
insert into SHOT values (1832, 1910, 1911, 1164, 13.400, 14.31, 90.00, 13.400, 90.00, 90.00, 0.000, 14.31, -26.27);
insert into SHOT values (1833, 1910, 1912, 1164, 7.800, 93.31, 31.00, 7.806, 93.34, 31.00, 0.007, 125.02, 22.80);
insert into SHOT values (1834, 1912, 1913, 1164, 8.700, 19.31, -3.00, 8.699, 19.29, -2.97, 0.006, 283.69, 57.41);
insert into SHOT values (1835, 1913, 1914, 1164, 8.500, 81.31, 32.00, 8.501, 81.31, 31.96, 0.006, 74.52, -44.06);
insert into SURVEY values (1166, 873, 'Gauges', 'Gauges.109.UltimaPatagonia', 'Gouffre des Gauges');
 insert into CENTRELINE values (1167, 1166, NULL, NULL, NULL, 0.00, 0.00, 0.00);
 insert into CENTRELINE values (1168, 1166, NULL, '2019-02-01', NULL, 102.39, 0.00, 0.00);
 insert into SHOT values (1836, 1915, 1916, 1168, 5.860, 29.11, -40.90, 5.860, 29.05, -40.94, 0.006, 273.06, -32.93);
insert into SHOT values (1837, 1916, 1917, 1168, 11.060, 18.31, -69.60, 11.055, 18.43, -69.58, 0.011, 89.80, 36.07);
insert into SHOT values (1838, 1917, 1918, 1168, 8.070, 340.51, -69.90, 8.071, 340.39, -69.92, 0.007, 227.15, -12.96);
insert into SHOT values (1839, 1918, 1919, 1168, 5.710, 288.91, -75.80, 5.714, 289.21, -75.84, 0.009, 40.30, -29.59);
insert into SHOT values (1840, 1919, 1920, 1168, 7.070, 295.11, -72.60, 7.066, 295.11, -72.54, 0.009, 295.94, 46.01);
insert into SHOT values (1841, 1920, 1921, 1168, 9.860, 53.31, -71.90, 9.868, 53.35, -71.90, 0.009, 92.52, -65.83);
insert into SHOT values (1842, 1921, 1922, 1168, 10.370, 51.11, -73.40, 10.361, 51.04, -73.41, 0.010, 270.97, 52.37);
insert into SHOT values (1843, 1922, 1923, 1168, 18.940, 14.71, -78.40, 18.946, 14.77, -78.41, 0.008, 141.85, -56.60);
insert into SHOT values (1844, 1923, 1924, 1168, 5.430, 296.01, -56.90, 5.428, 296.05, -56.95, 0.005, 95.69, -13.44);
insert into SHOT values (1845, 1924, 1925, 1168, 11.910, 340.51, -45.40, 11.908, 340.50, -45.41, 0.004, 183.14, 3.68);
insert into SHOT values (1846, 1925, 1926, 1168, 8.110, 328.31, -31.80, 8.111, 328.34, -31.76, 0.006, 7.15, 36.23);
insert into SURVEY values (1170, 873, 'Pissotiere', 'Pissotiere.109.UltimaPatagonia', 'Gouffre de la Pissotie_re');
 insert into CENTRELINE values (1171, 1170, NULL, NULL, NULL, 0.00, 0.00, 0.00);
 insert into CENTRELINE values (1172, 1170, NULL, '2019-02-12', NULL, 38.77, 0.00, 0.00);
 insert into SHOT values (1847, 1927, 1928, 1172, 6.000, 14.31, -90.00, 6.000, 90.00, -90.00, 0.000, 14.31, 0.00);
insert into SHOT values (1848, 1928, 1929, 1172, 11.000, 317.31, -38.00, 10.999, 317.29, -37.99, 0.004, 241.66, 33.07);
insert into SHOT values (1849, 1929, 1930, 1172, 2.200, 314.31, -40.00, 2.202, 314.52, -40.16, 0.009, 65.46, -42.19);
insert into SHOT values (1850, 1930, 1931, 1172, 9.170, 308.31, -45.00, 9.168, 308.30, -44.97, 0.005, 272.36, 61.22);
insert into SHOT values (1851, 1931, 1932, 1172, 10.400, 131.31, -16.00, 10.402, 131.31, -16.02, 0.004, 100.04, -72.96);
insert into SURVEY values (1174, 873, 'PetiteChinoise', 'PetiteChinoise.109.UltimaPatagonia', 'Exsurgence de la Petite Chinoise');
 insert into CENTRELINE values (1175, 1174, NULL, NULL, NULL, 0.00, 0.00, 0.00);
 insert into CENTRELINE values (1176, 1174, NULL, '2019-02-01', NULL, 100.00, 0.00, 0.00);
 insert into SHOT values (1852, 1933, 1934, 1176, 25.000, 194.31, 0.00, 24.996, 194.31, 0.00, 0.004, 2.98, 0.00);
insert into SHOT values (1853, 1934, 1935, 1176, 11.000, 184.31, 39.52, 10.999, 184.33, 39.52, 0.002, 302.77, 0.00);
insert into SHOT values (1854, 1935, 1936, 1176, 20.000, 194.31, 5.74, 20.005, 194.28, 5.74, 0.012, 130.06, 0.00);
insert into SHOT values (1855, 1936, 1937, 1176, 18.000, 144.31, 19.47, 17.997, 144.31, 19.47, 0.004, 359.31, 0.00);
insert into SHOT values (1856, 1937, 1938, 1176, 13.000, 164.31, 90.00, 13.000, 90.00, 90.00, 0.000, 344.31, 0.00);
insert into SHOT values (1857, 1938, 1939, 1176, 2.500, 164.31, 0.00, 2.501, 164.46, 0.00, 0.007, 242.42, 0.00);
insert into SHOT values (1858, 1939, 1940, 1176, 10.500, 194.31, 28.44, 10.494, 194.31, 28.45, 0.007, 20.97, 0.00);
insert into CENTRELINE values (1177, 1174, NULL, '2019-02-01', NULL, 103.50, 0.00, 0.00);
 insert into SHOT values (1859, 1940, 1941, 1177, 13.500, 164.31, 24.51, 13.503, 164.32, 24.50, 0.004, 200.39, 0.00);
insert into SHOT values (1860, 1941, 1942, 1177, 8.000, 144.31, 17.46, 8.000, 144.33, 17.46, 0.003, 230.62, 0.00);
insert into SHOT values (1861, 1942, 1943, 1177, 4.000, 134.31, 30.00, 4.001, 134.30, 29.99, 0.001, 93.67, 0.00);
insert into SHOT values (1862, 1943, 1944, 1177, 18.000, 174.31, 22.89, 17.998, 174.32, 22.89, 0.004, 293.20, 0.00);
insert into SHOT values (1863, 1944, 1945, 1177, 14.000, 164.31, 12.37, 13.996, 164.30, 12.38, 0.006, 24.27, 0.00);
insert into SHOT values (1864, 1945, 1946, 1177, 15.000, 174.31, 3.82, 15.008, 174.29, 3.82, 0.010, 136.30, 0.00);
insert into SHOT values (1865, 1946, 1947, 1177, 14.000, 174.31, 12.37, 13.992, 174.33, 12.38, 0.009, 324.98, 0.00);
insert into SHOT values (1866, 1947, 1948, 1177, 2.000, 194.31, 11.54, 2.000, 194.18, 11.54, 0.005, 105.52, 0.00);
insert into SHOT values (1867, 1948, 1949, 1177, 11.000, 164.31, 15.83, 11.001, 164.32, 15.83, 0.002, 232.28, -0.00);
insert into SHOT values (1868, 1949, 1950, 1177, 4.000, 164.31, 2.87, 4.004, 164.33, 2.86, 0.004, 183.25, 0.00);
insert into CENTRELINE values (1178, 1174, NULL, '2019-02-01', NULL, 81.00, 0.00, 0.00);
 insert into SHOT values (1869, 1950, 1951, 1178, 8.000, 154.31, 18.21, 8.000, 154.35, 18.21, 0.004, 247.25, 0.00);
insert into SHOT values (1870, 1951, 1952, 1178, 10.500, 184.31, 2.18, 10.497, 184.32, 2.18, 0.003, 338.86, 0.00);
insert into SHOT values (1871, 1952, 1953, 1178, 18.500, 189.31, -0.93, 18.496, 189.30, -0.93, 0.005, 40.42, 0.00);
insert into SHOT values (1872, 1953, 1954, 1178, 29.000, 194.31, 0.00, 29.000, 194.31, 0.00, 0.001, 264.46, 0.00);
insert into SHOT values (1873, 1954, 1955, 1178, 4.000, 214.31, -2.87, 3.999, 214.29, -2.87, 0.002, 96.47, 0.00);
insert into SHOT values (1874, 1955, 1956, 1178, 11.000, 194.31, 0.00, 11.002, 194.31, 0.00, 0.002, 206.56, 0.00);
insert into CENTRELINE values (1179, 1174, NULL, '2019-02-01', NULL, 33.50, 0.00, 0.00);
 insert into SHOT values (1875, 1956, 1957, 1179, 12.500, 194.31, -17.22, 12.500, 194.30, -17.22, 0.002, 114.28, 0.00);
insert into SHOT values (1876, 1957, 1958, 1179, 15.000, 214.31, 1.53, 15.002, 214.29, 1.53, 0.005, 151.71, -0.00);
insert into SHOT values (1877, 1958, 1959, 1179, 6.000, 164.31, 33.37, 5.995, 164.35, 33.40, 0.007, 311.27, 0.00);
insert into CENTRELINE values (1181, 873, NULL, NULL, NULL, 0.00, 0.00, 0.00);
 insert into SURVEY values (1183, 22, '201', '201.UltimaPatagonia', '201 Grande Barriere');
 insert into CENTRELINE values (1184, 1183, NULL, NULL, NULL, 0.00, 0.00, 0.00);
 insert into SURVEY values (1185, 1183, 'Ayayemal', 'Ayayemal.201.UltimaPatagonia', 'Ayayemal');
 insert into CENTRELINE values (1186, 1185, NULL, NULL, NULL, 0.00, 0.00, 0.00);
 insert into CENTRELINE values (1187, 1185, NULL, '2017-01-30', NULL, 53.75, 0.00, 0.00);
 insert into PERSON values (8, NULL, 'Joel');
insert into TOPO values (8, 1187);
 insert into PERSON values (9, NULL, 'Lionel');
insert into TOPO values (9, 1187);
 insert into SHOT values (1878, 1979, 1980, 1187, 3.680, 230.49, 59.70, 3.681, 230.47, 59.76, 0.004, 64.93, 44.49);
insert into SHOT values (1879, 1980, 1981, 1187, 4.880, 203.29, 60.60, 4.879, 203.36, 60.58, 0.003, 277.60, -29.12);
insert into SHOT values (1880, 1981, 1982, 1187, 6.360, 184.49, 60.00, 6.362, 184.51, 60.01, 0.002, 284.17, 65.74);
insert into SHOT values (1881, 1982, 1983, 1187, 9.400, 234.89, 88.40, 9.394, 234.46, 88.43, 0.008, 78.66, -52.80);
insert into SHOT values (1882, 1983, 1984, 1187, 4.360, 198.49, 52.90, 4.366, 198.57, 52.84, 0.009, 225.00, 17.13);
insert into SHOT values (1883, 1984, 1985, 1187, 9.400, 125.99, 78.10, 9.402, 125.98, 78.09, 0.003, 117.26, 46.17);
insert into SHOT values (1884, 1985, 1986, 1187, 9.650, 146.09, 45.50, 9.645, 146.10, 45.51, 0.006, 317.95, -31.09);
insert into SHOT values (1885, 1986, 1987, 1187, 6.020, 171.19, 30.05, 6.024, 171.17, 30.09, 0.006, 105.54, 67.72);
insert into SURVEY values (1189, 1183, 'Ayayebo', 'Ayayebo.201.UltimaPatagonia', 'Ayayebo');
 insert into CENTRELINE values (1190, 1189, NULL, NULL, NULL, 0.00, 0.00, 0.00);
 insert into CENTRELINE values (1191, 1189, NULL, '2017-01-30', NULL, 93.27, 0.00, 0.00);
 insert into TOPO values (8, 1191);
 insert into TOPO values (9, 1191);
 insert into SHOT values (1886, 1988, 1989, 1191, 8.870, 320.89, -9.80, 8.866, 320.90, -9.81, 0.004, 125.46, -3.38);
insert into SHOT values (1887, 1989, 1990, 1191, 4.870, 111.79, -43.50, 4.868, 111.77, -43.49, 0.003, 355.58, 57.33);
insert into SHOT values (1888, 1990, 1991, 1191, 24.930, 95.19, -78.30, 24.927, 95.23, -78.31, 0.006, 242.61, 20.77);
insert into SHOT values (1889, 1991, 1992, 1191, 3.210, 292.79, -15.20, 3.207, 292.83, -15.37, 0.010, 90.40, -55.23);
insert into SHOT values (1890, 1992, 1993, 1191, 3.190, 349.39, -44.10, 3.197, 349.23, -43.98, 0.012, 315.05, -0.19);
insert into SHOT values (1891, 1991, 1994, 1191, 4.440, 60.89, -38.70, 4.446, 60.85, -38.70, 0.006, 29.57, -37.76);
insert into SHOT values (1892, 1994, 1995, 1191, 11.060, 84.79, -66.20, 11.058, 84.85, -66.23, 0.007, 223.29, -4.47);
insert into SHOT values (1893, 1995, 1996, 1191, 32.700, 45.99, -76.30, 32.700, 45.99, -76.30, 0.001, 208.56, -27.78);
insert into CENTRELINE values (1192, 1189, NULL, '2017-02-07', NULL, 65.34, 0.00, 0.00);
 insert into PERSON values (10, NULL, 'Lucas');
insert into TOPO values (10, 1192);
 insert into PERSON values (11, NULL, 'Yann');
insert into TOPO values (11, 1192);
 insert into SHOT values (1894, 1993, 1997, 1192, 9.210, 33.89, -75.50, 9.203, 34.03, -75.50, 0.009, 135.45, 48.30);
insert into SHOT values (1895, 1997, 1998, 1192, 21.870, 49.49, -76.60, 21.874, 49.48, -76.61, 0.007, 237.02, -52.65);
insert into SHOT values (1896, 1998, 1999, 1192, 10.370, 88.99, -78.70, 10.371, 88.87, -78.71, 0.005, 338.63, -12.79);
insert into SHOT values (1897, 1999, 2000, 1192, 6.130, 35.29, -63.50, 6.126, 35.49, -63.45, 0.012, 104.57, 30.40);
insert into SHOT values (1898, 2000, 2001, 1192, 17.760, 189.69, -88.10, 17.760, 189.78, -88.10, 0.001, 296.20, 13.50);
insert into SURVEY values (1194, 1183, 'GB01', 'GB01.201.UltimaPatagonia', 'GB01');
 insert into CENTRELINE values (1195, 1194, NULL, NULL, NULL, 0.00, 0.00, 0.00);
 insert into CENTRELINE values (1196, 1194, NULL, '2017-02-01', NULL, 45.85, 0.00, 0.00);
 insert into SHOT values (1899, 2002, 2003, 1196, 3.900, 221.89, 57.70, 3.902, 221.88, 57.75, 0.004, 46.00, 59.99);
insert into SHOT values (1900, 2003, 2004, 1196, 10.360, 191.49, 61.30, 10.356, 191.47, 61.26, 0.009, 168.44, -57.19);
insert into SHOT values (1901, 2004, 2005, 1196, 9.700, 150.39, 81.80, 9.699, 150.46, 81.82, 0.005, 308.00, -10.28);
insert into SHOT values (1902, 2005, 2006, 1196, 4.100, 196.49, 62.30, 4.101, 196.44, 62.27, 0.003, 159.64, -2.42);
insert into SHOT values (1903, 2006, 2007, 1196, 6.630, 142.89, 69.50, 6.629, 142.88, 69.51, 0.002, 330.07, -4.18);
insert into SHOT values (1904, 2007, 2008, 1196, 6.780, 105.59, 61.80, 6.786, 105.55, 61.79, 0.006, 75.93, 49.38);
insert into SHOT values (1905, 2008, 2009, 1196, 4.380, 142.29, 39.20, 4.375, 142.32, 39.28, 0.008, 310.06, 11.93);
insert into SURVEY values (1198, 1183, 'Ziploc', 'Ziploc.201.UltimaPatagonia', 'Gouffre du Ziploc -entrance 0 -attr cad_num 201073');
 insert into CENTRELINE values (1199, 1198, NULL, NULL, NULL, 0.00, 0.00, 0.00);
 insert into CENTRELINE values (1200, 1198, NULL, NULL, NULL, 44.43, 0.00, 0.00);
 insert into SHOT values (1906, 2010, 2011, 1200, 12.460, 154.00, 66.20, 12.459, 154.05, 66.20, 0.004, 260.98, -5.49);
insert into SHOT values (1907, 2011, 2012, 1200, 7.280, 150.50, 75.90, 7.279, 150.26, 75.90, 0.008, 61.73, -5.01);
insert into SHOT values (1908, 2012, 2013, 1200, 6.400, 338.20, 76.50, 6.396, 337.91, 76.53, 0.009, 215.74, -19.60);
insert into SHOT values (1909, 2013, 2014, 1200, 4.870, 13.30, 57.20, 4.877, 13.35, 57.21, 0.008, 48.81, 57.96);
insert into SHOT values (1910, 2014, 2015, 1200, 9.550, 197.80, 0.00, 9.547, 197.81, 0.00, 0.003, 352.38, 0.00);
insert into SHOT values (1911, 2014, 2016, 1200, 3.870, 15.90, 0.00, 3.868, 15.90, 0.00, 0.002, 189.53, 0.00);
insert into SURVEY values (1202, 1183, 'Haricot', 'Haricot.201.UltimaPatagonia', 'Escalade du haricot');
 insert into CENTRELINE values (1203, 1202, NULL, NULL, NULL, 0.00, 0.00, 0.00);
 insert into CENTRELINE values (1204, 1202, NULL, NULL, NULL, 254.32, 0.00, 0.00);
 insert into SHOT values (1912, 2017, 2018, 1204, 5.020, 169.80, 22.00, 5.020, 169.73, 21.99, 0.006, 81.08, -5.04);
insert into SHOT values (1913, 2018, 2019, 1204, 14.510, 94.80, -18.00, 14.510, 94.78, -18.03, 0.008, 344.65, -49.34);
insert into SHOT values (1914, 2019, 2020, 1204, 9.940, 40.80, -2.00, 9.939, 40.80, -1.96, 0.007, 280.25, 79.62);
insert into SHOT values (1915, 2020, 2021, 1204, 7.830, 24.80, 2.00, 7.826, 24.80, 1.98, 0.005, 215.66, -37.30);
insert into SHOT values (1916, 2021, 2022, 1204, 4.650, 131.80, 0.00, 4.653, 131.78, 0.00, 0.004, 98.37, 0.00);
insert into SHOT values (1917, 2022, 2023, 1204, 10.970, 126.80, 6.00, 10.962, 126.80, 6.02, 0.009, 313.94, 22.66);
insert into SHOT values (1918, 2023, 2024, 1204, 5.050, 36.80, -9.00, 5.048, 36.85, -9.00, 0.004, 151.62, -0.08);
insert into SHOT values (1919, 2024, 2025, 1204, 5.650, 99.80, 0.00, 5.652, 99.78, 0.00, 0.003, 53.46, 0.00);
insert into SHOT values (1920, 2025, 2026, 1204, 10.600, 124.80, 5.00, 10.601, 124.82, 4.98, 0.005, 195.58, -48.98);
insert into SHOT values (1921, 2026, 2027, 1204, 27.400, 95.80, -15.00, 27.398, 95.79, -15.00, 0.006, 351.32, 17.06);
insert into SHOT values (1922, 2027, 2028, 1204, 26.600, 150.80, 11.00, 26.605, 150.80, 10.99, 0.009, 163.32, -38.92);
insert into SHOT values (1923, 2027, 2029, 1204, 12.200, 113.80, -27.00, 12.205, 113.81, -26.99, 0.005, 126.00, -14.07);
insert into SHOT values (1924, 2029, 2030, 1204, 5.700, 108.80, -40.00, 5.696, 108.85, -39.99, 0.006, 231.72, 41.41);
insert into SHOT values (1925, 2030, 2031, 1204, 5.800, 140.80, -22.00, 5.805, 140.81, -22.06, 0.008, 153.27, -68.84);
insert into SHOT values (1926, 2031, 2032, 1204, 4.400, 131.80, -16.00, 4.391, 131.73, -15.99, 0.010, 342.23, 16.16);
insert into SHOT values (1927, 2032, 2033, 1204, 2.100, 166.80, -20.00, 2.109, 166.88, -19.97, 0.009, 183.69, -11.31);
insert into SHOT values (1928, 2033, 2034, 1204, 9.600, 123.80, -13.00, 9.604, 123.76, -13.00, 0.008, 62.20, -3.33);
insert into SHOT values (1929, 2034, 2035, 1204, 6.100, 151.80, -17.00, 6.095, 151.85, -16.98, 0.007, 279.83, 27.84);
insert into SHOT values (1930, 2035, 2036, 1204, 18.100, 156.80, -42.00, 18.097, 156.79, -42.00, 0.004, 23.30, 19.07);
insert into SHOT values (1931, 2036, 2037, 1204, 10.700, 173.80, -42.00, 10.704, 173.79, -41.98, 0.005, 163.46, -3.43);
insert into SHOT values (1932, 2037, 2038, 1204, 11.600, 205.80, -54.00, 11.606, 205.81, -54.01, 0.006, 238.15, -63.41);
insert into SHOT values (1933, 2038, 2039, 1204, 15.200, 180.80, -26.00, 15.198, 180.80, -25.99, 0.003, 73.29, 70.35);
insert into SHOT values (1934, 2039, 2040, 1204, 24.600, 149.80, -62.00, 24.599, 149.79, -62.00, 0.002, 28.05, 15.16);
insert into SURVEY values (1206, 1183, 'Resurgence1', 'Resurgence1.201.UltimaPatagonia', 'Resurgence1');
 insert into CENTRELINE values (1207, 1206, NULL, NULL, NULL, 0.00, 0.00, 0.00);
 insert into CENTRELINE values (1208, 1206, NULL, '2006-02-01', NULL, 197.52, 0.00, 0.00);
 insert into SHOT values (1935, 2041, 2042, 1208, 7.800, 2.35, 26.00, 7.805, 2.37, 25.99, 0.006, 24.73, 6.88);
insert into SHOT values (1936, 2043, 2041, 1208, 3.200, 151.35, -0.00, 3.200, 151.43, 0.00, 0.005, 247.26, 0.00);
insert into SHOT values (1937, 2044, 2041, 1208, 7.700, 338.35, -0.00, 7.703, 338.36, 0.00, 0.003, 12.64, 0.00);
insert into SHOT values (1938, 2045, 2044, 1208, 8.200, 249.35, 3.00, 8.198, 249.33, 3.01, 0.004, 130.13, 13.50);
insert into SHOT values (1939, 2046, 2045, 1208, 3.000, 247.35, -9.00, 3.005, 247.41, -9.00, 0.006, 280.83, -7.16);
insert into SHOT values (1940, 2047, 2046, 1208, 3.000, 6.35, -14.00, 2.998, 6.32, -14.09, 0.006, 213.33, -49.48);
insert into SHOT values (1941, 2048, 2046, 1208, 5.000, 195.35, 90.00, 5.000, 90.00, 90.00, 0.000, 195.35, 0.00);
insert into SHOT values (1942, 2049, 2048, 1208, 4.100, 248.35, -7.00, 4.097, 248.36, -7.01, 0.003, 61.17, -7.04);
insert into SHOT values (1943, 2050, 2049, 1208, 3.900, 195.35, 90.00, 3.900, 90.00, 90.00, 0.000, 195.35, 9.26);
insert into SHOT values (1944, 2051, 2050, 1208, 5.400, 266.35, 4.00, 5.404, 266.28, 3.93, 0.011, 209.73, -39.12);
insert into SHOT values (1945, 2052, 2051, 1208, 2.500, 270.35, 3.00, 2.493, 270.46, 2.99, 0.008, 54.15, -5.95);
insert into SHOT values (1946, 2053, 2052, 1208, 5.900, 213.35, 2.00, 5.909, 213.39, 2.04, 0.010, 241.15, 23.18);
insert into SHOT values (1947, 2054, 2053, 1208, 7.300, 147.35, 3.00, 7.305, 147.31, 2.98, 0.008, 105.02, -15.62);
insert into SHOT values (1948, 2055, 2054, 1208, 8.650, 298.35, -8.00, 8.652, 298.36, -7.97, 0.005, 326.03, 53.47);
insert into SHOT values (1949, 2056, 2055, 1208, 5.400, 295.35, 26.00, 5.405, 295.35, 26.01, 0.005, 296.48, 32.78);
insert into SHOT values (1950, 2057, 2056, 1208, 5.600, 249.35, 28.00, 5.589, 249.36, 27.96, 0.012, 61.91, -49.32);
insert into SHOT values (1951, 2058, 2057, 1208, 3.050, 179.35, 12.00, 3.058, 179.43, 12.08, 0.010, 209.07, 36.86);
insert into SHOT values (1952, 2059, 2058, 1208, 7.370, 267.35, 18.00, 7.369, 267.38, 18.02, 0.005, 24.29, 30.25);
insert into SHOT values (1953, 2060, 2057, 1208, 6.300, 311.35, -10.00, 6.302, 311.34, -9.96, 0.005, 291.83, 55.19);
insert into SHOT values (1954, 2061, 2060, 1208, 9.900, 289.35, 8.00, 9.898, 289.30, 8.01, 0.009, 181.20, 14.51);
insert into SHOT values (1955, 2062, 2061, 1208, 10.350, 308.35, -0.00, 10.358, 308.37, 0.00, 0.009, 338.10, 0.00);
insert into SHOT values (1956, 2063, 2062, 1208, 9.200, 327.35, 55.00, 9.191, 327.40, 55.01, 0.010, 114.29, -39.48);
insert into SHOT values (1957, 2064, 2063, 1208, 5.400, 272.35, 23.00, 5.403, 272.30, 22.99, 0.005, 221.66, 0.57);
insert into SHOT values (1958, 2065, 2064, 1208, 2.500, 175.35, 48.00, 2.496, 175.52, 48.16, 0.009, 322.63, 13.06);
insert into SHOT values (1959, 2066, 2065, 1208, 9.200, 249.35, 14.00, 9.199, 249.33, 14.03, 0.006, 122.07, 48.47);
insert into SHOT values (1960, 2067, 2066, 1208, 16.200, 305.35, -0.00, 16.196, 305.35, 0.00, 0.004, 133.88, 0.00);
insert into SHOT values (1961, 2068, 2067, 1208, 11.400, 280.35, 21.00, 11.398, 280.34, 20.97, 0.006, 189.69, -67.17);
insert into SHOT values (1962, 2069, 2068, 1208, 20.000, 307.35, -5.00, 20.003, 307.35, -4.99, 0.004, 322.43, 46.90);
insert into SURVEY values (1210, 1183, 'LaRabasse3', 'LaRabasse3.201.UltimaPatagonia', 'LaRabasse3');
 insert into CENTRELINE values (1211, 1210, NULL, NULL, NULL, 0.00, 0.00, 0.00);
 insert into SURVEY values (1213, 1183, 'LaRabasse1', 'LaRabasse1.201.UltimaPatagonia', 'La Rabasse 1');
 insert into CENTRELINE values (1214, 1213, NULL, NULL, NULL, 0.00, 0.00, 0.00);
 insert into SURVEY values (1216, 1183, 'Cueva7', 'Cueva7.201.UltimaPatagonia', 'Cueva 7');
 insert into CENTRELINE values (1217, 1216, NULL, NULL, NULL, 0.00, 0.00, 0.00);
 insert into SURVEY values (1219, 1183, 'Cueva11', 'Cueva11.201.UltimaPatagonia', 'Cueva 11');
 insert into CENTRELINE values (1220, 1219, NULL, NULL, NULL, 0.00, 0.00, 0.00);
 insert into SURVEY values (1222, 1183, 'CuevaDuTelephone', 'CuevaDuTelephone.201.UltimaPatagonia', 'Cueva du Telephone');
 insert into CENTRELINE values (1223, 1222, NULL, NULL, NULL, 0.00, 0.00, 0.00);
 insert into SURVEY values (1225, 1183, 'Cueva8', 'Cueva8.201.UltimaPatagonia', 'Cueva 8');
 insert into CENTRELINE values (1226, 1225, NULL, NULL, NULL, 0.00, 0.00, 0.00);
 insert into SURVEY values (1228, 1183, 'TrouDuMarteau', 'TrouDuMarteau.201.UltimaPatagonia', 'Trou du Marteau');
 insert into CENTRELINE values (1229, 1228, NULL, NULL, NULL, 0.00, 0.00, 0.00);
 insert into SURVEY values (1231, 1183, 'LaRabasse2', 'LaRabasse2.201.UltimaPatagonia', 'La Rabasse 2');
 insert into CENTRELINE values (1232, 1231, NULL, NULL, NULL, 0.00, 0.00, 0.00);
 insert into SURVEY values (1234, 1183, 'Cueva12', 'Cueva12.201.UltimaPatagonia', 'Cueva 12');
 insert into CENTRELINE values (1235, 1234, NULL, NULL, NULL, 0.00, 0.00, 0.00);
 insert into SURVEY values (1237, 1183, 'Cueva13', 'Cueva13.201.UltimaPatagonia', 'Cueva 13');
 insert into CENTRELINE values (1238, 1237, NULL, NULL, NULL, 0.00, 0.00, 0.00);
 insert into SURVEY values (1240, 1183, 'PorcheOsDeBaleine', 'PorcheOsDeBaleine.201.UltimaPatagonia', 'Porche 2 Os de Baleine');
 insert into CENTRELINE values (1241, 1240, NULL, NULL, NULL, 0.00, 0.00, 0.00);
 insert into SURVEY values (1243, 1183, 'C4T2', 'C4T2.201.UltimaPatagonia', 'C4T2');
 insert into CENTRELINE values (1244, 1243, NULL, NULL, NULL, 0.00, 0.00, 0.00);
 insert into SURVEY values (1246, 1183, 'C4T3', 'C4T3.201.UltimaPatagonia', 'C4T3');
 insert into CENTRELINE values (1247, 1246, NULL, NULL, NULL, 0.00, 0.00, 0.00);
 insert into SURVEY values (1249, 1183, 'Cueva4', 'Cueva4.201.UltimaPatagonia', 'Cueva 4');
 insert into CENTRELINE values (1250, 1249, NULL, NULL, NULL, 0.00, 0.00, 0.00);
 insert into SURVEY values (1252, 1183, 'C4T1', 'C4T1.201.UltimaPatagonia', 'C4T1');
 insert into CENTRELINE values (1253, 1252, NULL, NULL, NULL, 0.00, 0.00, 0.00);
 insert into SURVEY values (1255, 1183, 'C4Cueva6', 'C4Cueva6.201.UltimaPatagonia', 'C4 Cueva 6');
 insert into CENTRELINE values (1256, 1255, NULL, NULL, NULL, 0.00, 0.00, 0.00);
 insert into SURVEY values (1258, 1183, 'C4SansNom10', 'C4SansNom10.201.UltimaPatagonia', 'C4 SansNom10');
 insert into CENTRELINE values (1259, 1258, NULL, NULL, NULL, 0.00, 0.00, 0.00);
 insert into SURVEY values (1261, 1183, 'C4SansNom9', 'C4SansNom9.201.UltimaPatagonia', 'C4 SansNom 9');
 insert into CENTRELINE values (1262, 1261, NULL, NULL, NULL, 0.00, 0.00, 0.00);
 insert into SURVEY values (1264, 1183, 'C4Nfissure0', 'C4Nfissure0.201.UltimaPatagonia', 'C4 Nfissure 0');
 insert into CENTRELINE values (1265, 1264, NULL, NULL, NULL, 0.00, 0.00, 0.00);
 insert into SURVEY values (1267, 1183, 'C4SansNom8', 'C4SansNom8.201.UltimaPatagonia', 'C4 SansNom 8');
 insert into CENTRELINE values (1268, 1267, NULL, NULL, NULL, 0.00, 0.00, 0.00);
 insert into SURVEY values (1270, 1183, 'C4SansNom7', 'C4SansNom7.201.UltimaPatagonia', 'C4 SansNom 7');
 insert into CENTRELINE values (1271, 1270, NULL, NULL, NULL, 0.00, 0.00, 0.00);
 insert into SURVEY values (1273, 1183, 'C4SansNom6', 'C4SansNom6.201.UltimaPatagonia', 'C4 SansNom 6');
 insert into CENTRELINE values (1274, 1273, NULL, NULL, NULL, 0.00, 0.00, 0.00);
 insert into SURVEY values (1276, 1183, 'C5Cueva2', 'C5Cueva2.201.UltimaPatagonia', 'C5 Cueva2');
 insert into CENTRELINE values (1277, 1276, NULL, NULL, NULL, 0.00, 0.00, 0.00);
 insert into CENTRELINE values (1279, 1183, NULL, NULL, NULL, 0.00, 0.00, 0.00);
 insert into SURVEY values (1281, 22, '202', '202.UltimaPatagonia', '202 Isla Ramon');
 insert into CENTRELINE values (1282, 1281, NULL, NULL, NULL, 0.00, 0.00, 0.00);
 insert into CENTRELINE values (1283, 1281, NULL, NULL, NULL, 0.00, 0.00, 0.00);
 insert into SURVEY values (1285, 22, '203', '203.UltimaPatagonia', NULL);
 insert into CENTRELINE values (1286, 1285, NULL, NULL, NULL, 0.00, 0.00, 0.00);
 insert into SURVEY values (1287, 1285, 'PerteDuCoypo', 'PerteDuCoypo.203.UltimaPatagonia', 'Perte du Coypo');
 insert into CENTRELINE values (1288, 1287, NULL, NULL, NULL, 0.00, 0.00, 0.00);
 insert into SURVEY values (1290, 1285, 'PuitsDuBourdon', 'PuitsDuBourdon.203.UltimaPatagonia', 'Puits du Bourdon');
 insert into CENTRELINE values (1291, 1290, NULL, NULL, NULL, 0.00, 0.00, 0.00);
 insert into SURVEY values (1293, 1285, 'GrosTrou', 'GrosTrou.203.UltimaPatagonia', 'Gros Trou');
 insert into CENTRELINE values (1294, 1293, NULL, NULL, NULL, 0.00, 0.00, 0.00);
 insert into CENTRELINE values (1296, 1285, NULL, NULL, NULL, 0.00, 0.00, 0.00);
 insert into SURVEY values (1298, 22, '204', '204.UltimaPatagonia', '204 Camp 2');
 insert into CENTRELINE values (1299, 1298, NULL, NULL, NULL, 0.00, 0.00, 0.00);
 insert into SURVEY values (1300, 1298, 'GouffreGazelle', 'GouffreGazelle.204.UltimaPatagonia', 'Gouffre de la Gazelle');
 insert into CENTRELINE values (1301, 1300, NULL, NULL, NULL, 0.00, 0.00, 0.00);
 insert into CENTRELINE values (1302, 1300, NULL, '2010-02-01', NULL, 206.85, 0.00, 0.00);
 insert into SHOT values (1963, 2165, 2166, 1302, 9.600, 145.04, 20.00, 9.597, 145.02, 19.99, 0.005, 13.73, -46.51);
insert into SHOT values (1964, 2166, 2167, 1302, 11.100, 145.04, 25.00, 11.101, 145.08, 24.99, 0.007, 220.35, -8.54);
insert into SHOT values (1965, 2167, 2168, 1302, 3.700, 110.04, 65.00, 3.697, 109.83, 64.99, 0.007, 9.56, -29.53);
insert into SHOT values (1966, 2168, 2169, 1302, 2.500, 130.04, 40.00, 2.503, 129.92, 40.03, 0.005, 62.02, 35.32);
insert into SHOT values (1967, 2169, 2170, 1302, 7.500, 140.04, 55.00, 7.497, 140.09, 54.98, 0.005, 226.87, -42.32);
insert into SHOT values (1968, 2170, 2171, 1302, 2.700, 145.04, 65.00, 2.706, 144.93, 64.88, 0.008, 128.26, 20.78);
insert into SHOT values (1969, 2171, 2172, 1302, 2.800, 305.04, 35.00, 2.805, 305.07, 35.03, 0.005, 326.76, 46.59);
insert into SHOT values (1970, 2172, 2173, 1302, 4.000, 300.04, 55.00, 3.997, 300.02, 54.90, 0.008, 291.22, -57.97);
insert into SHOT values (1971, 2173, 2174, 1302, 4.300, 155.04, 28.00, 4.298, 155.06, 28.03, 0.003, 312.87, 22.93);
insert into SHOT values (1972, 2174, 2175, 1302, 1.800, 135.04, 8.00, 1.799, 135.00, 7.99, 0.001, 19.69, -20.89);
insert into SHOT values (1973, 2175, 2176, 1302, 4.700, 215.04, 65.00, 4.701, 214.97, 64.97, 0.004, 173.75, 5.44);
insert into SHOT values (1974, 2176, 2177, 1302, 4.600, 150.04, 20.00, 4.607, 150.06, 20.06, 0.008, 166.10, 52.14);
insert into SHOT values (1975, 2177, 2178, 1302, 5.800, 145.04, -15.00, 5.798, 145.03, -14.99, 0.002, 349.05, 39.37);
insert into SHOT values (1976, 2178, 2179, 1302, 5.900, 145.04, 7.00, 5.902, 145.01, 6.91, 0.010, 99.64, -63.77);
insert into SHOT values (1977, 2180, 2181, 1302, 2.700, 213.04, -45.00, 2.706, 212.86, -44.90, 0.010, 174.56, -4.85);
insert into SHOT values (1978, 2181, 2182, 1302, 9.300, 215.04, -90.00, 9.300, 90.00, -89.94, 0.010, 90.00, -0.00);
insert into SHOT values (1979, 2182, 2183, 1302, 5.600, 120.04, -30.00, 5.614, 120.10, -29.92, 0.017, 136.49, 0.00);
insert into SHOT values (1980, 2183, 2184, 1302, 7.300, 105.04, -55.00, 7.317, 105.12, -54.82, 0.030, 117.25, -0.37);
insert into SHOT values (1981, 2184, 2185, 1302, 9.000, 310.04, -22.00, 8.979, 310.03, -22.11, 0.027, 134.16, -18.12);
insert into SHOT values (1982, 2185, 2186, 1302, 10.600, 325.04, -10.00, 10.595, 325.03, -10.00, 0.005, 161.51, 7.02);
insert into SHOT values (1983, 2186, 2187, 1302, 6.000, 325.04, -45.00, 5.999, 325.07, -44.97, 0.004, 20.53, 39.70);
insert into SHOT values (1984, 2187, 2179, 1302, 1.800, 325.04, -45.00, 1.804, 324.93, -45.21, 0.008, 192.09, -66.21);
insert into SHOT values (1985, 2185, 2188, 1302, 9.600, 305.04, -15.00, 9.840, 307.06, -12.02, 0.651, 349.56, 41.92);
insert into SHOT values (1986, 2188, 2189, 1302, 2.700, 275.04, -30.00, 2.757, 277.56, -28.13, 0.149, 324.83, 19.63);
insert into SHOT values (1987, 2189, 2190, 1302, 10.750, 275.04, 33.00, 10.987, 278.55, 33.60, 0.615, 353.06, 21.47);
insert into SHOT values (1988, 2190, 2191, 1302, 4.800, 305.04, 52.00, 5.086, 306.37, 50.95, 0.308, 321.73, 32.90);
insert into SHOT values (1989, 2191, 2192, 1302, 5.300, 220.04, 10.00, 5.202, 222.77, 11.64, 0.305, 338.23, 25.19);
insert into SHOT values (1990, 2192, 2193, 1302, 6.800, 185.04, 13.00, 6.581, 186.79, 15.42, 0.408, 330.75, 32.64);
insert into SHOT values (1991, 2193, 2194, 1302, 6.250, 255.04, 3.00, 6.333, 258.21, 4.53, 0.395, 334.95, 25.99);
insert into SHOT values (1992, 2194, 2195, 1302, 3.650, 140.04, -5.00, 3.319, 139.29, -3.80, 0.342, 327.67, 16.66);
insert into SHOT values (1993, 2195, 2196, 1302, 4.700, 115.04, -50.00, 4.417, 113.06, -50.95, 0.310, 316.79, 33.36);
insert into SHOT values (1994, 2196, 2197, 1302, 15.000, 80.04, -20.00, 14.948, 73.91, -17.60, 1.642, 352.73, 21.82);
insert into SHOT values (1995, 2197, 2185, 1302, 14.000, 89.04, -10.00, 13.911, 83.34, -7.48, 1.505, 356.43, 24.36);
insert into SURVEY values (1304, 1298, 'GrotteFaussePucelle', 'GrotteFaussePucelle.204.UltimaPatagonia', 'Grotte de la Fausse Pucelle');
 insert into CENTRELINE values (1305, 1304, NULL, NULL, NULL, 0.00, 0.00, 0.00);
 insert into CENTRELINE values (1306, 1304, NULL, '2010-02-01', NULL, 116.80, 0.00, 0.00);
 insert into SHOT values (1996, 2198, 2199, 1306, 22.100, 145.04, 5.00, 22.100, 145.03, 5.01, 0.007, 56.50, 35.80);
insert into SHOT values (1997, 2199, 2200, 1306, 5.500, 145.04, 0.00, 5.501, 145.07, 0.00, 0.003, 212.52, 0.00);
insert into SHOT values (1998, 2200, 2201, 1306, 7.800, 130.04, 40.00, 7.793, 130.04, 40.01, 0.007, 309.92, -31.88);
insert into SHOT values (1999, 2201, 2202, 1306, 9.300, 105.04, 33.00, 9.302, 105.09, 33.03, 0.008, 201.98, 36.07);
insert into SHOT values (2000, 2202, 2203, 1306, 12.600, 183.04, 15.00, 12.596, 183.02, 15.00, 0.006, 55.82, -10.05);
insert into SHOT values (2001, 2203, 2204, 1306, 23.300, 172.04, 15.00, 23.301, 172.03, 15.00, 0.003, 105.92, -9.07);
insert into SHOT values (2002, 2204, 2205, 1306, 19.700, 173.04, 10.00, 19.702, 173.04, 10.00, 0.003, 208.76, -18.37);
insert into SHOT values (2003, 2205, 2206, 1306, 14.000, 155.04, 20.00, 14.003, 155.05, 20.00, 0.004, 209.07, 25.76);
insert into SHOT values (2004, 2206, 2207, 1306, 2.500, 230.04, 15.00, 2.497, 230.04, 14.85, 0.007, 43.63, -79.40);
insert into SURVEY values (1308, 1298, 'GouffreAlouette', 'GouffreAlouette.204.UltimaPatagonia', 'GouffreAlouette');
 insert into CENTRELINE values (1309, 1308, NULL, NULL, NULL, 0.00, 0.00, 0.00);
 insert into CENTRELINE values (1310, 1308, NULL, '2010-02-01', NULL, 291.81, 0.00, 0.00);
 insert into SHOT values (2005, 2208, 2209, 1310, 5.000, 83.04, 0.00, 4.997, 82.99, 0.00, 0.005, 322.02, 0.00);
insert into SHOT values (2006, 2209, 2210, 1310, 4.300, 83.04, 31.00, 4.299, 82.99, 30.93, 0.006, 22.25, -52.61);
insert into SHOT values (2007, 2210, 2211, 1310, 1.800, 84.04, -5.00, 1.805, 84.26, -4.77, 0.011, 133.55, 37.30);
insert into SHOT values (2008, 2211, 2212, 1310, 8.200, 31.04, -14.00, 8.203, 31.01, -14.04, 0.007, 318.27, -58.98);
insert into SHOT values (2009, 2212, 2213, 1310, 4.800, 272.04, -32.00, 4.800, 271.97, -31.95, 0.006, 201.95, 34.76);
insert into SHOT values (2010, 2212, 2214, 1310, 9.800, 59.04, -1.00, 9.797, 59.04, -0.99, 0.003, 249.51, 22.06);
insert into SHOT values (2011, 2214, 2215, 1310, 7.600, 318.04, -37.00, 7.597, 318.01, -36.98, 0.005, 206.64, 45.14);
insert into SHOT values (2012, 2214, 2216, 1310, 7.200, 68.04, 10.00, 7.203, 68.06, 9.99, 0.004, 113.86, -3.59);
insert into SHOT values (2013, 2216, 2217, 1310, 5.000, 54.04, 0.00, 4.997, 53.96, 0.00, 0.008, 298.37, 0.00);
insert into SHOT values (2014, 2217, 2218, 1310, 4.500, 341.04, -41.00, 4.496, 341.08, -41.00, 0.005, 118.62, 29.54);
insert into SHOT values (2015, 2217, 2219, 1310, 7.500, 147.04, 34.00, 7.509, 147.00, 34.01, 0.010, 113.10, 38.11);
insert into SHOT values (2016, 2219, 2220, 1310, 5.400, 147.04, 34.00, 5.400, 147.13, 34.00, 0.007, 236.39, 3.00);
insert into SHOT values (2017, 2219, 2221, 1310, 6.600, 228.04, 0.00, 6.600, 228.07, 0.00, 0.004, 322.53, 0.00);
insert into SHOT values (2018, 2216, 2222, 1310, 9.750, 330.04, 31.00, 9.751, 330.00, 30.98, 0.006, 265.01, -14.53);
insert into SHOT values (2019, 2222, 2223, 1310, 6.480, 332.04, 11.00, 6.481, 332.07, 11.03, 0.005, 57.15, 50.51);
insert into SHOT values (2020, 2223, 2224, 1310, 3.020, 17.04, 25.00, 3.032, 16.92, 24.97, 0.014, 351.25, 15.58);
insert into SHOT values (2021, 2224, 2225, 1310, 5.600, 94.04, 1.00, 5.574, 93.91, 1.03, 0.029, 299.66, 4.46);
insert into SHOT values (2022, 2225, 2226, 1310, 6.600, 38.04, -14.00, 6.604, 37.84, -14.02, 0.023, 315.36, -8.24);
insert into SHOT values (2023, 2226, 2227, 1310, 5.480, 354.04, -17.00, 5.488, 353.88, -16.95, 0.018, 296.30, 7.12);
insert into SHOT values (2024, 2227, 2228, 1310, 7.380, 45.04, -17.00, 7.380, 44.77, -17.02, 0.033, 313.96, -3.97);
insert into SHOT values (2025, 2228, 2229, 1310, 8.380, 34.04, -6.00, 8.380, 33.75, -5.96, 0.043, 304.27, 7.98);
insert into SHOT values (2026, 2229, 2230, 1310, 3.060, 88.04, 12.00, 3.048, 87.89, 11.93, 0.015, 303.65, -24.43);
insert into SHOT values (2027, 2230, 2231, 1310, 4.480, 64.04, 3.00, 4.474, 63.84, 3.07, 0.018, 312.87, 18.10);
insert into SHOT values (2028, 2231, 2232, 1310, 3.800, 102.04, 22.00, 3.783, 102.01, 22.04, 0.017, 287.15, -11.96);
insert into SHOT values (2029, 2232, 2233, 1310, 5.000, 327.04, 44.00, 5.000, 327.02, 43.94, 0.005, 305.23, -40.50);
insert into SHOT values (2030, 2232, 2234, 1310, 5.150, 20.04, -21.00, 5.158, 19.79, -21.02, 0.022, 306.91, -11.39);
insert into SHOT values (2031, 2234, 2235, 1310, 3.350, 306.04, -17.00, 3.374, 306.05, -16.89, 0.025, 307.93, -1.29);
insert into SHOT values (2032, 2236, 2237, 1310, 9.500, 345.04, 0.00, 9.504, 345.00, 0.00, 0.008, 285.26, 0.00);
insert into SHOT values (2033, 2237, 2238, 1310, 6.800, 300.04, 53.00, 6.798, 300.07, 53.01, 0.003, 62.09, -13.38);
insert into SHOT values (2034, 2238, 2239, 1310, 11.530, 320.04, 36.00, 11.531, 320.04, 36.01, 0.003, 74.51, 69.14);
insert into SHOT values (2035, 2239, 2240, 1310, 11.100, 312.04, 25.00, 11.101, 312.06, 24.99, 0.004, 23.07, -15.81);
insert into SHOT values (2036, 2240, 2241, 1310, 11.140, 303.04, 17.00, 11.138, 303.05, 16.96, 0.007, 19.06, -75.15);
insert into SHOT values (2037, 2241, 2242, 1310, 9.100, 164.04, 44.00, 9.110, 164.05, 44.01, 0.011, 180.37, 53.53);
insert into SHOT values (2038, 2242, 2243, 1310, 9.320, 170.04, 40.00, 9.317, 170.08, 40.01, 0.005, 290.96, -8.32);
insert into SHOT values (2039, 2243, 2244, 1310, 9.800, 140.04, 44.00, 10.436, 139.98, 43.47, 0.643, 139.21, 35.40);
insert into SHOT values (2040, 2243, 2245, 1310, 9.850, 15.04, 90.00, 9.454, 6.81, 85.91, 0.795, 6.81, -31.90);
insert into SHOT values (2041, 2245, 2246, 1310, 2.800, 323.04, 45.00, 2.804, 323.19, 44.91, 0.008, 3.29, 0.72);
insert into SHOT values (2042, 2244, 2245, 1310, 8.720, 323.04, 9.00, 8.359, 323.49, 15.62, 1.051, 136.67, 57.41);
insert into SHOT values (2043, 2244, 2247, 1310, 10.450, 158.04, 16.00, 10.445, 158.01, 16.00, 0.007, 27.98, -3.30);
insert into SHOT values (2044, 2247, 2248, 1310, 7.150, 158.04, 55.00, 7.155, 158.12, 54.98, 0.008, 209.63, 22.24);
insert into SHOT values (2045, 2248, 2249, 1310, 4.140, 269.04, 57.00, 4.136, 268.98, 57.04, 0.005, 115.92, -22.78);
insert into SHOT values (2046, 2249, 2250, 1310, 4.980, 150.04, 36.00, 4.980, 150.06, 36.04, 0.004, 283.59, 52.91);
insert into SHOT values (2047, 2250, 2251, 1310, 4.850, 152.04, 30.00, 4.848, 152.03, 29.95, 0.005, 97.45, -82.68);
insert into SHOT values (2048, 2251, 2252, 1310, 5.350, 206.04, 48.00, 5.349, 206.06, 48.08, 0.008, 12.95, 32.13);
insert into SURVEY values (1312, 1298, 'GrotteCacahuete', 'GrotteCacahuete.204.UltimaPatagonia', 'Grotte de la Cacahuete');
 insert into CENTRELINE values (1313, 1312, NULL, NULL, NULL, 0.00, 0.00, 0.00);
 insert into CENTRELINE values (1314, 1312, NULL, NULL, NULL, 92.80, 0.00, 0.00);
 insert into SHOT values (2049, 2253, 2254, 1314, 12.000, 140.80, 90.00, 12.000, 90.00, 90.00, 0.000, 140.80, 0.00);
insert into SHOT values (2050, 2254, 2255, 1314, 5.400, 160.80, 15.00, 5.397, 160.73, 15.04, 0.008, 38.85, 17.39);
insert into SHOT values (2051, 2255, 2256, 1314, 2.000, 105.80, 10.00, 1.997, 105.95, 10.10, 0.007, 234.77, 23.07);
insert into SHOT values (2052, 2256, 2257, 1314, 6.500, 155.80, 20.00, 6.500, 155.74, 19.97, 0.007, 78.43, -25.83);
insert into SHOT values (2053, 2257, 2258, 1314, 4.500, 210.80, 30.00, 4.504, 210.84, 29.97, 0.005, 239.66, -0.00);
insert into SHOT values (2054, 2259, 2260, 1314, 17.500, 51.80, 5.00, 17.508, 48.23, 5.41, 1.093, 319.82, 6.56);
insert into SHOT values (2055, 2260, 2261, 1314, 5.700, 72.80, -5.00, 5.622, 71.47, -5.00, 0.153, 311.44, 2.55);
insert into SHOT values (2056, 2261, 2262, 1314, 21.000, 173.80, 10.00, 20.917, 176.68, 10.97, 1.097, 273.30, 17.70);
insert into SHOT values (2057, 2262, 2263, 1314, 18.200, 120.80, -10.00, 18.057, 120.10, -10.30, 0.278, 354.60, -14.50);
insert into CENTRELINE values (1315, 1312, NULL, NULL, NULL, 93.44, 0.00, 0.00);
 insert into SHOT values (2058, 2259, 2264, 1315, 16.550, 175.80, 28.00, 16.654, 173.72, 26.54, 0.692, 112.88, -28.47);
insert into SHOT values (2059, 2264, 2265, 1315, 19.000, 164.80, 4.00, 19.141, 162.67, 3.41, 0.746, 85.97, -14.38);
insert into SHOT values (2060, 2265, 2266, 1315, 10.900, 159.80, 0.00, 11.034, 158.69, -0.21, 0.255, 101.54, -9.03);
insert into SHOT values (2061, 2266, 2267, 1315, 8.400, 124.80, -35.00, 8.536, 125.04, -34.06, 0.197, 133.52, 11.16);
insert into SHOT values (2062, 2267, 2253, 1315, 6.150, 57.80, -7.00, 6.200, 59.31, -7.13, 0.169, 132.11, -6.96);
insert into SHOT values (2063, 2253, 2268, 1315, 17.060, 36.80, -3.00, 17.084, 40.34, -3.32, 1.057, 127.56, -5.27);
insert into SHOT values (2064, 2268, 2263, 1315, 15.380, 2.80, 0.00, 15.296, 5.33, -0.34, 0.687, 101.14, -7.53);
insert into SURVEY values (1317, 1298, 'TrouDesCanelures', 'TrouDesCanelures.204.UltimaPatagonia', 'Trou des Canelures');
 insert into CENTRELINE values (1318, 1317, NULL, NULL, NULL, 0.00, 0.00, 0.00);
 insert into CENTRELINE values (1320, 1298, NULL, NULL, NULL, 0.00, 0.00, 0.00);
 insert into SURVEY values (1322, 22, '205', '205.UltimaPatagonia', '205 Baleine');
 insert into CENTRELINE values (1323, 1322, NULL, NULL, NULL, 0.00, 0.00, 0.00);
 insert into SURVEY values (1324, 1322, 'AbriCotier', 'AbriCotier.205.UltimaPatagonia', 'Abri Cotier');
 insert into CENTRELINE values (1325, 1324, NULL, NULL, NULL, 0.00, 0.00, 0.00);
 insert into CENTRELINE values (1326, 1324, NULL, NULL, NULL, 295.44, 0.00, 0.00);
 insert into SHOT values (2065, 2279, 2280, 1326, 4.660, 55.30, 9.50, 4.379, 55.57, 9.73, 0.282, 231.12, -5.92);
insert into SHOT values (2066, 2280, 2281, 1326, 5.480, 70.80, 11.00, 5.217, 71.78, 11.27, 0.279, 232.50, -5.28);
insert into SHOT values (2067, 2281, 2282, 1326, 10.140, 34.80, 5.00, 9.861, 33.63, 5.00, 0.346, 250.59, -3.94);
insert into SHOT values (2068, 2282, 2283, 1326, 5.250, 48.80, 2.50, 4.965, 48.76, 2.42, 0.285, 229.53, -3.82);
insert into SHOT values (2069, 2283, 2284, 1326, 3.900, 48.80, 3.50, 3.613, 48.71, 3.49, 0.287, 229.96, -3.62);
insert into SHOT values (2070, 2284, 2285, 1326, 3.270, 144.80, 4.00, 3.292, 147.18, 3.83, 0.138, 226.73, -3.37);
insert into SHOT values (2071, 2285, 2286, 1326, 5.230, 237.80, 47.00, 5.227, 237.82, 46.95, 0.005, 289.71, -70.02);
insert into SHOT values (2072, 2285, 2287, 1326, 5.390, 70.30, 2.00, 5.122, 71.32, 1.79, 0.284, 231.58, -5.68);
insert into SHOT values (2073, 2287, 2288, 1326, 3.070, 44.30, 0.50, 2.786, 44.13, 0.41, 0.284, 226.01, -1.37);
insert into SHOT values (2074, 2288, 2289, 1326, 4.810, 47.30, 0.50, 4.529, 47.15, 0.25, 0.282, 229.78, -4.46);
insert into SHOT values (2075, 2289, 2290, 1326, 5.770, 59.30, 2.00, 5.488, 59.79, 1.88, 0.286, 229.90, -4.28);
insert into SHOT values (2076, 2290, 2291, 1326, 3.390, 83.30, 5.00, 3.398, 83.38, 5.40, 0.026, 123.36, 73.81);
insert into SHOT values (2077, 2291, 2292, 1326, 3.720, 56.80, 0.00, 3.728, 56.82, 0.31, 0.021, 66.34, 68.59);
insert into SHOT values (2078, 2292, 2293, 1326, 3.530, 88.30, 2.50, 3.536, 88.38, 2.92, 0.027, 132.69, 75.61);
insert into SHOT values (2079, 2293, 2294, 1326, 2.660, 32.80, -3.00, 2.649, 32.97, -2.60, 0.023, 175.66, 56.24);
insert into SHOT values (2080, 2294, 2295, 1326, 3.970, 299.80, 0.50, 3.965, 299.80, 1.01, 0.036, 121.79, 80.84);
insert into SHOT values (2081, 2295, 2296, 1326, 1.730, 327.30, -3.00, 1.742, 328.87, -2.30, 0.053, 42.64, 22.68);
insert into SHOT values (2082, 2296, 2297, 1326, 4.160, 17.80, 0.50, 4.308, 18.69, 0.93, 0.165, 42.21, 11.81);
insert into SHOT values (2083, 2297, 2298, 1326, 1.970, 319.80, -1.50, 1.963, 321.20, -0.88, 0.053, 57.86, 23.97);
insert into SHOT values (2084, 2298, 2299, 1326, 4.960, 75.80, 0.20, 4.962, 75.77, 0.23, 0.005, 24.42, 35.65);
insert into SHOT values (2085, 2298, 2300, 1326, 4.360, 336.30, 0.00, 4.409, 337.74, 0.52, 0.127, 43.22, 18.39);
insert into SHOT values (2086, 2300, 2301, 1326, 4.660, 323.30, 6.50, 4.654, 323.35, 6.54, 0.008, 108.58, 18.68);
insert into SHOT values (2087, 2301, 2302, 1326, 0.980, 15.80, 0.00, 0.975, 15.46, 0.00, 0.007, 246.61, 0.00);
insert into SHOT values (2088, 2300, 2303, 1326, 2.190, 199.30, -1.50, 2.053, 198.17, -0.84, 0.146, 35.74, 10.81);
insert into SHOT values (2089, 2303, 2304, 1326, 2.400, 221.30, -0.50, 2.240, 221.02, 0.00, 0.162, 45.27, 7.44);
insert into SHOT values (2090, 2304, 2305, 1326, 3.700, 197.80, -1.50, 3.556, 197.01, -0.97, 0.156, 36.73, 13.65);
insert into SHOT values (2091, 2305, 2306, 1326, 2.820, 219.30, -5.00, 2.655, 218.86, -4.75, 0.167, 46.35, 8.88);
insert into SHOT values (2092, 2306, 2307, 1326, 3.020, 237.80, -7.00, 3.142, 237.84, -6.95, 0.122, 238.76, -5.64);
insert into SHOT values (2093, 2307, 2308, 1326, 1.600, 244.30, -2.00, 1.714, 244.03, -2.01, 0.114, 240.27, -2.09);
insert into SHOT values (2094, 2308, 2309, 1326, 3.480, 265.80, -1.50, 3.584, 265.20, -1.60, 0.111, 245.74, -4.62);
insert into SHOT values (2095, 2309, 2310, 1326, 3.500, 267.30, -1.50, 3.607, 266.82, -1.59, 0.111, 251.44, -4.32);
insert into SHOT values (2096, 2310, 2311, 1326, 2.020, 224.80, -4.00, 1.857, 224.56, -4.01, 0.163, 47.52, 3.84);
insert into SHOT values (2097, 2311, 2312, 1326, 2.020, 285.80, 2.00, 2.018, 285.83, 1.99, 0.003, 83.62, -11.26);
insert into SHOT values (2098, 2312, 2313, 1326, 2.630, 273.30, 12.50, 2.637, 273.34, 12.48, 0.007, 287.86, 6.28);
insert into SHOT values (2099, 2310, 2314, 1326, 5.350, 281.30, 0.00, 5.532, 279.26, -0.21, 0.267, 233.45, -4.30);
insert into SHOT values (2100, 2314, 2315, 1326, 2.740, 45.30, -5.50, 2.459, 45.00, -5.83, 0.281, 227.93, 2.57);
insert into SHOT values (2101, 2315, 2316, 1326, 2.440, 21.80, 6.00, 2.189, 20.43, 6.03, 0.257, 213.54, -5.60);
insert into SHOT values (2102, 2316, 2317, 1326, 3.690, 2.30, 7.00, 3.495, 0.50, 6.90, 0.225, 211.70, -7.59);
insert into SHOT values (2103, 2317, 2318, 1326, 4.970, 49.80, -3.00, 4.684, 49.77, -3.30, 0.287, 230.30, -1.97);
insert into SHOT values (2104, 2318, 2319, 1326, 4.490, 43.80, 0.00, 4.491, 43.83, 0.00, 0.002, 105.83, 0.00);
insert into SHOT values (2105, 2318, 2320, 1326, 4.050, 232.80, -0.50, 4.332, 232.79, -0.66, 0.283, 232.57, -2.97);
insert into SHOT values (2106, 2320, 2321, 1326, 2.680, 248.80, 5.00, 2.943, 247.98, 4.48, 0.267, 239.76, -0.77);
insert into SHOT values (2107, 2321, 2322, 1326, 2.680, 274.80, 1.50, 2.885, 273.18, 1.39, 0.220, 253.01, -0.04);
insert into SHOT values (2108, 2322, 2323, 1326, 14.230, 184.80, -4.00, 14.465, 188.73, -4.16, 1.010, 263.48, -3.26);
insert into SHOT values (2109, 2323, 2279, 1326, 28.330, 209.80, -5.00, 28.656, 213.48, -4.98, 1.853, 291.53, -0.65);
insert into SHOT values (2110, 2294, 2324, 1326, 3.010, 91.30, 0.50, 2.761, 90.21, 1.87, 0.264, 283.19, 13.99);
insert into SHOT values (2111, 2324, 2325, 1326, 4.850, 119.80, 3.00, 4.573, 119.99, 4.26, 0.296, 296.69, 16.94);
insert into SHOT values (2112, 2325, 2326, 1326, 5.040, 121.30, 2.00, 4.771, 121.52, 3.36, 0.294, 297.50, 20.75);
insert into SHOT values (2113, 2326, 2327, 1326, 4.240, 49.80, -1.00, 4.126, 47.46, 0.14, 0.222, 285.19, 22.26);
insert into SHOT values (2114, 2327, 2328, 1326, 5.870, 348.80, -2.00, 6.033, 346.68, -0.66, 0.307, 294.69, 26.05);
insert into SHOT values (2115, 2328, 2329, 1326, 3.620, 300.30, -2.00, 3.894, 300.06, -1.03, 0.282, 296.83, 11.53);
insert into SHOT values (2116, 2329, 2330, 1326, 3.950, 281.80, -2.00, 4.218, 282.32, -0.82, 0.283, 289.90, 15.97);
insert into SHOT values (2117, 2330, 2331, 1326, 4.770, 201.80, -5.00, 4.741, 204.34, -3.87, 0.232, 298.84, 24.36);
insert into SHOT values (2118, 2331, 2294, 1326, 3.740, 228.80, -4.00, 3.844, 230.92, -2.98, 0.187, 282.22, 19.01);
insert into SHOT values (2119, 2306, 2332, 1326, 4.480, 173.80, -4.00, 4.477, 173.83, -3.97, 0.005, 319.36, 32.75);
insert into SHOT values (2120, 2290, 2306, 1326, 9.030, 7.80, 2.00, 8.836, 5.07, 1.10, 0.489, 252.42, -17.27);
insert into SHOT values (2121, 2295, 2333, 1326, 23.200, 251.80, -3.00, 23.360, 249.65, -3.14, 0.888, 170.95, -4.25);
insert into SHOT values (2122, 2333, 2311, 1326, 6.440, 19.30, 2.00, 6.287, 18.46, 1.91, 0.179, 230.23, -4.72);
insert into SHOT values (2123, 2333, 2334, 1326, 11.110, 281.80, 1.50, 11.118, 281.79, 1.49, 0.009, 260.33, -5.43);
insert into SURVEY values (1328, 1322, 'PerteDesDents', 'PerteDesDents.205.UltimaPatagonia', 'Perte Des Dents');
 insert into CENTRELINE values (1329, 1328, NULL, NULL, NULL, 0.00, 0.00, 0.00);
 insert into CENTRELINE values (1330, 1328, NULL, '2008-02-01', NULL, 119.95, 0.00, 0.00);
 insert into SHOT values (2124, 2335, 2336, 1330, 18.300, 264.20, -45.00, 18.297, 264.19, -45.01, 0.004, 109.48, 0.79);
insert into SHOT values (2125, 2336, 2337, 1330, 8.500, 209.20, -42.00, 8.498, 209.20, -42.03, 0.005, 16.29, -28.32);
insert into SHOT values (2126, 2337, 2338, 1330, 11.000, 247.20, -33.00, 11.005, 247.18, -32.98, 0.007, 232.86, 8.13);
insert into SHOT values (2127, 2338, 2339, 1330, 8.600, 232.20, 6.00, 8.600, 232.22, 6.01, 0.004, 319.06, 16.69);
insert into SHOT values (2128, 2338, 2340, 1330, 3.100, 314.20, -20.00, 3.100, 314.17, -19.99, 0.002, 243.83, 9.25);
insert into SHOT values (2129, 2340, 2341, 1330, 11.500, 261.20, -52.00, 11.494, 261.22, -52.02, 0.008, 60.96, 15.54);
insert into SHOT values (2130, 2341, 2342, 1330, 13.200, 290.20, -35.00, 13.200, 290.18, -34.99, 0.004, 214.61, 19.29);
insert into SHOT values (2131, 2342, 2343, 1330, 14.900, 261.20, -43.00, 14.900, 261.19, -42.99, 0.003, 211.28, 36.66);
insert into SHOT values (2132, 2343, 2344, 1330, 8.400, 3.20, -73.00, 8.409, 3.26, -72.96, 0.011, 21.43, -39.69);
insert into SHOT values (2133, 2344, 2345, 1330, 3.100, 277.20, -32.00, 3.099, 276.99, -31.95, 0.010, 190.70, 16.22);
insert into SHOT values (2134, 2345, 2346, 1330, 4.700, 251.20, -4.00, 4.701, 251.22, -4.03, 0.003, 307.50, -44.93);
insert into SHOT values (2135, 2346, 2347, 1330, 14.650, 289.20, -72.00, 14.649, 289.19, -71.98, 0.006, 288.35, 31.58);
insert into CENTRELINE values (1331, 1328, NULL, NULL, NULL, 161.09, 0.00, 0.00);
 insert into SHOT values (2136, 2348, 2347, 1331, 9.300, 170.80, 35.00, 9.296, 170.86, 34.98, 0.009, 271.09, -28.66);
insert into SHOT values (2137, 2349, 2348, 1331, 14.300, 153.80, 35.00, 14.307, 153.76, 35.02, 0.012, 86.59, 42.58);
insert into SHOT values (2138, 2350, 2349, 1331, 5.440, 150.80, 28.00, 5.442, 150.88, 27.94, 0.009, 204.25, -26.79);
insert into SHOT values (2139, 2351, 2350, 1331, 9.460, 111.80, 27.00, 9.457, 111.81, 27.04, 0.008, 274.14, 40.87);
insert into SHOT values (2140, 2352, 2351, 1331, 11.300, 100.80, 56.00, 11.295, 100.76, 55.97, 0.010, 36.19, -57.33);
insert into SHOT values (2141, 2353, 2352, 1331, 8.600, 125.80, 45.00, 8.599, 125.83, 45.00, 0.004, 217.90, -18.27);
insert into SHOT values (2142, 2354, 2353, 1331, 6.300, 133.80, 25.00, 6.301, 133.79, 25.07, 0.008, 335.13, 73.12);
insert into SHOT values (2143, 2355, 2354, 1331, 5.000, 141.80, 45.00, 4.999, 141.77, 44.93, 0.007, 112.48, -54.33);
insert into SHOT values (2144, 2356, 2355, 1331, 2.130, 140.80, 40.00, 2.127, 140.74, 40.09, 0.005, 344.63, 10.50);
insert into SHOT values (2145, 2357, 2356, 1331, 5.060, 145.80, 25.00, 5.067, 145.83, 24.98, 0.008, 160.86, 11.81);
insert into SHOT values (2146, 2358, 2357, 1331, 3.000, 111.80, 20.00, 3.001, 111.65, 20.07, 0.008, 20.09, 27.91);
insert into SHOT values (2147, 2359, 2358, 1331, 4.100, 199.80, 20.00, 4.105, 199.84, 19.94, 0.007, 223.66, -18.05);
insert into SHOT values (2148, 2360, 2359, 1331, 13.300, 129.80, 21.00, 13.303, 129.81, 21.01, 0.004, 157.45, 62.94);
insert into SHOT values (2149, 2361, 2360, 1331, 7.100, 141.80, 18.00, 7.096, 141.74, 17.98, 0.009, 33.27, -26.96);
insert into SHOT values (2150, 2362, 2361, 1331, 8.000, 154.80, 52.00, 7.997, 154.89, 51.98, 0.009, 243.95, -27.78);
insert into SHOT values (2151, 2363, 2362, 1331, 5.000, 185.80, 25.00, 5.004, 185.70, 25.07, 0.011, 101.72, 40.01);
insert into SHOT values (2152, 2364, 2363, 1331, 6.400, 183.80, 60.00, 6.397, 183.95, 60.01, 0.009, 290.68, -17.01);
insert into SHOT values (2153, 2365, 2364, 1331, 7.600, 138.80, 10.00, 7.599, 138.79, 10.00, 0.002, 5.76, 9.61);
insert into SHOT values (2154, 2366, 2365, 1331, 5.200, 57.80, 10.00, 5.206, 57.83, 9.96, 0.007, 79.19, -23.94);
insert into SHOT values (2155, 2367, 2366, 1331, 8.300, 56.80, 40.00, 8.302, 56.81, 40.03, 0.005, 195.67, 73.82);
insert into SHOT values (2156, 2368, 2367, 1331, 16.200, 73.80, 15.00, 16.192, 73.81, 15.00, 0.009, 232.26, -18.48);
insert into CENTRELINE values (1332, 1328, NULL, NULL, NULL, 220.78, 0.00, 0.00);
 insert into SHOT values (2157, 2369, 2370, 1332, 0.900, 286.80, 0.00, 0.898, 286.82, 0.00, 0.002, 95.47, 0.00);
insert into SHOT values (2158, 2370, 2371, 1332, 2.360, 305.80, 0.00, 2.356, 305.85, 0.00, 0.004, 97.70, 0.00);
insert into SHOT values (2159, 2371, 2372, 1332, 1.640, 323.80, 0.00, 1.646, 323.90, 0.00, 0.007, 347.60, 0.00);
insert into SHOT values (2160, 2372, 2373, 1332, 2.380, 281.80, 0.00, 2.379, 281.64, 0.00, 0.007, 182.61, 0.00);
insert into SHOT values (2161, 2373, 2374, 1332, 2.780, 330.80, 0.00, 2.785, 330.77, 0.00, 0.005, 310.35, 0.00);
insert into SHOT values (2162, 2374, 2375, 1332, 5.000, 325.80, 0.00, 5.004, 325.83, 0.00, 0.005, 3.89, 0.00);
insert into SHOT values (2163, 2375, 2376, 1332, 5.300, 33.80, 0.00, 5.297, 33.84, 0.00, 0.004, 159.88, 0.00);
insert into SHOT values (2164, 2376, 2377, 1332, 5.500, 30.80, 0.00, 5.498, 30.86, 0.00, 0.006, 139.13, 0.00);
insert into SHOT values (2165, 2377, 2378, 1332, 7.120, 65.80, 0.00, 7.117, 65.78, 0.00, 0.005, 289.17, 0.00);
insert into SHOT values (2166, 2378, 2379, 1332, 25.700, 351.80, 0.00, 25.702, 351.81, 0.00, 0.006, 61.51, 0.00);
insert into SHOT values (2167, 2379, 2380, 1332, 14.000, 313.80, -1.00, 14.006, 313.78, -0.98, 0.008, 279.55, 30.86);
insert into SHOT values (2168, 2380, 2381, 1332, 8.000, 351.80, -1.00, 8.003, 351.81, -1.00, 0.003, 12.32, -7.15);
insert into SHOT values (2169, 2381, 2382, 1332, 4.570, 10.80, -1.00, 4.562, 10.87, -1.00, 0.009, 156.21, -1.52);
insert into SHOT values (2170, 2382, 2383, 1332, 7.070, 37.80, -1.00, 7.072, 37.76, -1.05, 0.008, 329.05, -51.13);
insert into SHOT values (2171, 2383, 2384, 1332, 5.220, 304.80, -1.00, 5.216, 304.85, -0.99, 0.006, 77.90, 10.76);
insert into SHOT values (2172, 2384, 2385, 1332, 13.500, 12.80, -1.00, 13.497, 12.80, -0.98, 0.006, 198.16, 65.47);
insert into SHOT values (2173, 2385, 2386, 1332, 9.570, 294.80, -1.00, 9.576, 294.83, -1.02, 0.008, 327.28, -21.94);
insert into SHOT values (2174, 2386, 2387, 1332, 19.300, 347.80, -1.00, 19.299, 347.79, -1.01, 0.004, 241.92, -47.61);
insert into SHOT values (2175, 2387, 2388, 1332, 17.340, 300.80, -1.00, 17.334, 300.78, -0.99, 0.008, 166.69, 17.99);
insert into SHOT values (2176, 2388, 2349, 1332, 5.000, 259.80, -10.00, 5.004, 259.83, -10.01, 0.005, 296.12, -22.79);
insert into SHOT values (2177, 2388, 2389, 1332, 15.000, 322.80, -30.00, 15.000, 322.82, -30.00, 0.005, 55.26, 0.00);
insert into SHOT values (2178, 2389, 2390, 1332, 4.350, 245.80, 0.00, 4.351, 245.85, 0.00, 0.004, 323.91, 0.00);
insert into SHOT values (2179, 2390, 2391, 1332, 3.620, 346.80, 0.00, 3.617, 346.73, 0.00, 0.006, 218.35, 0.00);
insert into SHOT values (2180, 2391, 2392, 1332, 2.950, 336.80, 43.00, 2.953, 336.87, 42.89, 0.007, 358.97, -15.25);
insert into SHOT values (2181, 2392, 2393, 1332, 3.470, 30.80, 15.00, 3.473, 30.85, 15.02, 0.004, 74.56, 26.45);
insert into SHOT values (2182, 2393, 2394, 1332, 5.100, 285.80, 0.00, 5.100, 285.70, 0.00, 0.009, 197.28, 0.00);
insert into SHOT values (2183, 2394, 2395, 1332, 4.100, 357.80, 0.00, 4.103, 357.77, 0.00, 0.004, 317.99, 0.00);
insert into SHOT values (2184, 2395, 2396, 1332, 5.200, 223.80, -34.00, 5.198, 223.78, -34.04, 0.005, 69.96, -27.84);
insert into SHOT values (2185, 2396, 2397, 1332, 6.740, 345.80, -5.00, 6.741, 345.78, -4.94, 0.008, 283.79, 66.80);
insert into SHOT values (2186, 2397, 2398, 1332, 5.600, 236.80, -14.00, 5.598, 236.72, -14.06, 0.010, 125.63, -32.17);
insert into SHOT values (2187, 2398, 2399, 1332, 2.400, 251.80, -20.00, 2.405, 251.97, -19.93, 0.009, 299.91, 5.57);
insert into SURVEY values (1334, 1322, 'SumideroJuanito', 'SumideroJuanito.205.UltimaPatagonia', 'Sumidero Juanito');
 insert into CENTRELINE values (1335, 1334, NULL, NULL, NULL, 0.00, 0.00, 0.00);
 insert into CENTRELINE values (1336, 1334, NULL, '2008-02-01', NULL, 155.90, 0.00, 0.00);
 insert into SHOT values (2188, 2400, 2401, 1336, 5.900, 230.20, 53.00, 5.898, 230.26, 52.99, 0.004, 323.92, -27.26);
insert into SHOT values (2189, 2402, 2400, 1336, 15.000, 139.20, 56.00, 15.004, 139.21, 56.01, 0.005, 237.65, 70.56);
insert into SHOT values (2190, 2403, 2402, 1336, 13.700, 130.20, 40.00, 13.701, 130.21, 39.96, 0.010, 151.85, -39.26);
insert into SHOT values (2191, 2404, 2403, 1336, 9.800, 89.20, 20.00, 9.805, 89.19, 20.04, 0.008, 70.05, 76.02);
insert into SHOT values (2192, 2405, 2404, 1336, 2.500, 42.20, 8.00, 2.501, 42.06, 7.81, 0.010, 334.43, -50.58);
insert into SHOT values (2193, 2406, 2405, 1336, 4.500, 5.20, 48.00, 4.505, 5.14, 48.04, 0.007, 295.70, 63.16);
insert into SHOT values (2194, 2407, 2406, 1336, 6.800, 95.20, 68.00, 6.797, 95.17, 67.96, 0.006, 77.95, -56.49);
insert into SHOT values (2195, 2408, 2407, 1336, 8.000, 73.20, 33.00, 7.999, 73.19, 33.03, 0.004, 275.49, 45.22);
insert into SHOT values (2196, 2409, 2408, 1336, 6.100, 55.20, 43.00, 6.101, 55.31, 42.99, 0.009, 133.04, -1.16);
insert into SHOT values (2197, 2410, 2409, 1336, 2.700, 109.20, 0.00, 2.701, 109.24, 0.00, 0.002, 177.12, 0.00);
insert into SHOT values (2198, 2411, 2410, 1336, 3.300, 77.20, 31.00, 3.294, 77.10, 31.07, 0.009, 290.45, 2.42);
insert into SHOT values (2199, 2412, 2411, 1336, 4.100, 112.20, 15.00, 4.100, 112.10, 14.98, 0.007, 27.50, -9.60);
insert into SHOT values (2200, 2413, 2412, 1336, 3.500, 15.20, 54.00, 3.496, 15.26, 54.05, 0.006, 171.79, -16.18);
insert into SHOT values (2201, 2414, 2413, 1336, 6.600, 72.20, 42.00, 6.603, 72.19, 42.02, 0.004, 29.91, 85.22);
insert into SHOT values (2202, 2415, 2414, 1336, 20.500, 95.20, 76.00, 20.499, 95.20, 76.00, 0.002, 132.85, -38.57);
insert into SHOT values (2203, 2416, 2415, 1336, 14.500, 105.20, 56.00, 14.496, 105.17, 56.02, 0.007, 317.74, -8.31);
insert into SHOT values (2204, 2417, 2416, 1336, 6.500, 127.20, 42.00, 6.502, 127.18, 41.99, 0.002, 85.35, 16.59);
insert into SHOT values (2205, 2418, 2417, 1336, 9.300, 111.20, 66.00, 9.305, 111.21, 65.99, 0.006, 126.31, 45.07);
insert into SHOT values (2206, 2419, 2418, 1336, 5.500, 223.20, 37.00, 5.501, 223.25, 37.00, 0.004, 303.38, 0.25);
insert into SHOT values (2207, 2420, 2419, 1336, 7.100, 15.20, 90.00, 7.100, 90.00, 90.00, 0.000, 15.20, -12.13);
insert into CENTRELINE values (1337, 1334, NULL, NULL, NULL, 49.00, 0.00, 0.00);
 insert into SHOT values (2208, 2417, 2421, 1337, 7.000, 15.80, 0.00, 7.003, 15.74, 0.00, 0.008, 306.39, 0.00);
insert into SHOT values (2209, 2421, 2422, 1337, 15.000, 291.80, -80.00, 14.997, 291.92, -80.02, 0.009, 72.68, 13.49);
insert into SHOT values (2210, 2422, 2423, 1337, 2.000, 15.80, 0.00, 1.994, 15.71, 0.00, 0.006, 226.20, 0.00);
insert into SHOT values (2211, 2423, 2424, 1337, 25.000, 195.80, -90.00, 25.000, 90.00, -90.00, 0.000, 195.80, 0.00);
insert into SURVEY values (1339, 1322, 'GrotteAudeline', 'GrotteAudeline.205.UltimaPatagonia', 'Grotte de l''Audeline');
 insert into CENTRELINE values (1340, 1339, NULL, NULL, NULL, 0.00, 0.00, 0.00);
 insert into CENTRELINE values (1341, 1339, NULL, '2010-02-01', NULL, 143.14, 0.00, 0.00);
 insert into SHOT values (2212, 2425, 2426, 1341, 7.000, 309.04, -10.00, 6.996, 309.05, -10.04, 0.007, 113.88, -42.68);
insert into SHOT values (2213, 2426, 2427, 1341, 17.000, 15.04, -90.00, 17.000, 90.00, -90.00, 0.000, 15.04, 0.00);
insert into SHOT values (2214, 2427, 2428, 1341, 0.500, 15.04, -90.00, 0.500, 90.00, -90.00, 0.000, 15.04, 0.00);
insert into SHOT values (2215, 2426, 2429, 1341, 3.450, 309.04, -10.00, 3.449, 309.03, -9.85, 0.009, 271.92, 83.51);
insert into SHOT values (2216, 2429, 2430, 1341, 6.690, 230.04, -3.00, 6.689, 230.04, -3.00, 0.001, 39.93, 6.38);
insert into SHOT values (2217, 2430, 2431, 1341, 9.000, 302.04, -36.00, 9.004, 301.99, -35.98, 0.008, 251.55, 0.47);
insert into SHOT values (2218, 2431, 2432, 1341, 6.890, 293.04, 19.00, 6.885, 293.06, 18.99, 0.006, 84.78, -32.17);
insert into SHOT values (2219, 2432, 2433, 1341, 5.320, 300.04, 18.00, 5.322, 300.11, 17.95, 0.008, 0.31, -28.84);
insert into SHOT values (2220, 2433, 2434, 1341, 15.380, 166.04, 2.00, 15.384, 166.04, 2.01, 0.005, 154.25, 40.54);
insert into SHOT values (2221, 2434, 2435, 1341, 8.890, 182.04, 5.00, 8.889, 182.07, 4.97, 0.007, 276.55, -44.27);
insert into SHOT values (2222, 2435, 2436, 1341, 5.860, 225.04, -3.00, 5.863, 225.00, -2.93, 0.008, 170.86, 53.72);
insert into SHOT values (2223, 2436, 2437, 1341, 12.520, 154.04, 0.00, 12.514, 154.03, 0.00, 0.007, 353.51, 0.00);
insert into SHOT values (2224, 2437, 2438, 1341, 11.060, 180.04, -3.00, 11.065, 180.05, -3.00, 0.006, 205.77, -11.49);
insert into SHOT values (2225, 2438, 2439, 1341, 11.100, 218.04, 2.00, 11.091, 218.04, 2.02, 0.009, 38.98, 16.32);
insert into SHOT values (2226, 2439, 2440, 1341, 7.600, 201.04, 1.00, 7.608, 201.03, 0.98, 0.008, 194.49, -18.30);
insert into SHOT values (2227, 2440, 2441, 1341, 5.900, 157.04, 4.00, 5.902, 157.01, 3.98, 0.004, 99.80, -21.13);
insert into SHOT values (2228, 2441, 2442, 1341, 8.980, 170.04, 4.00, 8.977, 170.03, 4.02, 0.005, 8.05, 49.01);
insert into SURVEY values (1343, 1322, 'AbriDuCerfeuil', 'AbriDuCerfeuil.205.UltimaPatagonia', 'Abri du Cerfeuil');
 insert into CENTRELINE values (1344, 1343, NULL, NULL, NULL, 0.00, 0.00, 0.00);
 insert into SURVEY values (1346, 1322, 'CuevaLaBas', 'CuevaLaBas.205.UltimaPatagonia', 'Cueva La-Bas');
 insert into CENTRELINE values (1347, 1346, NULL, NULL, NULL, 0.00, 0.00, 0.00);
 insert into SURVEY values (1349, 1322, 'CuevaArdilla', 'CuevaArdilla.205.UltimaPatagonia', 'Cueva Ardilla');
 insert into CENTRELINE values (1350, 1349, NULL, NULL, NULL, 0.00, 0.00, 0.00);
 insert into SURVEY values (1352, 1322, 'PozoEnBosque', 'PozoEnBosque.205.UltimaPatagonia', 'Pozo en Bosque');
 insert into CENTRELINE values (1353, 1352, NULL, NULL, NULL, 0.00, 0.00, 0.00);
 insert into SURVEY values (1355, 1322, 'MD/SOU01', 'MD/SOU01.205.UltimaPatagonia', 'MD/SOU01');
 insert into CENTRELINE values (1356, 1355, NULL, NULL, NULL, 0.00, 0.00, 0.00);
 insert into SURVEY values (1358, 1322, 'MD/SOU02', 'MD/SOU02.205.UltimaPatagonia', 'MD/SOU02');
 insert into CENTRELINE values (1359, 1358, NULL, NULL, NULL, 0.00, 0.00, 0.00);
 insert into SURVEY values (1361, 1322, 'PerteInattendue', 'PerteInattendue.205.UltimaPatagonia', 'Perte Inattendue');
 insert into CENTRELINE values (1362, 1361, NULL, NULL, NULL, 0.00, 0.00, 0.00);
 insert into SURVEY values (1364, 1322, 'PerteAmbree', 'PerteAmbree.205.UltimaPatagonia', 'La Perte Ambree');
 insert into CENTRELINE values (1365, 1364, NULL, NULL, NULL, 0.00, 0.00, 0.00);
 insert into SURVEY values (1367, 1322, 'PerteFaille', 'PerteFaille.205.UltimaPatagonia', 'perte-faille');
 insert into CENTRELINE values (1368, 1367, NULL, NULL, NULL, 0.00, 0.00, 0.00);
 insert into SURVEY values (1370, 1322, 'PerteDesQuatreChampignons', 'PerteDesQuatreChampignons.205.UltimaPatagonia', 'Perte des 4 champi');
 insert into CENTRELINE values (1371, 1370, NULL, NULL, NULL, 0.00, 0.00, 0.00);
 insert into SURVEY values (1373, 1322, 'PerteDuJump', 'PerteDuJump.205.UltimaPatagonia', 'Perte du Jump');
 insert into CENTRELINE values (1374, 1373, NULL, NULL, NULL, 0.00, 0.00, 0.00);
 insert into SURVEY values (1376, 1322, 'FailleDuCoinceur', 'FailleDuCoinceur.205.UltimaPatagonia', 'Faille du Coinceur');
 insert into CENTRELINE values (1377, 1376, NULL, NULL, NULL, 0.00, 0.00, 0.00);
 insert into SURVEY values (1379, 1322, 'IgueDuPlouc', 'IgueDuPlouc.205.UltimaPatagonia', 'Igue du Plouc');
 insert into CENTRELINE values (1380, 1379, NULL, NULL, NULL, 0.00, 0.00, 0.00);
 insert into SURVEY values (1382, 1322, 'CuevaDeLaFinDeMatinas', 'CuevaDeLaFinDeMatinas.205.UltimaPatagonia', 'Cueva de la fin de Matinas');
 insert into CENTRELINE values (1383, 1382, NULL, NULL, NULL, 0.00, 0.00, 0.00);
 insert into CENTRELINE values (1385, 1322, NULL, NULL, NULL, 0.00, 0.00, 0.00);
 insert into SURVEY values (1387, 22, '206', '206.UltimaPatagonia', '206 Roberto');
 insert into CENTRELINE values (1388, 1387, NULL, NULL, NULL, 0.00, 0.00, 0.00);
 insert into SURVEY values (1389, 1387, 'PozoDelContacto', 'PozoDelContacto.206.UltimaPatagonia', 'PozoDelContacto');
 insert into CENTRELINE values (1390, 1389, NULL, NULL, NULL, 0.00, 0.00, 0.00);
 insert into CENTRELINE values (1391, 1389, NULL, NULL, NULL, 87.19, 0.00, 0.00);
 insert into SHOT values (2229, 2481, 2482, 1391, 2.110, 205.80, 12.00, 2.113, 205.82, 12.02, 0.003, 222.05, 27.50);
insert into SHOT values (2230, 2482, 2483, 1391, 1.750, 263.80, 55.00, 1.743, 263.66, 55.14, 0.009, 101.61, -23.58);
insert into SHOT values (2231, 2483, 2484, 1391, 10.180, 190.80, 78.00, 10.183, 190.89, 77.99, 0.004, 254.00, 35.23);
insert into SHOT values (2232, 2484, 2485, 1391, 10.000, 215.80, 75.00, 10.000, 215.72, 75.01, 0.004, 101.92, 10.19);
insert into SHOT values (2233, 2485, 2486, 1391, 1.730, 285.80, 18.00, 1.735, 285.80, 17.78, 0.008, 286.03, -32.84);
insert into SHOT values (2234, 2486, 2487, 1391, 4.100, 280.80, 61.00, 4.102, 280.74, 61.06, 0.005, 135.13, 48.86);
insert into SHOT values (2235, 2487, 2488, 1391, 10.790, 265.80, 35.00, 10.786, 265.85, 35.02, 0.009, 34.81, 7.32);
insert into SHOT values (2236, 2488, 2489, 1391, 3.150, 270.80, 42.00, 3.158, 270.73, 41.92, 0.010, 253.59, 12.97);
insert into SHOT values (2237, 2489, 2490, 1391, 3.000, 295.80, -35.00, 2.998, 295.83, -35.01, 0.003, 81.24, 16.30);
insert into SHOT values (2238, 2490, 2491, 1391, 6.290, 230.80, -5.00, 6.285, 230.77, -5.02, 0.006, 88.00, -16.72);
insert into SHOT values (2239, 2489, 2492, 1391, 2.250, 195.80, 44.00, 2.250, 195.75, 43.90, 0.004, 164.57, -47.34);
insert into SHOT values (2240, 2492, 2493, 1391, 12.040, 305.80, 69.00, 12.041, 305.86, 68.98, 0.006, 354.93, -2.95);
insert into SHOT values (2241, 2489, 2494, 1391, 2.670, 155.80, 12.00, 2.667, 155.79, 11.90, 0.006, 346.68, -66.48);
insert into SHOT values (2242, 2494, 2495, 1391, 4.500, 205.80, 53.00, 4.504, 205.62, 53.07, 0.011, 101.74, 34.51);
insert into SHOT values (2243, 2495, 2496, 1391, 3.460, 185.80, 33.00, 3.461, 185.93, 32.90, 0.009, 245.36, -31.21);
insert into SHOT values (2244, 2496, 2497, 1391, 9.170, 235.80, 35.00, 9.167, 235.80, 35.01, 0.003, 54.83, 5.02);
insert into SURVEY values (1393, 1387, 'PerteDuMoral', 'PerteDuMoral.206.UltimaPatagonia', 'PerteDuMoral');
 insert into CENTRELINE values (1394, 1393, NULL, NULL, NULL, 0.00, 0.00, 0.00);
 insert into CENTRELINE values (1395, 1393, NULL, NULL, NULL, 127.50, 0.00, 0.00);
 insert into SHOT values (2245, 2498, 2499, 1395, 25.000, 145.80, -75.00, 25.002, 145.77, -75.00, 0.004, 61.96, -27.13);
insert into SHOT values (2246, 2499, 2500, 1395, 10.500, 330.80, -45.00, 10.499, 330.74, -44.97, 0.009, 261.39, 29.74);
insert into SHOT values (2247, 2500, 2501, 1395, 22.000, 320.80, -42.00, 21.998, 320.81, -42.00, 0.003, 89.70, 17.15);
insert into SHOT values (2248, 2501, 2502, 1395, 13.500, 215.80, -35.00, 13.505, 215.80, -35.02, 0.007, 224.94, -78.36);
insert into SHOT values (2249, 2502, 2503, 1395, 10.000, 247.80, -36.00, 9.996, 247.78, -35.96, 0.009, 171.12, 66.32);
insert into SHOT values (2250, 2503, 2504, 1395, 15.000, 270.80, -33.00, 15.001, 270.82, -33.00, 0.004, 343.75, -5.65);
insert into SHOT values (2251, 2503, 2505, 1395, 18.500, 35.80, 10.00, 18.504, 35.80, 9.99, 0.005, 32.87, -30.47);
insert into SHOT values (2252, 2505, 2506, 1395, 2.500, 15.80, -90.00, 2.500, 90.00, -90.00, 0.000, 15.80, 0.00);
insert into SHOT values (2253, 2506, 2507, 1395, 10.500, 29.80, -35.00, 10.494, 29.79, -35.01, 0.006, 232.50, 23.23);
insert into SURVEY values (1397, 1387, 'P85Camp400', 'P85Camp400.206.UltimaPatagonia', 'P85Camp400');
 insert into CENTRELINE values (1398, 1397, NULL, NULL, NULL, 0.00, 0.00, 0.00);
 insert into CENTRELINE values (1399, 1397, NULL, NULL, NULL, 92.90, 0.00, 0.00);
 insert into SHOT values (2254, 2508, 2509, 1399, 5.400, 19.80, -16.00, 5.397, 19.83, -16.03, 0.004, 158.33, -20.42);
insert into SHOT values (2255, 2509, 2510, 1399, 17.400, 137.80, -86.00, 17.402, 138.01, -86.01, 0.006, 261.21, -24.04);
insert into SHOT values (2256, 2510, 2511, 1399, 10.000, 215.80, -70.00, 9.992, 215.83, -70.01, 0.008, 10.71, 59.88);
insert into SHOT values (2257, 2511, 2512, 1399, 10.600, 215.80, -81.00, 10.600, 215.90, -81.02, 0.005, 0.18, -5.89);
insert into SHOT values (2258, 2512, 2513, 1399, 23.700, 44.80, -78.00, 23.698, 44.92, -78.00, 0.010, 128.97, 11.79);
insert into SHOT values (2259, 2513, 2514, 1399, 2.500, 47.80, -6.00, 2.499, 47.77, -6.20, 0.009, 268.40, -77.58);
insert into SHOT values (2260, 2514, 2515, 1399, 23.300, 15.80, -90.00, 23.300, 90.00, -90.00, 0.000, 15.80, 29.58);
insert into SURVEY values (1401, 1387, 'CuevaComete', 'CuevaComete.206.UltimaPatagonia', 'CuevaComete');
 insert into CENTRELINE values (1402, 1401, NULL, NULL, NULL, 0.00, 0.00, 0.00);
 insert into CENTRELINE values (1403, 1401, NULL, NULL, NULL, 111.40, 0.00, 0.00);
 insert into SHOT values (2261, 2516, 2517, 1403, 17.000, 15.80, -90.00, 17.000, 90.00, -90.00, 0.000, 15.80, 0.00);
insert into SHOT values (2262, 2517, 2518, 1403, 22.000, 15.80, -90.00, 22.000, 90.00, -90.00, 0.000, 15.80, 0.00);
insert into SHOT values (2263, 2518, 2519, 1403, 7.700, 185.80, 0.00, 7.700, 185.81, 0.00, 0.002, 288.63, 0.00);
insert into SHOT values (2264, 2519, 2520, 1403, 14.700, 15.80, -90.00, 14.700, 90.00, -90.00, 0.000, 15.80, 11.73);
insert into SHOT values (2265, 2518, 2521, 1403, 10.700, 15.80, -90.00, 10.700, 90.00, -90.00, 0.000, 15.80, 15.92);
insert into SHOT values (2266, 2521, 2522, 1403, 7.300, 350.80, -32.00, 7.300, 350.80, -32.02, 0.002, 198.29, -52.90);
insert into SHOT values (2267, 2522, 2523, 1403, 32.000, 15.80, -90.00, 32.000, 90.00, -90.00, 0.000, 15.80, 0.00);
insert into SURVEY values (1405, 1387, 'PerteDeLaRiviere', 'PerteDeLaRiviere.206.UltimaPatagonia', 'PerteDeLaRiviere');
 insert into CENTRELINE values (1406, 1405, NULL, NULL, NULL, 0.00, 0.00, 0.00);
 insert into CENTRELINE values (1407, 1405, NULL, NULL, NULL, 155.90, 0.00, 0.00);
 insert into SHOT values (2268, 2524, 2525, 1407, 6.500, 289.80, 62.00, 6.500, 289.74, 62.02, 0.004, 163.24, 12.09);
insert into SHOT values (2269, 2525, 2526, 1407, 2.000, 261.80, 13.00, 2.000, 262.04, 13.00, 0.008, 351.53, 0.70);
insert into SHOT values (2270, 2526, 2527, 1407, 2.200, 292.80, 0.00, 2.201, 292.72, 0.00, 0.003, 216.62, 0.00);
insert into SHOT values (2271, 2527, 2528, 1407, 3.500, 11.80, 0.00, 3.495, 11.89, 0.00, 0.007, 145.26, 0.00);
insert into SHOT values (2272, 2528, 2529, 1407, 1.400, 127.80, 0.00, 1.390, 127.69, 0.00, 0.010, 322.59, 0.00);
insert into SHOT values (2273, 2529, 2530, 1407, 3.600, 295.80, 10.00, 3.598, 295.77, 10.08, 0.006, 149.05, 53.28);
insert into SHOT values (2274, 2530, 2531, 1407, 4.000, 267.80, 14.00, 4.000, 267.79, 13.89, 0.008, 236.39, -75.35);
insert into SHOT values (2275, 2531, 2532, 1407, 2.000, 20.80, 0.00, 2.000, 20.79, 0.00, 0.000, 324.36, 0.00);
insert into SHOT values (2276, 2532, 2533, 1407, 13.600, 20.80, -60.00, 13.596, 20.83, -59.97, 0.010, 57.52, 52.71);
insert into SHOT values (2277, 2531, 2534, 1407, 28.400, 200.80, 60.00, 28.402, 200.80, 60.01, 0.007, 33.17, 42.92);
insert into SHOT values (2278, 2534, 2535, 1407, 14.300, 227.80, 26.00, 14.304, 227.77, 26.00, 0.007, 166.68, 10.49);
insert into SHOT values (2279, 2535, 2536, 1407, 8.500, 239.80, 67.00, 8.496, 239.81, 66.99, 0.004, 40.91, -80.18);
insert into SHOT values (2280, 2536, 2537, 1407, 2.100, 280.80, -25.00, 2.130, 295.10, -42.16, 0.765, 54.52, -45.14);
insert into SHOT values (2281, 2537, 2538, 1407, 4.400, 315.80, 18.00, 4.094, 329.11, 2.38, 1.531, 58.04, -51.00);
insert into SHOT values (2282, 2538, 2539, 1407, 11.700, 351.80, 63.00, 11.754, 358.52, 37.84, 5.175, 7.33, -38.40);
insert into SHOT values (2283, 2539, 2540, 1407, 3.600, 5.80, 22.00, 4.152, 12.62, 7.19, 1.221, 38.82, -42.71);
insert into SHOT values (2284, 2540, 2541, 1407, 1.200, 15.80, 5.00, 2.349, 21.39, -7.09, 1.213, 27.22, -18.99);
insert into SHOT values (2285, 2541, 2542, 1407, 2.400, 285.80, 6.00, 1.644, 302.89, -15.53, 1.207, 77.74, -34.93);
insert into SHOT values (2286, 2542, 2543, 1407, 4.500, 295.80, 10.00, 3.936, 309.71, -6.27, 1.659, 59.76, -46.89);
insert into SHOT values (2287, 2543, 2544, 1407, 4.300, 170.80, 28.00, 3.008, 156.85, 13.46, 1.776, 27.18, -47.96);
insert into SHOT values (2288, 2544, 2545, 1407, 8.200, 225.80, 5.00, 7.136, 224.88, -17.20, 3.134, 50.43, -64.33);
insert into SHOT values (2289, 2545, 2546, 1407, 12.000, 313.80, 68.00, 12.007, 313.83, 67.96, 0.011, 326.88, 20.41);
insert into SHOT values (2290, 2546, 2547, 1407, 11.500, 84.80, 90.00, 11.500, 90.00, 90.00, 0.000, 84.80, 0.00);
insert into CENTRELINE values (1408, 1405, NULL, NULL, NULL, 89.40, 0.00, 0.00);
 insert into SHOT values (2291, 2545, 2548, 1408, 10.000, 170.80, 47.00, 8.526, 157.15, 36.82, 2.736, 74.17, -53.66);
insert into SHOT values (2292, 2548, 2549, 1408, 7.300, 202.80, 1.00, 6.473, 194.22, -20.43, 2.866, 57.63, -56.42);
insert into SHOT values (2293, 2549, 2550, 1408, 4.800, 166.80, -44.00, 5.631, 154.27, -56.77, 1.592, 43.48, -59.77);
insert into SHOT values (2294, 2550, 2551, 1408, 31.800, 109.80, -90.00, 31.800, 90.00, -90.00, 0.000, 109.80, -1.83);
insert into SHOT values (2295, 2550, 2536, 1408, 6.600, 105.80, 0.00, 7.810, 94.11, -15.14, 2.666, 42.93, -49.91);
insert into SHOT values (2296, 2546, 2552, 1408, 2.400, 44.80, 21.00, 2.401, 44.82, 20.99, 0.001, 81.05, -4.05);
insert into SHOT values (2297, 2552, 2553, 1408, 2.200, 290.80, 31.00, 2.196, 290.84, 30.97, 0.004, 83.91, -47.13);
insert into SHOT values (2298, 2553, 2554, 1408, 3.800, 62.80, 30.00, 3.801, 62.89, 29.99, 0.005, 144.52, -0.00);
insert into SHOT values (2299, 2554, 2555, 1408, 5.500, 319.80, 19.50, 5.504, 319.77, 19.53, 0.006, 269.84, 47.59);
insert into SHOT values (2300, 2555, 2556, 1408, 15.000, 15.80, 90.00, 15.000, 90.00, 90.00, 0.000, 15.80, 0.00);
insert into CENTRELINE values (1409, 1405, NULL, NULL, NULL, 105.70, 0.00, 0.00);
 insert into SHOT values (2301, 2557, 2558, 1409, 9.600, 321.80, 33.00, 9.603, 321.81, 33.00, 0.003, 336.15, 26.00);
insert into SHOT values (2302, 2558, 2559, 1409, 7.400, 306.80, 4.00, 7.398, 306.79, 4.03, 0.004, 158.02, 58.82);
insert into SHOT values (2303, 2559, 2560, 1409, 6.500, 276.80, 13.00, 6.501, 276.80, 12.98, 0.002, 266.72, -61.83);
insert into SHOT values (2304, 2560, 2561, 1409, 4.000, 280.80, 8.00, 4.000, 280.91, 7.90, 0.010, 6.63, -40.93);
insert into SHOT values (2305, 2561, 2562, 1409, 6.900, 286.80, 8.00, 6.897, 286.76, 8.00, 0.005, 167.06, -3.23);
insert into SHOT values (2306, 2562, 2563, 1409, 6.100, 307.80, -30.00, 6.105, 307.78, -29.97, 0.006, 289.20, -0.00);
insert into SHOT values (2307, 2563, 2564, 1409, 4.900, 257.80, -47.00, 4.894, 257.71, -47.02, 0.008, 121.49, 26.05);
insert into SHOT values (2308, 2564, 2565, 1409, 5.600, 135.80, -36.00, 5.601, 135.80, -35.97, 0.003, 141.02, 32.41);
insert into SHOT values (2309, 2565, 2566, 1409, 5.900, 100.80, -26.00, 5.902, 100.76, -26.03, 0.005, 15.73, -42.45);
insert into SHOT values (2310, 2566, 2567, 1409, 10.800, 82.80, -74.00, 10.797, 82.85, -74.02, 0.005, 228.51, 19.61);
insert into SHOT values (2311, 2567, 2568, 1409, 5.500, 145.80, -80.00, 5.494, 145.65, -79.97, 0.007, 91.26, 63.62);
insert into SHOT values (2312, 2568, 2569, 1409, 4.200, 117.80, -61.00, 4.205, 117.82, -61.05, 0.007, 255.69, -79.72);
insert into SHOT values (2313, 2569, 2570, 1409, 4.200, 177.80, -71.00, 4.197, 177.89, -71.08, 0.007, 338.95, 9.78);
insert into SHOT values (2314, 2570, 2571, 1409, 1.900, 160.80, -4.00, 1.899, 160.90, -3.93, 0.004, 269.31, 37.75);
insert into SHOT values (2315, 2571, 2572, 1409, 5.600, 200.80, -5.00, 5.604, 200.77, -5.02, 0.005, 166.70, -20.76);
insert into SHOT values (2316, 2572, 2573, 1409, 5.200, 165.80, -25.00, 5.203, 165.76, -25.01, 0.005, 106.12, -29.58);
insert into SHOT values (2317, 2573, 2546, 1409, 11.400, 110.80, -19.00, 11.391, 110.77, -19.01, 0.010, 321.54, 8.29);
insert into SURVEY values (1411, 1387, 'Passoire', 'Passoire.206.UltimaPatagonia', 'Passoire');
 insert into CENTRELINE values (1412, 1411, NULL, NULL, NULL, 0.00, 0.00, 0.00);
 insert into CENTRELINE values (1413, 1411, NULL, NULL, NULL, 54.28, 0.00, 0.00);
 insert into SHOT values (2318, 2574, 2575, 1413, 11.300, 172.70, -66.70, 11.300, 172.67, -66.72, 0.004, 32.30, -20.87);
insert into SHOT values (2319, 2575, 2576, 1413, 15.480, 315.70, -85.10, 15.477, 315.31, -85.10, 0.010, 225.85, 20.59);
insert into SHOT values (2320, 2576, 2577, 1413, 2.990, 75.40, -20.30, 2.997, 75.37, -20.30, 0.008, 62.90, -20.78);
insert into SHOT values (2321, 2577, 2578, 1413, 7.490, 136.10, -86.50, 7.494, 135.88, -86.48, 0.005, 99.95, -52.99);
insert into SHOT values (2322, 2578, 2579, 1413, 10.010, 321.80, -35.00, 10.011, 321.73, -34.98, 0.010, 247.29, 8.37);
insert into SHOT values (2323, 2579, 2580, 1413, 7.010, 24.80, -40.00, 7.012, 24.85, -39.92, 0.011, 54.38, 33.04);
insert into CENTRELINE values (1414, 1411, NULL, NULL, NULL, 115.63, 0.00, 0.00);
 insert into SHOT values (2324, 2577, 2581, 1414, 11.800, 197.90, 22.80, 11.800, 197.94, 22.79, 0.007, 282.01, -22.60);
insert into SHOT values (2325, 2581, 2582, 1414, 4.010, 205.80, 7.00, 4.006, 205.79, 7.03, 0.004, 35.42, 17.74);
insert into SHOT values (2326, 2582, 2583, 1414, 25.860, 313.40, -81.80, 25.854, 313.35, -81.80, 0.007, 182.40, 52.43);
insert into SHOT values (2327, 2583, 2584, 1414, 7.190, 335.80, 10.10, 7.192, 335.82, 10.09, 0.004, 23.76, -13.39);
insert into SHOT values (2328, 2583, 2585, 1414, 2.840, 229.30, -10.80, 2.838, 229.22, -10.97, 0.009, 100.18, -56.98);
insert into SHOT values (2329, 2585, 2586, 1414, 25.030, 277.20, -70.20, 25.029, 277.18, -70.20, 0.003, 149.02, 4.19);
insert into SHOT values (2330, 2586, 2587, 1414, 2.710, 216.90, -13.90, 2.707, 216.96, -13.89, 0.004, 352.90, 15.50);
insert into SHOT values (2331, 2587, 2588, 1414, 8.570, 341.10, -66.70, 8.570, 341.08, -66.68, 0.004, 324.66, 16.94);
insert into SHOT values (2332, 2588, 2589, 1414, 11.710, 337.90, -63.30, 11.707, 337.87, -63.32, 0.005, 187.01, 15.29);
insert into SHOT values (2333, 2589, 2590, 1414, 7.370, 16.50, -20.80, 7.376, 16.52, -20.81, 0.006, 36.65, -29.22);
insert into SHOT values (2334, 2590, 2591, 1414, 5.810, 320.30, -67.70, 5.804, 320.16, -67.71, 0.009, 195.91, 39.91);
insert into SHOT values (2335, 2591, 2592, 1414, 2.730, 39.00, -0.90, 2.738, 38.92, -0.84, 0.009, 13.64, 17.84);
insert into CENTRELINE values (1415, 1411, NULL, NULL, NULL, 92.15, 0.00, 0.00);
 insert into SHOT values (2336, 2592, 2593, 1415, 10.950, 353.80, -52.00, 10.950, 353.78, -52.01, 0.003, 225.27, -23.44);
insert into SHOT values (2337, 2593, 2594, 1415, 14.600, 241.80, -72.00, 14.605, 241.85, -72.00, 0.006, 296.22, -47.11);
insert into SHOT values (2338, 2594, 2595, 1415, 12.600, 355.80, -59.00, 12.598, 355.85, -59.01, 0.006, 112.02, 3.20);
insert into SHOT values (2339, 2595, 2596, 1415, 22.000, 333.80, -59.00, 22.001, 333.75, -59.01, 0.011, 228.23, -12.76);
insert into SHOT values (2340, 2596, 2597, 1415, 7.600, 305.80, -70.00, 7.596, 305.90, -70.05, 0.008, 93.96, 11.44);
insert into SHOT values (2341, 2597, 2598, 1415, 4.500, 342.80, -57.00, 4.502, 342.74, -56.87, 0.011, 328.60, 21.48);
insert into SHOT values (2342, 2598, 2599, 1415, 2.500, 305.80, -45.00, 2.498, 305.76, -45.12, 0.006, 137.64, -21.89);
insert into SHOT values (2343, 2599, 2600, 1415, 8.100, 315.80, -69.00, 8.099, 315.70, -68.97, 0.007, 260.26, 17.29);
insert into SHOT values (2344, 2600, 2601, 1415, 9.300, 315.80, -90.00, 9.300, 90.00, -90.00, 0.000, 315.80, -18.17);
insert into SURVEY values (1417, 1387, 'GouffrePetitCreux', 'GouffrePetitCreux.206.UltimaPatagonia', 'Gouffre du Petit Creux');
 insert into CENTRELINE values (1418, 1417, NULL, NULL, NULL, 0.00, 0.00, 0.00);
 insert into CENTRELINE values (1419, 1417, NULL, '2006-02-01', NULL, 169.08, 0.00, 0.00);
 insert into SHOT values (2345, 2602, 2603, 1419, 15.460, 179.35, -82.50, 15.463, 179.43, -82.49, 0.004, 232.55, -32.08);
insert into SHOT values (2346, 2603, 2604, 1419, 8.110, 179.55, -21.60, 8.108, 179.54, -21.56, 0.006, 73.81, 80.52);
insert into SHOT values (2347, 2604, 2605, 1419, 4.440, 199.75, -35.30, 4.441, 199.69, -35.36, 0.006, 84.00, -43.38);
insert into SHOT values (2348, 2605, 2606, 1419, 5.840, 171.35, 5.50, 5.842, 171.40, 5.50, 0.005, 234.52, 2.89);
insert into SHOT values (2349, 2606, 2607, 1419, 3.750, 187.95, 2.10, 5.414, 170.14, 45.48, 3.902, 91.40, 72.57);
insert into SHOT values (2350, 2607, 2608, 1419, 5.490, 182.95, -55.50, 3.571, 164.37, 31.58, 6.472, 79.85, 81.15);
insert into SHOT values (2351, 2608, 2609, 1419, 13.840, 261.55, -68.70, 7.385, 258.02, -50.76, 7.190, 119.86, 86.30);
insert into SHOT values (2352, 2609, 2610, 1419, 7.430, 190.75, -47.10, 7.004, 175.78, 21.26, 8.254, 137.27, 75.28);
insert into SHOT values (2353, 2610, 2611, 1419, 6.980, 342.95, -8.20, 10.543, 4.54, 47.80, 9.189, 80.02, 73.40);
insert into SHOT values (2354, 2610, 2612, 1419, 6.450, 168.95, 41.30, 6.449, 168.94, 41.23, 0.008, 162.44, -58.04);
insert into SHOT values (2355, 2610, 2613, 1419, 4.520, 280.75, 6.40, 4.517, 280.78, 6.36, 0.005, 54.84, -46.40);
insert into SHOT values (2356, 2611, 2614, 1419, 24.490, 291.95, -70.60, 18.417, 298.71, -54.80, 8.494, 319.40, 71.38);
insert into SHOT values (2357, 2614, 2615, 1419, 1.710, 272.35, 3.30, 2.102, 83.66, 87.53, 2.690, 91.91, 48.09);
insert into SHOT values (2358, 2615, 2616, 1419, 1.220, 179.45, 8.10, 2.929, 162.73, 46.37, 2.159, 140.83, 64.44);
insert into SHOT values (2359, 2616, 2617, 1419, 12.120, 247.95, -74.80, 5.358, 227.17, -77.96, 6.811, 78.49, 71.43);
insert into SHOT values (2360, 2617, 2618, 1419, 3.180, 248.25, 28.00, 5.597, 240.45, 62.61, 3.504, 121.97, 82.89);
insert into SHOT values (2361, 2618, 2619, 1419, 5.120, 5.35, -1.60, 7.706, 23.77, 44.38, 5.801, 91.83, 72.51);
insert into SHOT values (2362, 2619, 2620, 1419, 2.360, 312.65, -31.80, 3.020, 109.82, 67.00, 5.096, 124.23, 52.15);
insert into SHOT values (2363, 2620, 2621, 1419, 6.250, 39.45, -22.90, 6.257, 39.44, -22.95, 0.009, 21.07, -60.00);
insert into SHOT values (2364, 2620, 2622, 1419, 9.750, 30.55, -87.50, 4.530, 38.66, -43.88, 7.188, 39.87, 66.68);
insert into SHOT values (2365, 2612, 2623, 1419, 6.970, 141.15, 41.90, 6.976, 141.10, 41.91, 0.008, 87.08, 41.88);
insert into SHOT values (2366, 2623, 2624, 1419, 3.640, 27.45, 69.60, 3.639, 27.17, 69.57, 0.007, 309.61, -15.02);
insert into SHOT values (2367, 2613, 2625, 1419, 9.960, 178.95, 34.00, 9.964, 178.96, 33.99, 0.004, 196.06, 5.77);
insert into CENTRELINE values (1420, 1417, NULL, NULL, NULL, 107.27, 0.00, 0.00);
 insert into SHOT values (2368, 2622, 2626, 1420, 2.550, 256.50, 45.50, 6.288, 252.40, 67.75, 4.048, 240.35, 81.30);
insert into SHOT values (2369, 2626, 2627, 1420, 2.280, 347.50, 23.70, 5.041, 359.82, 50.15, 3.215, 20.34, 66.72);
insert into SHOT values (2370, 2627, 2628, 1420, 2.320, 278.60, 28.50, 4.413, 281.20, 62.93, 2.825, 28.36, 88.04);
insert into SHOT values (2371, 2628, 2629, 1420, 2.660, 336.80, 15.40, 4.530, 352.07, 51.39, 2.934, 54.47, 74.95);
insert into SHOT values (2372, 2629, 2630, 1420, 8.980, 311.80, -67.70, 8.981, 311.79, -67.71, 0.002, 172.85, -51.25);
insert into SHOT values (2373, 2629, 2631, 1420, 3.680, 284.50, 28.20, 6.250, 289.39, 64.91, 3.973, 83.94, 80.68);
insert into SHOT values (2374, 2631, 2632, 1420, 20.020, 250.20, -64.90, 16.570, 244.58, -28.51, 11.935, 236.82, 58.90);
insert into SHOT values (2375, 2632, 2633, 1420, 1.520, 273.90, 1.90, 2.026, 90.00, 79.19, 2.714, 93.12, 45.61);
insert into SHOT values (2376, 2633, 2634, 1420, 9.400, 316.50, -78.60, 2.782, 18.43, -78.86, 6.697, 120.04, 75.53);
insert into SHOT values (2377, 2634, 2635, 1420, 27.070, 252.10, -88.70, 36.598, 72.45, -35.38, 31.015, 72.44, 10.92);
insert into SHOT values (2378, 2635, 2636, 1420, 3.000, 248.50, -9.30, 2.827, 214.42, 76.61, 4.056, 77.13, 52.90);
insert into SHOT values (2379, 2636, 2637, 1420, 4.060, 186.30, -46.70, 2.969, 154.96, 55.60, 5.639, 39.15, 73.42);
insert into SHOT values (2380, 2637, 2638, 1420, 2.530, 281.50, -5.50, 2.498, 329.53, 85.47, 3.631, 97.99, 48.81);
insert into SHOT values (2381, 2638, 2639, 1420, 4.510, 196.80, -17.00, 5.010, 174.64, 45.12, 5.154, 68.89, 70.86);
insert into SHOT values (2382, 2639, 2640, 1420, 3.210, 284.80, -2.00, 3.286, 296.57, 70.11, 3.843, 98.65, 56.42);
insert into SHOT values (2383, 2640, 2641, 1420, 9.480, 177.20, -83.80, 3.645, 163.49, -49.70, 6.787, 153.39, 78.23);
insert into CENTRELINE values (1421, 1417, NULL, NULL, NULL, 60.69, 0.00, 0.00);
 insert into SHOT values (2384, 2641, 2642, 1421, 3.140, 225.70, -8.70, 3.125, 195.26, 64.04, 3.870, 65.52, 58.09);
insert into SHOT values (2385, 2642, 2643, 1421, 2.940, 280.10, -10.00, 2.728, 304.70, 83.34, 4.146, 97.21, 50.97);
insert into SHOT values (2386, 2643, 2644, 1421, 24.970, 275.30, -79.10, 21.365, 94.53, -69.18, 13.129, 94.83, 20.28);
insert into SHOT values (2387, 2644, 2645, 1421, 2.240, 281.70, 14.60, 3.148, 287.71, 66.62, 2.506, 93.66, 68.11);
insert into SHOT values (2388, 2645, 2646, 1421, 7.520, 274.10, -56.20, 3.130, 275.14, 15.76, 7.195, 91.43, 80.62);
insert into SHOT values (2389, 2646, 2606, 1421, 7.470, 240.80, -49.10, 4.768, 229.73, 23.35, 7.606, 115.54, 82.22);
insert into SHOT values (2390, 2606, 2647, 1421, 7.200, 278.60, -87.90, 7.195, 278.75, -87.90, 0.005, 58.07, 78.81);
insert into SHOT values (2391, 2647, 2648, 1421, 5.210, 277.80, -90.00, 5.210, 90.00, -90.00, 0.000, 277.80, -63.46);
insert into SURVEY values (1423, 1387, 'PerteDuTemps', 'PerteDuTemps.206.UltimaPatagonia', 'Perte Du Temps');
 insert into CENTRELINE values (1424, 1423, NULL, NULL, NULL, 0.00, 0.00, 0.00);
 insert into CENTRELINE values (1425, 1423, NULL, '2000-02-01', NULL, 809.50, 0.00, 0.00);
 insert into SHOT values (2392, 2649, 2650, 1425, 9.300, 305.80, -55.00, 9.303, 305.77, -54.99, 0.004, 263.27, -27.12);
insert into SHOT values (2393, 2650, 2651, 1425, 18.700, 290.80, 1.00, 18.692, 290.81, 1.01, 0.009, 89.67, 23.42);
insert into SHOT values (2394, 2651, 2652, 1425, 11.150, 290.80, -34.00, 11.159, 290.77, -34.00, 0.010, 252.57, -28.53);
insert into SHOT values (2395, 2652, 2653, 1425, 6.350, 222.80, -25.00, 6.347, 222.82, -24.98, 0.004, 7.45, 54.64);
insert into SHOT values (2396, 2653, 2654, 1425, 12.300, 306.80, -24.00, 12.293, 306.82, -24.00, 0.008, 99.55, 21.06);
insert into SHOT values (2397, 2654, 2655, 1425, 14.000, 302.80, -38.00, 14.007, 302.80, -37.98, 0.008, 297.21, -5.44);
insert into SHOT values (2398, 2655, 2656, 1425, 3.600, 198.80, 0.00, 3.602, 198.79, 0.00, 0.002, 173.28, 0.00);
insert into SHOT values (2399, 2656, 2657, 1425, 8.200, 160.80, -16.00, 8.199, 160.74, -16.00, 0.009, 63.48, 1.46);
insert into SHOT values (2400, 2657, 2658, 1425, 8.600, 152.80, 8.00, 8.603, 152.83, 7.95, 0.009, 205.77, -49.20);
insert into SHOT values (2401, 2658, 2659, 1425, 7.400, 172.80, 0.00, 7.397, 172.86, 0.00, 0.007, 282.96, 0.00);
insert into SHOT values (2402, 2659, 2660, 1425, 19.500, 170.80, -18.00, 19.502, 170.79, -17.98, 0.008, 118.15, 43.64);
insert into SHOT values (2403, 2660, 2661, 1425, 5.500, 167.80, -45.00, 5.499, 167.82, -45.02, 0.002, 305.98, -22.77);
insert into SHOT values (2404, 2661, 2662, 1425, 4.600, 255.80, 0.00, 4.601, 255.78, 0.00, 0.002, 197.02, 0.00);
insert into SHOT values (2405, 2662, 2663, 1425, 5.600, 320.80, -30.00, 5.598, 320.86, -30.01, 0.005, 72.13, 0.00);
insert into SHOT values (2406, 2663, 2664, 1425, 7.000, 275.80, -33.00, 6.999, 275.87, -32.98, 0.007, 5.43, 20.53);
insert into SHOT values (2407, 2664, 2665, 1425, 6.600, 283.80, -42.00, 6.607, 283.78, -41.99, 0.008, 269.38, -28.60);
insert into SHOT values (2408, 2665, 2666, 1425, 2.000, 231.80, 8.00, 1.998, 231.57, 8.05, 0.008, 129.20, 11.24);
insert into SHOT values (2409, 2666, 2667, 1425, 18.400, 169.80, 14.00, 18.398, 169.80, 14.00, 0.002, 320.91, -37.83);
insert into SHOT values (2410, 2667, 2668, 1425, 10.700, 187.80, -5.00, 10.700, 187.82, -4.99, 0.004, 281.41, 39.15);
insert into SHOT values (2411, 2668, 2669, 1425, 4.000, 162.80, -24.00, 4.000, 162.81, -24.05, 0.003, 328.78, -73.18);
insert into SHOT values (2412, 2669, 2670, 1425, 6.600, 198.80, -55.00, 6.606, 198.77, -54.98, 0.007, 179.41, -29.36);
insert into SHOT values (2413, 2670, 2671, 1425, 6.900, 15.80, -90.00, 6.900, 90.00, -90.00, 0.000, 15.80, -12.47);
insert into SHOT values (2414, 2671, 2672, 1425, 22.000, 185.80, -4.00, 21.996, 185.81, -3.99, 0.006, 338.21, 47.14);
insert into SHOT values (2415, 2672, 2673, 1425, 5.000, 176.80, 14.00, 4.996, 176.81, 14.02, 0.004, 350.04, 5.60);
insert into SHOT values (2416, 2673, 2674, 1425, 2.400, 182.80, -80.00, 2.397, 182.73, -79.90, 0.005, 174.36, 43.26);
insert into SHOT values (2417, 2674, 2675, 1425, 12.100, 358.80, -67.00, 12.103, 358.79, -66.99, 0.004, 340.76, -29.26);
insert into SHOT values (2418, 2675, 2676, 1425, 20.000, 288.80, -57.00, 20.005, 288.80, -57.01, 0.007, 112.52, -75.71);
insert into SHOT values (2419, 2676, 2677, 1425, 24.000, 200.80, -11.00, 24.004, 200.78, -11.00, 0.009, 135.21, -3.59);
insert into SHOT values (2420, 2677, 2678, 1425, 4.000, 230.80, 41.00, 4.000, 230.92, 41.11, 0.010, 356.27, 35.95);
insert into SHOT values (2421, 2678, 2679, 1425, 10.700, 200.80, -9.00, 10.702, 200.84, -8.98, 0.008, 264.90, 29.15);
insert into SHOT values (2422, 2679, 2680, 1425, 4.600, 197.80, -48.00, 4.601, 197.79, -48.02, 0.002, 57.99, -52.22);
insert into SHOT values (2423, 2680, 2681, 1425, 6.300, 266.80, -61.00, 6.300, 266.81, -61.00, 0.001, 312.22, 9.58);
insert into SHOT values (2424, 2681, 2682, 1425, 5.900, 225.80, -49.00, 5.904, 225.73, -49.06, 0.009, 106.78, -53.82);
insert into SHOT values (2425, 2682, 2683, 1425, 7.100, 318.80, -13.00, 7.097, 318.75, -12.95, 0.010, 211.73, 48.68);
insert into SHOT values (2426, 2683, 2684, 1425, 17.700, 335.80, -4.00, 17.706, 335.80, -4.02, 0.007, 331.88, -45.46);
insert into SHOT values (2427, 2684, 2685, 1425, 11.700, 317.80, -4.00, 11.695, 317.78, -3.97, 0.009, 182.13, 43.36);
insert into SHOT values (2428, 2685, 2686, 1425, 11.200, 229.80, -5.00, 11.198, 229.80, -5.02, 0.005, 57.14, -56.38);
insert into SHOT values (2429, 2686, 2687, 1425, 16.600, 188.80, -3.00, 16.597, 188.78, -3.00, 0.007, 72.61, -10.15);
insert into SHOT values (2430, 2687, 2688, 1425, 11.000, 189.80, -22.00, 11.000, 189.82, -22.00, 0.004, 272.30, 10.12);
insert into SHOT values (2431, 2689, 2690, 1425, 8.000, 111.80, 35.00, 7.999, 111.87, 35.02, 0.008, 216.06, 10.29);
insert into SHOT values (2432, 2690, 2691, 1425, 6.400, 56.80, 24.00, 6.396, 56.80, 23.98, 0.004, 241.37, -48.87);
insert into SHOT values (2433, 2691, 2692, 1425, 4.800, 100.80, 0.00, 4.805, 100.80, 0.00, 0.005, 95.04, 0.00);
insert into SHOT values (2434, 2692, 2693, 1425, 22.300, 15.80, 90.00, 22.300, 90.00, 90.00, 0.000, 15.80, -2.61);
insert into SHOT values (2435, 2693, 2694, 1425, 4.900, 15.80, 90.00, 4.900, 90.00, 90.00, 0.000, 15.80, 17.30);
insert into SHOT values (2436, 2694, 2695, 1425, 10.000, 145.80, 50.00, 9.995, 145.79, 50.03, 0.007, 336.13, -3.60);
insert into SHOT values (2437, 2696, 2697, 1425, 7.000, 196.80, -18.00, 7.004, 196.75, -17.96, 0.009, 147.27, 21.11);
insert into SHOT values (2438, 2697, 2698, 1425, 11.000, 147.80, 17.00, 10.994, 147.82, 16.98, 0.008, 286.39, -47.90);
insert into SHOT values (2439, 2698, 2699, 1425, 8.700, 205.80, -11.00, 8.698, 205.75, -11.00, 0.007, 99.81, 0.30);
insert into SHOT values (2440, 2699, 2700, 1425, 10.600, 211.80, -16.00, 10.600, 211.80, -15.99, 0.002, 237.55, 74.14);
insert into SHOT values (2441, 2700, 2701, 1425, 7.900, 146.80, -7.00, 7.897, 146.82, -6.98, 0.005, 290.99, 37.79);
insert into SHOT values (2442, 2701, 2702, 1425, 9.000, 15.80, -90.00, 9.000, 90.00, -90.00, 0.000, 15.80, 0.00);
insert into SHOT values (2443, 2702, 2703, 1425, 8.900, 145.80, -12.00, 8.898, 145.82, -12.00, 0.003, 275.48, 7.74);
insert into SHOT values (2444, 2703, 2704, 1425, 7.650, 252.80, -23.00, 7.644, 252.80, -23.03, 0.007, 72.86, -7.06);
insert into SHOT values (2445, 2704, 2705, 1425, 13.100, 266.80, -30.00, 13.102, 266.82, -29.99, 0.004, 317.51, 0.00);
insert into SHOT values (2446, 2705, 2706, 1425, 2.400, 235.80, -2.00, 2.398, 235.71, -2.15, 0.008, 116.13, -55.72);
insert into SHOT values (2447, 2706, 2707, 1425, 18.700, 265.80, -65.00, 18.696, 265.80, -64.97, 0.012, 260.30, 43.56);
insert into SHOT values (2448, 2707, 2708, 1425, 16.100, 325.80, -10.00, 16.097, 325.80, -10.02, 0.006, 156.48, -44.83);
insert into SHOT values (2449, 2708, 2709, 1425, 7.300, 291.80, -18.00, 7.296, 291.83, -18.04, 0.008, 76.02, -33.42);
insert into SHOT values (2450, 2710, 2711, 1425, 21.900, 265.80, 10.00, 21.900, 265.80, 9.99, 0.003, 209.95, -67.87);
insert into SHOT values (2451, 2711, 2712, 1425, 7.000, 188.80, 13.00, 7.000, 188.77, 13.04, 0.006, 85.69, 55.71);
insert into SHOT values (2452, 2712, 2713, 1425, 19.300, 327.80, -20.00, 19.300, 327.82, -20.00, 0.005, 51.08, 11.23);
insert into SHOT values (2453, 2713, 2714, 1425, 12.000, 180.80, 22.00, 11.993, 180.82, 21.99, 0.009, 319.57, -38.14);
insert into SHOT values (2454, 2714, 2715, 1425, 10.000, 180.80, 5.00, 10.009, 180.80, 4.99, 0.009, 184.09, -9.76);
insert into SHOT values (2455, 2716, 2717, 1425, 22.300, 200.80, 17.00, 22.294, 200.80, 17.01, 0.006, 31.62, 0.98);
insert into SHOT values (2456, 2717, 2718, 1425, 24.200, 230.80, 11.00, 24.199, 230.81, 11.01, 0.004, 352.06, 33.63);
insert into SHOT values (2457, 2718, 2719, 1425, 8.100, 225.80, 37.00, 8.105, 225.81, 37.02, 0.006, 264.90, 67.15);
insert into SHOT values (2458, 2719, 2720, 1425, 16.300, 300.80, 8.00, 16.292, 300.79, 7.97, 0.011, 139.97, -50.18);
insert into SHOT values (2459, 2720, 2721, 1425, 13.400, 202.80, 16.00, 13.397, 202.80, 16.03, 0.008, 23.46, 54.03);
insert into SHOT values (2460, 2721, 2722, 1425, 11.200, 144.80, 17.00, 11.203, 144.84, 16.97, 0.010, 205.70, -28.06);
insert into SHOT values (2461, 2722, 2723, 1425, 10.450, 244.80, 13.00, 10.445, 244.82, 13.00, 0.006, 32.17, -6.97);
insert into SHOT values (2462, 2723, 2724, 1425, 7.100, 184.80, 15.00, 7.097, 184.85, 15.03, 0.008, 303.95, 18.39);
insert into SHOT values (2463, 2724, 2725, 1425, 15.000, 165.80, 38.00, 15.004, 165.80, 38.01, 0.005, 141.63, 76.95);
insert into SHOT values (2464, 2725, 2726, 1425, 11.200, 223.80, 42.00, 11.198, 223.78, 41.98, 0.005, 159.86, -55.20);
insert into SHOT values (2465, 2726, 2727, 1425, 18.500, 160.80, 41.00, 18.505, 160.81, 41.00, 0.005, 196.89, 32.45);
insert into SHOT values (2466, 2728, 2729, 1425, 7.500, 245.80, 0.00, 7.501, 245.76, 0.00, 0.006, 170.32, 0.00);
insert into CENTRELINE values (1426, 1423, NULL, '2000-02-01', NULL, 136.68, 0.00, 0.00);
 insert into SHOT values (2467, 2730, 2731, 1426, 10.270, 113.80, 5.00, 10.269, 113.81, 4.97, 0.005, 214.66, -75.12);
insert into SHOT values (2468, 2731, 2732, 1426, 5.110, 179.80, 21.00, 5.109, 179.76, 20.99, 0.004, 80.72, -19.70);
insert into SHOT values (2469, 2732, 2733, 1426, 5.600, 149.80, 1.00, 5.602, 149.77, 1.02, 0.004, 101.23, 31.38);
insert into SHOT values (2470, 2733, 2734, 1426, 5.050, 112.80, -2.00, 5.049, 112.86, -2.04, 0.006, 211.49, -37.90);
insert into SHOT values (2471, 2734, 2735, 1426, 5.340, 98.80, -1.00, 5.344, 98.83, -0.96, 0.006, 129.52, 33.78);
insert into SHOT values (2472, 2735, 2736, 1426, 5.270, 112.80, 8.00, 5.268, 112.78, 7.97, 0.004, 340.20, -52.78);
insert into SHOT values (2473, 2736, 2737, 1426, 3.260, 106.80, 23.00, 3.258, 106.68, 23.13, 0.010, 339.69, 38.17);
insert into SHOT values (2474, 2737, 2738, 1426, 2.990, 147.80, 5.00, 2.999, 147.85, 4.97, 0.010, 163.36, -3.45);
insert into SHOT values (2475, 2738, 2739, 1426, 1.620, 170.80, 19.00, 1.618, 170.97, 19.12, 0.006, 292.81, 26.09);
insert into SHOT values (2476, 2739, 2740, 1426, 3.860, 105.80, 4.00, 3.864, 105.80, 3.86, 0.011, 106.55, -61.03);
insert into SHOT values (2477, 2740, 2741, 1426, 3.080, 175.80, 12.00, 3.077, 175.81, 12.19, 0.011, 353.02, 64.26);
insert into SHOT values (2478, 2741, 2742, 1426, 10.430, 98.80, 0.00, 10.433, 98.82, 0.00, 0.005, 145.38, 0.00);
insert into SHOT values (2479, 2742, 2743, 1426, 13.330, 53.80, -26.00, 13.329, 53.76, -26.03, 0.011, 297.09, -34.88);
insert into SHOT values (2480, 2743, 2744, 1426, 17.100, 19.80, -40.00, 17.096, 19.82, -40.00, 0.006, 153.30, 17.19);
insert into SHOT values (2481, 2744, 2745, 1426, 12.950, 52.80, -40.00, 12.947, 52.78, -39.99, 0.005, 321.06, 52.81);
insert into SHOT values (2482, 2745, 2746, 1426, 10.160, 26.80, -48.00, 10.162, 26.83, -47.98, 0.005, 67.01, 4.02);
insert into SHOT values (2483, 2746, 2747, 1426, 6.290, 330.80, -34.00, 6.292, 330.73, -34.01, 0.007, 251.46, -22.57);
insert into SHOT values (2484, 2747, 2748, 1426, 14.970, 25.80, -41.00, 14.969, 25.82, -41.00, 0.003, 123.92, 21.87);
insert into CENTRELINE values (1427, 1423, NULL, '2000-02-01', NULL, 150.62, 0.00, 0.00);
 insert into SHOT values (2485, 2749, 2750, 1427, 3.930, 275.80, -19.00, 3.923, 275.73, -19.04, 0.009, 129.30, -3.34);
insert into SHOT values (2486, 2750, 2751, 1427, 7.750, 300.80, -15.00, 7.754, 300.85, -15.02, 0.008, 0.07, -31.73);
insert into SHOT values (2487, 2751, 2752, 1427, 6.000, 260.80, 6.00, 6.001, 260.74, 6.03, 0.007, 176.29, 24.75);
insert into SHOT values (2488, 2752, 2753, 1427, 2.980, 274.80, -11.00, 2.986, 274.89, -11.01, 0.007, 315.72, -10.94);
insert into SHOT values (2489, 2753, 2754, 1427, 2.230, 195.80, 6.00, 2.234, 195.66, 5.91, 0.008, 146.98, -23.33);
insert into SHOT values (2490, 2754, 2755, 1427, 17.700, 303.80, -5.00, 17.698, 303.81, -4.99, 0.004, 73.55, 49.25);
insert into SHOT values (2491, 2755, 2756, 1427, 9.970, 301.80, 2.00, 9.971, 301.79, 2.01, 0.003, 247.55, 45.39);
insert into SHOT values (2492, 2756, 2757, 1427, 3.980, 295.80, -10.00, 3.983, 295.85, -9.98, 0.004, 343.12, 14.99);
insert into SHOT values (2493, 2757, 2758, 1427, 11.820, 286.80, -3.00, 11.820, 286.79, -3.01, 0.002, 182.36, -35.12);
insert into SHOT values (2494, 2758, 2759, 1427, 3.880, 263.80, 3.00, 3.878, 263.77, 2.96, 0.004, 128.91, -49.58);
insert into SHOT values (2495, 2759, 2760, 1427, 8.720, 257.80, 3.00, 8.719, 257.80, 3.02, 0.004, 89.94, 68.44);
insert into SHOT values (2496, 2760, 2761, 1427, 5.600, 316.80, -27.00, 5.608, 316.78, -27.05, 0.009, 300.47, -55.97);
insert into SHOT values (2497, 2761, 2762, 1427, 8.830, 8.80, -38.00, 8.829, 8.76, -37.96, 0.009, 309.10, 46.22);
insert into SHOT values (2498, 2762, 2763, 1427, 4.160, 337.80, -34.00, 4.159, 337.83, -34.07, 0.006, 136.50, -40.66);
insert into SHOT values (2499, 2763, 2764, 1427, 7.680, 305.80, 3.00, 7.682, 305.82, 2.98, 0.004, 5.11, -28.79);
insert into SHOT values (2500, 2764, 2765, 1427, 3.380, 329.80, -21.00, 3.375, 329.69, -21.01, 0.008, 201.03, 9.37);
insert into SHOT values (2501, 2765, 2766, 1427, 10.200, 275.80, 0.00, 10.192, 275.80, 0.00, 0.008, 97.66, 0.00);
insert into SHOT values (2502, 2766, 2767, 1427, 6.890, 260.80, 20.00, 6.889, 260.84, 20.03, 0.006, 13.81, 34.18);
insert into SHOT values (2503, 2768, 2769, 1427, 15.770, 12.80, 34.00, 15.772, 12.81, 34.00, 0.004, 71.60, 24.68);
insert into SHOT values (2504, 2770, 2771, 1427, 9.150, 167.80, -24.00, 9.148, 167.84, -23.99, 0.006, 271.92, 14.73);
insert into CENTRELINE values (1428, 1423, NULL, '2000-02-01', NULL, 105.45, 0.00, 0.00);
 insert into SHOT values (2505, 2771, 2772, 1428, 5.500, 349.80, -17.00, 5.504, 349.82, -17.01, 0.004, 20.36, -28.16);
insert into SHOT values (2506, 2772, 2773, 1428, 17.950, 88.80, -10.00, 17.957, 88.80, -10.01, 0.007, 87.71, -24.64);
insert into SHOT values (2507, 2773, 2774, 1428, 5.260, 13.80, 53.00, 5.256, 13.73, 53.04, 0.007, 231.24, -7.07);
insert into SHOT values (2508, 2774, 2775, 1428, 10.850, 80.80, -10.00, 10.852, 80.79, -9.98, 0.005, 49.38, 54.12);
insert into SHOT values (2509, 2775, 2776, 1428, 4.400, 170.80, 6.00, 4.400, 170.80, 6.00, 0.001, 127.41, 6.90);
insert into SHOT values (2510, 2776, 2777, 1428, 7.700, 101.80, -12.00, 7.697, 101.80, -12.00, 0.003, 279.11, 19.75);
insert into SHOT values (2511, 2777, 2778, 1428, 5.300, 162.80, 4.00, 5.298, 162.83, 4.00, 0.003, 281.70, 4.93);
insert into SHOT values (2512, 2778, 2779, 1428, 5.660, 185.80, 21.00, 5.663, 185.75, 21.01, 0.005, 126.01, 17.79);
insert into SHOT values (2513, 2779, 2780, 1428, 7.900, 127.80, 22.00, 7.902, 127.79, 22.00, 0.003, 100.59, 13.82);
insert into SHOT values (2514, 2780, 2781, 1428, 9.250, 64.80, -11.00, 9.247, 64.76, -11.03, 0.009, 304.57, -34.64);
insert into SHOT values (2515, 2781, 2782, 1428, 8.480, 169.80, 22.00, 8.484, 169.75, 22.01, 0.009, 102.23, 22.50);
insert into SHOT values (2516, 2782, 2783, 1428, 17.200, 213.80, -23.00, 17.203, 213.80, -22.99, 0.004, 209.60, 8.09);
insert into CENTRELINE values (1429, 1423, NULL, '2000-02-01', NULL, 181.60, 0.00, 0.00);
 insert into SHOT values (2517, 2784, 2785, 1429, 17.200, 319.80, -5.00, 17.202, 319.80, -5.00, 0.003, 343.34, -20.14);
insert into SHOT values (2518, 2785, 2786, 1429, 20.400, 345.80, -20.00, 20.393, 345.80, -19.99, 0.009, 154.34, 57.57);
insert into SHOT values (2519, 2786, 2787, 1429, 9.750, 348.80, -30.00, 9.758, 348.81, -30.01, 0.009, 358.75, -35.46);
insert into SHOT values (2520, 2787, 2788, 1429, 4.150, 357.80, 15.00, 4.146, 357.85, 15.10, 0.009, 146.21, 41.00);
insert into SHOT values (2521, 2788, 2789, 1429, 2.900, 15.80, -90.00, 2.900, 90.00, -90.00, 0.000, 15.80, 39.81);
insert into SHOT values (2522, 2789, 2790, 1429, 10.500, 338.80, -16.00, 10.501, 338.80, -16.03, 0.006, 226.13, -86.14);
insert into SHOT values (2523, 2790, 2791, 1429, 6.150, 310.80, 0.00, 6.154, 310.78, 0.00, 0.005, 286.29, 0.00);
insert into SHOT values (2524, 2791, 2792, 1429, 10.000, 2.80, -9.00, 10.005, 2.84, -8.97, 0.010, 55.85, 26.36);
insert into SHOT values (2525, 2792, 2793, 1429, 6.200, 328.80, -23.00, 6.203, 328.76, -23.06, 0.009, 244.53, -61.36);
insert into SHOT values (2526, 2793, 2794, 1429, 5.350, 295.80, 45.00, 5.359, 295.82, 45.01, 0.009, 309.72, 52.50);
insert into SHOT values (2527, 2794, 2795, 1429, 19.800, 0.80, -24.00, 19.797, 0.82, -24.02, 0.012, 132.69, -34.90);
insert into SHOT values (2528, 2795, 2796, 1429, 19.100, 354.80, -23.00, 19.100, 354.78, -22.99, 0.008, 275.51, 22.88);
insert into SHOT values (2529, 2796, 2797, 1429, 13.150, 15.80, -36.00, 13.154, 15.81, -35.99, 0.005, 41.53, -7.71);
insert into SHOT values (2530, 2797, 2798, 1429, 6.150, 344.80, 12.00, 6.146, 344.76, 12.02, 0.006, 209.36, 12.68);
insert into SHOT values (2531, 2798, 2799, 1429, 3.950, 49.80, -34.00, 3.960, 49.81, -33.93, 0.011, 53.85, -6.26);
insert into SHOT values (2532, 2799, 2800, 1429, 10.250, 10.80, -12.00, 10.240, 10.76, -12.01, 0.012, 226.90, 5.10);
insert into SHOT values (2533, 2800, 2801, 1429, 7.200, 348.80, -23.00, 7.205, 348.88, -22.95, 0.012, 39.86, 16.33);
insert into SHOT values (2534, 2801, 2802, 1429, 3.700, 15.80, -90.00, 3.700, 90.00, -90.00, 0.000, 15.80, -11.65);
insert into SHOT values (2535, 2802, 2803, 1429, 5.700, 312.80, -30.00, 5.696, 312.78, -30.02, 0.004, 155.41, 0.00);
insert into CENTRELINE values (1430, 1423, NULL, '2000-02-01', NULL, 313.87, 0.00, 0.00);
 insert into SHOT values (2536, 2804, 2805, 1430, 6.390, 116.80, 3.00, 6.391, 116.73, 3.05, 0.010, 30.29, 33.36);
insert into SHOT values (2537, 2805, 2806, 1430, 17.610, 207.80, 3.00, 17.612, 207.79, 2.99, 0.005, 151.48, -19.35);
insert into SHOT values (2538, 2806, 2807, 1430, 17.200, 193.80, 1.00, 17.199, 193.79, 1.00, 0.003, 71.71, -3.80);
insert into SHOT values (2539, 2807, 2808, 1430, 7.600, 277.80, 4.00, 7.609, 277.80, 3.99, 0.009, 275.75, -0.98);
insert into SHOT values (2540, 2808, 2809, 1430, 10.220, 208.80, 3.00, 10.222, 208.75, 2.97, 0.011, 133.05, -26.93);
insert into SHOT values (2541, 2809, 2810, 1430, 5.820, 166.80, -2.00, 5.815, 166.87, -1.97, 0.009, 289.28, 20.08);
insert into SHOT values (2542, 2810, 2811, 1430, 9.260, 196.80, -17.00, 9.261, 196.74, -17.02, 0.010, 105.20, -14.69);
insert into SHOT values (2543, 2811, 2812, 1430, 16.360, 189.80, 5.00, 16.361, 189.82, 5.01, 0.007, 268.49, 36.69);
insert into SHOT values (2544, 2812, 2813, 1430, 8.900, 222.80, 4.00, 8.895, 222.81, 4.00, 0.005, 30.89, -9.82);
insert into SHOT values (2545, 2813, 2814, 1430, 6.140, 147.80, 0.00, 6.143, 147.84, 0.00, 0.005, 201.89, 0.00);
insert into SHOT values (2546, 2814, 2815, 1430, 23.140, 195.80, 4.00, 23.140, 195.81, 3.99, 0.006, 287.46, -43.44);
insert into SHOT values (2547, 2815, 2816, 1430, 15.760, 204.80, 6.00, 15.751, 204.80, 6.01, 0.010, 30.50, 15.77);
insert into SHOT values (2548, 2816, 2817, 1430, 10.780, 237.80, -8.00, 10.778, 237.78, -8.00, 0.004, 117.49, 4.35);
insert into SHOT values (2549, 2818, 2819, 1430, 23.100, 25.80, 24.00, 23.100, 25.79, 24.01, 0.007, 280.00, 40.02);
insert into SHOT values (2550, 2819, 2820, 1430, 11.760, 27.80, 10.00, 11.760, 27.85, 9.99, 0.010, 118.27, -12.51);
insert into SHOT values (2551, 2820, 2821, 1430, 18.270, 44.80, -19.00, 18.271, 44.79, -19.01, 0.004, 316.48, -26.21);
insert into SHOT values (2552, 2821, 2822, 1430, 19.020, 319.80, -20.00, 19.020, 319.79, -19.98, 0.007, 248.85, 49.73);
insert into SHOT values (2553, 2822, 2823, 1430, 11.520, 78.80, 10.00, 11.520, 78.82, 10.00, 0.003, 162.78, -7.06);
insert into SHOT values (2554, 2823, 2824, 1430, 10.500, 24.80, -19.00, 10.509, 24.81, -18.99, 0.010, 35.20, -9.20);
insert into SHOT values (2555, 2824, 2825, 1430, 10.040, 39.80, 2.00, 10.031, 39.82, 2.00, 0.009, 198.97, -2.43);
insert into SHOT values (2556, 2825, 2826, 1430, 7.720, 30.80, 8.00, 7.720, 30.76, 7.97, 0.007, 306.56, -37.19);
insert into SHOT values (2557, 2826, 2827, 1430, 6.340, 53.80, -24.00, 6.345, 53.84, -23.99, 0.006, 95.55, -11.90);
insert into SHOT values (2558, 2827, 2828, 1430, 13.520, 17.80, 15.00, 13.525, 17.78, 15.00, 0.006, 337.19, 6.78);
insert into SHOT values (2559, 2828, 2829, 1430, 8.660, 41.80, 11.00, 8.659, 41.85, 11.05, 0.011, 152.27, 43.59);
insert into SHOT values (2560, 2829, 2830, 1430, 11.520, 30.80, -19.00, 11.519, 30.76, -19.00, 0.009, 297.93, 3.62);
insert into SHOT values (2561, 2830, 2831, 1430, 6.720, 51.80, -24.00, 6.729, 51.81, -24.03, 0.009, 56.07, -45.41);
insert into CENTRELINE values (1431, 1423, NULL, '2000-02-01', NULL, 93.60, 0.00, 0.00);
 insert into SHOT values (2562, 2832, 2833, 1431, 7.600, 62.80, -32.00, 7.601, 62.76, -32.02, 0.005, 328.36, -28.61);
insert into SHOT values (2563, 2833, 2834, 1431, 17.000, 355.80, -3.00, 16.999, 355.81, -3.00, 0.003, 111.56, -5.30);
insert into SHOT values (2564, 2835, 2836, 1431, 19.600, 43.80, -25.00, 19.601, 43.81, -24.99, 0.006, 99.19, 34.97);
insert into SHOT values (2565, 2836, 2837, 1431, 19.300, 64.80, -18.00, 19.305, 64.79, -18.01, 0.008, 14.73, -48.59);
insert into SHOT values (2566, 2837, 2838, 1431, 16.100, 81.80, -32.00, 16.095, 81.83, -32.00, 0.008, 209.83, 11.84);
insert into SHOT values (2567, 2838, 2839, 1431, 14.000, 19.80, -30.00, 14.003, 19.81, -29.99, 0.004, 47.00, 0.00);
insert into CENTRELINE values (1432, 1423, NULL, '2000-02-01', NULL, 79.48, 0.00, 0.00);
 insert into SHOT values (2568, 2840, 2841, 1432, 20.500, 70.80, -25.00, 20.498, 70.79, -25.02, 0.009, 273.32, -46.36);
insert into SHOT values (2569, 2841, 2842, 1432, 20.300, 82.80, -22.00, 20.304, 82.80, -21.98, 0.008, 77.10, 34.01);
insert into SHOT values (2570, 2842, 2843, 1432, 10.200, 15.80, -90.00, 10.200, 90.00, -90.00, 0.000, 15.80, -5.70);
insert into SHOT values (2571, 2843, 2844, 1432, 9.870, 82.80, -14.00, 9.869, 82.80, -14.01, 0.003, 268.20, -59.10);
insert into SHOT values (2572, 2844, 2845, 1432, 9.740, 11.80, -20.00, 9.740, 11.79, -19.99, 0.002, 294.30, 31.35);
insert into SHOT values (2573, 2845, 2846, 1432, 8.870, 57.80, -21.00, 8.871, 57.83, -21.01, 0.004, 132.89, -19.25);
insert into CENTRELINE values (1433, 1423, NULL, '2000-02-01', NULL, 97.90, 0.00, 0.00);
 insert into SHOT values (2574, 2847, 2848, 1433, 6.300, 53.80, 0.00, 6.296, 53.79, 0.00, 0.004, 260.21, 0.00);
insert into SHOT values (2575, 2848, 2849, 1433, 12.150, 15.80, -90.00, 12.150, 90.00, -90.00, 0.000, 15.80, -7.16);
insert into SHOT values (2576, 2849, 2850, 1433, 6.510, 15.80, -90.00, 6.510, 90.00, -90.00, 0.000, 15.80, 21.34);
insert into SHOT values (2577, 2850, 2851, 1433, 20.280, 15.80, -90.00, 20.280, 90.00, -90.00, 0.000, 15.80, 0.00);
insert into SHOT values (2578, 2851, 2852, 1433, 4.410, 75.80, -41.00, 4.411, 75.76, -40.93, 0.006, 43.10, 32.89);
insert into SHOT values (2579, 2852, 2853, 1433, 24.400, 15.80, -90.00, 24.400, 90.00, -90.00, 0.000, 15.80, -4.77);
insert into SHOT values (2580, 2853, 2854, 1433, 5.370, 354.80, -56.00, 5.376, 354.84, -56.05, 0.008, 103.90, -75.14);
insert into SHOT values (2581, 2854, 2855, 1433, 13.050, 18.80, -68.00, 13.050, 18.73, -68.00, 0.006, 291.93, -2.40);
insert into SHOT values (2582, 2855, 2856, 1433, 5.430, 52.80, -56.00, 5.431, 52.75, -55.96, 0.005, 17.68, 20.58);
insert into CENTRELINE values (1434, 1423, NULL, '2000-02-01', NULL, 181.42, 0.00, 0.00);
 insert into SHOT values (2583, 2857, 2858, 1434, 5.000, 285.80, -10.00, 5.002, 285.79, -10.02, 0.003, 247.49, -38.59);
insert into SHOT values (2584, 2858, 2859, 1434, 5.500, 15.80, -14.00, 5.494, 15.78, -14.01, 0.006, 212.78, 5.52);
insert into SHOT values (2585, 2859, 2860, 1434, 14.000, 15.80, 90.00, 14.000, 90.00, 90.00, 0.000, 15.80, 0.00);
insert into SHOT values (2586, 2860, 2861, 1434, 18.100, 100.80, 75.00, 18.108, 100.69, 74.98, 0.013, 46.56, 30.30);
insert into SHOT values (2587, 2861, 2862, 1434, 31.000, 290.80, 82.00, 30.993, 290.74, 81.99, 0.011, 252.46, -49.11);
insert into SHOT values (2588, 2862, 2863, 1434, 13.500, 190.80, 85.00, 13.502, 190.74, 84.98, 0.004, 173.23, 17.79);
insert into SHOT values (2589, 2863, 2864, 1434, 6.000, 120.80, 70.00, 6.004, 120.68, 69.95, 0.008, 83.62, 14.02);
insert into SHOT values (2590, 2864, 2865, 1434, 10.500, 130.80, 53.00, 10.502, 130.83, 53.02, 0.006, 255.58, 51.06);
insert into SHOT values (2591, 2866, 2867, 1434, 10.250, 157.80, 12.00, 10.248, 157.78, 12.00, 0.004, 34.80, -17.28);
insert into SHOT values (2592, 2867, 2868, 1434, 8.800, 129.80, -2.00, 8.803, 129.79, -1.95, 0.008, 94.87, 64.56);
insert into SHOT values (2593, 2868, 2869, 1434, 7.100, 145.80, -3.00, 7.093, 145.82, -2.99, 0.007, 309.96, 13.23);
insert into SHOT values (2594, 2869, 2870, 1434, 8.270, 140.80, 25.00, 8.271, 140.79, 24.96, 0.006, 117.21, -56.36);
insert into SHOT values (2595, 2870, 2871, 1434, 10.600, 89.80, 12.00, 10.601, 89.83, 11.98, 0.007, 163.99, -32.11);
insert into SHOT values (2596, 2871, 2872, 1434, 3.300, 347.80, 0.00, 3.305, 347.77, 0.00, 0.005, 328.96, 0.00);
insert into SHOT values (2597, 2872, 2873, 1434, 11.000, 348.80, -27.00, 10.994, 348.82, -26.99, 0.007, 142.29, 34.63);
insert into SHOT values (2598, 2873, 2874, 1434, 9.000, 100.80, -7.00, 8.995, 100.78, -7.02, 0.007, 311.39, -27.16);
insert into SHOT values (2599, 2874, 2875, 1434, 9.500, 142.80, 38.00, 9.501, 142.76, 38.01, 0.005, 53.37, 13.49);
insert into SURVEY values (1436, 1387, 'CuevaAyayema', 'CuevaAyayema.206.UltimaPatagonia', 'Cueva Ayayema');
 insert into CENTRELINE values (1437, 1436, NULL, NULL, NULL, 0.00, 0.00, 0.00);
 insert into SURVEY values (1439, 1387, 'GrotteDuDyke', 'GrotteDuDyke.206.UltimaPatagonia', 'Grotte du Dyke');
 insert into CENTRELINE values (1440, 1439, NULL, NULL, NULL, 0.00, 0.00, 0.00);
 insert into CENTRELINE values (1442, 1387, NULL, NULL, NULL, 0.00, 0.00, 0.00);
 insert into SURVEY values (1444, 22, '207', '207.UltimaPatagonia', '207 Condors');
 insert into CENTRELINE values (1445, 1444, NULL, NULL, NULL, 0.00, 0.00, 0.00);
 insert into SURVEY values (1446, 1444, 'SystemeCondors', 'SystemeCondors.207.UltimaPatagonia', 'SystemeCondors');
 insert into CENTRELINE values (1447, 1446, NULL, NULL, NULL, 0.00, 0.00, 0.00);
 insert into CENTRELINE values (1448, 1446, NULL, '2006-02-01', NULL, 270.10, 0.00, 0.00);
 insert into SHOT values (2600, 2920, 2921, 1448, 13.000, 341.35, 6.00, 12.999, 341.37, 6.01, 0.004, 89.28, 14.78);
insert into SHOT values (2601, 2921, 2922, 1448, 7.700, 312.35, -4.00, 7.706, 312.36, -4.02, 0.007, 328.56, -24.45);
insert into SHOT values (2602, 2922, 2923, 1448, 8.800, 268.35, -24.00, 8.795, 268.36, -24.02, 0.006, 76.85, -6.79);
insert into SHOT values (2603, 2923, 2924, 1448, 10.200, 255.35, -27.00, 10.198, 255.34, -27.00, 0.003, 119.07, 12.26);
insert into SHOT values (2604, 2924, 2925, 1448, 8.500, 263.35, -2.00, 8.502, 263.38, -2.02, 0.005, 327.38, -37.97);
insert into SHOT values (2605, 2925, 2926, 1448, 12.500, 290.35, 0.00, 12.498, 290.32, 0.00, 0.007, 181.91, 0.00);
insert into SHOT values (2606, 2926, 2927, 1448, 11.900, 215.35, 24.00, 11.895, 215.37, 24.01, 0.007, 358.83, -1.40);
insert into SHOT values (2607, 2927, 2928, 1448, 13.000, 220.35, -11.00, 13.002, 220.33, -11.00, 0.005, 153.34, 5.51);
insert into SHOT values (2608, 2928, 2929, 1448, 7.800, 191.35, 1.00, 7.805, 191.38, 1.03, 0.007, 233.70, 31.58);
insert into SHOT values (2609, 2929, 2930, 1448, 6.700, 247.35, 20.00, 6.698, 247.39, 19.99, 0.005, 5.04, -18.79);
insert into SHOT values (2610, 2930, 2931, 1448, 15.200, 205.35, -13.00, 15.196, 205.35, -13.01, 0.004, 16.03, -9.59);
insert into SHOT values (2611, 2932, 2933, 1448, 3.200, 54.35, 0.00, 3.197, 54.42, 0.00, 0.005, 183.66, 0.00);
insert into SHOT values (2612, 2933, 2934, 1448, 9.300, 70.35, -1.00, 9.304, 70.34, -1.05, 0.009, 41.56, -60.54);
insert into SHOT values (2613, 2934, 2935, 1448, 8.600, 343.35, 4.00, 8.601, 343.34, 4.00, 0.002, 286.95, 2.58);
insert into SHOT values (2614, 2935, 2936, 1448, 9.200, 35.35, -30.00, 9.201, 35.35, -30.00, 0.002, 7.18, -0.00);
insert into SHOT values (2615, 2936, 2937, 1448, 6.800, 318.35, 8.00, 6.802, 318.31, 8.03, 0.006, 250.95, 34.87);
insert into SHOT values (2616, 2937, 2938, 1448, 2.600, 303.35, 18.00, 2.595, 303.43, 17.96, 0.007, 84.08, -31.75);
insert into SHOT values (2617, 2938, 2939, 1448, 2.000, 15.35, 90.00, 2.000, 90.00, 90.00, 0.000, 15.35, 0.00);
insert into SHOT values (2618, 2937, 2940, 1448, 8.600, 186.35, 6.00, 8.599, 186.31, 6.01, 0.006, 86.22, 9.83);
insert into SHOT values (2619, 2937, 2941, 1448, 5.000, 25.35, -30.00, 5.000, 25.44, -30.00, 0.007, 117.64, 0.00);
insert into SHOT values (2620, 2942, 2941, 1448, 9.300, 186.35, 29.00, 9.306, 186.35, 28.99, 0.006, 182.50, 12.04);
insert into SHOT values (2621, 2942, 2943, 1448, 12.200, 336.35, 22.00, 12.199, 336.34, 22.00, 0.003, 236.11, -3.82);
insert into SHOT values (2622, 2942, 2944, 1448, 17.500, 3.35, 3.00, 17.494, 3.35, 3.01, 0.008, 193.31, 33.15);
insert into SHOT values (2623, 2943, 2945, 1448, 4.000, 15.35, 90.00, 4.000, 90.00, 90.00, 0.000, 15.35, 0.00);
insert into SHOT values (2624, 2945, 2946, 1448, 15.500, 42.35, 0.00, 15.495, 42.36, 0.00, 0.005, 200.19, 0.00);
insert into SHOT values (2625, 2946, 2947, 1448, 5.300, 8.35, -4.00, 5.299, 8.38, -4.00, 0.002, 115.77, -6.98);
insert into SHOT values (2626, 2947, 2948, 1448, 13.700, 15.35, 8.00, 13.707, 15.34, 8.01, 0.008, 348.64, 23.96);
insert into SHOT values (2627, 2948, 2949, 1448, 14.200, 21.35, -2.00, 14.194, 21.37, -2.02, 0.009, 156.18, -28.75);
insert into SHOT values (2628, 2949, 2931, 1448, 7.800, 54.35, -24.00, 7.802, 54.30, -23.97, 0.007, 357.47, 19.92);
insert into SURVEY values (1450, 1444, 'ResurgenceLobos', 'ResurgenceLobos.207.UltimaPatagonia', 'Resurgence des Lobos');
 insert into CENTRELINE values (1451, 1450, NULL, NULL, NULL, 0.00, 0.00, 0.00);
 insert into CENTRELINE values (1452, 1450, NULL, '2000-02-01', NULL, 291.00, 0.00, 0.00);
 insert into SHOT values (2629, 2950, 2951, 1452, 1.000, 325.80, -53.13, 1.003, 325.78, -52.92, 0.005, 323.56, 0.00);
insert into SHOT values (2630, 2951, 2952, 1452, 5.000, 15.80, -16.26, 4.993, 15.86, -16.28, 0.009, 161.20, 0.00);
insert into SHOT values (2631, 2952, 2953, 1452, 5.000, 15.80, -22.33, 5.006, 15.66, -22.30, 0.014, 316.32, 0.00);
insert into SHOT values (2632, 2953, 2954, 1452, 10.000, 340.80, -32.01, 9.991, 340.84, -32.04, 0.012, 134.30, 0.00);
insert into SHOT values (2633, 2954, 2955, 1452, 10.000, 340.80, -17.46, 10.002, 340.79, -17.45, 0.003, 290.50, 0.00);
insert into SHOT values (2634, 2955, 2956, 1452, 10.000, 340.80, -17.46, 10.002, 340.79, -17.45, 0.003, 290.50, 0.00);
insert into SHOT values (2635, 2956, 2957, 1452, 10.000, 340.80, -27.39, 10.004, 340.81, -27.38, 0.005, 358.11, 0.00);
insert into SHOT values (2636, 2957, 2958, 1452, 30.000, 340.80, -19.47, 29.999, 340.80, -19.47, 0.002, 139.93, 0.00);
insert into SHOT values (2637, 2958, 2959, 1452, 20.000, 325.80, -23.58, 19.998, 325.81, -23.58, 0.003, 108.27, 0.00);
insert into SHOT values (2638, 2959, 2960, 1452, 20.000, 355.80, -2.87, 19.998, 355.81, -2.87, 0.003, 119.85, 0.00);
insert into SHOT values (2639, 2960, 2961, 1452, 25.000, 355.80, -2.29, 24.997, 355.80, -2.29, 0.003, 201.60, 0.00);
insert into SHOT values (2640, 2961, 2962, 1452, 15.000, 15.80, 41.81, 15.001, 15.78, 41.81, 0.005, 295.75, 0.00);
insert into SHOT values (2641, 2962, 2963, 1452, 40.000, 15.80, 7.18, 40.004, 15.80, 7.18, 0.005, 42.91, 0.00);
insert into SHOT values (2642, 2963, 2964, 1452, 10.000, 295.80, 30.00, 10.003, 295.80, 29.99, 0.003, 280.59, 0.00);
insert into SHOT values (2643, 2964, 2965, 1452, 5.000, 295.80, -53.13, 4.998, 295.71, -53.16, 0.006, 170.92, 0.00);
insert into SHOT values (2644, 2965, 2966, 1452, 5.000, 195.80, -53.13, 4.997, 195.89, -53.18, 0.007, 335.07, 0.00);
insert into SHOT values (2645, 2966, 2967, 1452, 15.000, 215.80, -32.23, 15.005, 215.77, -32.22, 0.009, 164.08, 0.00);
insert into SHOT values (2646, 2967, 2968, 1452, 5.000, 345.80, -23.58, 5.006, 345.87, -23.55, 0.008, 28.48, 0.00);
insert into SHOT values (2647, 2968, 2969, 1452, 10.000, 325.80, -5.74, 10.005, 325.77, -5.74, 0.008, 273.82, -0.00);
insert into SHOT values (2648, 2969, 2970, 1452, 5.000, 325.80, -53.13, 4.997, 325.89, -53.17, 0.006, 101.75, 0.00);
insert into SHOT values (2649, 2970, 2971, 1452, 5.000, 315.80, -11.54, 5.002, 315.74, -11.53, 0.005, 244.69, 0.00);
insert into SHOT values (2650, 2971, 2972, 1452, 10.000, 295.80, -5.74, 9.993, 295.82, -5.74, 0.008, 95.26, -0.00);
insert into SHOT values (2651, 2972, 2973, 1452, 10.000, 355.80, -5.74, 9.997, 355.79, -5.74, 0.004, 206.06, -0.00);
insert into SHOT values (2652, 2973, 2974, 1452, 10.000, 355.80, -17.46, 10.006, 355.79, -17.45, 0.006, 345.51, 0.00);
insert into CENTRELINE values (1454, 1444, NULL, NULL, NULL, 0.00, 0.00, 0.00);
 insert into SURVEY values (1456, 22, '208', '208.UltimaPatagonia', '208 Lobos');
 insert into CENTRELINE values (1457, 1456, NULL, NULL, NULL, 0.00, 0.00, 0.00);
 insert into SURVEY values (1458, 1456, 'Cueva10H10', 'Cueva10H10.208.UltimaPatagonia', 'Cueva 10H10');
 insert into CENTRELINE values (1459, 1458, NULL, NULL, NULL, 0.00, 0.00, 0.00);
 insert into CENTRELINE values (1460, 1458, NULL, '2008-02-26', NULL, 341.40, 0.00, 0.00);
 insert into SHOT values (2653, 2977, 2978, 1460, 10.800, 351.19, -9.00, 10.798, 351.21, -9.00, 0.003, 111.68, -8.42);
insert into SHOT values (2654, 2978, 2979, 1460, 45.700, 357.19, 0.00, 45.695, 357.19, 0.00, 0.006, 201.28, 0.00);
insert into SHOT values (2655, 2979, 2980, 1460, 51.700, 329.19, -6.00, 51.705, 329.20, -5.99, 0.010, 19.79, 25.18);
insert into SHOT values (2656, 2981, 2980, 1460, 37.500, 349.19, 0.00, 37.505, 349.20, 0.00, 0.005, 14.14, 0.00);
insert into SHOT values (2657, 2982, 2981, 1460, 36.500, 10.19, 0.00, 36.496, 10.20, 0.00, 0.004, 168.80, 0.00);
insert into SHOT values (2658, 2983, 2982, 1460, 15.300, 0.19, -15.00, 15.301, 0.19, -15.00, 0.001, 8.44, -2.74);
insert into SHOT values (2659, 2984, 2983, 1460, 5.600, 359.19, -8.00, 5.605, 359.17, -8.00, 0.005, 339.40, -6.67);
insert into SHOT values (2660, 2980, 2985, 1460, 21.300, 20.19, 0.00, 21.298, 20.19, 0.00, 0.003, 251.79, 0.00);
insert into SHOT values (2661, 2985, 2986, 1460, 29.000, 17.19, 15.00, 29.001, 17.19, 15.01, 0.004, 211.52, 88.09);
insert into SHOT values (2662, 2986, 2987, 1460, 25.000, 336.19, -1.00, 25.001, 336.19, -1.01, 0.004, 350.37, -78.81);
insert into SHOT values (2663, 2987, 2988, 1460, 22.000, 325.19, 10.00, 22.002, 325.19, 10.00, 0.003, 283.14, -5.01);
insert into SHOT values (2664, 2988, 2989, 1460, 19.000, 338.19, 25.00, 18.991, 338.20, 25.01, 0.010, 138.03, 1.42);
insert into SHOT values (2665, 2989, 2990, 1460, 22.000, 15.19, 30.00, 22.002, 15.18, 30.00, 0.005, 316.95, -0.00);
insert into SURVEY values (1462, 1456, 'Grotte20PlageDeLaBaleine', 'Grotte20PlageDeLaBaleine.208.UltimaPatagonia', 'Grotte 20 plage de la Baleine');
 insert into CENTRELINE values (1463, 1462, NULL, NULL, NULL, 0.00, 0.00, 0.00);
 insert into CENTRELINE values (1465, 1456, NULL, NULL, NULL, 0.00, 0.00, 0.00);
 insert into SURVEY values (1467, 22, '209', '209.UltimaPatagonia', '209 Soplador');
 insert into CENTRELINE values (1468, 1467, NULL, NULL, NULL, 0.00, 0.00, 0.00);
 insert into SURVEY values (1469, 1467, 'GrotteDuPleinCintre', 'GrotteDuPleinCintre.209.UltimaPatagonia', 'Perte du Plein Cintre');
 insert into CENTRELINE values (1470, 1469, NULL, NULL, NULL, 0.00, 0.00, 0.00);
 insert into CENTRELINE values (1471, 1469, NULL, NULL, NULL, 291.02, 0.00, 0.00);
 insert into SHOT values (2666, 2996, 2997, 1471, 3.800, 54.80, 80.00, 3.808, 54.87, 80.01, 0.008, 114.13, 83.64);
insert into SHOT values (2667, 2997, 2998, 1471, 2.080, 183.30, 5.00, 2.081, 183.32, 4.96, 0.002, 206.25, -40.38);
insert into SHOT values (2668, 2998, 2999, 1471, 3.640, 262.80, 38.00, 3.722, 260.86, 37.38, 0.135, 213.88, 8.12);
insert into SHOT values (2669, 2999, 3000, 1471, 7.570, 288.30, 35.00, 7.569, 285.56, 35.17, 0.297, 194.20, 3.48);
insert into SHOT values (2670, 3000, 3001, 1471, 2.580, 343.80, -12.00, 2.369, 342.66, -12.19, 0.217, 176.25, 9.66);
insert into SHOT values (2671, 3001, 3002, 1471, 2.440, 238.80, -21.00, 2.615, 237.15, -20.36, 0.190, 216.62, -10.78);
insert into SHOT values (2672, 3002, 3003, 1471, 2.440, 218.80, 0.00, 2.439, 218.84, 0.00, 0.002, 326.13, 0.00);
insert into SHOT values (2673, 3003, 3004, 1471, 3.540, 186.80, 12.00, 3.540, 186.80, 11.90, 0.006, 177.29, -73.95);
insert into SHOT values (2674, 3004, 3005, 1471, 3.220, 258.30, 17.00, 3.214, 258.36, 17.01, 0.007, 50.74, -11.77);
insert into SHOT values (2675, 3005, 3006, 1471, 1.850, 333.80, 0.00, 1.851, 333.71, 0.00, 0.003, 270.89, 0.00);
insert into SHOT values (2676, 3006, 3007, 1471, 4.080, 287.80, 4.00, 4.074, 287.77, 4.08, 0.009, 129.64, 38.66);
insert into SHOT values (2677, 3007, 3008, 1471, 6.420, 217.30, 32.00, 6.419, 217.31, 31.99, 0.002, 324.55, -63.56);
insert into SHOT values (2678, 3008, 3009, 1471, 5.950, 198.80, 43.00, 5.954, 198.89, 42.99, 0.008, 265.14, 15.59);
insert into SHOT values (2679, 3009, 3010, 1471, 3.230, 203.80, 7.00, 3.225, 203.76, 6.95, 0.006, 49.50, -35.96);
insert into SHOT values (2680, 3010, 3011, 1471, 5.100, 286.80, 13.00, 5.101, 286.72, 13.03, 0.008, 203.92, 21.42);
insert into SHOT values (2681, 3011, 3012, 1471, 5.220, 319.80, -11.00, 5.221, 319.91, -11.04, 0.010, 49.82, -22.65);
insert into SHOT values (2682, 3012, 3013, 1471, 2.100, 18.80, -8.00, 2.101, 18.78, -7.93, 0.003, 350.92, 57.92);
insert into SHOT values (2683, 3013, 3014, 1471, 5.600, 306.80, 0.00, 5.602, 306.73, 0.00, 0.008, 232.19, 0.00);
insert into SHOT values (2684, 3010, 3015, 1471, 10.300, 216.80, 19.00, 10.301, 216.78, 19.04, 0.008, 116.08, 56.17);
insert into SHOT values (2685, 3012, 3016, 1471, 12.440, 195.80, 5.00, 12.447, 195.82, 5.02, 0.010, 223.76, 36.49);
insert into SHOT values (2686, 3010, 3017, 1471, 6.000, 12.80, 10.00, 5.998, 12.81, 9.99, 0.003, 159.15, -41.82);
insert into SHOT values (2687, 3017, 3018, 1471, 10.210, 0.80, 27.00, 10.216, 0.82, 27.01, 0.007, 36.45, 45.86);
insert into SHOT values (2688, 3002, 3019, 1471, 9.150, 43.80, -59.00, 9.038, 45.00, -61.60, 0.437, 211.56, -14.15);
insert into SHOT values (2689, 2998, 3020, 1471, 3.680, 247.80, 44.00, 3.560, 249.84, 44.83, 0.160, 31.89, -16.82);
insert into SHOT values (2690, 3020, 3021, 1471, 5.300, 334.80, 39.00, 5.450, 336.17, 37.79, 0.214, 3.66, 1.23);
insert into SHOT values (2691, 3021, 3022, 1471, 2.390, 0.80, 6.00, 2.644, 1.31, 5.64, 0.255, 6.03, 2.29);
insert into SHOT values (2692, 3022, 3023, 1471, 1.950, 29.30, 16.00, 2.191, 28.87, 15.35, 0.242, 25.48, 10.10);
insert into SHOT values (2693, 3023, 3024, 1471, 3.800, 337.80, 13.00, 4.005, 339.02, 12.55, 0.222, 359.72, 3.92);
insert into SHOT values (2694, 3024, 3025, 1471, 1.970, 15.80, 7.00, 2.219, 15.80, 6.73, 0.249, 15.81, 4.59);
insert into SHOT values (2695, 3025, 3026, 1471, 3.380, 345.30, -2.00, 3.604, 346.35, -2.07, 0.233, 1.75, -2.96);
insert into SHOT values (2696, 3026, 3027, 1471, 3.430, 59.30, -35.00, 3.431, 59.25, -34.84, 0.010, 35.84, 46.86);
insert into SHOT values (2697, 3027, 3028, 1471, 7.810, 341.80, 3.00, 7.812, 341.77, 3.01, 0.004, 281.06, 16.35);
insert into SHOT values (2698, 3028, 3029, 1471, 4.290, 13.80, 0.00, 4.283, 13.78, 0.00, 0.007, 209.11, 0.00);
insert into SHOT values (2699, 3026, 3030, 1471, 3.740, 257.80, 48.00, 3.661, 259.99, 48.69, 0.131, 31.26, -12.99);
insert into SHOT values (2700, 3030, 3031, 1471, 4.670, 229.80, 14.00, 4.465, 231.20, 14.40, 0.234, 22.99, -4.85);
insert into SHOT values (2701, 3031, 3032, 1471, 4.510, 220.80, 24.00, 4.505, 220.86, 24.11, 0.011, 14.22, 31.70);
insert into SHOT values (2702, 3031, 3033, 1471, 0.700, 15.80, -90.00, 0.704, 15.95, -84.06, 0.073, 15.95, 0.00);
insert into SHOT values (2703, 3033, 3034, 1471, 5.950, 77.80, -44.00, 6.045, 75.81, -43.23, 0.196, 26.24, -1.98);
insert into SHOT values (2704, 3034, 3035, 1471, 4.260, 117.80, -39.00, 4.221, 115.62, -39.42, 0.135, 4.91, 0.39);
insert into SHOT values (2705, 3035, 3036, 1471, 3.160, 88.80, -58.00, 3.203, 86.34, -57.45, 0.090, 31.43, -12.93);
insert into SHOT values (2706, 3036, 3037, 1471, 2.300, 343.80, -3.00, 2.528, 345.08, -2.95, 0.235, 357.74, -2.35);
insert into SHOT values (2707, 3037, 3038, 1471, 2.720, 228.80, -18.00, 2.526, 230.26, -18.70, 0.206, 31.47, 8.52);
insert into SHOT values (2708, 3038, 3039, 1471, 4.300, 226.80, -10.00, 4.089, 228.02, -10.43, 0.230, 24.93, 1.66);
insert into SHOT values (2709, 3039, 3040, 1471, 7.560, 193.80, -18.00, 7.318, 193.71, -19.06, 0.278, 16.00, -11.16);
insert into SHOT values (2710, 3040, 3019, 1471, 0.000, 15.80, 0.00, 0.071, 8.13, 0.00, 0.071, 8.13, 0.00);
insert into SHOT values (2711, 2998, 3041, 1471, 1.770, 167.30, 13.00, 1.768, 167.25, 13.07, 0.003, 19.96, 35.16);
insert into SHOT values (2712, 3041, 3042, 1471, 2.640, 181.30, 3.00, 2.634, 181.31, 2.83, 0.010, 358.82, -55.07);
insert into SHOT values (2713, 3042, 3043, 1471, 2.710, 59.80, -7.00, 2.704, 59.81, -7.01, 0.006, 238.12, 2.71);
insert into SHOT values (2714, 3043, 3044, 1471, 10.180, 120.30, -46.00, 10.181, 120.30, -45.97, 0.006, 114.12, 30.35);
insert into SHOT values (2715, 3044, 3045, 1471, 4.220, 50.30, -9.00, 4.213, 50.26, -9.01, 0.007, 251.51, 1.20);
insert into SHOT values (2716, 3045, 3046, 1471, 4.300, 79.80, -70.00, 4.300, 79.83, -69.97, 0.003, 98.87, 14.73);
insert into SHOT values (2717, 3046, 3047, 1471, 3.890, 104.80, -60.00, 3.890, 104.61, -60.04, 0.007, 356.20, -9.54);
insert into SHOT values (2718, 3047, 3048, 1471, 4.430, 85.30, -13.00, 4.429, 85.35, -13.05, 0.005, 208.69, -40.42);
insert into SHOT values (2719, 3048, 3049, 1471, 3.530, 95.30, -3.00, 3.530, 95.37, -2.92, 0.006, 181.10, 47.91);
insert into SHOT values (2720, 3049, 3050, 1471, 2.450, 183.30, 3.00, 2.447, 183.28, 3.04, 0.003, 19.28, 33.01);
insert into SHOT values (2721, 3050, 3051, 1471, 4.850, 186.80, -5.00, 4.852, 186.77, -4.97, 0.004, 138.16, 39.35);
insert into SHOT values (2722, 3051, 3052, 1471, 6.800, 15.80, -90.00, 6.800, 90.00, -90.00, 0.000, 15.80, -25.93);
insert into SHOT values (2723, 3050, 3053, 1471, 7.700, 15.80, -90.00, 7.700, 90.00, -90.00, 0.000, 15.80, 23.24);
insert into SHOT values (2724, 3054, 3055, 1471, 3.520, 15.80, 90.00, 3.520, 90.00, 90.00, 0.000, 15.80, 39.73);
insert into SHOT values (2725, 3055, 3056, 1471, 2.870, 154.80, 25.00, 2.875, 154.81, 24.89, 0.008, 158.22, -22.85);
insert into SHOT values (2726, 3056, 3057, 1471, 3.530, 53.80, 22.00, 3.532, 53.69, 21.95, 0.008, 350.34, -18.29);
insert into SHOT values (2727, 3057, 3058, 1471, 2.220, 7.80, -25.00, 2.217, 7.73, -25.08, 0.005, 222.64, -21.25);
insert into SHOT values (2728, 3058, 3059, 1471, 5.270, 100.80, -26.00, 5.277, 100.81, -25.96, 0.008, 107.67, 1.62);
insert into SHOT values (2729, 3059, 3060, 1471, 5.610, 14.30, -20.00, 5.611, 14.27, -20.01, 0.003, 307.24, -24.30);
insert into SHOT values (2730, 3060, 3061, 1471, 3.590, 274.30, 15.00, 3.592, 274.30, 15.00, 0.002, 267.45, 21.83);
insert into SHOT values (2731, 3061, 3052, 1471, 4.110, 348.80, 24.00, 4.111, 348.78, 24.12, 0.009, 194.29, 68.43);
insert into CENTRELINE values (1472, 1469, NULL, NULL, NULL, 164.68, 0.00, 0.00);
 insert into SHOT values (2732, 3062, 3063, 1472, 6.720, 0.80, 6.00, 6.718, 0.77, 6.07, 0.009, 234.02, 60.33);
insert into SHOT values (2733, 3063, 3064, 1472, 6.350, 49.80, 8.00, 6.356, 49.83, 7.96, 0.008, 79.00, -27.77);
insert into SHOT values (2734, 3064, 3065, 1472, 2.270, 8.80, 31.00, 2.267, 8.59, 31.07, 0.008, 249.71, 5.98);
insert into SHOT values (2735, 3065, 3066, 1472, 1.330, 56.80, -32.00, 1.338, 56.87, -32.04, 0.008, 68.61, -38.05);
insert into SHOT values (2736, 3066, 3067, 1472, 4.960, 30.80, 1.00, 4.961, 30.81, 1.04, 0.003, 63.07, 79.98);
insert into SHOT values (2737, 3067, 3068, 1472, 1.780, 319.80, 0.00, 1.781, 319.78, 0.00, 0.001, 290.20, 0.00);
insert into SHOT values (2738, 3068, 3069, 1472, 3.760, 274.80, 6.00, 3.763, 274.75, 5.95, 0.006, 231.08, -32.34);
insert into SHOT values (2739, 3069, 3070, 1472, 7.180, 307.80, 32.00, 7.181, 307.79, 32.04, 0.006, 151.54, 65.14);
insert into SHOT values (2740, 3070, 3071, 1472, 3.090, 352.80, 31.00, 3.091, 352.85, 30.96, 0.003, 40.35, -26.64);
insert into SHOT values (2741, 3071, 3072, 1472, 2.910, 359.80, 23.00, 2.912, 359.79, 23.04, 0.003, 331.85, 62.80);
insert into SHOT values (2742, 3072, 3073, 1472, 3.900, 327.80, 7.00, 3.893, 327.79, 6.93, 0.008, 154.80, -40.48);
insert into SHOT values (2743, 3073, 3074, 1472, 3.900, 44.80, 0.00, 3.896, 44.69, 0.00, 0.009, 288.63, 0.00);
insert into SHOT values (2744, 3074, 3075, 1472, 8.960, 43.80, 8.00, 8.971, 43.81, 8.01, 0.011, 54.47, 15.93);
insert into SHOT values (2745, 3075, 3076, 1472, 3.130, 47.80, 35.00, 3.132, 47.85, 35.08, 0.005, 165.47, 64.17);
insert into SHOT values (2746, 3076, 3077, 1472, 3.700, 355.80, 16.00, 3.690, 355.80, 15.88, 0.012, 176.87, -54.11);
insert into SHOT values (2747, 3077, 3078, 1472, 1.450, 329.80, 3.00, 1.458, 329.91, 3.14, 0.010, 348.99, 25.41);
insert into SHOT values (2748, 3078, 3079, 1472, 5.200, 264.80, 0.00, 5.201, 264.82, 0.00, 0.002, 309.69, 0.00);
insert into SHOT values (2749, 3079, 3080, 1472, 6.490, 330.80, 19.00, 6.486, 330.72, 18.98, 0.010, 223.87, -17.56);
insert into SHOT values (2750, 3080, 3081, 1472, 2.760, 353.80, 20.00, 2.764, 353.81, 20.11, 0.006, 1.20, 75.03);
insert into SHOT values (2751, 3081, 3019, 1472, 5.150, 252.80, 0.00, 5.149, 252.83, 0.00, 0.003, 354.30, 0.00);
insert into SHOT values (2752, 3081, 3082, 1472, 7.140, 35.80, 0.00, 7.141, 35.83, 0.00, 0.003, 105.24, 0.00);
insert into SHOT values (2753, 3062, 3083, 1472, 15.890, 92.80, -35.00, 15.887, 92.82, -34.99, 0.006, 191.41, 46.73);
insert into SHOT values (2754, 3083, 3084, 1472, 18.670, 154.80, -32.00, 18.671, 154.81, -31.99, 0.005, 195.48, 43.55);
insert into SHOT values (2755, 3084, 3085, 1472, 8.020, 152.80, -61.00, 8.022, 152.71, -61.06, 0.010, 18.84, -32.48);
insert into SHOT values (2756, 3085, 3086, 1472, 4.720, 135.80, -48.00, 4.724, 135.90, -47.99, 0.006, 197.40, -21.44);
insert into SHOT values (2757, 3086, 3087, 1472, 2.050, 52.80, -32.00, 2.043, 52.73, -31.92, 0.008, 257.55, 52.22);
insert into SHOT values (2758, 3087, 3088, 1472, 3.600, 134.80, -30.00, 3.601, 134.61, -29.99, 0.010, 48.67, -0.00);
insert into SHOT values (2759, 3088, 3089, 1472, 8.900, 114.80, -53.00, 8.901, 114.84, -53.01, 0.004, 213.55, -29.02);
insert into SHOT values (2760, 3089, 3090, 1472, 4.640, 160.80, -33.00, 4.646, 160.82, -33.00, 0.006, 176.16, -29.89);
insert into SHOT values (2761, 3090, 3091, 1472, 6.060, 76.80, -47.00, 6.057, 76.70, -47.00, 0.008, 329.52, 15.20);
insert into CENTRELINE values (1473, 1469, NULL, NULL, NULL, 49.26, 0.00, 0.00);
 insert into SHOT values (2762, 3062, 3092, 1473, 19.200, 74.80, -32.00, 19.193, 74.83, -32.00, 0.010, 199.15, 25.83);
insert into SHOT values (2763, 3092, 3093, 1473, 9.560, 67.80, -31.00, 9.562, 67.78, -30.97, 0.006, 35.66, 37.56);
insert into SHOT values (2764, 3093, 3094, 1473, 2.380, 45.30, -10.00, 2.385, 45.35, -10.14, 0.008, 70.53, -58.02);
insert into SHOT values (2765, 3094, 3095, 1473, 2.960, 56.80, -58.00, 2.959, 56.72, -58.02, 0.003, 294.34, 4.56);
insert into SHOT values (2766, 3095, 3096, 1473, 4.010, 70.80, -8.00, 4.008, 70.88, -8.03, 0.006, 181.27, -18.21);
insert into SHOT values (2767, 3096, 3097, 1473, 2.720, 51.80, -59.00, 2.720, 51.66, -58.96, 0.004, 345.85, 21.40);
insert into SHOT values (2768, 3097, 3098, 1473, 8.430, 126.80, -48.00, 8.429, 126.79, -47.96, 0.006, 105.46, 53.60);
insert into SURVEY values (1475, 1467, 'EmergenceBarillet', 'EmergenceBarillet.209.UltimaPatagonia', 'Emergence du Barillet');
 insert into CENTRELINE values (1476, 1475, NULL, NULL, NULL, 0.00, 0.00, 0.00);
 insert into CENTRELINE values (1477, 1475, NULL, NULL, NULL, 64.25, 0.00, 0.00);
 insert into SHOT values (2769, 3099, 3100, 1477, 3.550, 120.80, 0.00, 3.552, 120.83, 0.00, 0.002, 161.13, 0.00);
insert into SHOT values (2770, 3100, 3101, 1477, 6.240, 359.80, 3.00, 6.239, 359.82, 3.03, 0.004, 131.64, 58.19);
insert into SHOT values (2771, 3101, 3102, 1477, 3.540, 346.80, -5.00, 3.548, 346.75, -5.01, 0.008, 324.04, -10.17);
insert into SHOT values (2772, 3102, 3103, 1477, 3.610, 245.80, 56.00, 3.608, 245.72, 55.98, 0.004, 152.81, -44.67);
insert into SHOT values (2773, 3102, 3104, 1477, 2.740, 82.80, -4.00, 2.738, 82.85, -3.98, 0.003, 215.42, 20.23);
insert into SHOT values (2774, 3104, 3105, 1477, 2.270, 112.80, 2.00, 2.278, 112.74, 2.01, 0.009, 95.40, 5.11);
insert into SHOT values (2775, 3105, 3106, 1477, 2.300, 18.80, 20.00, 2.299, 18.60, 19.83, 0.010, 301.56, -40.78);
insert into SHOT values (2776, 3106, 3107, 1477, 3.020, 313.80, 20.00, 3.021, 313.71, 20.14, 0.008, 202.74, 56.90);
insert into SHOT values (2777, 3107, 3108, 1477, 10.260, 15.80, 90.00, 10.260, 90.00, 90.00, 0.000, 15.80, -13.92);
insert into SHOT values (2778, 3108, 3109, 1477, 2.420, 69.80, 0.00, 2.430, 69.78, 0.00, 0.010, 63.30, 0.00);
insert into SHOT values (2779, 3105, 3110, 1477, 1.660, 106.80, 5.00, 1.657, 106.90, 4.85, 0.006, 237.21, -51.84);
insert into SHOT values (2780, 3110, 3111, 1477, 10.000, 78.80, -38.00, 10.002, 78.80, -38.02, 0.003, 190.74, -83.43);
insert into SHOT values (2781, 3111, 3112, 1477, 3.370, 119.80, -25.00, 3.369, 119.84, -24.93, 0.005, 189.41, 63.88);
insert into SHOT values (2782, 3112, 3113, 1477, 4.900, 106.80, -18.00, 4.896, 106.72, -17.97, 0.008, 350.01, 30.27);
insert into SHOT values (2783, 3113, 3114, 1477, 4.370, 128.80, -1.00, 4.375, 128.78, -1.05, 0.006, 112.95, -35.14);
insert into SURVEY values (1479, 1467, 'ResurgenceDeLaPlage', 'ResurgenceDeLaPlage.209.UltimaPatagonia', 'Resurgence de la Plage');
 insert into CENTRELINE values (1480, 1479, NULL, NULL, NULL, 0.00, 0.00, 0.00);
 insert into CENTRELINE values (1481, 1479, NULL, '2008-02-01', NULL, 185.52, 0.00, 0.00);
 insert into SHOT values (2784, 3115, 3116, 1481, 8.680, 262.20, 2.00, 8.676, 262.18, 1.98, 0.006, 114.96, -31.33);
insert into SHOT values (2785, 3116, 3117, 1481, 9.160, 339.20, -20.00, 9.163, 339.19, -19.97, 0.005, 322.98, 32.43);
insert into SHOT values (2786, 3116, 3118, 1481, 6.050, 176.20, 5.00, 6.047, 176.19, 5.03, 0.005, 1.47, 36.22);
insert into SHOT values (2787, 3118, 3119, 1481, 14.150, 157.20, 15.00, 14.147, 157.23, 14.99, 0.008, 265.96, -16.94);
insert into SHOT values (2788, 3118, 3120, 1481, 10.780, 283.20, 5.00, 10.784, 283.18, 5.00, 0.005, 252.59, 5.51);
insert into SHOT values (2789, 3120, 3121, 1481, 6.730, 227.20, 45.00, 6.728, 227.22, 45.03, 0.004, 21.69, 16.73);
insert into SHOT values (2790, 3121, 3122, 1481, 5.500, 213.20, 14.00, 5.504, 215.76, 16.14, 0.315, 316.25, 39.35);
insert into SHOT values (2791, 3122, 3123, 1481, 28.400, 335.20, -14.00, 28.396, 335.19, -14.00, 0.004, 172.35, 7.88);
insert into SHOT values (2792, 3123, 3124, 1481, 8.070, 123.20, -15.00, 8.069, 123.22, -15.01, 0.004, 232.54, -19.81);
insert into SHOT values (2793, 3123, 3125, 1481, 15.120, 348.20, -8.00, 15.124, 348.21, -8.02, 0.008, 38.67, -49.49);
insert into SHOT values (2794, 3122, 3126, 1481, 22.140, 144.20, 24.00, 22.264, 145.25, 32.95, 3.485, 311.70, 62.97);
insert into SHOT values (2795, 3126, 3127, 1481, 6.600, 8.20, -48.00, 6.568, 6.44, -45.07, 0.366, 335.36, 44.11);
insert into SHOT values (2796, 3127, 3128, 1481, 4.210, 171.20, 55.00, 4.213, 171.20, 54.97, 0.004, 174.00, 20.22);
insert into SHOT values (2797, 3128, 3129, 1481, 4.200, 108.20, 27.00, 4.198, 108.24, 27.07, 0.006, 254.12, 31.41);
insert into SHOT values (2798, 3129, 3130, 1481, 2.630, 151.20, -42.00, 2.628, 151.20, -42.05, 0.003, 327.11, -3.39);
insert into SHOT values (2799, 3130, 3131, 1481, 14.100, 165.20, 27.00, 14.094, 165.19, 27.01, 0.006, 358.40, -11.66);
insert into SHOT values (2800, 3127, 3121, 1481, 19.000, 333.20, -36.00, 19.287, 331.74, -27.78, 2.789, 318.77, 51.34);
insert into CENTRELINE values (1482, 1479, NULL, NULL, NULL, 192.00, 0.00, 0.00);
 insert into SHOT values (2801, 3132, 3133, 1482, 13.000, 25.80, 0.00, 13.006, 25.80, 0.00, 0.006, 15.68, 0.00);
insert into SHOT values (2802, 3133, 3134, 1482, 5.000, 95.80, 0.00, 4.996, 95.86, 0.00, 0.006, 223.75, 0.00);
insert into SHOT values (2803, 3134, 3135, 1482, 6.000, 140.80, -24.62, 5.997, 140.73, -24.64, 0.007, 22.04, 0.00);
insert into SHOT values (2804, 3135, 3136, 1482, 9.000, 125.80, -5.74, 8.999, 125.82, -5.74, 0.003, 241.00, 0.00);
insert into SHOT values (2805, 3136, 3137, 1482, 3.000, 120.80, -34.52, 3.007, 120.81, -34.43, 0.008, 121.96, 0.00);
insert into SHOT values (2806, 3137, 3138, 1482, 4.000, 130.80, -11.54, 3.994, 130.86, -11.55, 0.007, 278.06, 0.00);
insert into SHOT values (2807, 3138, 3139, 1482, 10.000, 165.80, -16.26, 10.004, 165.78, -16.25, 0.006, 121.63, -0.00);
insert into SHOT values (2808, 3139, 3140, 1482, 12.000, 125.80, 8.63, 11.998, 125.81, 8.63, 0.002, 277.59, 0.00);
insert into SHOT values (2809, 3140, 3141, 1482, 5.000, 105.80, -73.74, 5.001, 105.72, -73.71, 0.003, 67.08, -0.00);
insert into SHOT values (2810, 3141, 3142, 1482, 5.000, 135.80, -6.89, 5.001, 135.82, -6.89, 0.001, 203.33, 0.00);
insert into SHOT values (2811, 3142, 3143, 1482, 5.000, 75.80, -23.58, 4.999, 75.72, -23.58, 0.007, 336.60, 0.00);
insert into SHOT values (2812, 3143, 3144, 1482, 5.000, 75.80, 0.00, 5.001, 75.88, 0.00, 0.007, 156.84, 0.00);
insert into SHOT values (2813, 3144, 3145, 1482, 10.000, 105.80, 0.00, 9.997, 105.79, 0.00, 0.004, 325.42, 0.00);
insert into SHOT values (2814, 3145, 3146, 1482, 5.000, 105.80, -23.58, 5.001, 105.83, -23.57, 0.002, 164.42, 0.00);
insert into SHOT values (2815, 3146, 3147, 1482, 10.000, 135.80, 11.54, 9.996, 135.79, 11.54, 0.004, 352.19, 0.00);
insert into SHOT values (2816, 3147, 3148, 1482, 5.000, 225.80, 36.87, 5.002, 225.81, 36.85, 0.003, 238.21, 0.00);
insert into SHOT values (2817, 3148, 3149, 1482, 5.000, 165.80, 11.54, 5.003, 165.71, 11.53, 0.008, 94.61, 0.00);
insert into SHOT values (2818, 3149, 3150, 1482, 5.000, 175.80, 11.54, 4.994, 175.90, 11.55, 0.010, 303.95, 0.00);
insert into SHOT values (2819, 3150, 3151, 1482, 5.000, 145.80, 23.58, 5.010, 145.83, 23.53, 0.011, 156.20, 0.00);
insert into SHOT values (2820, 3151, 3152, 1482, 5.000, 115.80, 11.54, 4.998, 115.78, 11.54, 0.002, 345.72, 0.00);
insert into SHOT values (2821, 3152, 3153, 1482, 5.000, 145.80, 11.54, 4.996, 145.82, 11.55, 0.004, 298.60, 0.00);
insert into SHOT values (2822, 3153, 3154, 1482, 5.000, 165.80, 11.54, 5.003, 165.71, 11.53, 0.008, 94.61, 0.00);
insert into SHOT values (2823, 3154, 3155, 1482, 5.000, 205.80, 11.54, 5.003, 205.89, 11.53, 0.008, 274.36, 0.00);
insert into SHOT values (2824, 3155, 3156, 1482, 5.000, 225.80, 23.58, 4.993, 225.80, 23.61, 0.007, 48.72, 0.00);
insert into SHOT values (2825, 3156, 3157, 1482, 5.000, 105.80, 23.58, 5.001, 105.83, 23.57, 0.002, 164.42, 0.00);
insert into SHOT values (2826, 3157, 3158, 1482, 5.000, 155.80, 23.58, 5.001, 155.78, 23.57, 0.002, 93.23, 0.00);
insert into SHOT values (2827, 3158, 3159, 1482, 5.000, 145.80, 0.00, 5.004, 145.83, 0.00, 0.005, 183.89, 0.00);
insert into SHOT values (2828, 3159, 3160, 1482, 5.000, 155.80, 11.54, 4.998, 155.89, 11.54, 0.008, 259.57, 0.00);
insert into SHOT values (2829, 3160, 3161, 1482, 5.000, 135.80, 11.54, 5.002, 135.74, 11.53, 0.005, 64.69, 0.00);
insert into SHOT values (2830, 3161, 3162, 1482, 5.000, 155.80, 23.58, 5.001, 155.78, 23.57, 0.002, 93.23, 0.00);
insert into SHOT values (2831, 3162, 3163, 1482, 5.000, 195.80, 17.46, 5.001, 195.81, 17.45, 0.001, 245.21, 0.00);
insert into SHOT values (2832, 3163, 3125, 1482, 5.000, 165.80, 17.46, 4.996, 165.79, 17.47, 0.004, 1.16, 0.00);
insert into SURVEY values (1484, 1467, 'GrotteEvier', 'GrotteEvier.209.UltimaPatagonia', 'Grotte Evier');
 insert into CENTRELINE values (1485, 1484, NULL, NULL, NULL, 0.00, 0.00, 0.00);
 insert into CENTRELINE values (1486, 1484, NULL, NULL, NULL, 71.30, 0.00, 0.00);
 insert into SHOT values (2833, 3164, 3165, 1486, 6.000, 250.80, -10.00, 6.002, 250.74, -9.98, 0.007, 178.13, 15.25);
insert into SHOT values (2834, 3164, 3166, 1486, 1.000, 5.80, 0.00, 0.995, 5.77, 0.00, 0.005, 192.51, 0.00);
insert into SHOT values (2835, 3166, 3167, 1486, 14.000, 15.80, 90.00, 14.000, 90.00, 90.00, 0.000, 15.80, 0.00);
insert into SHOT values (2836, 3167, 3168, 1486, 10.500, 85.80, 80.00, 10.500, 85.60, 79.99, 0.007, 13.70, -4.11);
insert into SHOT values (2837, 3168, 3169, 1486, 4.100, 80.80, -12.00, 4.100, 80.82, -11.96, 0.003, 132.88, 56.85);
insert into SHOT values (2838, 3169, 3170, 1486, 18.500, 15.80, 90.00, 18.500, 90.00, 90.00, 0.000, 15.80, 0.00);
insert into SHOT values (2839, 3170, 3171, 1486, 17.200, 254.80, 88.00, 17.201, 254.58, 88.00, 0.003, 195.39, 9.93);
insert into SURVEY values (1488, 1467, 'LosGringos', 'LosGringos.209.UltimaPatagonia', 'Cueva los Gringos');
 insert into CENTRELINE values (1489, 1488, NULL, NULL, NULL, 0.00, 0.00, 0.00);
 insert into CENTRELINE values (1490, 1488, NULL, NULL, NULL, 63.90, 0.00, 0.00);
 insert into SHOT values (2840, 3172, 3173, 1490, 6.280, 180.80, -31.80, 6.283, 180.75, -31.79, 0.006, 124.43, -7.24);
insert into SHOT values (2841, 3173, 3174, 1490, 2.940, 161.80, 35.80, 2.935, 161.87, 35.88, 0.007, 318.12, 1.82);
insert into SHOT values (2842, 3174, 3175, 1490, 5.800, 112.60, 15.40, 5.798, 112.62, 15.40, 0.003, 247.01, -5.14);
insert into SHOT values (2843, 3175, 3176, 1490, 5.470, 197.60, 62.70, 5.468, 197.42, 62.73, 0.009, 81.09, -4.81);
insert into SHOT values (2844, 3176, 3177, 1490, 1.920, 161.20, 87.70, 1.921, 164.05, 87.83, 0.006, 301.36, 15.30);
insert into SHOT values (2845, 3177, 3178, 1490, 4.150, 219.70, 7.70, 4.156, 219.68, 7.61, 0.009, 206.61, -42.71);
insert into SHOT values (2846, 3178, 3179, 1490, 5.240, 314.80, 65.10, 5.237, 315.00, 65.09, 0.008, 45.31, -20.85);
insert into SHOT values (2847, 3179, 3180, 1490, 4.630, 345.00, 80.60, 4.632, 344.68, 80.60, 0.005, 264.19, 26.67);
insert into SHOT values (2848, 3180, 3181, 1490, 22.300, 240.70, 83.60, 22.299, 240.65, 83.59, 0.004, 211.81, -13.70);
insert into SHOT values (2849, 3181, 3182, 1490, 5.170, 127.20, 68.40, 5.174, 127.11, 68.38, 0.005, 80.03, 36.47);
insert into SURVEY values (1492, 1467, 'GouffreDeLaDetente', 'GouffreDeLaDetente.209.UltimaPatagonia', 'GouffreDeLaDetente');
 insert into CENTRELINE values (1493, 1492, NULL, NULL, NULL, 0.00, 0.00, 0.00);
 insert into CENTRELINE values (1494, 1492, NULL, NULL, NULL, 243.74, 0.00, 0.00);
 insert into SHOT values (2850, 3183, 3184, 1494, 7.900, 339.80, -32.00, 7.903, 339.83, -32.02, 0.005, 52.67, -42.23);
insert into SHOT values (2851, 3184, 3185, 1494, 15.690, 301.80, -58.00, 15.686, 301.78, -57.98, 0.007, 247.80, 55.49);
insert into SHOT values (2852, 3185, 3186, 1494, 15.020, 295.80, -90.00, 15.020, 90.00, -90.00, 0.000, 295.80, 18.71);
insert into SHOT values (2853, 3186, 3187, 1494, 9.780, 286.80, -26.00, 9.777, 286.81, -26.03, 0.006, 99.95, -28.43);
insert into SHOT values (2854, 3187, 3188, 1494, 3.350, 195.80, -90.00, 3.350, 90.00, -90.00, 0.000, 195.80, 71.12);
insert into SHOT values (2855, 3188, 3189, 1494, 6.200, 195.80, -23.00, 6.199, 195.86, -22.98, 0.007, 283.88, 22.57);
insert into SHOT values (2856, 3189, 3190, 1494, 4.500, 326.80, -36.00, 4.497, 326.79, -36.10, 0.009, 152.11, -34.62);
insert into SHOT values (2857, 3190, 3191, 1494, 4.950, 307.80, -57.00, 4.951, 307.93, -56.95, 0.008, 1.40, 10.62);
insert into SHOT values (2858, 3190, 3192, 1494, 8.440, 231.80, -52.00, 8.441, 231.87, -51.98, 0.007, 296.75, 6.40);
insert into SHOT values (2859, 3191, 3193, 1494, 3.400, 313.80, -43.00, 3.403, 313.70, -42.98, 0.006, 257.97, -12.51);
insert into SHOT values (2860, 3193, 3194, 1494, 3.800, 349.80, 5.00, 3.794, 349.79, 4.99, 0.006, 177.38, -11.74);
insert into SHOT values (2861, 3194, 3195, 1494, 5.150, 11.80, -54.00, 5.149, 11.79, -53.90, 0.009, 7.38, 42.81);
insert into SHOT values (2862, 3195, 3196, 1494, 2.160, 274.80, -6.00, 2.160, 274.81, -6.11, 0.004, 73.24, -81.15);
insert into SHOT values (2863, 3196, 3197, 1494, 5.800, 297.80, -59.00, 5.797, 297.77, -59.02, 0.004, 143.70, 21.16);
insert into SHOT values (2864, 3197, 3198, 1494, 9.460, 284.80, -71.00, 9.457, 284.85, -70.97, 0.006, 323.82, 49.45);
insert into SHOT values (2865, 3198, 3199, 1494, 4.760, 216.80, -17.00, 4.768, 216.79, -17.07, 0.010, 211.46, -54.08);
insert into SHOT values (2866, 3199, 3200, 1494, 8.070, 263.80, -67.00, 8.060, 263.80, -67.01, 0.010, 84.48, 60.53);
insert into SHOT values (2867, 3200, 3201, 1494, 8.450, 339.80, -47.00, 8.451, 339.80, -46.99, 0.002, 351.43, -2.28);
insert into SHOT values (2868, 3201, 3202, 1494, 2.200, 269.80, 10.00, 2.203, 269.74, 9.93, 0.005, 234.02, -25.51);
insert into SHOT values (2869, 3202, 3203, 1494, 4.300, 7.80, 2.00, 4.303, 7.89, 2.00, 0.007, 70.24, -0.55);
insert into SHOT values (2870, 3203, 3204, 1494, 1.900, 53.80, -15.00, 1.897, 53.88, -14.97, 0.004, 194.61, 23.68);
insert into SHOT values (2871, 3204, 3205, 1494, 3.000, 346.80, -45.00, 3.010, 346.68, -45.04, 0.011, 309.85, -49.71);
insert into SHOT values (2872, 3205, 3206, 1494, 3.400, 306.80, -31.00, 3.399, 306.91, -30.99, 0.006, 40.70, 11.62);
insert into SHOT values (2873, 3206, 3207, 1494, 13.600, 265.80, -57.00, 13.597, 265.74, -56.97, 0.010, 199.86, 35.82);
insert into SHOT values (2874, 3207, 3208, 1494, 10.000, 15.80, -90.00, 10.000, 90.00, -90.00, 0.000, 15.80, 0.00);
insert into SHOT values (2875, 3208, 3209, 1494, 11.000, 15.80, -90.00, 11.000, 90.00, -90.00, 0.000, 15.80, 0.00);
insert into SHOT values (2876, 3209, 3210, 1494, 7.000, 253.80, 5.00, 6.992, 253.83, 5.00, 0.008, 50.77, -0.61);
insert into SHOT values (2877, 3210, 3211, 1494, 11.700, 225.80, -72.00, 11.704, 225.90, -71.98, 0.008, 273.82, -18.34);
insert into SHOT values (2878, 3211, 3212, 1494, 4.000, 169.80, -44.00, 4.000, 169.78, -44.03, 0.002, 15.84, -34.71);
insert into SHOT values (2879, 3212, 3213, 1494, 7.500, 195.80, 0.00, 7.503, 195.78, 0.00, 0.004, 146.15, 0.00);
insert into SHOT values (2880, 3213, 3214, 1494, 4.000, 15.80, -90.00, 4.000, 90.00, -90.00, 0.000, 15.80, 0.00);
insert into SHOT values (2881, 3214, 3215, 1494, 2.260, 196.80, -25.00, 2.257, 196.75, -24.90, 0.006, 68.34, 66.55);
insert into SHOT values (2882, 3215, 3216, 1494, 8.500, 245.80, -75.00, 8.500, 245.88, -74.98, 0.004, 297.77, 5.58);
insert into SHOT values (2883, 3216, 3217, 1494, 22.500, 194.80, 0.00, 22.507, 194.80, 0.00, 0.007, 195.96, 0.00);
insert into CENTRELINE values (1495, 1492, NULL, '2020-02-23', NULL, 176.25, 0.00, 0.00);
 insert into SHOT values (2884, 3217, 3218, 1495, 16.950, 214.22, -75.00, 16.955, 214.20, -75.04, 0.013, 43.44, -36.11);
insert into SHOT values (2885, 3218, 3219, 1495, 7.400, 26.22, -18.00, 7.395, 26.24, -17.96, 0.008, 171.50, 61.25);
insert into SHOT values (2886, 3219, 3220, 1495, 1.800, 348.22, -20.00, 1.797, 348.02, -20.18, 0.009, 218.83, -30.27);
insert into SHOT values (2887, 3220, 3221, 1495, 6.600, 16.22, -25.00, 6.606, 16.20, -24.98, 0.007, 352.61, -6.30);
insert into SHOT values (2888, 3221, 3222, 1495, 7.300, 24.22, -30.00, 7.298, 24.29, -30.01, 0.008, 130.46, 0.00);
insert into SHOT values (2889, 3222, 3223, 1495, 8.600, 64.22, -23.00, 8.596, 64.15, -23.01, 0.011, 309.93, 1.50);
insert into SHOT values (2890, 3223, 3224, 1495, 4.600, 334.22, -75.00, 4.595, 334.52, -75.05, 0.009, 104.89, 22.00);
insert into SHOT values (2891, 3224, 3225, 1495, 5.800, 24.22, -26.00, 5.796, 24.25, -25.99, 0.005, 161.30, 30.31);
insert into SHOT values (2892, 3225, 3226, 1495, 1.800, 324.22, -2.00, 1.806, 324.02, -2.22, 0.011, 274.21, -41.03);
insert into SHOT values (2893, 3226, 3227, 1495, 1.600, 352.22, -8.00, 1.599, 352.38, -7.91, 0.005, 88.02, 30.84);
insert into SHOT values (2894, 3227, 3228, 1495, 3.400, 214.22, -0.00, 3.398, 214.20, 0.00, 0.003, 55.88, 0.00);
insert into SHOT values (2895, 3228, 3229, 1495, 7.400, 14.22, -25.00, 7.398, 14.16, -25.03, 0.008, 261.04, -19.12);
insert into SHOT values (2896, 3229, 3230, 1495, 3.150, 302.22, -17.00, 3.145, 302.37, -17.01, 0.009, 65.34, 5.94);
insert into SHOT values (2897, 3230, 3231, 1495, 3.100, 20.22, -13.00, 3.095, 20.18, -13.07, 0.006, 222.19, -24.08);
insert into SHOT values (2898, 3231, 3232, 1495, 1.900, 295.22, -0.00, 1.901, 295.22, 0.00, 0.001, 290.49, 0.00);
insert into SHOT values (2899, 3232, 3233, 1495, 2.900, 219.22, -26.00, 2.901, 219.24, -25.96, 0.002, 250.26, 32.24);
insert into SHOT values (2900, 3233, 3234, 1495, 2.000, 326.22, -2.00, 1.998, 326.23, -2.01, 0.002, 135.35, -6.06);
insert into SHOT values (2901, 3234, 3235, 1495, 10.000, 352.22, -38.00, 9.998, 352.20, -37.96, 0.008, 306.42, 58.30);
insert into SHOT values (2902, 3235, 3236, 1495, 10.600, 50.22, -18.00, 10.603, 50.23, -18.02, 0.005, 98.00, -60.11);
insert into SHOT values (2903, 3236, 3237, 1495, 4.000, 79.22, -70.00, 4.003, 79.10, -69.92, 0.007, 55.80, -9.52);
insert into SHOT values (2904, 3237, 3238, 1495, 12.200, 357.22, -10.00, 12.200, 357.19, -10.01, 0.007, 265.96, -11.53);
insert into SHOT values (2905, 3238, 3239, 1495, 1.400, 319.22, -3.00, 1.399, 319.35, -2.87, 0.005, 67.06, 43.59);
insert into SHOT values (2906, 3239, 3240, 1495, 2.400, 269.22, -5.00, 2.400, 269.04, -5.02, 0.008, 175.05, -6.30);
insert into SHOT values (2907, 3240, 3241, 1495, 1.000, 2.22, -0.00, 1.001, 2.29, 0.00, 0.001, 59.24, 0.00);
insert into SHOT values (2908, 3241, 3242, 1495, 1.600, 314.22, -0.00, 1.605, 314.24, 0.00, 0.005, 321.10, 0.00);
insert into SHOT values (2909, 3242, 3243, 1495, 2.400, 32.22, -5.00, 2.401, 32.36, -5.02, 0.006, 117.10, -7.97);
insert into SHOT values (2910, 3243, 3244, 1495, 1.400, 239.22, -0.00, 1.403, 239.60, 0.00, 0.010, 311.78, 0.00);
insert into SHOT values (2911, 3244, 3245, 1495, 4.000, 34.22, -4.00, 4.004, 34.29, -4.01, 0.006, 84.99, -9.21);
insert into SHOT values (2912, 3245, 3246, 1495, 2.800, 314.22, -4.00, 2.793, 314.13, -3.90, 0.010, 167.50, 32.95);
insert into SHOT values (2913, 3246, 3247, 1495, 3.300, 69.22, -30.00, 3.300, 69.09, -30.00, 0.006, 341.98, -0.00);
insert into SHOT values (2914, 3247, 3248, 1495, 5.000, 344.22, -8.00, 4.997, 344.17, -8.05, 0.007, 216.59, -34.99);
insert into SHOT values (2915, 3248, 3249, 1495, 2.000, 9.22, -0.00, 2.006, 9.18, 0.00, 0.006, 355.54, 0.00);
insert into SHOT values (2916, 3249, 3250, 1495, 4.500, 256.22, -18.00, 4.494, 256.19, -18.02, 0.007, 95.17, 4.99);
insert into SHOT values (2917, 3250, 3251, 1495, 3.000, 24.22, -30.00, 2.998, 24.10, -30.02, 0.006, 276.02, 0.00);
insert into SHOT values (2918, 3251, 3252, 1495, 6.500, 299.22, -64.00, 6.499, 299.17, -63.97, 0.004, 252.73, 33.04);
insert into SHOT values (2919, 3252, 3253, 1495, 7.150, 20.22, -12.00, 7.149, 20.25, -12.03, 0.005, 134.77, -41.39);
insert into SHOT values (2920, 3253, 3254, 1495, 4.700, 64.22, -72.00, 4.700, 64.32, -71.99, 0.003, 127.40, -0.72);
insert into CENTRELINE values (1496, 1492, NULL, NULL, NULL, 215.76, 0.00, 0.00);
 insert into SHOT values (2921, 3254, 3255, 1496, 5.900, 355.80, -10.00, 5.905, 355.76, -9.95, 0.008, 318.57, 32.98);
insert into SHOT values (2922, 3255, 3256, 1496, 7.800, 345.80, -9.00, 7.792, 345.78, -9.01, 0.009, 182.37, 1.25);
insert into SHOT values (2923, 3256, 3257, 1496, 6.600, 345.80, -32.00, 6.604, 345.84, -32.00, 0.005, 36.61, -27.75);
insert into SHOT values (2924, 3257, 3258, 1496, 2.850, 235.80, -5.00, 2.848, 235.92, -5.04, 0.006, 343.17, -14.90);
insert into SHOT values (2925, 3258, 3259, 1496, 2.400, 312.80, -35.00, 2.392, 312.73, -34.95, 0.009, 157.07, 46.29);
insert into SHOT values (2926, 3259, 3260, 1496, 3.900, 349.80, -25.00, 3.903, 349.74, -25.01, 0.005, 286.63, -22.35);
insert into SHOT values (2927, 3260, 3261, 1496, 1.400, 30.80, -50.00, 1.400, 31.40, -49.87, 0.010, 107.90, 14.30);
insert into SHOT values (2928, 3261, 3262, 1496, 2.200, 350.80, -22.00, 2.209, 350.72, -22.07, 0.010, 328.57, -37.91);
insert into SHOT values (2929, 3262, 3263, 1496, 2.100, 315.80, 10.00, 2.098, 315.78, 10.16, 0.006, 146.61, 59.00);
insert into SHOT values (2930, 3263, 3264, 1496, 2.400, 37.80, 4.00, 2.400, 37.87, 3.82, 0.008, 123.84, -67.46);
insert into SHOT values (2931, 3264, 3265, 1496, 3.200, 335.80, -45.00, 3.196, 335.70, -45.00, 0.005, 212.60, 30.53);
insert into SHOT values (2932, 3265, 3266, 1496, 4.200, 283.80, -43.00, 4.203, 283.90, -42.88, 0.011, 315.89, 23.60);
insert into SHOT values (2933, 3266, 3267, 1496, 4.200, 98.80, -10.00, 4.204, 98.89, -10.00, 0.008, 160.54, -5.13);
insert into SHOT values (2934, 3267, 3268, 1496, 9.600, 305.80, -8.00, 9.605, 305.85, -8.02, 0.010, 1.88, -23.97);
insert into SHOT values (2935, 3268, 3269, 1496, 3.000, 77.80, -38.00, 3.001, 77.79, -38.05, 0.003, 306.34, -74.89);
insert into SHOT values (2936, 3269, 3270, 1496, 9.000, 333.80, -4.00, 8.993, 333.81, -3.95, 0.010, 147.56, 48.85);
insert into SHOT values (2937, 3270, 3271, 1496, 3.200, 337.80, 0.00, 3.198, 337.77, 0.00, 0.003, 199.32, 0.00);
insert into SHOT values (2938, 3271, 3272, 1496, 8.500, 300.80, -55.00, 8.508, 300.82, -55.01, 0.008, 326.58, -59.98);
insert into SHOT values (2939, 3272, 3273, 1496, 3.700, 280.80, -18.00, 3.693, 280.83, -17.98, 0.007, 85.38, 27.06);
insert into SHOT values (2940, 3273, 3274, 1496, 3.400, 290.80, -12.00, 3.401, 290.78, -12.05, 0.003, 225.47, -63.96);
insert into SHOT values (2941, 3274, 3275, 1496, 3.800, 98.80, -22.00, 3.797, 98.82, -21.96, 0.004, 243.73, 60.07);
insert into SHOT values (2942, 3275, 3276, 1496, 8.350, 307.80, -14.00, 8.351, 307.83, -14.00, 0.004, 22.40, 0.62);
insert into SHOT values (2943, 3276, 3277, 1496, 2.150, 348.80, -15.00, 2.145, 348.58, -15.13, 0.010, 222.85, -19.82);
insert into SHOT values (2944, 3277, 3278, 1496, 4.550, 325.80, -15.00, 4.552, 325.84, -14.89, 0.009, 2.77, 57.00);
insert into SHOT values (2945, 3278, 3279, 1496, 1.500, 319.80, 0.00, 1.498, 320.15, 0.00, 0.009, 62.31, 0.00);
insert into SHOT values (2946, 3279, 3280, 1496, 4.200, 298.80, -13.00, 4.204, 298.76, -13.06, 0.007, 247.65, -51.03);
insert into SHOT values (2947, 3280, 3281, 1496, 2.750, 90.80, 10.00, 2.752, 90.85, 10.04, 0.004, 135.99, 39.99);
insert into SHOT values (2948, 3281, 3282, 1496, 2.500, 325.80, -10.00, 2.507, 325.73, -10.11, 0.009, 300.68, -39.23);
insert into SHOT values (2949, 3282, 3283, 1496, 1.600, 15.80, 4.00, 1.597, 16.04, 4.31, 0.012, 137.13, 46.74);
insert into SHOT values (2950, 3283, 3284, 1496, 1.700, 298.80, -18.00, 1.705, 298.78, -18.11, 0.006, 288.35, -54.08);
insert into SHOT values (2951, 3284, 3285, 1496, 2.500, 325.80, -22.00, 2.502, 325.90, -22.07, 0.005, 45.10, -41.03);
insert into SHOT values (2952, 3285, 3286, 1496, 1.750, 345.80, -8.00, 1.751, 345.64, -7.88, 0.006, 269.65, 35.75);
insert into SHOT values (2953, 3286, 3287, 1496, 1.500, 330.80, -16.00, 1.499, 330.95, -15.88, 0.005, 68.80, 43.40);
insert into SHOT values (2954, 3287, 3288, 1496, 7.750, 5.80, 8.00, 7.745, 5.84, 8.02, 0.007, 141.22, 11.77);
insert into SHOT values (2955, 3288, 3289, 1496, 3.160, 333.80, -8.00, 3.166, 333.68, -7.99, 0.009, 284.65, -1.39);
insert into SHOT values (2956, 3289, 3290, 1496, 2.100, 255.80, -8.00, 2.095, 255.76, -8.23, 0.010, 89.25, -52.04);
insert into SHOT values (2957, 3290, 3291, 1496, 2.200, 290.80, -18.00, 2.203, 290.68, -17.98, 0.005, 233.09, -1.83);
insert into SHOT values (2958, 3291, 3292, 1496, 2.000, 98.80, -12.00, 2.005, 98.79, -11.80, 0.009, 95.62, 40.68);
insert into SHOT values (2959, 3292, 3293, 1496, 2.300, 315.80, 0.00, 2.305, 315.70, 0.00, 0.007, 279.20, 0.00);
insert into SHOT values (2960, 3293, 3294, 1496, 2.300, 50.80, -5.00, 2.305, 50.83, -4.98, 0.005, 66.39, 5.49);
insert into SHOT values (2961, 3294, 3295, 1496, 2.800, 350.80, -10.00, 2.799, 350.81, -10.08, 0.004, 158.36, -60.36);
insert into SHOT values (2962, 3295, 3296, 1496, 2.000, 151.80, -8.00, 1.993, 151.88, -8.08, 0.008, 313.08, -11.65);
insert into SHOT values (2963, 3296, 3297, 1496, 4.700, 340.80, -12.00, 4.696, 340.82, -11.92, 0.008, 132.20, 71.49);
insert into SHOT values (2964, 3297, 3298, 1496, 3.300, 275.80, -6.00, 3.295, 275.78, -6.10, 0.007, 108.85, -43.11);
insert into SHOT values (2965, 3298, 3299, 1496, 3.750, 335.80, -8.00, 3.755, 335.71, -7.96, 0.009, 289.64, 12.85);
insert into SHOT values (2966, 3299, 3300, 1496, 4.800, 41.80, -10.00, 4.798, 41.82, -10.08, 0.008, 192.40, -58.79);
insert into SHOT values (2967, 3300, 3301, 1496, 1.750, 325.80, 0.00, 1.750, 325.95, 0.00, 0.004, 54.40, 0.00);
insert into SHOT values (2968, 3301, 3302, 1496, 1.950, 230.80, 0.00, 1.948, 230.83, 0.00, 0.003, 25.91, 0.00);
insert into SHOT values (2969, 3302, 3303, 1496, 3.200, 355.80, -8.00, 3.199, 355.84, -7.91, 0.006, 100.05, 69.25);
insert into SHOT values (2970, 3303, 3304, 1496, 10.800, 305.80, -18.00, 10.796, 305.76, -18.02, 0.009, 175.92, -16.95);
insert into SHOT values (2971, 3304, 3305, 1496, 5.700, 5.80, -4.00, 5.703, 5.75, -4.02, 0.006, 302.26, -22.96);
insert into SHOT values (2972, 3305, 3306, 1496, 6.950, 275.80, -25.00, 6.941, 275.84, -24.97, 0.010, 63.38, 44.37);
insert into SHOT values (2973, 3306, 3307, 1496, 4.000, 95.80, -45.00, 3.999, 95.89, -45.05, 0.006, 223.89, -15.47);
insert into SHOT values (2974, 3307, 3308, 1496, 5.300, 284.80, -22.00, 5.302, 284.86, -22.05, 0.007, 12.38, -44.27);
insert into SHOT values (2975, 3308, 3309, 1496, 2.900, 90.80, 20.00, 2.898, 90.84, 20.18, 0.010, 248.79, 57.46);
insert into SHOT values (2976, 3309, 3310, 1496, 1.650, 345.80, 0.00, 1.649, 345.96, 0.00, 0.005, 85.10, 0.00);
insert into CENTRELINE values (1497, 1492, NULL, NULL, NULL, 161.00, 0.00, 0.00);
 insert into SHOT values (2977, 3311, 3310, 1497, 3.800, 15.80, 90.00, 3.800, 90.00, 90.00, 0.000, 15.80, 41.03);
insert into SHOT values (2978, 3312, 3311, 1497, 2.900, 185.80, 12.00, 2.899, 185.67, 12.15, 0.010, 72.69, 45.01);
insert into SHOT values (2979, 3313, 3312, 1497, 3.300, 233.30, 11.00, 3.305, 233.27, 10.99, 0.005, 213.12, 3.82);
insert into SHOT values (2980, 3314, 3313, 1497, 2.300, 176.80, 4.00, 2.299, 176.75, 3.99, 0.002, 67.47, -11.57);
insert into SHOT values (2981, 3315, 3314, 1497, 3.300, 136.80, -1.00, 3.290, 136.85, -1.04, 0.010, 301.60, -13.41);
insert into SHOT values (2982, 3316, 3315, 1497, 5.400, 217.80, 2.00, 5.400, 217.70, 2.02, 0.010, 126.89, 9.00);
insert into SHOT values (2983, 3317, 3316, 1497, 2.700, 247.80, 14.00, 2.703, 247.83, 13.91, 0.005, 267.42, -36.03);
insert into SHOT values (2984, 3318, 3317, 1497, 2.600, 155.80, 33.00, 2.602, 155.90, 33.08, 0.006, 254.44, 44.94);
insert into SHOT values (2985, 3319, 3318, 1497, 3.600, 79.80, 27.00, 3.601, 79.77, 26.91, 0.006, 55.99, -49.82);
insert into SHOT values (2986, 3320, 3319, 1497, 5.400, 179.80, 49.00, 5.402, 179.84, 49.05, 0.006, 319.89, 52.33);
insert into SHOT values (2987, 3321, 3320, 1497, 1.800, 162.80, 6.00, 1.800, 162.78, 6.06, 0.002, 82.09, 69.44);
insert into SHOT values (2988, 3322, 3321, 1497, 5.100, 195.80, 14.00, 5.096, 195.72, 13.97, 0.009, 78.64, -26.40);
insert into SHOT values (2989, 3323, 3322, 1497, 1.900, 162.80, 6.00, 1.902, 163.10, 6.04, 0.010, 240.67, 7.95);
insert into SHOT values (2990, 3324, 3323, 1497, 2.500, 223.80, 8.00, 2.493, 223.85, 8.07, 0.008, 27.69, 15.08);
insert into SHOT values (2991, 3325, 3324, 1497, 5.300, 172.80, 10.00, 5.301, 172.85, 9.99, 0.004, 247.66, -4.39);
insert into SHOT values (2992, 3326, 3325, 1497, 3.500, 207.80, 11.00, 3.498, 207.76, 10.88, 0.008, 110.06, -71.63);
insert into SHOT values (2993, 3327, 3326, 1497, 3.100, 126.80, 6.00, 3.104, 126.83, 6.10, 0.007, 156.24, 60.13);
insert into SHOT values (2994, 3328, 3327, 1497, 3.700, 177.80, 4.00, 3.702, 177.83, 4.03, 0.003, 222.61, 38.97);
insert into SHOT values (2995, 3329, 3328, 1497, 2.600, 198.80, 25.00, 2.600, 198.82, 25.03, 0.001, 320.18, 54.04);
insert into SHOT values (2996, 3330, 3329, 1497, 5.500, 150.80, 35.00, 5.496, 150.76, 34.97, 0.006, 36.65, -52.59);
insert into SHOT values (2997, 3331, 3330, 1497, 1.600, 15.80, -90.00, 1.600, 90.00, -90.00, 0.000, 15.80, 45.94);
insert into SHOT values (2998, 3332, 3331, 1497, 3.500, 164.80, 1.00, 3.503, 164.77, 0.98, 0.004, 138.80, -15.54);
insert into SHOT values (2999, 3333, 3332, 1497, 2.000, 208.80, 1.00, 1.996, 208.75, 1.15, 0.007, 55.74, 51.02);
insert into SHOT values (3000, 3334, 3333, 1497, 1.600, 237.80, 0.00, 1.604, 237.99, 0.00, 0.007, 292.92, 0.00);
insert into SHOT values (3001, 3335, 3334, 1497, 2.400, 137.80, 1.00, 2.400, 137.87, 0.95, 0.003, 218.65, -32.67);
insert into SHOT values (3002, 3336, 3335, 1497, 2.600, 166.80, 0.00, 2.600, 166.66, 0.00, 0.006, 78.26, 0.00);
insert into SHOT values (3003, 3337, 3336, 1497, 2.000, 134.80, 7.00, 2.001, 134.80, 6.89, 0.004, 129.13, -63.06);
insert into SHOT values (3004, 3338, 3337, 1497, 2.700, 167.80, 6.00, 2.703, 167.98, 5.94, 0.009, 233.72, -13.67);
insert into SHOT values (3005, 3339, 3338, 1497, 1.500, 120.80, 0.00, 1.497, 120.50, 0.00, 0.008, 11.04, 0.00);
insert into SHOT values (3006, 3340, 3339, 1497, 5.300, 108.80, 12.00, 5.304, 108.78, 12.08, 0.008, 71.56, 72.31);
insert into SHOT values (3007, 3341, 3340, 1497, 3.700, 138.80, 28.00, 3.697, 138.85, 27.90, 0.008, 224.03, -69.70);
insert into SHOT values (3008, 3342, 3341, 1497, 5.900, 176.80, 32.00, 5.906, 176.79, 32.01, 0.006, 169.10, 38.38);
insert into SHOT values (3009, 3343, 3342, 1497, 3.100, 220.80, 17.00, 3.100, 220.89, 17.07, 0.006, 325.20, 36.19);
insert into SHOT values (3010, 3344, 3343, 1497, 3.000, 161.80, 32.00, 3.004, 161.71, 31.96, 0.006, 119.78, 2.21);
insert into SHOT values (3011, 3345, 3344, 1497, 1.000, 15.80, -10.00, 1.004, 15.87, -10.33, 0.007, 37.26, -64.54);
insert into SHOT values (3012, 3346, 3345, 1497, 5.400, 179.80, 1.00, 5.401, 179.89, 1.06, 0.010, 264.39, 33.36);
insert into SHOT values (3013, 3347, 3346, 1497, 2.500, 91.80, 4.00, 2.507, 91.83, 3.89, 0.009, 102.31, -30.37);
insert into SHOT values (3014, 3348, 3347, 1497, 3.400, 201.80, 1.00, 3.406, 201.90, 1.01, 0.008, 243.85, 4.55);
insert into SHOT values (3015, 3349, 3348, 1497, 2.800, 161.80, 3.00, 2.796, 161.63, 3.07, 0.010, 46.90, 20.57);
insert into SHOT values (3016, 3350, 3349, 1497, 1.900, 208.80, 8.00, 1.902, 208.88, 7.86, 0.006, 250.59, -49.78);
insert into SHOT values (3017, 3351, 3350, 1497, 1.500, 121.80, 0.00, 1.504, 121.68, 0.00, 0.005, 84.85, 0.00);
insert into SHOT values (3018, 3352, 3351, 1497, 13.400, 163.80, 2.00, 13.398, 163.83, 2.01, 0.006, 271.91, 21.80);
insert into SHOT values (3019, 3353, 3352, 1497, 10.500, 4.80, -10.00, 10.496, 4.83, -9.99, 0.007, 133.25, 28.38);
insert into SHOT values (3020, 3354, 3352, 1497, 7.400, 177.80, 22.00, 7.403, 177.83, 21.97, 0.005, 219.47, -22.52);
insert into CENTRELINE values (1498, 1492, NULL, NULL, NULL, 66.00, 0.00, 0.00);
 insert into SHOT values (3021, 3355, 3356, 1498, 2.000, 15.80, -90.00, 2.000, 90.00, -90.00, 0.000, 15.80, 0.00);
insert into SHOT values (3022, 3356, 3357, 1498, 6.000, 98.80, -58.00, 6.001, 98.87, -58.02, 0.004, 210.69, -22.83);
insert into SHOT values (3023, 3357, 3358, 1498, 2.000, 34.80, -28.00, 2.002, 34.86, -28.01, 0.002, 90.98, -26.27);
insert into SHOT values (3024, 3358, 3359, 1498, 5.000, 89.80, -33.00, 4.995, 89.86, -32.99, 0.006, 216.32, 29.63);
insert into SHOT values (3025, 3359, 3360, 1498, 2.000, 37.80, -18.00, 2.003, 37.53, -18.04, 0.009, 320.34, -12.09);
insert into SHOT values (3026, 3360, 3361, 1498, 2.000, 98.80, -24.00, 2.003, 98.79, -23.86, 0.006, 95.59, 38.00);
insert into SHOT values (3027, 3361, 3362, 1498, 3.000, 166.80, -19.00, 3.000, 166.75, -19.07, 0.004, 55.21, -49.11);
insert into SHOT values (3028, 3362, 3363, 1498, 5.000, 48.80, -12.00, 4.999, 48.81, -12.01, 0.001, 177.90, -17.73);
insert into SHOT values (3029, 3363, 3364, 1498, 3.000, 76.80, -11.00, 2.992, 76.82, -10.98, 0.008, 251.37, 17.97);
insert into SHOT values (3030, 3364, 3365, 1498, 1.000, 173.80, -10.00, 1.002, 173.60, -10.34, 0.007, 104.52, -59.19);
insert into SHOT values (3031, 3365, 3366, 1498, 4.000, 147.80, -21.00, 3.999, 147.80, -20.95, 0.003, 86.16, 87.48);
insert into SHOT values (3032, 3366, 3367, 1498, 2.000, 221.80, 1.00, 1.998, 221.75, 1.15, 0.006, 76.63, 59.66);
insert into SHOT values (3033, 3367, 3368, 1498, 2.000, 259.80, -24.00, 2.004, 259.92, -24.16, 0.008, 333.10, -58.96);
insert into SHOT values (3034, 3368, 3369, 1498, 2.000, 178.80, -32.00, 2.004, 178.65, -31.94, 0.006, 133.37, -1.49);
insert into SHOT values (3035, 3369, 3370, 1498, 2.000, 216.80, -54.00, 2.003, 217.06, -53.98, 0.006, 282.65, -18.36);
insert into SHOT values (3036, 3370, 3186, 1498, 23.000, 227.80, -61.00, 22.994, 227.80, -60.99, 0.006, 100.51, 84.15);
insert into SURVEY values (1500, 1467, 'PozoAlRato', 'PozoAlRato.209.UltimaPatagonia', 'Pozo Al Rato (Later On)');
 insert into CENTRELINE values (1501, 1500, NULL, NULL, NULL, 0.00, 0.00, 0.00);
 insert into CENTRELINE values (1502, 1500, NULL, NULL, NULL, 128.11, 0.00, 0.00);
 insert into SHOT values (3037, 3371, 3372, 1502, 4.500, 115.80, 50.00, 4.506, 115.77, 49.97, 0.007, 99.80, 25.36);
insert into SHOT values (3038, 3372, 3373, 1502, 12.100, 134.80, 28.00, 12.100, 134.81, 28.00, 0.002, 199.71, -18.32);
insert into SHOT values (3039, 3373, 3374, 1502, 20.810, 135.80, 90.00, 20.810, 90.00, 90.00, 0.000, 135.80, 2.80);
insert into SHOT values (3040, 3374, 3375, 1502, 22.300, 135.80, 90.00, 22.300, 90.00, 90.00, 0.000, 135.80, 7.79);
insert into SHOT values (3041, 3375, 3376, 1502, 10.400, 135.80, 90.00, 10.400, 90.00, 90.00, 0.000, 135.80, -32.45);
insert into SHOT values (3042, 3376, 3377, 1502, 21.300, 135.80, 90.00, 21.300, 90.00, 90.00, 0.000, 135.80, 8.16);
insert into SHOT values (3043, 3377, 3378, 1502, 7.300, 145.80, 83.00, 7.305, 145.95, 82.98, 0.006, 180.49, 46.57);
insert into SHOT values (3044, 3378, 3379, 1502, 4.900, 145.80, 90.00, 4.900, 90.00, 90.00, 0.000, 145.80, -53.47);
insert into SHOT values (3045, 3379, 3380, 1502, 5.800, 145.80, 90.00, 5.800, 90.00, 90.00, 0.000, 145.80, 29.69);
insert into SHOT values (3046, 3380, 3381, 1502, 6.200, 351.80, 71.00, 6.199, 351.75, 70.97, 0.004, 314.38, -36.33);
insert into SHOT values (3047, 3381, 3382, 1502, 12.500, 351.80, 90.00, 12.500, 90.00, 90.00, 0.000, 351.80, 0.00);
insert into SURVEY values (1504, 1467, 'PozoDeLosCinquetenos', 'PozoDeLosCinquetenos.209.UltimaPatagonia', 'Pozo De Los Cinquetenos');
 insert into CENTRELINE values (1505, 1504, NULL, NULL, NULL, 0.00, 0.00, 0.00);
 insert into CENTRELINE values (1506, 1504, NULL, NULL, NULL, 113.20, 0.00, 0.00);
 insert into SHOT values (3048, 3383, 3384, 1506, 3.000, 15.80, 90.00, 3.000, 90.00, 90.00, 0.000, 15.80, 0.00);
insert into SHOT values (3049, 3384, 3385, 1506, 2.000, 105.80, 0.00, 2.004, 105.63, 0.00, 0.007, 50.42, 0.00);
insert into SHOT values (3050, 3385, 3386, 1506, 3.000, 105.80, 90.00, 3.000, 90.00, 90.00, 0.000, 105.80, 0.00);
insert into SHOT values (3051, 3386, 3387, 1506, 6.000, 105.80, 0.00, 5.999, 105.87, 0.00, 0.007, 207.90, 0.00);
insert into SHOT values (3052, 3387, 3388, 1506, 7.300, 105.80, 90.00, 7.300, 90.00, 90.00, 0.000, 105.80, 24.37);
insert into SHOT values (3053, 3388, 3389, 1506, 6.500, 272.80, 45.00, 6.502, 272.87, 45.03, 0.007, 7.46, 35.17);
insert into SHOT values (3054, 3389, 3390, 1506, 9.600, 213.80, 13.00, 9.604, 213.76, 13.00, 0.008, 152.20, 3.33);
insert into SHOT values (3055, 3390, 3391, 1506, 8.200, 150.80, 23.00, 8.198, 150.82, 22.98, 0.005, 246.87, -58.42);
insert into SHOT values (3056, 3391, 3392, 1506, 18.000, 95.80, 72.00, 18.000, 95.78, 72.01, 0.005, 300.55, 12.50);
insert into SHOT values (3057, 3392, 3393, 1506, 8.700, 35.80, 82.00, 8.695, 35.92, 82.00, 0.006, 139.88, -63.62);
insert into SHOT values (3058, 3393, 3394, 1506, 10.600, 85.80, 68.00, 10.602, 85.81, 68.00, 0.002, 193.73, 68.41);
insert into SHOT values (3059, 3394, 3395, 1506, 17.800, 96.80, 73.00, 17.808, 96.73, 73.00, 0.010, 20.82, 48.92);
insert into SHOT values (3060, 3395, 3396, 1506, 12.500, 263.80, -20.00, 12.504, 263.79, -20.02, 0.006, 235.42, -57.27);
insert into SURVEY values (1508, 1467, 'CuevaTorseOublie', 'CuevaTorseOublie.209.UltimaPatagonia', 'Cueva du Torse Oublie');
 insert into CENTRELINE values (1509, 1508, NULL, NULL, NULL, 0.00, 0.00, 0.00);
 insert into CENTRELINE values (1510, 1508, NULL, NULL, NULL, 78.00, 0.00, 0.00);
 insert into SHOT values (3061, 3397, 3398, 1510, 21.000, 113.80, 33.00, 21.007, 113.80, 33.00, 0.007, 111.49, 22.34);
insert into SHOT values (3062, 3398, 3399, 1510, 12.000, 98.80, 63.00, 11.996, 98.77, 63.01, 0.006, 313.89, -21.86);
insert into SHOT values (3063, 3399, 3400, 1510, 24.000, 15.80, 90.00, 24.000, 90.00, 90.00, 0.000, 15.80, 0.00);
insert into SHOT values (3064, 3400, 3401, 1510, 12.000, 304.80, 77.00, 11.998, 304.75, 76.99, 0.004, 259.24, -35.03);
insert into SHOT values (3065, 3401, 3402, 1510, 9.000, 225.80, 85.00, 9.004, 225.52, 85.00, 0.006, 143.22, 47.14);
insert into SURVEY values (1512, 1467, 'PerteDesSabliers', 'PerteDesSabliers.209.UltimaPatagonia', 'PerteDesSabliers');
 insert into CENTRELINE values (1513, 1512, NULL, NULL, NULL, 0.00, 0.00, 0.00);
 insert into CENTRELINE values (1514, 1512, NULL, NULL, NULL, 145.56, 0.00, 0.00);
 insert into SHOT values (3066, 3403, 3404, 1514, 4.200, 245.80, 20.00, 4.202, 245.77, 20.04, 0.004, 182.15, 57.38);
insert into SHOT values (3067, 3404, 3405, 1514, 8.150, 199.80, 14.00, 8.150, 199.81, 13.99, 0.002, 286.77, -55.52);
insert into SHOT values (3068, 3405, 3406, 1514, 4.900, 203.80, 21.00, 4.907, 203.82, 21.02, 0.007, 220.41, 33.92);
insert into SHOT values (3069, 3406, 3407, 1514, 4.800, 160.80, 14.00, 4.792, 160.79, 14.01, 0.009, 349.52, -8.16);
insert into SHOT values (3070, 3407, 3408, 1514, 3.340, 191.80, 23.00, 3.339, 191.82, 22.92, 0.005, 247.28, -75.53);
insert into SHOT values (3071, 3408, 3409, 1514, 1.840, 175.80, -5.00, 1.842, 175.63, -4.98, 0.006, 108.31, 3.43);
insert into SHOT values (3072, 3406, 3410, 1514, 3.840, 237.80, 5.00, 3.838, 237.93, 4.93, 0.010, 340.72, -27.81);
insert into SHOT values (3073, 3410, 3411, 1514, 2.850, 334.80, 61.00, 2.846, 335.11, 61.04, 0.009, 91.54, -17.86);
insert into SHOT values (3074, 3411, 3412, 1514, 7.420, 326.80, -27.00, 7.415, 326.79, -26.95, 0.009, 181.56, 75.85);
insert into SHOT values (3075, 3410, 3413, 1514, 4.700, 247.80, 6.00, 4.694, 247.72, 5.99, 0.009, 117.10, -8.34);
insert into SHOT values (3076, 3413, 3414, 1514, 1.570, 179.80, 7.00, 1.572, 180.00, 6.94, 0.006, 252.41, -13.26);
insert into SHOT values (3077, 3414, 3415, 1514, 0.980, 209.80, 0.00, 0.981, 209.96, 0.00, 0.003, 277.69, 0.00);
insert into SHOT values (3078, 3415, 3416, 1514, 1.650, 127.80, 22.00, 1.653, 127.84, 22.03, 0.003, 152.48, 36.10);
insert into SHOT values (3079, 3416, 3417, 1514, 2.470, 240.80, -56.00, 2.468, 240.82, -56.16, 0.007, 56.31, -18.38);
insert into SHOT values (3080, 3417, 3418, 1514, 3.940, 207.80, -3.00, 3.942, 207.87, -2.91, 0.008, 274.98, 51.80);
insert into SHOT values (3081, 3418, 3419, 1514, 3.810, 135.80, 24.00, 3.815, 135.81, 23.97, 0.006, 142.98, 3.28);
insert into SHOT values (3082, 3419, 3420, 1514, 2.020, 300.80, 18.00, 2.022, 300.96, 17.86, 0.008, 1.38, -33.97);
insert into SHOT values (3083, 3420, 3421, 1514, 4.760, 185.80, 28.00, 4.762, 185.87, 28.06, 0.008, 284.16, 44.93);
insert into SHOT values (3084, 3421, 3422, 1514, 8.000, 15.80, 90.00, 8.000, 90.00, 90.00, 0.000, 15.80, 0.00);
insert into SHOT values (3085, 3422, 3423, 1514, 1.840, 225.80, 50.00, 1.839, 225.34, 50.05, 0.010, 124.56, 2.84);
insert into SHOT values (3086, 3423, 3424, 1514, 2.130, 150.80, -20.00, 2.130, 151.00, -20.04, 0.007, 246.60, -12.07);
insert into SHOT values (3087, 3424, 3425, 1514, 2.440, 221.80, 35.00, 2.439, 221.75, 35.03, 0.002, 90.74, 11.84);
insert into SHOT values (3088, 3425, 3426, 1514, 1.960, 166.80, 7.00, 1.955, 166.89, 7.05, 0.006, 313.75, 11.10);
insert into SHOT values (3089, 3426, 3427, 1514, 4.600, 209.80, 41.00, 4.591, 209.74, 40.97, 0.010, 64.80, -52.80);
insert into SHOT values (3090, 3427, 3428, 1514, 2.580, 225.80, 33.00, 2.583, 225.75, 33.09, 0.005, 140.42, 67.58);
insert into SHOT values (3091, 3428, 3429, 1514, 7.320, 190.80, 70.00, 7.322, 190.82, 70.00, 0.002, 226.41, 52.38);
insert into SHOT values (3092, 3429, 3430, 1514, 5.020, 232.80, 28.00, 5.017, 232.79, 27.93, 0.007, 113.97, -84.37);
insert into SHOT values (3093, 3430, 3431, 1514, 4.560, 187.80, -1.00, 4.563, 187.81, -1.00, 0.003, 201.01, -7.66);
insert into SHOT values (3094, 3431, 3432, 1514, 2.540, 135.80, 6.00, 2.539, 135.80, 6.10, 0.005, 314.27, 71.93);
insert into SHOT values (3095, 3432, 3433, 1514, 3.570, 163.80, 9.00, 3.563, 163.83, 9.04, 0.007, 329.00, 12.19);
insert into SHOT values (3096, 3433, 3434, 1514, 3.200, 110.80, -10.00, 3.205, 110.79, -10.06, 0.006, 101.81, -46.39);
insert into SHOT values (3097, 3434, 3435, 1514, 7.610, 195.80, 23.00, 7.613, 195.82, 23.04, 0.007, 277.49, 69.00);
insert into SHOT values (3098, 3435, 3436, 1514, 3.790, 194.80, 41.00, 3.789, 194.76, 40.88, 0.008, 170.83, -54.41);
insert into SHOT values (3099, 3436, 3437, 1514, 3.520, 133.80, -13.00, 3.520, 133.70, -12.97, 0.006, 49.12, 16.78);
insert into SHOT values (3100, 3437, 3438, 1514, 5.630, 188.80, -3.00, 5.634, 188.79, -2.95, 0.006, 175.96, 49.79);
insert into SHOT values (3101, 3436, 3439, 1514, 8.010, 198.80, 60.00, 8.012, 198.80, 60.02, 0.003, 30.86, 64.29);
insert into CENTRELINE values (1515, 1512, NULL, NULL, NULL, 55.57, 0.00, 0.00);
 insert into SHOT values (3102, 3440, 3441, 1515, 6.790, 171.30, 69.50, 6.790, 171.29, 69.50, 0.001, 34.15, -0.35);
insert into SHOT values (3103, 3441, 3442, 1515, 4.460, 164.80, 7.10, 4.459, 164.80, 7.09, 0.002, 344.17, -50.50);
insert into SHOT values (3104, 3442, 3443, 1515, 1.900, 158.00, 20.80, 1.898, 157.78, 21.00, 0.010, 34.33, 32.55);
insert into SHOT values (3105, 3443, 3444, 1515, 3.510, 189.10, -11.50, 3.515, 189.19, -11.49, 0.007, 237.51, -1.78);
insert into SHOT values (3106, 3444, 3445, 1515, 4.880, 192.10, 7.60, 4.879, 192.05, 7.54, 0.007, 95.05, -52.89);
insert into SHOT values (3107, 3445, 3446, 1515, 3.150, 262.50, -17.20, 3.146, 262.54, -17.19, 0.005, 51.59, 18.87);
insert into SHOT values (3108, 3446, 3447, 1515, 4.390, 293.50, 5.20, 4.389, 293.46, 5.23, 0.004, 191.94, 31.34);
insert into SHOT values (3109, 3447, 3448, 1515, 4.550, 188.10, 4.30, 4.548, 188.11, 4.29, 0.002, 342.98, -29.99);
insert into SHOT values (3110, 3448, 3449, 1515, 1.900, 212.80, 5.00, 1.902, 212.94, 5.13, 0.006, 281.86, 42.96);
insert into SHOT values (3111, 3449, 3450, 1515, 2.010, 204.80, 0.00, 2.014, 204.66, 0.00, 0.006, 149.72, 0.00);
insert into SHOT values (3112, 3450, 3451, 1515, 2.510, 305.30, -6.00, 2.517, 305.40, -6.16, 0.011, 339.75, -43.80);
insert into SHOT values (3113, 3451, 3452, 1515, 1.700, 0.50, 0.00, 1.700, 0.67, 0.00, 0.005, 89.27, 0.00);
insert into SHOT values (3114, 3452, 3453, 1515, 3.030, 342.60, 3.50, 3.026, 342.46, 3.60, 0.010, 223.49, 31.36);
insert into SHOT values (3115, 3453, 3454, 1515, 7.530, 267.60, 0.50, 7.527, 267.64, 0.46, 0.008, 31.37, -43.64);
insert into SHOT values (3116, 3454, 3403, 1515, 3.260, 292.90, 6.30, 3.255, 292.92, 6.35, 0.005, 101.12, 24.43);
insert into CENTRELINE values (1516, 1512, NULL, NULL, NULL, 94.64, 0.00, 0.00);
 insert into SHOT values (3117, 3440, 3455, 1516, 2.670, 326.30, -9.60, 2.669, 326.31, -9.49, 0.005, 111.54, 82.67);
insert into SHOT values (3118, 3455, 3456, 1516, 2.190, 23.40, -4.00, 2.196, 23.40, -4.18, 0.009, 24.66, -52.54);
insert into SHOT values (3119, 3456, 3457, 1516, 1.880, 38.30, -6.30, 1.883, 38.28, -6.10, 0.007, 26.98, 57.62);
insert into SHOT values (3120, 3457, 3458, 1516, 1.880, 307.30, 0.50, 1.884, 307.23, 0.30, 0.008, 279.21, -53.98);
insert into SHOT values (3121, 3458, 3459, 1516, 2.390, 51.50, 2.10, 2.387, 51.64, 2.16, 0.007, 173.39, 19.58);
insert into SHOT values (3122, 3459, 3460, 1516, 2.410, 344.00, -0.20, 2.412, 344.12, -0.24, 0.006, 51.51, -16.41);
insert into SHOT values (3123, 3460, 3461, 1516, 1.840, 54.80, -0.90, 1.837, 54.75, -0.94, 0.004, 262.19, -17.80);
insert into SHOT values (3124, 3461, 3462, 1516, 4.910, 347.20, -5.20, 4.910, 347.24, -5.14, 0.006, 62.11, 54.13);
insert into SHOT values (3125, 3462, 3463, 1516, 2.630, 74.30, -17.50, 2.626, 74.24, -17.51, 0.005, 285.68, 9.92);
insert into SHOT values (3126, 3463, 3464, 1516, 2.340, 49.10, -3.20, 2.343, 49.16, -3.18, 0.004, 85.14, 8.77);
insert into SHOT values (3127, 3464, 3465, 1516, 4.800, 352.10, 33.70, 4.794, 352.07, 33.70, 0.007, 192.68, -30.01);
insert into SHOT values (3128, 3465, 3466, 1516, 3.900, 352.80, 3.70, 3.899, 352.77, 3.68, 0.003, 242.76, -32.70);
insert into SHOT values (3129, 3466, 3467, 1516, 2.050, 41.30, -15.60, 2.059, 41.32, -15.49, 0.010, 45.52, 7.68);
insert into SHOT values (3130, 3467, 3468, 1516, 2.900, 357.80, -8.60, 2.894, 357.80, -8.54, 0.006, 180.03, 34.66);
insert into SHOT values (3131, 3468, 3469, 1516, 10.940, 6.30, -71.80, 10.948, 6.21, -71.80, 0.010, 306.26, -49.42);
insert into SHOT values (3132, 3469, 3470, 1516, 22.560, 354.40, -79.60, 22.550, 354.36, -79.60, 0.010, 221.18, 66.37);
insert into SHOT values (3133, 3470, 3471, 1516, 10.420, 351.20, -30.90, 10.427, 351.25, -30.93, 0.012, 61.26, -45.69);
insert into SHOT values (3134, 3471, 3472, 1516, 6.330, 48.40, -72.50, 6.322, 48.42, -72.52, 0.009, 222.75, 54.18);
insert into SHOT values (3135, 3472, 3473, 1516, 5.600, 340.80, 32.90, 5.600, 340.76, 32.88, 0.004, 264.38, -24.79);
insert into CENTRELINE values (1517, 1512, NULL, NULL, NULL, 124.29, 0.00, 0.00);
 insert into SHOT values (3136, 3473, 3474, 1517, 5.820, 0.80, -59.00, 5.823, 0.95, -58.98, 0.009, 71.04, -8.57);
insert into SHOT values (3137, 3474, 3475, 1517, 11.000, 4.80, -68.00, 10.998, 4.74, -68.03, 0.008, 218.37, -7.03);
insert into SHOT values (3138, 3475, 3476, 1517, 5.430, 306.80, -52.00, 5.435, 306.87, -51.95, 0.008, 336.69, -7.82);
insert into SHOT values (3139, 3476, 3477, 1517, 1.990, 320.80, -11.00, 1.984, 320.83, -11.04, 0.006, 129.91, -2.78);
insert into SHOT values (3140, 3477, 3478, 1517, 2.120, 12.80, -10.00, 2.124, 12.71, -10.03, 0.005, 327.63, -21.01);
insert into SHOT values (3141, 3478, 3479, 1517, 1.400, 18.72, 8.00, 1.399, 18.96, 8.22, 0.008, 121.06, 41.37);
insert into SHOT values (3142, 3479, 3480, 1517, 1.760, 49.80, -24.00, 1.757, 49.55, -24.19, 0.009, 285.48, -26.27);
insert into SHOT values (3143, 3480, 3481, 1517, 2.230, 292.80, 0.00, 2.223, 292.76, 0.00, 0.007, 126.32, 0.00);
insert into SHOT values (3144, 3481, 3482, 1517, 6.260, 40.80, -29.00, 6.263, 40.78, -28.94, 0.008, 23.16, 39.59);
insert into SHOT values (3145, 3482, 3483, 1517, 4.790, 15.80, -90.00, 4.790, 90.00, -90.00, 0.000, 15.80, 65.33);
insert into SHOT values (3146, 3483, 3484, 1517, 2.760, 66.80, 19.00, 2.759, 66.97, 19.04, 0.008, 170.27, 10.03);
insert into SHOT values (3147, 3484, 3485, 1517, 6.630, 5.80, 9.00, 6.634, 5.78, 8.93, 0.009, 339.55, -52.40);
insert into SHOT values (3148, 3485, 3486, 1517, 8.880, 39.80, -29.00, 8.879, 39.78, -28.97, 0.006, 332.47, 55.08);
insert into SHOT values (3149, 3486, 3487, 1517, 3.380, 94.80, -4.00, 3.381, 94.93, -4.07, 0.009, 179.51, -28.53);
insert into SHOT values (3150, 3487, 3488, 1517, 2.450, 10.80, -16.00, 2.455, 10.74, -15.84, 0.009, 348.41, 38.10);
insert into SHOT values (3151, 3488, 3489, 1517, 3.500, 28.80, -16.00, 3.494, 28.86, -16.12, 0.010, 186.24, -32.52);
insert into SHOT values (3152, 3489, 3490, 1517, 2.850, 13.80, 33.00, 2.861, 13.75, 33.04, 0.012, 358.65, 41.47);
insert into SHOT values (3153, 3490, 3491, 1517, 4.920, 34.80, 5.00, 4.917, 34.86, 4.90, 0.010, 149.92, -58.85);
insert into SHOT values (3154, 3491, 3492, 1517, 5.580, 15.80, -90.00, 5.580, 90.00, -90.00, 0.000, 15.80, 39.37);
insert into SHOT values (3155, 3492, 3493, 1517, 4.690, 0.80, -62.00, 4.688, 0.78, -62.01, 0.002, 206.49, 29.71);
insert into SHOT values (3156, 3493, 3494, 1517, 5.600, 27.80, -38.00, 5.600, 27.78, -37.90, 0.010, 15.41, 48.71);
insert into SHOT values (3157, 3494, 3495, 1517, 9.950, 326.80, -59.00, 9.949, 326.71, -59.03, 0.009, 206.37, -7.40);
insert into SHOT values (3158, 3495, 3496, 1517, 6.890, 0.80, -60.00, 6.895, 0.83, -59.97, 0.006, 18.72, -28.70);
insert into SHOT values (3159, 3496, 3497, 1517, 4.350, 15.80, -90.00, 4.350, 90.00, -90.00, 0.000, 15.80, -56.67);
insert into SHOT values (3160, 3497, 3498, 1517, 5.000, 255.80, -45.00, 5.005, 255.77, -45.01, 0.006, 221.44, -50.11);
insert into SHOT values (3161, 3498, 3499, 1517, 4.060, 277.80, -54.00, 4.054, 277.96, -54.00, 0.009, 35.46, 31.76);
insert into CENTRELINE values (1518, 1512, NULL, '2006-02-21', NULL, 247.10, 0.00, 0.00);
 insert into SHOT values (3162, 3499, 3500, 1518, 2.000, 176.35, 28.00, 2.007, 176.44, 27.93, 0.008, 197.59, 7.47);
insert into SHOT values (3163, 3500, 3501, 1518, 7.200, 230.35, -55.00, 7.200, 230.41, -55.03, 0.006, 356.72, -21.97);
insert into SHOT values (3164, 3501, 3502, 1518, 14.000, 230.35, -40.00, 14.005, 230.33, -39.99, 0.007, 201.40, -7.85);
insert into SHOT values (3165, 3502, 3503, 1518, 2.700, 300.35, -25.00, 2.700, 300.44, -24.98, 0.004, 25.25, 15.10);
insert into SHOT values (3166, 3503, 3504, 1518, 4.350, 235.35, -45.00, 4.346, 235.33, -44.94, 0.006, 162.56, 78.71);
insert into SHOT values (3167, 3504, 3505, 1518, 13.500, 265.35, -60.00, 13.509, 265.33, -60.01, 0.009, 219.30, -67.93);
insert into SHOT values (3168, 3505, 3506, 1518, 10.300, 215.35, -45.00, 10.296, 215.33, -45.00, 0.005, 83.02, 40.07);
insert into SHOT values (3169, 3506, 3507, 1518, 5.900, 208.35, 5.00, 5.897, 208.35, 4.96, 0.005, 19.53, -56.38);
insert into SHOT values (3170, 3507, 3508, 1518, 2.900, 15.35, -90.00, 2.900, 90.00, -90.00, 0.000, 15.35, 65.91);
insert into SHOT values (3171, 3508, 3509, 1518, 2.300, 200.35, 0.00, 2.303, 200.32, 0.00, 0.004, 183.04, 0.00);
insert into SHOT values (3172, 3509, 3510, 1518, 9.750, 265.35, -50.00, 9.745, 265.43, -49.95, 0.013, 337.00, 45.30);
insert into SHOT values (3173, 3510, 3511, 1518, 20.800, 265.35, -60.00, 20.803, 265.31, -60.02, 0.011, 139.64, -36.87);
insert into SHOT values (3174, 3511, 3512, 1518, 3.000, 15.35, -90.00, 3.000, 90.00, -90.00, 0.000, 15.35, 0.00);
insert into SHOT values (3175, 3512, 3513, 1518, 3.950, 305.35, -5.00, 3.952, 305.39, -4.94, 0.005, 351.82, 51.32);
insert into SHOT values (3176, 3513, 3514, 1518, 4.200, 55.35, -45.00, 4.199, 55.29, -45.02, 0.003, 294.79, -2.54);
insert into SHOT values (3177, 3514, 3515, 1518, 3.450, 325.35, -30.00, 3.455, 325.35, -30.05, 0.006, 330.09, -63.70);
insert into SHOT values (3178, 3515, 3516, 1518, 2.950, 65.35, -30.00, 2.944, 65.44, -29.96, 0.008, 199.38, 40.34);
insert into SHOT values (3179, 3516, 3517, 1518, 3.200, 290.35, -15.00, 3.195, 290.49, -15.06, 0.010, 57.48, -10.55);
insert into SHOT values (3180, 3517, 3518, 1518, 2.600, 45.35, -20.00, 2.590, 45.33, -20.10, 0.011, 229.04, -3.98);
insert into SHOT values (3181, 3518, 3519, 1518, 1.500, 315.35, 0.00, 1.499, 315.54, 0.00, 0.005, 55.28, 0.00);
insert into SHOT values (3182, 3519, 3520, 1518, 6.000, 45.35, -60.00, 6.002, 45.27, -60.03, 0.006, 291.43, -40.34);
insert into SHOT values (3183, 3520, 3521, 1518, 6.700, 325.35, -35.00, 6.695, 325.32, -35.00, 0.006, 174.20, 31.12);
insert into SHOT values (3184, 3521, 3522, 1518, 4.000, 305.35, 5.00, 4.003, 305.40, 5.02, 0.005, 1.77, 16.79);
insert into SHOT values (3185, 3522, 3523, 1518, 2.600, 60.35, -10.00, 2.605, 60.34, -9.95, 0.006, 55.39, 14.36);
insert into SHOT values (3186, 3523, 3524, 1518, 2.650, 345.35, -5.00, 2.647, 345.28, -4.99, 0.005, 209.42, 11.61);
insert into SHOT values (3187, 3524, 3525, 1518, 2.900, 45.35, -30.00, 2.905, 45.32, -29.94, 0.006, 33.70, 0.00);
insert into SHOT values (3188, 3525, 3526, 1518, 4.250, 30.35, -45.00, 4.252, 30.41, -45.07, 0.006, 155.24, -52.26);
insert into SHOT values (3189, 3526, 3527, 1518, 3.900, 15.35, -5.00, 3.901, 15.22, -5.00, 0.009, 292.14, -0.58);
insert into SHOT values (3190, 3527, 3528, 1518, 9.900, 335.35, -50.00, 9.894, 335.37, -50.01, 0.007, 131.48, 34.72);
insert into SHOT values (3191, 3528, 3529, 1518, 2.000, 15.35, 90.00, 2.000, 90.00, 90.00, 0.000, 15.35, 0.00);
insert into SHOT values (3192, 3529, 3530, 1518, 3.900, 260.35, -2.00, 3.897, 260.39, -2.06, 0.006, 36.00, -42.84);
insert into SHOT values (3193, 3530, 3531, 1518, 3.700, 15.35, -3.00, 3.697, 15.39, -2.95, 0.005, 148.27, 44.72);
insert into SHOT values (3194, 3531, 3532, 1518, 3.100, 30.35, -10.00, 3.095, 30.35, -10.05, 0.005, 209.32, -18.01);
insert into SHOT values (3195, 3532, 3533, 1518, 2.500, 35.35, 0.00, 2.497, 35.22, 0.00, 0.006, 278.02, 0.00);
insert into SHOT values (3196, 3533, 3534, 1518, 2.400, 60.35, 10.00, 2.406, 60.41, 10.05, 0.007, 82.95, 28.43);
insert into SHOT values (3197, 3534, 3535, 1518, 2.200, 335.35, -25.00, 2.198, 335.37, -25.03, 0.003, 143.39, -5.07);
insert into SHOT values (3198, 3535, 3536, 1518, 2.400, 295.35, -5.00, 2.402, 295.49, -5.02, 0.006, 5.90, -7.34);
insert into SHOT values (3199, 3536, 3537, 1518, 1.650, 330.35, -20.00, 1.655, 330.30, -20.14, 0.007, 310.57, -55.52);
insert into SHOT values (3200, 3537, 3538, 1518, 2.600, 39.35, -10.00, 2.598, 39.29, -9.98, 0.004, 269.69, 23.11);
insert into SHOT values (3201, 3538, 3539, 1518, 3.700, 280.35, -20.00, 3.697, 280.28, -19.93, 0.007, 176.34, 49.78);
insert into SHOT values (3202, 3539, 3540, 1518, 2.600, 50.35, 10.00, 2.596, 50.40, 9.98, 0.004, 200.65, -19.77);
insert into SHOT values (3203, 3539, 3541, 1518, 3.600, 283.35, -12.00, 3.594, 283.32, -12.05, 0.007, 116.14, -12.42);
insert into SHOT values (3204, 3541, 3542, 1518, 6.400, 20.35, -10.00, 6.400, 20.33, -9.99, 0.002, 288.61, 36.11);
insert into SHOT values (3205, 3542, 3543, 1518, 1.600, 95.35, 0.00, 1.597, 95.39, 0.00, 0.003, 254.63, 0.00);
insert into SHOT values (3206, 3543, 3544, 1518, 8.500, 323.35, -60.00, 8.500, 323.32, -59.98, 0.003, 274.99, 21.78);
insert into SHOT values (3207, 3544, 3545, 1518, 3.300, 305.35, -2.00, 3.301, 305.38, -2.08, 0.005, 359.07, -68.41);
insert into SHOT values (3208, 3545, 3546, 1518, 5.500, 10.35, 8.00, 5.503, 10.36, 8.04, 0.005, 35.74, 59.93);
insert into SHOT values (3209, 3546, 3547, 1518, 10.000, 339.35, -5.00, 9.997, 339.36, -4.99, 0.004, 119.92, 22.49);
insert into SHOT values (3210, 3547, 3548, 1518, 5.000, 40.35, 8.00, 4.993, 40.32, 7.94, 0.009, 238.82, -41.21);
insert into SHOT values (3211, 3548, 3549, 1518, 7.000, 340.35, -18.00, 6.997, 340.42, -17.98, 0.009, 87.88, 19.56);
insert into SURVEY values (1520, 1467, 'GouffreDeLaGachette', 'GouffreDeLaGachette.209.UltimaPatagonia', 'Gouffre de la Gachette');
 insert into CENTRELINE values (1521, 1520, NULL, NULL, NULL, 0.00, 0.00, 0.00);
 insert into SURVEY values (1523, 1467, 'BobLEponge', 'BobLEponge.209.UltimaPatagonia', 'Bob l''Eponge');
 insert into CENTRELINE values (1524, 1523, NULL, NULL, NULL, 0.00, 0.00, 0.00);
 insert into SURVEY values (1526, 1467, 'CuevaGringa', 'CuevaGringa.209.UltimaPatagonia', 'Cueva Gringa');
 insert into CENTRELINE values (1527, 1526, NULL, NULL, NULL, 0.00, 0.00, 0.00);
 insert into SURVEY values (1529, 1467, 'DolineCalafate', 'DolineCalafate.209.UltimaPatagonia', 'Doline Calafate');
 insert into CENTRELINE values (1530, 1529, NULL, NULL, NULL, 0.00, 0.00, 0.00);
 insert into CENTRELINE values (1532, 1467, NULL, NULL, NULL, 0.00, 0.00, 0.00);
 insert into SURVEY values (1534, 22, '210', '210.UltimaPatagonia', '210 Seno norte');
 insert into CENTRELINE values (1535, 1534, NULL, NULL, NULL, 0.00, 0.00, 0.00);
 insert into SURVEY values (1536, 1534, 'ResurgenceFinDeSeno', 'ResurgenceFinDeSeno.210.UltimaPatagonia', 'Resurgence Fin De Seno');
 insert into CENTRELINE values (1537, 1536, NULL, NULL, NULL, 0.00, 0.00, 0.00);
 insert into CENTRELINE values (1538, 1536, NULL, '2006-02-01', NULL, 46.15, 0.00, 0.00);
 insert into SHOT values (3212, 3608, 3609, 1538, 6.400, 266.35, -2.00, 6.397, 266.32, -1.97, 0.005, 132.81, 38.17);
insert into SHOT values (3213, 3609, 3610, 1538, 9.600, 25.35, -2.00, 9.597, 25.31, -2.03, 0.009, 268.04, -32.39);
insert into SHOT values (3214, 3610, 3611, 1538, 12.700, 1.35, -2.00, 12.701, 1.35, -1.99, 0.004, 32.37, 65.11);
insert into SHOT values (3215, 3611, 3612, 1538, 4.000, 15.35, 0.00, 4.003, 15.36, 0.00, 0.003, 21.91, 0.00);
insert into SHOT values (3216, 3612, 3613, 1538, 2.450, 29.35, -5.00, 2.455, 29.40, -5.14, 0.008, 54.62, -55.02);
insert into SHOT values (3217, 3610, 3614, 1538, 4.700, 120.35, -5.00, 4.705, 120.23, -5.00, 0.011, 58.64, -1.88);
insert into SHOT values (3218, 3614, 3615, 1538, 4.400, 127.35, -11.00, 4.397, 127.37, -11.01, 0.004, 276.68, -7.21);
insert into SHOT values (3219, 3610, 3616, 1538, 1.900, 253.35, -22.00, 1.891, 253.43, -22.05, 0.009, 58.74, 10.88);
insert into CENTRELINE values (1539, 1536, NULL, NULL, NULL, 0.00, 0.00, 0.00);
 insert into CENTRELINE values (1541, 1534, NULL, NULL, NULL, 0.00, 0.00, 0.00);
 insert into SURVEY values (1543, 22, '211', '211.UltimaPatagonia', '211 Quincas');
 insert into CENTRELINE values (1544, 1543, NULL, NULL, NULL, 0.00, 0.00, 0.00);
 insert into SURVEY values (1545, 1543, 'AbrigoDelViento', 'AbrigoDelViento.211.UltimaPatagonia', 'AbrigoDelViento');
 insert into CENTRELINE values (1546, 1545, NULL, NULL, NULL, 0.00, 0.00, 0.00);
 insert into CENTRELINE values (1547, 1545, NULL, NULL, NULL, 429.78, 0.00, 0.00);
 insert into SHOT values (3220, 3618, 3619, 1547, 5.740, 109.80, 12.00, 5.736, 109.79, 11.97, 0.005, 307.79, -46.18);
insert into SHOT values (3221, 3619, 3620, 1547, 8.270, 110.80, -14.00, 8.269, 110.81, -14.00, 0.001, 256.88, 27.68);
insert into SHOT values (3222, 3619, 3621, 1547, 8.800, 217.80, -17.00, 8.801, 217.81, -16.98, 0.004, 252.57, 55.03);
insert into SHOT values (3223, 3619, 3622, 1547, 1.300, 321.80, 0.00, 1.296, 321.89, 0.00, 0.004, 112.73, 0.00);
insert into SHOT values (3224, 3622, 3623, 1547, 13.240, 15.80, 90.00, 13.240, 90.00, 90.00, 0.000, 15.80, 10.88);
insert into SHOT values (3225, 3623, 3624, 1547, 3.500, 263.80, 41.00, 3.505, 263.92, 41.01, 0.008, 322.76, 30.10);
insert into SHOT values (3226, 3624, 3625, 1547, 13.500, 127.80, 0.00, 13.506, 127.81, 0.00, 0.006, 150.26, 0.00);
insert into SHOT values (3227, 3624, 3626, 1547, 12.600, 191.80, 0.00, 12.597, 191.82, 0.00, 0.005, 320.45, 0.00);
insert into SHOT values (3228, 3624, 3627, 1547, 12.200, 15.80, 90.00, 12.200, 90.00, 90.00, 0.000, 15.80, -14.05);
insert into SHOT values (3229, 3627, 3628, 1547, 5.530, 60.80, 25.00, 5.529, 60.88, 24.93, 0.010, 135.15, -45.23);
insert into SHOT values (3230, 3629, 3628, 1547, 5.400, 239.80, -15.00, 5.397, 239.70, -15.03, 0.011, 128.08, -12.97);
insert into SHOT values (3231, 3630, 3629, 1547, 4.150, 139.80, 22.00, 4.147, 139.85, 21.95, 0.006, 254.30, -51.60);
insert into SHOT values (3232, 3631, 3630, 1547, 2.100, 179.80, 5.00, 2.099, 179.73, 5.19, 0.008, 54.05, 64.00);
insert into SHOT values (3233, 3632, 3631, 1547, 7.200, 147.80, 38.00, 7.196, 147.82, 38.00, 0.004, 288.86, -38.89);
insert into SHOT values (3234, 3633, 3632, 1547, 7.600, 66.80, 20.00, 7.595, 66.81, 20.02, 0.005, 232.66, 6.93);
insert into SHOT values (3235, 3634, 3633, 1547, 12.300, 124.80, 48.00, 12.298, 124.75, 48.01, 0.008, 13.91, -5.16);
insert into SHOT values (3236, 3635, 3634, 1547, 8.500, 77.80, 32.00, 8.501, 77.83, 31.96, 0.007, 125.75, -38.85);
insert into SHOT values (3237, 3636, 3635, 1547, 4.300, 80.80, 36.00, 4.299, 80.73, 36.05, 0.006, 314.01, 24.20);
insert into SHOT values (3238, 3628, 3637, 1547, 11.500, 133.80, 33.00, 11.500, 133.78, 33.04, 0.009, 350.13, 48.95);
insert into SHOT values (3239, 3637, 3638, 1547, 9.600, 104.80, 35.00, 9.594, 104.81, 34.98, 0.007, 250.88, -64.07);
insert into SHOT values (3240, 3638, 3639, 1547, 6.300, 101.80, 43.00, 6.302, 101.77, 43.03, 0.004, 356.72, 55.49);
insert into SHOT values (3241, 3639, 3640, 1547, 7.700, 110.80, 28.00, 7.703, 110.83, 27.95, 0.009, 141.25, -34.64);
insert into SHOT values (3242, 3641, 3642, 1547, 2.500, 86.80, 5.00, 2.494, 86.77, 5.06, 0.007, 278.97, 17.51);
insert into SHOT values (3243, 3642, 3643, 1547, 4.900, 209.80, -33.00, 4.895, 209.81, -33.05, 0.007, 21.77, -11.08);
insert into SHOT values (3244, 3643, 3644, 1547, 10.300, 97.80, 12.00, 10.298, 97.82, 11.99, 0.003, 214.69, -26.93);
insert into SHOT values (3245, 3644, 3645, 1547, 6.200, 136.80, 26.00, 6.203, 136.74, 26.01, 0.006, 67.17, 19.53);
insert into SHOT values (3246, 3645, 3646, 1547, 6.500, 103.80, -28.00, 6.496, 103.82, -28.00, 0.004, 255.86, 23.70);
insert into SHOT values (3247, 3646, 3647, 1547, 4.500, 161.80, 22.00, 4.503, 161.87, 21.91, 0.009, 205.64, -39.03);
insert into SHOT values (3248, 3647, 3648, 1547, 4.800, 15.80, 90.00, 4.800, 90.00, 90.00, 0.000, 15.80, 34.57);
insert into SHOT values (3249, 3648, 3649, 1547, 4.800, 221.80, 47.00, 4.799, 221.78, 47.01, 0.002, 80.82, -13.67);
insert into SHOT values (3250, 3649, 3650, 1547, 8.800, 105.80, 17.00, 8.801, 105.79, 16.98, 0.004, 57.98, -43.86);
insert into SHOT values (3251, 3650, 3651, 1547, 14.150, 15.80, 90.00, 14.150, 90.00, 90.00, 0.000, 15.80, 34.34);
insert into SHOT values (3252, 3651, 3618, 1547, 2.800, 139.80, 56.00, 2.809, 139.91, 56.05, 0.010, 188.22, 64.70);
insert into SHOT values (3253, 3641, 3652, 1547, 46.500, 15.80, -90.00, 46.500, 90.00, -90.00, 0.000, 15.80, 0.00);
insert into SHOT values (3254, 3652, 3653, 1547, 7.500, 310.80, -22.00, 7.508, 310.81, -21.98, 0.009, 314.93, -3.01);
insert into SHOT values (3255, 3653, 3654, 1547, 2.700, 21.80, -58.00, 2.696, 21.88, -58.15, 0.009, 189.29, -1.81);
insert into SHOT values (3256, 3654, 3655, 1547, 7.000, 15.80, -90.00, 7.000, 90.00, -90.00, 0.000, 15.80, 0.00);
insert into SHOT values (3257, 3655, 3656, 1547, 4.700, 76.80, 0.00, 4.706, 76.73, 0.00, 0.008, 31.13, 0.00);
insert into SHOT values (3258, 3656, 3657, 1547, 7.900, 21.80, -47.00, 7.900, 21.80, -47.03, 0.003, 202.02, -41.33);
insert into SHOT values (3259, 3657, 3658, 1547, 4.100, 56.80, -10.00, 4.100, 56.82, -9.97, 0.003, 121.47, 51.49);
insert into SHOT values (3260, 3658, 3659, 1547, 1.100, 110.80, 0.00, 1.101, 110.74, 0.00, 0.002, 69.25, 0.00);
insert into SHOT values (3261, 3659, 3660, 1547, 2.500, 41.80, -33.00, 2.493, 41.70, -33.06, 0.008, 248.41, 11.14);
insert into SHOT values (3262, 3660, 3661, 1547, 1.600, 122.80, -30.00, 1.604, 122.66, -29.93, 0.005, 83.07, -0.00);
insert into SHOT values (3263, 3661, 3662, 1547, 3.600, 70.80, -20.00, 3.598, 70.65, -19.99, 0.009, 327.85, 8.11);
insert into SHOT values (3264, 3662, 3663, 1547, 1.800, 27.80, -14.00, 1.799, 28.03, -14.15, 0.009, 132.38, -31.85);
insert into SHOT values (3265, 3663, 3664, 1547, 10.100, 43.80, -74.00, 10.102, 43.84, -73.99, 0.003, 76.85, -21.78);
insert into SHOT values (3266, 3664, 3665, 1547, 6.300, 63.80, -51.00, 6.291, 63.76, -51.01, 0.010, 267.28, 39.01);
insert into SHOT values (3267, 3665, 3666, 1547, 1.900, 3.80, 30.00, 1.898, 3.84, 30.03, 0.002, 153.63, 0.00);
insert into SHOT values (3268, 3666, 3667, 1547, 5.400, 326.80, 29.00, 5.392, 326.85, 28.95, 0.010, 108.94, -51.46);
insert into SHOT values (3269, 3667, 3668, 1547, 2.000, 32.80, 38.00, 2.007, 32.58, 38.15, 0.011, 324.37, 53.22);
insert into SHOT values (3270, 3668, 3669, 1547, 16.200, 15.80, -90.00, 16.200, 90.00, -90.00, 0.000, 15.80, 10.67);
insert into SHOT values (3271, 3669, 3670, 1547, 3.900, 30.80, -40.00, 3.898, 30.86, -40.08, 0.007, 178.45, -26.90);
insert into SHOT values (3272, 3670, 3671, 1547, 1.700, 340.80, -10.00, 1.709, 340.92, -10.11, 0.010, 3.44, -28.19);
insert into SHOT values (3273, 3671, 3672, 1547, 2.700, 60.80, 0.00, 2.699, 60.97, 0.00, 0.008, 156.75, 0.00);
insert into SHOT values (3274, 3672, 3673, 1547, 3.100, 15.80, -90.00, 3.100, 90.00, -90.00, 0.000, 15.80, 28.07);
insert into SHOT values (3275, 3673, 3674, 1547, 3.000, 15.80, 0.00, 3.001, 15.66, 0.00, 0.008, 295.96, 0.00);
insert into SHOT values (3276, 3674, 3675, 1547, 4.700, 297.80, -22.00, 4.695, 297.80, -22.02, 0.005, 117.85, 6.92);
insert into SHOT values (3277, 3675, 3676, 1547, 10.000, 346.80, -23.00, 9.995, 346.81, -22.97, 0.008, 137.41, 70.59);
insert into SHOT values (3278, 3676, 3677, 1547, 3.500, 299.80, 46.00, 3.495, 299.83, 45.90, 0.008, 352.06, -77.78);
insert into SHOT values (3279, 3677, 3678, 1547, 5.300, 330.80, -68.00, 5.299, 330.86, -67.92, 0.008, 348.13, 30.16);
insert into SHOT values (3280, 3678, 3679, 1547, 9.200, 39.80, -77.00, 9.195, 39.70, -77.01, 0.006, 270.41, 41.33);
insert into SHOT values (3281, 3679, 3680, 1547, 8.200, 343.80, 0.00, 8.196, 343.78, 0.00, 0.005, 209.04, 0.00);
insert into SURVEY values (1549, 1543, 'SumideroPiquante', 'SumideroPiquante.211.UltimaPatagonia', 'SumideroPiquante');
 insert into CENTRELINE values (1550, 1549, NULL, NULL, NULL, 0.00, 0.00, 0.00);
 insert into CENTRELINE values (1551, 1549, NULL, NULL, NULL, 320.43, 0.00, 0.00);
 insert into SHOT values (3282, 3681, 3682, 1551, 6.400, 202.80, 34.00, 6.401, 202.84, 34.01, 0.004, 287.70, 16.39);
insert into SHOT values (3283, 3682, 3683, 1551, 5.300, 78.30, 43.00, 5.301, 78.26, 42.93, 0.008, 46.90, -37.68);
insert into SHOT values (3284, 3683, 3684, 1551, 12.500, 15.80, 90.00, 12.500, 90.00, 90.00, 0.000, 15.80, 0.00);
insert into SHOT values (3285, 3684, 3685, 1551, 5.180, 133.80, -3.00, 5.177, 133.82, -2.99, 0.004, 277.92, 17.30);
insert into SHOT values (3286, 3685, 3686, 1551, 2.890, 125.80, 48.00, 2.896, 125.98, 47.94, 0.009, 169.63, 14.53);
insert into SHOT values (3287, 3686, 3687, 1551, 8.330, 114.80, 55.00, 8.322, 114.79, 55.03, 0.009, 300.29, -22.96);
insert into SHOT values (3288, 3687, 3688, 1551, 6.500, 141.80, 27.00, 6.508, 141.73, 27.05, 0.013, 80.62, 46.17);
insert into SHOT values (3289, 3688, 3689, 1551, 10.330, 89.80, 68.00, 10.323, 89.85, 67.98, 0.009, 174.35, -66.34);
insert into SHOT values (3290, 3689, 3690, 1551, 5.700, 156.80, -33.00, 5.694, 156.82, -32.99, 0.007, 321.62, 41.73);
insert into SHOT values (3291, 3690, 3691, 1551, 17.000, 92.80, 75.00, 16.998, 92.87, 75.01, 0.007, 223.31, -6.20);
insert into SHOT values (3292, 3691, 3692, 1551, 6.000, 164.80, -28.00, 6.000, 164.78, -28.04, 0.004, 25.49, -50.13);
insert into SHOT values (3293, 3692, 3693, 1551, 2.670, 136.80, -9.00, 2.670, 136.69, -8.83, 0.009, 63.20, 54.93);
insert into SHOT values (3294, 3693, 3694, 1551, 2.800, 205.80, -1.00, 2.800, 205.83, -1.02, 0.002, 287.93, -36.23);
insert into SHOT values (3295, 3694, 3695, 1551, 6.620, 15.80, 90.00, 6.620, 90.00, 90.00, 0.000, 15.80, 10.88);
insert into SHOT values (3296, 3695, 3696, 1551, 6.070, 128.80, 43.00, 6.070, 128.78, 43.01, 0.002, 10.95, 8.45);
insert into SHOT values (3297, 3696, 3697, 1551, 7.000, 151.80, 46.00, 7.000, 151.80, 45.94, 0.007, 153.12, -46.80);
insert into SHOT values (3298, 3697, 3698, 1551, 2.650, 227.80, 20.00, 2.653, 227.93, 20.06, 0.007, 297.03, 31.92);
insert into SHOT values (3299, 3698, 3699, 1551, 7.840, 139.80, 31.00, 7.847, 139.82, 30.99, 0.008, 160.16, 15.71);
insert into SHOT values (3300, 3699, 3700, 1551, 1.000, 217.80, -12.00, 0.998, 217.93, -12.14, 0.004, 350.79, -35.67);
insert into SHOT values (3301, 3700, 3701, 1551, 7.000, 130.80, -43.00, 6.999, 130.80, -43.08, 0.010, 314.70, -38.72);
insert into SHOT values (3302, 3701, 3702, 1551, 3.650, 169.80, 19.00, 3.655, 169.67, 19.00, 0.010, 110.72, 9.94);
insert into SHOT values (3303, 3702, 3703, 1551, 4.260, 153.80, 41.00, 4.260, 153.75, 41.09, 0.007, 7.24, 47.12);
insert into SHOT values (3304, 3703, 3704, 1551, 17.000, 15.80, 90.00, 17.000, 90.00, 90.00, 0.000, 15.80, 0.00);
insert into SHOT values (3305, 3704, 3705, 1551, 5.750, 151.80, -11.00, 5.752, 151.89, -11.02, 0.009, 232.09, -17.53);
insert into SHOT values (3306, 3705, 3706, 1551, 4.000, 126.80, -20.00, 4.000, 126.78, -20.03, 0.003, 9.98, -48.51);
insert into SHOT values (3307, 3706, 3707, 1551, 4.400, 166.80, 27.00, 4.405, 166.74, 27.00, 0.006, 122.74, 22.88);
insert into SHOT values (3308, 3707, 3708, 1551, 1.600, 66.80, -33.00, 1.597, 66.69, -33.01, 0.004, 292.70, 21.24);
insert into SHOT values (3309, 3708, 3709, 1551, 0.600, 112.80, -20.00, 0.602, 112.93, -20.40, 0.005, 170.72, -72.40);
insert into SHOT values (3310, 3709, 3710, 1551, 1.900, 63.80, -24.00, 1.902, 63.73, -23.87, 0.005, 34.82, 31.82);
insert into SHOT values (3311, 3710, 3711, 1551, 2.560, 129.80, -22.00, 2.558, 129.87, -22.04, 0.004, 260.51, -15.63);
insert into SHOT values (3312, 3711, 3712, 1551, 4.550, 188.80, -2.00, 4.546, 188.74, -2.02, 0.007, 57.51, -9.99);
insert into SHOT values (3313, 3712, 3713, 1551, 5.350, 152.80, 25.00, 5.353, 152.91, 24.97, 0.010, 220.18, -5.95);
insert into SHOT values (3314, 3713, 3714, 1551, 4.050, 56.80, 20.00, 4.059, 56.77, 20.03, 0.010, 41.22, 30.34);
insert into SHOT values (3315, 3714, 3715, 1551, 2.550, 138.80, 18.00, 2.550, 139.01, 18.05, 0.009, 234.88, 12.50);
insert into SHOT values (3316, 3715, 3716, 1551, 1.870, 118.80, 34.00, 1.865, 118.55, 33.89, 0.009, 12.12, -38.89);
insert into SHOT values (3317, 3716, 3717, 1551, 12.000, 15.80, 90.00, 12.000, 90.00, 90.00, 0.000, 15.80, 0.00);
insert into SHOT values (3318, 3717, 3718, 1551, 6.800, 168.80, 25.00, 6.807, 168.78, 25.03, 0.008, 144.99, 48.77);
insert into SHOT values (3319, 3718, 3719, 1551, 4.200, 191.80, 5.00, 4.205, 191.85, 4.91, 0.009, 224.03, -44.54);
insert into SHOT values (3320, 3718, 3720, 1551, 5.230, 127.80, 2.00, 5.228, 127.77, 1.97, 0.004, 1.43, -34.58);
insert into SHOT values (3321, 3720, 3721, 1551, 12.000, 15.80, 90.00, 12.000, 90.00, 90.00, 0.000, 15.80, 0.00);
insert into SHOT values (3322, 3721, 3722, 1551, 6.850, 141.80, -28.00, 6.857, 141.84, -28.01, 0.008, 181.05, -30.88);
insert into SHOT values (3323, 3722, 3723, 1551, 4.900, 153.80, 24.00, 4.899, 153.72, 24.09, 0.010, 30.00, 42.90);
insert into SHOT values (3324, 3723, 3724, 1551, 1.600, 275.80, -4.00, 1.603, 275.75, -4.29, 0.009, 237.15, -73.61);
insert into SHOT values (3325, 3724, 3725, 1551, 2.050, 173.80, 4.00, 2.057, 173.84, 4.18, 0.010, 186.61, 45.01);
insert into SHOT values (3326, 3725, 3726, 1551, 2.100, 122.80, -4.00, 2.097, 122.70, -4.10, 0.006, 349.97, -35.42);
insert into SHOT values (3327, 3726, 3727, 1551, 2.400, 164.80, -11.00, 2.398, 164.72, -11.06, 0.005, 34.05, -25.96);
insert into SHOT values (3328, 3727, 3728, 1551, 1.500, 92.80, -45.00, 1.500, 93.24, -44.95, 0.008, 175.74, 4.61);
insert into SHOT values (3329, 3728, 3729, 1551, 1.500, 110.80, -8.00, 1.490, 110.65, -8.10, 0.011, 311.21, -6.21);
insert into SHOT values (3330, 3729, 3730, 1551, 1.200, 75.80, 4.00, 1.209, 76.08, 4.27, 0.012, 110.88, 31.77);
insert into SHOT values (3331, 3730, 3731, 1551, 2.030, 172.80, -44.00, 2.031, 172.92, -43.98, 0.003, 247.25, 2.77);
insert into SHOT values (3332, 3731, 3732, 1551, 1.710, 87.80, 23.00, 1.704, 87.81, 22.79, 0.009, 262.48, -70.23);
insert into SHOT values (3333, 3732, 3733, 1551, 5.100, 144.80, 22.00, 5.103, 144.73, 22.10, 0.011, 47.10, 57.93);
insert into SHOT values (3334, 3733, 3734, 1551, 6.500, 204.80, 41.00, 6.503, 204.79, 40.93, 0.008, 197.90, -31.34);
insert into SHOT values (3335, 3734, 3735, 1551, 3.150, 162.80, 58.00, 3.146, 162.87, 58.07, 0.006, 322.25, -13.06);
insert into SHOT values (3336, 3735, 3736, 1551, 3.970, 143.80, 39.00, 3.970, 143.84, 39.03, 0.003, 262.93, 36.91);
insert into SHOT values (3337, 3736, 3737, 1551, 1.550, 186.80, 20.00, 1.553, 186.69, 19.95, 0.004, 146.18, -1.68);
insert into SHOT values (3338, 3737, 3738, 1551, 2.650, 225.80, -49.00, 2.646, 225.70, -49.10, 0.007, 72.47, -0.17);
insert into SHOT values (3339, 3738, 3739, 1551, 5.050, 118.80, -28.00, 5.045, 118.87, -28.02, 0.008, 256.05, 6.31);
insert into SHOT values (3340, 3684, 3740, 1551, 6.220, 121.80, -28.00, 6.217, 121.89, -28.01, 0.010, 231.87, 0.68);
insert into SHOT values (3341, 3740, 3741, 1551, 4.350, 159.80, -15.00, 4.345, 159.80, -14.94, 0.007, 347.29, 59.44);
insert into SHOT values (3342, 3741, 3742, 1551, 5.250, 177.80, 30.00, 5.245, 177.73, 29.97, 0.008, 59.52, -37.65);
insert into SHOT values (3343, 3743, 3744, 1551, 10.700, 145.80, 80.00, 10.701, 145.79, 80.04, 0.008, 327.41, 17.65);
insert into SHOT values (3344, 3711, 3743, 1551, 4.000, 145.80, 30.00, 4.005, 145.81, 29.96, 0.006, 148.63, -0.00);
insert into CENTRELINE values (1552, 1549, NULL, NULL, NULL, 131.04, 0.00, 0.00);
 insert into SHOT values (3345, 3739, 3745, 1552, 3.600, 227.80, 20.00, 3.594, 227.76, 20.01, 0.007, 69.47, -11.01);
insert into SHOT values (3346, 3745, 3746, 1552, 3.200, 331.80, -50.00, 3.197, 331.81, -50.03, 0.004, 145.10, 21.48);
insert into SHOT values (3347, 3746, 3747, 1552, 4.400, 286.80, -4.00, 4.408, 286.79, -4.03, 0.009, 278.76, -20.57);
insert into SHOT values (3348, 3747, 3748, 1552, 3.500, 213.80, 0.00, 3.497, 213.69, 0.00, 0.007, 102.72, 0.00);
insert into SHOT values (3349, 3748, 3749, 1552, 2.900, 321.80, -75.00, 2.900, 321.46, -74.92, 0.006, 271.40, 11.44);
insert into SHOT values (3350, 3749, 3750, 1552, 5.300, 329.80, -40.00, 5.302, 329.83, -40.03, 0.004, 66.30, -53.50);
insert into SHOT values (3351, 3750, 3751, 1552, 8.800, 15.80, -90.00, 8.800, 90.00, -90.00, 0.000, 15.80, -19.13);
insert into SHOT values (3352, 3751, 3752, 1552, 4.000, 335.80, -50.00, 3.999, 335.92, -49.93, 0.007, 39.33, 34.09);
insert into SHOT values (3353, 3752, 3753, 1552, 3.200, 299.80, -55.00, 3.202, 299.63, -54.91, 0.008, 253.13, 9.59);
insert into SHOT values (3354, 3753, 3754, 1552, 9.600, 320.80, -50.00, 9.604, 320.79, -50.03, 0.006, 180.68, -70.62);
insert into SHOT values (3355, 3754, 3755, 1552, 5.000, 328.80, 0.00, 5.003, 328.82, 0.00, 0.003, 0.40, 0.00);
insert into SHOT values (3356, 3756, 3757, 1552, 2.000, 100.80, 2.00, 2.006, 100.64, 2.00, 0.008, 55.34, 1.43);
insert into SHOT values (3357, 3757, 3758, 1552, 1.750, 195.80, 2.00, 1.748, 195.95, 1.97, 0.005, 307.13, -12.85);
insert into SHOT values (3358, 3758, 3759, 1552, 1.530, 122.80, 3.00, 1.528, 122.96, 3.00, 0.005, 241.88, -0.87);
insert into SHOT values (3359, 3759, 3760, 1552, 2.100, 160.80, 30.00, 2.103, 160.77, 29.96, 0.003, 141.93, 0.00);
insert into SHOT values (3360, 3760, 3761, 1552, 4.780, 148.80, 23.00, 4.778, 148.77, 23.04, 0.004, 11.90, 31.55);
insert into SHOT values (3361, 3761, 3762, 1552, 7.210, 155.80, 30.00, 7.216, 155.81, 30.02, 0.007, 172.91, 47.07);
insert into SHOT values (3362, 3762, 3763, 1552, 3.130, 153.80, 30.00, 3.127, 153.72, 29.93, 0.006, 56.33, -51.65);
insert into SHOT values (3363, 3763, 3764, 1552, 2.500, 264.80, 30.00, 2.504, 264.71, 29.95, 0.005, 225.07, -0.00);
insert into SHOT values (3364, 3764, 3765, 1552, 5.570, 169.80, 32.00, 5.571, 169.76, 31.98, 0.004, 105.42, -23.60);
insert into SHOT values (3365, 3765, 3766, 1552, 5.000, 123.80, 30.00, 5.002, 123.80, 29.99, 0.002, 120.89, -0.00);
insert into SHOT values (3366, 3766, 3767, 1552, 4.000, 192.80, 29.00, 4.000, 192.88, 29.01, 0.005, 287.47, 8.56);
insert into SHOT values (3367, 3767, 3768, 1552, 2.000, 138.80, 22.00, 1.996, 138.73, 22.07, 0.006, 345.01, 8.18);
insert into SHOT values (3368, 3768, 3769, 1552, 3.500, 194.80, 33.00, 3.504, 194.79, 33.03, 0.004, 182.86, 61.30);
insert into SHOT values (3369, 3769, 3770, 1552, 7.120, 142.80, 42.00, 7.115, 142.76, 41.99, 0.006, 12.80, -41.28);
insert into SHOT values (3370, 3770, 3771, 1552, 6.000, 127.80, 17.00, 6.001, 127.85, 17.06, 0.008, 229.67, 50.08);
insert into SHOT values (3371, 3771, 3772, 1552, 6.300, 149.80, 62.00, 6.300, 149.80, 61.95, 0.005, 148.27, -30.44);
insert into SHOT values (3372, 3772, 3773, 1552, 5.750, 115.80, 40.00, 5.747, 115.69, 39.95, 0.010, 31.27, -35.62);
insert into SHOT values (3373, 3773, 3742, 1552, 7.300, 15.80, 90.00, 7.300, 90.00, 90.00, 0.000, 15.80, 24.37);
insert into SURVEY values (1554, 1543, 'GouffreAguilucho', 'GouffreAguilucho.211.UltimaPatagonia', 'Gouffre d''Aguilucho');
 insert into CENTRELINE values (1555, 1554, NULL, NULL, NULL, 0.00, 0.00, 0.00);
 insert into CENTRELINE values (1556, 1554, NULL, NULL, NULL, 85.16, 0.00, 0.00);
 insert into SHOT values (3374, 3774, 3775, 1556, 14.480, 345.80, -10.00, 14.477, 345.79, -10.02, 0.007, 207.38, -48.37);
insert into SHOT values (3375, 3774, 3776, 1556, 14.450, 165.80, 45.00, 14.448, 165.79, 44.96, 0.010, 139.53, -52.82);
insert into SHOT values (3376, 3776, 3777, 1556, 19.180, 195.80, 40.00, 19.177, 195.84, 40.01, 0.012, 309.56, 6.46);
insert into SHOT values (3377, 3777, 3778, 1556, 17.380, 153.80, 45.00, 17.384, 153.79, 44.99, 0.005, 124.16, 5.20);
insert into SHOT values (3378, 3778, 3779, 1556, 19.670, 137.80, 68.00, 19.673, 137.80, 68.00, 0.003, 155.59, 59.27);
insert into CENTRELINE values (1557, 1554, NULL, NULL, NULL, 217.00, 0.00, 0.00);
 insert into SHOT values (3379, 3775, 3780, 1557, 5.000, 340.80, -39.79, 5.000, 340.86, -39.79, 0.004, 62.00, 0.00);
insert into SHOT values (3380, 3780, 3781, 1557, 10.500, 345.80, -28.44, 10.500, 345.77, -28.44, 0.005, 258.89, -0.00);
insert into SHOT values (3381, 3781, 3782, 1557, 15.500, 325.80, -29.79, 15.502, 325.81, -29.78, 0.004, 13.73, 0.00);
insert into SHOT values (3382, 3782, 3783, 1557, 9.500, 335.80, -21.62, 9.495, 335.79, -21.63, 0.006, 178.71, -0.00);
insert into SHOT values (3383, 3783, 3784, 1557, 17.000, 332.80, -34.79, 17.001, 332.81, -34.79, 0.003, 24.58, 0.00);
insert into SHOT values (3384, 3784, 3785, 1557, 14.000, 350.80, -26.74, 13.999, 350.79, -26.75, 0.002, 221.31, -0.00);
insert into SHOT values (3385, 3785, 3786, 1557, 30.000, 345.80, -10.76, 30.007, 345.80, -10.76, 0.008, 353.38, -0.00);
insert into SHOT values (3386, 3774, 3787, 1557, 3.000, 10.80, 0.00, 3.003, 10.75, 0.00, 0.004, 324.83, 0.00);
insert into SHOT values (3387, 3787, 3788, 1557, 3.000, 105.80, -64.16, 3.001, 105.95, -64.11, 0.004, 155.96, 0.00);
insert into SHOT values (3388, 3788, 3789, 1557, 7.000, 280.80, 11.54, 7.002, 280.75, 11.53, 0.006, 208.86, -0.00);
insert into SHOT values (3389, 3789, 3790, 1557, 13.000, 225.80, 5.74, 12.992, 225.81, 5.74, 0.008, 24.22, 0.00);
insert into SHOT values (3390, 3790, 3791, 1557, 21.000, 210.80, 1.36, 21.006, 210.79, 1.36, 0.007, 177.40, 0.00);
insert into SHOT values (3391, 3791, 3792, 1557, 7.500, 250.80, 0.00, 7.495, 250.84, 0.00, 0.007, 24.59, 0.00);
insert into SHOT values (3392, 3792, 3793, 1557, 6.000, 250.80, -41.81, 6.004, 250.84, -41.77, 0.007, 275.42, 0.00);
insert into SHOT values (3393, 3793, 3794, 1557, 7.000, 230.80, 20.92, 6.994, 230.78, 20.94, 0.007, 71.78, 0.00);
insert into SHOT values (3394, 3794, 3795, 1557, 5.000, 285.80, 11.54, 5.005, 285.74, 11.53, 0.007, 236.82, 0.00);
insert into SHOT values (3395, 3795, 3796, 1557, 7.000, 140.80, 25.38, 7.001, 140.77, 25.37, 0.003, 65.54, 0.00);
insert into SHOT values (3396, 3796, 3797, 1557, 8.000, 181.80, -14.48, 7.998, 181.78, -14.48, 0.004, 58.67, 0.00);
insert into SHOT values (3397, 3797, 3798, 1557, 8.000, 173.80, -22.02, 8.007, 173.81, -22.01, 0.007, 185.98, 0.00);
insert into SHOT values (3398, 3798, 3799, 1557, 10.000, 230.80, -53.13, 9.999, 230.82, -53.14, 0.002, 353.53, 0.00);
insert into SHOT values (3399, 3799, 3800, 1557, 10.000, 200.80, 0.00, 10.001, 200.79, 0.00, 0.002, 144.36, 0.00);
insert into SURVEY values (1559, 1543, 'ExsurgencePicaflor', 'ExsurgencePicaflor.211.UltimaPatagonia', '<lang:fr>Exsurgence Picaflor<lang:es>Exsurgencia Picaflor');
 insert into CENTRELINE values (1560, 1559, NULL, NULL, NULL, 0.00, 0.00, 0.00);
 insert into CENTRELINE values (1561, 1559, NULL, '2008-02-01', NULL, 50.67, 0.00, 0.00);
 insert into SHOT values (3400, 3801, 3802, 1561, 4.970, 235.20, 0.00, 4.971, 235.16, 0.00, 0.003, 164.64, 0.00);
insert into SHOT values (3401, 3802, 3803, 1561, 7.580, 145.20, 10.00, 7.581, 145.20, 10.03, 0.004, 232.73, 75.52);
insert into SHOT values (3402, 3803, 3804, 1561, 16.480, 175.20, 10.00, 16.477, 175.19, 10.00, 0.003, 14.32, -32.64);
insert into SHOT values (3403, 3804, 3805, 1561, 11.410, 178.20, 0.00, 11.406, 178.19, 0.00, 0.004, 9.22, 0.00);
insert into SHOT values (3404, 3805, 3806, 1561, 4.000, 193.20, 3.00, 4.001, 193.17, 3.01, 0.002, 117.23, 17.55);
insert into SHOT values (3405, 3806, 3807, 1561, 6.230, 165.20, 5.00, 6.228, 165.25, 4.97, 0.007, 272.59, -27.00);
insert into CENTRELINE values (1562, 1559, NULL, NULL, NULL, 28.00, 0.00, 0.00);
 insert into SHOT values (3406, 3805, 3808, 1562, 2.000, 193.80, 0.00, 2.008, 193.83, 0.00, 0.008, 200.41, 0.00);
insert into SHOT values (3407, 3808, 3809, 1562, 4.500, 220.80, -40.12, 4.498, 220.87, -40.14, 0.005, 341.71, -0.00);
insert into SHOT values (3408, 3809, 3810, 1562, 1.000, 165.80, 11.54, 1.000, 165.82, 11.54, 0.000, 247.50, 0.00);
insert into SHOT values (3409, 3810, 3811, 1562, 3.500, 195.80, -14.90, 3.496, 195.81, -14.92, 0.005, 12.81, -0.00);
insert into SHOT values (3410, 3811, 3812, 1562, 2.000, 275.80, -23.58, 1.996, 275.65, -23.63, 0.006, 145.44, -0.00);
insert into SHOT values (3411, 3812, 3813, 1562, 2.000, 70.80, 71.81, 2.001, 70.41, 71.76, 0.005, 2.86, 0.00);
insert into SHOT values (3412, 3813, 3814, 1562, 3.000, 165.80, 56.44, 3.002, 165.71, 56.39, 0.004, 125.85, 0.00);
insert into SHOT values (3413, 3814, 3815, 1562, 10.000, 190.80, 5.74, 10.007, 190.82, 5.73, 0.008, 219.67, 0.00);
insert into SURVEY values (1564, 1543, 'PorcheDeLImpatience', 'PorcheDeLImpatience.211.UltimaPatagonia', 'Porche De L''Impatience');
 insert into CENTRELINE values (1565, 1564, NULL, NULL, NULL, 0.00, 0.00, 0.00);
 insert into CENTRELINE values (1566, 1564, NULL, NULL, NULL, 55.60, 0.00, 0.00);
 insert into SHOT values (3414, 3816, 3817, 1566, 9.500, 323.80, -20.00, 9.496, 323.80, -20.01, 0.005, 150.89, -10.17);
insert into SHOT values (3415, 3817, 3818, 1566, 31.100, 305.80, 20.00, 31.102, 305.81, 20.01, 0.006, 29.44, 32.66);
insert into SHOT values (3416, 3818, 3819, 1566, 10.000, 305.80, 20.00, 10.008, 305.79, 19.98, 0.009, 289.12, -1.26);
insert into SHOT values (3417, 3819, 3820, 1566, 5.000, 15.80, -90.00, 5.000, 90.00, -90.00, 0.000, 15.80, 0.00);
insert into SURVEY values (1568, 1543, 'Gouffre36', 'Gouffre36.211.UltimaPatagonia', 'Gouffre 36');
 insert into CENTRELINE values (1569, 1568, NULL, NULL, NULL, 0.00, 0.00, 0.00);
 insert into SCRAPS values (1570, 1568, 'DELETE-ME-survey-legs-Gouffre36-e', 2, 0.00000, 0.00000);
 insert into SCRAPS values (1572, 1568, 'Gouffre36-1e', 2, 0.00000, 0.00000);
 insert into CENTRELINE values (1586, 1568, NULL, '2010-01-01', '2010-01-01', 45.00, 0.00, 0.00);
 insert into SHOT values (3418, 3821, 3822, 1586, 45.000, 15.05, -90.00, 45.000, 90.00, -90.00, 0.000, 15.05, 0.00);
insert into SURVEY values (1588, 1543, 'GouffreDesMousquetaires', 'GouffreDesMousquetaires.211.UltimaPatagonia', 'Gouffre Des Mousquetaires');
 insert into CENTRELINE values (1589, 1588, NULL, NULL, NULL, 0.00, 0.00, 0.00);
 insert into CENTRELINE values (1590, 1588, NULL, '2010-02-01', NULL, 56.06, 0.00, 0.00);
 insert into SHOT values (3419, 3823, 3824, 1590, 8.260, 185.04, 43.00, 8.259, 185.03, 42.97, 0.004, 165.82, -53.58);
insert into SHOT values (3420, 3824, 3825, 1590, 6.900, 195.04, 33.00, 6.902, 195.02, 33.01, 0.003, 131.72, 43.95);
insert into SHOT values (3421, 3825, 3826, 1590, 5.370, 208.04, -22.00, 5.365, 208.06, -22.00, 0.005, 5.93, 19.55);
insert into SHOT values (3422, 3825, 3827, 1590, 17.080, 15.04, 90.00, 17.080, 90.00, 90.00, 0.000, 15.04, -13.40);
insert into SHOT values (3423, 3827, 3828, 1590, 12.500, 15.04, 90.00, 12.500, 90.00, 90.00, 0.000, 15.04, 0.00);
insert into SHOT values (3424, 3828, 3829, 1590, 5.950, 310.04, 56.00, 5.949, 310.00, 55.97, 0.004, 261.20, -45.72);
insert into SURVEY values (1592, 1543, 'GouffreDeLArche', 'GouffreDeLArche.211.UltimaPatagonia', 'Gouffre de l''Arche');
 insert into CENTRELINE values (1593, 1592, NULL, NULL, NULL, 0.00, 0.00, 0.00);
 insert into CENTRELINE values (1594, 1592, NULL, '2010-02-01', NULL, 40.70, 0.00, 0.00);
 insert into SHOT values (3425, 3830, 3831, 1594, 3.130, 177.04, 49.00, 3.128, 176.93, 48.98, 0.005, 79.56, -29.32);
insert into SHOT values (3426, 3831, 3832, 1594, 1.900, 50.04, 26.00, 1.901, 49.98, 25.88, 0.004, 18.56, -40.75);
insert into SHOT values (3427, 3832, 3833, 1594, 1.090, 160.04, 37.00, 1.095, 159.90, 37.08, 0.005, 122.28, 50.29);
insert into SHOT values (3428, 3833, 3834, 1594, 2.750, 343.04, 57.00, 2.744, 342.90, 56.96, 0.008, 229.65, -57.57);
insert into SHOT values (3429, 3834, 3835, 1594, 4.400, 19.04, 31.00, 4.406, 19.01, 31.01, 0.006, 356.21, 38.67);
insert into SHOT values (3430, 3835, 3836, 1594, 5.080, 127.04, 73.00, 5.082, 126.79, 73.00, 0.007, 43.64, 17.06);
insert into SHOT values (3431, 3836, 3837, 1594, 4.160, 137.04, 56.00, 4.162, 137.26, 55.99, 0.009, 215.02, 7.38);
insert into SHOT values (3432, 3837, 3838, 1594, 8.300, 179.04, 79.00, 8.292, 178.91, 79.01, 0.009, 44.55, -56.86);
insert into SHOT values (3433, 3838, 3839, 1594, 9.890, 190.04, 46.00, 9.898, 190.05, 46.00, 0.008, 205.64, 45.85);
insert into SURVEY values (1596, 1543, 'GrotteMarion', 'GrotteMarion.211.UltimaPatagonia', 'GrotteMarion');
 insert into CENTRELINE values (1597, 1596, NULL, NULL, NULL, 0.00, 0.00, 0.00);
 insert into CENTRELINE values (1598, 1596, NULL, '2010-02-01', NULL, 74.10, 0.00, 0.00);
 insert into SHOT values (3434, 3840, 3841, 1598, 5.500, 355.04, -15.00, 5.497, 355.03, -14.97, 0.004, 192.08, 51.88);
insert into SHOT values (3435, 3841, 3842, 1598, 10.000, 15.04, -20.00, 10.005, 15.04, -19.99, 0.005, 19.32, 2.21);
insert into SHOT values (3436, 3842, 3843, 1598, 11.000, 355.04, -15.00, 10.996, 355.03, -15.02, 0.006, 192.08, -28.53);
insert into SHOT values (3437, 3843, 3844, 1598, 8.300, 65.04, -10.00, 8.300, 65.03, -9.99, 0.001, 324.83, 60.32);
insert into SHOT values (3438, 3844, 3845, 1598, 12.500, 35.04, -32.00, 12.505, 35.05, -32.02, 0.007, 80.66, -57.06);
insert into SHOT values (3439, 3845, 3846, 1598, 5.200, 15.04, -8.00, 5.195, 14.98, -7.97, 0.008, 243.78, 28.39);
insert into SHOT values (3440, 3846, 3847, 1598, 4.400, 5.04, -5.00, 4.404, 5.10, -4.95, 0.007, 53.65, 29.28);
insert into SHOT values (3441, 3846, 3848, 1598, 6.700, 135.04, 0.00, 6.703, 135.00, 0.00, 0.006, 81.52, 0.00);
insert into SHOT values (3442, 3848, 3849, 1598, 10.500, 175.04, 30.00, 10.500, 175.08, 30.00, 0.006, 262.85, -0.00);
insert into SURVEY values (1600, 1543, 'MeandreDesSables', 'MeandreDesSables.211.UltimaPatagonia', 'Meandre Des Sables');
 insert into CENTRELINE values (1601, 1600, NULL, NULL, NULL, 0.00, 0.00, 0.00);
 insert into CENTRELINE values (1602, 1600, NULL, '2010-02-01', NULL, 37.50, 0.00, 0.00);
 insert into SHOT values (3443, 3850, 3851, 1602, 1.800, 103.04, 15.00, 1.797, 102.99, 15.16, 0.006, 300.56, 42.79);
insert into SHOT values (3444, 3851, 3852, 1602, 1.000, 103.04, 90.00, 1.000, 90.00, 90.00, 0.000, 103.04, 0.00);
insert into SHOT values (3445, 3852, 3853, 1602, 7.150, 80.04, 25.00, 7.147, 80.04, 25.00, 0.003, 249.19, -33.64);
insert into SHOT values (3446, 3853, 3854, 1602, 3.400, 70.04, -15.00, 3.402, 70.08, -14.99, 0.003, 110.01, -0.26);
insert into SHOT values (3447, 3854, 3855, 1602, 3.600, 145.04, -30.00, 3.605, 145.04, -29.95, 0.006, 144.56, -0.00);
insert into SHOT values (3448, 3853, 3856, 1602, 3.500, 220.04, -70.00, 3.502, 219.93, -69.97, 0.004, 178.61, -17.02);
insert into SHOT values (3449, 3854, 3857, 1602, 6.250, 65.04, 90.00, 6.250, 90.00, 90.00, 0.000, 65.04, 0.00);
insert into SHOT values (3450, 3857, 3858, 1602, 2.200, 65.04, 20.00, 2.195, 65.05, 19.98, 0.005, 240.25, -26.67);
insert into SHOT values (3451, 3858, 3859, 1602, 5.200, 150.04, 35.00, 5.199, 150.00, 34.97, 0.004, 82.42, -43.50);
insert into SHOT values (3452, 3859, 3860, 1602, 3.400, 95.04, 25.00, 3.402, 95.03, 25.04, 0.003, 35.33, 75.52);
insert into SURVEY values (1604, 1543, 'AvenDeLaTraverse', 'AvenDeLaTraverse.211.UltimaPatagonia', 'Aven De La Traverse');
 insert into CENTRELINE values (1605, 1604, NULL, NULL, NULL, 0.00, 0.00, 0.00);
 insert into CENTRELINE values (1606, 1604, NULL, '2010-02-01', NULL, 34.70, 0.00, 0.00);
 insert into SHOT values (3453, 3861, 3862, 1606, 8.500, 45.04, 25.00, 8.496, 45.05, 25.00, 0.004, 195.36, -31.32);
insert into SHOT values (3454, 3861, 3863, 1606, 5.200, 305.04, -20.00, 5.202, 305.09, -20.01, 0.005, 9.96, -17.92);
insert into SHOT values (3455, 3861, 3864, 1606, 10.000, 230.04, 30.00, 10.000, 230.06, 30.00, 0.003, 316.54, -0.00);
insert into SHOT values (3456, 3861, 3865, 1606, 11.000, 175.04, 70.00, 11.004, 174.97, 69.99, 0.006, 111.94, 34.00);
insert into SURVEY values (1608, 1543, 'SimaDelCol', 'SimaDelCol.211.UltimaPatagonia', 'Sima del Col');
 insert into CENTRELINE values (1609, 1608, NULL, NULL, NULL, 0.00, 0.00, 0.00);
 insert into SURVEY values (1611, 1543, 'MD/BDGS01', 'MD/BDGS01.211.UltimaPatagonia', 'MD/BDGS01');
 insert into CENTRELINE values (1612, 1611, NULL, NULL, NULL, 0.00, 0.00, 0.00);
 insert into SURVEY values (1614, 1543, 'MD/BDGS02', 'MD/BDGS02.211.UltimaPatagonia', 'MD/BDGS02');
 insert into CENTRELINE values (1615, 1614, NULL, NULL, NULL, 0.00, 0.00, 0.00);
 insert into SURVEY values (1617, 1543, 'MD/BDGS03', 'MD/BDGS03.211.UltimaPatagonia', 'MD/BDGS03');
 insert into CENTRELINE values (1618, 1617, NULL, NULL, NULL, 0.00, 0.00, 0.00);
 insert into SURVEY values (1620, 1543, 'MD/BDGS04', 'MD/BDGS04.211.UltimaPatagonia', 'MD/BDGS04');
 insert into CENTRELINE values (1621, 1620, NULL, NULL, NULL, 0.00, 0.00, 0.00);
 insert into SURVEY values (1623, 1543, 'MD/BDG05', 'MD/BDG05.211.UltimaPatagonia', 'MD/BDG05');
 insert into CENTRELINE values (1624, 1623, NULL, NULL, NULL, 0.00, 0.00, 0.00);
 insert into SURVEY values (1626, 1543, 'GrotteGrandeSoeur', 'GrotteGrandeSoeur.211.UltimaPatagonia', 'Grotte Grande Soeur');
 insert into CENTRELINE values (1627, 1626, NULL, NULL, NULL, 0.00, 0.00, 0.00);
 insert into CENTRELINE values (1629, 1543, NULL, NULL, NULL, 0.00, 0.00, 0.00);
 insert into SURVEY values (1631, 22, '212', '212.UltimaPatagonia', '212 Tarlton');
 insert into CENTRELINE values (1632, 1631, NULL, NULL, NULL, 0.00, 0.00, 0.00);
 insert into SURVEY values (1633, 1631, 'GrotteDeTarlton', 'GrotteDeTarlton.212.UltimaPatagonia', 'Grotte de Tarlton');
 insert into CENTRELINE values (1634, 1633, NULL, NULL, NULL, 0.00, 0.00, 0.00);
 insert into SURVEY values (1636, 1631, 'TAR01', 'TAR01.212.UltimaPatagonia', 'TAR01');
 insert into CENTRELINE values (1637, 1636, NULL, NULL, NULL, 0.00, 0.00, 0.00);
 insert into SURVEY values (1639, 1631, 'TAR02', 'TAR02.212.UltimaPatagonia', 'TAR02');
 insert into CENTRELINE values (1640, 1639, NULL, NULL, NULL, 0.00, 0.00, 0.00);
 insert into SURVEY values (1642, 1631, 'TAR03', 'TAR03.212.UltimaPatagonia', 'TAR03');
 insert into CENTRELINE values (1643, 1642, NULL, NULL, NULL, 0.00, 0.00, 0.00);
 insert into SURVEY values (1645, 1631, 'TAR04', 'TAR04.212.UltimaPatagonia', 'TAR04');
 insert into CENTRELINE values (1646, 1645, NULL, NULL, NULL, 0.00, 0.00, 0.00);
 insert into SURVEY values (1648, 1631, 'TAR05', 'TAR05.212.UltimaPatagonia', 'TAR05');
 insert into CENTRELINE values (1649, 1648, NULL, NULL, NULL, 0.00, 0.00, 0.00);
 insert into CENTRELINE values (1651, 1631, NULL, NULL, NULL, 0.00, 0.00, 0.00);
 insert into SURVEY values (1653, 22, '213', '213.UltimaPatagonia', '213 Guarello');
 insert into CENTRELINE values (1654, 1653, NULL, NULL, NULL, 0.00, 0.00, 0.00);
 insert into SURVEY values (1655, 1653, 'LeMasqueEtLaPlume', 'LeMasqueEtLaPlume.213.UltimaPatagonia', 'Gouffre du Masque et de la Plume');
 insert into CENTRELINE values (1656, 1655, NULL, NULL, NULL, 0.00, 0.00, 0.00);
 insert into CENTRELINE values (1657, 1655, NULL, NULL, NULL, 240.20, 0.00, 0.00);
 insert into SHOT values (3457, 3921, 3922, 1657, 3.800, 255.80, -20.00, 3.799, 255.73, -20.01, 0.005, 157.09, -4.12);
insert into SHOT values (3458, 3922, 3923, 1657, 3.900, 305.80, 0.00, 3.903, 305.93, 0.00, 0.009, 19.79, 0.00);
insert into SHOT values (3459, 3923, 3924, 1657, 5.200, 295.80, -16.00, 5.205, 295.69, -15.95, 0.012, 239.94, 16.38);
insert into SHOT values (3460, 3924, 3925, 1657, 4.500, 145.80, 10.00, 4.500, 145.66, 9.98, 0.011, 59.52, -7.60);
insert into SHOT values (3461, 3925, 3926, 1657, 4.800, 185.80, -40.00, 4.805, 185.93, -40.02, 0.010, 257.66, -28.48);
insert into SHOT values (3462, 3926, 3927, 1657, 8.000, 300.80, -3.00, 7.998, 300.80, -3.01, 0.003, 112.92, -29.30);
insert into SHOT values (3463, 3927, 3928, 1657, 8.400, 341.80, -15.00, 8.400, 341.83, -14.97, 0.006, 62.69, 42.10);
insert into SHOT values (3464, 3928, 3929, 1657, 8.400, 270.80, -10.00, 8.399, 270.76, -10.01, 0.006, 164.60, -12.87);
insert into SHOT values (3465, 3929, 3930, 1657, 8.600, 320.80, -10.00, 8.609, 320.79, -9.97, 0.010, 312.06, 18.95);
insert into SHOT values (3466, 3930, 3931, 1657, 13.300, 283.80, -8.00, 13.299, 283.79, -8.00, 0.002, 171.17, 26.82);
insert into SHOT values (3467, 3931, 3932, 1657, 6.900, 10.80, -20.00, 6.902, 10.84, -20.00, 0.005, 78.40, -0.70);
insert into SHOT values (3468, 3932, 3933, 1657, 7.400, 305.80, -10.00, 7.399, 305.78, -10.04, 0.006, 169.38, -57.93);
insert into SHOT values (3469, 3933, 3934, 1657, 10.800, 315.80, -15.00, 10.798, 315.82, -14.97, 0.006, 69.23, 61.82);
insert into SHOT values (3470, 3934, 3935, 1657, 4.600, 65.80, -10.00, 4.600, 65.75, -10.02, 0.004, 326.50, -18.09);
insert into SHOT values (3471, 3934, 3936, 1657, 8.500, 335.80, -20.00, 8.499, 335.75, -20.02, 0.009, 227.17, -19.13);
insert into SHOT values (3472, 3936, 3937, 1657, 11.800, 278.80, 5.00, 11.804, 278.81, 5.01, 0.004, 291.78, 23.56);
insert into SHOT values (3473, 3937, 3938, 1657, 6.200, 239.80, -25.00, 6.192, 239.82, -25.03, 0.009, 45.59, 1.46);
insert into SHOT values (3474, 3928, 3939, 1657, 6.700, 60.80, -15.00, 6.696, 60.86, -14.97, 0.008, 175.00, 29.72);
insert into SHOT values (3475, 3939, 3940, 1657, 8.600, 345.80, -24.00, 8.605, 345.79, -24.00, 0.005, 319.99, -24.25);
insert into SHOT values (3476, 3940, 3941, 1657, 14.000, 345.80, -40.00, 14.003, 345.81, -40.00, 0.003, 10.47, -17.72);
insert into SHOT values (3477, 3941, 3942, 1657, 13.600, 320.80, -30.00, 13.593, 320.79, -30.02, 0.008, 153.19, 0.00);
insert into SHOT values (3478, 3942, 3943, 1657, 9.000, 335.80, -33.00, 9.005, 335.78, -32.97, 0.008, 310.61, 12.36);
insert into SHOT values (3479, 3943, 3944, 1657, 17.800, 155.80, -60.00, 17.805, 155.80, -60.00, 0.006, 136.96, -59.62);
insert into SHOT values (3480, 3944, 3945, 1657, 6.800, 115.80, -43.00, 6.802, 115.74, -43.01, 0.006, 29.29, -24.51);
insert into SHOT values (3481, 3945, 3946, 1657, 3.200, 115.80, -28.00, 3.196, 115.84, -27.99, 0.004, 266.70, 31.53);
insert into SHOT values (3482, 3946, 3947, 1657, 8.000, 100.80, -52.00, 7.999, 100.88, -51.96, 0.008, 164.18, 29.44);
insert into SHOT values (3483, 3947, 3948, 1657, 6.500, 68.80, 10.00, 6.504, 68.76, 10.01, 0.006, 19.70, 12.86);
insert into SHOT values (3484, 3948, 3949, 1657, 6.600, 50.80, 0.00, 6.596, 50.78, 0.00, 0.005, 255.15, 0.00);
insert into SHOT values (3485, 3949, 3950, 1657, 3.200, 45.80, 0.00, 3.204, 45.89, 0.00, 0.006, 98.47, 0.00);
insert into SHOT values (3486, 3950, 3951, 1657, 7.300, 30.80, 60.00, 7.301, 30.78, 59.96, 0.005, 11.21, -21.90);
insert into SHOT values (3487, 3947, 3952, 1657, 3.800, 273.80, 0.00, 3.799, 273.92, 0.00, 0.008, 11.50, 0.00);
insert into CENTRELINE values (1658, 1655, NULL, NULL, NULL, 74.30, 0.00, 0.00);
 insert into SHOT values (3488, 3953, 3938, 1658, 7.100, 275.80, -37.00, 7.098, 275.87, -36.98, 0.008, 10.53, 22.56);
insert into SHOT values (3489, 3938, 3954, 1658, 14.300, 357.80, -20.00, 14.293, 357.78, -20.01, 0.009, 210.34, 5.67);
insert into SHOT values (3490, 3954, 3955, 1658, 19.000, 15.80, -90.00, 19.000, 90.00, -90.00, 0.000, 15.80, 0.00);
insert into SHOT values (3491, 3955, 3956, 1658, 11.200, 20.80, -58.00, 11.203, 20.82, -57.99, 0.003, 51.83, -32.93);
insert into SHOT values (3492, 3956, 3957, 1658, 9.500, 15.80, -90.00, 9.500, 90.00, -90.00, 0.000, 15.80, -6.11);
insert into SHOT values (3493, 3957, 3958, 1658, 13.200, 175.80, 0.00, 13.196, 175.78, 0.00, 0.006, 38.22, 0.00);
insert into CENTRELINE values (1659, 1655, NULL, NULL, NULL, 26.81, 0.00, 0.00);
 insert into SHOT values (3494, 3952, 3959, 1659, 1.580, 261.80, 5.00, 1.583, 261.61, 5.07, 0.006, 200.73, 21.15);
insert into SHOT values (3495, 3959, 3960, 1659, 17.000, 312.80, -9.00, 17.001, 312.80, -9.00, 0.002, 341.43, -22.91);
insert into SHOT values (3496, 3960, 3961, 1659, 8.230, 261.80, -11.00, 8.233, 261.82, -10.99, 0.004, 298.60, 4.76);
insert into CENTRELINE values (1660, 1655, NULL, NULL, NULL, 93.36, 0.00, 0.00);
 insert into SHOT values (3497, 3962, 3963, 1660, 0.000, 15.80, 0.00, 0.000, 90.00, 0.00, 0.000, 90.00, 0.00);
insert into SHOT values (3498, 3963, 3964, 1660, 5.360, 317.80, 12.00, 5.355, 317.79, 11.96, 0.006, 157.87, -45.32);
insert into SHOT values (3499, 3964, 3965, 1660, 5.230, 269.80, -24.00, 5.229, 269.76, -23.92, 0.008, 212.37, 60.55);
insert into SHOT values (3500, 3964, 3966, 1660, 2.130, 15.80, -90.00, 2.130, 90.00, -90.00, 0.000, 15.80, 30.84);
insert into SHOT values (3501, 3966, 3967, 1660, 2.290, 91.80, -23.00, 2.291, 91.90, -22.86, 0.007, 140.41, 44.59);
insert into SHOT values (3502, 3967, 3968, 1660, 2.900, 15.80, -90.00, 2.900, 90.00, -90.00, 0.000, 15.80, 7.50);
insert into SHOT values (3503, 3968, 3969, 1660, 3.500, 9.80, -15.00, 3.499, 9.71, -15.08, 0.007, 255.84, -35.97);
insert into SHOT values (3504, 3969, 3970, 1660, 2.220, 59.80, -23.00, 2.225, 59.80, -23.02, 0.005, 60.96, -30.60);
insert into SHOT values (3505, 3970, 3971, 1660, 5.100, 92.80, -18.00, 5.093, 92.72, -17.95, 0.010, 327.00, 35.38);
insert into SHOT values (3506, 3971, 3972, 1660, 2.900, 340.80, -39.00, 2.897, 340.76, -39.18, 0.010, 172.40, -30.45);
insert into SHOT values (3507, 3965, 3973, 1660, 5.580, 274.80, 13.00, 5.572, 274.86, 12.96, 0.011, 58.20, -29.33);
insert into SHOT values (3508, 3973, 3974, 1660, 4.350, 326.80, -16.00, 4.351, 326.80, -16.01, 0.001, 335.55, -41.13);
insert into SHOT values (3509, 3974, 3975, 1660, 6.400, 247.80, 7.00, 6.408, 247.83, 6.99, 0.009, 270.00, 0.24);
insert into SHOT values (3510, 3975, 3976, 1660, 1.700, 268.80, -2.00, 1.692, 268.64, -2.03, 0.010, 117.46, -3.96);
insert into SHOT values (3511, 3976, 3977, 1660, 4.600, 262.80, -40.00, 4.598, 262.83, -39.90, 0.008, 291.42, 57.99);
insert into SHOT values (3512, 3977, 3978, 1660, 17.400, 0.80, -38.00, 17.405, 0.79, -38.02, 0.008, 268.55, -76.45);
insert into SHOT values (3513, 3978, 3979, 1660, 4.200, 262.80, -23.00, 4.194, 262.86, -23.02, 0.007, 51.75, 8.47);
insert into SHOT values (3514, 3979, 3980, 1660, 8.700, 247.80, 55.00, 8.704, 247.75, 55.00, 0.006, 176.92, 35.93);
insert into SHOT values (3515, 3976, 3981, 1660, 5.300, 292.80, 12.00, 5.301, 292.81, 11.98, 0.002, 314.25, -55.63);
insert into SHOT values (3516, 3981, 3982, 1660, 3.500, 345.80, 44.00, 3.506, 345.74, 44.10, 0.009, 252.42, 73.49);
insert into CENTRELINE values (1661, 1655, NULL, NULL, NULL, 96.60, 0.00, 0.00);
 insert into SHOT values (3517, 3983, 3984, 1661, 7.700, 65.80, 48.00, 7.698, 65.82, 47.99, 0.003, 167.62, -48.35);
insert into SHOT values (3518, 3984, 3985, 1661, 22.000, 100.80, 5.00, 22.003, 100.81, 5.01, 0.004, 143.44, 37.16);
insert into SHOT values (3519, 3985, 3986, 1661, 14.600, 110.80, 2.00, 14.731, 108.12, 0.54, 0.793, 30.89, -27.79);
insert into SHOT values (3520, 3986, 3987, 1661, 16.600, 115.80, 4.00, 16.598, 115.78, 4.01, 0.008, 9.71, 14.78);
insert into SHOT values (3521, 3987, 3988, 1661, 5.400, 85.80, 19.00, 5.398, 85.84, 19.03, 0.005, 208.88, 23.97);
insert into SHOT values (3522, 3988, 3989, 1661, 5.200, 115.80, 58.00, 5.200, 115.82, 58.01, 0.001, 234.48, 7.99);
insert into SHOT values (3523, 3989, 3990, 1661, 10.500, 45.80, 53.00, 10.497, 45.77, 52.97, 0.007, 356.15, -50.33);
insert into SHOT values (3524, 3990, 3991, 1661, 8.200, 175.80, 42.00, 8.204, 175.77, 42.00, 0.006, 123.59, 34.01);
insert into SHOT values (3525, 3991, 3992, 1661, 6.400, 105.80, 45.00, 6.400, 105.79, 45.06, 0.007, 297.39, 41.90);
insert into CENTRELINE values (1662, 1655, NULL, NULL, NULL, 96.39, 0.00, 0.00);
 insert into SHOT values (3526, 3986, 3993, 1662, 6.650, 195.80, 28.00, 6.508, 194.52, 28.05, 0.193, 60.55, -18.76);
insert into SHOT values (3527, 3993, 3994, 1662, 7.500, 150.80, 9.00, 7.494, 148.73, 8.21, 0.287, 61.85, -21.07);
insert into SHOT values (3528, 3994, 3995, 1662, 12.200, 175.80, 14.00, 12.133, 173.15, 13.15, 0.581, 82.05, -19.24);
insert into SHOT values (3529, 3996, 3997, 1662, 5.280, 75.80, 22.00, 5.284, 75.82, 22.01, 0.005, 101.04, 26.90);
insert into SHOT values (3530, 3997, 3998, 1662, 4.500, 145.80, 13.00, 4.500, 145.88, 12.97, 0.006, 232.12, -22.01);
insert into SHOT values (3531, 3998, 3999, 1662, 5.000, 135.80, 32.00, 5.003, 135.76, 31.99, 0.004, 90.70, 5.86);
insert into SHOT values (3532, 3999, 4000, 1662, 9.400, 175.80, 35.00, 9.405, 175.83, 35.04, 0.009, 260.35, 65.69);
insert into SHOT values (3533, 4000, 4001, 1662, 10.000, 195.80, 12.00, 9.995, 195.78, 11.95, 0.010, 62.59, -66.31);
insert into SHOT values (3534, 4001, 4002, 1662, 4.900, 351.80, -22.00, 4.901, 351.78, -21.92, 0.007, 326.64, 55.23);
insert into SHOT values (3535, 4002, 4003, 1662, 5.700, 301.80, 11.00, 5.705, 301.79, 11.01, 0.005, 286.73, 25.98);
insert into SHOT values (3536, 4003, 4004, 1662, 5.300, 272.80, -3.00, 5.294, 272.82, -3.03, 0.007, 78.44, -21.82);
insert into SHOT values (3537, 4004, 4005, 1662, 6.860, 313.80, -26.00, 6.856, 313.75, -26.04, 0.008, 179.53, -19.85);
insert into SHOT values (3538, 4005, 4006, 1662, 7.900, 349.80, -28.00, 7.906, 349.77, -27.99, 0.007, 314.75, -9.54);
insert into SHOT values (3539, 4006, 4007, 1662, 4.200, 55.80, -38.00, 4.198, 55.83, -37.92, 0.006, 94.91, 65.63);
insert into SHOT values (3540, 4007, 3995, 1662, 1.000, 15.80, -90.00, 0.931, 233.13, -86.92, 0.086, 233.13, 54.46);
insert into CENTRELINE values (1663, 1655, NULL, NULL, NULL, 37.46, 0.00, 0.00);
 insert into SHOT values (3541, 4005, 4008, 1663, 5.900, 211.80, 23.00, 5.901, 211.90, 23.04, 0.011, 305.37, 25.55);
insert into SHOT values (3542, 4008, 4009, 1663, 10.480, 273.80, 12.00, 10.472, 273.81, 12.02, 0.009, 87.58, 7.33);
insert into SHOT values (3543, 4009, 4010, 1663, 5.290, 179.80, 21.00, 5.289, 179.88, 20.94, 0.009, 258.94, -38.53);
insert into SHOT values (3544, 4010, 4011, 1663, 8.850, 255.80, 17.00, 8.847, 255.77, 17.02, 0.007, 130.80, 21.77);
insert into SHOT values (3545, 4011, 4012, 1663, 5.320, 175.80, 18.00, 5.313, 175.80, 17.98, 0.007, 355.99, -33.24);
insert into SHOT values (3546, 4012, 4013, 1663, 1.620, 287.80, 0.00, 1.616, 287.65, 0.00, 0.006, 155.18, 0.00);
insert into CENTRELINE values (1664, 1655, NULL, NULL, NULL, 52.60, 0.00, 0.00);
 insert into SHOT values (3547, 3921, 4014, 1664, 8.400, 102.80, -5.00, 8.399, 102.77, -4.99, 0.005, 359.51, 26.98);
insert into SHOT values (3548, 4014, 4015, 1664, 7.900, 135.80, -5.00, 7.908, 135.82, -5.01, 0.009, 155.85, -9.74);
insert into SHOT values (3549, 4015, 4016, 1664, 7.100, 139.80, -27.00, 7.095, 139.81, -26.99, 0.005, 302.48, 41.91);
insert into SHOT values (3550, 4016, 4017, 1664, 4.300, 69.80, -30.00, 4.297, 69.71, -30.02, 0.006, 310.84, -0.00);
insert into SHOT values (3551, 4017, 4018, 1664, 5.000, 73.80, -45.00, 5.005, 73.92, -45.01, 0.009, 142.53, -29.39);
insert into SHOT values (3552, 4018, 4019, 1664, 3.000, 87.80, -33.00, 2.994, 87.72, -32.98, 0.007, 309.93, 35.83);
insert into SHOT values (3553, 4019, 4020, 1664, 10.700, 65.80, -39.00, 10.708, 65.81, -39.01, 0.008, 73.92, -49.16);
insert into SHOT values (3554, 4020, 4013, 1664, 6.200, 355.80, -65.00, 6.199, 355.84, -65.03, 0.004, 150.22, -13.59);
insert into CENTRELINE values (1665, 1655, NULL, NULL, NULL, 134.70, 0.00, 0.00);
 insert into SHOT values (3555, 4021, 4022, 1665, 13.000, 48.80, -56.00, 13.003, 48.79, -56.00, 0.003, 5.95, -54.27);
insert into SHOT values (3556, 4022, 4023, 1665, 5.400, 23.80, -38.00, 5.400, 23.68, -37.94, 0.011, 312.39, 24.85);
insert into SHOT values (3557, 4023, 4024, 1665, 5.600, 310.80, -31.00, 5.592, 310.77, -31.00, 0.009, 151.43, 29.26);
insert into SHOT values (3558, 4024, 4025, 1665, 7.300, 346.80, -28.00, 7.305, 346.83, -28.00, 0.006, 19.44, -29.61);
insert into SHOT values (3559, 4025, 4026, 1665, 3.800, 53.80, -35.00, 3.800, 53.76, -35.01, 0.003, 310.30, -9.16);
insert into SHOT values (3560, 4026, 4027, 1665, 6.800, 76.80, -26.00, 6.798, 76.85, -26.00, 0.006, 183.72, 9.55);
insert into SHOT values (3561, 4027, 4028, 1665, 11.100, 354.80, -28.00, 11.099, 354.79, -28.00, 0.002, 258.49, 29.14);
insert into SHOT values (3562, 4028, 4029, 1665, 3.700, 131.80, 6.00, 3.695, 131.80, 5.90, 0.008, 311.53, -58.61);
insert into SHOT values (3563, 4029, 4030, 1665, 5.300, 78.80, 29.00, 5.303, 78.81, 28.99, 0.003, 95.15, 10.36);
insert into SHOT values (3564, 4030, 4031, 1665, 3.700, 345.80, 19.00, 3.701, 345.77, 19.08, 0.006, 230.85, 65.57);
insert into SHOT values (3565, 4031, 4032, 1665, 15.600, 15.80, -51.00, 15.608, 15.83, -51.00, 0.010, 61.67, -40.74);
insert into SHOT values (3566, 4028, 4033, 1665, 4.800, 299.80, -17.00, 4.799, 299.81, -17.09, 0.007, 112.75, -62.24);
insert into SHOT values (3567, 4033, 4034, 1665, 23.000, 294.80, -27.00, 22.998, 294.81, -27.00, 0.005, 39.63, 20.79);
insert into SHOT values (3568, 4033, 4035, 1665, 7.800, 17.80, 14.00, 7.803, 17.76, 14.02, 0.006, 316.95, 28.48);
insert into SHOT values (3569, 4035, 4036, 1665, 16.600, 309.80, 49.00, 16.597, 309.82, 49.02, 0.007, 101.42, 14.57);
insert into SHOT values (3570, 4036, 3980, 1665, 1.200, 15.80, 90.00, 1.200, 90.00, 90.00, 0.000, 15.80, 34.57);
insert into CENTRELINE values (1666, 1655, NULL, NULL, NULL, 138.80, 0.00, 0.00);
 insert into SHOT values (3571, 4007, 4037, 1666, 0.000, 15.80, 0.00, 0.049, 63.43, -24.09, 0.049, 63.43, -24.09);
insert into SHOT values (3572, 4037, 4038, 1666, 7.000, 215.80, 20.00, 6.826, 214.98, 19.87, 0.198, 65.94, -21.96);
insert into SHOT values (3573, 4038, 4039, 1666, 5.000, 325.80, 7.00, 4.983, 327.37, 6.45, 0.145, 61.30, -19.93);
insert into SHOT values (3574, 4039, 4040, 1666, 7.800, 339.80, -7.00, 7.845, 341.94, -7.77, 0.311, 64.72, -20.61);
insert into SHOT values (3575, 4040, 4041, 1666, 7.900, 285.80, 12.00, 7.767, 287.27, 11.44, 0.249, 46.71, -24.28);
insert into SHOT values (3576, 4041, 4042, 1666, 4.800, 266.80, -18.00, 4.668, 267.53, -19.00, 0.166, 66.38, -12.81);
insert into SHOT values (3577, 4042, 4043, 1666, 3.200, 249.80, 40.00, 3.196, 249.72, 39.90, 0.008, 170.74, -62.10);
insert into SHOT values (3578, 4043, 4044, 1666, 7.800, 199.80, 15.00, 7.792, 199.81, 15.03, 0.009, 14.84, 7.63);
insert into SHOT values (3579, 4044, 4045, 1666, 7.200, 279.80, 19.00, 7.202, 279.73, 19.04, 0.011, 190.40, 33.09);
insert into SHOT values (3580, 4045, 4046, 1666, 6.600, 279.80, 15.00, 6.599, 279.85, 15.02, 0.005, 23.49, 19.19);
insert into SHOT values (3581, 4045, 4047, 1666, 3.100, 357.80, -20.00, 3.108, 357.84, -19.94, 0.009, 10.88, 1.62);
insert into SHOT values (3582, 4047, 4048, 1666, 11.000, 335.80, 50.00, 10.990, 335.76, 50.01, 0.012, 190.54, -34.24);
insert into SHOT values (3583, 4047, 4049, 1666, 4.700, 257.80, 2.00, 4.700, 257.71, 1.95, 0.009, 171.79, -27.99);
insert into SHOT values (3584, 4049, 4050, 1666, 4.200, 299.80, 17.00, 4.206, 299.82, 17.00, 0.006, 309.17, 18.62);
insert into SHOT values (3585, 4050, 4051, 1666, 5.000, 187.80, 0.00, 4.996, 187.82, 0.00, 0.004, 340.87, 0.00);
insert into SHOT values (3586, 4050, 3962, 1666, 9.000, 253.80, -16.00, 9.001, 253.83, -15.99, 0.004, 328.60, 10.38);
insert into SHOT values (3587, 3962, 4052, 1666, 5.300, 173.80, 31.00, 5.303, 173.81, 30.98, 0.004, 188.28, 4.72);
insert into SHOT values (3588, 4052, 4053, 1666, 5.600, 285.80, 59.00, 5.597, 285.73, 59.06, 0.008, 135.90, -1.05);
insert into SHOT values (3589, 4053, 4054, 1666, 6.000, 88.80, 0.00, 6.001, 88.76, 0.00, 0.005, 16.25, 0.00);
insert into SHOT values (3590, 4054, 4055, 1666, 4.100, 265.80, 35.00, 4.100, 265.73, 34.97, 0.004, 186.78, -21.86);
insert into SHOT values (3591, 4055, 4056, 1666, 2.700, 247.80, 34.00, 2.704, 248.01, 33.95, 0.009, 307.23, 1.09);
insert into SHOT values (3592, 4056, 4057, 1666, 3.500, 43.80, 55.00, 3.503, 43.79, 55.01, 0.003, 23.41, 68.18);
insert into SHOT values (3593, 4057, 4058, 1666, 5.600, 164.80, 43.00, 5.600, 164.71, 43.01, 0.007, 69.66, 6.88);
insert into SHOT values (3594, 4058, 4059, 1666, 3.600, 183.80, 0.00, 3.608, 183.81, 0.00, 0.008, 189.45, 0.00);
insert into SHOT values (3595, 4059, 4060, 1666, 4.000, 75.80, 10.00, 4.001, 75.75, 9.93, 0.006, 16.30, -49.40);
insert into SHOT values (3596, 4060, 4061, 1666, 4.100, 51.80, 30.00, 4.102, 51.74, 29.98, 0.004, 354.63, -0.00);
insert into CENTRELINE values (1667, 1655, NULL, NULL, NULL, 24.50, 0.00, 0.00);
 insert into SHOT values (3597, 3985, 4062, 1667, 0.000, 15.80, 0.00, 0.046, 243.43, 12.60, 0.046, 243.43, 12.60);
insert into SHOT values (3598, 4062, 4063, 1667, 11.400, 192.80, 22.00, 11.536, 194.77, 22.31, 0.394, 268.06, 16.15);
insert into SHOT values (3599, 4063, 4064, 1667, 3.000, 260.80, 32.00, 3.174, 260.19, 31.74, 0.177, 250.26, 26.95);
insert into SHOT values (3600, 4064, 4065, 1667, 3.900, 161.80, 13.00, 3.952, 163.36, 13.61, 0.123, 231.10, 25.29);
insert into SHOT values (3601, 4065, 4042, 1667, 6.200, 159.80, 26.00, 6.257, 161.47, 26.48, 0.180, 240.90, 23.62);
insert into CENTRELINE values (1668, 1655, NULL, NULL, NULL, 107.10, 0.00, 0.00);
 insert into SHOT values (3602, 4066, 4067, 1668, 7.700, 97.80, -24.00, 7.699, 97.76, -23.99, 0.005, 9.46, 20.85);
insert into SHOT values (3603, 4067, 4068, 1668, 9.000, 183.80, 8.00, 8.997, 183.80, 7.99, 0.004, 17.73, -41.00);
insert into SHOT values (3604, 4068, 4069, 1668, 4.200, 105.80, 0.00, 4.200, 105.89, 0.00, 0.006, 191.50, 0.00);
insert into SHOT values (3605, 4067, 4070, 1668, 4.400, 9.80, -10.00, 4.400, 9.83, -9.95, 0.005, 87.67, 59.94);
insert into SHOT values (3606, 4070, 4071, 1668, 14.200, 337.80, 52.00, 14.197, 337.81, 52.02, 0.005, 145.62, 2.65);
insert into SHOT values (3607, 4067, 4072, 1668, 9.800, 43.80, 17.00, 9.801, 43.83, 17.03, 0.007, 141.39, 42.83);
insert into SHOT values (3608, 4072, 4073, 1668, 5.900, 90.80, 0.00, 5.901, 90.78, 0.00, 0.003, 12.84, 0.00);
insert into SHOT values (3609, 4073, 4074, 1668, 3.800, 63.80, 12.00, 3.795, 63.78, 12.01, 0.005, 259.25, -0.71);
insert into SHOT values (3610, 4074, 4075, 1668, 4.800, 113.80, 15.00, 4.806, 113.75, 14.95, 0.008, 81.87, -16.30);
insert into SHOT values (3611, 4075, 4076, 1668, 3.800, 60.80, 30.00, 3.800, 60.71, 30.00, 0.005, 329.12, -0.00);
insert into SHOT values (3612, 4076, 4077, 1668, 4.300, 117.80, 30.00, 4.298, 117.87, 30.01, 0.005, 232.31, 0.00);
insert into SHOT values (3613, 4077, 4078, 1668, 5.500, 149.80, 25.00, 5.501, 149.78, 24.95, 0.005, 123.39, -53.54);
insert into SHOT values (3614, 4074, 4079, 1668, 2.600, 24.80, -43.00, 2.608, 24.82, -43.04, 0.008, 31.39, -56.36);
insert into SHOT values (3615, 4079, 4080, 1668, 6.000, 80.80, 0.00, 6.007, 80.80, 0.00, 0.007, 83.07, 0.00);
insert into SHOT values (3616, 4079, 4081, 1668, 1.700, 291.80, -3.00, 1.694, 291.86, -3.05, 0.006, 94.59, -9.32);
insert into SHOT values (3617, 4081, 4082, 1668, 1.200, 5.80, -25.00, 1.195, 5.82, -24.73, 0.007, 178.12, 74.36);
insert into SHOT values (3618, 4082, 4083, 1668, 3.600, 0.80, -2.00, 3.603, 0.80, -2.07, 0.005, 352.65, -59.53);
insert into SHOT values (3619, 4083, 4084, 1668, 2.100, 41.80, -1.00, 2.096, 41.91, -1.09, 0.006, 175.04, -32.57);
insert into SHOT values (3620, 4084, 4085, 1668, 2.500, 78.80, -1.00, 2.499, 78.69, -0.92, 0.006, 336.00, 36.07);
insert into SHOT values (3621, 4085, 4086, 1668, 10.000, 40.80, -60.00, 9.999, 40.86, -60.01, 0.006, 150.23, 2.58);
insert into CENTRELINE values (1669, 1655, NULL, NULL, NULL, 16.80, 0.00, 0.00);
 insert into SHOT values (3622, 4060, 4087, 1669, 2.500, 276.80, 20.00, 2.499, 276.85, 20.13, 0.006, 56.59, 56.85);
insert into SHOT values (3623, 4087, 4088, 1669, 1.400, 195.80, 48.00, 1.400, 196.11, 47.99, 0.005, 285.73, -4.52);
insert into SHOT values (3624, 4088, 4089, 1669, 5.600, 245.80, 0.00, 5.604, 245.77, 0.00, 0.005, 204.35, 0.00);
insert into SHOT values (3625, 4089, 4067, 1669, 7.300, 213.80, -2.00, 7.299, 213.82, -2.04, 0.006, 330.38, -62.35);
insert into SURVEY values (1671, 1653, 'GrotteFinistere', 'GrotteFinistere.213.UltimaPatagonia', 'Grotte du Finistere');
 insert into CENTRELINE values (1672, 1671, NULL, NULL, NULL, 0.00, 0.00, 0.00);
 insert into CENTRELINE values (1673, 1671, NULL, NULL, NULL, 412.54, 0.00, 0.00);
 insert into SHOT values (3626, 4090, 4091, 1673, 2.740, 38.80, 13.00, 2.739, 38.76, 13.09, 0.005, 258.26, 50.38);
insert into SHOT values (3627, 4091, 4092, 1673, 5.750, 29.80, -25.00, 5.748, 29.81, -25.01, 0.002, 179.59, 1.51);
insert into SHOT values (3628, 4092, 4093, 1673, 4.120, 79.80, -12.00, 4.125, 79.72, -12.03, 0.008, 29.83, -24.57);
insert into SHOT values (3629, 4093, 4094, 1673, 5.620, 97.80, 0.00, 5.623, 97.87, 0.00, 0.007, 164.20, 0.00);
insert into SHOT values (3630, 4094, 4095, 1673, 5.410, 116.80, 1.00, 5.412, 116.80, 0.95, 0.005, 117.53, -64.00);
insert into SHOT values (3631, 4095, 4096, 1673, 1.960, 48.80, -4.00, 1.960, 48.73, -3.80, 0.007, 331.37, 69.96);
insert into SHOT values (3632, 4096, 4097, 1673, 5.050, 139.80, -3.00, 5.046, 139.83, -3.07, 0.008, 291.54, -46.74);
insert into SHOT values (3633, 4097, 4098, 1673, 2.940, 176.80, 12.00, 2.938, 176.81, 11.98, 0.002, 340.43, -42.98);
insert into SHOT values (3634, 4098, 4099, 1673, 6.830, 114.80, 21.00, 6.834, 114.84, 21.01, 0.006, 161.54, 22.89);
insert into SHOT values (3635, 4099, 4100, 1673, 4.650, 38.80, -15.00, 4.646, 38.76, -14.97, 0.006, 265.38, 37.74);
insert into SHOT values (3636, 4100, 4101, 1673, 7.110, 24.80, -19.00, 7.118, 24.78, -19.02, 0.009, 0.11, -35.09);
insert into SHOT values (3637, 4101, 4102, 1673, 5.000, 24.80, -19.00, 4.999, 24.89, -18.91, 0.011, 102.68, 48.00);
insert into SHOT values (3638, 4101, 4103, 1673, 8.400, 177.80, 22.00, 8.408, 177.79, 22.00, 0.008, 170.56, 23.81);
insert into SHOT values (3639, 4103, 4104, 1673, 6.150, 193.80, 25.00, 6.148, 193.81, 25.02, 0.003, 353.62, 17.29);
insert into SHOT values (3640, 4104, 4105, 1673, 12.450, 183.80, 28.00, 12.449, 183.81, 27.98, 0.005, 218.40, -68.88);
insert into SHOT values (3641, 4105, 4106, 1673, 4.990, 131.80, 4.00, 4.992, 131.66, 4.02, 0.012, 49.09, 8.92);
insert into SHOT values (3642, 4106, 4107, 1673, 3.720, 169.80, -5.00, 3.721, 169.90, -4.93, 0.008, 246.25, 32.12);
insert into SHOT values (3643, 4107, 4108, 1673, 6.410, 173.80, 32.00, 6.417, 173.78, 32.00, 0.007, 152.15, 26.16);
insert into SHOT values (3644, 4108, 4109, 1673, 6.010, 251.80, 11.00, 6.013, 251.84, 10.93, 0.009, 294.35, -48.16);
insert into SHOT values (3645, 4109, 4110, 1673, 6.100, 318.80, 4.00, 6.096, 318.87, 4.04, 0.009, 80.58, 28.66);
insert into SHOT values (3646, 4110, 4111, 1673, 5.240, 222.80, 0.00, 5.236, 222.83, 0.00, 0.005, 4.60, 0.00);
insert into SHOT values (3647, 4111, 4112, 1673, 5.330, 246.80, 12.00, 5.340, 246.77, 12.00, 0.010, 231.81, 10.18);
insert into SHOT values (3648, 4112, 4113, 1673, 5.740, 175.80, -3.00, 5.743, 175.80, -2.99, 0.003, 174.02, 7.13);
insert into SHOT values (3649, 4113, 4114, 1673, 7.500, 246.80, 16.00, 7.492, 246.78, 15.96, 0.010, 90.58, -48.03);
insert into SHOT values (3650, 4114, 4115, 1673, 10.810, 323.80, -18.00, 10.812, 323.82, -17.99, 0.004, 26.29, 6.83);
insert into SHOT values (3651, 4114, 4116, 1673, 5.660, 298.80, -9.00, 5.663, 298.86, -8.94, 0.009, 349.54, 38.44);
insert into SHOT values (3652, 4116, 4117, 1673, 15.470, 173.80, 18.00, 15.473, 173.80, 17.99, 0.004, 156.02, -8.09);
insert into SHOT values (3653, 4117, 4118, 1673, 21.860, 172.80, 30.00, 21.858, 172.81, 30.00, 0.003, 313.32, -0.00);
insert into SHOT values (3654, 4118, 4119, 1673, 5.740, 196.80, 12.00, 5.743, 196.76, 11.96, 0.007, 150.16, -30.09);
insert into SHOT values (3655, 4119, 4120, 1673, 12.930, 153.80, 18.00, 12.928, 153.79, 18.02, 0.006, 14.80, 47.74);
insert into SHOT values (3656, 4120, 4121, 1673, 10.170, 143.80, 18.00, 10.164, 143.79, 18.00, 0.006, 336.64, -25.22);
insert into SHOT values (3657, 4121, 4122, 1673, 2.860, 53.80, 10.00, 2.856, 53.82, 10.08, 0.006, 220.26, 36.99);
insert into SHOT values (3658, 4122, 4123, 1673, 8.910, 289.80, 66.00, 8.911, 289.83, 65.99, 0.002, 353.63, 7.58);
insert into SHOT values (3659, 4123, 4124, 1673, 15.000, 144.80, 70.00, 14.998, 144.83, 69.96, 0.010, 159.81, -33.23);
insert into SHOT values (3660, 4120, 4125, 1673, 9.680, 199.80, 38.00, 9.684, 199.84, 37.98, 0.007, 242.56, 3.40);
insert into SHOT values (3661, 4125, 4126, 1673, 1.770, 233.80, 30.00, 1.767, 234.03, 29.87, 0.008, 330.30, -39.41);
insert into SHOT values (3662, 4126, 4127, 1673, 9.860, 209.80, 27.00, 9.864, 209.74, 27.01, 0.010, 136.05, 21.99);
insert into SHOT values (3663, 4127, 4128, 1673, 2.940, 187.80, 29.00, 2.931, 187.85, 28.98, 0.009, 352.81, -34.95);
insert into SHOT values (3664, 4128, 4129, 1673, 5.190, 208.80, 42.00, 5.196, 208.82, 42.05, 0.007, 263.65, 75.72);
insert into SHOT values (3665, 4129, 4130, 1673, 2.750, 195.80, 31.00, 2.748, 195.75, 30.87, 0.007, 134.77, -67.36);
insert into SHOT values (3666, 4130, 4131, 1673, 4.690, 223.80, 39.00, 4.687, 223.78, 39.00, 0.003, 77.62, -27.79);
insert into SHOT values (3667, 4131, 4132, 1673, 3.730, 191.80, 39.00, 3.735, 191.93, 38.99, 0.008, 250.57, 19.19);
insert into SHOT values (3668, 4132, 4133, 1673, 3.950, 217.80, 40.00, 3.948, 217.74, 40.04, 0.005, 79.49, 11.83);
insert into SHOT values (3669, 4133, 4134, 1673, 3.400, 163.80, 28.00, 3.400, 163.74, 28.07, 0.005, 41.75, 44.88);
insert into SHOT values (3670, 4134, 4135, 1673, 6.150, 194.80, 56.00, 6.146, 194.80, 55.91, 0.010, 195.66, -58.40);
insert into SHOT values (3671, 4135, 4136, 1673, 2.840, 136.80, 76.00, 2.844, 136.77, 76.04, 0.004, 340.07, 78.20);
insert into SHOT values (3672, 4130, 4137, 1673, 9.000, 195.80, 40.00, 9.001, 195.83, 40.04, 0.007, 325.92, 46.46);
insert into SHOT values (3673, 4120, 4138, 1673, 10.090, 286.80, -7.00, 10.094, 286.83, -7.00, 0.006, 332.15, -3.32);
insert into SHOT values (3674, 4138, 4139, 1673, 11.230, 18.80, -32.00, 11.225, 18.82, -32.01, 0.006, 173.27, 10.34);
insert into SHOT values (3675, 4139, 4140, 1673, 4.940, 17.80, -28.00, 4.937, 17.77, -28.03, 0.005, 229.95, -10.11);
insert into SHOT values (3676, 4140, 4141, 1673, 9.500, 33.80, -21.00, 9.500, 33.78, -21.04, 0.007, 271.69, -54.06);
insert into SHOT values (3677, 4141, 4142, 1673, 6.000, 348.80, 0.00, 6.003, 348.86, 0.00, 0.007, 51.09, 0.00);
insert into SHOT values (3678, 4137, 4143, 1673, 6.940, 157.80, 50.00, 6.936, 157.75, 49.96, 0.008, 86.21, -54.12);
insert into SHOT values (3679, 4143, 4144, 1673, 4.700, 112.80, 38.00, 4.702, 112.89, 38.08, 0.009, 222.00, 45.38);
insert into SHOT values (3680, 4144, 4145, 1673, 5.150, 149.80, 52.00, 5.153, 149.72, 51.99, 0.005, 86.01, 18.61);
insert into SHOT values (3681, 4145, 4146, 1673, 5.700, 214.80, 42.00, 5.699, 214.81, 41.95, 0.005, 234.19, -53.72);
insert into SHOT values (3682, 4146, 4147, 1673, 4.900, 247.80, 40.00, 4.904, 247.80, 39.97, 0.005, 248.38, 3.94);
insert into SHOT values (3683, 4147, 4148, 1673, 4.890, 214.80, 40.00, 4.885, 214.88, 40.00, 0.007, 340.94, -27.24);
insert into SHOT values (3684, 4148, 4149, 1673, 2.480, 290.80, 0.00, 2.472, 290.85, 0.00, 0.008, 94.98, 0.00);
insert into SHOT values (3685, 4149, 4150, 1673, 6.200, 183.80, 38.00, 6.206, 183.87, 37.99, 0.008, 230.10, 20.09);
insert into SHOT values (3686, 4150, 4151, 1673, 4.900, 214.80, 47.00, 4.892, 214.74, 47.04, 0.009, 60.85, -23.55);
insert into SHOT values (3687, 4151, 4152, 1673, 4.700, 202.80, 36.00, 4.710, 202.86, 36.02, 0.011, 233.44, 42.81);
insert into SHOT values (3688, 4152, 4153, 1673, 3.960, 231.80, 36.00, 3.956, 231.84, 35.90, 0.008, 296.30, -71.47);
insert into SHOT values (3689, 4153, 4154, 1673, 5.680, 183.80, 55.00, 5.685, 183.70, 55.05, 0.009, 82.92, 50.04);
insert into CENTRELINE values (1674, 1671, NULL, NULL, NULL, 449.80, 0.00, 0.00);
 insert into SHOT values (3690, 4155, 4156, 1674, 3.000, 70.80, -10.00, 3.002, 70.65, -9.97, 0.009, 359.23, 6.37);
insert into SHOT values (3691, 4156, 4157, 1674, 4.000, 21.80, -2.00, 3.997, 21.75, -2.01, 0.005, 250.61, -4.65);
insert into SHOT values (3692, 4157, 4158, 1674, 4.000, 305.80, -11.00, 3.992, 305.76, -10.98, 0.009, 146.48, 21.28);
insert into SHOT values (3693, 4158, 4159, 1674, 3.000, 345.80, -21.00, 3.007, 345.77, -21.05, 0.008, 327.83, -40.71);
insert into SHOT values (3694, 4159, 4160, 1674, 2.000, 326.80, -12.00, 2.003, 326.88, -12.11, 0.005, 20.92, -52.32);
insert into SHOT values (3695, 4160, 4161, 1674, 7.000, 319.80, -22.00, 6.994, 319.75, -22.00, 0.008, 187.16, 16.83);
insert into SHOT values (3696, 4161, 4162, 1674, 4.000, 324.80, -19.00, 3.999, 324.80, -18.97, 0.002, 177.14, 76.13);
insert into SHOT values (3697, 4162, 4163, 1674, 2.000, 29.80, 5.00, 2.000, 29.78, 4.87, 0.004, 349.12, -75.44);
insert into SHOT values (3698, 4163, 4164, 1674, 3.000, 26.80, -14.00, 2.999, 26.74, -13.89, 0.007, 305.78, 61.66);
insert into SHOT values (3699, 4164, 4165, 1674, 3.000, 70.80, 30.00, 3.007, 70.73, 29.92, 0.009, 48.66, -0.00);
insert into SHOT values (3700, 4165, 4166, 1674, 7.000, 24.80, 29.00, 6.993, 24.85, 29.00, 0.009, 166.58, -24.99);
insert into SHOT values (3701, 4166, 4167, 1674, 2.000, 64.80, -24.00, 1.997, 64.70, -23.93, 0.005, 303.17, 42.06);
insert into SHOT values (3702, 4167, 4168, 1674, 8.000, 21.80, -30.00, 7.997, 21.79, -30.01, 0.004, 229.09, 0.00);
insert into SHOT values (3703, 4168, 4169, 1674, 15.000, 130.80, 0.00, 15.003, 130.78, 0.00, 0.006, 73.21, 0.00);
insert into SHOT values (3704, 4162, 4170, 1674, 7.000, 180.80, 34.00, 6.995, 180.79, 33.98, 0.005, 23.64, -55.93);
insert into SHOT values (3705, 4170, 4171, 1674, 10.000, 210.80, 0.00, 10.000, 210.80, 0.00, 0.001, 129.28, 0.00);
insert into SHOT values (3706, 4171, 4172, 1674, 10.000, 255.80, 22.00, 10.002, 255.83, 22.02, 0.006, 341.63, 41.55);
insert into SHOT values (3707, 4172, 4173, 1674, 5.000, 153.80, 12.00, 5.002, 153.80, 12.00, 0.002, 153.89, 13.22);
insert into SHOT values (3708, 4173, 4174, 1674, 9.000, 114.80, 12.00, 8.997, 114.79, 12.00, 0.003, 333.89, -21.23);
insert into SHOT values (3709, 4174, 4175, 1674, 7.000, 137.80, 0.00, 7.002, 137.84, 0.00, 0.005, 204.20, 0.00);
insert into SHOT values (3710, 4175, 4176, 1674, 3.800, 70.80, 7.00, 3.798, 70.80, 6.96, 0.004, 261.56, -58.06);
insert into SHOT values (3711, 4176, 4177, 1674, 4.000, 184.80, 6.00, 3.996, 184.76, 6.03, 0.005, 35.86, 20.32);
insert into SHOT values (3712, 4177, 4178, 1674, 6.000, 187.80, 15.00, 6.000, 187.84, 15.07, 0.008, 300.09, 61.70);
insert into SHOT values (3713, 4178, 4179, 1674, 7.000, 119.80, 0.00, 7.005, 119.79, 0.00, 0.006, 100.10, 0.00);
insert into SHOT values (3714, 4179, 4180, 1674, 3.000, 241.80, 34.00, 2.996, 241.68, 33.87, 0.009, 157.95, -55.82);
insert into SHOT values (3715, 4180, 4181, 1674, 3.000, 180.80, 25.00, 3.002, 180.84, 25.03, 0.003, 235.67, 42.02);
insert into SHOT values (3716, 4171, 4182, 1674, 13.000, 336.80, -15.00, 12.999, 336.78, -14.98, 0.006, 243.89, 49.51);
insert into SHOT values (3717, 4182, 4183, 1674, 6.000, 186.80, 8.00, 6.000, 186.77, 8.05, 0.006, 93.22, 53.49);
insert into SHOT values (3718, 4182, 4184, 1674, 8.000, 204.80, 24.00, 7.610, 206.08, 24.29, 0.423, 2.22, -17.03);
insert into SHOT values (3719, 4184, 4185, 1674, 9.000, 286.80, -30.00, 9.145, 291.35, -31.14, 0.662, 16.03, -20.32);
insert into SHOT values (3720, 4185, 4186, 1674, 5.000, 326.80, -35.00, 5.319, 328.92, -34.60, 0.357, 356.91, -25.20);
insert into SHOT values (3721, 4186, 4187, 1674, 4.000, 15.80, -19.00, 4.400, 15.47, -18.97, 0.400, 12.19, -18.61);
insert into SHOT values (3722, 4187, 4188, 1674, 4.000, 134.80, 5.00, 3.761, 131.98, 3.81, 0.316, 352.84, -18.19);
insert into SHOT values (3723, 4188, 4189, 1674, 4.000, 58.80, 3.00, 4.243, 56.35, 1.76, 0.313, 21.95, -14.68);
insert into SHOT values (3724, 4189, 4182, 1674, 9.000, 132.80, 40.00, 8.757, 129.22, 40.35, 0.491, 13.50, -13.55);
insert into SHOT values (3725, 4187, 4190, 1674, 4.000, 316.80, -20.00, 4.005, 316.72, -20.00, 0.007, 269.23, -15.30);
insert into SHOT values (3726, 4190, 4191, 1674, 5.000, 58.80, -17.00, 5.001, 58.77, -16.97, 0.004, 359.82, 30.54);
insert into SHOT values (3727, 4190, 4192, 1674, 19.000, 275.80, 0.00, 18.997, 275.80, 0.00, 0.003, 102.00, 0.00);
insert into SHOT values (3728, 4192, 4193, 1674, 6.000, 283.80, -23.00, 6.000, 283.83, -23.06, 0.007, 55.74, -52.43);
insert into SHOT values (3729, 4193, 4194, 1674, 7.000, 281.80, -24.00, 6.998, 281.82, -23.94, 0.007, 350.47, 73.29);
insert into SHOT values (3730, 4194, 4195, 1674, 10.000, 324.80, -6.00, 10.002, 324.82, -6.03, 0.006, 38.66, -49.34);
insert into SHOT values (3731, 4195, 4196, 1674, 15.000, 274.80, -8.00, 15.066, 271.26, -4.80, 1.250, 192.84, 41.46);
insert into SHOT values (3732, 4196, 4197, 1674, 8.000, 174.80, 17.00, 8.001, 174.83, 17.01, 0.003, 252.04, 17.08);
insert into SHOT values (3733, 4197, 4198, 1674, 1.000, 15.80, -90.00, 1.000, 90.00, -90.00, 0.000, 15.80, 0.00);
insert into SHOT values (3734, 4198, 4199, 1674, 7.000, 176.80, 24.00, 6.993, 176.77, 23.96, 0.009, 33.39, -50.90);
insert into SHOT values (3735, 4196, 4200, 1674, 5.000, 311.80, -34.00, 4.852, 310.40, -33.25, 0.190, 179.97, 45.63);
insert into SHOT values (3736, 4200, 4201, 1674, 12.000, 287.80, -33.00, 11.931, 285.28, -30.86, 0.635, 218.32, 40.88);
insert into SHOT values (3737, 4201, 4202, 1674, 22.000, 334.80, -20.00, 21.878, 331.65, -17.12, 1.595, 254.83, 42.85);
insert into SHOT values (3738, 4202, 4203, 1674, 4.000, 150.80, -10.00, 4.099, 151.73, -8.56, 0.156, 180.74, 32.79);
insert into SHOT values (3739, 4203, 4204, 1674, 4.000, 52.80, -5.00, 3.844, 53.91, -3.73, 0.194, 206.41, 30.64);
insert into SHOT values (3740, 4204, 4205, 1674, 2.000, 111.80, 4.00, 2.024, 113.39, 5.39, 0.078, 182.36, 40.52);
insert into SHOT values (3741, 4205, 4206, 1674, 1.000, 146.80, 25.00, 1.176, 148.57, 26.24, 0.180, 159.21, 32.74);
insert into SHOT values (3742, 4206, 4207, 1674, 7.000, 141.80, 20.00, 7.150, 143.35, 21.15, 0.274, 205.89, 42.79);
insert into SHOT values (3743, 4207, 4208, 1674, 7.000, 71.80, 7.00, 6.936, 73.47, 8.87, 0.310, 187.85, 44.34);
insert into SHOT values (3744, 4208, 4209, 1674, 7.000, 111.80, 27.00, 7.086, 113.65, 28.40, 0.278, 203.79, 43.75);
insert into SHOT values (3745, 4209, 4210, 1674, 3.000, 142.80, 4.00, 3.127, 144.01, 5.14, 0.155, 171.36, 27.18);
insert into SHOT values (3746, 4210, 4211, 1674, 4.000, 40.80, 32.00, 3.627, 36.22, 33.85, 0.469, 252.48, -12.28);
insert into SHOT values (3747, 4211, 4212, 1674, 3.000, 94.80, 4.00, 2.378, 95.81, 4.10, 0.624, 270.97, -3.61);
insert into SHOT values (3748, 4212, 4213, 1674, 12.000, 126.80, 18.00, 11.613, 133.63, 19.99, 1.443, 240.76, 10.45);
insert into SHOT values (3749, 4213, 4214, 1674, 3.000, 137.80, 5.00, 3.108, 138.94, 6.10, 0.137, 168.99, 30.11);
insert into SHOT values (3750, 4214, 4215, 1674, 5.000, 198.80, -5.00, 5.170, 198.65, -3.44, 0.220, 194.34, 34.88);
insert into SHOT values (3751, 4215, 4195, 1674, 3.000, 15.80, 90.00, 3.151, 195.95, 88.68, 0.167, 195.95, 64.11);
insert into SHOT values (3752, 4213, 4216, 1674, 1.000, 339.80, -10.00, 1.360, 334.20, -11.45, 0.378, 318.97, -14.77);
insert into SHOT values (3753, 4216, 4217, 1674, 11.000, 230.80, 5.00, 11.453, 237.92, 1.75, 1.595, 305.00, -22.43);
insert into SHOT values (3754, 4217, 4218, 1674, 4.000, 281.80, -47.00, 4.547, 281.93, -44.55, 0.576, 282.64, -27.32);
insert into SHOT values (3755, 4218, 4210, 1674, 10.000, 16.80, -15.00, 10.124, 8.40, -17.53, 1.488, 282.37, -18.08);
insert into SHOT values (3756, 4202, 4219, 1674, 5.000, 267.80, -5.00, 4.993, 267.81, -5.06, 0.009, 81.62, -29.75);
insert into SHOT values (3757, 4219, 4220, 1674, 7.000, 212.80, 0.00, 7.001, 212.87, 0.00, 0.009, 296.11, 0.00);
insert into SHOT values (3758, 4220, 4221, 1674, 3.000, 250.80, -24.00, 2.995, 250.57, -24.03, 0.012, 136.85, 1.00);
insert into SHOT values (3759, 4221, 4222, 1674, 4.000, 199.80, 24.00, 3.995, 199.88, 24.08, 0.009, 345.50, 20.01);
insert into SHOT values (3760, 4222, 4223, 1674, 6.000, 220.80, 41.00, 6.004, 220.79, 41.01, 0.004, 205.47, 56.12);
insert into SHOT values (3761, 4223, 4224, 1674, 3.000, 356.80, -25.00, 2.997, 356.83, -25.08, 0.005, 160.04, -23.27);
insert into SHOT values (3762, 4224, 4225, 1674, 2.000, 254.80, 0.00, 1.999, 254.92, 0.00, 0.004, 0.62, 0.00);
insert into SHOT values (3763, 4225, 4226, 1674, 4.000, 221.80, 0.00, 4.001, 221.86, 0.00, 0.004, 295.81, 0.00);
insert into CENTRELINE values (1675, 1671, NULL, NULL, NULL, 222.40, 0.00, 0.00);
 insert into SHOT values (3764, 4221, 4227, 1675, 0.000, 15.80, 0.00, 0.000, 90.00, 0.00, 0.000, 90.00, 0.00);
insert into SHOT values (3765, 4227, 4228, 1675, 2.540, 342.80, -33.00, 2.542, 342.84, -32.88, 0.006, 358.52, 33.93);
insert into SHOT values (3766, 4228, 4229, 1675, 2.050, 276.80, -21.00, 2.052, 276.90, -21.14, 0.006, 6.33, -57.82);
insert into SHOT values (3767, 4229, 4230, 1675, 7.360, 353.80, -29.00, 7.357, 353.76, -28.94, 0.010, 274.98, 58.75);
insert into SHOT values (3768, 4230, 4231, 1675, 4.060, 327.80, -14.00, 4.059, 327.76, -14.12, 0.009, 193.85, -64.88);
insert into SHOT values (3769, 4231, 4232, 1675, 2.980, 38.80, -5.00, 2.977, 38.84, -5.01, 0.004, 183.80, -4.45);
insert into SHOT values (3770, 4232, 4233, 1675, 5.190, 347.80, -12.00, 5.186, 347.83, -11.91, 0.010, 126.27, 69.88);
insert into SHOT values (3771, 4233, 4234, 1675, 5.870, 278.80, -7.00, 5.874, 278.88, -7.04, 0.010, 344.50, -27.64);
insert into SHOT values (3772, 4234, 4235, 1675, 4.820, 240.80, -11.00, 4.821, 240.78, -11.00, 0.002, 172.46, -9.25);
insert into SHOT values (3773, 4235, 4236, 1675, 3.390, 215.80, 19.00, 3.386, 215.72, 18.96, 0.006, 93.86, -36.05);
insert into SHOT values (3774, 4236, 4237, 1675, 4.020, 309.80, -13.00, 4.021, 309.82, -12.93, 0.005, 344.60, 57.62);
insert into SHOT values (3775, 4237, 4238, 1675, 6.480, 348.80, -19.00, 6.480, 348.80, -19.00, 0.000, 196.96, -44.97);
insert into SHOT values (3776, 4238, 4239, 1675, 9.400, 4.80, -10.00, 9.395, 4.77, -9.99, 0.007, 225.96, 18.71);
insert into SHOT values (3777, 4239, 4240, 1675, 23.310, 15.80, -29.00, 23.312, 15.79, -29.00, 0.004, 332.20, 14.88);
insert into SHOT values (3778, 4239, 4241, 1675, 12.300, 353.80, -37.00, 12.302, 353.81, -36.98, 0.005, 8.67, 28.62);
insert into SHOT values (3779, 4241, 4242, 1675, 10.460, 345.80, -3.00, 10.453, 345.80, -3.02, 0.007, 162.03, -20.38);
insert into SHOT values (3780, 4242, 4243, 1675, 9.300, 23.80, -20.00, 9.304, 23.81, -19.98, 0.005, 37.31, 8.62);
insert into SHOT values (3781, 4243, 4244, 1675, 11.330, 272.80, -15.00, 11.331, 272.78, -15.04, 0.009, 170.04, -56.73);
insert into SHOT values (3782, 4239, 4245, 1675, 11.750, 195.80, 19.00, 11.747, 195.78, 18.98, 0.008, 89.88, -45.81);
insert into SHOT values (3783, 4245, 4246, 1675, 3.950, 162.80, 8.00, 3.951, 162.91, 8.00, 0.007, 243.08, 2.07);
insert into SHOT values (3784, 4246, 4247, 1675, 3.930, 34.80, 0.00, 3.936, 34.86, 0.00, 0.008, 67.23, 0.00);
insert into SHOT values (3785, 4247, 4248, 1675, 4.170, 42.80, -20.00, 4.170, 42.73, -19.91, 0.008, 333.33, 48.41);
insert into SHOT values (3786, 4226, 4249, 1675, 0.000, 15.80, 0.00, 0.000, 90.00, 0.00, 0.000, 90.00, 0.00);
insert into SHOT values (3787, 4249, 4250, 1675, 8.340, 314.80, -46.00, 8.339, 314.79, -46.01, 0.003, 162.35, -15.83);
insert into SHOT values (3788, 4250, 4251, 1675, 4.490, 189.80, 10.00, 4.492, 189.76, 10.00, 0.004, 135.11, 4.70);
insert into SHOT values (3789, 4251, 4252, 1675, 3.180, 85.80, 9.00, 3.178, 85.80, 9.05, 0.004, 271.25, 46.36);
insert into SHOT values (3790, 4252, 4253, 1675, 5.990, 168.80, 18.00, 5.992, 168.77, 17.98, 0.004, 114.29, -14.26);
insert into SHOT values (3791, 4253, 4254, 1675, 3.070, 209.80, 42.00, 3.070, 209.93, 41.90, 0.007, 267.55, -34.62);
insert into SHOT values (3792, 4252, 4255, 1675, 4.730, 254.80, 68.00, 4.724, 254.94, 67.99, 0.007, 358.92, -50.95);
insert into SHOT values (3793, 4255, 4256, 1675, 3.950, 150.80, 67.00, 3.954, 150.95, 67.01, 0.006, 227.01, 45.09);
insert into SHOT values (3794, 4256, 4257, 1675, 4.570, 180.80, 8.00, 4.564, 180.76, 7.93, 0.009, 33.04, -44.80);
insert into SHOT values (3795, 4257, 4258, 1675, 4.840, 171.80, 18.00, 4.846, 171.76, 18.03, 0.007, 137.64, 39.33);
insert into SHOT values (3796, 4258, 4259, 1675, 4.150, 157.80, 7.00, 4.144, 157.86, 6.93, 0.009, 301.05, -38.28);
insert into SHOT values (3797, 4259, 4260, 1675, 3.160, 167.80, 23.00, 3.169, 167.73, 23.03, 0.010, 142.01, 31.21);
insert into SHOT values (3798, 4260, 4102, 1675, 1.300, 87.80, 43.00, 1.302, 87.59, 43.11, 0.005, 359.03, 43.96);
insert into SHOT values (3799, 4255, 4256, 1675, 3.950, 150.80, 67.00, 3.954, 150.95, 67.01, 0.006, 227.01, 45.09);
insert into SHOT values (3800, 4256, 4257, 1675, 4.570, 180.80, 8.00, 4.564, 180.76, 7.93, 0.009, 33.04, -44.80);
insert into SHOT values (3801, 4257, 4258, 1675, 4.840, 171.80, 18.00, 4.846, 171.76, 18.03, 0.007, 137.64, 39.33);
insert into SHOT values (3802, 4258, 4259, 1675, 4.150, 157.80, 7.00, 4.144, 157.86, 6.93, 0.009, 301.05, -38.28);
insert into SHOT values (3803, 4259, 4260, 1675, 3.160, 167.80, 23.00, 3.169, 167.73, 23.03, 0.010, 142.01, 31.21);
insert into SHOT values (3804, 4260, 4102, 1675, 1.300, 87.80, 43.00, 1.302, 87.59, 43.11, 0.005, 359.03, 43.96);
insert into SURVEY values (1677, 1653, 'PerteGlaciaire', 'PerteGlaciaire.213.UltimaPatagonia', 'PerteGlaciaire');
 insert into CENTRELINE values (1678, 1677, NULL, NULL, NULL, 0.00, 0.00, 0.00);
 insert into CENTRELINE values (1679, 1677, NULL, '2006-02-01', NULL, 165.78, 0.00, 0.00);
 insert into SHOT values (3805, 4261, 4262, 1679, 18.000, 222.35, 39.00, 18.001, 222.33, 39.01, 0.005, 117.56, 28.23);
insert into SHOT values (3806, 4262, 4263, 1679, 14.400, 113.35, -21.00, 14.398, 113.36, -21.00, 0.003, 238.38, 9.75);
insert into SHOT values (3807, 4263, 4264, 1679, 17.470, 62.35, -20.00, 17.471, 62.34, -20.02, 0.006, 316.24, -62.60);
insert into SHOT values (3808, 4264, 4265, 1679, 10.730, 95.35, 35.00, 10.732, 95.35, 35.03, 0.006, 253.64, 77.24);
insert into SHOT values (3809, 4265, 4266, 1679, 18.130, 157.35, 10.00, 18.132, 157.34, 9.97, 0.010, 118.36, -58.66);
insert into SHOT values (3810, 4266, 4267, 1679, 6.000, 141.35, -60.00, 5.992, 141.37, -60.01, 0.008, 308.95, 52.64);
insert into SHOT values (3811, 4267, 4268, 1679, 11.000, 127.35, 9.00, 11.002, 127.33, 8.99, 0.004, 66.49, -12.01);
insert into SHOT values (3812, 4268, 4269, 1679, 9.800, 172.35, 17.00, 9.800, 172.34, 16.97, 0.006, 122.32, -60.16);
insert into SHOT values (3813, 4269, 4270, 1679, 23.000, 232.35, 34.00, 23.008, 232.35, 34.01, 0.009, 223.65, 65.22);
insert into SHOT values (3814, 4270, 4271, 1679, 4.710, 190.35, 20.00, 4.707, 190.42, 20.00, 0.006, 309.44, -8.42);
insert into SHOT values (3815, 4266, 4272, 1679, 11.540, 247.35, 44.00, 11.540, 247.39, 44.03, 0.008, 8.44, 28.31);
insert into SHOT values (3816, 4272, 4273, 1679, 21.000, 247.35, 44.00, 21.002, 247.34, 44.00, 0.004, 157.76, 35.67);
insert into CENTRELINE values (1681, 1653, NULL, NULL, NULL, 0.00, 0.00, 0.00);
 insert into SURVEY values (1683, 22, '303', '303.UltimaPatagonia', '303 Avenir');
 insert into CENTRELINE values (1684, 1683, NULL, NULL, NULL, 0.00, 0.00, 0.00);
 insert into SURVEY values (1685, 1683, 'PerteDesPortesDAbraham', 'PerteDesPortesDAbraham.303.UltimaPatagonia', 'Perte Des Portes D''Abraham');
 insert into CENTRELINE values (1686, 1685, NULL, NULL, NULL, 0.00, 0.00, 0.00);
 insert into CENTRELINE values (1687, 1685, NULL, '2014-02-01', NULL, 482.98, 0.00, 0.00);
 insert into SHOT values (3817, 4277, 4278, 1687, 6.100, 14.74, -90.00, 6.100, 90.00, -90.00, 0.000, 14.74, 14.05);
insert into SHOT values (3818, 4278, 4279, 1687, 3.600, 48.74, -37.00, 3.609, 48.80, -36.96, 0.010, 65.58, -19.91);
insert into SHOT values (3819, 4279, 4280, 1687, 8.470, 71.74, -33.00, 8.462, 71.77, -33.01, 0.009, 225.68, 20.72);
insert into SHOT values (3820, 4280, 4281, 1687, 7.050, 23.74, -8.00, 7.049, 23.74, -7.99, 0.001, 226.36, 52.43);
insert into SHOT values (3821, 4281, 4282, 1687, 12.430, 270.74, 42.00, 12.427, 270.74, 42.03, 0.007, 84.32, 22.45);
insert into SHOT values (3822, 4281, 4283, 1687, 12.200, 53.74, -47.00, 12.198, 53.75, -46.99, 0.003, 139.34, 61.06);
insert into SHOT values (3823, 4283, 4284, 1687, 6.390, 116.74, -15.00, 6.387, 116.69, -15.07, 0.010, 343.20, -39.27);
insert into SHOT values (3824, 4284, 4285, 1687, 2.940, 80.74, -21.00, 2.939, 80.78, -20.93, 0.004, 147.82, 61.54);
insert into SHOT values (3825, 4283, 4286, 1687, 6.580, 358.74, 54.00, 6.579, 358.82, 53.96, 0.007, 56.65, -28.98);
insert into SHOT values (3826, 4286, 4287, 1687, 2.000, 4.74, -3.00, 1.999, 4.60, -2.87, 0.007, 265.17, 42.65);
insert into SHOT values (3827, 4287, 4288, 1687, 1.620, 331.74, -22.00, 1.618, 331.73, -22.15, 0.005, 158.80, -44.17);
insert into SHOT values (3828, 4288, 4289, 1687, 8.690, 54.74, -76.00, 8.690, 54.65, -75.96, 0.007, 27.92, 14.53);
insert into SHOT values (3829, 4288, 4290, 1687, 25.040, 259.74, 81.00, 25.037, 259.84, 81.01, 0.009, 30.30, -10.92);
insert into SHOT values (3830, 4290, 4291, 1687, 3.770, 253.74, 10.00, 3.777, 253.76, 10.06, 0.008, 265.35, 42.70);
insert into SHOT values (3831, 4291, 4292, 1687, 4.200, 231.74, 39.00, 4.196, 231.72, 38.99, 0.004, 68.42, -44.82);
insert into SHOT values (3832, 4292, 4293, 1687, 5.600, 276.74, -22.00, 5.604, 276.74, -22.01, 0.004, 279.17, -30.74);
insert into SHOT values (3833, 4293, 4294, 1687, 2.900, 264.74, 1.00, 2.903, 264.66, 0.99, 0.005, 212.27, -7.03);
insert into SHOT values (3834, 4294, 4295, 1687, 3.300, 264.74, 1.00, 3.294, 264.77, 1.04, 0.007, 66.26, 21.46);
insert into SHOT values (3835, 4294, 4296, 1687, 6.800, 214.74, 59.00, 6.800, 214.64, 59.02, 0.006, 109.43, 11.62);
insert into SHOT values (3836, 4296, 4297, 1687, 6.900, 254.74, 0.00, 6.902, 254.80, 0.00, 0.007, 331.54, 0.00);
insert into SHOT values (3837, 4296, 4298, 1687, 9.900, 205.74, 52.00, 9.900, 205.77, 51.99, 0.003, 274.77, -23.72);
insert into SHOT values (3838, 4298, 4299, 1687, 8.600, 221.74, 33.00, 8.601, 221.74, 33.04, 0.007, 45.10, 67.32);
insert into SHOT values (3839, 4299, 4300, 1687, 4.400, 245.74, 65.00, 4.390, 245.79, 65.03, 0.010, 52.83, -49.32);
insert into SHOT values (3840, 4300, 4301, 1687, 3.000, 150.74, 24.00, 3.003, 151.01, 23.97, 0.013, 226.56, -0.92);
insert into SHOT values (3841, 4301, 4302, 1687, 7.500, 193.74, 0.00, 7.494, 193.74, 0.00, 0.006, 14.75, 0.00);
insert into SHOT values (3842, 4301, 4303, 1687, 3.600, 191.74, 48.00, 3.598, 191.78, 48.15, 0.010, 1.00, 28.89);
insert into SHOT values (3843, 4303, 4304, 1687, 2.800, 224.74, 42.00, 2.796, 224.61, 41.97, 0.006, 113.14, -35.08);
insert into SHOT values (3844, 4304, 4305, 1687, 0.000, 14.74, 0.00, 0.000, 90.00, 0.00, 0.000, 90.00, 0.00);
insert into SHOT values (3845, 4305, 4306, 1687, 2.200, 267.74, 41.00, 2.205, 267.59, 41.11, 0.008, 191.59, 55.24);
insert into SHOT values (3846, 4306, 4307, 1687, 4.200, 339.74, 29.00, 4.200, 339.79, 28.91, 0.008, 27.50, -54.93);
insert into SHOT values (3847, 4307, 4308, 1687, 4.500, 218.74, 51.00, 4.502, 218.69, 51.03, 0.004, 116.78, 49.01);
insert into SHOT values (3848, 4308, 4309, 1687, 5.300, 286.74, 52.00, 5.306, 286.72, 51.98, 0.006, 271.54, 33.85);
insert into SHOT values (3849, 4309, 4310, 1687, 2.700, 336.74, 45.00, 2.697, 336.80, 45.09, 0.006, 135.59, 8.21);
insert into SHOT values (3850, 4310, 4311, 1687, 14.000, 317.74, -5.00, 14.007, 317.76, -5.04, 0.013, 353.27, -50.76);
insert into SHOT values (3851, 4311, 4312, 1687, 15.000, 260.74, 0.00, 15.006, 260.72, 0.00, 0.008, 220.66, 0.00);
insert into SHOT values (3852, 4312, 4313, 1687, 11.000, 278.74, -10.00, 10.994, 278.77, -10.01, 0.008, 61.33, 0.92);
insert into SHOT values (3853, 4313, 4314, 1687, 11.000, 250.74, 13.00, 11.004, 250.72, 13.02, 0.007, 201.03, 48.08);
insert into SHOT values (3854, 4314, 4315, 1687, 7.500, 211.74, 20.00, 7.497, 211.77, 19.97, 0.007, 326.48, -49.64);
insert into SHOT values (3855, 4315, 4316, 1687, 7.700, 236.74, 9.00, 7.701, 236.75, 9.04, 0.006, 328.67, 78.42);
insert into SHOT values (3856, 4316, 4317, 1687, 5.600, 200.74, 36.00, 5.600, 200.67, 35.98, 0.006, 125.21, -16.53);
insert into SHOT values (3857, 4317, 4318, 1687, 7.200, 249.74, 1.00, 7.205, 249.78, 1.03, 0.008, 293.43, 31.62);
insert into SHOT values (3858, 4318, 4319, 1687, 8.700, 217.74, 19.00, 8.700, 217.69, 18.98, 0.007, 134.54, -19.18);
insert into SHOT values (3859, 4319, 4320, 1687, 4.300, 100.74, 39.00, 4.293, 100.70, 38.97, 0.007, 310.87, -55.26);
insert into SHOT values (3860, 4320, 4321, 1687, 10.900, 232.74, 34.00, 10.901, 232.74, 34.03, 0.005, 65.98, 63.81);
insert into SHOT values (3861, 4321, 4322, 1687, 3.000, 14.74, 90.00, 3.000, 90.00, 90.00, 0.000, 14.74, 0.00);
insert into SHOT values (3862, 4290, 4323, 1687, 0.000, 14.74, 0.00, 0.000, 90.00, 0.00, 0.000, 90.00, 0.00);
insert into SHOT values (3863, 4323, 4324, 1687, 9.200, 14.74, -90.00, 9.200, 90.00, -90.00, 0.000, 14.74, -6.31);
insert into SHOT values (3864, 4324, 4325, 1687, 9.300, 47.74, 3.00, 9.294, 47.75, 3.02, 0.007, 212.27, 26.30);
insert into SHOT values (3865, 4325, 4326, 1687, 10.500, 294.74, -53.00, 10.505, 294.78, -53.00, 0.007, 350.15, -38.11);
insert into SHOT values (3866, 4326, 4327, 1687, 7.300, 306.74, -66.00, 7.300, 306.64, -66.03, 0.006, 185.91, -10.28);
insert into SHOT values (3867, 4327, 4328, 1687, 20.000, 35.74, -75.00, 19.991, 35.72, -75.00, 0.009, 246.95, 65.39);
insert into SHOT values (3868, 4328, 4329, 1687, 11.200, 54.74, -34.00, 11.209, 54.77, -34.01, 0.011, 91.41, -40.61);
insert into SHOT values (3869, 4328, 4330, 1687, 7.200, 229.74, 12.00, 7.194, 229.73, 11.95, 0.008, 73.11, -56.45);
insert into SHOT values (3870, 4327, 4331, 1687, 5.200, 309.74, -53.00, 5.199, 309.69, -52.96, 0.005, 259.39, 38.27);
insert into SHOT values (3871, 4331, 4332, 1687, 8.500, 254.74, -30.00, 8.497, 254.79, -30.01, 0.008, 12.74, 0.00);
insert into SHOT values (3872, 4332, 4333, 1687, 8.000, 304.74, -60.00, 7.999, 304.80, -60.04, 0.007, 85.34, -14.40);
insert into SHOT values (3873, 4333, 4334, 1687, 2.100, 254.74, -81.00, 2.097, 254.29, -80.88, 0.006, 220.95, 41.51);
insert into SHOT values (3874, 4334, 4335, 1687, 4.300, 284.74, -33.00, 4.301, 284.77, -32.96, 0.004, 315.23, 29.72);
insert into SHOT values (3875, 4335, 4336, 1687, 6.200, 234.74, -36.00, 6.202, 234.66, -36.05, 0.009, 127.64, -38.49);
insert into SHOT values (3876, 4336, 4337, 1687, 10.700, 86.74, -66.00, 10.694, 86.70, -66.01, 0.007, 296.69, 41.18);
insert into SHOT values (3877, 4338, 4339, 1687, 7.000, 204.74, -14.00, 6.999, 204.72, -13.97, 0.004, 118.10, 50.36);
insert into SHOT values (3878, 4339, 4340, 1687, 1.400, 199.74, -38.00, 1.392, 199.76, -38.16, 0.009, 17.35, 12.37);
insert into SHOT values (3879, 4340, 4341, 1687, 5.700, 94.74, -56.00, 5.700, 94.87, -56.07, 0.010, 224.58, -25.85);
insert into SHOT values (3880, 4337, 4338, 1687, 8.500, 349.74, -65.00, 8.504, 349.72, -65.05, 0.008, 182.19, -52.94);
insert into SHOT values (3881, 4338, 4342, 1687, 5.500, 284.74, 5.00, 5.503, 284.80, 5.00, 0.006, 348.05, 6.08);
insert into SHOT values (3882, 4342, 4343, 1687, 1.900, 289.74, 12.00, 1.902, 289.80, 12.14, 0.006, 342.12, 64.22);
insert into SHOT values (3883, 4343, 4344, 1687, 4.100, 274.74, 21.00, 4.095, 274.65, 21.03, 0.008, 144.02, 5.06);
insert into SHOT values (3884, 4344, 4345, 1687, 2.900, 244.74, 35.00, 2.898, 244.84, 34.95, 0.005, 336.57, -39.94);
insert into SHOT values (3885, 4345, 4346, 1687, 4.700, 249.74, 33.00, 4.703, 249.68, 32.98, 0.005, 202.64, 2.05);
insert into SHOT values (3886, 4346, 4347, 1687, 12.000, 54.74, 0.00, 12.003, 54.73, 0.00, 0.003, 29.50, 0.00);
insert into SHOT values (3887, 4346, 4348, 1687, 8.400, 174.74, 31.00, 8.402, 174.74, 31.02, 0.004, 200.73, 88.14);
insert into SURVEY values (1689, 1683, 'CuevaTortillaConCitron', 'CuevaTortillaConCitron.303.UltimaPatagonia', 'CuevaTortillaConCitron');
 insert into CENTRELINE values (1690, 1689, NULL, NULL, NULL, 0.00, 0.00, 0.00);
 insert into CENTRELINE values (1691, 1689, NULL, '2014-02-01', NULL, 120.96, 0.00, 0.00);
 insert into SHOT values (3888, 4349, 4350, 1691, 6.720, 55.74, -41.00, 6.722, 55.68, -41.00, 0.005, 341.12, -13.80);
insert into SHOT values (3889, 4350, 4351, 1691, 10.600, 103.74, -29.00, 10.606, 103.78, -28.99, 0.009, 151.32, -6.42);
insert into SHOT values (3890, 4351, 4352, 1691, 11.000, 131.74, -15.00, 10.997, 131.72, -14.97, 0.008, 25.58, 59.16);
insert into SHOT values (3891, 4352, 4353, 1691, 4.000, 143.74, -16.00, 3.999, 143.79, -16.11, 0.009, 275.97, -60.82);
insert into SHOT values (3892, 4353, 4354, 1691, 4.600, 109.74, -26.00, 4.597, 109.79, -25.93, 0.008, 202.64, 59.36);
insert into SHOT values (3893, 4354, 4355, 1691, 3.100, 186.74, -15.00, 3.098, 186.72, -15.16, 0.009, 21.51, -62.73);
insert into SHOT values (3894, 4355, 4356, 1691, 4.900, 147.74, -16.00, 4.895, 147.76, -16.01, 0.005, 307.19, 6.91);
insert into SHOT values (3895, 4356, 4357, 1691, 4.500, 48.74, -17.00, 4.497, 48.86, -16.94, 0.011, 147.68, 31.07);
insert into SHOT values (3896, 4357, 4358, 1691, 10.600, 69.74, -4.00, 10.603, 69.70, -4.00, 0.008, 0.11, -3.95);
insert into SHOT values (3897, 4358, 4359, 1691, 3.600, 151.74, -19.00, 3.600, 151.78, -18.96, 0.003, 221.47, 39.83);
insert into SHOT values (3898, 4359, 4360, 1691, 2.200, 104.74, 0.00, 2.202, 104.73, 0.00, 0.002, 95.59, 0.00);
insert into SHOT values (3899, 4360, 4361, 1691, 10.900, 158.74, -6.00, 10.907, 158.76, -6.00, 0.007, 184.93, -4.90);
insert into SHOT values (3900, 4361, 4362, 1691, 2.100, 115.74, -67.00, 2.106, 115.31, -67.12, 0.009, 7.93, -47.25);
insert into SHOT values (3901, 4362, 4363, 1691, 1.800, 28.74, 0.00, 1.799, 28.56, 0.00, 0.006, 287.57, 0.00);
insert into SHOT values (3902, 4363, 4364, 1691, 1.800, 118.74, 20.00, 1.810, 118.83, 20.03, 0.011, 133.98, 24.39);
insert into SHOT values (3903, 4364, 4365, 1691, 7.950, 14.74, -90.00, 7.950, 90.00, -90.00, 0.000, 14.74, -31.30);
insert into SHOT values (3904, 4365, 4366, 1691, 2.300, 105.74, 0.00, 2.295, 105.67, 0.00, 0.005, 316.39, 0.00);
insert into SHOT values (3905, 4366, 4367, 1691, 6.100, 205.74, -6.00, 6.103, 205.68, -6.02, 0.008, 139.08, -18.41);
insert into SHOT values (3906, 4367, 4368, 1691, 6.900, 131.74, -7.00, 6.893, 131.68, -7.00, 0.010, 358.82, 5.42);
insert into SHOT values (3907, 4368, 4369, 1691, 7.890, 55.74, 0.00, 7.888, 55.75, 0.00, 0.002, 212.55, 0.00);
insert into SHOT values (3908, 4369, 4370, 1691, 7.400, 123.74, 5.00, 7.403, 123.78, 5.04, 0.007, 181.61, 42.74);
insert into SHOT values (3909, 4370, 4371, 1691, 0.000, 14.74, 0.00, 0.000, 90.00, 0.00, 0.000, 90.00, 0.00);
insert into CENTRELINE values (1693, 1683, NULL, NULL, NULL, 0.00, 0.00, 0.00);
 insert into SURVEY values (1695, 22, '304', '304.UltimaPatagonia', '304 Pelantaro');
 insert into CENTRELINE values (1696, 1695, NULL, NULL, NULL, 0.00, 0.00, 0.00);
 insert into SURVEY values (1697, 1695, 'SumideroFuturo', 'SumideroFuturo.304.UltimaPatagonia', 'Perte du Futur');
 insert into CENTRELINE values (1698, 1697, NULL, NULL, NULL, 0.00, 0.00, 0.00);
 insert into CENTRELINE values (1699, 1697, NULL, '2014-02-01', NULL, 284.00, 0.00, 0.00);
 insert into SHOT values (3910, 4387, 4388, 1699, 5.000, 14.74, -90.00, 5.000, 90.00, -90.00, 0.000, 14.74, 0.00);
insert into SHOT values (3911, 4388, 4389, 1699, 32.000, 267.74, -72.00, 31.996, 267.74, -72.00, 0.004, 97.18, 77.26);
insert into SHOT values (3912, 4390, 4391, 1699, 20.000, 339.74, -37.00, 19.999, 339.74, -37.02, 0.006, 168.02, -38.66);
insert into SHOT values (3913, 4391, 4392, 1699, 18.000, 339.74, -36.00, 18.006, 339.76, -35.99, 0.009, 16.61, 0.86);
insert into SHOT values (3914, 4392, 4393, 1699, 14.000, 346.74, -47.00, 13.998, 346.74, -47.01, 0.004, 180.49, -16.98);
insert into SHOT values (3915, 4393, 4394, 1699, 13.000, 46.74, -47.00, 13.000, 46.69, -47.01, 0.008, 301.43, -17.02);
insert into SHOT values (3916, 4394, 4395, 1699, 6.000, 359.74, -28.00, 5.990, 359.78, -27.98, 0.011, 152.27, 38.39);
insert into SHOT values (3917, 4395, 4396, 1699, 5.000, 352.74, -90.00, 5.000, 90.00, -90.00, 0.000, 352.74, 0.00);
insert into SHOT values (3918, 4396, 4397, 1699, 20.000, 326.74, -32.00, 20.005, 326.76, -32.00, 0.008, 15.05, -11.97);
insert into SHOT values (3919, 4397, 4398, 1699, 20.000, 0.74, -43.00, 19.996, 0.74, -43.01, 0.006, 170.22, -0.32);
insert into SHOT values (3920, 4398, 4399, 1699, 18.000, 334.74, -35.00, 18.010, 334.72, -35.00, 0.011, 302.24, -30.42);
insert into SHOT values (3921, 4399, 4400, 1699, 10.000, 344.74, -45.00, 9.998, 344.74, -45.00, 0.002, 148.86, 27.41);
insert into SHOT values (3922, 4400, 4401, 1699, 9.000, 14.74, -90.00, 9.000, 90.00, -90.00, 0.000, 14.74, 0.00);
insert into SHOT values (3923, 4401, 4402, 1699, 3.000, 6.74, -15.00, 3.000, 6.73, -14.87, 0.007, 357.18, 70.76);
insert into SHOT values (3924, 4402, 4403, 1699, 8.000, 14.74, -90.00, 8.000, 90.00, -90.00, 0.000, 14.74, 0.00);
insert into SHOT values (3925, 4403, 4404, 1699, 5.000, 309.74, -30.00, 4.996, 309.65, -30.03, 0.008, 182.41, 0.00);
insert into SHOT values (3926, 4404, 4405, 1699, 9.000, 319.74, -26.00, 9.002, 319.81, -26.03, 0.011, 47.55, -24.24);
insert into SHOT values (3927, 4405, 4406, 1699, 4.000, 32.74, -48.00, 3.995, 32.62, -48.03, 0.008, 260.20, 18.61);
insert into SHOT values (3928, 4406, 4407, 1699, 1.000, 112.74, 0.00, 1.008, 112.75, 0.00, 0.008, 114.01, 0.00);
insert into SHOT values (3929, 4407, 4408, 1699, 7.000, 14.74, -90.00, 7.000, 90.00, -90.00, 0.000, 14.74, 0.00);
insert into SHOT values (3930, 4408, 4409, 1699, 10.000, 92.74, -35.00, 10.001, 92.73, -35.03, 0.005, 307.14, -57.47);
insert into SHOT values (3931, 4409, 4410, 1699, 18.000, 94.74, -32.00, 17.998, 94.74, -32.01, 0.003, 299.25, -25.55);
insert into SHOT values (3932, 4410, 4411, 1699, 19.000, 344.74, -41.00, 18.993, 344.75, -41.00, 0.008, 133.88, 42.21);
insert into SHOT values (3933, 4411, 4412, 1699, 7.000, 339.74, -40.00, 7.001, 339.71, -40.00, 0.003, 259.96, -8.62);
insert into SHOT values (3934, 4412, 4413, 1699, 3.000, 14.74, -90.00, 3.000, 90.00, -90.00, 0.000, 14.74, 0.00);
insert into CENTRELINE values (1700, 1697, NULL, '2014-02-01', NULL, 80.00, 0.00, 0.00);
 insert into SHOT values (3935, 4414, 4415, 1700, 15.000, 2.74, -48.00, 14.991, 2.74, -48.00, 0.009, 178.54, 52.60);
insert into SHOT values (3936, 4416, 4414, 1700, 10.000, 330.74, -38.00, 10.005, 330.77, -38.00, 0.006, 16.33, -31.56);
insert into SHOT values (3937, 4417, 4416, 1700, 2.000, 10.74, -40.00, 1.992, 10.57, -39.99, 0.009, 226.42, 36.21);
insert into SHOT values (3938, 4418, 4417, 1700, 7.000, 338.74, -58.00, 7.004, 338.83, -58.01, 0.007, 59.12, -32.04);
insert into SHOT values (3939, 4419, 4418, 1700, 8.000, 262.74, -57.00, 7.999, 262.74, -57.02, 0.002, 74.80, -15.68);
insert into SHOT values (3940, 4420, 4419, 1700, 10.000, 258.74, -68.00, 10.000, 258.78, -67.97, 0.006, 283.43, 16.50);
insert into SHOT values (3941, 4421, 4420, 1700, 17.000, 284.74, -62.00, 17.001, 284.73, -62.00, 0.002, 247.63, 3.50);
insert into SHOT values (3942, 4422, 4421, 1700, 10.000, 245.74, -49.00, 10.003, 245.70, -49.01, 0.005, 164.35, -32.26);
insert into SHOT values (3943, 4423, 4422, 1700, 1.000, 258.74, 0.00, 0.998, 259.03, 0.00, 0.005, 8.15, 0.00);
insert into CENTRELINE values (1701, 1697, NULL, '2014-02-01', NULL, 230.00, 0.00, 0.00);
 insert into SHOT values (3944, 4424, 4425, 1701, 11.000, 279.74, -64.00, 11.002, 279.79, -64.02, 0.006, 31.56, -33.61);
insert into SHOT values (3945, 4425, 4426, 1701, 20.000, 14.74, -90.00, 20.000, 90.00, -90.00, 0.000, 14.74, 0.00);
insert into SHOT values (3946, 4426, 4427, 1701, 3.000, 307.74, 0.00, 3.000, 307.82, 0.00, 0.004, 32.40, 0.00);
insert into SHOT values (3947, 4427, 4428, 1701, 21.000, 14.74, -90.00, 21.000, 90.00, -90.00, 0.000, 14.74, 0.00);
insert into SHOT values (3948, 4428, 4429, 1701, 2.000, 321.74, 0.00, 2.001, 321.70, 0.00, 0.002, 254.65, 0.00);
insert into SHOT values (3949, 4429, 4430, 1701, 9.000, 14.74, -90.00, 9.000, 90.00, -90.00, 0.000, 14.74, 0.00);
insert into SHOT values (3950, 4430, 4431, 1701, 13.000, 339.74, 2.00, 12.992, 339.72, 1.98, 0.009, 187.95, -23.79);
insert into SHOT values (3951, 4431, 4432, 1701, 14.000, 344.74, -2.00, 14.001, 344.75, -2.01, 0.003, 53.56, -24.57);
insert into SHOT values (3952, 4432, 4433, 1701, 18.000, 19.74, -40.00, 17.999, 19.71, -40.00, 0.007, 281.84, 1.36);
insert into SHOT values (3953, 4433, 4434, 1701, 9.000, 2.74, -2.00, 9.006, 2.74, -1.97, 0.007, 359.78, 35.38);
insert into SHOT values (3954, 4434, 4435, 1701, 11.000, 13.74, 0.00, 10.997, 13.78, 0.00, 0.009, 125.63, 0.00);
insert into SHOT values (3955, 4436, 4437, 1701, 3.000, 157.74, -3.00, 2.999, 157.63, -2.87, 0.009, 62.96, 50.52);
insert into SHOT values (3956, 4437, 4438, 1701, 4.000, 108.74, -28.00, 3.999, 108.85, -28.04, 0.007, 220.60, -16.82);
insert into SHOT values (3957, 4438, 4439, 1701, 2.000, 94.74, -8.00, 2.006, 94.62, -8.02, 0.007, 59.52, -12.87);
insert into SHOT values (3958, 4439, 4440, 1701, 15.000, 26.74, -10.00, 14.994, 26.72, -9.99, 0.008, 250.90, 33.76);
insert into SHOT values (3959, 4440, 4441, 1701, 9.000, 349.74, 0.00, 9.003, 349.76, 0.00, 0.005, 37.43, 0.00);
insert into SHOT values (3960, 4441, 4442, 1701, 6.000, 339.74, 28.00, 5.995, 339.79, 27.95, 0.008, 89.14, -56.85);
insert into SHOT values (3961, 4442, 4443, 1701, 6.000, 324.74, -15.00, 6.000, 324.69, -14.97, 0.006, 241.72, 30.69);
insert into SHOT values (3962, 4443, 4444, 1701, 9.000, 358.74, -20.00, 9.005, 358.71, -20.00, 0.007, 319.71, -16.09);
insert into SHOT values (3963, 4444, 4445, 1701, 6.000, 1.74, 5.00, 5.996, 1.82, 4.98, 0.010, 117.49, -17.07);
insert into SHOT values (3964, 4445, 4446, 1701, 4.000, 24.74, 1.00, 3.996, 24.71, 1.00, 0.004, 238.59, 2.47);
insert into SHOT values (3965, 4446, 4447, 1701, 6.000, 6.74, -22.00, 6.002, 6.70, -21.91, 0.010, 331.21, 51.39);
insert into SHOT values (3966, 4447, 4448, 1701, 4.000, 324.74, -2.00, 3.992, 324.80, -2.01, 0.009, 118.45, -2.62);
insert into SHOT values (3967, 4448, 4449, 1701, 3.000, 9.74, -5.00, 3.003, 9.62, -4.97, 0.007, 308.68, 11.52);
insert into SHOT values (3968, 4449, 4450, 1701, 2.000, 309.74, 40.00, 1.998, 309.71, 39.84, 0.006, 285.35, -70.53);
insert into SHOT values (3969, 4450, 4451, 1701, 4.000, 281.74, -12.00, 3.998, 281.65, -11.98, 0.006, 173.12, 14.96);
insert into SHOT values (3970, 4451, 4452, 1701, 8.000, 347.74, -7.00, 8.000, 347.78, -7.04, 0.008, 83.35, -39.49);
insert into SHOT values (3971, 4452, 4453, 1701, 4.000, 4.74, 25.00, 3.997, 4.75, 25.01, 0.003, 171.73, -9.39);
insert into SHOT values (3972, 4453, 4454, 1701, 4.000, 54.74, -10.00, 3.997, 54.61, -9.94, 0.010, 312.22, 27.42);
insert into CENTRELINE values (1702, 1697, NULL, '2014-02-01', NULL, 107.00, 0.00, 0.00);
 insert into SHOT values (3973, 4455, 4456, 1702, 12.000, 348.74, -45.00, 11.994, 348.78, -44.99, 0.009, 106.07, 36.72);
insert into SHOT values (3974, 4457, 4455, 1702, 15.000, 351.74, -22.00, 14.997, 351.73, -22.01, 0.004, 209.95, -12.60);
insert into SHOT values (3975, 4458, 4457, 1702, 7.000, 354.74, 2.00, 7.003, 354.75, 1.96, 0.006, 19.24, -47.48);
insert into SHOT values (3976, 4459, 4458, 1702, 9.000, 345.74, -22.00, 9.003, 345.71, -21.98, 0.005, 298.20, 15.72);
insert into SHOT values (3977, 4460, 4459, 1702, 23.000, 342.74, -15.00, 22.993, 342.74, -15.00, 0.007, 164.44, 24.90);
insert into SHOT values (3978, 4461, 4460, 1702, 13.000, 16.74, -9.00, 13.005, 16.74, -9.02, 0.008, 21.44, -54.56);
insert into SHOT values (3979, 4462, 4461, 1702, 11.000, 355.74, -2.00, 10.997, 355.72, -1.98, 0.006, 229.65, 40.70);
insert into SHOT values (3980, 4463, 4462, 1702, 6.000, 324.74, -10.00, 6.003, 324.78, -9.98, 0.006, 11.78, 19.69);
insert into SHOT values (3981, 4464, 4463, 1702, 11.000, 346.74, 1.00, 10.994, 346.75, 0.99, 0.006, 152.79, -18.97);
insert into SHOT values (3982, 4389, 4390, 1702, 0.000, 14.74, 0.00, 0.000, 90.00, 0.00, 0.000, 90.00, 0.00);
insert into SHOT values (3983, 4423, 4413, 1702, 0.000, 14.74, 0.00, 0.000, 90.00, 0.00, 0.000, 90.00, 0.00);
insert into SHOT values (3984, 4415, 4424, 1702, 0.000, 14.74, 0.00, 0.000, 90.00, 0.00, 0.000, 90.00, 0.00);
insert into SHOT values (3985, 4436, 4433, 1702, 0.000, 14.74, 0.00, 0.000, 90.00, 0.00, 0.000, 90.00, 0.00);
insert into SHOT values (3986, 4454, 4464, 1702, 0.000, 14.74, 0.00, 0.000, 90.00, 0.00, 0.000, 90.00, 0.00);
insert into CENTRELINE values (1704, 1695, NULL, NULL, NULL, 0.00, 0.00, 0.00);
 insert into SURVEY values (1706, 22, '401', '401.UltimaPatagonia', '401 Tempanos');
 insert into CENTRELINE values (1707, 1706, NULL, NULL, NULL, 0.00, 0.00, 0.00);
 insert into CENTRELINE values (1708, 1706, NULL, NULL, NULL, 0.00, 0.00, 0.00);
 insert into CENTRELINE values (1710, 22, NULL, NULL, NULL, 0.00, 0.00, 0.00);
 insert into STATION values (1, 'ENT_101001', 24, 476162.00, 4461336.00, 2.00);
insert into STATION_FLAG values(1, 'fix');
insert into STATION values (2, 'ENT_102001', 28, 476260.00, 4449342.00, 30.00);
insert into STATION_FLAG values(2, 'fix');
insert into STATION values (3, 'ENT_102002', 28, 474766.00, 4451367.00, 50.00);
insert into STATION_FLAG values(3, 'fix');
insert into STATION values (4, 'ENT_104001', 32, 475478.00, 4450597.00, 5.00);
insert into STATION_FLAG values(4, 'fix');
insert into STATION values (5, 'ENT_104002', 32, 475729.00, 4450525.00, 0.00);
insert into STATION_FLAG values(5, 'fix');
insert into STATION values (6, 'ENT_105001', 36, 482677.00, 4454593.00, 20.00);
insert into STATION_FLAG values(6, 'fix');
insert into STATION values (7, 'ENT_105002', 36, 482677.00, 4454593.00, 30.00);
insert into STATION_FLAG values(7, 'fix');
insert into STATION values (8, '2', 740, 490174.00, 4452142.15, 78.50);
insert into STATION values (9, '1', 740, 490179.95, 4452135.99, 78.65);
insert into STATION values (10, '3', 740, 490175.42, 4452153.11, 70.23);
insert into STATION values (11, '4', 740, 490178.50, 4452154.29, 67.53);
insert into STATION values (12, '5', 740, 490185.63, 4452157.69, 70.69);
insert into STATION values (13, '6', 740, 490193.00, 4452167.14, 72.24);
insert into STATION values (14, '7', 740, 490194.35, 4452177.58, 70.94);
insert into STATION values (15, '8', 740, 490197.81, 4452184.00, 72.90);
insert into STATION values (16, '9', 740, 490197.59, 4452189.76, 75.99);
insert into STATION values (17, '10', 740, 490196.20, 4452198.33, 72.20);
insert into STATION values (18, '11', 740, 490196.07, 4452205.19, 70.56);
insert into STATION values (19, '12', 740, 490201.12, 4452212.01, 66.37);
insert into STATION values (20, '13', 740, 490204.35, 4452218.26, 63.62);
insert into STATION values (21, '14', 740, 490195.12, 4452235.30, 53.97);
insert into STATION values (22, '15', 740, 490205.03, 4452239.88, 51.05);
insert into STATION values (23, '16', 740, 490209.19, 4452242.08, 52.13);
insert into STATION values (24, '17', 740, 490212.42, 4452246.50, 49.81);
insert into STATION values (25, '18', 740, 490206.54, 4452260.48, 56.56);
insert into STATION_FLAG values(25, 'con');
insert into STATION values (26, '19', 740, 490190.15, 4452245.74, 48.43);
insert into STATION values (27, '20', 740, 490187.62, 4452257.57, 45.14);
insert into STATION values (28, '21', 740, 490174.80, 4452276.82, 35.24);
insert into STATION values (29, '22', 740, 490168.44, 4452290.59, 30.31);
insert into STATION values (30, '23', 740, 490171.72, 4452295.08, 30.41);
insert into STATION values (31, '24', 740, 490171.56, 4452294.68, 36.53);
insert into STATION values (32, '25', 740, 490174.47, 4452293.38, 37.08);
insert into STATION values (33, '26', 740, 490178.76, 4452310.18, 29.94);
insert into STATION values (34, '27', 740, 490181.64, 4452314.36, 28.14);
insert into STATION values (35, '28', 740, 490185.75, 4452321.06, 26.40);
insert into STATION values (36, '29', 740, 490194.23, 4452328.40, 25.33);
insert into STATION values (37, '30', 740, 490204.59, 4452329.95, 23.78);
insert into STATION values (38, '31', 740, 490201.31, 4452334.07, 22.63);
insert into STATION values (39, '32', 740, 490208.71, 4452337.50, 21.13);
insert into STATION values (40, '33', 740, 490212.11, 4452344.31, 19.72);
insert into STATION values (41, '34', 740, 490217.06, 4452346.12, 20.54);
insert into STATION values (42, '35', 740, 490221.10, 4452347.21, 19.08);
insert into STATION values (43, '36', 740, 490216.66, 4452353.64, 16.15);
insert into STATION values (44, '37', 740, 490215.32, 4452354.05, 14.52);
insert into STATION values (45, '38', 740, 490213.93, 4452355.67, 13.11);
insert into STATION values (46, '39', 740, 490219.02, 4452360.98, 13.34);
insert into STATION values (47, '40', 740, 490220.87, 4452361.88, 12.93);
insert into STATION values (48, '41', 740, 490221.35, 4452364.58, 13.01);
insert into STATION values (49, '42', 740, 490221.94, 4452363.38, 10.08);
insert into STATION values (50, '43', 740, 490225.28, 4452364.95, 9.94);
insert into STATION values (51, '44', 740, 490218.70, 4452378.47, 3.53);
insert into STATION_FLAG values(51, 'ent');
insert into STATION values (52, '50', 744, 490170.50, 4452134.09, 74.01);
insert into STATION values (53, '1', 744, 490179.95, 4452135.99, 78.65);
insert into STATION values (54, '51', 744, 490158.41, 4452136.12, 68.37);
insert into STATION values (55, '52', 744, 490151.60, 4452141.17, 64.70);
insert into STATION values (56, '53', 744, 490153.13, 4452138.25, 65.82);
insert into STATION values (57, '54', 744, 490149.95, 4452149.05, 60.23);
insert into STATION values (58, '55', 744, 490143.76, 4452147.54, 59.25);
insert into STATION values (59, '56', 744, 490145.23, 4452135.29, 66.66);
insert into STATION values (60, '57', 744, 490148.83, 4452132.25, 67.66);
insert into STATION values (61, '58', 744, 490147.05, 4452126.51, 70.09);
insert into STATION values (62, '59', 744, 490142.29, 4452121.61, 71.54);
insert into STATION values (63, '60', 744, 490140.75, 4452118.85, 73.84);
insert into STATION values (64, '61', 744, 490134.46, 4452116.71, 75.13);
insert into STATION values (65, '62', 744, 490130.05, 4452119.07, 73.60);
insert into STATION values (66, '63', 744, 490128.19, 4452116.53, 73.21);
insert into STATION values (67, '64', 744, 490125.57, 4452111.21, 73.83);
insert into STATION values (68, '65', 744, 490117.93, 4452107.51, 74.28);
insert into STATION values (69, '66', 744, 490117.19, 4452108.54, 73.52);
insert into STATION values (70, '67', 744, 490112.70, 4452111.05, 74.06);
insert into STATION values (71, '68', 744, 490104.38, 4452115.88, 73.22);
insert into STATION values (72, '69', 744, 490096.69, 4452122.38, 69.94);
insert into STATION values (73, '70', 744, 490091.27, 4452119.99, 71.20);
insert into STATION values (74, '71', 744, 490082.53, 4452123.38, 70.87);
insert into STATION values (75, '72', 744, 490078.51, 4452124.03, 70.16);
insert into STATION values (76, '73', 744, 490076.05, 4452125.03, 69.92);
insert into STATION values (77, '74', 744, 490068.41, 4452125.06, 65.69);
insert into STATION values (78, '75', 744, 490061.41, 4452125.20, 60.97);
insert into STATION values (79, '76', 744, 490055.12, 4452120.14, 57.70);
insert into STATION values (80, '77', 744, 490051.85, 4452113.19, 59.06);
insert into STATION values (81, '78', 744, 490046.93, 4452102.23, 61.39);
insert into STATION values (82, '79', 744, 490040.58, 4452091.30, 58.48);
insert into STATION values (83, '80', 744, 490034.24, 4452080.84, 52.77);
insert into STATION values (84, '81', 744, 490032.55, 4452076.47, 52.69);
insert into STATION values (85, '82', 744, 490032.37, 4452071.85, 52.85);
insert into STATION values (86, '83', 744, 490027.04, 4452062.69, 49.20);
insert into STATION values (87, '84', 744, 490025.68, 4452056.38, 48.41);
insert into STATION values (88, '85', 744, 490019.64, 4452056.30, 46.21);
insert into STATION values (89, '86', 744, 490012.35, 4452056.96, 42.64);
insert into STATION values (90, '87', 744, 490007.57, 4452058.90, 44.72);
insert into STATION values (91, '88', 744, 490000.06, 4452052.86, 45.23);
insert into STATION values (92, '89', 744, 489991.39, 4452045.63, 54.36);
insert into STATION values (93, '93', 744, 489991.39, 4452045.63, 79.36);
insert into STATION values (94, '17', 744, 490212.42, 4452246.50, 49.81);
insert into STATION values (95, '90', 744, 490206.54, 4452260.49, 56.89);
insert into STATION values (96, '91', 744, 490201.57, 4452272.31, 69.71);
insert into STATION values (97, '92', 744, 490198.90, 4452274.72, 73.18);
insert into STATION values (98, '101', 748, 490168.54, 4452294.53, 29.48);
insert into STATION values (99, '23', 748, 490171.72, 4452295.08, 30.41);
insert into STATION values (100, '102', 748, 490170.57, 4452297.11, 29.25);
insert into STATION values (101, '103', 748, 490170.94, 4452299.66, 27.52);
insert into STATION values (102, '104', 748, 490169.20, 4452309.68, 21.16);
insert into STATION values (103, '105', 748, 490169.39, 4452319.03, 17.00);
insert into STATION values (104, '106', 748, 490168.93, 4452322.38, 15.63);
insert into STATION values (105, '17', 748, 490212.42, 4452246.50, 49.81);
insert into STATION values (106, '107', 748, 490215.52, 4452243.96, 51.41);
insert into STATION values (107, '108', 748, 490218.66, 4452241.08, 51.10);
insert into STATION values (108, '109', 748, 490220.84, 4452240.84, 53.06);
insert into STATION values (109, '110', 748, 490223.78, 4452238.90, 55.42);
insert into STATION values (110, '111', 748, 490225.07, 4452237.47, 54.17);
insert into STATION values (111, '112', 748, 490228.65, 4452236.59, 58.92);
insert into STATION values (112, '113', 748, 490233.96, 4452228.37, 59.43);
insert into STATION values (113, '114', 748, 490237.91, 4452220.87, 54.14);
insert into STATION values (114, '115', 748, 490238.83, 4452218.98, 54.28);
insert into STATION values (115, '116', 748, 490241.45, 4452214.91, 48.30);
insert into STATION values (116, '117', 748, 490228.15, 4452237.53, 60.09);
insert into STATION values (117, '118', 748, 490234.17, 4452242.91, 61.51);
insert into STATION values (118, '119', 748, 490236.47, 4452251.40, 61.20);
insert into STATION values (119, '120', 748, 490236.94, 4452252.92, 63.96);
insert into STATION values (120, '121', 748, 490239.99, 4452258.61, 63.17);
insert into STATION values (121, '122', 748, 490246.89, 4452260.69, 64.31);
insert into STATION values (122, '123', 748, 490248.80, 4452267.74, 64.31);
insert into STATION values (123, '124', 748, 490249.50, 4452255.75, 69.00);
insert into STATION values (124, '125', 748, 490246.94, 4452267.03, 62.97);
insert into STATION values (125, '126', 748, 490241.93, 4452273.49, 55.60);
insert into STATION values (126, '127', 748, 490219.45, 4452243.81, 55.22);
insert into STATION values (127, '15', 748, 490205.03, 4452239.88, 51.05);
insert into STATION values (128, '128', 748, 490210.33, 4452234.35, 55.65);
insert into STATION values (129, '129', 748, 490205.24, 4452233.06, 66.38);
insert into STATION values (130, '16', 748, 490209.19, 4452242.08, 52.13);
insert into STATION values (131, '130', 748, 490210.09, 4452241.00, 51.59);
insert into STATION values (132, '131', 748, 490210.30, 4452234.21, 56.18);
insert into STATION values (133, '53', 752, 490153.13, 4452138.25, 65.82);
insert into STATION values (134, '150', 752, 490152.51, 4452134.76, 66.44);
insert into STATION values (135, '151', 752, 490156.21, 4452120.75, 70.33);
insert into STATION values (136, '152', 752, 490153.68, 4452111.41, 73.85);
insert into STATION values (137, '153', 752, 490149.98, 4452102.35, 79.05);
insert into STATION values (138, '154', 752, 490145.85, 4452097.09, 83.23);
insert into STATION values (139, '155', 752, 490141.34, 4452086.58, 87.62);
insert into STATION values (140, '156', 752, 490148.66, 4452081.03, 91.90);
insert into STATION values (141, '55', 752, 490143.76, 4452147.54, 59.25);
insert into STATION values (142, '157', 752, 490146.93, 4452165.21, 51.59);
insert into STATION values (143, '158', 752, 490150.13, 4452174.58, 49.32);
insert into STATION values (144, '159', 752, 490146.36, 4452183.83, 46.88);
insert into STATION values (145, '160', 752, 490155.89, 4452192.66, 46.57);
insert into STATION values (146, '161', 752, 490155.43, 4452194.14, 47.91);
insert into STATION values (147, '162', 752, 490155.58, 4452199.59, 46.50);
insert into STATION values (148, '163', 752, 490148.91, 4452213.71, 40.28);
insert into STATION values (149, '21', 756, 490174.80, 4452276.82, 35.24);
insert into STATION values (150, '200', 756, 490171.63, 4452268.06, 37.03);
insert into STATION values (151, '201', 756, 490169.25, 4452260.31, 38.29);
insert into STATION values (152, '202', 756, 490161.17, 4452262.22, 32.06);
insert into STATION values (153, '203', 756, 490160.77, 4452274.81, 29.39);
insert into STATION values (154, '204', 756, 490158.97, 4452281.60, 26.97);
insert into STATION values (155, '205', 756, 490156.86, 4452287.46, 24.20);
insert into STATION values (156, '206', 756, 490155.42, 4452261.74, 28.37);
insert into STATION values (157, '207', 756, 490138.95, 4452259.14, 23.70);
insert into STATION values (158, '208', 756, 490140.78, 4452236.70, 31.61);
insert into STATION values (159, '209', 756, 490141.29, 4452236.66, 31.54);
insert into STATION values (160, '210', 756, 490146.16, 4452232.79, 34.34);
insert into STATION values (161, '211', 756, 490158.40, 4452226.78, 40.59);
insert into STATION values (162, '212', 756, 490166.65, 4452223.41, 44.74);
insert into STATION values (163, '213', 756, 490177.63, 4452214.14, 52.71);
insert into STATION values (164, '214', 756, 490151.04, 4452218.46, 39.66);
insert into STATION values (165, '215', 756, 490149.39, 4452214.24, 41.44);
insert into STATION values (166, '163', 756, 490148.91, 4452213.71, 40.28);
insert into STATION values (167, '66', 756, 490117.19, 4452108.54, 73.52);
insert into STATION values (168, '216', 756, 490127.58, 4452113.56, 73.52);
insert into STATION values (169, '217', 756, 490126.25, 4452116.07, 72.65);
insert into STATION values (170, '218', 756, 490123.92, 4452118.50, 72.71);
insert into STATION values (171, '219', 756, 490122.00, 4452127.71, 69.47);
insert into STATION values (172, '220', 756, 490126.30, 4452131.84, 66.43);
insert into STATION values (173, '221', 756, 490123.55, 4452143.04, 62.90);
insert into STATION values (174, '222', 756, 490121.12, 4452149.11, 61.27);
insert into STATION values (175, '223', 756, 490126.74, 4452155.31, 56.44);
insert into STATION values (176, '224', 756, 490133.50, 4452166.48, 50.35);
insert into STATION values (177, '225', 756, 490137.57, 4452162.92, 53.60);
insert into STATION values (178, '226', 756, 490142.51, 4452148.43, 59.17);
insert into STATION values (179, '55', 756, 490143.45, 4452148.65, 58.80);
insert into STATION values (180, '1', 763, 490088.00, 4452354.00, 105.00);
insert into STATION_FLAG values(180, 'ent');
insert into STATION values (181, '2', 763, 490088.51, 4452347.93, 105.64);
insert into STATION values (182, '3', 763, 490088.24, 4452340.83, 104.13);
insert into STATION values (183, '30', 763, 490088.24, 4452340.83, 96.16);
insert into STATION values (184, '4', 763, 490088.11, 4452341.05, 102.81);
insert into STATION values (185, '5', 763, 490090.22, 4452336.88, 104.15);
insert into STATION values (186, '6', 763, 490088.08, 4452336.11, 103.66);
insert into STATION values (187, '7', 763, 490092.17, 4452337.75, 106.10);
insert into STATION values (188, '8', 763, 490091.73, 4452335.04, 105.67);
insert into STATION values (189, '9', 763, 490091.58, 4452337.22, 108.57);
insert into STATION values (190, '10', 763, 490101.00, 4452337.51, 108.57);
insert into STATION values (191, '11', 763, 490096.62, 4452337.58, 102.09);
insert into STATION values (192, '12', 763, 490098.19, 4452341.24, 102.09);
insert into STATION values (193, '13', 763, 490100.85, 4452342.65, 103.06);
insert into STATION values (194, '14', 763, 490092.09, 4452340.65, 100.20);
insert into STATION values (195, '15', 763, 490093.46, 4452344.59, 96.57);
insert into STATION values (196, '16', 763, 490090.05, 4452336.90, 102.55);
insert into STATION values (197, '17', 763, 490082.88, 4452340.27, 106.42);
insert into STATION values (198, '18', 763, 490083.99, 4452338.48, 107.18);
insert into STATION values (199, '19', 763, 490085.46, 4452338.81, 107.64);
insert into STATION values (200, '20', 763, 490086.45, 4452340.58, 109.06);
insert into STATION values (201, '21', 763, 490089.84, 4452340.75, 109.60);
insert into STATION values (202, '22', 763, 490092.43, 4452347.10, 112.24);
insert into STATION values (203, '23', 763, 490088.55, 4452337.97, 109.24);
insert into STATION values (204, '24', 763, 490087.57, 4452338.77, 105.07);
insert into STATION values (205, '25', 763, 490092.20, 4452343.37, 107.07);
insert into STATION values (206, '2', 767, 490078.96, 4452333.53, 89.62);
insert into STATION values (207, '1', 767, 490077.97, 4452337.28, 85.31);
insert into STATION values (208, '3', 767, 490080.36, 4452333.45, 92.37);
insert into STATION values (209, '4', 767, 490083.03, 4452335.30, 93.49);
insert into STATION values (210, '5', 767, 490083.52, 4452339.84, 95.57);
insert into STATION values (211, '6', 767, 490088.24, 4452340.83, 96.16);
insert into STATION values (212, '2', 771, 490088.97, 4452346.81, 89.22);
insert into STATION values (213, '1', 771, 490093.62, 4452352.52, 84.97);
insert into STATION values (214, '3', 771, 490085.64, 4452344.49, 94.42);
insert into STATION values (215, '4', 771, 490086.15, 4452341.52, 96.16);
insert into STATION values (216, '5', 771, 490088.24, 4452340.83, 96.16);
insert into STATION values (217, '0', 776, 490247.35, 4452346.13, 45.05);
insert into STATION values (218, '1', 776, 490242.63, 4452337.18, 53.54);
insert into STATION values (219, '2', 776, 490244.33, 4452332.29, 54.64);
insert into STATION values (220, '3', 776, 490244.68, 4452330.34, 60.73);
insert into STATION values (221, '4', 776, 490240.03, 4452330.35, 54.70);
insert into STATION values (222, '5', 776, 490236.89, 4452328.80, 55.70);
insert into STATION values (223, '6', 776, 490237.98, 4452324.49, 59.43);
insert into STATION values (224, '7', 776, 490236.10, 4452331.19, 55.03);
insert into STATION values (225, '8', 776, 490238.04, 4452333.60, 50.61);
insert into STATION values (226, '9', 776, 490233.70, 4452336.29, 47.66);
insert into STATION values (227, '10', 776, 490229.15, 4452340.97, 38.68);
insert into STATION values (228, '11', 776, 490228.66, 4452342.46, 33.20);
insert into STATION values (229, '12', 776, 490224.30, 4452348.00, 26.39);
insert into STATION values (230, '13', 776, 490216.81, 4452348.50, 21.13);
insert into STATION values (231, '14', 776, 490215.52, 4452347.15, 19.33);
insert into STATION values (232, 'C', 776, 490216.85, 4452346.67, 17.39);
insert into STATION values (233, '15', 776, 490210.33, 4452345.74, 18.86);
insert into STATION values (234, '16', 776, 490203.13, 4452336.79, 20.47);
insert into STATION values (235, '17', 776, 490194.55, 4452334.46, 22.85);
insert into STATION values (236, '100', 776, 490218.70, 4452378.47, 3.53);
insert into STATION values (237, '101', 776, 490230.30, 4452369.18, 16.63);
insert into STATION values (238, '102', 776, 490236.76, 4452365.92, 16.50);
insert into STATION values (239, '103', 776, 490240.32, 4452361.59, 19.12);
insert into STATION values (240, '104', 776, 490243.69, 4452358.16, 19.31);
insert into STATION values (241, '105', 776, 490245.16, 4452350.81, 21.11);
insert into STATION values (242, '106', 776, 490236.11, 4452348.09, 18.23);
insert into STATION values (243, '107', 776, 490231.31, 4452346.85, 17.82);
insert into STATION values (244, '108', 776, 490225.87, 4452340.61, 16.63);
insert into STATION values (245, 'U', 776, 490221.47, 4452343.52, 16.38);
insert into STATION values (246, 'A', 776, 490213.23, 4452353.57, 14.03);
insert into STATION values (247, 'B', 776, 490216.34, 4452349.65, 16.85);
insert into STATION values (248, 'D', 776, 490212.70, 4452347.16, 19.63);
insert into STATION values (249, 'E', 776, 490208.51, 4452344.75, 18.91);
insert into STATION values (250, 'F', 776, 490201.19, 4452335.86, 21.20);
insert into STATION values (251, 'G', 776, 490200.00, 4452337.08, 21.20);
insert into STATION values (252, 'H', 776, 490204.15, 4452342.83, 29.07);
insert into STATION values (253, 'I', 776, 490199.33, 4452335.24, 21.64);
insert into STATION values (254, 'J', 776, 490202.45, 4452332.65, 23.63);
insert into STATION values (255, 'K', 776, 490193.06, 4452330.07, 25.63);
insert into STATION values (256, 'L', 776, 490188.54, 4452326.17, 25.60);
insert into STATION values (257, 'M', 776, 490180.82, 4452319.44, 26.42);
insert into STATION values (258, 'N', 776, 490177.35, 4452310.20, 29.31);
insert into STATION values (259, '30', 776, 490219.16, 4452360.99, 13.08);
insert into STATION values (260, '31', 776, 490220.01, 4452362.90, 13.06);
insert into STATION values (261, '32', 776, 490220.00, 4452363.00, 10.00);
insert into STATION_FLAG values(261, 'ent');
insert into STATION values (262, '33', 776, 490222.24, 4452364.97, 9.72);
insert into STATION values (263, 'N1', 776, 490171.56, 4452294.68, 36.53);
insert into STATION values (264, 'O', 776, 490208.49, 4452333.52, 24.72);
insert into STATION values (265, 'P', 776, 490212.73, 4452337.29, 22.73);
insert into STATION values (266, 'Q', 776, 490214.09, 4452342.74, 21.34);
insert into STATION values (267, 'R', 776, 490213.14, 4452341.04, 19.83);
insert into STATION values (268, 'S', 776, 490215.87, 4452338.91, 18.64);
insert into STATION values (269, 'T', 776, 490219.20, 4452339.52, 17.10);
insert into STATION values (270, 'ENT_106001', 40, 490220.00, 4452363.00, 10.00);
insert into STATION_FLAG values(270, 'fix');
insert into STATION values (271, 'ENT_106002', 40, 490289.00, 4451286.00, 35.00);
insert into STATION_FLAG values(271, 'fix');
insert into STATION values (272, 'ENT_106003', 40, 490289.00, 4451286.00, 3.00);
insert into STATION_FLAG values(272, 'fix');
insert into STATION values (273, 'ENT_106004', 40, 490541.00, 4453870.00, 20.00);
insert into STATION_FLAG values(273, 'fix');
insert into STATION values (274, 'ENT_106005', 40, 490289.00, 4451286.00, 70.00);
insert into STATION_FLAG values(274, 'fix');
insert into STATION values (275, 'ENT_106006', 40, 490604.00, 4450548.00, 0.00);
insert into STATION_FLAG values(275, 'fix');
insert into STATION values (276, 'ENT_106008', 40, 490080.00, 4452381.00, 96.00);
insert into STATION_FLAG values(276, 'fix');
insert into STATION values (277, 'ENT_106009', 40, 488815.00, 4453011.00, 186.00);
insert into STATION_FLAG values(277, 'fix');
insert into STATION values (278, 'ENT_106010', 40, 488956.00, 4452962.00, 189.00);
insert into STATION_FLAG values(278, 'fix');
insert into STATION values (279, 'ENT_106011', 40, 488956.00, 4452962.00, 201.00);
insert into STATION_FLAG values(279, 'fix');
insert into STATION values (280, 'ENT_106012', 40, 489317.00, 4452812.00, 224.00);
insert into STATION_FLAG values(280, 'fix');
insert into STATION values (281, 'ENT_106013', 40, 489234.00, 4452876.00, 213.00);
insert into STATION_FLAG values(281, 'fix');
insert into STATION values (282, 'ENT_106014', 40, 487636.00, 4452795.00, 226.00);
insert into STATION_FLAG values(282, 'fix');
insert into STATION values (283, 'ENT_106015', 40, 487474.00, 4452740.00, 218.00);
insert into STATION_FLAG values(283, 'fix');
insert into STATION values (284, 'ENT_106016', 40, 487506.00, 4452738.00, 220.00);
insert into STATION_FLAG values(284, 'fix');
insert into STATION values (285, 'ENT_106017', 40, 487836.00, 4452871.00, 225.00);
insert into STATION_FLAG values(285, 'fix');
insert into STATION values (286, 'ENT_106018', 40, 489278.00, 4452871.00, 216.00);
insert into STATION_FLAG values(286, 'fix');
insert into STATION values (287, 'ENT_106019', 40, 488833.00, 4451227.00, 325.00);
insert into STATION_FLAG values(287, 'fix');
insert into STATION values (288, 'ENT_106020', 40, 489409.00, 4452098.00, 187.00);
insert into STATION_FLAG values(288, 'fix');
insert into STATION values (289, 'ENT_106021', 40, 490088.00, 4452354.00, 105.00);
insert into STATION_FLAG values(289, 'fix');
insert into STATION values (290, '0', 791, 482804.00, 4447950.00, 369.00);
insert into STATION_FLAG values(290, 'ent');
insert into STATION values (291, '1', 791, 482801.59, 4447953.35, 369.00);
insert into STATION values (292, '2', 791, 482799.02, 4447960.95, 367.59);
insert into STATION values (293, '3', 791, 482794.09, 4447968.34, 363.63);
insert into STATION values (294, '4', 791, 482792.17, 4447973.44, 362.47);
insert into STATION values (295, '5', 791, 482789.26, 4447976.28, 358.82);
insert into STATION values (296, '6', 791, 482787.89, 4447979.40, 354.13);
insert into STATION values (297, 'A', 791, 482784.87, 4447981.46, 344.60);
insert into STATION values (298, '7', 791, 482796.24, 4447986.08, 352.81);
insert into STATION values (299, '8', 791, 482796.96, 4447990.46, 350.35);
insert into STATION values (300, '9', 791, 482798.49, 4447991.26, 349.10);
insert into STATION values (301, 'B1', 791, 482800.24, 4447988.31, 349.34);
insert into STATION values (302, 'B2', 791, 482804.81, 4447986.43, 351.14);
insert into STATION values (303, '10', 791, 482797.69, 4447993.50, 348.76);
insert into STATION values (304, '11', 791, 482795.71, 4447996.25, 346.21);
insert into STATION values (305, '12', 791, 482792.27, 4447995.91, 346.02);
insert into STATION values (306, '13', 791, 482788.38, 4447997.20, 345.81);
insert into STATION values (307, '14', 791, 482788.03, 4447998.90, 343.88);
insert into STATION values (308, '15', 791, 482785.78, 4447999.78, 342.31);
insert into STATION values (309, '16', 791, 482784.25, 4448001.07, 340.24);
insert into STATION values (310, '17', 791, 482782.75, 4448002.22, 337.21);
insert into STATION values (311, '18', 791, 482781.92, 4448004.30, 334.24);
insert into STATION values (312, 'C1', 791, 482779.25, 4448009.00, 330.45);
insert into STATION values (313, '19', 791, 482780.19, 4448007.74, 334.71);
insert into STATION values (314, '20', 791, 482779.67, 4448009.62, 337.50);
insert into STATION values (315, '21', 791, 482777.13, 4448010.17, 335.54);
insert into STATION values (316, '22', 791, 482774.45, 4448011.06, 331.35);
insert into STATION values (317, '23', 791, 482772.32, 4448010.62, 327.88);
insert into STATION values (318, '24', 791, 482763.38, 4448012.09, 321.99);
insert into STATION values (319, '25', 791, 482749.43, 4448025.71, 308.34);
insert into STATION values (320, '26', 791, 482747.88, 4448026.72, 307.59);
insert into STATION values (321, '27', 791, 482742.19, 4448027.76, 295.18);
insert into STATION values (322, 'D1', 791, 482740.90, 4448022.73, 294.91);
insert into STATION values (323, '28', 791, 482736.99, 4448026.10, 294.22);
insert into STATION values (324, '29', 791, 482732.33, 4448027.83, 293.69);
insert into STATION values (325, '30', 791, 482726.73, 4448029.47, 289.91);
insert into STATION values (326, '31', 791, 482720.02, 4448026.09, 283.61);
insert into STATION values (327, '32', 791, 482719.67, 4448021.33, 281.96);
insert into STATION values (328, '33', 791, 482714.97, 4448029.57, 275.81);
insert into STATION values (329, '34', 791, 482708.03, 4448040.39, 266.81);
insert into STATION values (330, '35', 791, 482705.96, 4448041.32, 265.16);
insert into STATION values (331, '36', 791, 482708.41, 4448045.68, 265.42);
insert into STATION values (332, '37', 791, 482708.33, 4448051.95, 261.50);
insert into STATION values (333, '38', 791, 482708.14, 4448058.43, 260.00);
insert into STATION values (334, '46A', 791, 482706.83, 4448064.24, 258.29);
insert into STATION values (335, '16B', 791, 482615.24, 4448332.83, 212.93);
insert into STATION values (336, '2A', 791, 482623.01, 4448329.96, 213.22);
insert into STATION values (337, '3A', 791, 482627.38, 4448327.89, 217.57);
insert into STATION values (338, '4A', 791, 482629.63, 4448327.01, 221.60);
insert into STATION values (339, '5A', 791, 482629.96, 4448319.93, 222.09);
insert into STATION values (340, '6A', 791, 482630.93, 4448312.76, 220.29);
insert into STATION values (341, '7A', 791, 482633.71, 4448309.64, 220.66);
insert into STATION values (342, '8A', 791, 482637.43, 4448308.55, 221.13);
insert into STATION values (343, '9A', 791, 482640.99, 4448303.00, 221.83);
insert into STATION values (344, '10A', 791, 482635.83, 4448296.23, 223.33);
insert into STATION values (345, '11A', 791, 482645.23, 4448291.98, 224.23);
insert into STATION values (346, '12A', 791, 482647.88, 4448285.32, 225.11);
insert into STATION values (347, '13A', 791, 482652.12, 4448283.49, 225.27);
insert into STATION values (348, '14A', 791, 482656.71, 4448263.12, 227.47);
insert into STATION values (349, '15A', 791, 482663.52, 4448253.63, 228.90);
insert into STATION values (350, '16A', 791, 482666.63, 4448249.46, 229.36);
insert into STATION values (351, '17A', 791, 482668.14, 4448242.76, 229.84);
insert into STATION values (352, '18A', 791, 482669.46, 4448236.87, 230.58);
insert into STATION values (353, '19A', 791, 482673.22, 4448230.00, 231.82);
insert into STATION values (354, '20A', 791, 482675.17, 4448223.07, 232.83);
insert into STATION values (355, '21A', 791, 482675.95, 4448217.30, 233.34);
insert into STATION values (356, '22A', 791, 482677.33, 4448210.61, 234.42);
insert into STATION values (357, '23A', 791, 482679.15, 4448203.68, 235.30);
insert into STATION values (358, '24A', 791, 482680.17, 4448196.13, 236.24);
insert into STATION values (359, '25A', 791, 482680.91, 4448184.54, 237.87);
insert into STATION values (360, '26A', 791, 482684.73, 4448171.80, 239.50);
insert into STATION values (361, '27A', 791, 482686.68, 4448159.08, 241.08);
insert into STATION values (362, '28A', 791, 482688.73, 4448152.23, 241.71);
insert into STATION values (363, '29A', 791, 482691.19, 4448147.11, 242.10);
insert into STATION values (364, '30A', 791, 482691.16, 4448141.01, 242.64);
insert into STATION values (365, '31A', 791, 482693.93, 4448138.00, 243.89);
insert into STATION values (366, '32A', 791, 482693.33, 4448134.97, 243.23);
insert into STATION values (367, '33A', 791, 482694.87, 4448128.61, 244.15);
insert into STATION values (368, '34A', 791, 482694.59, 4448124.78, 244.49);
insert into STATION values (369, '35A', 791, 482699.90, 4448115.47, 245.80);
insert into STATION values (370, '36A', 791, 482702.14, 4448104.62, 247.76);
insert into STATION values (371, '37A', 791, 482707.53, 4448098.35, 249.67);
insert into STATION values (372, '38A', 791, 482707.32, 4448092.98, 250.91);
insert into STATION values (373, '39A', 791, 482706.60, 4448090.95, 251.02);
insert into STATION values (374, '40A', 791, 482707.40, 4448088.28, 252.62);
insert into STATION values (375, '41A', 791, 482708.60, 4448084.51, 253.18);
insert into STATION values (376, '42A', 791, 482707.47, 4448082.10, 251.52);
insert into STATION values (377, '43A', 791, 482707.76, 4448077.60, 252.23);
insert into STATION values (378, '44A', 791, 482706.27, 4448072.18, 253.32);
insert into STATION values (379, '45A', 791, 482708.64, 4448069.12, 257.47);
insert into STATION values (380, 'JP', 791, 482589.33, 4448394.99, 189.85);
insert into STATION values (381, '1B', 791, 482595.04, 4448382.58, 194.03);
insert into STATION values (382, '2B', 791, 482593.29, 4448371.96, 188.07);
insert into STATION values (383, '3B', 791, 482593.13, 4448369.71, 184.96);
insert into STATION values (384, '4B', 791, 482595.10, 4448367.06, 184.55);
insert into STATION values (385, '5B', 791, 482599.42, 4448360.81, 184.55);
insert into STATION values (386, '6B', 791, 482600.95, 4448361.18, 183.75);
insert into STATION values (387, '7B', 791, 482601.56, 4448361.41, 185.75);
insert into STATION values (388, '8B', 791, 482604.49, 4448360.27, 185.70);
insert into STATION values (389, '9B', 791, 482605.88, 4448359.32, 188.10);
insert into STATION values (390, '10B', 791, 482607.03, 4448354.93, 188.74);
insert into STATION values (391, '11B', 791, 482605.06, 4448353.23, 188.14);
insert into STATION values (392, '12B', 791, 482607.90, 4448347.33, 189.06);
insert into STATION values (393, '13B', 791, 482610.06, 4448341.90, 184.16);
insert into STATION values (394, '14B', 791, 482610.11, 4448337.58, 208.69);
insert into STATION values (395, '15B', 791, 482610.76, 4448336.77, 213.56);
insert into STATION values (396, '1', 797, 478700.00, 4446570.00, 0.00);
insert into STATION_FLAG values(396, 'ent');
insert into STATION values (397, '2', 797, 478702.18, 4446572.24, -9.50);
insert into STATION values (398, '3', 797, 478707.17, 4446577.35, -16.50);
insert into STATION values (399, '4', 797, 478710.37, 4446580.63, -18.50);
insert into STATION values (400, '5', 797, 478714.10, 4446582.43, -21.30);
insert into STATION values (401, '6', 797, 478722.33, 4446578.71, -17.00);
insert into STATION values (402, '7', 797, 478727.17, 4446577.48, -17.00);
insert into STATION values (403, '8', 797, 478735.09, 4446578.28, -17.80);
insert into STATION values (404, '9', 797, 478742.10, 4446568.53, -17.60);
insert into STATION values (405, '10', 797, 478743.38, 4446563.97, -16.00);
insert into STATION values (406, '11', 797, 478749.49, 4446553.69, -15.00);
insert into STATION values (407, '12', 797, 478749.27, 4446550.70, -15.00);
insert into STATION values (408, '13', 797, 478750.55, 4446548.04, -14.50);
insert into STATION values (409, '14', 797, 478753.24, 4446546.06, -12.30);
insert into STATION values (410, '15', 797, 478754.25, 4446548.94, -6.00);
insert into STATION values (411, '16', 797, 478757.70, 4446541.79, -5.00);
insert into STATION values (412, '17', 797, 478759.84, 4446539.70, -5.00);
insert into STATION values (413, '18', 797, 478766.94, 4446532.77, -3.70);
insert into STATION values (414, '19', 797, 478770.49, 4446529.32, -3.00);
insert into STATION values (415, '20', 797, 478774.57, 4446523.63, -3.00);
insert into STATION values (416, '21', 797, 478778.05, 4446516.43, -3.00);
insert into STATION values (417, '22', 797, 478781.95, 4446512.62, -0.50);
insert into STATION values (418, '23', 797, 478784.39, 4446503.97, 0.00);
insert into STATION values (419, '24', 797, 478786.37, 4446499.84, -2.00);
insert into STATION values (420, '25', 797, 478789.55, 4446496.74, -4.30);
insert into STATION values (421, '26', 797, 478792.78, 4446492.99, -5.00);
insert into STATION values (422, '27', 797, 478794.11, 4446488.27, -6.00);
insert into STATION values (423, '28', 797, 478796.78, 4446478.77, -4.40);
insert into STATION values (424, '29', 797, 478796.97, 4446476.95, -3.60);
insert into STATION values (425, '30', 797, 478795.25, 4446470.22, -2.70);
insert into STATION values (426, '31', 797, 478796.85, 4446454.30, -2.50);
insert into STATION values (427, '32', 797, 478802.20, 4446446.86, -6.50);
insert into STATION values (428, '33', 797, 478806.76, 4446444.80, -6.60);
insert into STATION values (429, '34', 797, 478814.52, 4446441.30, -9.50);
insert into STATION values (430, '35', 797, 478824.10, 4446444.00, -10.50);
insert into STATION values (431, '36', 797, 478827.05, 4446443.78, -11.00);
insert into STATION values (432, '37', 797, 478828.34, 4446442.52, -13.40);
insert into STATION values (433, '38', 797, 478831.05, 4446441.83, -14.50);
insert into STATION values (434, '39', 797, 478839.97, 4446449.51, -16.80);
insert into STATION values (435, '40', 797, 478845.83, 4446452.34, -24.40);
insert into STATION values (436, '41', 797, 478855.79, 4446449.80, -28.30);
insert into STATION values (437, '42', 797, 478860.36, 4446449.46, -18.30);
insert into STATION values (438, '43', 797, 478868.06, 4446451.62, -18.50);
insert into STATION values (439, '44', 797, 478871.47, 4446455.12, -17.40);
insert into STATION values (440, '45', 797, 478874.28, 4446459.25, -17.30);
insert into STATION values (441, '46', 797, 478878.34, 4446462.17, -17.30);
insert into STATION values (442, '47', 797, 478879.17, 4446465.42, -13.60);
insert into STATION values (443, '48', 797, 478875.16, 4446462.54, -12.80);
insert into STATION values (444, '49', 797, 478878.20, 4446456.24, -12.90);
insert into STATION values (445, '50', 797, 478878.06, 4446454.28, -12.50);
insert into STATION values (446, '51', 797, 478879.69, 4446450.90, -9.20);
insert into STATION values (447, '52', 797, 478878.81, 4446454.03, -5.40);
insert into STATION values (448, '53', 797, 478881.24, 4446445.37, -5.10);
insert into STATION values (449, '0', 801, 479563.14, 4447211.39, 316.60);
insert into STATION values (450, '1', 801, 479561.35, 4447213.85, 320.00);
insert into STATION values (451, '2', 801, 479554.86, 4447212.13, 323.10);
insert into STATION values (452, '3', 801, 479552.56, 4447215.93, 324.65);
insert into STATION values (453, '3_1', 801, 479550.73, 4447218.63, 325.27);
insert into STATION values (454, '3_2', 801, 479547.80, 4447220.05, 323.27);
insert into STATION values (455, '3_3', 801, 479545.17, 4447218.43, 324.12);
insert into STATION values (456, '3_4', 801, 479541.03, 4447221.33, 326.89);
insert into STATION values (457, '3_5', 801, 479538.98, 4447228.24, 328.77);
insert into STATION values (458, '4', 801, 479553.55, 4447216.31, 354.95);
insert into STATION values (459, '5', 801, 479556.03, 4447215.00, 356.65);
insert into STATION values (460, '6', 801, 479562.81, 4447214.99, 371.54);
insert into STATION values (461, '7', 801, 479562.86, 4447217.94, 376.78);
insert into STATION values (462, '8', 801, 479556.00, 4447204.00, 380.00);
insert into STATION_FLAG values(462, 'ent');
insert into STATION values (463, '0_0', 801, 479563.14, 4447211.39, 266.60);
insert into STATION values (464, '0', 805, 476133.00, 4447399.00, 39.00);
insert into STATION_FLAG values(464, 'ent');
insert into STATION values (465, '1', 805, 476129.14, 4447416.03, 30.10);
insert into STATION values (466, '2', 805, 476121.54, 4447428.29, 25.42);
insert into STATION values (467, '3', 805, 476104.69, 4447422.06, 30.06);
insert into STATION values (468, '4', 805, 476099.80, 4447433.16, 28.73);
insert into STATION values (469, '5', 805, 476090.58, 4447428.09, 36.37);
insert into STATION values (470, '6', 805, 476086.58, 4447431.25, 36.47);
insert into STATION values (471, '7', 805, 476090.24, 4447442.65, 43.53);
insert into STATION values (472, '8', 805, 476085.54, 4447452.85, 48.30);
insert into STATION values (473, '9', 805, 476086.71, 4447459.39, 51.98);
insert into STATION values (474, '10', 805, 476083.18, 4447463.48, 52.98);
insert into STATION values (475, '11', 805, 476077.27, 4447466.14, 53.44);
insert into STATION values (476, '12', 805, 476074.98, 4447468.62, 53.32);
insert into STATION values (477, '13', 805, 476074.99, 4447473.07, 56.55);
insert into STATION values (478, '14', 805, 476078.03, 4447437.08, 35.80);
insert into STATION values (479, '100', 805, 476140.29, 4447444.45, 35.17);
insert into STATION values (480, '101', 805, 476156.24, 4447437.04, 44.17);
insert into STATION values (481, '102', 805, 476162.78, 4447443.20, 48.04);
insert into STATION values (482, '103', 805, 476155.78, 4447452.59, 48.12);
insert into STATION values (483, '104', 805, 476154.59, 4447470.18, 44.11);
insert into STATION values (484, '105', 805, 476125.12, 4447477.87, 51.71);
insert into STATION values (485, '106', 805, 476113.97, 4447490.80, 50.93);
insert into STATION values (486, '107', 805, 476106.25, 4447497.21, 50.32);
insert into STATION values (487, '108', 805, 476101.60, 4447504.89, 49.33);
insert into STATION values (488, '109', 805, 476098.07, 4447515.28, 48.96);
insert into STATION values (489, '110', 805, 476091.81, 4447500.44, 56.27);
insert into STATION values (490, '111', 805, 476086.33, 4447505.96, 56.10);
insert into STATION values (491, '112', 805, 476085.36, 4447506.95, 48.23);
insert into STATION values (492, 'A0', 809, 482342.65, 4446993.09, 28.85);
insert into STATION values (493, 'A1', 809, 482343.65, 4446989.66, 31.48);
insert into STATION values (494, 'B0', 809, 482343.65, 4446989.66, 31.48);
insert into STATION values (495, 'A2', 809, 482344.39, 4446983.28, 35.83);
insert into STATION values (496, 'A3', 809, 482347.23, 4446982.02, 38.26);
insert into STATION values (497, 'A4', 809, 482352.47, 4446974.26, 47.28);
insert into STATION values (498, 'A5', 809, 482357.00, 4446971.00, 50.00);
insert into STATION_FLAG values(498, 'ent');
insert into STATION values (499, 'S1-0', 809, 482341.15, 4446996.43, 25.45);
insert into STATION values (500, 'S1-1', 809, 482339.76, 4447004.97, 18.65);
insert into STATION values (501, 'S1-2', 809, 482337.77, 4447012.83, 14.75);
insert into STATION values (502, 'S1-3', 809, 482337.57, 4447015.58, 11.85);
insert into STATION values (503, 'S1-4', 809, 482339.27, 4447032.26, 9.05);
insert into STATION values (504, 'S1-5', 809, 482347.47, 4447037.83, 10.35);
insert into STATION values (505, 'S1-6', 809, 482351.84, 4447038.16, 12.75);
insert into STATION values (506, 'S1-7', 809, 482357.41, 4447037.59, 16.05);
insert into STATION values (507, 'S1-8', 809, 482362.32, 4447034.66, 19.15);
insert into STATION values (508, 'S1-9', 809, 482367.82, 4447036.06, 23.25);
insert into STATION values (509, 'S1-10', 809, 482371.41, 4447042.07, 23.35);
insert into STATION values (510, 'S1-11', 809, 482371.91, 4447047.01, 22.75);
insert into STATION values (511, 'S1-12', 809, 482375.52, 4447056.51, 14.65);
insert into STATION values (512, 'D1', 809, 482352.07, 4446997.85, 36.11);
insert into STATION values (513, 'D2', 809, 482351.30, 4446999.17, 35.57);
insert into STATION values (514, 'D3', 809, 482355.92, 4447002.04, 37.94);
insert into STATION values (515, 'D4', 809, 482357.05, 4447014.77, 30.17);
insert into STATION values (516, 'D5', 809, 482358.40, 4447006.48, 35.06);
insert into STATION values (517, 'D6', 809, 482365.82, 4447009.30, 38.52);
insert into STATION values (518, 'D7', 809, 482377.82, 4447002.03, 50.05);
insert into STATION values (519, 'D8', 809, 482379.43, 4446997.92, 53.53);
insert into STATION values (520, 'D9', 809, 482362.81, 4447015.98, 30.47);
insert into STATION values (521, 'D10', 809, 482359.97, 4447022.06, 27.20);
insert into STATION values (522, 'D11', 809, 482358.24, 4446999.57, 40.21);
insert into STATION values (523, 'D12', 809, 482362.19, 4446996.10, 45.11);
insert into STATION values (524, 'D13', 809, 482362.36, 4446992.12, 48.99);
insert into STATION values (525, 'D14', 809, 482366.52, 4446988.92, 52.00);
insert into STATION values (526, 'D15', 809, 482368.99, 4446990.95, 53.60);
insert into STATION values (527, 'D16', 809, 482366.40, 4446985.28, 54.16);
insert into STATION values (528, 'cairn', 816, 479886.33, 4447869.95, 336.88);
insert into STATION values (529, '1', 816, 479875.89, 4447873.36, 332.09);
insert into STATION values (530, '2', 816, 479871.89, 4447878.71, 329.99);
insert into STATION values (531, '3', 816, 479867.92, 4447883.20, 328.65);
insert into STATION values (532, '4', 816, 479867.83, 4447884.94, 327.16);
insert into STATION values (533, '5', 816, 479859.12, 4447882.41, 320.49);
insert into STATION values (534, '6', 816, 479856.44, 4447878.73, 315.05);
insert into STATION values (535, '7', 816, 479852.84, 4447876.45, 311.57);
insert into STATION values (536, '8', 816, 479848.23, 4447870.53, 306.16);
insert into STATION values (537, '9', 816, 479846.79, 4447867.83, 302.86);
insert into STATION values (538, '10', 816, 479845.48, 4447869.26, 299.90);
insert into STATION values (539, '11', 816, 479844.47, 4447869.71, 294.93);
insert into STATION values (540, '12', 816, 479843.29, 4447870.51, 286.11);
insert into STATION values (541, '13', 816, 479842.12, 4447872.99, 286.71);
insert into STATION values (542, '14', 816, 479835.89, 4447878.29, 293.50);
insert into STATION values (543, '15', 816, 479834.53, 4447878.12, 293.60);
insert into STATION values (544, '16', 816, 479827.85, 4447877.96, 285.46);
insert into STATION values (545, '17', 816, 479827.50, 4447875.64, 285.78);
insert into STATION values (546, '18', 816, 479823.66, 4447876.09, 273.37);
insert into STATION values (547, '19', 816, 479807.80, 4447877.82, 212.84);
insert into STATION values (548, '20', 816, 479807.48, 4447877.81, 217.61);
insert into STATION values (549, '21', 816, 479807.48, 4447877.81, 237.61);
insert into STATION values (550, '22', 816, 479806.34, 4447874.75, 238.28);
insert into STATION values (551, '23', 816, 479803.86, 4447871.99, 240.64);
insert into STATION values (552, '24', 816, 479803.86, 4447871.99, 257.39);
insert into STATION values (553, '25', 816, 479804.49, 4447868.10, 257.34);
insert into STATION values (554, '26', 816, 479808.05, 4447865.92, 262.11);
insert into STATION values (555, '27', 816, 479809.27, 4447865.88, 262.26);
insert into STATION values (556, '28', 816, 479810.20, 4447864.91, 262.19);
insert into STATION values (557, '29', 816, 479813.23, 4447866.08, 262.58);
insert into STATION values (558, '30', 816, 479814.62, 4447865.44, 265.23);
insert into STATION values (559, '31', 816, 479815.97, 4447869.31, 268.08);
insert into STATION values (560, '1000', 816, 479807.86, 4447872.89, 207.24);
insert into STATION values (561, '1001', 816, 479809.94, 4447874.83, 206.02);
insert into STATION values (562, '1002', 816, 479809.64, 4447877.38, 206.51);
insert into STATION values (563, '1003', 816, 479808.60, 4447878.15, 206.47);
insert into STATION values (564, '1004', 816, 479806.98, 4447878.01, 206.73);
insert into STATION values (565, '1005', 816, 479806.67, 4447879.53, 206.53);
insert into STATION values (566, '1006', 816, 479810.55, 4447881.64, 207.02);
insert into STATION values (567, '1007', 816, 479809.89, 4447883.42, 205.02);
insert into STATION values (568, '1008', 816, 479809.32, 4447884.98, 204.24);
insert into STATION values (569, '1009', 816, 479808.02, 4447886.62, 204.41);
insert into STATION values (570, '1010', 816, 479808.74, 4447888.09, 204.95);
insert into STATION values (571, '1011', 816, 479807.76, 4447889.01, 205.05);
insert into STATION values (572, '1012', 816, 479806.71, 4447889.26, 205.13);
insert into STATION values (573, '1013', 816, 479805.88, 4447891.08, 203.98);
insert into STATION values (574, '1014', 816, 479804.39, 4447892.89, 202.98);
insert into STATION values (575, '1015', 816, 479802.64, 4447893.52, 202.67);
insert into STATION values (576, '1016', 816, 479801.88, 4447894.75, 202.24);
insert into STATION values (577, '1017', 816, 479800.71, 4447894.18, 202.94);
insert into STATION values (578, '1018', 816, 479799.39, 4447894.74, 202.32);
insert into STATION values (579, '1019', 816, 479797.11, 4447894.25, 201.67);
insert into STATION values (580, '1020', 816, 479797.04, 4447896.64, 203.78);
insert into STATION values (581, '1021', 816, 479796.43, 4447893.04, 201.94);
insert into STATION values (582, '1022', 816, 479792.46, 4447893.43, 200.90);
insert into STATION values (583, '1023', 816, 479793.81, 4447896.51, 201.00);
insert into STATION values (584, '1024', 816, 479789.60, 4447896.76, 200.97);
insert into STATION values (585, '1025', 816, 479790.64, 4447898.50, 201.70);
insert into STATION values (586, '1026', 816, 479791.75, 4447899.17, 201.07);
insert into STATION values (587, '1027', 816, 479791.84, 4447902.08, 200.53);
insert into STATION values (588, '1028', 816, 479790.15, 4447903.13, 199.82);
insert into STATION values (589, '1029', 816, 479791.20, 4447905.65, 199.90);
insert into STATION values (590, '1030', 816, 479789.76, 4447907.29, 200.05);
insert into STATION values (591, '1031', 816, 479789.43, 4447909.02, 199.32);
insert into STATION values (592, '1032', 816, 479788.27, 4447909.67, 199.84);
insert into STATION values (593, '1033', 816, 479791.63, 4447912.66, 199.12);
insert into STATION values (594, '1034', 816, 479787.61, 4447912.74, 198.86);
insert into STATION values (595, '1035', 816, 479786.73, 4447914.09, 198.37);
insert into STATION values (596, '1036', 816, 479789.93, 4447916.32, 197.65);
insert into STATION values (597, '1037', 816, 479788.92, 4447918.74, 197.60);
insert into STATION values (598, '1038', 816, 479788.74, 4447920.95, 198.05);
insert into STATION values (599, '1039', 816, 479786.58, 4447920.07, 196.51);
insert into STATION values (600, '1040', 816, 479787.32, 4447923.52, 195.44);
insert into STATION values (601, '1041', 816, 479786.52, 4447925.45, 195.84);
insert into STATION values (602, '1042', 816, 479785.84, 4447928.32, 195.63);
insert into STATION values (603, '1043', 816, 479787.74, 4447930.65, 195.06);
insert into STATION values (604, '1044', 816, 479785.95, 4447934.09, 193.86);
insert into STATION values (605, '1045', 816, 479786.57, 4447936.98, 194.04);
insert into STATION values (606, '1046', 816, 479784.51, 4447937.88, 194.26);
insert into STATION values (607, '1047', 816, 479783.91, 4447939.31, 194.52);
insert into STATION values (608, '1048', 816, 479787.44, 4447941.95, 194.49);
insert into STATION values (609, '1049', 816, 479785.08, 4447942.19, 194.32);
insert into STATION values (610, '1050', 816, 479786.69, 4447944.55, 193.31);
insert into STATION values (611, '1051', 816, 479785.59, 4447945.97, 193.26);
insert into STATION values (612, '1052', 816, 479788.73, 4447947.15, 193.43);
insert into STATION values (613, '1053', 816, 479789.19, 4447948.36, 193.57);
insert into STATION values (614, '1054', 816, 479787.02, 4447949.30, 192.85);
insert into STATION values (615, '1055', 816, 479788.75, 4447951.57, 193.33);
insert into STATION values (616, '1056', 816, 479787.43, 4447954.61, 193.37);
insert into STATION values (617, '1057', 816, 479785.06, 4447951.90, 192.64);
insert into STATION values (618, '1058', 816, 479783.51, 4447950.41, 192.58);
insert into STATION values (619, '1059', 816, 479781.07, 4447954.61, 191.69);
insert into STATION values (620, '1060', 816, 479782.80, 4447956.13, 191.78);
insert into STATION values (621, '1061', 816, 479780.69, 4447956.42, 192.28);
insert into STATION values (622, '1062', 816, 479778.69, 4447961.28, 190.73);
insert into STATION values (623, '1063', 816, 479781.35, 4447963.11, 190.52);
insert into STATION values (624, '1064', 816, 479780.90, 4447965.11, 189.63);
insert into STATION values (625, '1065', 816, 479783.28, 4447967.32, 188.55);
insert into STATION values (626, '1066', 816, 479780.70, 4447963.23, 193.12);
insert into STATION values (627, '1067', 816, 479782.67, 4447962.98, 193.57);
insert into STATION values (628, '1068', 816, 479786.08, 4447967.51, 192.38);
insert into STATION values (629, '1069', 816, 479788.49, 4447969.88, 190.58);
insert into STATION values (630, '1070', 816, 479786.58, 4447972.40, 187.63);
insert into STATION values (631, '1071', 816, 479788.66, 4447972.64, 186.40);
insert into STATION values (632, '1072', 816, 479790.63, 4447974.73, 184.65);
insert into STATION values (633, '1073', 816, 479789.32, 4447976.23, 183.00);
insert into STATION values (634, '999', 816, 479809.88, 4447870.46, 207.48);
insert into STATION values (635, '998', 816, 479809.04, 4447869.37, 207.58);
insert into STATION values (636, '997', 816, 479810.06, 4447868.52, 208.28);
insert into STATION values (637, '996', 816, 479811.39, 4447866.51, 208.38);
insert into STATION values (638, '995', 816, 479817.10, 4447863.23, 208.90);
insert into STATION values (639, '994', 816, 479815.00, 4447864.73, 217.43);
insert into STATION values (640, '993', 816, 479814.42, 4447865.26, 240.82);
insert into STATION values (641, '992', 816, 479816.57, 4447863.39, 264.30);
insert into STATION values (642, '991', 816, 479814.69, 4447863.69, 267.75);
insert into STATION values (643, '990', 816, 479815.06, 4447863.58, 270.53);
insert into STATION values (644, 'Dev', 816, 479881.21, 4447865.47, 342.63);
insert into STATION values (645, '0', 816, 479879.00, 4447862.00, 347.00);
insert into STATION_FLAG values(645, 'ent');
insert into STATION values (646, '1074', 816, 479787.83, 4447977.56, 183.94);
insert into STATION values (647, '1075', 816, 479787.86, 4447978.05, 183.98);
insert into STATION values (648, '1076', 816, 479789.31, 4447977.68, 179.85);
insert into STATION values (649, '1077', 816, 479787.98, 4447979.94, 179.29);
insert into STATION values (650, '1078', 816, 479788.55, 4447982.16, 176.14);
insert into STATION values (651, '1079', 816, 479789.62, 4447983.83, 175.47);
insert into STATION values (652, '1080', 816, 479787.41, 4447984.52, 172.71);
insert into STATION values (653, '1081', 816, 479784.33, 4447985.38, 172.87);
insert into STATION values (654, '1082', 816, 479783.12, 4447984.82, 165.28);
insert into STATION values (655, '1083', 816, 479781.38, 4447986.93, 164.82);
insert into STATION values (656, '1084', 816, 479779.98, 4447986.03, 164.37);
insert into STATION values (657, '1085', 816, 479779.72, 4447987.57, 164.17);
insert into STATION values (658, '1086', 816, 479777.73, 4447987.39, 164.29);
insert into STATION values (659, '1087', 816, 479781.25, 4447996.01, 160.30);
insert into STATION values (660, '1088', 816, 479779.86, 4447996.64, 160.40);
insert into STATION values (661, '1089', 816, 479781.50, 4447997.11, 160.55);
insert into STATION values (662, '1090', 816, 479777.52, 4447999.47, 160.25);
insert into STATION values (663, '1091', 816, 479777.26, 4447997.49, 160.14);
insert into STATION values (664, '1092', 816, 479776.70, 4447998.95, 159.99);
insert into STATION values (665, '1093', 816, 479774.79, 4447998.76, 159.65);
insert into STATION values (666, '1094', 816, 479775.82, 4448000.44, 159.41);
insert into STATION values (667, '1095', 816, 479774.28, 4448000.45, 158.83);
insert into STATION values (668, '1096', 816, 479774.06, 4448006.35, 158.29);
insert into STATION values (669, '1097', 816, 479772.95, 4448007.22, 158.06);
insert into STATION values (670, '1098', 816, 479773.87, 4448006.02, 157.92);
insert into STATION values (671, '1099', 816, 479774.41, 4448009.06, 156.40);
insert into STATION values (672, '1100', 816, 479777.74, 4448012.26, 156.05);
insert into STATION values (673, '1101', 816, 479779.09, 4448016.55, 155.69);
insert into STATION values (674, '1102', 816, 479777.54, 4448016.77, 155.60);
insert into STATION values (675, '1103', 816, 479775.19, 4448018.41, 154.47);
insert into STATION values (676, '1104', 816, 479772.54, 4448021.19, 153.46);
insert into STATION values (677, '1105', 816, 479772.93, 4448023.93, 153.64);
insert into STATION values (678, '1106', 816, 479774.06, 4448023.72, 154.24);
insert into STATION values (679, '1107', 816, 479769.37, 4448026.49, 155.76);
insert into STATION values (680, '1108', 816, 479778.56, 4448036.78, 154.55);
insert into STATION values (681, '1109', 816, 479782.35, 4448041.18, 153.92);
insert into STATION values (682, '1110', 816, 479782.25, 4448044.42, 153.78);
insert into STATION values (683, '1111', 816, 479781.93, 4448045.99, 153.96);
insert into STATION values (684, '1112', 816, 479772.24, 4448039.17, 153.65);
insert into STATION values (685, '1113', 816, 479765.45, 4448031.76, 153.25);
insert into STATION values (686, '1114', 816, 479756.32, 4448033.62, 153.41);
insert into STATION values (687, '1115', 816, 479756.25, 4448042.10, 153.30);
insert into STATION values (688, '1116', 816, 479761.67, 4448043.47, 152.62);
insert into STATION values (689, '1117', 816, 479759.42, 4448045.53, 152.94);
insert into STATION values (690, '1118', 816, 479767.29, 4448053.65, 152.51);
insert into STATION values (691, '1119', 816, 479759.37, 4448058.38, 152.31);
insert into STATION values (692, '1120', 816, 479759.77, 4448062.38, 152.18);
insert into STATION values (693, '1121', 816, 479755.37, 4448067.53, 151.97);
insert into STATION values (694, '1122', 816, 479758.17, 4448072.90, 151.72);
insert into STATION values (695, '1123', 816, 479755.39, 4448077.09, 150.61);
insert into STATION values (696, '1124', 816, 479753.03, 4448077.66, 150.64);
insert into STATION values (697, '1125', 816, 479748.77, 4448076.15, 150.18);
insert into STATION values (698, '1126', 816, 479747.52, 4448072.41, 150.23);
insert into STATION values (699, '1127', 816, 479749.05, 4448069.65, 150.09);
insert into STATION values (700, '1128', 816, 479747.79, 4448064.87, 149.47);
insert into STATION values (701, '1129', 816, 479741.73, 4448058.75, 149.56);
insert into STATION values (702, '1130', 816, 479741.57, 4448052.28, 148.59);
insert into STATION values (703, '1131', 816, 479739.50, 4448049.46, 148.10);
insert into STATION values (704, '1132', 816, 479740.28, 4448047.89, 148.88);
insert into STATION values (705, '1133', 816, 479736.34, 4448045.62, 148.75);
insert into STATION values (706, '1134', 816, 479735.94, 4448042.68, 148.35);
insert into STATION values (707, '1135', 816, 479734.68, 4448039.82, 147.81);
insert into STATION values (708, '1136', 816, 479730.41, 4448041.66, 147.94);
insert into STATION values (709, '2000', 816, 479729.00, 4448047.38, 148.14);
insert into STATION values (710, '2001', 816, 479725.97, 4448045.53, 149.13);
insert into STATION values (711, '2002', 816, 479718.80, 4448047.03, 147.68);
insert into STATION values (712, '2003', 816, 479713.44, 4448044.40, 148.64);
insert into STATION values (713, '2004', 816, 479706.91, 4448046.18, 148.19);
insert into STATION values (714, '2005', 816, 479702.95, 4448047.55, 148.36);
insert into STATION values (715, '2006', 816, 479699.48, 4448045.11, 148.25);
insert into STATION values (716, '2007', 816, 479690.07, 4448046.85, 148.02);
insert into STATION values (717, '2008', 816, 479680.79, 4448046.85, 147.89);
insert into STATION values (718, '2009', 816, 479672.79, 4448044.00, 147.66);
insert into STATION values (719, '2010', 816, 479658.39, 4448040.25, 147.04);
insert into STATION values (720, '2011', 816, 479660.13, 4448033.12, 147.59);
insert into STATION values (721, '2012', 816, 479656.28, 4448031.06, 147.79);
insert into STATION values (722, '2013', 816, 479654.09, 4448037.20, 147.25);
insert into STATION values (723, '2014', 816, 479648.37, 4448033.61, 147.50);
insert into STATION values (724, '2015', 816, 479636.89, 4448033.69, 146.76);
insert into STATION values (725, '2016', 816, 479633.73, 4448032.77, 147.13);
insert into STATION values (726, '2017', 816, 479636.09, 4448023.52, 147.55);
insert into STATION values (727, '2018', 816, 479622.68, 4448020.79, 146.50);
insert into STATION values (728, '2019', 816, 479612.34, 4448017.76, 146.59);
insert into STATION values (729, '2020', 816, 479607.34, 4448018.40, 146.33);
insert into STATION values (730, '2021', 816, 479605.67, 4448028.35, 146.36);
insert into STATION values (731, '2022', 816, 479598.18, 4448023.67, 146.11);
insert into STATION values (732, '2023', 816, 479590.09, 4448021.32, 145.89);
insert into STATION values (733, '2024', 816, 479588.02, 4448018.81, 145.66);
insert into STATION values (734, '2025', 816, 479580.54, 4448016.57, 146.65);
insert into STATION values (735, '2026', 816, 479575.22, 4448008.00, 145.59);
insert into STATION values (736, '2027', 816, 479566.72, 4448008.75, 145.72);
insert into STATION values (737, '2028', 816, 479559.56, 4447998.71, 145.98);
insert into STATION values (738, '2029', 816, 479550.93, 4447992.66, 146.31);
insert into STATION values (739, '2030', 816, 479536.74, 4447997.69, 145.84);
insert into STATION values (740, '2031', 816, 479533.47, 4447982.15, 145.39);
insert into STATION values (741, '2032', 816, 479521.12, 4447980.57, 145.09);
insert into STATION values (742, '2033', 816, 479518.87, 4447970.35, 145.46);
insert into STATION values (743, '2034', 816, 479505.68, 4447969.24, 145.48);
insert into STATION values (744, '2035', 816, 479489.25, 4447963.61, 144.78);
insert into STATION values (745, '2036', 816, 479493.11, 4447945.76, 144.62);
insert into STATION values (746, '2037', 816, 479498.64, 4447940.63, 144.24);
insert into STATION values (747, '2038', 816, 479499.27, 4447931.35, 144.50);
insert into STATION values (748, 'A1', 816, 479634.11, 4447879.91, 157.22);
insert into STATION values (749, 'A2', 816, 479629.41, 4447880.93, 156.31);
insert into STATION values (750, 'A3', 816, 479627.49, 4447887.94, 153.83);
insert into STATION values (751, 'A4', 816, 479627.31, 4447890.93, 153.73);
insert into STATION values (752, 'A5', 816, 479623.97, 4447890.15, 153.64);
insert into STATION values (753, 'A6', 816, 479623.34, 4447892.38, 153.72);
insert into STATION values (754, 'A7', 816, 479619.80, 4447889.56, 153.67);
insert into STATION values (755, 'A8', 816, 479618.48, 4447889.30, 153.60);
insert into STATION values (756, 'A9', 816, 479616.36, 4447892.78, 152.28);
insert into STATION values (757, 'A10', 816, 479612.77, 4447892.02, 152.45);
insert into STATION values (758, 'A11', 816, 479611.60, 4447893.95, 152.18);
insert into STATION values (759, 'A12', 816, 479614.19, 4447895.19, 152.15);
insert into STATION values (760, 'A13', 816, 479612.43, 4447898.79, 151.86);
insert into STATION values (761, 'A14', 816, 479609.75, 4447897.46, 151.80);
insert into STATION values (762, 'A15', 816, 479606.78, 4447899.01, 151.71);
insert into STATION values (763, 'A16', 816, 479608.61, 4447902.36, 151.65);
insert into STATION values (764, 'A17', 816, 479608.48, 4447904.78, 151.70);
insert into STATION values (765, 'A18', 816, 479611.40, 4447904.54, 151.32);
insert into STATION values (766, 'A19', 816, 479609.56, 4447910.06, 151.28);
insert into STATION values (767, 'A20', 816, 479607.62, 4447912.06, 151.52);
insert into STATION values (768, 'A21', 816, 479610.57, 4447914.39, 151.87);
insert into STATION values (769, 'A22', 816, 479612.50, 4447912.55, 150.86);
insert into STATION values (770, 'A23', 816, 479614.22, 4447914.81, 150.71);
insert into STATION values (771, 'A24', 816, 479613.96, 4447916.23, 150.26);
insert into STATION values (772, 'A25', 816, 479617.94, 4447914.49, 149.56);
insert into STATION values (773, 'A26', 816, 479619.93, 4447914.61, 149.24);
insert into STATION values (774, 'A27', 816, 479619.29, 4447918.16, 148.93);
insert into STATION values (775, 'A28', 816, 479618.93, 4447919.81, 149.14);
insert into STATION values (776, 'A29', 816, 479622.88, 4447919.71, 149.30);
insert into STATION values (777, 'A30', 816, 479622.37, 4447923.64, 149.22);
insert into STATION values (778, 'A31', 816, 479618.85, 4447925.17, 148.98);
insert into STATION values (779, 'A32', 816, 479617.64, 4447926.75, 149.07);
insert into STATION values (780, 'A33', 816, 479614.87, 4447927.21, 148.70);
insert into STATION values (781, 'A34', 816, 479613.44, 4447931.55, 147.69);
insert into STATION values (782, 'A35', 816, 479608.14, 4447938.94, 146.93);
insert into STATION values (783, 'A36', 816, 479600.74, 4447941.28, 146.87);
insert into STATION values (784, 'A37', 816, 479598.98, 4447939.87, 146.72);
insert into STATION values (785, 'A38', 816, 479595.67, 4447941.60, 146.12);
insert into STATION values (786, 'A39', 816, 479600.76, 4447942.95, 146.59);
insert into STATION values (787, 'A40', 816, 479600.46, 4447947.63, 146.07);
insert into STATION values (788, 'A41', 816, 479596.98, 4447949.09, 145.92);
insert into STATION values (789, 'A42', 816, 479599.69, 4447950.89, 145.50);
insert into STATION values (790, 'A43', 816, 479597.31, 4447954.74, 146.00);
insert into STATION values (791, 'A44', 816, 479596.92, 4447959.62, 145.88);
insert into STATION values (792, 'A45', 816, 479599.27, 4447962.47, 145.38);
insert into STATION values (793, 'A46', 816, 479597.84, 4447964.45, 145.26);
insert into STATION values (794, 'A47', 816, 479601.05, 4447970.68, 144.99);
insert into STATION values (795, 'A48', 816, 479606.03, 4447974.04, 145.47);
insert into STATION values (796, 'A49', 816, 479602.88, 4447976.63, 146.39);
insert into STATION values (797, 'A50', 816, 479600.60, 4447975.87, 146.33);
insert into STATION values (798, 'A51', 816, 479596.08, 4447981.71, 145.88);
insert into STATION values (799, 'A52', 816, 479596.73, 4447990.23, 145.88);
insert into STATION values (800, 'A53', 816, 479591.37, 4447993.61, 146.31);
insert into STATION values (801, 'A54', 816, 479585.36, 4447988.09, 145.62);
insert into STATION values (802, 'A55', 816, 479576.81, 4447998.65, 146.03);
insert into STATION values (803, 'A56', 816, 479579.58, 4448007.05, 146.37);
insert into STATION values (804, '0', 824, 478574.00, 4446622.00, 50.00);
insert into STATION_FLAG values(804, 'ent');
insert into STATION values (805, '1', 824, 478579.19, 4446613.91, 47.82);
insert into STATION values (806, '2', 824, 478586.52, 4446611.24, 46.47);
insert into STATION values (807, '3', 824, 478583.17, 4446606.79, 45.21);
insert into STATION values (808, '4', 824, 478588.57, 4446596.38, 43.19);
insert into STATION values (809, '5', 824, 478578.98, 4446601.57, 43.31);
insert into STATION values (810, '6', 824, 478578.57, 4446606.01, 41.86);
insert into STATION values (811, '7', 824, 478576.26, 4446610.17, 41.60);
insert into STATION values (812, '8', 824, 478574.89, 4446606.02, 40.91);
insert into STATION values (813, '9', 824, 478571.86, 4446607.07, 40.92);
insert into STATION values (814, '10', 824, 478565.30, 4446607.72, 39.10);
insert into STATION values (815, '11', 824, 478562.50, 4446613.31, 40.91);
insert into STATION values (816, '12', 824, 478567.64, 4446605.19, 38.31);
insert into STATION values (817, '13', 824, 478561.09, 4446613.09, 36.11);
insert into STATION values (818, '14', 824, 478588.16, 4446589.73, 45.49);
insert into STATION values (819, '15', 824, 478598.02, 4446609.87, 52.55);
insert into STATION values (820, '16', 824, 478597.80, 4446597.13, 59.90);
insert into STATION values (821, '17', 824, 478607.07, 4446599.55, 64.23);
insert into STATION values (822, '18', 824, 478598.49, 4446622.25, 47.09);
insert into STATION values (823, '19', 824, 478605.48, 4446606.79, 62.53);
insert into STATION values (824, '20', 824, 478598.24, 4446628.50, 47.29);
insert into STATION values (825, '21', 824, 478598.00, 4446637.06, 49.00);
insert into STATION values (826, '22', 824, 478596.22, 4446643.63, 46.53);
insert into STATION values (827, '23', 824, 478591.11, 4446653.71, 43.43);
insert into STATION values (828, '24', 824, 478603.06, 4446625.38, 47.98);
insert into STATION values (829, '25', 824, 478604.84, 4446625.00, 46.45);
insert into STATION values (830, '26', 824, 478606.52, 4446627.40, 43.59);
insert into STATION values (831, '27', 824, 478607.37, 4446627.40, 40.96);
insert into STATION values (832, '28', 824, 478610.18, 4446629.32, 40.30);
insert into STATION values (833, '29', 824, 478609.51, 4446633.07, 39.08);
insert into STATION values (834, '30', 824, 478613.02, 4446638.97, 35.98);
insert into STATION values (835, '31', 824, 478614.05, 4446642.92, 34.55);
insert into STATION values (836, '32', 824, 478615.27, 4446649.65, 35.88);
insert into STATION values (837, '33', 824, 478617.84, 4446653.98, 34.46);
insert into STATION values (838, '34', 824, 478619.32, 4446658.68, 34.17);
insert into STATION values (839, '35', 824, 478621.47, 4446667.14, 33.69);
insert into STATION values (840, '36', 824, 478623.74, 4446667.10, 35.44);
insert into STATION values (841, '37', 824, 478629.84, 4446662.09, 35.89);
insert into STATION values (842, '38', 824, 478636.98, 4446669.16, 33.94);
insert into STATION values (843, '39', 824, 478640.43, 4446674.25, 33.24);
insert into STATION values (844, '40', 824, 478643.41, 4446675.42, 32.97);
insert into STATION values (845, '41', 824, 478647.33, 4446676.83, 34.46);
insert into STATION values (846, '42', 824, 478651.60, 4446672.03, 29.83);
insert into STATION values (847, '43', 824, 478658.49, 4446663.83, 31.80);
insert into STATION values (848, '44', 824, 478644.66, 4446683.40, 39.04);
insert into STATION values (849, '45', 824, 478641.78, 4446690.63, 36.97);
insert into STATION values (850, '46', 824, 478638.30, 4446692.38, 38.15);
insert into STATION values (851, '47', 824, 478636.43, 4446682.14, 43.94);
insert into STATION values (852, '48', 824, 478625.77, 4446676.69, 44.42);
insert into STATION values (853, '49', 824, 478617.27, 4446677.62, 41.97);
insert into STATION values (854, '50', 824, 478610.36, 4446676.47, 41.92);
insert into STATION values (855, '51', 824, 478606.71, 4446680.41, 40.85);
insert into STATION values (856, '52', 824, 478596.50, 4446678.59, 41.34);
insert into STATION values (857, '53', 824, 478595.73, 4446683.17, 41.93);
insert into STATION values (858, '54', 824, 478663.98, 4446657.67, 36.13);
insert into STATION values (859, '55', 824, 478666.16, 4446665.53, 34.42);
insert into STATION values (860, '56', 824, 478670.51, 4446670.28, 33.07);
insert into STATION values (861, '57', 824, 478676.43, 4446671.52, 33.97);
insert into STATION values (862, '58', 824, 478681.98, 4446675.42, 31.43);
insert into STATION values (863, '59', 824, 478687.16, 4446676.37, 28.44);
insert into STATION values (864, '60', 824, 478692.91, 4446671.96, 28.30);
insert into STATION values (865, '61', 824, 478665.70, 4446679.98, 32.43);
insert into STATION values (866, '62', 824, 478671.24, 4446681.27, 35.69);
insert into STATION values (867, '63', 824, 478672.09, 4446683.24, 35.76);
insert into STATION values (868, '64', 824, 478671.73, 4446682.15, 38.98);
insert into STATION values (869, '65', 824, 478676.63, 4446675.94, 38.37);
insert into STATION values (870, '66', 824, 478672.22, 4446674.75, 34.19);
insert into STATION values (871, '67', 824, 478683.55, 4446675.25, 40.60);
insert into STATION values (872, '68', 824, 478682.43, 4446671.16, 40.67);
insert into STATION values (873, '69', 824, 478691.39, 4446669.60, 41.28);
insert into STATION values (874, '70', 824, 478696.76, 4446675.45, 39.99);
insert into STATION values (875, '71', 824, 478700.43, 4446678.20, 39.14);
insert into STATION values (876, '72', 824, 478700.94, 4446671.78, 40.62);
insert into STATION values (877, '73', 824, 478701.59, 4446685.04, 37.67);
insert into STATION values (878, '74', 824, 478705.22, 4446693.77, 33.88);
insert into STATION values (879, '75', 824, 478709.40, 4446691.61, 29.80);
insert into STATION values (880, '76', 824, 478725.80, 4446680.71, 24.04);
insert into STATION values (881, '77', 824, 478740.07, 4446674.08, 18.51);
insert into STATION values (882, '78', 824, 478747.94, 4446663.32, 17.78);
insert into STATION values (883, '79', 824, 478754.05, 4446657.30, 17.12);
insert into STATION values (884, '80', 824, 478755.59, 4446654.87, 17.13);
insert into STATION values (885, '81', 824, 478755.93, 4446644.12, 11.62);
insert into STATION values (886, '82', 824, 478764.68, 4446659.40, 20.23);
insert into STATION values (887, '83', 824, 478773.36, 4446649.51, 21.71);
insert into STATION values (888, '84', 824, 478787.59, 4446628.89, 19.96);
insert into STATION values (889, '85', 824, 478800.60, 4446618.40, 25.13);
insert into STATION values (890, '86', 824, 478808.73, 4446601.34, 22.27);
insert into STATION values (891, '87', 824, 478808.25, 4446584.95, 17.97);
insert into STATION values (892, '88', 824, 478813.62, 4446584.47, 18.63);
insert into STATION values (893, '89', 824, 478820.17, 4446563.84, 19.87);
insert into STATION values (894, '90', 824, 478789.89, 4446585.50, 11.60);
insert into STATION values (895, '91', 824, 478791.82, 4446583.72, 12.80);
insert into STATION values (896, '92', 824, 478808.32, 4446576.13, 15.03);
insert into STATION values (897, '93', 824, 478815.86, 4446577.11, 18.26);
insert into STATION values (898, '94', 824, 478825.69, 4446560.81, 20.69);
insert into STATION values (899, '95', 824, 478830.44, 4446553.84, 24.50);
insert into STATION values (900, '96', 824, 478839.84, 4446547.47, 27.80);
insert into STATION values (901, '97', 824, 478845.16, 4446542.16, 30.62);
insert into STATION values (902, '98', 824, 478856.23, 4446525.43, 30.27);
insert into STATION values (903, '99', 824, 478858.11, 4446526.41, 30.94);
insert into STATION values (904, '100', 824, 478862.91, 4446519.96, 21.56);
insert into STATION values (905, '101', 824, 478866.50, 4446517.97, 20.76);
insert into STATION values (906, '102', 824, 478869.45, 4446518.69, 19.61);
insert into STATION values (907, '103', 824, 478871.40, 4446515.52, 18.23);
insert into STATION values (908, 'A', 824, 478794.80, 4446581.12, 12.09);
insert into STATION values (909, '1001', 824, 478833.64, 4446560.64, 28.56);
insert into STATION values (910, '1002', 824, 478838.62, 4446557.56, 29.78);
insert into STATION values (911, '1003', 824, 478841.00, 4446565.36, 28.25);
insert into STATION values (912, '1004', 824, 478850.07, 4446578.69, 27.12);
insert into STATION values (913, '1005', 824, 478854.97, 4446569.22, 34.00);
insert into STATION values (914, '1006', 824, 478862.62, 4446568.44, 34.42);
insert into STATION values (915, '1007', 824, 478870.11, 4446568.64, 32.01);
insert into STATION values (916, '1008', 824, 478873.74, 4446563.97, 35.20);
insert into STATION values (917, '1009', 824, 478878.07, 4446561.79, 38.79);
insert into STATION values (918, '1010', 824, 478875.23, 4446575.93, 29.00);
insert into STATION values (919, '1011', 824, 478869.31, 4446571.55, 29.34);
insert into STATION values (920, '1012', 824, 478859.71, 4446578.22, 27.20);
insert into STATION values (921, '1013', 824, 478854.00, 4446578.27, 28.72);
insert into STATION values (922, '1014', 824, 478885.15, 4446571.45, 33.40);
insert into STATION values (923, '1015', 824, 478886.73, 4446578.39, 29.01);
insert into STATION values (924, '1016', 824, 478881.02, 4446575.98, 30.02);
insert into STATION values (925, '1017', 824, 478876.65, 4446579.25, 26.81);
insert into STATION values (926, '1015A', 824, 478893.58, 4446580.59, 29.26);
insert into STATION values (927, '1015B', 824, 478890.05, 4446576.61, 29.48);
insert into STATION values (928, '1018', 824, 478892.50, 4446576.89, 30.25);
insert into STATION values (929, '1019', 824, 478895.34, 4446572.91, 31.42);
insert into STATION values (930, '1020', 824, 478905.56, 4446571.61, 33.17);
insert into STATION values (931, '1021', 824, 478910.28, 4446563.23, 32.05);
insert into STATION values (932, '1022', 824, 478916.31, 4446560.75, 36.93);
insert into STATION values (933, '1023', 824, 478923.71, 4446559.25, 35.44);
insert into STATION values (934, '1024', 824, 478931.60, 4446549.66, 31.65);
insert into STATION values (935, '1025', 824, 478928.47, 4446542.72, 32.45);
insert into STATION values (936, '1026', 824, 478909.17, 4446564.62, 32.34);
insert into STATION values (937, '1027', 824, 478908.29, 4446559.61, 34.14);
insert into STATION values (938, '1028', 824, 478904.79, 4446557.51, 37.35);
insert into STATION values (939, '2000', 824, 478890.48, 4446559.36, 41.99);
insert into STATION values (940, '1029', 824, 478896.07, 4446561.55, 40.75);
insert into STATION values (941, '1030', 824, 478852.30, 4446587.60, 23.32);
insert into STATION values (942, '1031', 824, 478855.18, 4446591.66, 23.76);
insert into STATION values (943, '1032', 824, 478860.60, 4446585.18, 29.26);
insert into STATION values (944, '1033', 824, 478877.10, 4446565.72, 36.82);
insert into STATION values (945, '1034', 824, 478885.95, 4446553.44, 42.03);
insert into STATION values (946, '1035', 824, 478838.26, 4446570.50, 22.80);
insert into STATION values (947, '1036', 824, 478837.18, 4446566.25, 27.18);
insert into STATION values (948, '1037', 824, 478835.92, 4446568.79, 26.54);
insert into STATION values (949, '1038', 824, 478831.35, 4446567.40, 24.56);
insert into STATION values (950, '1039', 824, 478826.36, 4446566.35, 24.91);
insert into STATION values (951, '2001', 824, 478894.65, 4446550.29, 47.63);
insert into STATION values (952, '2002', 824, 478902.21, 4446554.89, 48.54);
insert into STATION values (953, '2003', 824, 478905.21, 4446544.94, 54.34);
insert into STATION values (954, '2004', 824, 478915.64, 4446556.49, 53.83);
insert into STATION values (955, '2005', 824, 478922.17, 4446557.02, 54.31);
insert into STATION values (956, '2006', 824, 478930.33, 4446546.34, 64.02);
insert into STATION values (957, '2007', 824, 478933.59, 4446548.72, 62.28);
insert into STATION values (958, '2008', 824, 478939.00, 4446548.79, 57.04);
insert into STATION values (959, '2009', 824, 478952.21, 4446546.60, 51.16);
insert into STATION values (960, '2010', 824, 478961.78, 4446556.60, 46.11);
insert into STATION values (961, '2011', 824, 478975.30, 4446558.66, 48.06);
insert into STATION values (962, '2012', 824, 478980.62, 4446563.48, 42.82);
insert into STATION values (963, '2013', 824, 478989.18, 4446575.99, 38.07);
insert into STATION values (964, '2014', 824, 478992.51, 4446585.60, 39.85);
insert into STATION values (965, '2015', 824, 478984.07, 4446590.49, 39.03);
insert into STATION values (966, '2016', 824, 478983.50, 4446595.36, 38.17);
insert into STATION values (967, '2017', 824, 478971.09, 4446602.62, 38.58);
insert into STATION values (968, '2018', 824, 478962.94, 4446600.19, 38.42);
insert into STATION values (969, '2019', 824, 478967.08, 4446616.43, 36.30);
insert into STATION values (970, '2020', 824, 478968.45, 4446634.60, 36.01);
insert into STATION values (971, '2021', 824, 478985.37, 4446650.89, 27.60);
insert into STATION values (972, '2022', 824, 478991.59, 4446642.20, 25.99);
insert into STATION values (973, '2023', 824, 478997.40, 4446656.03, 25.99);
insert into STATION values (974, '2024', 824, 478976.78, 4446581.74, 40.44);
insert into STATION values (975, '1040', 824, 478908.21, 4446548.76, 41.12);
insert into STATION values (976, '1041', 824, 478913.89, 4446539.86, 39.62);
insert into STATION values (977, '1042', 824, 478922.50, 4446536.31, 40.33);
insert into STATION values (978, '1043', 824, 478926.23, 4446530.57, 42.73);
insert into STATION values (979, '1044', 824, 478924.71, 4446539.52, 44.35);
insert into STATION values (980, '1045', 824, 478924.80, 4446547.96, 43.16);
insert into STATION values (981, '1046', 824, 478926.56, 4446554.17, 47.96);
insert into STATION values (982, '1048', 824, 478921.74, 4446543.38, 43.45);
insert into STATION values (983, '1049', 824, 478925.82, 4446545.49, 44.10);
insert into STATION values (984, '1050', 824, 478929.72, 4446545.79, 43.78);
insert into STATION values (985, '1051', 824, 478931.66, 4446544.53, 44.97);
insert into STATION values (986, '1052', 824, 478935.96, 4446540.85, 47.57);
insert into STATION values (987, '1047', 824, 478929.34, 4446554.79, 47.59);
insert into STATION values (988, '1053', 824, 478931.22, 4446560.11, 37.31);
insert into STATION values (989, '1054', 824, 478931.03, 4446557.14, 40.63);
insert into STATION values (990, '1055', 824, 478932.12, 4446555.56, 41.68);
insert into STATION values (991, '1056', 824, 478935.53, 4446550.96, 31.86);
insert into STATION values (992, '1057', 824, 478941.53, 4446550.24, 34.03);
insert into STATION values (993, '1058', 824, 478941.60, 4446548.87, 34.16);
insert into STATION values (994, '1059', 824, 478949.25, 4446546.41, 35.36);
insert into STATION values (995, '1060', 824, 478955.36, 4446544.71, 35.40);
insert into STATION values (996, '1061', 824, 478957.60, 4446546.86, 32.35);
insert into STATION values (997, '1062', 824, 478959.07, 4446546.92, 34.52);
insert into STATION values (998, '1063', 824, 478959.22, 4446552.97, 34.25);
insert into STATION values (999, '1064', 824, 478958.48, 4446558.25, 31.35);
insert into STATION values (1000, '1065', 824, 478959.07, 4446560.53, 32.03);
insert into STATION values (1001, '1066', 824, 478959.57, 4446561.40, 34.91);
insert into STATION values (1002, '1067', 824, 478956.96, 4446563.50, 35.69);
insert into STATION values (1003, '1068', 824, 478963.10, 4446564.30, 39.65);
insert into STATION values (1004, '1070', 824, 478925.38, 4446564.36, 34.99);
insert into STATION values (1005, '1071', 824, 478924.32, 4446568.46, 35.99);
insert into STATION values (1006, '1072', 824, 478929.94, 4446559.94, 37.68);
insert into STATION values (1007, '1073', 824, 478904.92, 4446565.03, 46.35);
insert into STATION values (1008, '104', 824, 478868.01, 4446514.25, 19.33);
insert into STATION values (1009, '105', 824, 478866.25, 4446517.19, 20.26);
insert into STATION values (1010, '106', 824, 478870.70, 4446513.68, 22.83);
insert into STATION values (1011, '107', 824, 478873.89, 4446508.46, 21.40);
insert into STATION values (1012, '108', 824, 478877.85, 4446502.97, 20.85);
insert into STATION values (1013, '109', 824, 478878.49, 4446502.51, 13.55);
insert into STATION values (1014, '110', 824, 478884.07, 4446492.07, 12.74);
insert into STATION values (1015, '111', 824, 478887.83, 4446489.75, 17.40);
insert into STATION values (1016, '112', 824, 478896.32, 4446474.11, 24.99);
insert into STATION values (1017, '113', 824, 478898.62, 4446471.37, 30.91);
insert into STATION values (1018, '114', 824, 478904.74, 4446458.77, 32.35);
insert into STATION values (1019, '115', 824, 478912.56, 4446442.53, 31.66);
insert into STATION values (1020, '116', 824, 478913.65, 4446438.91, 33.58);
insert into STATION values (1021, '117', 824, 478915.06, 4446436.09, 26.07);
insert into STATION values (1022, '118', 824, 478915.84, 4446428.27, 27.08);
insert into STATION values (1023, '119', 824, 478917.62, 4446424.18, 22.40);
insert into STATION values (1024, '120', 824, 478918.81, 4446423.80, 22.64);
insert into STATION values (1025, '121', 824, 478921.86, 4446417.46, 12.81);
insert into STATION values (1026, '122', 824, 478925.90, 4446420.44, 12.27);
insert into STATION values (1027, '123', 824, 478931.08, 4446431.44, 10.49);
insert into STATION values (1028, '124', 824, 478929.83, 4446415.90, 14.28);
insert into STATION values (1029, '125', 824, 478930.70, 4446411.08, 17.38);
insert into STATION values (1030, '126', 824, 478870.13, 4446514.81, 11.09);
insert into STATION values (1031, '127', 824, 478859.75, 4446524.26, 11.87);
insert into STATION values (1032, '128', 824, 478855.81, 4446526.76, 15.76);
insert into STATION values (1033, '129', 824, 478849.81, 4446536.01, 12.99);
insert into STATION values (1034, '130', 824, 478845.24, 4446541.08, 14.56);
insert into STATION values (1035, '131', 824, 478835.05, 4446556.89, 11.24);
insert into STATION values (1036, '132', 824, 478829.49, 4446562.43, 13.67);
insert into STATION values (1037, '133', 824, 478823.22, 4446567.31, 16.27);
insert into STATION values (1038, '1000', 824, 478823.31, 4446562.27, 18.35);
insert into STATION values (1039, '4000', 824, 478715.74, 4446691.46, 27.39);
insert into STATION values (1040, '4001', 824, 478706.44, 4446687.14, 20.29);
insert into STATION values (1041, '4002', 824, 478702.42, 4446688.83, 19.73);
insert into STATION values (1042, '4003', 824, 478699.63, 4446682.32, 20.55);
insert into STATION values (1043, '4004', 824, 478688.31, 4446689.06, 23.16);
insert into STATION values (1044, '4005', 824, 478685.88, 4446685.51, 19.18);
insert into STATION values (1045, '4005a', 824, 478690.19, 4446673.86, 22.62);
insert into STATION values (1046, '4006', 824, 478682.57, 4446684.94, 12.05);
insert into STATION values (1047, '4007', 824, 478677.23, 4446683.87, 10.62);
insert into STATION values (1048, '4008', 824, 478676.66, 4446678.55, 11.57);
insert into STATION values (1049, '4009', 824, 478663.94, 4446683.43, 3.96);
insert into STATION values (1050, '4010', 824, 478658.18, 4446682.79, 4.72);
insert into STATION values (1051, '4011', 824, 478656.76, 4446684.84, 5.06);
insert into STATION values (1052, '4012', 824, 478651.87, 4446680.33, 7.91);
insert into STATION values (1053, '4013', 824, 478646.44, 4446675.64, 8.24);
insert into STATION values (1054, '4014', 824, 478641.73, 4446671.67, 5.24);
insert into STATION values (1055, '4015', 824, 478639.44, 4446673.22, 5.95);
insert into STATION values (1056, '4016', 824, 478641.58, 4446679.08, 7.33);
insert into STATION values (1057, '4017', 824, 478645.80, 4446681.87, 13.97);
insert into STATION values (1058, '4018', 824, 478648.67, 4446678.68, 14.27);
insert into STATION values (1059, '4019', 824, 478646.18, 4446677.70, 17.28);
insert into STATION values (1060, '4020', 824, 478651.45, 4446673.15, 22.07);
insert into STATION values (1061, '4021', 824, 478650.21, 4446674.60, 24.38);
insert into STATION values (1062, '4022', 824, 478651.93, 4446672.85, 25.13);
insert into STATION values (1063, '4023', 824, 478653.28, 4446673.84, 28.80);
insert into STATION values (1064, '1074', 824, 478970.29, 4446570.03, 33.87);
insert into STATION values (1065, '1075', 824, 478979.30, 4446571.47, 36.84);
insert into STATION values (1066, '1076', 824, 478982.65, 4446569.41, 38.75);
insert into STATION values (1067, '1077', 824, 478988.39, 4446580.16, 38.41);
insert into STATION values (1068, '1078', 824, 478990.23, 4446582.34, 40.15);
insert into STATION values (1069, '1079', 824, 478982.15, 4446588.68, 39.90);
insert into STATION values (1070, '1080', 824, 478979.60, 4446593.16, 38.71);
insert into STATION values (1071, '1081', 824, 478967.77, 4446600.34, 37.40);
insert into STATION values (1072, '1082', 824, 478961.20, 4446594.73, 39.06);
insert into STATION values (1073, '1083', 824, 478961.32, 4446596.02, 35.77);
insert into STATION values (1074, '7001', 824, 478966.19, 4446595.84, 35.11);
insert into STATION values (1075, '7002', 824, 478982.75, 4446597.08, 29.10);
insert into STATION values (1076, '7003', 824, 478993.24, 4446599.02, 25.68);
insert into STATION values (1077, '7004', 824, 478994.43, 4446599.37, 25.45);
insert into STATION values (1078, '7005', 824, 479015.76, 4446593.96, 31.39);
insert into STATION values (1079, '7006', 824, 479013.71, 4446595.58, 39.41);
insert into STATION values (1080, '7007', 824, 478996.45, 4446602.69, 24.23);
insert into STATION values (1081, '7008', 824, 479000.32, 4446602.77, 22.62);
insert into STATION values (1082, '7009', 824, 478955.37, 4446627.83, 31.61);
insert into STATION values (1083, '7010', 824, 478963.92, 4446567.86, 35.01);
insert into STATION values (1084, '7011', 824, 478958.89, 4446569.83, 33.37);
insert into STATION values (1085, '7012', 824, 478955.96, 4446575.94, 31.11);
insert into STATION values (1086, '7013', 824, 478962.64, 4446579.46, 30.94);
insert into STATION values (1087, '7014', 824, 478965.12, 4446582.35, 31.41);
insert into STATION values (1088, '7015', 824, 478971.27, 4446584.04, 33.83);
insert into STATION values (1089, '7016', 824, 478986.67, 4446591.11, 42.50);
insert into STATION values (1090, '7017', 824, 478998.15, 4446593.24, 42.26);
insert into STATION values (1091, '7018', 824, 479000.79, 4446596.26, 39.90);
insert into STATION values (1092, '7019', 824, 479001.75, 4446596.10, 35.30);
insert into STATION values (1093, '7020', 824, 478979.10, 4446562.05, 49.30);
insert into STATION values (1094, '7021', 824, 478983.79, 4446560.65, 50.17);
insert into STATION values (1095, '7022', 824, 478988.62, 4446558.81, 49.18);
insert into STATION values (1096, '7023', 824, 478999.98, 4446563.08, 43.15);
insert into STATION values (1097, '7024', 824, 479005.43, 4446566.52, 41.93);
insert into STATION values (1098, '7025', 824, 479010.17, 4446577.21, 41.83);
insert into STATION values (1099, '7026', 824, 478958.10, 4446553.87, 46.47);
insert into STATION values (1100, '7027', 824, 478951.10, 4446550.46, 44.14);
insert into STATION values (1101, '7028', 824, 478932.87, 4446554.16, 42.58);
insert into STATION values (1102, '7029', 824, 478928.95, 4446552.65, 41.19);
insert into STATION values (1103, '7030', 824, 478928.82, 4446549.88, 38.59);
insert into STATION values (1104, '7031', 824, 478925.68, 4446551.56, 38.92);
insert into STATION values (1105, '7036', 824, 478932.34, 4446547.72, 34.89);
insert into STATION values (1106, '7037', 824, 478939.23, 4446547.30, 33.63);
insert into STATION values (1107, '7032', 824, 478960.62, 4446551.48, 53.72);
insert into STATION values (1108, '7033', 824, 478955.97, 4446551.27, 59.46);
insert into STATION values (1109, '7034', 824, 478948.43, 4446547.27, 54.99);
insert into STATION values (1110, '7035', 824, 478952.43, 4446546.41, 51.20);
insert into STATION values (1111, '8001', 824, 478692.82, 4446684.21, 36.96);
insert into STATION values (1112, '8002', 824, 478694.59, 4446688.12, 39.09);
insert into STATION values (1113, '8003', 824, 478699.09, 4446694.34, 41.05);
insert into STATION values (1114, '8004', 824, 478704.64, 4446696.40, 37.45);
insert into STATION values (1115, '8005', 824, 478707.32, 4446695.93, 35.56);
insert into STATION values (1116, '8006', 824, 478711.80, 4446698.59, 31.53);
insert into STATION values (1117, '8007', 824, 478711.23, 4446695.89, 32.38);
insert into STATION values (1118, '8008', 824, 478708.80, 4446694.80, 26.35);
insert into STATION values (1119, '0', 834, 482761.00, 4445427.00, 0.00);
insert into STATION_FLAG values(1119, 'ent');
insert into STATION values (1120, '1', 834, 482763.88, 4445424.56, -1.60);
insert into STATION values (1121, '2', 834, 482764.69, 4445422.04, -1.65);
insert into STATION values (1122, '3', 834, 482766.73, 4445425.53, -0.01);
insert into STATION values (1123, '4', 834, 482767.99, 4445425.12, 1.23);
insert into STATION values (1124, '5', 834, 482766.89, 4445426.44, 1.23);
insert into STATION values (1125, '6', 834, 482767.57, 4445429.13, 1.08);
insert into STATION values (1126, '7', 834, 482772.26, 4445430.37, 0.91);
insert into STATION values (1127, '8', 834, 482773.66, 4445432.02, -3.35);
insert into STATION values (1128, '9', 834, 482779.67, 4445428.24, -5.79);
insert into STATION values (1129, '10', 834, 482779.55, 4445425.34, -8.69);
insert into STATION values (1130, '11', 834, 482779.09, 4445424.83, -8.69);
insert into STATION values (1131, '12', 834, 482783.32, 4445420.42, -8.80);
insert into STATION values (1132, '13', 834, 482787.14, 4445415.12, -9.26);
insert into STATION values (1133, '14', 834, 482789.71, 4445415.70, -9.12);
insert into STATION values (1134, '15', 834, 482791.24, 4445415.04, -11.68);
insert into STATION values (1135, '16', 834, 482786.80, 4445414.98, -14.79);
insert into STATION values (1136, '17', 834, 482787.65, 4445410.52, -17.74);
insert into STATION values (1137, '18', 834, 482790.49, 4445409.05, -21.83);
insert into STATION values (1138, '19', 834, 482794.47, 4445408.19, -24.00);
insert into STATION values (1139, '20', 834, 482797.16, 4445406.63, -26.61);
insert into STATION values (1140, '21', 834, 482797.72, 4445405.84, -32.11);
insert into STATION values (1141, '22', 834, 482797.57, 4445398.78, -34.68);
insert into STATION values (1142, '21a', 834, 482793.19, 4445408.81, -32.68);
insert into STATION values (1143, '21b', 834, 482792.62, 4445401.15, -36.43);
insert into STATION values (1144, 'MPH1', 834, 482796.00, 4445408.44, -31.89);
insert into STATION values (1145, 'MPH2', 834, 482793.25, 4445410.41, -34.24);
insert into STATION values (1146, 'MPH3', 834, 482792.22, 4445409.70, -34.85);
insert into STATION values (1147, 'MPH4', 834, 482796.95, 4445400.95, -34.20);
insert into STATION values (1148, 'MPH5', 834, 482795.64, 4445408.23, -29.09);
insert into STATION values (1149, 'MPH6', 834, 482796.15, 4445414.66, -27.62);
insert into STATION values (1150, 'MPH7', 834, 482789.60, 4445419.28, -29.48);
insert into STATION values (1151, 'MPH8', 834, 482789.54, 4445421.19, -29.03);
insert into STATION values (1152, 'MPH9', 834, 482786.84, 4445421.45, -29.85);
insert into STATION values (1153, 'MPH10', 834, 482787.12, 4445413.44, -33.56);
insert into STATION values (1154, 'MPH11', 834, 482803.64, 4445407.59, -22.76);
insert into STATION values (1155, 'MPH12', 834, 482807.32, 4445405.86, -19.59);
insert into STATION values (1156, 'MPH13', 834, 482804.32, 4445402.01, -18.25);
insert into STATION values (1157, 'MPH14', 834, 482808.97, 4445400.08, -17.41);
insert into STATION values (1158, 'MPH15', 834, 482812.48, 4445397.70, -16.85);
insert into STATION values (1159, 'MPH16', 834, 482811.14, 4445393.49, -17.65);
insert into STATION values (1160, 'MPH17', 834, 482817.77, 4445386.20, -15.17);
insert into STATION values (1161, 'MPH18', 834, 482819.63, 4445386.61, -15.52);
insert into STATION values (1162, 'MPH19', 834, 482823.61, 4445383.99, -12.98);
insert into STATION values (1163, 'MPH20', 834, 482826.98, 4445380.12, -11.80);
insert into STATION values (1164, 'MPH21', 834, 482831.32, 4445383.29, -12.12);
insert into STATION values (1165, 'MPH22', 834, 482837.31, 4445380.23, -12.14);
insert into STATION values (1166, 'MPH23', 834, 482840.89, 4445378.40, -9.85);
insert into STATION values (1167, 'MPH24', 834, 482845.41, 4445376.57, -9.42);
insert into STATION values (1168, 'MPH25', 834, 482855.22, 4445370.00, -11.87);
insert into STATION values (1169, '0', 838, 478634.00, 4447073.00, 0.00);
insert into STATION_FLAG values(1169, 'ent');
insert into STATION values (1170, '1', 838, 478629.34, 4447074.65, -3.40);
insert into STATION values (1171, '2', 838, 478626.76, 4447073.13, -3.60);
insert into STATION values (1172, '3', 838, 478623.91, 4447073.87, -3.00);
insert into STATION values (1173, '4', 838, 478621.67, 4447070.59, -2.50);
insert into STATION values (1174, '5', 838, 478617.97, 4447067.96, -4.60);
insert into STATION values (1175, '6', 838, 478618.09, 4447069.47, -8.30);
insert into STATION values (1176, '7', 838, 478621.60, 4447073.04, -8.30);
insert into STATION values (1177, '8', 838, 478612.09, 4447075.50, -6.40);
insert into STATION values (1178, '9', 838, 478608.96, 4447074.33, -4.20);
insert into STATION values (1179, '10', 838, 478604.16, 4447072.99, -3.80);
insert into STATION values (1180, '11', 838, 478601.20, 4447073.23, -3.40);
insert into STATION values (1181, '12', 838, 478600.19, 4447075.91, -4.30);
insert into STATION values (1182, '13', 838, 478593.66, 4447080.39, -5.40);
insert into STATION values (1183, '14', 838, 478591.85, 4447086.91, -7.20);
insert into STATION values (1184, '15', 838, 478591.40, 4447091.55, -9.00);
insert into STATION values (1185, '16', 838, 478591.32, 4447101.18, -11.70);
insert into STATION values (1186, '17', 838, 478590.17, 4447113.04, -16.90);
insert into STATION values (1187, '18', 838, 478587.19, 4447123.80, -21.30);
insert into STATION values (1188, '19', 838, 478586.13, 4447127.61, -21.90);
insert into STATION values (1189, '20', 838, 478582.12, 4447133.24, -23.00);
insert into STATION values (1190, '21', 838, 478575.33, 4447132.58, -21.40);
insert into STATION values (1191, '22', 838, 478570.46, 4447132.11, -20.40);
insert into STATION values (1192, '23', 838, 478567.44, 4447138.43, -20.40);
insert into STATION values (1193, '24', 838, 478562.27, 4447149.26, -20.40);
insert into STATION values (1194, '25', 838, 478548.43, 4447157.09, -22.20);
insert into STATION values (1195, '26', 838, 478536.17, 4447189.86, -21.60);
insert into STATION values (1196, '27', 838, 478525.78, 4447200.07, -18.00);
insert into STATION values (1197, '28', 838, 478504.33, 4447196.09, -20.80);
insert into STATION values (1198, '29', 838, 478493.74, 4447198.82, -22.00);
insert into STATION values (1199, '30', 838, 478490.10, 4447211.96, -25.20);
insert into STATION values (1200, '31', 838, 478477.75, 4447215.15, -27.70);
insert into STATION values (1201, '32', 838, 478474.59, 4447223.57, -28.00);
insert into STATION values (1202, '33', 838, 478461.41, 4447232.63, -28.10);
insert into STATION values (1203, '34', 838, 478455.78, 4447228.62, -27.00);
insert into STATION values (1204, '35', 838, 478449.97, 4447230.12, -26.80);
insert into STATION values (1205, '36', 838, 478447.82, 4447234.63, -26.60);
insert into STATION values (1206, '37', 838, 478443.82, 4447249.06, -27.30);
insert into STATION values (1207, '38', 838, 478575.92, 4447138.51, -15.10);
insert into STATION values (1208, '39', 838, 478594.20, 4447143.58, -14.10);
insert into STATION values (1209, '40', 838, 478604.96, 4447145.58, -13.00);
insert into STATION values (1210, '41', 838, 478610.86, 4447149.05, -11.50);
insert into STATION values (1211, '42', 838, 478611.90, 4447141.13, -12.00);
insert into STATION values (1212, '43', 838, 478623.21, 4447143.23, -8.60);
insert into STATION values (1213, '44', 838, 478634.48, 4447146.36, -5.90);
insert into STATION values (1214, '45', 838, 478639.25, 4447152.15, -6.00);
insert into STATION values (1215, '46', 838, 478643.44, 4447152.55, -7.60);
insert into STATION values (1216, '47', 838, 478651.99, 4447154.92, 6.90);
insert into STATION values (1217, '0', 842, 482764.00, 4445438.00, 25.00);
insert into STATION_FLAG values(1217, 'ent');
insert into STATION values (1218, '1', 842, 482773.10, 4445440.08, 26.48);
insert into STATION values (1219, '2', 842, 482776.16, 4445442.82, 37.07);
insert into STATION values (1220, '3', 842, 482771.22, 4445443.96, 46.02);
insert into STATION values (1221, '4', 842, 482768.00, 4445441.65, 48.07);
insert into STATION values (1222, '5', 842, 482763.15, 4445439.18, 51.04);
insert into STATION values (1223, '6', 842, 482771.36, 4445445.34, 44.83);
insert into STATION values (1224, '7', 842, 482771.87, 4445448.56, 45.42);
insert into STATION values (1225, '8', 842, 482772.00, 4445453.95, 47.32);
insert into STATION values (1226, '9', 842, 482773.00, 4445455.79, 46.95);
insert into STATION values (1227, '10', 842, 482769.93, 4445459.08, 46.90);
insert into STATION values (1228, '11', 842, 482770.98, 4445463.27, 48.57);
insert into STATION values (1229, '12', 842, 482770.12, 4445465.13, 48.76);
insert into STATION values (1230, '13', 842, 482771.41, 4445468.91, 48.97);
insert into STATION values (1231, '14', 842, 482775.88, 4445473.31, 50.60);
insert into STATION values (1232, '15', 842, 482778.16, 4445478.53, 50.51);
insert into STATION values (1233, '16', 842, 482780.10, 4445479.16, 50.90);
insert into STATION values (1234, '17', 842, 482781.06, 4445480.66, 50.88);
insert into STATION values (1235, '18', 842, 482784.19, 4445482.26, 51.13);
insert into STATION values (1236, '19', 842, 482783.21, 4445478.06, 51.48);
insert into STATION values (1237, '20', 842, 482785.59, 4445480.08, 51.53);
insert into STATION values (1238, '21', 842, 482786.80, 4445477.62, 52.64);
insert into STATION values (1239, '22', 842, 482796.80, 4445488.42, 51.35);
insert into STATION values (1240, '23', 842, 482799.66, 4445490.51, 50.85);
insert into STATION values (1241, '24', 842, 482816.74, 4445494.52, 53.01);
insert into STATION values (1242, '25', 842, 482817.41, 4445498.82, 49.48);
insert into STATION values (1243, '26', 842, 482819.70, 4445505.36, 46.10);
insert into STATION values (1244, '27', 842, 482816.01, 4445510.79, 42.00);
insert into STATION values (1245, '28', 842, 482814.81, 4445511.42, 34.29);
insert into STATION values (1246, '29', 842, 482828.72, 4445512.66, 33.07);
insert into STATION values (1247, '30', 842, 482835.09, 4445513.35, 30.48);
insert into STATION values (1248, '31', 842, 482853.87, 4445511.77, 32.13);
insert into STATION values (1249, '32', 842, 482853.63, 4445509.43, 32.08);
insert into STATION values (1250, '33', 842, 482853.23, 4445508.02, 20.17);
insert into STATION values (1251, '34', 842, 482817.42, 4445511.43, 30.17);
insert into STATION values (1252, '35', 842, 482809.08, 4445507.85, 29.06);
insert into STATION values (1253, '0', 847, 479551.34, 4447229.24, 343.14);
insert into STATION values (1254, '1', 847, 479555.85, 4447234.54, 337.72);
insert into STATION values (1255, '2', 847, 479544.80, 4447230.98, 336.76);
insert into STATION values (1256, '3', 847, 479545.81, 4447224.64, 373.55);
insert into STATION values (1257, '4', 847, 479549.98, 4447222.26, 375.87);
insert into STATION values (1258, '5', 847, 479547.00, 4447215.00, 384.00);
insert into STATION_FLAG values(1258, 'ent');
insert into STATION values (1259, 'ENT_107001', 789, 482449.00, 4444663.00, 40.00);
insert into STATION_FLAG values(1259, 'fix');
insert into STATION values (1260, 'ENT_107002', 789, 478634.00, 4447073.00, 0.00);
insert into STATION_FLAG values(1260, 'fix');
insert into STATION values (1261, 'ENT_107003', 789, 478906.00, 4446437.00, 0.00);
insert into STATION_FLAG values(1261, 'fix');
insert into STATION values (1262, 'ENT_107004', 789, 482761.00, 4445427.00, 0.00);
insert into STATION_FLAG values(1262, 'fix');
insert into STATION values (1263, 'ENT_107005', 789, 479065.00, 4447905.00, 436.00);
insert into STATION_FLAG values(1263, 'fix');
insert into STATION values (1264, 'ENT_107006', 789, 479490.00, 4447336.00, 361.00);
insert into STATION_FLAG values(1264, 'fix');
insert into STATION values (1265, 'ENT_107007', 789, 479389.00, 4447402.00, 311.00);
insert into STATION_FLAG values(1265, 'fix');
insert into STATION values (1266, 'ENT_107008', 789, 479490.00, 4447336.00, 0.00);
insert into STATION_FLAG values(1266, 'fix');
insert into STATION values (1267, 'ENT_107009', 789, 479556.00, 4447204.00, 380.00);
insert into STATION_FLAG values(1267, 'fix');
insert into STATION values (1268, 'ENT_107010', 789, 478796.00, 4448311.00, 420.00);
insert into STATION_FLAG values(1268, 'fix');
insert into STATION values (1269, 'ENT_107011', 789, 476133.00, 4447399.00, 39.00);
insert into STATION_FLAG values(1269, 'fix');
insert into STATION values (1270, 'ENT_107012', 789, 482764.00, 4445438.00, 25.00);
insert into STATION_FLAG values(1270, 'fix');
insert into STATION values (1271, 'ENT_107013', 789, 478876.00, 4447299.00, 106.00);
insert into STATION_FLAG values(1271, 'fix');
insert into STATION values (1272, 'ENT_107014', 789, 482357.00, 4446971.00, 50.00);
insert into STATION_FLAG values(1272, 'fix');
insert into STATION values (1273, 'ENT_107015', 789, 480135.00, 4447658.00, 411.00);
insert into STATION_FLAG values(1273, 'fix');
insert into STATION values (1274, 'ENT_107016', 789, 480211.00, 4447632.00, 429.00);
insert into STATION_FLAG values(1274, 'fix');
insert into STATION values (1275, 'ENT_107017', 789, 482762.00, 4445436.00, 0.00);
insert into STATION_FLAG values(1275, 'fix');
insert into STATION values (1276, 'ENT_107018', 789, 482762.00, 4445436.00, 0.00);
insert into STATION_FLAG values(1276, 'fix');
insert into STATION values (1277, 'ENT_107019', 789, 479879.00, 4447862.00, 347.00);
insert into STATION_FLAG values(1277, 'fix');
insert into STATION values (1278, 'ENT_107020', 789, 479373.00, 4446955.00, 387.00);
insert into STATION_FLAG values(1278, 'fix');
insert into STATION values (1279, 'ENT_107021', 789, 479569.00, 4447160.00, 387.00);
insert into STATION_FLAG values(1279, 'fix');
insert into STATION values (1280, 'ENT_107022', 789, 479547.00, 4447215.00, 384.00);
insert into STATION_FLAG values(1280, 'fix');
insert into STATION values (1281, 'ENT_107023', 789, 479795.00, 4447413.00, 405.00);
insert into STATION_FLAG values(1281, 'fix');
insert into STATION values (1282, 'ENT_107024', 789, 479591.00, 4447357.00, 383.00);
insert into STATION_FLAG values(1282, 'fix');
insert into STATION values (1283, 'ENT_107025', 789, 478700.00, 4446570.00, 0.00);
insert into STATION_FLAG values(1283, 'fix');
insert into STATION values (1284, 'ENT_107026', 789, 477817.00, 4446753.00, 60.00);
insert into STATION_FLAG values(1284, 'fix');
insert into STATION values (1285, 'ENT_107027', 789, 477795.00, 4446685.00, 60.00);
insert into STATION_FLAG values(1285, 'fix');
insert into STATION values (1286, 'ENT_107028', 789, 482804.00, 4447950.00, 369.00);
insert into STATION_FLAG values(1286, 'fix');
insert into STATION values (1287, 'ENT_107029', 789, 482664.00, 4447782.00, 362.00);
insert into STATION_FLAG values(1287, 'fix');
insert into STATION values (1288, 'ENT_107030', 789, 478605.00, 4447058.00, 0.00);
insert into STATION_FLAG values(1288, 'fix');
insert into STATION values (1289, 'ENT_107031', 789, 478574.00, 4446622.00, 50.00);
insert into STATION_FLAG values(1289, 'fix');
insert into STATION values (1290, '0', 858, 484181.39, 4446705.09, 369.68);
insert into STATION values (1291, '1', 858, 484181.02, 4446699.68, 369.36);
insert into STATION values (1292, '2', 858, 484187.24, 4446691.62, 369.68);
insert into STATION values (1293, '3', 858, 484188.08, 4446688.82, 369.40);
insert into STATION values (1294, '4', 858, 484190.43, 4446686.68, 370.49);
insert into STATION values (1295, '5', 858, 484190.61, 4446691.09, 373.94);
insert into STATION values (1296, '6', 858, 484186.09, 4446694.54, 375.85);
insert into STATION values (1297, '7', 858, 484186.76, 4446699.75, 376.97);
insert into STATION values (1298, '8', 858, 484207.67, 4446696.03, 357.30);
insert into STATION values (1299, '9', 858, 484211.75, 4446699.18, 357.26);
insert into STATION values (1300, '10', 858, 484206.03, 4446692.97, 358.25);
insert into STATION values (1301, '11', 858, 484207.14, 4446701.62, 359.47);
insert into STATION values (1302, '12', 858, 484201.80, 4446688.64, 359.24);
insert into STATION values (1303, '13', 858, 484195.72, 4446690.31, 368.25);
insert into STATION values (1304, '14', 858, 484194.45, 4446689.59, 369.31);
insert into STATION values (1305, '15', 858, 484192.07, 4446686.11, 370.45);
insert into STATION values (1306, '16', 858, 484180.12, 4446702.63, 369.25);
insert into STATION values (1307, '17', 858, 484181.02, 4446705.57, 375.54);
insert into STATION values (1308, '18', 858, 484180.65, 4446706.20, 375.68);
insert into STATION values (1309, '19', 858, 484179.00, 4446707.42, 377.11);
insert into STATION values (1310, '20', 858, 484177.66, 4446706.75, 377.01);
insert into STATION values (1311, '21', 858, 484176.28, 4446711.64, 380.19);
insert into STATION values (1312, '22', 858, 484174.49, 4446723.37, 378.39);
insert into STATION values (1313, '23', 858, 484172.23, 4446730.92, 379.78);
insert into STATION values (1314, '24', 858, 484170.67, 4446732.16, 379.63);
insert into STATION values (1315, '25', 858, 484165.98, 4446729.59, 379.90);
insert into STATION values (1316, '26', 858, 484166.57, 4446735.97, 380.46);
insert into STATION values (1317, '27', 858, 484162.69, 4446742.51, 381.66);
insert into STATION values (1318, '28', 858, 484159.12, 4446743.62, 383.09);
insert into STATION values (1319, '29', 858, 484155.58, 4446748.21, 383.09);
insert into STATION values (1320, '30', 858, 484154.68, 4446750.25, 385.40);
insert into STATION values (1321, '31', 858, 484150.86, 4446753.61, 398.01);
insert into STATION values (1322, '32', 858, 484147.99, 4446761.63, 401.48);
insert into STATION values (1323, '33', 858, 484150.00, 4446766.00, 406.00);
insert into STATION_FLAG values(1323, 'ent');
insert into STATION values (1324, '0', 862, 484239.44, 4447306.33, 225.84);
insert into STATION values (1325, '1', 862, 484238.98, 4447304.38, 226.25);
insert into STATION values (1326, '2', 862, 484242.08, 4447301.16, 227.51);
insert into STATION values (1327, '3', 862, 484242.04, 4447290.33, 230.25);
insert into STATION values (1328, '4', 862, 484250.63, 4447281.28, 238.48);
insert into STATION values (1329, '5', 862, 484247.02, 4447272.63, 239.94);
insert into STATION values (1330, '6', 862, 484243.82, 4447272.49, 236.99);
insert into STATION values (1331, '7', 862, 484241.96, 4447272.18, 234.67);
insert into STATION values (1332, '8', 862, 484238.12, 4447270.53, 233.56);
insert into STATION values (1333, '9', 862, 484236.31, 4447275.87, 228.36);
insert into STATION values (1334, '10', 862, 484226.50, 4447284.07, 222.75);
insert into STATION values (1335, '11', 862, 484222.40, 4447291.16, 219.89);
insert into STATION values (1336, '12', 862, 484218.61, 4447294.98, 219.22);
insert into STATION values (1337, '13', 862, 484261.59, 4447268.36, 243.66);
insert into STATION values (1338, '14', 862, 484263.67, 4447245.85, 261.83);
insert into STATION values (1339, '15', 862, 484269.70, 4447226.81, 274.12);
insert into STATION values (1340, '16', 862, 484270.19, 4447212.73, 287.59);
insert into STATION values (1341, '17', 862, 484274.15, 4447200.54, 303.01);
insert into STATION values (1342, '18', 862, 484277.04, 4447191.25, 313.52);
insert into STATION values (1343, '19', 862, 484282.67, 4447180.38, 329.83);
insert into STATION values (1344, '20', 862, 484287.38, 4447172.20, 338.33);
insert into STATION values (1345, '21', 862, 484288.54, 4447167.32, 344.53);
insert into STATION values (1346, '22', 862, 484289.37, 4447164.19, 347.99);
insert into STATION values (1347, '23', 862, 484293.79, 4447158.96, 357.09);
insert into STATION values (1348, '24', 862, 484295.00, 4447150.00, 365.00);
insert into STATION values (1349, '25', 862, 484295.00, 4447150.00, 365.00);
insert into STATION_FLAG values(1349, 'ent');
insert into STATION values (1350, '0', 866, 484396.00, 4447498.00, 294.00);
insert into STATION_FLAG values(1350, 'ent');
insert into STATION values (1351, '1', 866, 484392.15, 4447498.60, 291.23);
insert into STATION values (1352, '2', 866, 484387.10, 4447501.80, 286.23);
insert into STATION values (1353, '3', 866, 484382.49, 4447504.73, 282.58);
insert into STATION values (1354, '4', 866, 484382.95, 4447510.89, 276.82);
insert into STATION values (1355, '5', 866, 484382.42, 4447518.82, 272.23);
insert into STATION values (1356, '6', 866, 484374.48, 4447528.85, 261.38);
insert into STATION values (1357, '7', 866, 484375.87, 4447536.04, 254.25);
insert into STATION values (1358, '8', 866, 484375.13, 4447536.86, 250.41);
insert into STATION values (1359, '9', 866, 484365.60, 4447538.00, 243.96);
insert into STATION values (1360, '10', 866, 484362.35, 4447541.63, 240.10);
insert into STATION values (1361, '11', 866, 484355.58, 4447543.98, 237.40);
insert into STATION values (1362, '12', 866, 484351.99, 4447546.84, 235.40);
insert into STATION values (1363, '13', 866, 484347.74, 4447549.38, 231.87);
insert into STATION values (1364, '14', 866, 484342.99, 4447555.04, 225.77);
insert into STATION values (1365, '15', 866, 484341.33, 4447562.61, 220.63);
insert into STATION values (1366, '16', 866, 484341.99, 4447569.15, 216.06);
insert into STATION values (1367, '17', 866, 484345.53, 4447576.52, 215.04);
insert into STATION values (1368, '18', 866, 484343.56, 4447583.04, 209.37);
insert into STATION values (1369, '19', 866, 484343.55, 4447589.50, 205.46);
insert into STATION values (1370, '20', 866, 484342.96, 4447602.13, 200.73);
insert into STATION values (1371, '21', 866, 484342.94, 4447615.36, 196.76);
insert into STATION values (1372, '22', 866, 484338.40, 4447616.39, 195.36);
insert into STATION values (1373, '23', 866, 484334.41, 4447616.62, 191.52);
insert into STATION values (1374, '24', 866, 484333.46, 4447620.61, 189.40);
insert into STATION values (1375, '26', 866, 484335.74, 4447636.27, 177.82);
insert into STATION values (1376, '25', 866, 484334.08, 4447633.66, 178.90);
insert into STATION values (1377, '27', 866, 484329.12, 4447644.82, 173.88);
insert into STATION values (1378, '28', 866, 484330.57, 4447646.73, 173.76);
insert into STATION values (1379, '29', 866, 484329.34, 4447652.63, 170.41);
insert into STATION values (1380, '30', 866, 484325.93, 4447655.96, 168.09);
insert into STATION values (1381, '31', 866, 484325.40, 4447661.15, 164.57);
insert into STATION values (1382, '32', 866, 484326.18, 4447666.57, 163.40);
insert into STATION values (1383, '33', 866, 484323.22, 4447676.42, 157.22);
insert into STATION values (1384, '34', 866, 484322.17, 4447685.19, 152.53);
insert into STATION values (1385, '35', 866, 484318.74, 4447691.19, 151.43);
insert into STATION values (1386, '36', 866, 484320.07, 4447696.83, 149.88);
insert into STATION values (1387, '37', 866, 484315.29, 4447710.88, 143.88);
insert into STATION values (1388, '38', 866, 484338.31, 4447685.33, 166.13);
insert into STATION values (1389, '39', 866, 484339.09, 4447681.24, 170.44);
insert into STATION values (1390, '40', 866, 484345.80, 4447677.79, 177.00);
insert into STATION values (1391, 'ENT_108001', 856, 484150.00, 4446766.00, 406.00);
insert into STATION_FLAG values(1391, 'fix');
insert into STATION values (1392, 'ENT_108002', 856, 484295.00, 4447150.00, 365.00);
insert into STATION_FLAG values(1392, 'fix');
insert into STATION values (1393, 'ENT_108003', 856, 484486.00, 4447573.00, 0.00);
insert into STATION_FLAG values(1393, 'fix');
insert into STATION values (1394, 'ENT_108004', 856, 484396.00, 4447498.00, 294.00);
insert into STATION_FLAG values(1394, 'fix');
insert into STATION values (1395, 'ENT_108005', 856, 484535.00, 4448170.00, 198.00);
insert into STATION_FLAG values(1395, 'fix');
insert into STATION values (1396, 'ENT_108006', 856, 484595.00, 4448213.00, 180.00);
insert into STATION_FLAG values(1396, 'fix');
insert into STATION values (1397, 'ENT_108007', 856, 484633.00, 4448258.00, 191.00);
insert into STATION_FLAG values(1397, 'fix');
insert into STATION values (1398, 'ENT_108008', 856, 484956.00, 4448483.00, 220.00);
insert into STATION_FLAG values(1398, 'fix');
insert into STATION values (1399, 'ENT_108009', 856, 485157.00, 4448585.00, 225.00);
insert into STATION_FLAG values(1399, 'fix');
insert into STATION values (1400, 'ENT_108010', 856, 485495.00, 4447616.00, 317.00);
insert into STATION_FLAG values(1400, 'fix');
insert into STATION values (1401, 'ENT_108011', 856, 486016.00, 4447774.00, 290.00);
insert into STATION_FLAG values(1401, 'fix');
insert into STATION values (1402, 'ENT_108012', 856, 483835.00, 4446220.00, 417.00);
insert into STATION_FLAG values(1402, 'fix');
insert into STATION values (1403, 'ENT_108013', 856, 484396.00, 4447498.00, 350.00);
insert into STATION_FLAG values(1403, 'fix');
insert into STATION values (1404, 'ENT_108014', 856, 486742.00, 4448369.00, 15.00);
insert into STATION_FLAG values(1404, 'fix');
insert into STATION values (1405, '1.0', 875, 485621.60, 4444768.28, 45.50);
insert into STATION values (1406, '1.1', 875, 485618.00, 4444774.00, 60.00);
insert into STATION_FLAG values(1406, 'ent');
insert into STATION values (1407, '1.2', 875, 485611.35, 4444784.56, 66.36);
insert into STATION values (1408, '1.3', 875, 485604.22, 4444788.16, 66.64);
insert into STATION values (1409, '2.1', 875, 485618.00, 4444774.00, 60.00);
insert into STATION values (1410, '2.2', 875, 485615.58, 4444790.79, 58.81);
insert into STATION values (1411, '2.3', 875, 485615.11, 4444803.03, 48.53);
insert into STATION values (1412, '2.4', 875, 485607.25, 4444811.40, 42.43);
insert into STATION values (1413, '2.5', 875, 485591.38, 4444827.73, 45.63);
insert into STATION values (1414, '2.6', 875, 485575.74, 4444841.71, 44.53);
insert into STATION values (1415, '2.7', 875, 485574.06, 4444843.26, 33.77);
insert into STATION values (1416, '2.8', 875, 485557.94, 4444856.70, 34.50);
insert into STATION values (1417, '2.9', 875, 485541.24, 4444870.13, 39.45);
insert into STATION values (1418, '2.10', 875, 485532.42, 4444879.51, 41.26);
insert into STATION values (1419, '2.11', 875, 485530.96, 4444878.73, 49.08);
insert into STATION values (1420, '2.12', 875, 485530.35, 4444878.67, 54.05);
insert into STATION values (1421, '2.13', 875, 485515.39, 4444891.14, 61.91);
insert into STATION values (1422, '2.14', 875, 485515.05, 4444891.06, 66.90);
insert into STATION values (1423, '2.15', 875, 485512.82, 4444888.90, 64.38);
insert into STATION values (1424, '2.16', 875, 485512.19, 4444881.31, 66.86);
insert into STATION values (1425, '2.17', 875, 485510.03, 4444878.21, 71.52);
insert into STATION values (1426, '2.18', 875, 485505.29, 4444872.72, 74.90);
insert into STATION values (1427, '2.19', 875, 485506.03, 4444872.32, 76.71);
insert into STATION values (1428, '2.20', 875, 485504.42, 4444873.40, 76.23);
insert into STATION values (1429, '2.21', 875, 485497.01, 4444878.35, 74.98);
insert into STATION values (1430, '3.1', 875, 485573.39, 4444841.86, 27.97);
insert into STATION values (1431, 'E12', 879, 485649.00, 4444763.00, 53.00);
insert into STATION_FLAG values(1431, 'ent');
insert into STATION values (1432, 'J1', 879, 485647.34, 4444775.62, 53.14);
insert into STATION values (1433, 'J2', 879, 485646.27, 4444784.20, 54.79);
insert into STATION values (1434, 'J2A', 879, 485635.35, 4444792.07, 56.75);
insert into STATION values (1435, 'J2B', 879, 485630.26, 4444793.39, 56.75);
insert into STATION values (1436, 'J3', 879, 485646.69, 4444795.63, 53.18);
insert into STATION values (1437, 'J4', 879, 485643.72, 4444817.85, 44.62);
insert into STATION values (1438, 'J5', 879, 485633.66, 4444829.48, 42.82);
insert into STATION values (1439, 'J6', 879, 485625.30, 4444841.54, 42.00);
insert into STATION values (1440, 'J7', 879, 485623.64, 4444848.67, 36.68);
insert into STATION values (1441, 'J8', 879, 485613.81, 4444852.00, 43.85);
insert into STATION values (1442, 'J9', 879, 485605.89, 4444853.61, 45.77);
insert into STATION values (1443, 'J10', 879, 485602.24, 4444860.22, 40.96);
insert into STATION values (1444, 'J11', 879, 485596.06, 4444871.20, 35.84);
insert into STATION values (1445, 'J12', 879, 485586.35, 4444877.68, 36.29);
insert into STATION values (1446, 'J13', 879, 485564.52, 4444892.51, 39.06);
insert into STATION values (1447, 'J14', 879, 485559.22, 4444899.17, 39.85);
insert into STATION values (1448, 'J15', 879, 485553.96, 4444898.76, 44.05);
insert into STATION values (1449, 'J16', 879, 485548.95, 4444899.50, 49.58);
insert into STATION values (1450, 'J17', 879, 485540.48, 4444900.98, 53.84);
insert into STATION values (1451, 'J18', 879, 485535.08, 4444910.74, 53.32);
insert into STATION values (1452, 'J19', 879, 485527.24, 4444913.23, 54.21);
insert into STATION values (1453, 'J20', 879, 485523.26, 4444908.69, 54.39);
insert into STATION values (1454, 'J21', 879, 485516.93, 4444903.88, 58.69);
insert into STATION values (1455, 'J22', 879, 485517.13, 4444897.88, 60.79);
insert into STATION values (1456, 'J23', 879, 485519.60, 4444893.39, 60.45);
insert into STATION values (1457, 'J24', 879, 485517.30, 4444889.20, 64.41);
insert into STATION values (1458, 'J25', 879, 485516.16, 4444888.70, 65.34);
insert into STATION values (1459, 'J26', 879, 485509.18, 4444892.02, 65.27);
insert into STATION values (1460, 'A0', 879, 485508.85, 4444891.97, 65.00);
insert into STATION values (1461, 'A1', 879, 485505.34, 4444897.07, 59.14);
insert into STATION values (1462, 'A2', 879, 485508.68, 4444891.25, 55.45);
insert into STATION values (1463, 'A3', 879, 485504.67, 4444883.76, 62.08);
insert into STATION values (1464, 'A4', 879, 485500.92, 4444891.07, 64.60);
insert into STATION values (1465, 'A5', 879, 485488.79, 4444909.32, 53.86);
insert into STATION values (1466, 'A6', 879, 485481.95, 4444907.32, 53.07);
insert into STATION values (1467, 'A7', 879, 485474.49, 4444906.79, 60.69);
insert into STATION values (1468, 'A8', 879, 485466.94, 4444908.68, 58.70);
insert into STATION values (1469, 'A9', 879, 485458.84, 4444913.79, 64.97);
insert into STATION values (1470, 'A10', 879, 485453.30, 4444917.68, 62.48);
insert into STATION values (1471, 'A11', 879, 485451.41, 4444919.70, 62.29);
insert into STATION values (1472, 'B1', 879, 485504.37, 4444899.71, 59.34);
insert into STATION values (1473, 'B2', 879, 485520.16, 4444894.71, 57.83);
insert into STATION values (1474, 'B21', 879, 485525.06, 4444898.03, 52.62);
insert into STATION values (1475, 'B3', 879, 485519.59, 4444896.73, 57.59);
insert into STATION values (1476, 'B4', 879, 485515.84, 4444903.93, 59.06);
insert into STATION values (1477, 'S0', 879, 485431.34, 4444941.37, 31.87);
insert into STATION values (1478, 'S1', 879, 485435.63, 4444931.72, 33.92);
insert into STATION values (1479, 'S2', 879, 485440.12, 4444921.89, 37.25);
insert into STATION values (1480, 'S3', 879, 485441.50, 4444918.24, 39.90);
insert into STATION values (1481, 'S4', 879, 485444.42, 4444919.08, 51.12);
insert into STATION values (1482, '171', 879, 485545.23, 4444893.78, 57.40);
insert into STATION values (1483, '172', 879, 485544.91, 4444886.72, 61.25);
insert into STATION values (1484, '173', 879, 485549.08, 4444887.59, 60.27);
insert into STATION values (1485, '174', 879, 485551.18, 4444883.38, 59.12);
insert into STATION values (1486, '175', 879, 485556.84, 4444878.01, 56.84);
insert into STATION values (1487, '176', 879, 485559.23, 4444876.46, 54.67);
insert into STATION values (1488, '176A', 879, 485565.44, 4444874.07, 60.46);
insert into STATION values (1489, '176B', 879, 485568.05, 4444873.94, 54.60);
insert into STATION values (1490, '176C', 879, 485565.52, 4444872.10, 60.11);
insert into STATION values (1491, '176D', 879, 485565.52, 4444872.10, 58.66);
insert into STATION values (1492, '176E', 879, 485562.81, 4444873.08, 57.26);
insert into STATION values (1493, '176F', 879, 485562.47, 4444874.25, 56.00);
insert into STATION values (1494, '176G', 879, 485559.08, 4444875.34, 55.56);
insert into STATION values (1495, '176H', 879, 485564.87, 4444877.38, 52.82);
insert into STATION values (1496, '176I', 879, 485572.60, 4444881.35, 43.16);
insert into STATION values (1497, '176J', 879, 485559.04, 4444877.65, 54.67);
insert into STATION values (1498, '176K', 879, 485560.03, 4444887.43, 47.79);
insert into STATION values (1499, '177', 879, 485552.29, 4444882.42, 52.13);
insert into STATION values (1500, '178', 879, 485551.85, 4444888.43, 52.45);
insert into STATION values (1501, 'CV', 879, 485554.93, 4444897.49, 41.82);
insert into STATION values (1502, '179', 879, 485546.16, 4444884.18, 54.23);
insert into STATION values (1503, '180', 879, 485540.86, 4444883.82, 60.15);
insert into STATION values (1504, '181', 879, 485535.84, 4444881.90, 62.19);
insert into STATION values (1505, '182', 879, 485515.72, 4444887.94, 65.07);
insert into STATION values (1506, '183', 879, 485519.03, 4444887.65, 65.39);
insert into STATION values (1507, '184', 879, 485522.50, 4444887.24, 65.29);
insert into STATION values (1508, '185', 879, 485526.11, 4444882.45, 66.63);
insert into STATION values (1509, '186', 879, 485529.97, 4444878.61, 67.85);
insert into STATION values (1510, '187', 879, 485534.42, 4444883.54, 67.68);
insert into STATION values (1511, '188', 879, 485526.82, 4444889.22, 69.70);
insert into STATION values (1512, '189', 879, 485540.87, 4444883.70, 63.33);
insert into STATION values (1513, '190', 879, 485539.85, 4444878.36, 64.59);
insert into STATION values (1514, '181B', 879, 485532.06, 4444886.55, 62.08);
insert into STATION values (1515, '181C', 879, 485526.55, 4444888.04, 62.28);
insert into STATION values (1516, '181D', 879, 485524.14, 4444893.94, 60.57);
insert into STATION values (1517, '191', 879, 485535.62, 4444872.04, 68.81);
insert into STATION values (1518, '192', 879, 485536.82, 4444865.97, 69.68);
insert into STATION values (1519, '193', 879, 485529.38, 4444861.98, 72.43);
insert into STATION values (1520, '194', 879, 485524.56, 4444862.04, 72.59);
insert into STATION values (1521, '195', 879, 485519.58, 4444861.41, 72.07);
insert into STATION values (1522, '196', 879, 485514.07, 4444861.88, 72.94);
insert into STATION values (1523, '197', 879, 485514.63, 4444857.40, 74.58);
insert into STATION values (1524, '198', 879, 485510.98, 4444855.36, 75.32);
insert into STATION values (1525, 'E0', 879, 485669.93, 4444780.04, 38.32);
insert into STATION values (1526, 'E1', 879, 485667.68, 4444773.01, 39.49);
insert into STATION values (1527, 'E2', 879, 485674.15, 4444782.59, 37.45);
insert into STATION values (1528, 'E3', 879, 485662.64, 4444776.60, 41.09);
insert into STATION values (1529, 'E4', 879, 485665.77, 4444785.33, 37.37);
insert into STATION values (1530, 'E5', 879, 485667.89, 4444788.11, 34.95);
insert into STATION values (1531, 'E6', 879, 485683.16, 4444777.99, 31.20);
insert into STATION values (1532, 'E7', 879, 485655.71, 4444784.60, 43.46);
insert into STATION values (1533, 'E8', 879, 485667.14, 4444795.07, 33.84);
insert into STATION values (1534, 'E9', 879, 485666.12, 4444802.10, 33.97);
insert into STATION values (1535, 'E10', 879, 485657.70, 4444766.73, 46.85);
insert into STATION values (1536, 'E13', 879, 485645.87, 4444769.98, 53.80);
insert into STATION values (1537, 'E14', 879, 485658.66, 4444770.88, 49.42);
insert into STATION values (1538, 'E16', 879, 485644.48, 4444754.42, 58.83);
insert into STATION values (1539, 'E17', 879, 485641.63, 4444750.00, 62.11);
insert into STATION values (1540, 'E18', 879, 485637.25, 4444743.93, 67.36);
insert into STATION values (1541, 'E19', 879, 485633.09, 4444753.77, 68.65);
insert into STATION values (1542, '601', 879, 485685.61, 4444773.60, 29.85);
insert into STATION values (1543, '602', 879, 485690.30, 4444770.22, 27.75);
insert into STATION values (1544, '603', 879, 485696.01, 4444765.63, 22.62);
insert into STATION values (1545, '604', 879, 485702.91, 4444760.08, 16.87);
insert into STATION values (1546, '605', 879, 485709.07, 4444759.35, 15.78);
insert into STATION values (1547, '606', 879, 485718.83, 4444755.24, 16.89);
insert into STATION values (1548, '607', 879, 485725.57, 4444753.21, 13.76);
insert into STATION values (1549, '608', 879, 485731.11, 4444750.76, 8.85);
insert into STATION values (1550, '609', 879, 485738.69, 4444748.04, 3.41);
insert into STATION values (1551, '610', 879, 485742.81, 4444747.10, 1.79);
insert into STATION values (1552, '611', 879, 485751.02, 4444745.38, 2.23);
insert into STATION values (1553, '612', 879, 485755.77, 4444745.98, 2.91);
insert into STATION values (1554, 'vasque', 879, 485755.44, 4444750.40, -1.22);
insert into STATION values (1555, 'seuil', 879, 485744.61, 4444741.28, 2.11);
insert into STATION values (1556, 'mer', 879, 485745.79, 4444735.81, -0.04);
insert into STATION values (1557, '300', 879, 485399.41, 4444897.82, 71.53);
insert into STATION values (1558, '301', 879, 485397.10, 4444901.23, 72.77);
insert into STATION values (1559, '302', 879, 485395.98, 4444906.40, 69.20);
insert into STATION values (1560, '303', 879, 485400.24, 4444911.32, 64.02);
insert into STATION values (1561, '304', 879, 485401.57, 4444919.91, 58.38);
insert into STATION values (1562, '305', 879, 485400.29, 4444924.95, 54.74);
insert into STATION values (1563, '306', 879, 485407.53, 4444924.69, 54.86);
insert into STATION values (1564, '307', 879, 485408.77, 4444922.43, 57.70);
insert into STATION values (1565, '308', 879, 485412.21, 4444921.39, 58.85);
insert into STATION values (1566, '309', 879, 485423.01, 4444927.55, 51.47);
insert into STATION values (1567, '310', 879, 485428.41, 4444929.03, 52.35);
insert into STATION values (1568, '311', 879, 485430.93, 4444933.67, 47.09);
insert into STATION values (1569, '312', 879, 485433.30, 4444937.66, 39.97);
insert into STATION values (1570, '300A', 879, 485420.77, 4444939.60, 37.34);
insert into STATION values (1571, '313', 879, 485433.60, 4444941.77, 39.67);
insert into STATION values (1572, '314', 879, 485433.60, 4444943.52, 35.34);
insert into STATION values (1573, '315', 879, 485431.74, 4444943.87, 33.92);
insert into STATION values (1574, '199', 879, 485516.14, 4444845.31, 76.31);
insert into STATION values (1575, '200', 879, 485515.10, 4444837.72, 76.68);
insert into STATION values (1576, '201', 879, 485517.87, 4444832.96, 74.89);
insert into STATION values (1577, '202', 879, 485515.89, 4444830.83, 75.61);
insert into STATION values (1578, '203', 879, 485512.43, 4444829.41, 74.68);
insert into STATION values (1579, '204', 879, 485511.11, 4444829.89, 68.60);
insert into STATION values (1580, '205', 879, 485522.04, 4444834.75, 71.94);
insert into STATION values (1581, '206', 879, 485524.54, 4444834.58, 68.96);
insert into STATION values (1582, '207', 879, 485525.40, 4444830.89, 68.76);
insert into STATION values (1583, '208', 879, 485524.90, 4444828.84, 70.80);
insert into STATION values (1584, '209', 879, 485523.46, 4444823.74, 76.29);
insert into STATION values (1585, '210', 879, 485523.48, 4444836.26, 71.91);
insert into STATION values (1586, '211', 879, 485528.79, 4444839.36, 69.29);
insert into STATION values (1587, 'JJ17', 879, 485533.89, 4444838.84, 68.02);
insert into STATION values (1588, '212', 879, 485512.79, 4444834.21, 76.59);
insert into STATION values (1589, '213', 879, 485509.88, 4444832.45, 78.11);
insert into STATION values (1590, '214', 879, 485502.62, 4444831.40, 81.22);
insert into STATION values (1591, '215', 879, 485500.10, 4444831.13, 81.58);
insert into STATION values (1592, '216', 879, 485499.46, 4444832.68, 81.30);
insert into STATION values (1593, '217', 879, 485493.51, 4444835.06, 82.54);
insert into STATION values (1594, '217b', 879, 485491.84, 4444831.60, 84.34);
insert into STATION values (1595, '218', 879, 485493.14, 4444831.37, 84.52);
insert into STATION values (1596, '219', 879, 485493.14, 4444831.37, 85.52);
insert into STATION values (1597, '220', 879, 485491.46, 4444825.81, 88.35);
insert into STATION values (1598, '221', 879, 485484.18, 4444822.07, 93.87);
insert into STATION values (1599, '222', 879, 485488.27, 4444820.91, 101.23);
insert into STATION values (1600, '223', 879, 485507.02, 4444859.03, 75.23);
insert into STATION values (1601, '224', 879, 485502.64, 4444858.48, 77.78);
insert into STATION values (1602, '225', 879, 485497.76, 4444855.86, 80.48);
insert into STATION values (1603, '226', 879, 485494.56, 4444858.81, 81.97);
insert into STATION values (1604, '227', 879, 485487.10, 4444872.73, 82.53);
insert into STATION values (1605, 'Boy1', 879, 485480.21, 4444840.52, 96.28);
insert into STATION values (1606, 'Boy0', 879, 485481.71, 4444834.12, 95.01);
insert into STATION values (1607, 'Boy2', 879, 485480.28, 4444842.64, 95.68);
insert into STATION values (1608, 'Boy3', 879, 485482.42, 4444844.21, 93.82);
insert into STATION values (1609, 'Boy4', 879, 485483.83, 4444847.26, 92.98);
insert into STATION values (1610, 'Boy5', 879, 485487.04, 4444849.53, 90.33);
insert into STATION values (1611, 'Boy6', 879, 485490.69, 4444851.01, 86.78);
insert into STATION values (1612, 'Boy7', 879, 485490.84, 4444854.11, 85.53);
insert into STATION values (1613, 'Boy8', 879, 485490.55, 4444856.45, 84.48);
insert into STATION values (1614, 'Boy9', 879, 485494.48, 4444857.01, 82.63);
insert into STATION values (1615, '250', 879, 485450.97, 4444894.34, 80.75);
insert into STATION values (1616, '250A', 879, 485444.26, 4444894.16, 94.82);
insert into STATION values (1617, '251', 879, 485462.11, 4444891.58, 81.57);
insert into STATION values (1618, '252', 879, 485467.68, 4444887.99, 81.11);
insert into STATION values (1619, '253', 879, 485468.64, 4444884.63, 80.77);
insert into STATION values (1620, '253B', 879, 485463.04, 4444878.37, 85.82);
insert into STATION values (1621, '253C', 879, 485463.04, 4444878.37, 93.82);
insert into STATION values (1622, '254', 879, 485478.77, 4444879.09, 81.46);
insert into STATION values (1623, '255', 879, 485484.99, 4444876.61, 79.37);
insert into STATION values (1624, 'Y2', 879, 485394.46, 4444898.54, 70.28);
insert into STATION values (1625, 'Y3', 879, 485393.13, 4444893.31, 69.42);
insert into STATION values (1626, 'Y4', 879, 485395.41, 4444890.93, 69.42);
insert into STATION values (1627, 'Y5', 879, 485386.49, 4444882.97, 69.01);
insert into STATION values (1628, 'Y6', 879, 485389.44, 4444882.11, 72.42);
insert into STATION values (1629, 'Y7', 879, 485383.00, 4444878.12, 75.96);
insert into STATION values (1630, 'Y8', 879, 485377.95, 4444877.06, 79.06);
insert into STATION values (1631, 'Y9', 879, 485373.83, 4444874.09, 85.11);
insert into STATION values (1632, 'Y10', 879, 485367.09, 4444871.26, 82.01);
insert into STATION values (1633, 'Y11', 879, 485365.78, 4444878.18, 86.07);
insert into STATION values (1634, 'Y12', 879, 485371.95, 4444878.81, 87.17);
insert into STATION values (1635, 'Y13', 879, 485372.24, 4444882.77, 88.23);
insert into STATION values (1636, 'Y14', 879, 485376.17, 4444886.16, 96.87);
insert into STATION values (1637, 'Y15', 879, 485378.07, 4444893.66, 94.80);
insert into STATION values (1638, 'Y16', 879, 485377.23, 4444900.76, 95.43);
insert into STATION values (1639, 'Y17', 879, 485377.75, 4444903.98, 97.17);
insert into STATION values (1640, 'Y18', 879, 485377.42, 4444910.87, 95.95);
insert into STATION values (1641, 'Y19', 879, 485378.75, 4444912.68, 93.70);
insert into STATION values (1642, 'JJ1', 879, 485536.11, 4444858.09, 70.70);
insert into STATION values (1643, 'JJ2', 879, 485537.69, 4444854.83, 70.82);
insert into STATION values (1644, 'JJ3', 879, 485539.54, 4444851.05, 71.62);
insert into STATION values (1645, 'JJ4', 879, 485540.59, 4444845.00, 71.12);
insert into STATION values (1646, 'JJ5', 879, 485541.71, 4444840.56, 72.29);
insert into STATION values (1647, 'JJ6', 879, 485538.64, 4444840.60, 71.88);
insert into STATION values (1648, 'JJ7', 879, 485534.58, 4444841.31, 72.54);
insert into STATION values (1649, 'JJ8', 879, 485539.04, 4444838.93, 70.87);
insert into STATION values (1650, 'JJ9', 879, 485538.20, 4444838.09, 70.51);
insert into STATION values (1651, 'JJ10', 879, 485539.19, 4444835.59, 73.06);
insert into STATION values (1652, 'JJX', 879, 485535.99, 4444822.85, 77.63);
insert into STATION values (1653, 'JJ11', 879, 485538.11, 4444831.80, 73.41);
insert into STATION values (1654, 'JJ12', 879, 485543.67, 4444846.20, 69.52);
insert into STATION values (1655, 'JG1', 879, 485513.58, 4444864.25, 73.26);
insert into STATION values (1656, 'JG2', 879, 485510.47, 4444869.26, 65.02);
insert into STATION values (1657, 'JG3', 879, 485508.81, 4444873.54, 64.05);
insert into STATION values (1658, 'JG4', 879, 485507.84, 4444880.72, 61.33);
insert into STATION values (1659, 'JG5', 879, 485505.55, 4444884.43, 60.89);
insert into STATION values (1660, 'JG6', 879, 485503.22, 4444887.96, 57.02);
insert into STATION values (1661, 'JG7', 879, 485501.07, 4444890.21, 60.07);
insert into STATION values (1662, 'XX', 879, 485519.87, 4444905.46, 56.16);
insert into STATION values (1663, 'JJ13', 879, 485524.06, 4444906.59, 56.17);
insert into STATION values (1664, 'JJ14', 879, 485528.39, 4444909.22, 57.10);
insert into STATION values (1665, 'JJ15', 879, 485528.39, 4444909.22, 58.10);
insert into STATION values (1666, '198bis', 879, 485498.68, 4444882.72, 75.32);
insert into STATION values (1667, '1000', 879, 485406.78, 4444981.81, 88.77);
insert into STATION values (1668, '1001', 879, 485407.31, 4444980.63, 93.31);
insert into STATION values (1669, '1002', 879, 485402.71, 4444977.84, 95.48);
insert into STATION values (1670, '1003', 879, 485399.16, 4444967.39, 97.43);
insert into STATION values (1671, '1004', 879, 485398.14, 4444958.90, 97.73);
insert into STATION values (1672, '1005', 879, 485396.28, 4444948.11, 99.85);
insert into STATION values (1673, '1006', 879, 485394.03, 4444942.18, 99.74);
insert into STATION values (1674, '1007', 879, 485390.06, 4444944.27, 92.83);
insert into STATION values (1675, '1008', 879, 485386.02, 4444931.71, 95.88);
insert into STATION values (1676, '1009', 879, 485381.43, 4444921.76, 91.89);
insert into STATION values (1677, '1010', 879, 485379.07, 4444915.88, 92.78);
insert into STATION values (1678, 'A10b', 879, 485449.60, 4444921.42, 63.00);
insert into STATION values (1679, 'A10c', 879, 485449.64, 4444921.40, 73.02);
insert into STATION values (1680, '2000', 879, 485449.77, 4444921.28, 73.02);
insert into STATION values (1681, '2001', 879, 485443.06, 4444928.21, 78.51);
insert into STATION values (1682, '2002', 879, 485435.61, 4444941.55, 90.78);
insert into STATION values (1683, '2003', 879, 485427.52, 4444930.70, 94.35);
insert into STATION values (1684, '2004', 879, 485437.76, 4444943.03, 89.23);
insert into STATION values (1685, '2005', 879, 485431.73, 4444948.15, 88.31);
insert into STATION values (1686, '2006', 879, 485430.22, 4444947.56, 81.96);
insert into STATION values (1687, '2007', 879, 485430.72, 4444939.18, 79.72);
insert into STATION values (1688, '2008', 879, 485434.11, 4444931.65, 82.64);
insert into STATION values (1689, '2009', 879, 485435.67, 4444921.56, 79.59);
insert into STATION values (1690, '2010', 879, 485438.46, 4444917.81, 77.44);
insert into STATION values (1691, '2011', 879, 485437.47, 4444916.08, 72.64);
insert into STATION values (1692, '2012', 879, 485430.43, 4444921.52, 68.18);
insert into STATION values (1693, '2013', 879, 485426.99, 4444921.33, 57.52);
insert into STATION values (1694, '2014', 879, 485426.54, 4444927.27, 54.88);
insert into STATION values (1695, '3000', 879, 485406.78, 4444981.81, 88.77);
insert into STATION values (1696, '3001', 879, 485404.28, 4444981.64, 89.63);
insert into STATION values (1697, '3002', 879, 485396.89, 4444987.80, 78.83);
insert into STATION values (1698, '3003', 879, 485403.98, 4444983.54, 83.84);
insert into STATION values (1699, '3004', 879, 485407.03, 4444982.17, 84.41);
insert into STATION values (1700, '3005', 879, 485406.84, 4444976.22, 85.31);
insert into STATION values (1701, '3006', 879, 485401.10, 4444969.44, 79.55);
insert into STATION values (1702, '3007', 879, 485400.13, 4444963.55, 82.21);
insert into STATION values (1703, '3008', 879, 485396.98, 4444997.89, 73.73);
insert into STATION values (1704, '3009', 879, 485397.66, 4445008.17, 77.96);
insert into STATION values (1705, '3010', 879, 485405.64, 4445019.18, 78.81);
insert into STATION values (1706, '3011', 879, 485410.31, 4445042.12, 79.14);
insert into STATION values (1707, '3012', 879, 485411.96, 4445043.65, 81.99);
insert into STATION values (1708, '4000', 879, 485413.71, 4445057.09, 74.35);
insert into STATION values (1709, '3014', 879, 485401.57, 4445079.73, 75.43);
insert into STATION values (1710, '3015', 879, 485391.58, 4445079.52, 78.54);
insert into STATION values (1711, '3016', 879, 485383.46, 4445071.89, 81.61);
insert into STATION values (1712, '3017', 879, 485395.68, 4445068.73, 87.84);
insert into STATION values (1713, '3018', 879, 485379.46, 4445070.40, 79.92);
insert into STATION values (1714, '3019', 879, 485369.67, 4445072.30, 81.00);
insert into STATION values (1715, '3020', 879, 485381.08, 4445078.98, 77.90);
insert into STATION values (1716, '3021', 879, 485379.67, 4445088.57, 72.39);
insert into STATION values (1717, '3022', 879, 485379.21, 4445093.41, 69.18);
insert into STATION values (1718, '3023', 879, 485384.60, 4445097.21, 64.53);
insert into STATION values (1719, '3024', 879, 485371.18, 4445098.89, 74.77);
insert into STATION values (1720, '3025', 879, 485369.56, 4445109.24, 75.91);
insert into STATION values (1721, '3026', 879, 485366.46, 4445109.29, 76.94);
insert into STATION values (1722, '4001', 879, 485418.03, 4445068.08, 77.96);
insert into STATION values (1723, '4002', 879, 485431.14, 4445087.45, 74.67);
insert into STATION values (1724, '4003', 879, 485433.47, 4445091.75, 72.50);
insert into STATION values (1725, '4004', 879, 485442.47, 4445086.86, 67.50);
insert into STATION values (1726, '4005', 879, 485444.70, 4445101.84, 66.98);
insert into STATION values (1727, '4006', 879, 485446.58, 4445109.11, 66.19);
insert into STATION values (1728, '4007', 879, 485449.84, 4445115.95, 66.58);
insert into STATION values (1729, '4008', 879, 485444.98, 4445116.85, 67.64);
insert into STATION values (1730, '4009', 879, 485448.69, 4445122.24, 63.40);
insert into STATION values (1731, '4010', 879, 485451.59, 4445123.95, 54.58);
insert into STATION values (1732, '4011', 879, 485444.18, 4445139.47, 49.98);
insert into STATION values (1733, '4012', 879, 485428.63, 4445155.29, 64.38);
insert into STATION values (1734, '4013', 879, 485425.53, 4445173.81, 56.41);
insert into STATION values (1735, '4014', 879, 485437.55, 4445176.70, 48.69);
insert into STATION values (1736, '4015', 879, 485439.06, 4445171.93, 46.40);
insert into STATION values (1737, '4016', 879, 485449.17, 4445182.30, 29.84);
insert into STATION values (1738, '4017', 879, 485444.71, 4445192.07, 28.09);
insert into STATION values (1739, '4018', 879, 485435.05, 4445189.16, 31.99);
insert into STATION values (1740, '4019', 879, 485427.59, 4445193.50, 32.73);
insert into STATION values (1741, '4020', 879, 485435.79, 4445201.43, 31.14);
insert into STATION values (1742, '4021', 879, 485428.46, 4445198.94, 28.99);
insert into STATION values (1743, '4022', 879, 485452.73, 4445175.53, 27.69);
insert into STATION values (1744, '4023', 879, 485471.95, 4445152.23, 26.10);
insert into STATION values (1745, '4024', 879, 485481.99, 4445148.41, 20.87);
insert into STATION values (1746, '4025', 879, 485482.43, 4445152.09, 21.65);
insert into STATION values (1747, '4026', 879, 485483.25, 4445160.97, 20.24);
insert into STATION values (1748, '4027', 879, 485486.71, 4445171.50, 19.08);
insert into STATION values (1749, '4028', 879, 485491.45, 4445163.98, 17.67);
insert into STATION values (1750, '4029', 879, 485498.86, 4445156.62, 18.77);
insert into STATION values (1751, '7000', 879, 485447.35, 4445174.49, 25.44);
insert into STATION values (1752, '7001', 879, 485431.16, 4445194.03, 20.51);
insert into STATION values (1753, '7002', 879, 485425.38, 4445203.59, 24.27);
insert into STATION values (1754, '7003', 879, 485422.09, 4445209.01, 25.45);
insert into STATION values (1755, '7004', 879, 485423.72, 4445211.49, 24.31);
insert into STATION values (1756, '4021a', 879, 485427.28, 4445199.25, 28.77);
insert into STATION values (1757, 'AF1', 879, 485482.00, 4445147.44, 20.30);
insert into STATION values (1758, 'AF2', 879, 485482.69, 4445146.63, 20.40);
insert into STATION values (1759, '5001', 879, 485428.62, 4444950.87, 89.54);
insert into STATION values (1760, '5002', 879, 485417.10, 4444964.03, 91.50);
insert into STATION values (1761, '5003', 879, 485412.35, 4444965.56, 93.29);
insert into STATION values (1762, '5004', 879, 485411.54, 4444966.84, 92.79);
insert into STATION values (1763, '5005', 879, 485406.78, 4444965.13, 95.41);
insert into STATION values (1764, '5006', 879, 485413.34, 4444970.42, 90.83);
insert into STATION values (1765, '5007', 879, 485400.80, 4444925.85, 54.46);
insert into STATION values (1766, '5008', 879, 485397.16, 4444929.05, 48.96);
insert into STATION values (1767, '5009', 879, 485397.16, 4444929.05, 44.96);
insert into STATION values (1768, '5010', 879, 485385.98, 4444870.86, 84.32);
insert into STATION values (1769, '8020', 879, 485419.11, 4445173.00, 62.86);
insert into STATION values (1770, '8021', 879, 485413.68, 4445178.89, 62.68);
insert into STATION values (1771, '8022', 879, 485408.78, 4445188.58, 68.37);
insert into STATION values (1772, '8023', 879, 485408.41, 4445197.41, 64.31);
insert into STATION values (1773, '8024', 879, 485401.29, 4445203.96, 68.32);
insert into STATION values (1774, '8025', 879, 485396.61, 4445218.21, 68.32);
insert into STATION values (1775, '8001', 879, 485441.39, 4445235.64, 17.72);
insert into STATION values (1776, '8000', 879, 485449.08, 4445226.63, 23.94);
insert into STATION values (1777, '8002', 879, 485436.78, 4445236.00, 21.50);
insert into STATION values (1778, '8003', 879, 485421.91, 4445242.01, 23.59);
insert into STATION values (1779, '8004', 879, 485408.08, 4445247.35, 23.38);
insert into STATION values (1780, '8005', 879, 485402.38, 4445247.35, 26.55);
insert into STATION values (1781, '8006', 879, 485400.80, 4445253.24, 24.86);
insert into STATION values (1782, '8007', 879, 485403.48, 4445254.81, 26.14);
insert into STATION values (1783, '8008', 879, 485398.91, 4445261.43, 25.79);
insert into STATION values (1784, '8009', 879, 485393.19, 4445266.24, 26.40);
insert into STATION values (1785, '8010', 879, 485412.17, 4445235.68, 18.95);
insert into STATION values (1786, '8011', 879, 485417.30, 4445228.40, 17.76);
insert into STATION values (1787, '8000A', 879, 485354.86, 4445106.64, 61.12);
insert into STATION values (1788, '8001A', 879, 485354.34, 4445106.05, 58.15);
insert into STATION values (1789, '8002A', 879, 485355.16, 4445108.33, 36.89);
insert into STATION values (1790, '8003A', 879, 485357.10, 4445111.58, 30.85);
insert into STATION values (1791, '8004A', 879, 485352.51, 4445114.11, 31.82);
insert into STATION values (1792, '8005A', 879, 485344.03, 4445110.94, 31.72);
insert into STATION values (1793, '8010A', 879, 485357.98, 4445112.32, 67.91);
insert into STATION values (1794, 'LBH0', 879, 485553.53, 4445166.24, 11.84);
insert into STATION values (1795, 'LBH1', 879, 485546.02, 4445171.35, 16.87);
insert into STATION values (1796, 'LBH2', 879, 485533.64, 4445176.92, 25.69);
insert into STATION values (1797, 'LBH3', 879, 485522.20, 4445178.77, 36.88);
insert into STATION values (1798, 'LBH4', 879, 485512.93, 4445178.65, 43.87);
insert into STATION values (1799, 'LBH5', 879, 485502.81, 4445176.72, 45.14);
insert into STATION values (1800, 'LBH6', 879, 485478.39, 4445176.39, 59.81);
insert into STATION values (1801, 'LBH7', 879, 485474.11, 4445172.28, 58.22);
insert into STATION values (1802, 'LBH8', 879, 485457.97, 4445173.47, 68.33);
insert into STATION values (1803, 'LBH9', 879, 485452.91, 4445176.30, 73.19);
insert into STATION values (1804, 'LBH10', 879, 485446.35, 4445185.41, 74.57);
insert into STATION values (1805, 'LBH11', 879, 485437.77, 4445187.74, 75.35);
insert into STATION values (1806, 'LBH12', 879, 485425.34, 4445194.41, 86.36);
insert into STATION values (1807, 'LBH13', 879, 485416.68, 4445208.96, 83.37);
insert into STATION values (1808, 'LBH14', 879, 485405.93, 4445209.19, 89.58);
insert into STATION values (1809, 'LBH15', 879, 485399.25, 4445215.47, 89.10);
insert into STATION values (1810, 'LBH5.1', 879, 485511.29, 4445171.97, 34.71);
insert into STATION values (1811, 'LBH5.2', 879, 485495.95, 4445166.15, 20.44);
insert into STATION values (1812, '0', 901, 485602.00, 4444774.00, 60.00);
insert into STATION_FLAG values(1812, 'ent');
insert into STATION values (1813, '1', 901, 485588.26, 4444775.88, 58.05);
insert into STATION values (1814, '2', 901, 485573.12, 4444785.64, 48.47);
insert into STATION values (1815, '3', 901, 485573.12, 4444785.64, 58.47);
insert into STATION values (1816, '4', 901, 485564.33, 4444785.61, 62.57);
insert into STATION values (1817, '30', 901, 485585.98, 4444760.88, 69.00);
insert into STATION values (1818, '31', 901, 485581.17, 4444769.51, 66.90);
insert into STATION values (1819, '32', 901, 485573.83, 4444780.71, 62.80);
insert into STATION values (1820, '5', 901, 485552.72, 4444782.67, 65.78);
insert into STATION values (1821, '6', 901, 485548.92, 4444784.85, 76.09);
insert into STATION values (1822, '7', 901, 485550.33, 4444780.32, 83.39);
insert into STATION values (1823, '8', 901, 485551.90, 4444770.57, 88.00);
insert into STATION values (1824, '9', 901, 485556.33, 4444759.17, 98.62);
insert into STATION values (1825, '10', 901, 485561.12, 4444746.82, 99.78);
insert into STATION values (1826, '40', 901, 485580.85, 4444743.92, 60.64);
insert into STATION values (1827, '41', 901, 485581.03, 4444756.95, 56.41);
insert into STATION values (1828, '80', 901, 485586.96, 4444772.55, 53.16);
insert into STATION values (1829, '42', 901, 485581.03, 4444756.95, 61.01);
insert into STATION values (1830, '43', 901, 485588.75, 4444760.10, 69.35);
insert into STATION values (1831, '51', 901, 485604.54, 4444782.97, 62.67);
insert into STATION values (1832, '52', 901, 485607.11, 4444790.98, 65.57);
insert into STATION values (1833, '53', 901, 485607.21, 4444792.41, 64.84);
insert into STATION values (1834, '54', 901, 485613.14, 4444791.17, 65.48);
insert into STATION values (1835, '55', 901, 485616.73, 4444789.81, 62.27);
insert into STATION values (1836, '56', 901, 485616.73, 4444789.81, 28.17);
insert into STATION values (1837, '57', 901, 485612.50, 4444779.76, 31.50);
insert into STATION values (1838, '58', 901, 485615.67, 4444773.84, 36.38);
insert into STATION values (1839, '59', 901, 485615.67, 4444773.84, 58.98);
insert into STATION values (1840, '60', 901, 485617.46, 4444759.68, 42.44);
insert into STATION values (1841, '70', 901, 485605.75, 4444771.33, 56.62);
insert into STATION values (1842, '0', 1150, 485808.00, 4445794.00, 370.00);
insert into STATION_FLAG values(1842, 'ent');
insert into STATION values (1843, '1', 1150, 485810.11, 4445795.56, 369.35);
insert into STATION values (1844, '2', 1150, 485809.41, 4445797.15, 356.99);
insert into STATION values (1845, '3', 1150, 485808.50, 4445800.46, 352.75);
insert into STATION values (1846, '4', 1150, 485806.60, 4445802.32, 346.49);
insert into STATION values (1847, '5', 1150, 485805.31, 4445800.69, 343.41);
insert into STATION values (1848, '6', 1150, 485812.25, 4445796.10, 331.06);
insert into STATION values (1849, '7', 1150, 485810.36, 4445799.07, 326.71);
insert into STATION values (1850, '8', 1150, 485808.51, 4445800.82, 324.25);
insert into STATION values (1851, '9', 1150, 485808.51, 4445800.82, 299.75);
insert into STATION values (1852, '10', 1150, 485803.87, 4445806.65, 296.28);
insert into STATION values (1853, '11', 1150, 485803.87, 4445806.65, 288.88);
insert into STATION values (1854, '12', 1150, 485801.62, 4445807.40, 288.50);
insert into STATION values (1855, '13', 1150, 485798.57, 4445810.01, 285.01);
insert into STATION values (1856, '14', 1150, 485803.34, 4445804.27, 281.37);
insert into STATION values (1857, '15', 1150, 485803.34, 4445804.27, 279.17);
insert into STATION values (1858, '15B', 1150, 485808.46, 4445806.47, 296.08);
insert into STATION values (1859, '16', 1150, 485809.36, 4445806.90, 290.96);
insert into STATION values (1860, '17', 1150, 485806.21, 4445808.75, 286.29);
insert into STATION values (1861, '18', 1150, 485806.61, 4445807.91, 281.50);
insert into STATION values (1862, '19', 1150, 485807.20, 4445805.27, 281.45);
insert into STATION values (1863, '20', 1150, 485809.20, 4445803.99, 269.25);
insert into STATION values (1864, '21', 1150, 485806.42, 4445804.66, 255.82);
insert into STATION values (1865, '22', 1150, 485809.13, 4445803.23, 280.59);
insert into STATION values (1866, '23', 1150, 485811.24, 4445800.93, 277.36);
insert into STATION values (1867, '24', 1150, 485812.29, 4445800.36, 276.13);
insert into STATION values (1868, '25', 1150, 485811.86, 4445799.00, 272.41);
insert into STATION values (1869, '26', 1150, 485812.17, 4445800.30, 268.53);
insert into STATION values (1870, '27', 1150, 485812.98, 4445802.27, 265.12);
insert into STATION values (1871, '28', 1150, 485814.67, 4445802.97, 262.19);
insert into STATION values (1872, '29', 1150, 485814.13, 4445804.58, 256.65);
insert into STATION values (1873, '30', 1150, 485813.02, 4445805.75, 254.58);
insert into STATION values (1874, '31', 1150, 485812.09, 4445806.30, 247.74);
insert into STATION values (1875, '32', 1150, 485813.05, 4445806.43, 242.78);
insert into STATION values (1876, '33', 1150, 485814.10, 4445805.39, 237.96);
insert into STATION values (1877, '34', 1150, 485814.27, 4445802.54, 236.86);
insert into STATION values (1878, '0', 1154, 485812.00, 4445780.00, 364.00);
insert into STATION_FLAG values(1878, 'ent');
insert into STATION values (1879, '1', 1154, 485812.42, 4445778.88, 360.71);
insert into STATION values (1880, '2', 1154, 485814.15, 4445778.19, 354.80);
insert into STATION values (1881, '3', 1154, 485812.56, 4445777.24, 335.59);
insert into STATION values (1882, '4', 1154, 485805.23, 4445778.80, 329.58);
insert into STATION values (1883, '5', 1154, 485807.62, 4445778.58, 325.43);
insert into STATION values (1884, '6', 1154, 485807.37, 4445774.13, 320.43);
insert into STATION values (1885, '7', 1154, 485809.65, 4445772.80, 316.78);
insert into STATION values (1886, '8', 1154, 485806.44, 4445772.35, 315.00);
insert into STATION values (1887, '9', 1154, 485803.47, 4445772.52, 312.63);
insert into STATION values (1888, '10', 1154, 485802.74, 4445770.10, 306.53);
insert into STATION values (1889, '11', 1154, 485804.03, 4445770.14, 300.98);
insert into STATION values (1890, '12', 1154, 485806.51, 4445770.41, 285.18);
insert into STATION values (1891, '13', 1154, 485807.66, 4445769.78, 270.23);
insert into STATION values (1892, '14', 1154, 485807.70, 4445788.63, 257.27);
insert into STATION values (1893, '0', 1158, 485537.00, 4445627.00, 359.00);
insert into STATION values (1894, '1', 1158, 485528.80, 4445631.23, 355.38);
insert into STATION values (1895, '2', 1158, 485529.68, 4445629.14, 380.53);
insert into STATION values (1896, '3', 1158, 485527.62, 4445630.77, 385.92);
insert into STATION values (1897, '4', 1158, 485522.39, 4445633.83, 389.32);
insert into STATION values (1898, '5', 1158, 485520.54, 4445635.09, 390.04);
insert into STATION values (1899, '6', 1158, 485517.40, 4445637.00, 391.72);
insert into STATION values (1900, '7', 1158, 485515.36, 4445638.61, 393.56);
insert into STATION values (1901, '8', 1158, 485513.51, 4445639.53, 394.66);
insert into STATION values (1902, '9', 1158, 485510.62, 4445642.89, 394.91);
insert into STATION values (1903, '10', 1158, 485507.60, 4445643.77, 396.58);
insert into STATION values (1904, '11', 1158, 485505.46, 4445642.87, 401.79);
insert into STATION_FLAG values(1904, 'ent');
insert into STATION values (1905, '0', 1162, 485584.00, 4445478.00, 319.00);
insert into STATION_FLAG values(1905, 'ent');
insert into STATION values (1906, '1', 1162, 485578.13, 4445486.47, 315.45);
insert into STATION values (1907, '2', 1162, 485582.92, 4445491.55, 316.81);
insert into STATION values (1908, '3', 1162, 485585.43, 4445496.30, 317.95);
insert into STATION values (1909, '4', 1162, 485587.75, 4445506.12, 320.04);
insert into STATION values (1910, '5', 1162, 485595.79, 4445517.19, 316.24);
insert into STATION values (1911, '6', 1162, 485595.79, 4445517.19, 329.64);
insert into STATION values (1912, '7', 1162, 485602.47, 4445516.80, 320.26);
insert into STATION values (1913, '8', 1162, 485605.34, 4445525.00, 319.81);
insert into STATION values (1914, '9', 1162, 485612.47, 4445526.09, 324.31);
insert into STATION values (1915, '0', 1166, 485438.00, 4445269.00, 300.00);
insert into STATION_FLAG values(1915, 'ent');
insert into STATION values (1916, '1', 1166, 485440.15, 4445272.87, 296.16);
insert into STATION values (1917, '2', 1166, 485441.37, 4445276.53, 285.80);
insert into STATION values (1918, '3', 1166, 485440.44, 4445279.14, 278.22);
insert into STATION values (1919, '4', 1166, 485439.12, 4445279.60, 272.68);
insert into STATION values (1920, '5', 1166, 485437.20, 4445280.50, 265.94);
insert into STATION values (1921, '6', 1166, 485439.66, 4445282.33, 256.56);
insert into STATION values (1922, '7', 1166, 485441.96, 4445284.19, 246.63);
insert into STATION values (1923, '8', 1166, 485442.93, 4445287.87, 228.07);
insert into STATION values (1924, '9', 1166, 485440.27, 4445289.17, 223.52);
insert into STATION values (1925, '10', 1166, 485437.48, 4445297.05, 215.04);
insert into STATION values (1926, '11', 1166, 485433.86, 4445302.92, 210.77);
insert into STATION values (1927, '0', 1170, 485816.00, 4445878.00, 360.00);
insert into STATION_FLAG values(1927, 'ent');
insert into STATION values (1928, '1', 1170, 485816.00, 4445878.00, 354.00);
insert into STATION values (1929, '2', 1170, 485810.12, 4445884.37, 347.23);
insert into STATION values (1930, '3', 1170, 485808.92, 4445885.55, 345.81);
insert into STATION values (1931, '4', 1170, 485803.83, 4445889.57, 339.33);
insert into STATION values (1932, '5', 1170, 485811.34, 4445882.97, 336.46);
insert into STATION values (1933, '0', 1174, 486344.23, 4445898.05, -63.00);
insert into STATION values (1934, '1', 1174, 486338.05, 4445873.83, -63.00);
insert into STATION values (1935, '2', 1174, 486337.41, 4445865.37, -56.00);
insert into STATION values (1936, '3', 1174, 486332.50, 4445846.08, -54.00);
insert into STATION values (1937, '4', 1174, 486342.40, 4445832.30, -48.00);
insert into STATION values (1938, '5', 1174, 486342.40, 4445832.30, -35.00);
insert into STATION values (1939, '6', 1174, 486343.07, 4445829.89, -35.00);
insert into STATION values (1940, 'A1', 1174, 486340.79, 4445820.95, -30.00);
insert into STATION values (1941, 'A2', 1174, 486344.11, 4445809.12, -24.40);
insert into STATION values (1942, 'A3', 1174, 486348.56, 4445802.92, -22.00);
insert into STATION values (1943, 'A4', 1174, 486351.04, 4445800.50, -20.00);
insert into STATION values (1944, 'A5', 1174, 486352.68, 4445784.00, -13.00);
insert into STATION values (1945, 'A6', 1174, 486356.38, 4445770.84, -10.00);
insert into STATION values (1946, 'A7', 1174, 486357.87, 4445755.94, -9.00);
insert into STATION values (1947, 'A8', 1174, 486359.22, 4445742.34, -6.00);
insert into STATION values (1948, 'A9', 1174, 486358.74, 4445740.44, -5.60);
insert into STATION values (1949, 'A10', 1174, 486361.60, 4445730.25, -2.60);
insert into STATION values (1950, 'A11', 1174, 486362.68, 4445726.40, -2.40);
insert into STATION values (1951, 'A12', 1174, 486365.97, 4445719.55, 0.10);
insert into STATION values (1952, 'A13', 1174, 486365.18, 4445709.09, 0.50);
insert into STATION values (1953, 'A14', 1174, 486362.19, 4445690.84, 0.20);
insert into STATION values (1954, 'A15', 1174, 486355.02, 4445662.74, 0.20);
insert into STATION values (1955, 'A16', 1174, 486352.77, 4445659.44, 0.00);
insert into STATION values (1956, 'A17', 1174, 486350.05, 4445648.78, 0.00);
insert into STATION values (1957, 'A18', 1174, 486347.10, 4445637.21, -3.70);
insert into STATION values (1958, 'A19', 1174, 486338.65, 4445624.82, -3.30);
insert into STATION values (1959, 'A20', 1174, 486340.00, 4445620.00, 0.00);
insert into STATION_FLAG values(1959, 'ent');
insert into STATION values (1960, 'ENT_109001', 873, 485618.00, 4444774.00, 60.00);
insert into STATION_FLAG values(1960, 'fix');
insert into STATION values (1961, 'ENT_109002', 873, 485602.00, 4444774.00, 60.00);
insert into STATION_FLAG values(1961, 'fix');
insert into STATION values (1962, 'ENT_109003', 873, 485779.00, 4445842.00, 375.00);
insert into STATION_FLAG values(1962, 'fix');
insert into STATION values (1963, 'ENT_109004', 873, 485808.00, 4445794.00, 370.00);
insert into STATION_FLAG values(1963, 'fix');
insert into STATION values (1964, 'ENT_109005', 873, 485651.00, 4445694.00, 384.00);
insert into STATION_FLAG values(1964, 'fix');
insert into STATION values (1965, 'ENT_109006', 873, 486410.00, 4445941.00, 414.00);
insert into STATION_FLAG values(1965, 'fix');
insert into STATION values (1966, 'ENT_109007', 873, 485737.00, 4445148.00, 278.00);
insert into STATION_FLAG values(1966, 'fix');
insert into STATION values (1967, 'ENT_109008', 873, 485812.00, 4445780.00, 364.00);
insert into STATION_FLAG values(1967, 'fix');
insert into STATION values (1968, 'ENT_109009', 873, 485537.00, 4445627.00, 359.00);
insert into STATION_FLAG values(1968, 'fix');
insert into STATION values (1969, 'ENT_109010', 873, 485587.00, 4445498.00, 319.00);
insert into STATION_FLAG values(1969, 'fix');
insert into STATION values (1970, 'ENT_109011', 873, 485584.00, 4445478.00, 319.00);
insert into STATION_FLAG values(1970, 'fix');
insert into STATION values (1971, 'ENT_109012', 873, 486478.00, 4445928.00, 388.00);
insert into STATION_FLAG values(1971, 'fix');
insert into STATION values (1972, 'ENT_109013', 873, 485438.00, 4445269.00, 300.00);
insert into STATION_FLAG values(1972, 'fix');
insert into STATION values (1973, 'ENT_109014', 873, 485816.00, 4445878.00, 360.00);
insert into STATION_FLAG values(1973, 'fix');
insert into STATION values (1974, 'ENT_109015', 873, 485649.00, 4444763.00, 53.00);
insert into STATION_FLAG values(1974, 'fix');
insert into STATION values (1975, 'ENT_109016', 873, 485795.00, 4444848.00, 36.00);
insert into STATION_FLAG values(1975, 'fix');
insert into STATION values (1976, 'ENT_109017', 873, 486340.00, 4445620.00, 0.00);
insert into STATION_FLAG values(1976, 'fix');
insert into STATION values (1977, 'ENT_109018', 873, 485880.00, 4445791.00, 0.00);
insert into STATION_FLAG values(1977, 'fix');
insert into STATION values (1978, 'ENT_109019', 873, 485684.00, 4444706.00, 0.00);
insert into STATION_FLAG values(1978, 'fix');
insert into STATION values (1979, '0', 1185, 476491.00, 4441850.00, 292.00);
insert into STATION values (1980, '1', 1185, 476489.57, 4441848.82, 295.18);
insert into STATION values (1981, '2', 1185, 476488.62, 4441846.62, 299.43);
insert into STATION values (1982, '3', 1185, 476488.37, 4441843.45, 304.94);
insert into STATION values (1983, '4', 1185, 476488.16, 4441843.30, 314.33);
insert into STATION values (1984, '5', 1185, 476487.32, 4441840.80, 317.81);
insert into STATION values (1985, '6', 1185, 476488.89, 4441839.66, 327.01);
insert into STATION values (1986, '7', 1185, 476492.66, 4441834.05, 333.89);
insert into STATION values (1987, '8', 1185, 476493.46, 4441828.90, 336.91);
insert into STATION_FLAG values(1987, 'ent');
insert into STATION values (1988, '0', 1189, 476217.00, 4441660.00, 314.00);
insert into STATION_FLAG values(1988, 'ent');
insert into STATION values (1989, '1', 1189, 476211.49, 4441666.78, 312.49);
insert into STATION values (1990, '2', 1189, 476214.77, 4441665.47, 309.14);
insert into STATION values (1991, '3', 1189, 476219.80, 4441665.01, 284.73);
insert into STATION values (1992, '4', 1189, 476216.95, 4441666.21, 283.88);
insert into STATION values (1993, '5', 1189, 476216.52, 4441668.47, 281.66);
insert into STATION values (1994, '6', 1189, 476222.83, 4441666.70, 281.95);
insert into STATION values (1995, '7', 1189, 476227.27, 4441667.10, 271.83);
insert into STATION values (1996, '8', 1189, 476232.84, 4441672.48, 240.06);
insert into STATION values (1997, 'A4', 1189, 476217.81, 4441670.38, 272.75);
insert into STATION values (1998, 'A5', 1189, 476221.66, 4441673.67, 251.47);
insert into STATION values (1999, 'A6', 1189, 476223.69, 4441673.71, 241.30);
insert into STATION values (2000, 'A7', 1189, 476225.28, 4441675.94, 235.82);
insert into STATION values (2001, 'A8', 1189, 476225.18, 4441675.36, 218.07);
insert into STATION values (2002, '0', 1194, 479866.00, 4441309.00, 356.00);
insert into STATION_FLAG values(2002, 'ent');
insert into STATION values (2003, '1', 1194, 479864.61, 4441307.45, 359.30);
insert into STATION values (2004, '2', 1194, 479863.62, 4441302.57, 368.38);
insert into STATION values (2005, '3', 1194, 479864.30, 4441301.37, 377.98);
insert into STATION values (2006, '4', 1194, 479863.76, 4441299.54, 381.61);
insert into STATION values (2007, '5', 1194, 479865.16, 4441297.69, 387.82);
insert into STATION values (2008, '6', 1194, 479868.25, 4441296.83, 393.80);
insert into STATION values (2009, '7', 1194, 479870.32, 4441294.15, 396.57);
insert into STATION values (2010, '0', 1198, 476597.00, 4441532.00, 316.00);
insert into STATION values (2011, '1', 1198, 476599.20, 4441527.48, 327.40);
insert into STATION values (2012, '2', 1198, 476600.08, 4441525.94, 334.46);
insert into STATION values (2013, '3', 1198, 476599.52, 4441527.32, 340.68);
insert into STATION values (2014, '4', 1198, 476600.13, 4441529.89, 344.78);
insert into STATION values (2015, '4a', 1198, 476597.21, 4441520.80, 344.78);
insert into STATION values (2016, '4b', 1198, 476601.19, 4441533.61, 344.78);
insert into STATION values (2017, '0', 1202, 481123.47, 4440174.51, 111.78);
insert into STATION values (2018, '1', 1202, 481124.30, 4440169.93, 113.66);
insert into STATION values (2019, '2', 1202, 481138.05, 4440168.78, 109.17);
insert into STATION values (2020, '3', 1202, 481144.54, 4440176.30, 108.83);
insert into STATION values (2021, '4', 1202, 481147.82, 4440183.40, 109.10);
insert into STATION values (2022, '5', 1202, 481151.29, 4440180.30, 109.10);
insert into STATION values (2023, '6', 1202, 481160.02, 4440173.77, 110.25);
insert into STATION values (2024, '7', 1202, 481163.01, 4440177.76, 109.46);
insert into STATION values (2025, '8', 1202, 481168.58, 4440176.80, 109.46);
insert into STATION values (2026, '9', 1202, 481177.25, 4440170.77, 110.38);
insert into STATION values (2027, '10', 1202, 481203.58, 4440168.10, 103.29);
insert into STATION values (2028, '11', 1202, 481216.32, 4440145.30, 108.36);
insert into STATION values (2029, '12', 1202, 481213.53, 4440163.71, 97.75);
insert into STATION values (2030, '13', 1202, 481217.66, 4440162.30, 94.09);
insert into STATION values (2031, '14', 1202, 481221.06, 4440158.13, 91.91);
insert into STATION values (2032, '15', 1202, 481224.21, 4440155.32, 90.70);
insert into STATION values (2033, '16', 1202, 481224.66, 4440153.39, 89.98);
insert into STATION values (2034, '17', 1202, 481232.44, 4440148.19, 87.82);
insert into STATION values (2035, '18', 1202, 481235.19, 4440143.05, 86.04);
insert into STATION values (2036, '19', 1202, 481240.49, 4440130.69, 73.93);
insert into STATION values (2037, '20', 1202, 481241.35, 4440122.78, 66.77);
insert into STATION values (2038, '21', 1202, 481238.38, 4440116.64, 57.38);
insert into STATION values (2039, '22', 1202, 481238.19, 4440102.98, 50.72);
insert into STATION values (2040, '23', 1202, 481244.00, 4440093.00, 29.00);
insert into STATION_FLAG values(2040, 'ent');
insert into STATION values (2041, 'R1BL_1', 1206, 481047.67, 4440041.61, 35.60);
insert into STATION values (2042, 'R1BL_0', 1206, 481047.96, 4440048.62, 39.02);
insert into STATION values (2043, 'R1BL_1A', 1206, 481046.14, 4440044.42, 35.60);
insert into STATION values (2044, 'R1BL_2', 1206, 481050.51, 4440034.45, 35.60);
insert into STATION values (2045, 'R1BL_3', 1206, 481058.17, 4440037.34, 35.17);
insert into STATION values (2046, 'R1BL_4', 1206, 481060.91, 4440038.48, 35.64);
insert into STATION values (2047, 'R1BL_4B', 1206, 481060.59, 4440035.59, 36.37);
insert into STATION values (2048, 'R1BL_5', 1206, 481060.91, 4440038.48, 30.64);
insert into STATION values (2049, 'R1BL_6', 1206, 481064.69, 4440039.98, 31.14);
insert into STATION values (2050, 'R1BL_7', 1206, 481064.69, 4440039.98, 27.24);
insert into STATION values (2051, 'R1BL_8', 1206, 481070.07, 4440040.33, 26.87);
insert into STATION values (2052, 'R1BL_9', 1206, 481072.56, 4440040.31, 26.74);
insert into STATION values (2053, 'R1BL_10', 1206, 481075.81, 4440045.24, 26.53);
insert into STATION values (2054, 'R1BL_11', 1206, 481071.87, 4440051.38, 26.15);
insert into STATION values (2055, 'R1BL_12', 1206, 481079.41, 4440047.31, 27.35);
insert into STATION values (2056, 'R1BL_13', 1206, 481083.80, 4440045.23, 24.98);
insert into STATION values (2057, 'R1BL_14', 1206, 481088.42, 4440046.97, 22.36);
insert into STATION values (2058, 'R1BL_14C', 1206, 481088.39, 4440049.96, 21.72);
insert into STATION values (2059, 'R1BL_14D', 1206, 481095.39, 4440050.28, 19.44);
insert into STATION values (2060, 'R1BL_15', 1206, 481093.08, 4440042.87, 23.45);
insert into STATION values (2061, 'R1BL_16', 1206, 481102.33, 4440039.63, 22.07);
insert into STATION values (2062, 'R1BL_17', 1206, 481110.45, 4440033.20, 22.07);
insert into STATION values (2063, 'R1BL_18', 1206, 481113.29, 4440028.76, 14.54);
insert into STATION values (2064, 'R1BL_19', 1206, 481118.26, 4440028.56, 12.43);
insert into STATION values (2065, 'R1BL_20', 1206, 481118.13, 4440030.22, 10.57);
insert into STATION values (2066, 'R1BL_21', 1206, 481126.48, 4440033.37, 8.34);
insert into STATION values (2067, 'R1BL_22', 1206, 481139.69, 4440024.00, 8.34);
insert into STATION values (2068, 'R1BL_23', 1206, 481150.16, 4440022.09, 4.26);
insert into STATION values (2069, 'R1BL_24', 1206, 481166.00, 4440010.00, 6.00);
insert into STATION_FLAG values(2069, 'ent');
insert into STATION values (2070, 'ENT_201001', 1183, 478266.00, 4438945.00, 0.00);
insert into STATION_FLAG values(2070, 'fix');
insert into STATION values (2071, 'ENT_201002', 1183, 473138.00, 4437000.00, 325.00);
insert into STATION_FLAG values(2071, 'fix');
insert into STATION values (2072, 'ENT_201003', 1183, 473081.00, 4438618.00, 385.00);
insert into STATION_FLAG values(2072, 'fix');
insert into STATION values (2073, 'ENT_201004', 1183, 473185.00, 4437080.00, 337.00);
insert into STATION_FLAG values(2073, 'fix');
insert into STATION values (2074, 'ENT_201005', 1183, 473614.00, 4437045.00, 273.00);
insert into STATION_FLAG values(2074, 'fix');
insert into STATION values (2075, 'ENT_201006', 1183, 473794.00, 4437339.00, 294.00);
insert into STATION_FLAG values(2075, 'fix');
insert into STATION values (2076, 'ENT_201007', 1183, 473598.00, 4437045.00, 290.00);
insert into STATION_FLAG values(2076, 'fix');
insert into STATION values (2077, 'ENT_201008', 1183, 473527.00, 4437152.00, 338.00);
insert into STATION_FLAG values(2077, 'fix');
insert into STATION values (2078, 'ENT_201009', 1183, 473512.00, 4437140.00, 340.00);
insert into STATION_FLAG values(2078, 'fix');
insert into STATION values (2079, 'ENT_201010', 1183, 473749.00, 4437328.00, 309.00);
insert into STATION_FLAG values(2079, 'fix');
insert into STATION values (2080, 'ENT_201011', 1183, 473423.00, 4437558.00, 492.00);
insert into STATION_FLAG values(2080, 'fix');
insert into STATION values (2081, 'ENT_201012', 1183, 473607.00, 4437277.00, 386.00);
insert into STATION_FLAG values(2081, 'fix');
insert into STATION values (2082, 'ENT_201013', 1183, 473066.00, 4437002.00, 311.00);
insert into STATION_FLAG values(2082, 'fix');
insert into STATION values (2083, 'ENT_201014', 1183, 473378.00, 4437631.00, 526.00);
insert into STATION_FLAG values(2083, 'fix');
insert into STATION values (2084, 'ENT_201015', 1183, 473524.00, 4437766.00, 469.00);
insert into STATION_FLAG values(2084, 'fix');
insert into STATION values (2085, 'ENT_201016', 1183, 473535.00, 4437264.00, 347.00);
insert into STATION_FLAG values(2085, 'fix');
insert into STATION values (2086, 'ENT_201017', 1183, 473581.00, 4437960.00, 393.00);
insert into STATION_FLAG values(2086, 'fix');
insert into STATION values (2087, 'ENT_201018', 1183, 473619.00, 4437025.00, 268.00);
insert into STATION_FLAG values(2087, 'fix');
insert into STATION values (2088, 'ENT_201019', 1183, 473196.00, 4437124.00, 274.00);
insert into STATION_FLAG values(2088, 'fix');
insert into STATION values (2089, 'ENT_201020', 1183, 481166.00, 4440010.00, 6.00);
insert into STATION_FLAG values(2089, 'fix');
insert into STATION values (2090, 'ENT_201021', 1183, 473580.00, 4437961.00, 393.00);
insert into STATION_FLAG values(2090, 'fix');
insert into STATION values (2091, 'ENT_201022', 1183, 473519.00, 4437155.00, 335.00);
insert into STATION_FLAG values(2091, 'fix');
insert into STATION values (2092, 'ENT_201023', 1183, 473690.00, 4437099.00, 272.00);
insert into STATION_FLAG values(2092, 'fix');
insert into STATION values (2093, 'ENT_201024', 1183, 473520.00, 4437115.00, 8.00);
insert into STATION_FLAG values(2093, 'fix');
insert into STATION values (2094, 'ENT_201025', 1183, 473276.00, 4437291.00, 412.00);
insert into STATION_FLAG values(2094, 'fix');
insert into STATION values (2095, 'ENT_201026', 1183, 471000.00, 4440731.00, 9.00);
insert into STATION_FLAG values(2095, 'fix');
insert into STATION values (2096, 'ENT_201027', 1183, 473138.00, 4437000.00, 325.00);
insert into STATION_FLAG values(2096, 'fix');
insert into STATION values (2097, 'ENT_201028', 1183, 473066.00, 4437002.00, 310.00);
insert into STATION_FLAG values(2097, 'fix');
insert into STATION values (2098, 'ENT_201029', 1183, 473670.00, 4437075.00, 270.00);
insert into STATION_FLAG values(2098, 'fix');
insert into STATION values (2099, 'ENT_201030', 1183, 473185.00, 4437080.00, 337.00);
insert into STATION_FLAG values(2099, 'fix');
insert into STATION values (2100, 'ENT_201031', 1183, 473587.00, 4437133.00, 303.00);
insert into STATION_FLAG values(2100, 'fix');
insert into STATION values (2101, 'ENT_201032', 1183, 473735.00, 4437228.00, 306.00);
insert into STATION_FLAG values(2101, 'fix');
insert into STATION values (2102, 'ENT_201033', 1183, 473607.00, 4437277.00, 385.00);
insert into STATION_FLAG values(2102, 'fix');
insert into STATION values (2103, 'ENT_201034', 1183, 473652.00, 4437656.00, 397.00);
insert into STATION_FLAG values(2103, 'fix');
insert into STATION values (2104, 'ENT_201035', 1183, 473683.00, 4437677.00, 381.00);
insert into STATION_FLAG values(2104, 'fix');
insert into STATION values (2105, 'ENT_201036', 1183, 473577.00, 4438008.00, 389.00);
insert into STATION_FLAG values(2105, 'fix');
insert into STATION values (2106, 'ENT_201037', 1183, 473579.00, 4438420.00, 361.00);
insert into STATION_FLAG values(2106, 'fix');
insert into STATION values (2107, 'ENT_201038', 1183, 473601.00, 4438564.00, 347.00);
insert into STATION_FLAG values(2107, 'fix');
insert into STATION values (2108, 'ENT_201039', 1183, 473616.00, 4438593.00, 342.00);
insert into STATION_FLAG values(2108, 'fix');
insert into STATION values (2109, 'ENT_201040', 1183, 473599.00, 4438718.00, 337.00);
insert into STATION_FLAG values(2109, 'fix');
insert into STATION values (2110, 'ENT_201041', 1183, 473407.00, 4438857.00, 403.00);
insert into STATION_FLAG values(2110, 'fix');
insert into STATION values (2111, 'ENT_201042', 1183, 473028.00, 4438978.00, 312.00);
insert into STATION_FLAG values(2111, 'fix');
insert into STATION values (2112, 'ENT_201043', 1183, 473077.00, 4439130.00, 313.00);
insert into STATION_FLAG values(2112, 'fix');
insert into STATION values (2113, 'ENT_201044', 1183, 473044.00, 4439162.00, 307.00);
insert into STATION_FLAG values(2113, 'fix');
insert into STATION values (2114, 'ENT_201045', 1183, 473343.00, 4439239.00, 391.00);
insert into STATION_FLAG values(2114, 'fix');
insert into STATION values (2115, 'ENT_201046', 1183, 473652.00, 4437656.00, 397.00);
insert into STATION_FLAG values(2115, 'fix');
insert into STATION values (2116, 'ENT_201047', 1183, 473344.00, 4439239.00, 391.00);
insert into STATION_FLAG values(2116, 'fix');
insert into STATION values (2117, 'ENT_201048', 1183, 473077.00, 4439130.00, 313.00);
insert into STATION_FLAG values(2117, 'fix');
insert into STATION values (2118, 'ENT_201049', 1183, 473683.00, 4437677.00, 382.00);
insert into STATION_FLAG values(2118, 'fix');
insert into STATION values (2119, 'ENT_201050', 1183, 473599.00, 4438718.00, 338.00);
insert into STATION_FLAG values(2119, 'fix');
insert into STATION values (2120, 'ENT_201051', 1183, 477006.00, 4441940.00, 0.00);
insert into STATION_FLAG values(2120, 'fix');
insert into STATION values (2121, 'ENT_201052', 1183, 479866.00, 4441309.00, 356.00);
insert into STATION_FLAG values(2121, 'fix');
insert into STATION values (2122, 'ENT_201053', 1183, 480018.00, 4441221.00, 351.00);
insert into STATION_FLAG values(2122, 'fix');
insert into STATION values (2123, 'ENT_201054', 1183, 479883.00, 4441642.00, 239.00);
insert into STATION_FLAG values(2123, 'fix');
insert into STATION values (2124, 'ENT_201055', 1183, 476404.00, 4442053.00, 0.00);
insert into STATION_FLAG values(2124, 'fix');
insert into STATION values (2125, 'ENT_201056', 1183, 476668.00, 4441599.00, 303.00);
insert into STATION_FLAG values(2125, 'fix');
insert into STATION values (2126, 'ENT_201057', 1183, 476670.00, 4441599.00, 306.00);
insert into STATION_FLAG values(2126, 'fix');
insert into STATION values (2127, 'ENT_201058', 1183, 476570.00, 4441550.00, 329.00);
insert into STATION_FLAG values(2127, 'fix');
insert into STATION values (2128, 'ENT_201059', 1183, 476811.00, 4441550.00, 298.00);
insert into STATION_FLAG values(2128, 'fix');
insert into STATION values (2129, 'ENT_201060', 1183, 476555.00, 4442064.00, 0.00);
insert into STATION_FLAG values(2129, 'fix');
insert into STATION values (2130, 'ENT_201061', 1183, 476491.00, 4441850.00, 292.00);
insert into STATION_FLAG values(2130, 'fix');
insert into STATION values (2131, 'ENT_201062', 1183, 476217.00, 4441660.00, 314.00);
insert into STATION_FLAG values(2131, 'fix');
insert into STATION values (2132, 'ENT_201063', 1183, 476293.00, 4441568.00, 344.00);
insert into STATION_FLAG values(2132, 'fix');
insert into STATION values (2133, 'ENT_201064', 1183, 476287.00, 4441655.00, 364.00);
insert into STATION_FLAG values(2133, 'fix');
insert into STATION values (2134, 'ENT_201065', 1183, 476316.00, 4440859.00, 596.00);
insert into STATION_FLAG values(2134, 'fix');
insert into STATION values (2135, 'ENT_201066', 1183, 476028.00, 4441666.00, 277.00);
insert into STATION_FLAG values(2135, 'fix');
insert into STATION values (2136, 'ENT_201067', 1183, 475784.00, 4441912.00, 388.00);
insert into STATION_FLAG values(2136, 'fix');
insert into STATION values (2137, 'ENT_201068', 1183, 475808.00, 4441893.00, 380.00);
insert into STATION_FLAG values(2137, 'fix');
insert into STATION values (2138, 'ENT_201069', 1183, 475787.00, 4441900.00, 382.00);
insert into STATION_FLAG values(2138, 'fix');
insert into STATION values (2139, 'ENT_201070', 1183, 476036.00, 4441670.00, 295.00);
insert into STATION_FLAG values(2139, 'fix');
insert into STATION values (2140, 'ENT_201071', 1183, 476576.00, 4441740.00, 281.00);
insert into STATION_FLAG values(2140, 'fix');
insert into STATION values (2141, 'ENT_201072', 1183, 476632.00, 4441445.00, 378.00);
insert into STATION_FLAG values(2141, 'fix');
insert into STATION values (2142, 'ENT_201073', 1183, 476597.00, 4441532.00, 316.00);
insert into STATION_FLAG values(2142, 'fix');
insert into STATION values (2143, 'ENT_201074', 1183, 481244.00, 4440093.00, 29.00);
insert into STATION_FLAG values(2143, 'fix');
insert into STATION values (2144, 'ENT_201075', 1183, 475551.00, 4442964.00, 285.00);
insert into STATION_FLAG values(2144, 'fix');
insert into STATION values (2145, 'ENT_201076', 1183, 475670.00, 4442920.00, 323.00);
insert into STATION_FLAG values(2145, 'fix');
insert into STATION values (2146, 'ENT_201077', 1183, 475375.00, 4442069.00, 430.00);
insert into STATION_FLAG values(2146, 'fix');
insert into STATION values (2147, 'ENT_201078', 1183, 475272.00, 4442209.00, 460.00);
insert into STATION_FLAG values(2147, 'fix');
insert into STATION values (2148, 'ENT_201079', 1183, 473005.00, 4437401.00, 471.00);
insert into STATION_FLAG values(2148, 'fix');
insert into STATION values (2149, 'ENT_201080', 1183, 470851.00, 4437247.00, 13.00);
insert into STATION_FLAG values(2149, 'fix');
insert into STATION values (2150, 'SOMMET360', 1183, 472954.00, 4437990.00, 662.00);
insert into STATION_FLAG values(2150, 'fix');
insert into STATION values (2151, 'BLOCSGRES', 1183, 472902.00, 4437730.00, 603.00);
insert into STATION_FLAG values(2151, 'fix');
insert into STATION values (2152, 'ENT_202001', 1281, 481705.00, 4438320.00, 5.00);
insert into STATION_FLAG values(2152, 'fix');
insert into STATION values (2153, 'ENT_203001', 1285, 472905.00, 4434743.00, 253.00);
insert into STATION_FLAG values(2153, 'fix');
insert into STATION values (2154, 'ENT_203002', 1285, 473028.00, 4434786.00, 258.00);
insert into STATION_FLAG values(2154, 'fix');
insert into STATION values (2155, 'ENT_203003', 1285, 473145.00, 4434865.00, 249.00);
insert into STATION_FLAG values(2155, 'fix');
insert into STATION values (2156, 'ENT_203004', 1285, 473023.00, 4434914.00, 252.00);
insert into STATION_FLAG values(2156, 'fix');
insert into STATION values (2157, 'ENT_203005', 1285, 472899.00, 4435932.00, 34.00);
insert into STATION_FLAG values(2157, 'fix');
insert into STATION values (2158, 'ENT_203006', 1285, 472591.00, 4435495.00, 119.00);
insert into STATION_FLAG values(2158, 'fix');
insert into STATION values (2159, 'ENT_203007', 1285, 472563.00, 4435496.00, 121.00);
insert into STATION_FLAG values(2159, 'fix');
insert into STATION values (2160, 'ENT_203008', 1285, 473096.00, 4434992.00, 334.00);
insert into STATION_FLAG values(2160, 'fix');
insert into STATION values (2161, 'ENT_203009', 1285, 472629.00, 4435676.00, 105.00);
insert into STATION_FLAG values(2161, 'fix');
insert into STATION values (2162, 'ENT_203010', 1285, 470851.00, 4437247.00, 13.00);
insert into STATION_FLAG values(2162, 'fix');
insert into STATION values (2163, 'ENT_203011', 1285, 470883.00, 4433935.00, 35.00);
insert into STATION_FLAG values(2163, 'fix');
insert into STATION values (2164, 'ENT_203012', 1285, 471003.00, 4434013.00, 0.00);
insert into STATION_FLAG values(2164, 'fix');
insert into STATION values (2165, 'G0', 1300, 474597.87, 4432507.91, 88.55);
insert into STATION values (2166, 'G1', 1300, 474603.04, 4432500.52, 91.83);
insert into STATION values (2167, 'G2', 1300, 474608.80, 4432492.27, 96.52);
insert into STATION values (2168, 'G3', 1300, 474610.27, 4432491.74, 99.87);
insert into STATION values (2169, 'G4', 1300, 474611.74, 4432490.51, 101.48);
insert into STATION values (2170, 'G5', 1300, 474614.50, 4432487.21, 107.62);
insert into STATION values (2171, 'G6', 1300, 474615.16, 4432486.27, 110.07);
insert into STATION values (2172, 'G7', 1300, 474613.28, 4432487.59, 111.68);
insert into STATION values (2173, 'G8', 1300, 474611.29, 4432488.74, 114.95);
insert into STATION values (2174, 'G9', 1300, 474612.89, 4432485.30, 116.97);
insert into STATION values (2175, 'G10', 1300, 474614.15, 4432484.04, 117.22);
insert into STATION values (2176, 'G11', 1300, 474613.01, 4432482.41, 121.48);
insert into STATION values (2177, 'G12', 1300, 474615.17, 4432478.66, 123.06);
insert into STATION values (2178, 'G13', 1300, 474618.38, 4432474.07, 121.56);
insert into STATION values (2179, 'F8', 1300, 474621.74, 4432469.27, 122.27);
insert into STATION values (2180, 'F0', 1300, 474630.00, 4432456.00, 153.00);
insert into STATION_FLAG values(2180, 'ent');
insert into STATION values (2181, 'F1', 1300, 474628.96, 4432454.39, 151.09);
insert into STATION values (2182, 'F2', 1300, 474628.97, 4432454.39, 141.79);
insert into STATION values (2183, 'F3', 1300, 474633.18, 4432451.95, 138.99);
insert into STATION values (2184, 'F4', 1300, 474637.25, 4432450.85, 133.01);
insert into STATION values (2185, 'F5', 1300, 474630.88, 4432456.20, 129.63);
insert into STATION values (2186, 'F6', 1300, 474624.90, 4432464.75, 127.79);
insert into STATION values (2187, 'F7', 1300, 474622.47, 4432468.23, 123.55);
insert into STATION values (2188, 'F9', 1300, 474623.20, 4432462.00, 127.58);
insert into STATION values (2189, 'F10', 1300, 474620.79, 4432462.32, 126.28);
insert into STATION values (2190, 'F11', 1300, 474611.74, 4432463.68, 132.36);
insert into STATION values (2191, 'F12', 1300, 474609.16, 4432465.58, 136.31);
insert into STATION values (2192, 'F13', 1300, 474605.70, 4432461.84, 137.36);
insert into STATION values (2193, 'F14', 1300, 474604.95, 4432455.54, 139.11);
insert into STATION values (2194, 'F15', 1300, 474598.77, 4432454.25, 139.61);
insert into STATION values (2195, 'F16', 1300, 474600.93, 4432451.74, 139.39);
insert into STATION values (2196, 'F17', 1300, 474603.49, 4432450.65, 135.96);
insert into STATION values (2197, 'F18', 1300, 474617.18, 4432454.60, 131.44);
insert into STATION values (2198, '0', 1304, 475586.00, 4431730.00, 130.00);
insert into STATION_FLAG values(2198, 'ent');
insert into STATION values (2199, '1', 1304, 475598.62, 4431711.96, 131.93);
insert into STATION values (2200, '2', 1304, 475601.77, 4431707.45, 131.93);
insert into STATION values (2201, '3', 1304, 475606.34, 4431703.61, 136.94);
insert into STATION values (2202, '4', 1304, 475613.87, 4431701.58, 142.01);
insert into STATION values (2203, '5', 1304, 475613.23, 4431689.43, 145.27);
insert into STATION values (2204, '6', 1304, 475616.35, 4431667.14, 151.30);
insert into STATION values (2205, '7', 1304, 475618.70, 4431647.88, 154.72);
insert into STATION values (2206, '8', 1304, 475624.25, 4431635.95, 159.51);
insert into STATION values (2207, '9', 1304, 475622.40, 4431634.40, 160.15);
insert into STATION values (2208, 'A0', 1308, 474547.67, 4432393.39, 137.59);
insert into STATION_FLAG values(2208, 'ent');
insert into STATION values (2209, 'A1', 1308, 474552.63, 4432394.00, 137.59);
insert into STATION values (2210, 'A2', 1308, 474556.29, 4432394.45, 139.80);
insert into STATION values (2211, 'A3', 1308, 474558.08, 4432394.63, 139.65);
insert into STATION values (2212, 'A4', 1308, 474562.18, 4432401.45, 137.66);
insert into STATION values (2213, 'A4B', 1308, 474558.11, 4432401.59, 135.12);
insert into STATION values (2214, 'A5', 1308, 474570.58, 4432406.49, 137.49);
insert into STATION values (2215, 'A5B', 1308, 474566.52, 4432411.00, 132.92);
insert into STATION values (2216, 'A6', 1308, 474577.16, 4432409.14, 138.74);
insert into STATION values (2217, 'A7', 1308, 474581.20, 4432412.08, 138.74);
insert into STATION values (2218, 'A7B', 1308, 474580.10, 4432415.29, 135.79);
insert into STATION values (2219, 'A8', 1308, 474584.59, 4432406.86, 142.94);
insert into STATION values (2220, 'A8B', 1308, 474587.02, 4432403.10, 145.96);
insert into STATION values (2221, 'A9', 1308, 474579.68, 4432402.45, 142.94);
insert into STATION values (2222, 'A10', 1308, 474572.98, 4432416.38, 143.76);
insert into STATION values (2223, 'A11', 1308, 474570.00, 4432422.00, 145.00);
insert into STATION values (2224, 'A12', 1308, 474570.80, 4432424.63, 146.28);
insert into STATION values (2225, 'A13', 1308, 474576.36, 4432424.25, 146.38);
insert into STATION values (2226, 'A14', 1308, 474580.29, 4432429.31, 144.78);
insert into STATION values (2227, 'A15', 1308, 474579.73, 4432434.53, 143.18);
insert into STATION values (2228, 'A16', 1308, 474584.70, 4432439.54, 141.02);
insert into STATION values (2229, 'A17', 1308, 474589.33, 4432446.47, 140.15);
insert into STATION values (2230, 'A18', 1308, 474592.31, 4432446.58, 140.78);
insert into STATION values (2231, 'A19', 1308, 474596.32, 4432448.55, 141.02);
insert into STATION values (2232, 'A20', 1308, 474599.75, 4432447.82, 142.44);
insert into STATION values (2233, 'A20B', 1308, 474597.79, 4432450.84, 145.91);
insert into STATION values (2234, 'A21', 1308, 474601.38, 4432452.35, 140.59);
insert into STATION values (2235, 'F15', 1308, 474598.77, 4432454.25, 139.61);
insert into STATION values (2236, '100', 1308, 474663.72, 4432430.99, 89.13);
insert into STATION values (2237, '101', 1308, 474661.26, 4432440.17, 89.13);
insert into STATION values (2238, '102', 1308, 474657.72, 4432442.22, 94.56);
insert into STATION values (2239, '103', 1308, 474651.73, 4432449.37, 101.34);
insert into STATION values (2240, '104', 1308, 474644.26, 4432456.11, 106.03);
insert into STATION values (2241, '105', 1308, 474635.33, 4432461.92, 109.28);
insert into STATION values (2242, '106', 1308, 474637.13, 4432455.62, 115.61);
insert into STATION values (2243, '107', 1308, 474638.36, 4432448.59, 121.60);
insert into STATION values (2244, '109', 1308, 474643.23, 4432442.79, 128.78);
insert into STATION values (2245, '108', 1308, 474638.44, 4432449.26, 131.03);
insert into STATION values (2246, 'F4', 1308, 474637.25, 4432450.85, 133.01);
insert into STATION values (2247, '110', 1308, 474646.99, 4432433.48, 131.66);
insert into STATION values (2248, '111', 1308, 474648.52, 4432429.67, 137.52);
insert into STATION values (2249, '112', 1308, 474646.27, 4432429.63, 140.99);
insert into STATION values (2250, '113', 1308, 474648.28, 4432426.14, 143.92);
insert into STATION values (2251, '114', 1308, 474650.25, 4432422.43, 146.34);
insert into STATION values (2252, '115', 1308, 474648.68, 4432419.22, 150.32);
insert into STATION values (2253, 'G0', 1312, 475703.88, 4431769.38, 151.78);
insert into STATION values (2254, 'G1', 1312, 475703.88, 4431769.38, 163.78);
insert into STATION values (2255, 'G2', 1312, 475705.60, 4431764.46, 165.18);
insert into STATION values (2256, 'G3', 1312, 475707.49, 4431763.92, 165.53);
insert into STATION values (2257, 'G4', 1312, 475710.00, 4431758.35, 167.75);
insert into STATION values (2258, 'G5', 1312, 475708.00, 4431755.00, 170.00);
insert into STATION_FLAG values(2258, 'ent');
insert into STATION values (2259, 'A0', 1312, 475681.47, 4431813.63, 148.79);
insert into STATION values (2260, 'A1', 1312, 475694.47, 4431825.24, 150.44);
insert into STATION values (2261, 'A2', 1312, 475699.78, 4431827.02, 149.95);
insert into STATION values (2262, 'A3', 1312, 475700.97, 4431806.52, 153.93);
insert into STATION values (2263, 'A4', 1312, 475716.34, 4431797.61, 150.70);
insert into STATION values (2264, '1', 1312, 475683.10, 4431798.82, 156.23);
insert into STATION values (2265, '2', 1312, 475688.79, 4431780.58, 157.37);
insert into STATION values (2266, '3', 1312, 475692.80, 4431770.30, 157.33);
insert into STATION values (2267, '4', 1312, 475698.59, 4431766.24, 152.55);
insert into STATION values (2268, '6', 1312, 475714.92, 4431782.38, 150.79);
insert into STATION values (2269, 'ENT_204001', 1298, 474630.00, 4432456.00, 153.00);
insert into STATION_FLAG values(2269, 'fix');
insert into STATION values (2270, 'ENT_204002', 1298, 474370.00, 4432520.00, 74.00);
insert into STATION_FLAG values(2270, 'fix');
insert into STATION values (2271, 'ENT_204003', 1298, 475586.00, 4431730.00, 130.00);
insert into STATION_FLAG values(2271, 'fix');
insert into STATION values (2272, 'ENT_204004', 1298, 474570.00, 4432422.00, 145.00);
insert into STATION_FLAG values(2272, 'fix');
insert into STATION values (2273, 'ENT_204005', 1298, 473390.00, 4434247.00, 316.00);
insert into STATION_FLAG values(2273, 'fix');
insert into STATION values (2274, 'ENT_204006', 1298, 473289.00, 4434576.00, 305.00);
insert into STATION_FLAG values(2274, 'fix');
insert into STATION values (2275, 'ENT_204007', 1298, 474168.00, 4435461.00, 157.00);
insert into STATION_FLAG values(2275, 'fix');
insert into STATION values (2276, 'ENT_204008', 1298, 472046.00, 4433537.00, 84.00);
insert into STATION_FLAG values(2276, 'fix');
insert into STATION values (2277, 'ENT_204009', 1298, 471984.00, 4433604.00, 50.00);
insert into STATION_FLAG values(2277, 'fix');
insert into STATION values (2278, 'ENT_204010', 1298, 475708.00, 4431755.00, 170.00);
insert into STATION_FLAG values(2278, 'fix');
insert into STATION values (2279, '0', 1324, 468749.00, 4428616.00, 2.00);
insert into STATION_FLAG values(2279, 'ent');
insert into STATION values (2280, '1', 1324, 468752.56, 4428618.44, 2.74);
insert into STATION values (2281, '2', 1324, 468757.42, 4428620.04, 3.76);
insert into STATION values (2282, '3', 1324, 468762.86, 4428628.22, 4.62);
insert into STATION values (2283, '4', 1324, 468766.59, 4428631.49, 4.83);
insert into STATION values (2284, '5', 1324, 468769.30, 4428633.87, 5.05);
insert into STATION values (2285, '6', 1324, 468771.08, 4428631.11, 5.27);
insert into STATION values (2286, 'A', 1324, 468768.06, 4428629.21, 9.09);
insert into STATION values (2287, '7', 1324, 468775.93, 4428632.75, 5.43);
insert into STATION values (2288, '8', 1324, 468777.87, 4428634.75, 5.45);
insert into STATION values (2289, '9', 1324, 468781.19, 4428637.83, 5.47);
insert into STATION values (2290, '10', 1324, 468785.93, 4428640.59, 5.65);
insert into STATION values (2291, '11', 1324, 468789.29, 4428640.98, 5.97);
insert into STATION values (2292, '12', 1324, 468792.41, 4428643.02, 5.99);
insert into STATION values (2293, '13', 1324, 468795.94, 4428643.12, 6.17);
insert into STATION values (2294, '14', 1324, 468797.38, 4428645.34, 6.05);
insert into STATION values (2295, '15', 1324, 468793.94, 4428647.31, 6.12);
insert into STATION values (2296, '16', 1324, 468793.04, 4428648.80, 6.05);
insert into STATION values (2297, '17', 1324, 468794.42, 4428652.88, 6.12);
insert into STATION values (2298, '18', 1324, 468793.19, 4428654.41, 6.09);
insert into STATION values (2299, 'B', 1324, 468798.00, 4428655.63, 6.11);
insert into STATION values (2300, '19', 1324, 468791.52, 4428658.49, 6.13);
insert into STATION values (2301, 'C', 1324, 468788.76, 4428662.20, 6.66);
insert into STATION values (2302, 'C1', 1324, 468789.02, 4428663.14, 6.66);
insert into STATION values (2303, '20', 1324, 468790.88, 4428656.54, 6.10);
insert into STATION values (2304, '21', 1324, 468789.41, 4428654.85, 6.10);
insert into STATION values (2305, '22', 1324, 468788.37, 4428651.45, 6.04);
insert into STATION values (2306, '23', 1324, 468786.71, 4428649.39, 5.82);
insert into STATION values (2307, '24', 1324, 468784.07, 4428647.73, 5.44);
insert into STATION values (2308, '25', 1324, 468782.53, 4428646.98, 5.38);
insert into STATION values (2309, '26', 1324, 468778.96, 4428646.68, 5.28);
insert into STATION values (2310, '27', 1324, 468775.36, 4428646.48, 5.18);
insert into STATION values (2311, '28', 1324, 468774.06, 4428645.16, 5.05);
insert into STATION values (2312, '29', 1324, 468772.12, 4428645.71, 5.12);
insert into STATION values (2313, '30', 1324, 468769.55, 4428645.86, 5.69);
insert into STATION values (2314, '31', 1324, 468769.90, 4428647.37, 5.16);
insert into STATION values (2315, '32', 1324, 468771.63, 4428649.10, 4.91);
insert into STATION values (2316, '33', 1324, 468772.39, 4428651.14, 5.14);
insert into STATION values (2317, '34', 1324, 468772.42, 4428654.61, 5.56);
insert into STATION values (2318, '35', 1324, 468775.99, 4428657.63, 5.29);
insert into STATION values (2319, 'D', 1324, 468779.10, 4428660.87, 5.29);
insert into STATION values (2320, '36', 1324, 468772.54, 4428655.01, 5.24);
insert into STATION values (2321, '37', 1324, 468769.82, 4428653.91, 5.47);
insert into STATION values (2322, '38', 1324, 468766.94, 4428654.07, 5.54);
insert into STATION values (2323, 'E', 1324, 468764.75, 4428639.81, 4.49);
insert into STATION values (2324, '40', 1324, 468800.14, 4428645.33, 6.14);
insert into STATION values (2325, '41', 1324, 468804.09, 4428643.05, 6.48);
insert into STATION values (2326, '42', 1324, 468808.15, 4428640.56, 6.76);
insert into STATION values (2327, '43', 1324, 468811.19, 4428643.35, 6.77);
insert into STATION values (2328, '44', 1324, 468809.80, 4428649.22, 6.70);
insert into STATION values (2329, '45', 1324, 468806.43, 4428651.17, 6.63);
insert into STATION values (2330, '46', 1324, 468802.31, 4428652.07, 6.57);
insert into STATION values (2331, '47', 1324, 468800.36, 4428647.76, 6.25);
insert into STATION values (2332, '100', 1324, 468787.19, 4428644.95, 5.51);
insert into STATION values (2333, 'Z', 1324, 468772.07, 4428639.20, 4.84);
insert into STATION values (2334, 'X', 1324, 468761.19, 4428641.47, 5.13);
insert into STATION values (2335, '0', 1328, 472991.00, 4429200.00, 250.00);
insert into STATION_FLAG values(2335, 'ent');
insert into STATION values (2336, '1', 1328, 472978.13, 4429198.69, 237.06);
insert into STATION values (2337, '2', 1328, 472975.05, 4429193.18, 231.37);
insert into STATION values (2338, '3', 1328, 472966.54, 4429189.60, 225.38);
insert into STATION values (2339, '3A', 1328, 472959.78, 4429184.36, 226.28);
insert into STATION values (2340, '4', 1328, 472964.45, 4429191.63, 224.32);
insert into STATION values (2341, '5', 1328, 472957.46, 4429190.55, 215.26);
insert into STATION values (2342, '6', 1328, 472947.31, 4429194.28, 207.69);
insert into STATION values (2343, '7', 1328, 472936.54, 4429192.61, 197.53);
insert into STATION values (2344, '8', 1328, 472936.68, 4429195.07, 189.49);
insert into STATION values (2345, '9', 1328, 472934.07, 4429195.39, 187.85);
insert into STATION values (2346, '10', 1328, 472929.63, 4429193.88, 187.52);
insert into STATION values (2347, '11', 1328, 472925.35, 4429195.37, 173.59);
insert into STATION values (2348, '12', 1328, 472924.14, 4429202.89, 168.26);
insert into STATION values (2349, '2.1', 1328, 472918.96, 4429213.40, 160.05);
insert into STATION values (2350, '2.2', 1328, 472916.62, 4429217.60, 157.50);
insert into STATION values (2351, '2.3', 1328, 472908.80, 4429220.73, 153.20);
insert into STATION values (2352, '2.4', 1328, 472902.59, 4429221.91, 143.84);
insert into STATION values (2353, '2.5', 1328, 472897.66, 4429225.47, 137.76);
insert into STATION values (2354, '2.7', 1328, 472893.54, 4429229.42, 135.09);
insert into STATION values (2355, '2.8', 1328, 472891.35, 4429232.20, 131.56);
insert into STATION values (2356, '2.9', 1328, 472890.32, 4429233.46, 130.19);
insert into STATION values (2357, '2.10', 1328, 472887.74, 4429237.26, 128.05);
insert into STATION values (2358, '2.11', 1328, 472885.12, 4429238.30, 127.02);
insert into STATION values (2359, '2.12', 1328, 472886.43, 4429241.93, 125.62);
insert into STATION values (2360, '2.13', 1328, 472876.89, 4429249.88, 120.85);
insert into STATION values (2361, '2.14', 1328, 472872.71, 4429255.18, 118.66);
insert into STATION values (2362, '2.15', 1328, 472870.62, 4429259.64, 112.36);
insert into STATION values (2363, '2.16', 1328, 472871.07, 4429264.15, 110.24);
insert into STATION values (2364, '2.17', 1328, 472871.29, 4429267.34, 104.70);
insert into STATION values (2365, '2.18', 1328, 472866.36, 4429272.97, 103.38);
insert into STATION values (2366, '2.19', 1328, 472862.02, 4429270.24, 102.48);
insert into STATION values (2367, '2.20', 1328, 472856.70, 4429266.76, 97.14);
insert into STATION values (2368, '2.21', 1328, 472841.68, 4429262.40, 92.95);
insert into STATION values (2369, '1.0', 1328, 472960.46, 4429091.20, 162.64);
insert into STATION values (2370, '1.1', 1328, 472959.60, 4429091.46, 162.64);
insert into STATION values (2371, '1.2', 1328, 472957.69, 4429092.84, 162.64);
insert into STATION values (2372, '1.3', 1328, 472956.72, 4429094.17, 162.64);
insert into STATION values (2373, '1.4', 1328, 472954.39, 4429094.65, 162.64);
insert into STATION values (2374, '1.5', 1328, 472953.03, 4429097.08, 162.64);
insert into STATION values (2375, '1.6', 1328, 472950.22, 4429101.22, 162.64);
insert into STATION values (2376, '1.7', 1328, 472953.17, 4429105.62, 162.64);
insert into STATION values (2377, '1.8', 1328, 472955.99, 4429110.34, 162.64);
insert into STATION values (2378, '1.9', 1328, 472962.48, 4429113.26, 162.64);
insert into STATION values (2379, '1.10', 1328, 472958.82, 4429138.70, 162.64);
insert into STATION values (2380, '1.11', 1328, 472948.71, 4429148.39, 162.40);
insert into STATION values (2381, '1.12', 1328, 472947.57, 4429156.31, 162.26);
insert into STATION values (2382, '1.13', 1328, 472948.43, 4429160.79, 162.18);
insert into STATION values (2383, '1.14', 1328, 472952.76, 4429166.38, 162.05);
insert into STATION values (2384, '1.15', 1328, 472948.48, 4429169.36, 161.96);
insert into STATION values (2385, '1.16', 1328, 472951.47, 4429182.52, 161.73);
insert into STATION values (2386, '1.17', 1328, 472942.78, 4429186.54, 161.56);
insert into STATION values (2387, '1.18', 1328, 472938.70, 4429205.40, 161.22);
insert into STATION values (2388, '1.19', 1328, 472923.81, 4429214.27, 160.92);
insert into STATION values (2389, '1.20', 1328, 472915.96, 4429224.62, 153.42);
insert into STATION values (2390, '1.21', 1328, 472911.99, 4429222.84, 153.42);
insert into STATION values (2391, '1.22', 1328, 472911.16, 4429226.36, 153.42);
insert into STATION values (2392, '1.23', 1328, 472910.31, 4429228.35, 155.43);
insert into STATION values (2393, '1.24', 1328, 472912.03, 4429231.23, 156.33);
insert into STATION values (2394, '1.25', 1328, 472907.12, 4429232.61, 156.33);
insert into STATION values (2395, '1.26', 1328, 472906.96, 4429236.71, 156.33);
insert into STATION values (2396, '1.27', 1328, 472903.98, 4429233.60, 153.42);
insert into STATION values (2397, '1.28', 1328, 472902.33, 4429240.11, 152.84);
insert into STATION values (2398, '1.29', 1328, 472897.79, 4429237.13, 151.48);
insert into STATION values (2399, '1.30', 1328, 472895.64, 4429236.43, 150.66);
insert into STATION values (2400, '1', 1334, 472890.73, 4429346.27, 228.29);
insert into STATION values (2401, '0', 1334, 472888.00, 4429344.00, 233.00);
insert into STATION_FLAG values(2401, 'ent');
insert into STATION values (2402, '2', 1334, 472885.25, 4429352.62, 215.85);
insert into STATION values (2403, '3', 1334, 472877.23, 4429359.40, 207.05);
insert into STATION values (2404, '4', 1334, 472868.02, 4429359.27, 203.69);
insert into STATION values (2405, '5', 1334, 472866.36, 4429357.43, 203.35);
insert into STATION values (2406, '6', 1334, 472866.09, 4429354.43, 200.00);
insert into STATION values (2407, '7', 1334, 472863.55, 4429354.66, 193.70);
insert into STATION values (2408, '8', 1334, 472857.13, 4429352.72, 189.34);
insert into STATION values (2409, '9', 1334, 472853.46, 4429350.18, 185.18);
insert into STATION values (2410, '10', 1334, 472850.91, 4429351.07, 185.18);
insert into STATION values (2411, '11', 1334, 472848.16, 4429350.44, 183.48);
insert into STATION values (2412, '12', 1334, 472844.49, 4429351.93, 182.42);
insert into STATION values (2413, '13', 1334, 472843.95, 4429349.95, 179.59);
insert into STATION values (2414, '14', 1334, 472839.28, 4429348.45, 175.17);
insert into STATION values (2415, '15', 1334, 472834.34, 4429348.90, 155.28);
insert into STATION values (2416, '16', 1334, 472826.52, 4429351.02, 143.26);
insert into STATION values (2417, '17', 1334, 472822.67, 4429353.94, 138.91);
insert into STATION values (2418, '18', 1334, 472819.14, 4429355.31, 130.41);
insert into STATION values (2419, '19', 1334, 472822.15, 4429358.51, 127.10);
insert into STATION values (2420, '20', 1334, 472822.15, 4429358.51, 120.00);
insert into STATION values (2421, '30', 1334, 472824.57, 4429360.68, 138.91);
insert into STATION values (2422, '31', 1334, 472822.16, 4429361.65, 124.14);
insert into STATION values (2423, '32', 1334, 472822.70, 4429363.57, 124.14);
insert into STATION values (2424, '33', 1334, 472822.70, 4429363.57, 99.14);
insert into STATION values (2425, '0', 1339, 471572.00, 4429671.00, 357.00);
insert into STATION_FLAG values(2425, 'ent');
insert into STATION values (2426, '1', 1339, 471566.65, 4429675.34, 355.78);
insert into STATION values (2427, '1A', 1339, 471566.65, 4429675.34, 338.78);
insert into STATION values (2428, '1B', 1339, 471566.65, 4429675.34, 338.28);
insert into STATION values (2429, '2', 1339, 471564.01, 4429677.48, 355.19);
insert into STATION values (2430, '3', 1339, 471558.89, 4429673.19, 354.84);
insert into STATION values (2431, '4', 1339, 471552.71, 4429677.05, 349.55);
insert into STATION values (2432, '5', 1339, 471546.72, 4429679.60, 351.79);
insert into STATION values (2433, '6', 1339, 471542.34, 4429682.14, 353.43);
insert into STATION values (2434, '7', 1339, 471546.05, 4429667.22, 353.97);
insert into STATION values (2435, '8', 1339, 471545.73, 4429658.37, 354.74);
insert into STATION values (2436, '9', 1339, 471541.59, 4429654.23, 354.44);
insert into STATION values (2437, '10', 1339, 471547.07, 4429642.98, 354.44);
insert into STATION values (2438, '11', 1339, 471547.06, 4429631.93, 353.86);
insert into STATION values (2439, '12', 1339, 471540.23, 4429623.20, 354.25);
insert into STATION values (2440, '13', 1339, 471537.50, 4429616.10, 354.38);
insert into STATION values (2441, '14', 1339, 471539.80, 4429610.68, 354.79);
insert into STATION values (2442, '15', 1339, 471541.35, 4429601.86, 355.42);
insert into STATION values (2443, 'ENT_205001', 1322, 468749.00, 4428616.00, 2.00);
insert into STATION_FLAG values(2443, 'fix');
insert into STATION values (2444, 'ENT_205002', 1322, 469246.00, 4429044.00, 183.00);
insert into STATION_FLAG values(2444, 'fix');
insert into STATION values (2445, 'ENT_205003', 1322, 472569.00, 4429495.00, 270.00);
insert into STATION_FLAG values(2445, 'fix');
insert into STATION values (2446, 'ENT_205004', 1322, 472991.00, 4429200.00, 250.00);
insert into STATION_FLAG values(2446, 'fix');
insert into STATION values (2447, 'ENT_205005', 1322, 472888.00, 4429344.00, 233.00);
insert into STATION_FLAG values(2447, 'fix');
insert into STATION values (2448, 'ENT_205006', 1322, 472675.00, 4429462.00, 245.00);
insert into STATION_FLAG values(2448, 'fix');
insert into STATION values (2449, 'ENT_205007', 1322, 472620.00, 4429466.00, 237.00);
insert into STATION_FLAG values(2449, 'fix');
insert into STATION values (2450, 'ENT_205008', 1322, 472373.00, 4429958.00, 300.00);
insert into STATION_FLAG values(2450, 'fix');
insert into STATION values (2451, 'ENT_205009', 1322, 472414.00, 4429499.00, 281.00);
insert into STATION_FLAG values(2451, 'fix');
insert into STATION values (2452, 'ENT_205010', 1322, 472798.00, 4429403.00, 260.00);
insert into STATION_FLAG values(2452, 'fix');
insert into STATION values (2453, 'ENT_205011', 1322, 472768.00, 4429435.00, 265.00);
insert into STATION_FLAG values(2453, 'fix');
insert into STATION values (2454, 'ENT_205012', 1322, 472890.00, 4429492.00, 294.00);
insert into STATION_FLAG values(2454, 'fix');
insert into STATION values (2455, 'ENT_205013', 1322, 472672.00, 4429457.00, 249.00);
insert into STATION_FLAG values(2455, 'fix');
insert into STATION values (2456, 'ENT_205014', 1322, 471557.00, 4429685.00, 399.00);
insert into STATION_FLAG values(2456, 'fix');
insert into STATION values (2457, 'ENT_205015', 1322, 472343.00, 4429312.00, 309.00);
insert into STATION_FLAG values(2457, 'fix');
insert into STATION values (2458, 'ENT_205016', 1322, 471527.00, 4429604.00, 415.00);
insert into STATION_FLAG values(2458, 'fix');
insert into STATION values (2459, 'ENT_205017', 1322, 471546.00, 4429667.00, 407.00);
insert into STATION_FLAG values(2459, 'fix');
insert into STATION values (2460, 'ENT_205018', 1322, 471601.00, 4429940.00, 413.00);
insert into STATION_FLAG values(2460, 'fix');
insert into STATION values (2461, 'ENT_205019', 1322, 471184.00, 4431010.00, 275.00);
insert into STATION_FLAG values(2461, 'fix');
insert into STATION values (2462, 'ENT_205020', 1322, 472620.00, 4429463.00, 249.00);
insert into STATION_FLAG values(2462, 'fix');
insert into STATION values (2463, 'ENT_205021', 1322, 474306.00, 4431894.00, 207.00);
insert into STATION_FLAG values(2463, 'fix');
insert into STATION values (2464, 'ENT_205022', 1322, 474215.00, 4431943.00, 230.00);
insert into STATION_FLAG values(2464, 'fix');
insert into STATION values (2465, 'ENT_205023', 1322, 474413.00, 4431894.00, 191.00);
insert into STATION_FLAG values(2465, 'fix');
insert into STATION values (2466, 'ENT_205024', 1322, 474282.00, 4432118.00, 190.00);
insert into STATION_FLAG values(2466, 'fix');
insert into STATION values (2467, 'ENT_205025', 1322, 474109.00, 4432134.00, 200.00);
insert into STATION_FLAG values(2467, 'fix');
insert into STATION values (2468, 'ENT_205026', 1322, 474488.00, 4432062.00, 170.00);
insert into STATION_FLAG values(2468, 'fix');
insert into STATION values (2469, 'ENT_205027', 1322, 470380.00, 4431713.00, 1.00);
insert into STATION_FLAG values(2469, 'fix');
insert into STATION values (2470, 'ENT_205028', 1322, 470163.00, 4431420.00, 2.00);
insert into STATION_FLAG values(2470, 'fix');
insert into STATION values (2471, 'ENT_205029', 1322, 470109.00, 4431220.00, 28.00);
insert into STATION_FLAG values(2471, 'fix');
insert into STATION values (2472, 'ENT_205030', 1322, 471491.00, 4431944.00, 20.00);
insert into STATION_FLAG values(2472, 'fix');
insert into STATION values (2473, 'ENT_205031', 1322, 471572.00, 4429671.00, 357.00);
insert into STATION_FLAG values(2473, 'fix');
insert into STATION values (2474, 'ENT_205032', 1322, 472373.00, 4429958.00, 301.00);
insert into STATION_FLAG values(2474, 'fix');
insert into STATION values (2475, 'ENT_205033', 1322, 472620.00, 4429466.00, 237.00);
insert into STATION_FLAG values(2475, 'fix');
insert into STATION values (2476, 'ENT_205034', 1322, 472414.00, 4429499.00, 281.00);
insert into STATION_FLAG values(2476, 'fix');
insert into STATION values (2477, 'ENT_205035', 1322, 471623.00, 4430070.00, 388.00);
insert into STATION_FLAG values(2477, 'fix');
insert into STATION values (2478, 'ENT_205036', 1322, 471645.00, 4430061.00, 360.00);
insert into STATION_FLAG values(2478, 'fix');
insert into STATION values (2479, 'ENT_205037', 1322, 471621.00, 4429939.00, 423.00);
insert into STATION_FLAG values(2479, 'fix');
insert into STATION values (2480, 'ENT_205038', 1322, 467673.00, 4428748.00, 6.00);
insert into STATION_FLAG values(2480, 'fix');
insert into STATION values (2481, 'PDC0', 1389, 475088.11, 4426304.87, 583.80);
insert into STATION values (2482, 'PDC1', 1389, 475087.21, 4426303.01, 584.24);
insert into STATION values (2483, 'PDC2', 1389, 475086.22, 4426302.90, 585.67);
insert into STATION values (2484, 'PDC3', 1389, 475085.82, 4426300.82, 595.63);
insert into STATION values (2485, 'PDC4', 1389, 475084.31, 4426298.72, 605.29);
insert into STATION values (2486, 'PDC5', 1389, 475082.72, 4426299.17, 605.82);
insert into STATION values (2487, 'PDC6', 1389, 475080.77, 4426299.54, 609.41);
insert into STATION values (2488, 'PDC7', 1389, 475071.96, 4426298.90, 615.60);
insert into STATION values (2489, 'PDC8', 1389, 475069.61, 4426298.93, 617.71);
insert into STATION values (2490, 'PDC9', 1389, 475067.40, 4426300.00, 615.99);
insert into STATION values (2491, 'PDC10', 1389, 475062.55, 4426296.04, 615.44);
insert into STATION values (2492, 'PDC11', 1389, 475069.17, 4426297.37, 619.27);
insert into STATION values (2493, 'PDC12', 1389, 475065.67, 4426299.90, 630.51);
insert into STATION values (2494, 'PDC13', 1389, 475070.68, 4426296.55, 618.26);
insert into STATION values (2495, 'PDC14', 1389, 475069.51, 4426294.11, 621.86);
insert into STATION values (2496, 'PDC15', 1389, 475069.21, 4426291.22, 623.74);
insert into STATION values (2497, 'PDC16', 1389, 475063.00, 4426287.00, 629.00);
insert into STATION_FLAG values(2497, 'ent');
insert into STATION values (2498, 'PM0', 1393, 475550.00, 4427985.00, 360.00);
insert into STATION_FLAG values(2498, 'ent');
insert into STATION values (2499, 'PM1', 1393, 475553.64, 4427979.65, 335.85);
insert into STATION values (2500, 'PM2', 1393, 475550.01, 4427986.13, 328.43);
insert into STATION values (2501, 'PM3', 1393, 475539.68, 4427998.80, 313.71);
insert into STATION values (2502, 'PM4', 1393, 475533.21, 4427989.83, 305.96);
insert into STATION values (2503, 'PM5', 1393, 475525.72, 4427986.77, 300.09);
insert into STATION values (2504, 'PM6', 1393, 475513.14, 4427986.95, 291.92);
insert into STATION values (2505, 'PM7', 1393, 475536.38, 4428001.55, 303.30);
insert into STATION values (2506, 'PM8', 1393, 475536.38, 4428001.55, 300.80);
insert into STATION values (2507, 'PM9', 1393, 475540.65, 4428009.01, 294.78);
insert into STATION values (2508, 'P80_0', 1397, 474992.00, 4427009.00, 519.00);
insert into STATION_FLAG values(2508, 'ent');
insert into STATION values (2509, 'P80_1', 1397, 474993.76, 4427013.88, 517.51);
insert into STATION values (2510, 'P80_2', 1397, 474994.57, 4427012.98, 500.15);
insert into STATION values (2511, 'P80_3', 1397, 474992.57, 4427010.21, 490.76);
insert into STATION values (2512, 'P80_4', 1397, 474991.60, 4427008.87, 480.29);
insert into STATION values (2513, 'P80_5', 1397, 474995.08, 4427012.36, 457.11);
insert into STATION values (2514, 'P80_6', 1397, 474996.92, 4427014.03, 456.84);
insert into STATION values (2515, 'P80_7', 1397, 474996.92, 4427014.03, 433.54);
insert into STATION values (2516, 'ZI1', 1401, 475017.00, 4427584.00, 380.00);
insert into STATION_FLAG values(2516, 'ent');
insert into STATION values (2517, 'ZI2', 1401, 475017.00, 4427584.00, 363.00);
insert into STATION values (2518, 'ZI3', 1401, 475017.00, 4427584.00, 341.00);
insert into STATION values (2519, 'ZI4', 1401, 475016.22, 4427576.34, 341.00);
insert into STATION values (2520, 'ZI5', 1401, 475016.22, 4427576.34, 326.30);
insert into STATION values (2521, 'ZI6', 1401, 475017.00, 4427584.00, 330.30);
insert into STATION values (2522, 'ZI7', 1401, 475016.01, 4427590.11, 326.43);
insert into STATION values (2523, 'ZI8', 1401, 475016.01, 4427590.11, 294.43);
insert into STATION values (2524, 'RI01', 1405, 474505.38, 4423265.68, 37.77);
insert into STATION values (2525, 'RI02', 1405, 474502.51, 4423266.71, 43.51);
insert into STATION values (2526, 'RI03', 1405, 474500.58, 4423266.44, 43.96);
insert into STATION values (2527, 'RI04', 1405, 474498.55, 4423267.29, 43.96);
insert into STATION values (2528, 'RI05', 1405, 474499.27, 4423270.71, 43.96);
insert into STATION values (2529, 'RI06', 1405, 474500.37, 4423269.86, 43.96);
insert into STATION values (2530, 'RI07', 1405, 474497.18, 4423271.40, 44.59);
insert into STATION values (2531, 'RI08', 1405, 474493.30, 4423271.25, 45.55);
insert into STATION values (2532, 'RI08a', 1405, 474494.01, 4423273.12, 45.55);
insert into STATION values (2533, 'RI08b', 1405, 474496.43, 4423279.48, 33.78);
insert into STATION values (2534, 'RI09', 1405, 474488.26, 4423257.98, 70.15);
insert into STATION values (2535, 'RI10', 1405, 474478.74, 4423249.34, 76.42);
insert into STATION values (2536, 'RI11', 1405, 474475.87, 4423247.67, 84.24);
insert into STATION values (2537, 'RI12', 1405, 474474.44, 4423248.34, 82.81);
insert into STATION values (2538, 'RI13', 1405, 474472.34, 4423251.85, 82.98);
insert into STATION values (2539, 'RI14', 1405, 474472.10, 4423261.13, 90.19);
insert into STATION values (2540, 'RI15', 1405, 474473.00, 4423265.15, 90.71);
insert into STATION values (2541, 'RI16', 1405, 474473.85, 4423267.32, 90.42);
insert into STATION values (2542, 'RI17', 1405, 474472.52, 4423268.18, 89.98);
insert into STATION values (2543, 'RI17a', 1405, 474469.51, 4423270.68, 89.55);
insert into STATION values (2544, 'RI18', 1405, 474470.66, 4423267.99, 90.25);
insert into STATION values (2545, 'RI19', 1405, 474465.85, 4423263.16, 88.14);
insert into STATION values (2546, 'RI20', 1405, 474462.60, 4423266.28, 99.27);
insert into STATION values (2547, 'RI21', 1405, 474462.60, 4423266.28, 110.77);
insert into STATION values (2548, 'RI22', 1405, 474468.50, 4423256.87, 93.25);
insert into STATION values (2549, 'RI23', 1405, 474467.01, 4423250.99, 90.99);
insert into STATION values (2550, 'RI24', 1405, 474468.35, 4423248.21, 86.28);
insert into STATION values (2551, 'RI25', 1405, 474468.35, 4423248.21, 54.48);
insert into STATION values (2552, 'RI27', 1405, 474464.18, 4423267.87, 100.13);
insert into STATION values (2553, 'RI28', 1405, 474462.42, 4423268.54, 101.26);
insert into STATION values (2554, 'RI29', 1405, 474465.35, 4423270.04, 103.16);
insert into STATION values (2555, 'RI30', 1405, 474462.00, 4423274.00, 105.00);
insert into STATION values (2556, 'RI31', 1405, 474462.00, 4423274.00, 120.00);
insert into STATION_FLAG values(2556, 'ent');
insert into STATION values (2557, 'MA0', 1405, 474474.07, 4423271.90, 133.03);
insert into STATION values (2558, 'MA1', 1405, 474469.09, 4423278.23, 138.26);
insert into STATION values (2559, 'MA2', 1405, 474463.18, 4423282.65, 138.78);
insert into STATION values (2560, 'MA3', 1405, 474456.89, 4423283.40, 140.24);
insert into STATION values (2561, 'MA4', 1405, 474453.00, 4423284.15, 140.79);
insert into STATION values (2562, 'MA5', 1405, 474446.46, 4423286.12, 141.75);
insert into STATION values (2563, 'MA6', 1405, 474442.28, 4423289.36, 138.70);
insert into STATION values (2564, 'MA7', 1405, 474439.02, 4423288.65, 135.12);
insert into STATION values (2565, 'MA8', 1405, 474442.18, 4423285.40, 131.83);
insert into STATION values (2566, 'MA9', 1405, 474447.39, 4423284.41, 129.24);
insert into STATION values (2567, 'MA10', 1405, 474450.34, 4423284.78, 118.86);
insert into STATION values (2568, 'MA11', 1405, 474450.88, 4423283.99, 113.45);
insert into STATION values (2569, 'MA12', 1405, 474452.68, 4423283.04, 109.77);
insert into STATION values (2570, 'MA13', 1405, 474452.73, 4423281.68, 105.80);
insert into STATION values (2571, 'MA14', 1405, 474453.35, 4423279.89, 105.67);
insert into STATION values (2572, 'MA15', 1405, 474451.37, 4423274.67, 105.18);
insert into STATION values (2573, 'MA16', 1405, 474452.53, 4423270.10, 102.98);
insert into STATION values (2574, 'gd2a1', 1411, 474946.00, 4424727.00, 340.00);
insert into STATION_FLAG values(2574, 'ent');
insert into STATION values (2575, 'gd2a2', 1411, 474946.57, 4424722.57, 329.62);
insert into STATION values (2576, 'gd2a3', 1411, 474945.64, 4424723.51, 314.20);
insert into STATION values (2577, 'gd2a4', 1411, 474948.36, 4424724.22, 313.16);
insert into STATION values (2578, 'gd2a5', 1411, 474948.68, 4424723.89, 305.68);
insert into STATION values (2579, 'gd2a6', 1411, 474943.60, 4424730.33, 299.94);
insert into STATION values (2580, 'gd2a7', 1411, 474945.86, 4424735.21, 295.44);
insert into STATION values (2581, 'gd2a8', 1411, 474945.01, 4424713.87, 317.73);
insert into STATION values (2582, 'gd2a9', 1411, 474943.28, 4424710.29, 318.22);
insert into STATION values (2583, 'gd2a10', 1411, 474940.60, 4424712.82, 292.63);
insert into STATION values (2584, 'gd2a11', 1411, 474937.70, 4424719.28, 293.89);
insert into STATION values (2585, 'gd2a12', 1411, 474938.49, 4424711.00, 292.09);
insert into STATION values (2586, 'gd2a13', 1411, 474930.08, 4424712.06, 268.54);
insert into STATION values (2587, 'gd2a14', 1411, 474928.50, 4424709.96, 267.89);
insert into STATION values (2588, 'gd2a15', 1411, 474927.40, 4424713.17, 260.02);
insert into STATION values (2589, 'gd2a16', 1411, 474925.42, 4424718.04, 249.56);
insert into STATION values (2590, 'gd2a17', 1411, 474927.38, 4424724.65, 246.94);
insert into STATION values (2591, 'gd2a18', 1411, 474925.97, 4424726.34, 241.57);
insert into STATION values (2592, 'gd2a19', 1411, 474927.69, 4424728.47, 241.53);
insert into STATION values (2593, 'gd2a19.1', 1411, 474926.96, 4424735.17, 232.90);
insert into STATION values (2594, 'gd2a19.2', 1411, 474922.98, 4424733.04, 219.01);
insert into STATION values (2595, 'gd2a19.3', 1411, 474922.51, 4424739.51, 208.21);
insert into STATION values (2596, 'gd2a19.4', 1411, 474917.50, 4424749.67, 189.35);
insert into STATION values (2597, 'gd2a19.5', 1411, 474915.40, 4424751.19, 182.21);
insert into STATION values (2598, 'gd2a19.6', 1411, 474914.67, 4424753.54, 178.44);
insert into STATION values (2599, 'gd2a19.7', 1411, 474913.24, 4424754.57, 176.67);
insert into STATION values (2600, 'gd2a19.8', 1411, 474911.21, 4424756.65, 169.11);
insert into STATION values (2601, 'gd2a19.9', 1411, 474911.21, 4424756.65, 159.81);
insert into STATION values (2602, 'GP01_1.0', 1417, 474990.00, 4425248.00, 437.00);
insert into STATION_FLAG values(2602, 'ent');
insert into STATION values (2603, 'GP01_1.1', 1417, 474990.02, 4425245.98, 421.67);
insert into STATION values (2604, 'GP01_1.2', 1417, 474990.08, 4425238.44, 418.69);
insert into STATION values (2605, 'GP01_1.3', 1417, 474988.86, 4425235.03, 416.12);
insert into STATION values (2606, 'GP01_1.4', 1417, 474989.73, 4425229.28, 416.68);
insert into STATION values (2607, 'GP01_1.5', 1417, 474990.38, 4425225.54, 420.54);
insert into STATION values (2608, 'GP01_1.6', 1417, 474991.20, 4425222.61, 422.41);
insert into STATION values (2609, 'GP01_1.7', 1417, 474986.63, 4425221.64, 416.69);
insert into STATION values (2610, 'GP01_1.8', 1417, 474987.11, 4425215.13, 419.23);
insert into STATION values (2611, 'GP01_1.9', 1417, 474987.67, 4425222.19, 427.04);
insert into STATION values (2612, 'GP01_1.8A', 1417, 474988.04, 4425210.37, 423.48);
insert into STATION values (2613, 'GP01_1.8D', 1417, 474982.70, 4425215.97, 419.73);
insert into STATION values (2614, 'GP01_1.10', 1417, 474978.36, 4425227.29, 411.99);
insert into STATION values (2615, 'GP01_1.11', 1417, 474978.45, 4425227.30, 414.09);
insert into STATION values (2616, 'GP01_1.12', 1417, 474979.05, 4425225.37, 416.21);
insert into STATION values (2617, 'GP01_1.13', 1417, 474978.23, 4425224.61, 410.97);
insert into STATION values (2618, 'GP01_1.14', 1417, 474975.99, 4425223.34, 415.94);
insert into STATION values (2619, 'GP01_1.15', 1417, 474978.21, 4425228.38, 421.33);
insert into STATION values (2620, 'GP01_1.16', 1417, 474979.32, 4425227.98, 424.11);
insert into STATION values (2621, 'GP01_1.17', 1417, 474982.98, 4425232.43, 421.67);
insert into STATION values (2622, 'GP01_1.18', 1417, 474981.36, 4425230.53, 420.97);
insert into STATION values (2623, 'GP01_1.8B', 1417, 474991.30, 4425206.33, 428.14);
insert into STATION values (2624, 'GP01_1.8C', 1417, 474991.88, 4425207.46, 431.55);
insert into STATION values (2625, 'GP01_1.8E', 1417, 474982.85, 4425207.71, 425.30);
insert into STATION values (2626, 'GP01_1.19', 1417, 474979.09, 4425229.81, 426.79);
insert into STATION values (2627, 'GP01_1.20', 1417, 474979.08, 4425233.04, 430.66);
insert into STATION values (2628, 'GP01_1.21', 1417, 474977.11, 4425233.43, 434.59);
insert into STATION values (2629, 'GP01_1.22', 1417, 474976.72, 4425236.23, 438.13);
insert into STATION values (2630, 'GP01_1.23', 1417, 474974.18, 4425238.50, 429.82);
insert into STATION values (2631, 'GP01_1.24', 1417, 474974.22, 4425237.11, 443.79);
insert into STATION values (2632, 'GP01_1.25', 1417, 474961.07, 4425230.86, 435.88);
insert into STATION values (2633, 'GP01_1.26', 1417, 474961.45, 4425230.86, 437.87);
insert into STATION values (2634, 'GP01_1.27', 1417, 474961.62, 4425231.37, 435.14);
insert into STATION values (2635, 'GP01_1.28', 1417, 474990.07, 4425240.37, 413.95);
insert into STATION values (2636, 'GP01_1.29', 1417, 474989.70, 4425239.83, 416.70);
insert into STATION values (2637, 'GP01_1.30', 1417, 474990.41, 4425238.31, 419.15);
insert into STATION values (2638, 'GP01_1.31', 1417, 474990.31, 4425238.48, 421.64);
insert into STATION values (2639, 'GP01_1.32', 1417, 474990.64, 4425234.96, 425.19);
insert into STATION values (2640, 'GP01_1.33', 1417, 474989.64, 4425235.46, 428.28);
insert into STATION values (2641, 'GP01_1.34', 1417, 474990.31, 4425233.20, 425.50);
insert into STATION values (2642, 'GP01_1.35', 1417, 474989.95, 4425231.88, 428.31);
insert into STATION values (2643, 'GP01_1.36', 1417, 474989.69, 4425232.06, 431.02);
insert into STATION values (2644, 'GP01_1.37', 1417, 474997.26, 4425231.46, 411.05);
insert into STATION values (2645, 'GP01_1.38', 1417, 474996.07, 4425231.84, 413.94);
insert into STATION values (2646, 'GP01_1.39', 1417, 474993.07, 4425232.11, 414.79);
insert into STATION values (2647, 'GP01_1.41', 1417, 474989.47, 4425229.32, 409.49);
insert into STATION values (2648, 'GP01_1.42', 1417, 474989.47, 4425229.32, 404.28);
insert into STATION values (2649, '100', 1423, 473872.00, 4428412.00, 140.00);
insert into STATION_FLAG values(2649, 'ent');
insert into STATION values (2650, '101', 1423, 473867.67, 4428415.12, 132.38);
insert into STATION values (2651, '102', 1423, 473850.20, 4428421.76, 132.71);
insert into STATION values (2652, '103', 1423, 473841.55, 4428425.04, 126.47);
insert into STATION values (2653, '104', 1423, 473837.64, 4428420.82, 123.79);
insert into STATION values (2654, '105', 1423, 473828.65, 4428427.55, 118.79);
insert into STATION values (2655, '106', 1423, 473819.37, 4428433.53, 110.17);
insert into STATION values (2656, '107', 1423, 473818.21, 4428430.12, 110.17);
insert into STATION values (2657, '108', 1423, 473820.81, 4428422.68, 107.91);
insert into STATION values (2658, '109', 1423, 473824.70, 4428415.10, 109.10);
insert into STATION values (2659, '110', 1423, 473825.62, 4428407.76, 109.10);
insert into STATION values (2660, '111', 1423, 473828.59, 4428389.45, 103.08);
insert into STATION values (2661, '112', 1423, 473829.41, 4428385.65, 99.19);
insert into STATION values (2662, '113', 1423, 473824.95, 4428384.52, 99.19);
insert into STATION values (2663, '114', 1423, 473821.89, 4428388.28, 96.39);
insert into STATION values (2664, '115', 1423, 473816.05, 4428388.88, 92.58);
insert into STATION values (2665, '116', 1423, 473811.28, 4428390.05, 88.16);
insert into STATION values (2666, '117', 1423, 473809.73, 4428388.82, 88.44);
insert into STATION values (2667, '118', 1423, 473812.89, 4428371.25, 92.89);
insert into STATION values (2668, '119', 1423, 473811.44, 4428360.69, 91.96);
insert into STATION values (2669, '120', 1423, 473812.52, 4428357.20, 90.33);
insert into STATION values (2670, '121', 1423, 473811.30, 4428353.61, 84.92);
insert into STATION values (2671, '122', 1423, 473811.30, 4428353.61, 78.02);
insert into STATION values (2672, '123', 1423, 473809.08, 4428331.78, 76.49);
insert into STATION values (2673, '124', 1423, 473809.35, 4428326.94, 77.70);
insert into STATION values (2674, '125', 1423, 473809.33, 4428326.52, 75.34);
insert into STATION values (2675, '126', 1423, 473809.23, 4428331.25, 64.20);
insert into STATION values (2676, '127', 1423, 473798.92, 4428334.76, 47.42);
insert into STATION values (2677, '128', 1423, 473790.56, 4428312.73, 42.84);
insert into STATION values (2678, '129', 1423, 473788.22, 4428310.83, 45.47);
insert into STATION values (2679, '130', 1423, 473784.46, 4428300.95, 43.80);
insert into STATION values (2680, '131', 1423, 473783.52, 4428298.02, 40.38);
insert into STATION values (2681, '132', 1423, 473780.47, 4428297.85, 34.87);
insert into STATION values (2682, '133', 1423, 473777.70, 4428295.15, 30.41);
insert into STATION values (2683, '134', 1423, 473773.14, 4428300.35, 28.82);
insert into STATION values (2684, '135', 1423, 473765.90, 4428316.46, 27.58);
insert into STATION values (2685, '136', 1423, 473758.06, 4428325.10, 26.77);
insert into STATION values (2686, '137', 1423, 473749.54, 4428317.90, 25.79);
insert into STATION values (2687, '138', 1423, 473747.01, 4428301.52, 24.92);
insert into STATION values (2688, '139', 1423, 473745.27, 4428291.47, 20.80);
insert into STATION values (2689, '200', 1423, 473816.05, 4428388.88, 92.58);
insert into STATION values (2690, '201', 1423, 473822.13, 4428386.44, 97.17);
insert into STATION values (2691, '202', 1423, 473827.02, 4428389.64, 99.77);
insert into STATION values (2692, '203', 1423, 473831.74, 4428388.74, 99.77);
insert into STATION values (2693, '204', 1423, 473831.74, 4428388.74, 122.07);
insert into STATION values (2694, '205', 1423, 473831.74, 4428388.74, 126.97);
insert into STATION values (2695, '206', 1423, 473835.35, 4428383.43, 134.63);
insert into STATION values (2696, '300', 1423, 473809.35, 4428326.94, 77.70);
insert into STATION values (2697, '301', 1423, 473807.43, 4428320.56, 75.54);
insert into STATION values (2698, '302', 1423, 473813.03, 4428311.66, 78.75);
insert into STATION values (2699, '303', 1423, 473809.32, 4428303.97, 77.09);
insert into STATION values (2700, '304', 1423, 473803.95, 4428295.31, 74.17);
insert into STATION values (2701, '305', 1423, 473808.24, 4428288.75, 73.21);
insert into STATION values (2702, '306', 1423, 473808.24, 4428288.75, 64.21);
insert into STATION values (2703, '307', 1423, 473813.13, 4428281.55, 62.36);
insert into STATION values (2704, '308', 1423, 473806.41, 4428279.47, 59.37);
insert into STATION values (2705, '309', 1423, 473795.08, 4428278.84, 52.82);
insert into STATION values (2706, '310', 1423, 473793.10, 4428277.49, 52.73);
insert into STATION values (2707, '311', 1423, 473785.21, 4428276.91, 35.79);
insert into STATION values (2708, '312', 1423, 473776.30, 4428290.02, 32.99);
insert into STATION values (2709, '313', 1423, 473769.86, 4428292.60, 30.73);
insert into STATION values (2710, '400', 1423, 473776.30, 4428290.02, 32.99);
insert into STATION values (2711, '401', 1423, 473754.79, 4428288.44, 36.79);
insert into STATION values (2712, '402', 1423, 473753.75, 4428281.70, 38.37);
insert into STATION values (2713, '403', 1423, 473744.09, 4428297.05, 31.77);
insert into STATION values (2714, '404', 1423, 473743.93, 4428285.93, 36.26);
insert into STATION values (2715, '405', 1423, 473743.79, 4428275.96, 37.13);
insert into STATION values (2716, '500', 1423, 473754.79, 4428288.44, 36.79);
insert into STATION values (2717, '501', 1423, 473747.22, 4428268.51, 43.31);
insert into STATION values (2718, '502', 1423, 473728.81, 4428253.50, 47.93);
insert into STATION values (2719, '503', 1423, 473724.17, 4428248.99, 52.81);
insert into STATION values (2720, '504', 1423, 473710.31, 4428257.25, 55.07);
insert into STATION values (2721, '505', 1423, 473705.32, 4428245.38, 58.77);
insert into STATION values (2722, '506', 1423, 473711.49, 4428236.62, 62.04);
insert into STATION values (2723, '507', 1423, 473702.28, 4428232.29, 64.39);
insert into STATION values (2724, '508', 1423, 473701.70, 4428225.46, 66.23);
insert into STATION values (2725, '509', 1423, 473704.60, 4428214.00, 75.47);
insert into STATION values (2726, '510', 1423, 473698.84, 4428207.99, 82.96);
insert into STATION values (2727, '511', 1423, 473703.43, 4428194.80, 95.10);
insert into STATION values (2728, '600', 1423, 473701.70, 4428225.46, 66.23);
insert into STATION values (2729, '601', 1423, 473694.86, 4428222.38, 66.23);
insert into STATION values (2730, '700', 1423, 473630.11, 4428177.70, 134.89);
insert into STATION values (2731, '701', 1423, 473639.47, 4428173.57, 135.78);
insert into STATION values (2732, '702', 1423, 473639.49, 4428168.80, 137.61);
insert into STATION values (2733, '703', 1423, 473642.31, 4428163.96, 137.71);
insert into STATION values (2734, '704', 1423, 473646.96, 4428162.00, 137.53);
insert into STATION values (2735, '705', 1423, 473652.24, 4428161.18, 137.44);
insert into STATION values (2736, '706', 1423, 473657.05, 4428159.16, 138.17);
insert into STATION values (2737, '707', 1423, 473659.92, 4428158.30, 139.45);
insert into STATION values (2738, '708', 1423, 473661.51, 4428155.77, 139.71);
insert into STATION values (2739, '709', 1423, 473661.75, 4428154.26, 140.24);
insert into STATION values (2740, '710', 1423, 473665.46, 4428153.21, 140.50);
insert into STATION values (2741, '711', 1423, 473665.68, 4428150.21, 141.15);
insert into STATION values (2742, '712', 1423, 473675.99, 4428148.61, 141.15);
insert into STATION values (2743, '713', 1423, 473685.65, 4428155.69, 135.30);
insert into STATION values (2744, '714', 1423, 473690.09, 4428168.01, 124.31);
insert into STATION values (2745, '715', 1423, 473697.99, 4428174.01, 115.99);
insert into STATION values (2746, '716', 1423, 473701.06, 4428180.08, 108.44);
insert into STATION values (2747, '717', 1423, 473698.51, 4428184.63, 104.92);
insert into STATION values (2748, '718', 1423, 473703.43, 4428194.80, 95.10);
insert into STATION values (2749, '800', 1423, 473630.11, 4428177.70, 134.89);
insert into STATION values (2750, '801', 1423, 473626.42, 4428178.07, 133.61);
insert into STATION values (2751, '802', 1423, 473619.99, 4428181.91, 131.60);
insert into STATION values (2752, '803', 1423, 473614.10, 4428180.95, 132.23);
insert into STATION values (2753, '804', 1423, 473611.18, 4428181.20, 131.66);
insert into STATION values (2754, '805', 1423, 473610.58, 4428179.06, 131.89);
insert into STATION values (2755, '806', 1423, 473595.93, 4428188.87, 130.35);
insert into STATION values (2756, '807', 1423, 473587.46, 4428194.12, 130.70);
insert into STATION values (2757, '808', 1423, 473583.93, 4428195.83, 130.01);
insert into STATION values (2758, '809', 1423, 473572.63, 4428199.24, 129.39);
insert into STATION values (2759, '810', 1423, 473568.78, 4428198.82, 129.59);
insert into STATION values (2760, '811', 1423, 473560.27, 4428196.98, 130.05);
insert into STATION values (2761, '812', 1423, 473556.85, 4428200.62, 127.50);
insert into STATION values (2762, '813', 1423, 473557.91, 4428207.50, 122.07);
insert into STATION values (2763, '814', 1423, 473556.61, 4428210.69, 119.74);
insert into STATION values (2764, '815', 1423, 473550.39, 4428215.18, 120.14);
insert into STATION values (2765, '816', 1423, 473548.80, 4428217.90, 118.93);
insert into STATION values (2766, '817', 1423, 473538.66, 4428218.93, 118.93);
insert into STATION values (2767, '818', 1423, 473532.27, 4428217.90, 121.29);
insert into STATION values (2768, '900', 1423, 473548.80, 4428217.90, 118.93);
insert into STATION values (2769, '901', 1423, 473551.70, 4428230.65, 127.75);
insert into STATION values (2770, '1000', 1423, 473536.37, 4428234.60, 120.99);
insert into STATION values (2771, '1001', 1423, 473538.13, 4428226.43, 117.27);
insert into STATION values (2772, '1002', 1423, 473537.20, 4428231.61, 115.66);
insert into STATION values (2773, '1003', 1423, 473554.88, 4428231.98, 112.54);
insert into STATION values (2774, '1004', 1423, 473555.63, 4428235.05, 116.74);
insert into STATION values (2775, '1005', 1423, 473566.18, 4428236.76, 114.86);
insert into STATION values (2776, '1006', 1423, 473566.88, 4428232.44, 115.32);
insert into STATION values (2777, '1007', 1423, 473574.25, 4428230.90, 113.72);
insert into STATION values (2778, '1008', 1423, 473575.81, 4428225.85, 114.09);
insert into STATION values (2779, '1009', 1423, 473575.28, 4428220.59, 116.12);
insert into STATION values (2780, '1010', 1423, 473581.07, 4428216.10, 119.08);
insert into STATION values (2781, '1011', 1423, 473589.28, 4428219.97, 117.31);
insert into STATION values (2782, '1012', 1423, 473590.68, 4428212.23, 120.49);
insert into STATION values (2783, '1013', 1423, 473581.87, 4428199.07, 113.77);
insert into STATION values (2784, '1100', 1423, 473538.87, 4428253.03, 119.73);
insert into STATION values (2785, '1101', 1423, 473527.81, 4428266.12, 118.23);
insert into STATION values (2786, '1102', 1423, 473523.11, 4428284.70, 111.26);
insert into STATION values (2787, '1103', 1423, 473521.47, 4428292.99, 106.38);
insert into STATION values (2788, '1104', 1423, 473521.32, 4428296.99, 107.46);
insert into STATION values (2789, '1105', 1423, 473521.32, 4428296.99, 104.56);
insert into STATION values (2790, '1106', 1423, 473517.67, 4428306.40, 101.66);
insert into STATION values (2791, '1107', 1423, 473513.01, 4428310.42, 101.66);
insert into STATION values (2792, '1108', 1423, 473513.50, 4428320.29, 100.10);
insert into STATION values (2793, '1109', 1423, 473510.54, 4428325.17, 97.67);
insert into STATION values (2794, '1110', 1423, 473507.13, 4428326.82, 101.46);
insert into STATION values (2795, '1111', 1423, 473507.39, 4428344.90, 93.40);
insert into STATION values (2796, '1112', 1423, 473505.79, 4428362.41, 85.94);
insert into STATION values (2797, '1113', 1423, 473508.69, 4428372.65, 78.21);
insert into STATION values (2798, '1114', 1423, 473507.11, 4428378.45, 79.49);
insert into STATION values (2799, '1115', 1423, 473509.62, 4428380.57, 77.28);
insert into STATION values (2800, '1116', 1423, 473511.49, 4428390.41, 75.15);
insert into STATION values (2801, '1117', 1423, 473510.21, 4428396.92, 72.34);
insert into STATION values (2802, '1118', 1423, 473510.21, 4428396.92, 68.64);
insert into STATION values (2803, '1119', 1423, 473506.59, 4428400.27, 65.79);
insert into STATION values (2804, '1200', 1423, 473538.87, 4428253.03, 119.73);
insert into STATION values (2805, '1201', 1423, 473544.57, 4428250.16, 120.07);
insert into STATION values (2806, '1202', 1423, 473536.37, 4428234.60, 120.99);
insert into STATION values (2807, '1203', 1423, 473532.27, 4428217.90, 121.29);
insert into STATION values (2808, '1204', 1423, 473524.75, 4428218.93, 121.82);
insert into STATION values (2809, '1205', 1423, 473519.84, 4428209.98, 122.35);
insert into STATION values (2810, '1206', 1423, 473521.16, 4428204.32, 122.15);
insert into STATION values (2811, '1207', 1423, 473518.61, 4428195.84, 119.44);
insert into STATION values (2812, '1208', 1423, 473515.83, 4428179.78, 120.87);
insert into STATION values (2813, '1209', 1423, 473509.80, 4428173.27, 121.49);
insert into STATION values (2814, '1210', 1423, 473513.07, 4428168.07, 121.49);
insert into STATION values (2815, '1211', 1423, 473506.78, 4428145.86, 123.10);
insert into STATION values (2816, '1212', 1423, 473500.21, 4428131.64, 124.75);
insert into STATION values (2817, '1213', 1423, 473491.18, 4428125.95, 123.25);
insert into STATION values (2818, '1300', 1423, 473434.62, 4428015.65, 129.67);
insert into STATION values (2819, '1301', 1423, 473443.80, 4428034.65, 139.07);
insert into STATION values (2820, '1302', 1423, 473449.21, 4428044.89, 141.11);
insert into STATION values (2821, '1303', 1423, 473461.38, 4428057.15, 135.16);
insert into STATION values (2822, '1304', 1423, 473449.84, 4428070.80, 128.66);
insert into STATION values (2823, '1305', 1423, 473460.97, 4428073.00, 130.66);
insert into STATION values (2824, '1306', 1423, 473465.14, 4428082.02, 127.24);
insert into STATION values (2825, '1307', 1423, 473471.56, 4428089.72, 127.59);
insert into STATION values (2826, '1308', 1423, 473475.47, 4428096.29, 128.66);
insert into STATION values (2827, '1309', 1423, 473480.15, 4428099.71, 126.08);
insert into STATION values (2828, '1310', 1423, 473484.14, 4428112.15, 129.58);
insert into STATION values (2829, '1311', 1423, 473489.81, 4428118.48, 131.24);
insert into STATION values (2830, '1312', 1423, 473495.38, 4428127.84, 127.49);
insert into STATION values (2831, '1313', 1423, 473500.21, 4428131.64, 124.75);
insert into STATION values (2832, '1400', 1423, 473521.32, 4428296.99, 104.56);
insert into STATION values (2833, '1401', 1423, 473527.05, 4428299.94, 100.53);
insert into STATION values (2834, '1402', 1423, 473525.81, 4428316.87, 99.64);
insert into STATION values (2835, '1500', 1423, 473505.79, 4428362.41, 85.94);
insert into STATION values (2836, '1501', 1423, 473518.09, 4428375.23, 77.66);
insert into STATION values (2837, '1502', 1423, 473534.70, 4428383.05, 71.69);
insert into STATION values (2838, '1503', 1423, 473548.21, 4428384.99, 63.16);
insert into STATION values (2839, '1504', 1423, 473552.32, 4428396.40, 56.16);
insert into STATION values (2840, '1600', 1423, 473590.68, 4428212.23, 120.49);
insert into STATION values (2841, '1601', 1423, 473608.22, 4428218.34, 111.82);
insert into STATION values (2842, '1602', 1423, 473626.90, 4428220.70, 104.22);
insert into STATION values (2843, '1603', 1423, 473626.90, 4428220.70, 94.02);
insert into STATION values (2844, '1604', 1423, 473636.40, 4428221.90, 91.63);
insert into STATION values (2845, '1605', 1423, 473638.27, 4428230.86, 88.30);
insert into STATION values (2846, '1606', 1423, 473645.28, 4428235.27, 85.12);
insert into STATION values (2847, '1700', 1423, 473488.18, 4428117.64, 212.04);
insert into STATION values (2848, '1701', 1423, 473493.26, 4428121.36, 212.04);
insert into STATION values (2849, '1702', 1423, 473493.26, 4428121.36, 199.89);
insert into STATION values (2850, '1703', 1423, 473493.26, 4428121.36, 193.38);
insert into STATION values (2851, '1704', 1423, 473493.26, 4428121.36, 173.10);
insert into STATION values (2852, '1705', 1423, 473496.49, 4428122.18, 170.21);
insert into STATION values (2853, '1706', 1423, 473496.49, 4428122.18, 145.81);
insert into STATION values (2854, '1707', 1423, 473496.22, 4428125.17, 141.35);
insert into STATION values (2855, '1708', 1423, 473497.79, 4428129.80, 129.25);
insert into STATION values (2856, '1709', 1423, 473500.21, 4428131.64, 124.75);
insert into STATION values (2857, '1800', 1423, 473461.38, 4428057.15, 135.16);
insert into STATION values (2858, '1801', 1423, 473456.64, 4428058.49, 134.29);
insert into STATION values (2859, '1802', 1423, 473458.09, 4428063.62, 132.96);
insert into STATION values (2860, '1803', 1423, 473458.09, 4428063.62, 146.96);
insert into STATION values (2861, '1804', 1423, 473462.70, 4428062.75, 164.45);
insert into STATION values (2862, '1805', 1423, 473458.66, 4428064.28, 195.14);
insert into STATION values (2863, '1806', 1423, 473458.44, 4428063.12, 208.59);
insert into STATION values (2864, '1807', 1423, 473460.21, 4428062.07, 214.23);
insert into STATION values (2865, '1808', 1423, 473464.99, 4428057.94, 222.62);
insert into STATION values (2866, '1900', 1423, 473754.79, 4428288.44, 36.79);
insert into STATION values (2867, '1901', 1423, 473758.58, 4428279.16, 38.92);
insert into STATION values (2868, '1902', 1423, 473765.34, 4428273.53, 38.62);
insert into STATION values (2869, '1903', 1423, 473769.32, 4428267.67, 38.25);
insert into STATION values (2870, '1904', 1423, 473774.06, 4428261.86, 41.74);
insert into STATION values (2871, '1905', 1423, 473784.43, 4428261.89, 43.94);
insert into STATION values (2872, '1906', 1423, 473783.73, 4428265.12, 43.94);
insert into STATION values (2873, '1907', 1423, 473781.83, 4428274.73, 38.95);
insert into STATION values (2874, '1908', 1423, 473790.60, 4428273.06, 37.85);
insert into STATION values (2875, '1909', 1423, 473795.13, 4428267.10, 43.70);
insert into STATION values (2876, 'ENT_206001', 1387, 476883.00, 4424327.00, 0.00);
insert into STATION_FLAG values(2876, 'fix');
insert into STATION values (2877, 'ENT_206002', 1387, 476461.00, 4423410.00, 0.00);
insert into STATION_FLAG values(2877, 'fix');
insert into STATION values (2878, 'ENT_206003', 1387, 475043.00, 4425186.00, 433.00);
insert into STATION_FLAG values(2878, 'fix');
insert into STATION values (2879, 'ENT_206004', 1387, 475107.00, 4425112.00, 429.00);
insert into STATION_FLAG values(2879, 'fix');
insert into STATION values (2880, 'ENT_206005', 1387, 475175.00, 4425192.00, 444.00);
insert into STATION_FLAG values(2880, 'fix');
insert into STATION values (2881, 'ENT_206006', 1387, 475069.00, 4425245.00, 452.00);
insert into STATION_FLAG values(2881, 'fix');
insert into STATION values (2882, 'ENT_206007', 1387, 475140.00, 4424860.00, 358.00);
insert into STATION_FLAG values(2882, 'fix');
insert into STATION values (2883, 'ENT_206008', 1387, 474961.00, 4425621.00, 457.00);
insert into STATION_FLAG values(2883, 'fix');
insert into STATION values (2884, 'ENT_206009', 1387, 474841.00, 4425409.00, 373.00);
insert into STATION_FLAG values(2884, 'fix');
insert into STATION values (2885, 'ENT_206010', 1387, 474836.00, 4425367.00, 380.00);
insert into STATION_FLAG values(2885, 'fix');
insert into STATION values (2886, 'ENT_206011', 1387, 474969.00, 4425554.00, 455.00);
insert into STATION_FLAG values(2886, 'fix');
insert into STATION values (2887, 'ENT_206012', 1387, 474969.00, 4424637.00, 338.00);
insert into STATION_FLAG values(2887, 'fix');
insert into STATION values (2888, 'ENT_206013', 1387, 474998.00, 4424705.00, 335.00);
insert into STATION_FLAG values(2888, 'fix');
insert into STATION values (2889, 'ENT_206014', 1387, 474477.00, 4423817.00, 365.00);
insert into STATION_FLAG values(2889, 'fix');
insert into STATION values (2890, 'ENT_206015', 1387, 474952.00, 4424624.00, 334.00);
insert into STATION_FLAG values(2890, 'fix');
insert into STATION values (2891, 'ENT_206016', 1387, 475187.00, 4426380.00, 669.00);
insert into STATION_FLAG values(2891, 'fix');
insert into STATION values (2892, 'ENT_206017', 1387, 475255.00, 4426406.00, 691.00);
insert into STATION_FLAG values(2892, 'fix');
insert into STATION values (2893, 'ENT_206018', 1387, 475361.00, 4426071.00, 679.00);
insert into STATION_FLAG values(2893, 'fix');
insert into STATION values (2894, 'ENT_206019', 1387, 475208.00, 4426189.00, 635.00);
insert into STATION_FLAG values(2894, 'fix');
insert into STATION values (2895, 'ENT_206020', 1387, 475205.00, 4426209.00, 632.00);
insert into STATION_FLAG values(2895, 'fix');
insert into STATION values (2896, 'ENT_206021', 1387, 475202.00, 4426174.00, 618.00);
insert into STATION_FLAG values(2896, 'fix');
insert into STATION values (2897, 'ENT_206022', 1387, 475202.00, 4426174.00, 618.00);
insert into STATION_FLAG values(2897, 'fix');
insert into STATION values (2898, 'ENT_206023', 1387, 475218.00, 4426185.00, 628.00);
insert into STATION_FLAG values(2898, 'fix');
insert into STATION values (2899, 'ENT_206024', 1387, 474458.00, 4427709.00, 214.00);
insert into STATION_FLAG values(2899, 'fix');
insert into STATION values (2900, 'ENT_206025', 1387, 475373.00, 1314650.04, 759.00);
insert into STATION_FLAG values(2900, 'fix');
insert into STATION values (2901, 'ENT_206026', 1387, 475365.00, 4426421.00, 745.00);
insert into STATION_FLAG values(2901, 'fix');
insert into STATION values (2902, 'ENT_206027', 1387, 475063.00, 4426287.00, 600.00);
insert into STATION_FLAG values(2902, 'fix');
insert into STATION values (2903, 'ENT_206028', 1387, 475063.00, 4426287.00, 629.00);
insert into STATION_FLAG values(2903, 'fix');
insert into STATION values (2904, 'ENT_206029', 1387, 475118.00, 4426181.00, 621.00);
insert into STATION_FLAG values(2904, 'fix');
insert into STATION values (2905, 'ENT_206030', 1387, 475065.00, 4426047.00, 584.00);
insert into STATION_FLAG values(2905, 'fix');
insert into STATION values (2906, 'ENT_206031', 1387, 474466.00, 4425996.00, 120.00);
insert into STATION_FLAG values(2906, 'fix');
insert into STATION values (2907, 'ENT_206032', 1387, 475106.00, 4425962.00, 579.00);
insert into STATION_FLAG values(2907, 'fix');
insert into STATION values (2908, 'ENT_206033', 1387, 475550.00, 4427985.00, 360.00);
insert into STATION_FLAG values(2908, 'fix');
insert into STATION values (2909, 'ENT_206034', 1387, 474992.00, 4427009.00, 519.00);
insert into STATION_FLAG values(2909, 'fix');
insert into STATION values (2910, 'ENT_206035', 1387, 475017.00, 4427584.00, 380.00);
insert into STATION_FLAG values(2910, 'fix');
insert into STATION values (2911, 'ENT_206036', 1387, 474963.00, 4427404.00, 398.00);
insert into STATION_FLAG values(2911, 'fix');
insert into STATION values (2912, 'ENT_206037', 1387, 475017.00, 4427584.00, 380.00);
insert into STATION_FLAG values(2912, 'fix');
insert into STATION values (2913, 'ENT_206038', 1387, 474946.00, 4427389.00, 396.00);
insert into STATION_FLAG values(2913, 'fix');
insert into STATION values (2914, 'ENT_206039', 1387, 474982.00, 4427513.00, 382.00);
insert into STATION_FLAG values(2914, 'fix');
insert into STATION values (2915, 'ENT_206040', 1387, 474462.00, 4423274.00, 120.00);
insert into STATION_FLAG values(2915, 'fix');
insert into STATION values (2916, 'ENT_206041', 1387, 474946.00, 4424727.00, 340.00);
insert into STATION_FLAG values(2916, 'fix');
insert into STATION values (2917, 'ENT_206042', 1387, 474990.00, 4425248.00, 437.00);
insert into STATION_FLAG values(2917, 'fix');
insert into STATION values (2918, 'ENT_206043', 1387, 473872.00, 4428412.00, 140.00);
insert into STATION_FLAG values(2918, 'fix');
insert into STATION values (2919, 'ENT_206044', 1387, 477682.00, 4426231.00, 0.00);
insert into STATION_FLAG values(2919, 'fix');
insert into STATION values (2920, 'PC0', 1446, 479447.69, 4428582.40, 143.90);
insert into STATION values (2921, 'PC1', 1446, 479443.56, 4428594.65, 145.26);
insert into STATION values (2922, 'PC2', 1446, 479437.88, 4428599.83, 144.72);
insert into STATION values (2923, 'PC3', 1446, 479429.85, 4428599.60, 141.14);
insert into STATION values (2924, 'PC4', 1446, 479421.06, 4428597.30, 136.51);
insert into STATION values (2925, 'PC5', 1446, 479412.62, 4428596.32, 136.21);
insert into STATION values (2926, 'PC6', 1446, 479400.90, 4428600.66, 136.21);
insert into STATION values (2927, 'PC7', 1446, 479394.61, 4428591.80, 141.05);
insert into STATION values (2928, 'PC8', 1446, 479386.35, 4428582.07, 138.57);
insert into STATION values (2929, 'PC9', 1446, 479384.81, 4428574.42, 138.71);
insert into STATION values (2930, 'PC10', 1446, 479379.00, 4428572.00, 141.00);
insert into STATION_FLAG values(2930, 'ent');
insert into STATION values (2931, 'PC11', 1446, 479372.66, 4428558.62, 137.58);
insert into STATION values (2932, 'PC100', 1446, 479339.65, 4428464.38, 141.37);
insert into STATION values (2933, 'PC101', 1446, 479342.25, 4428466.24, 141.37);
insert into STATION values (2934, 'PC102', 1446, 479351.01, 4428469.37, 141.20);
insert into STATION values (2935, 'PC103', 1446, 479348.55, 4428477.59, 141.80);
insert into STATION values (2936, 'PC104', 1446, 479353.16, 4428484.09, 137.20);
insert into STATION values (2937, 'PC105', 1446, 479348.68, 4428489.12, 138.15);
insert into STATION values (2938, 'PC106', 1446, 479346.62, 4428490.48, 138.95);
insert into STATION values (2939, 'PC107', 1446, 479346.62, 4428490.48, 140.95);
insert into STATION values (2940, 'PC108', 1446, 479347.74, 4428480.62, 139.05);
insert into STATION values (2941, 'PC109', 1446, 479350.54, 4428493.03, 135.65);
insert into STATION values (2942, 'PC200', 1446, 479351.44, 4428501.12, 131.14);
insert into STATION values (2943, 'PC201', 1446, 479346.90, 4428511.48, 135.71);
insert into STATION values (2944, 'PC202', 1446, 479352.46, 4428518.56, 132.06);
insert into STATION values (2945, 'PCA', 1446, 479346.90, 4428511.48, 139.71);
insert into STATION values (2946, 'PCB', 1446, 479357.34, 4428522.93, 139.71);
insert into STATION values (2947, 'PCC', 1446, 479358.11, 4428528.16, 139.34);
insert into STATION values (2948, 'PCD', 1446, 479361.70, 4428541.25, 141.25);
insert into STATION values (2949, 'PCE', 1446, 479366.87, 4428554.46, 140.75);
insert into STATION values (2950, '0', 1450, 479667.74, 4427696.00, 0.00);
insert into STATION_FLAG values(2950, 'ent');
insert into STATION values (2951, '1', 1450, 479667.40, 4427696.50, -0.80);
insert into STATION values (2952, '2', 1450, 479668.71, 4427701.11, -2.20);
insert into STATION values (2953, '3', 1450, 479669.96, 4427705.57, -4.10);
insert into STATION values (2954, '4', 1450, 479667.18, 4427713.57, -9.40);
insert into STATION values (2955, '5', 1450, 479664.04, 4427722.58, -12.40);
insert into STATION values (2956, '6', 1450, 479660.90, 4427731.59, -15.40);
insert into STATION values (2957, '7', 1450, 479657.98, 4427739.98, -20.00);
insert into STATION values (2958, '8', 1450, 479648.68, 4427766.69, -30.00);
insert into STATION values (2959, '9', 1450, 479638.38, 4427781.85, -38.00);
insert into STATION values (2960, '10', 1450, 479636.92, 4427801.77, -39.00);
insert into STATION values (2961, '11', 1450, 479635.09, 4427826.68, -40.00);
insert into STATION values (2962, '12', 1450, 479638.13, 4427837.44, -30.00);
insert into STATION values (2963, '13', 1450, 479648.94, 4427875.63, -25.00);
insert into STATION values (2964, '14', 1450, 479641.14, 4427879.40, -20.00);
insert into STATION values (2965, '15', 1450, 479638.44, 4427880.70, -24.00);
insert into STATION values (2966, '16', 1450, 479637.62, 4427877.82, -28.00);
insert into STATION values (2967, '17', 1450, 479630.20, 4427867.52, -36.00);
insert into STATION values (2968, '18', 1450, 479629.08, 4427871.97, -38.00);
insert into STATION values (2969, '19', 1450, 479623.48, 4427880.20, -39.00);
insert into STATION values (2970, '20', 1450, 479621.80, 4427882.68, -43.00);
insert into STATION values (2971, '21', 1450, 479618.38, 4427886.19, -44.00);
insert into STATION values (2972, '22', 1450, 479609.43, 4427890.52, -45.00);
insert into STATION values (2973, '23', 1450, 479608.70, 4427900.44, -46.00);
insert into STATION values (2974, '24', 1450, 479608.00, 4427909.96, -49.00);
insert into STATION values (2975, 'ENT_207001', 1444, 479379.00, 4428572.00, 141.00);
insert into STATION_FLAG values(2975, 'fix');
insert into STATION values (2976, 'ENT_207002', 1444, 479667.74, 4427696.00, 0.00);
insert into STATION_FLAG values(2976, 'fix');
insert into STATION values (2977, '0', 1458, 468817.43, 4427046.87, 57.17);
insert into STATION values (2978, '1', 1458, 468815.80, 4427057.41, 55.48);
insert into STATION values (2979, '2', 1458, 468813.56, 4427103.05, 55.48);
insert into STATION values (2980, '3', 1458, 468787.23, 4427147.22, 50.08);
insert into STATION values (2981, '10', 1458, 468794.26, 4427110.38, 50.08);
insert into STATION values (2982, '11', 1458, 468787.80, 4427074.46, 50.08);
insert into STATION values (2983, '12', 1458, 468787.75, 4427059.68, 54.04);
insert into STATION values (2984, '13', 1458, 468787.83, 4427054.13, 54.82);
insert into STATION values (2985, '4', 1458, 468794.58, 4427167.21, 50.08);
insert into STATION values (2986, '5', 1458, 468802.86, 4427193.97, 57.59);
insert into STATION values (2987, '6', 1458, 468792.77, 4427216.84, 57.15);
insert into STATION values (2988, '7', 1458, 468780.40, 4427234.63, 60.97);
insert into STATION values (2989, '8', 1458, 468774.01, 4427250.61, 69.00);
insert into STATION values (2990, '9', 1458, 468779.00, 4427269.00, 80.00);
insert into STATION_FLAG values(2990, 'ent');
insert into STATION values (2991, 'ENT_208001', 1456, 468779.00, 4427269.00, 80.00);
insert into STATION_FLAG values(2991, 'fix');
insert into STATION values (2992, 'ENT_208002', 1456, 468617.00, 4427344.00, 40.00);
insert into STATION_FLAG values(2992, 'fix');
insert into STATION values (2993, 'ENT_208003', 1456, 468950.00, 4428050.00, 20.00);
insert into STATION_FLAG values(2993, 'fix');
insert into STATION values (2994, 'ENT_208004', 1456, 470687.00, 4426335.00, 559.00);
insert into STATION_FLAG values(2994, 'fix');
insert into STATION values (2995, 'ENT_208005', 1456, 470676.00, 4426340.00, 561.00);
insert into STATION_FLAG values(2995, 'fix');
insert into STATION values (2996, '0', 1469, 473604.18, 4425934.38, 239.66);
insert into STATION values (2997, '1', 1469, 473604.72, 4425934.76, 243.41);
insert into STATION values (2998, '2', 1469, 473604.60, 4425932.69, 243.59);
insert into STATION values (2999, '3', 1469, 473601.68, 4425932.22, 245.85);
insert into STATION values (3000, '4', 1469, 473595.72, 4425933.88, 250.21);
insert into STATION values (3001, '5', 1469, 473595.03, 4425936.09, 249.71);
insert into STATION values (3002, '6', 1469, 473592.97, 4425934.76, 248.80);
insert into STATION values (3003, '7', 1469, 473591.44, 4425932.86, 248.80);
insert into STATION values (3004, '8', 1469, 473591.03, 4425929.42, 249.53);
insert into STATION values (3005, '9', 1469, 473588.02, 4425928.80, 250.47);
insert into STATION values (3006, '10', 1469, 473587.20, 4425930.46, 250.47);
insert into STATION values (3007, '14', 1469, 473583.33, 4425931.70, 250.76);
insert into STATION values (3008, '15', 1469, 473580.03, 4425927.37, 254.16);
insert into STATION values (3009, '16', 1469, 473578.62, 4425923.25, 258.22);
insert into STATION values (3010, '17', 1469, 473577.33, 4425920.32, 258.61);
insert into STATION values (3011, '18', 1469, 473572.57, 4425921.75, 259.76);
insert into STATION values (3012, '19', 1469, 473569.27, 4425925.67, 258.76);
insert into STATION values (3013, '20', 1469, 473569.94, 4425927.64, 258.47);
insert into STATION values (3014, '21', 1469, 473565.45, 4425930.99, 258.47);
insert into STATION values (3015, '17A', 1469, 473571.50, 4425912.52, 261.97);
insert into STATION values (3016, '19A', 1469, 473565.89, 4425913.74, 259.85);
insert into STATION values (3017, '17B', 1469, 473578.64, 4425926.08, 259.65);
insert into STATION values (3018, '17C', 1469, 473578.77, 4425935.18, 264.29);
insert into STATION values (3019, '6A', 1469, 473596.01, 4425937.80, 240.85);
insert into STATION values (3020, '2A', 1469, 473602.23, 4425931.82, 246.10);
insert into STATION values (3021, '2B', 1469, 473600.49, 4425935.76, 249.44);
insert into STATION values (3022, '2C', 1469, 473600.55, 4425938.39, 249.70);
insert into STATION values (3023, '2D', 1469, 473601.57, 4425940.24, 250.28);
insert into STATION values (3024, '2E', 1469, 473600.17, 4425943.89, 251.15);
insert into STATION values (3025, '2F', 1469, 473600.77, 4425946.01, 251.41);
insert into STATION values (3026, '2G', 1469, 473599.92, 4425949.51, 251.28);
insert into STATION values (3027, '2H', 1469, 473602.34, 4425950.95, 249.32);
insert into STATION values (3028, '2I', 1469, 473599.90, 4425958.36, 249.73);
insert into STATION values (3029, '2J', 1469, 473600.92, 4425962.52, 249.73);
insert into STATION values (3030, '2G0', 1469, 473597.54, 4425949.09, 254.03);
insert into STATION values (3031, '2G1', 1469, 473594.17, 4425946.38, 255.14);
insert into STATION values (3032, '2G2', 1469, 473591.48, 4425943.27, 256.98);
insert into STATION values (3033, '2G1A0', 1469, 473594.19, 4425946.45, 254.44);
insert into STATION values (3034, '2G1A', 1469, 473598.46, 4425947.53, 250.30);
insert into STATION values (3035, '2G1B', 1469, 473601.40, 4425946.12, 247.62);
insert into STATION values (3036, '2G1C', 1469, 473603.12, 4425946.23, 244.92);
insert into STATION values (3037, '2G1D', 1469, 473602.47, 4425948.67, 244.79);
insert into STATION values (3038, '2G1E', 1469, 473600.63, 4425947.14, 243.98);
insert into STATION values (3039, '2G1F', 1469, 473597.64, 4425944.45, 243.24);
insert into STATION values (3040, '2G1G', 1469, 473596.00, 4425937.73, 240.85);
insert into STATION values (3041, '201', 1469, 473604.98, 4425931.01, 243.99);
insert into STATION values (3042, '202', 1469, 473604.92, 4425928.38, 244.12);
insert into STATION values (3043, '203', 1469, 473607.24, 4425929.73, 243.79);
insert into STATION values (3044, '203A', 1469, 473613.35, 4425926.16, 236.47);
insert into STATION values (3045, '204', 1469, 473616.55, 4425928.82, 235.81);
insert into STATION values (3046, '205', 1469, 473618.00, 4425929.08, 231.77);
insert into STATION values (3047, '206', 1469, 473619.88, 4425928.59, 228.40);
insert into STATION values (3048, '207', 1469, 473624.18, 4425928.94, 227.40);
insert into STATION values (3049, '208', 1469, 473627.69, 4425928.61, 227.22);
insert into STATION values (3050, '209', 1469, 473627.55, 4425926.17, 227.35);
insert into STATION values (3051, '210', 1469, 473626.98, 4425921.37, 226.93);
insert into STATION values (3052, '211', 1469, 473626.98, 4425921.37, 220.13);
insert into STATION values (3053, '209A', 1469, 473627.55, 4425926.17, 219.65);
insert into STATION values (3054, '510', 1469, 473621.19, 4425911.64, 216.64);
insert into STATION values (3055, '511', 1469, 473621.19, 4425911.64, 220.16);
insert into STATION values (3056, '512', 1469, 473622.30, 4425909.28, 221.37);
insert into STATION values (3057, '513', 1469, 473624.94, 4425911.22, 222.69);
insert into STATION values (3058, '514', 1469, 473625.21, 4425913.21, 221.75);
insert into STATION values (3059, '515', 1469, 473629.87, 4425912.32, 219.44);
insert into STATION values (3060, '516', 1469, 473631.17, 4425917.43, 217.52);
insert into STATION values (3061, '517', 1469, 473627.71, 4425917.69, 218.45);
insert into STATION values (3062, 'D0', 1469, 473603.00, 4425884.64, 224.11);
insert into STATION values (3063, 'D1', 1469, 473603.09, 4425891.32, 224.82);
insert into STATION values (3064, 'D2', 1469, 473607.90, 4425895.38, 225.70);
insert into STATION values (3065, 'D3', 1469, 473608.19, 4425897.30, 226.87);
insert into STATION values (3066, 'D4', 1469, 473609.14, 4425897.92, 226.16);
insert into STATION values (3067, 'D5', 1469, 473611.68, 4425902.18, 226.25);
insert into STATION values (3068, 'D6', 1469, 473610.53, 4425903.54, 226.25);
insert into STATION values (3069, 'D7', 1469, 473606.80, 4425903.85, 226.64);
insert into STATION values (3070, 'D8', 1469, 473601.99, 4425907.58, 230.45);
insert into STATION values (3071, 'D9', 1469, 473601.66, 4425910.21, 232.04);
insert into STATION values (3072, 'D10', 1469, 473601.65, 4425912.89, 233.18);
insert into STATION values (3073, 'D11', 1469, 473599.59, 4425916.16, 233.65);
insert into STATION values (3074, 'D12', 1469, 473602.33, 4425918.93, 233.65);
insert into STATION values (3075, 'D13', 1469, 473608.48, 4425925.34, 234.90);
insert into STATION values (3076, 'D14', 1469, 473610.38, 4425927.06, 236.70);
insert into STATION values (3077, 'D15', 1469, 473610.12, 4425930.60, 237.71);
insert into STATION values (3078, 'D16', 1469, 473609.39, 4425931.86, 237.79);
insert into STATION values (3079, 'D17', 1469, 473604.21, 4425931.39, 237.79);
insert into STATION values (3080, 'D18', 1469, 473601.21, 4425936.74, 239.90);
insert into STATION values (3081, 'D19', 1469, 473600.93, 4425939.32, 240.85);
insert into STATION values (3082, 'D20A', 1469, 473605.11, 4425945.11, 240.85);
insert into STATION values (3083, 'E1', 1469, 473616.00, 4425884.00, 215.00);
insert into STATION_FLAG values(3083, 'ent');
insert into STATION values (3084, 'E2', 1469, 473622.74, 4425869.67, 205.11);
insert into STATION values (3085, 'E3', 1469, 473624.52, 4425866.22, 198.09);
insert into STATION values (3086, 'E4', 1469, 473626.72, 4425863.95, 194.58);
insert into STATION values (3087, 'E5', 1469, 473628.10, 4425865.00, 193.50);
insert into STATION values (3088, 'E6', 1469, 473630.32, 4425862.81, 191.70);
insert into STATION values (3089, 'E7', 1469, 473635.18, 4425860.56, 184.59);
insert into STATION values (3090, 'E8', 1469, 473636.46, 4425856.88, 182.06);
insert into STATION values (3091, 'E9', 1469, 473640.48, 4425857.83, 177.63);
insert into STATION values (3092, 'A', 1469, 473618.71, 4425888.90, 213.94);
insert into STATION values (3093, 'B', 1469, 473626.30, 4425892.00, 209.02);
insert into STATION values (3094, 'C', 1469, 473627.97, 4425893.65, 208.60);
insert into STATION values (3095, 'D', 1469, 473629.28, 4425894.51, 206.09);
insert into STATION values (3096, 'E', 1469, 473633.03, 4425895.81, 205.53);
insert into STATION values (3097, 'F', 1469, 473634.13, 4425896.68, 203.20);
insert into STATION values (3098, 'G', 1469, 473638.65, 4425893.30, 196.94);
insert into STATION values (3099, '0', 1475, 472922.00, 4425932.00, 436.00);
insert into STATION_FLAG values(3099, 'ent');
insert into STATION values (3100, '1', 1475, 472925.05, 4425930.18, 436.00);
insert into STATION values (3101, '2', 1475, 472925.03, 4425936.41, 436.33);
insert into STATION values (3102, '3', 1475, 472924.22, 4425939.85, 436.02);
insert into STATION values (3103, 'A', 1475, 472922.38, 4425939.02, 439.01);
insert into STATION values (3104, '4', 1475, 472926.93, 4425940.19, 435.83);
insert into STATION values (3105, '5', 1475, 472929.03, 4425939.31, 435.91);
insert into STATION values (3106, 'B1', 1475, 472929.72, 4425941.36, 436.69);
insert into STATION values (3107, 'B2', 1475, 472927.67, 4425943.32, 437.73);
insert into STATION values (3108, 'B3', 1475, 472927.67, 4425943.32, 447.99);
insert into STATION values (3109, 'B4', 1475, 472929.95, 4425944.16, 447.99);
insert into STATION values (3110, '6', 1475, 472930.61, 4425938.83, 436.05);
insert into STATION values (3111, '7', 1475, 472938.34, 4425940.36, 429.89);
insert into STATION values (3112, '8', 1475, 472940.99, 4425938.84, 428.47);
insert into STATION values (3113, '9', 1475, 472945.45, 4425937.50, 426.96);
insert into STATION values (3114, '10', 1475, 472948.86, 4425934.76, 426.88);
insert into STATION values (3115, '0', 1479, 471328.00, 4422992.00, 3.00);
insert into STATION_FLAG values(3115, 'ent');
insert into STATION values (3116, '1', 1479, 471319.41, 4422990.82, 3.30);
insert into STATION values (3117, 'A', 1479, 471316.35, 4422998.87, 0.17);
insert into STATION values (3118, '2', 1479, 471319.81, 4422984.81, 3.83);
insert into STATION values (3119, 'B', 1479, 471325.10, 4422972.21, 7.49);
insert into STATION values (3120, '3', 1479, 471309.35, 4422987.26, 4.77);
insert into STATION values (3121, '4', 1479, 471305.86, 4422984.03, 9.53);
insert into STATION values (3122, '5', 1479, 471302.77, 4422979.74, 11.06);
insert into STATION values (3123, '6', 1479, 471291.21, 4423004.75, 4.19);
insert into STATION values (3124, 'C', 1479, 471297.73, 4423000.48, 2.10);
insert into STATION values (3125, '7', 1479, 471288.15, 4423019.41, 2.08);
insert into STATION values (3126, '2.1', 1479, 471313.42, 4422964.39, 23.17);
insert into STATION values (3127, '2.2', 1479, 471313.94, 4422969.00, 18.52);
insert into STATION values (3128, '3.1', 1479, 471314.31, 4422966.61, 21.97);
insert into STATION values (3129, '3.2', 1479, 471317.86, 4422965.44, 23.88);
insert into STATION values (3130, '3.3', 1479, 471318.80, 4422963.73, 22.12);
insert into STATION values (3131, '3.4', 1479, 471322.01, 4422951.59, 28.52);
insert into STATION values (3132, 'S0', 1479, 471194.29, 4423116.02, -7.62);
insert into STATION values (3133, 'S1', 1479, 471199.95, 4423127.73, -7.62);
insert into STATION values (3134, 'S2', 1479, 471204.92, 4423127.22, -7.62);
insert into STATION values (3135, 'S3', 1479, 471208.37, 4423123.00, -10.12);
insert into STATION values (3136, 'S4', 1479, 471215.63, 4423117.76, -11.02);
insert into STATION values (3137, 'S5', 1479, 471217.76, 4423116.49, -12.72);
insert into STATION values (3138, 'S6', 1479, 471220.72, 4423113.93, -13.52);
insert into STATION values (3139, 'S7', 1479, 471223.08, 4423104.62, -16.32);
insert into STATION values (3140, 'S8', 1479, 471232.70, 4423097.68, -14.52);
insert into STATION values (3141, 'S9', 1479, 471234.05, 4423097.30, -19.32);
insert into STATION values (3142, 'S10', 1479, 471237.51, 4423093.74, -19.92);
insert into STATION values (3143, 'S11', 1479, 471241.95, 4423094.87, -21.92);
insert into STATION values (3144, 'S12', 1479, 471246.80, 4423096.09, -21.92);
insert into STATION values (3145, 'S13', 1479, 471256.42, 4423093.37, -21.92);
insert into STATION values (3146, 'S14', 1479, 471260.83, 4423092.12, -23.92);
insert into STATION values (3147, 'S15', 1479, 471267.66, 4423085.10, -21.92);
insert into STATION values (3148, 'S16', 1479, 471264.79, 4423082.31, -18.92);
insert into STATION values (3149, 'S17', 1479, 471266.00, 4423077.56, -17.92);
insert into STATION values (3150, 'S18', 1479, 471266.35, 4423072.68, -16.92);
insert into STATION values (3151, 'S19', 1479, 471268.93, 4423068.88, -14.92);
insert into STATION values (3152, 'S20', 1479, 471273.34, 4423066.75, -13.92);
insert into STATION values (3153, 'S21', 1479, 471276.09, 4423062.70, -12.92);
insert into STATION values (3154, 'S22', 1479, 471277.30, 4423057.95, -11.92);
insert into STATION values (3155, 'S23', 1479, 471275.16, 4423053.54, -10.92);
insert into STATION values (3156, 'S24', 1479, 471271.88, 4423050.35, -8.92);
insert into STATION values (3157, 'S25', 1479, 471276.29, 4423049.10, -6.92);
insert into STATION values (3158, 'S26', 1479, 471278.17, 4423044.92, -4.92);
insert into STATION values (3159, 'S27', 1479, 471280.98, 4423040.78, -4.92);
insert into STATION values (3160, 'S28', 1479, 471282.98, 4423036.31, -3.92);
insert into STATION values (3161, 'S29', 1479, 471286.40, 4423032.80, -2.92);
insert into STATION values (3162, 'S30', 1479, 471288.28, 4423028.62, -0.92);
insert into STATION values (3163, 'S31', 1479, 471286.98, 4423024.03, 0.58);
insert into STATION values (3164, '0', 1484, 473521.70, 4428262.39, 135.82);
insert into STATION values (3165, '-1', 1484, 473516.12, 4428260.44, 134.78);
insert into STATION values (3166, '1', 1484, 473521.80, 4428263.38, 135.82);
insert into STATION values (3167, '2', 1484, 473521.80, 4428263.38, 149.82);
insert into STATION values (3168, '3', 1484, 473523.62, 4428263.52, 160.16);
insert into STATION values (3169, '4', 1484, 473527.58, 4428264.16, 159.31);
insert into STATION values (3170, '5', 1484, 473527.58, 4428264.16, 177.81);
insert into STATION values (3171, '6', 1484, 473527.00, 4428264.00, 195.00);
insert into STATION_FLAG values(3171, 'ent');
insert into STATION values (3172, '0', 1488, 472979.94, 4428708.46, 110.43);
insert into STATION values (3173, '1', 1488, 472979.87, 4428703.12, 107.12);
insert into STATION values (3174, '2', 1488, 472980.61, 4428700.86, 108.84);
insert into STATION values (3175, '3', 1488, 472985.77, 4428698.71, 110.38);
insert into STATION values (3176, '4', 1488, 472985.02, 4428696.32, 115.24);
insert into STATION values (3177, '5', 1488, 472985.04, 4428696.25, 117.16);
insert into STATION values (3178, '6', 1488, 472982.41, 4428693.08, 117.71);
insert into STATION values (3179, '7', 1488, 472980.85, 4428694.64, 122.46);
insert into STATION values (3180, '8', 1488, 472980.65, 4428695.37, 127.03);
insert into STATION values (3181, '9', 1488, 472978.48, 4428694.15, 149.19);
insert into STATION values (3182, '10', 1488, 472980.00, 4428693.00, 154.00);
insert into STATION_FLAG values(3182, 'ent');
insert into STATION values (3183, 'GD-d', 1492, 473050.00, 4425902.00, 445.00);
insert into STATION_FLAG values(3183, 'ent');
insert into STATION values (3184, 'GD-c', 1492, 473047.69, 4425908.29, 440.81);
insert into STATION values (3185, 'GD-b', 1492, 473040.62, 4425912.67, 427.51);
insert into STATION values (3186, 'GD-0', 1492, 473040.62, 4425912.67, 412.49);
insert into STATION values (3187, 'GD-1', 1492, 473032.21, 4425915.21, 408.20);
insert into STATION values (3188, 'GD-2', 1492, 473032.21, 4425915.21, 404.85);
insert into STATION values (3189, 'GD-3', 1492, 473030.65, 4425909.72, 402.43);
insert into STATION values (3190, 'GD-4', 1492, 473028.66, 4425912.76, 399.78);
insert into STATION values (3191, 'GD-5', 1492, 473026.53, 4425914.42, 395.63);
insert into STATION values (3192, 'GD-a', 1492, 473024.57, 4425909.55, 393.13);
insert into STATION values (3193, 'GD-6', 1492, 473024.73, 4425916.14, 393.31);
insert into STATION values (3194, 'GD-7', 1492, 473024.06, 4425919.86, 393.64);
insert into STATION values (3195, 'GD-8', 1492, 473024.68, 4425922.83, 389.48);
insert into STATION values (3196, 'GD-9', 1492, 473022.54, 4425923.01, 389.25);
insert into STATION values (3197, 'GD-10', 1492, 473019.90, 4425924.40, 384.28);
insert into STATION values (3198, 'GD-11', 1492, 473016.92, 4425925.19, 375.34);
insert into STATION values (3199, 'GD-12', 1492, 473014.19, 4425921.54, 373.94);
insert into STATION values (3200, 'GD-13', 1492, 473011.06, 4425921.20, 366.52);
insert into STATION values (3201, 'GD-14', 1492, 473009.07, 4425926.61, 360.34);
insert into STATION values (3202, 'GD-15', 1492, 473006.90, 4425926.60, 360.72);
insert into STATION values (3203, 'GD-16', 1492, 473007.49, 4425930.86, 360.87);
insert into STATION values (3204, 'GD-17', 1492, 473008.97, 4425931.94, 360.38);
insert into STATION values (3205, 'GD-18', 1492, 473008.48, 4425934.01, 358.25);
insert into STATION values (3206, 'GD-19', 1492, 473006.15, 4425935.76, 356.50);
insert into STATION values (3207, 'GD-20', 1492, 472998.76, 4425935.21, 345.10);
insert into STATION values (3208, 'GD-21', 1492, 472998.76, 4425935.21, 335.10);
insert into STATION values (3209, 'GD-22', 1492, 472998.76, 4425935.21, 324.10);
insert into STATION values (3210, 'GD-23', 1492, 472992.07, 4425933.27, 324.71);
insert into STATION values (3211, 'GD-24', 1492, 472989.47, 4425930.75, 313.58);
insert into STATION values (3212, 'GD-25', 1492, 472989.98, 4425927.92, 310.80);
insert into STATION values (3213, 'GD-251', 1492, 472987.94, 4425920.70, 310.80);
insert into STATION values (3214, 'GD-252', 1492, 472987.94, 4425920.70, 306.80);
insert into STATION values (3215, 'GD-26', 1492, 472987.35, 4425918.74, 305.85);
insert into STATION values (3216, 'GD-27', 1492, 472985.34, 4425917.84, 297.64);
insert into STATION values (3217, 'GD-28', 1492, 472979.59, 4425896.08, 297.64);
insert into STATION values (3218, '36', 1492, 472977.13, 4425892.46, 281.26);
insert into STATION values (3219, '35', 1492, 472980.24, 4425898.77, 278.98);
insert into STATION values (3220, '34', 1492, 472979.89, 4425900.42, 278.36);
insert into STATION values (3221, '33', 1492, 472981.56, 4425906.17, 275.57);
insert into STATION values (3222, '32', 1492, 472984.16, 4425911.93, 271.92);
insert into STATION values (3223, '31', 1492, 472991.28, 4425915.38, 268.56);
insert into STATION values (3224, '30', 1492, 472990.77, 4425916.45, 264.12);
insert into STATION values (3225, '29', 1492, 472992.91, 4425921.20, 261.58);
insert into STATION values (3226, '28', 1492, 472991.85, 4425922.66, 261.51);
insert into STATION values (3227, '27', 1492, 472991.64, 4425924.23, 261.29);
insert into STATION values (3228, '26', 1492, 472989.73, 4425921.42, 261.29);
insert into STATION values (3229, '25', 1492, 472991.37, 4425927.92, 258.16);
insert into STATION values (3230, '24', 1492, 472988.83, 4425929.53, 257.24);
insert into STATION values (3231, '23', 1492, 472989.87, 4425932.36, 256.54);
insert into STATION values (3232, '22', 1492, 472988.15, 4425933.17, 256.54);
insert into STATION values (3233, '21', 1492, 472986.50, 4425931.15, 255.27);
insert into STATION values (3234, '20', 1492, 472985.39, 4425932.81, 255.20);
insert into STATION values (3235, '19', 1492, 472984.32, 4425940.62, 249.05);
insert into STATION values (3236, '18', 1492, 472992.07, 4425947.07, 245.77);
insert into STATION values (3237, '17', 1492, 472993.42, 4425947.33, 242.01);
insert into STATION values (3238, '16', 1492, 472992.83, 4425959.33, 239.89);
insert into STATION values (3239, '15', 1492, 472991.92, 4425960.39, 239.82);
insert into STATION values (3240, '14', 1492, 472989.53, 4425960.35, 239.61);
insert into STATION values (3241, '13', 1492, 472989.57, 4425961.35, 239.61);
insert into STATION values (3242, '12', 1492, 472988.42, 4425962.47, 239.61);
insert into STATION values (3243, '11', 1492, 472989.70, 4425964.49, 239.40);
insert into STATION values (3244, '10', 1492, 472988.49, 4425963.78, 239.40);
insert into STATION values (3245, '9', 1492, 472990.74, 4425967.08, 239.12);
insert into STATION values (3246, '8', 1492, 472988.74, 4425969.02, 238.93);
insert into STATION values (3247, '7', 1492, 472991.41, 4425970.04, 237.28);
insert into STATION values (3248, '6', 1492, 472990.06, 4425974.80, 236.58);
insert into STATION values (3249, '5', 1492, 472990.38, 4425976.78, 236.58);
insert into STATION values (3250, '4', 1492, 472986.23, 4425975.76, 235.19);
insert into STATION values (3251, '3', 1492, 472987.29, 4425978.13, 233.69);
insert into STATION values (3252, '2', 1492, 472984.80, 4425979.52, 227.85);
insert into STATION values (3253, '1', 1492, 472987.22, 4425986.08, 226.36);
insert into STATION values (3254, '0', 1492, 472988.53, 4425986.71, 221.89);
insert into STATION values (3255, '11a', 1492, 472988.10, 4425992.51, 220.87);
insert into STATION values (3256, '12a', 1492, 472986.21, 4425999.97, 219.65);
insert into STATION values (3257, '13a', 1492, 472984.84, 4426005.40, 216.15);
insert into STATION values (3258, '14a', 1492, 472982.49, 4426003.81, 215.90);
insert into STATION values (3259, '15a', 1492, 472981.05, 4426005.14, 214.53);
insert into STATION values (3260, '16a', 1492, 472980.42, 4426008.62, 212.88);
insert into STATION values (3261, '17a', 1492, 472980.89, 4426009.39, 211.81);
insert into STATION values (3262, '18a', 1492, 472980.56, 4426011.41, 210.98);
insert into STATION values (3263, '19a', 1492, 472979.12, 4426012.89, 211.35);
insert into STATION values (3264, '110', 1492, 472980.59, 4426014.78, 211.51);
insert into STATION values (3265, '111', 1492, 472979.66, 4426016.84, 209.25);
insert into STATION values (3266, '112', 1492, 472976.67, 4426017.58, 206.39);
insert into STATION values (3267, '113', 1492, 472980.76, 4426016.94, 205.66);
insert into STATION values (3268, '114', 1492, 472973.05, 4426022.51, 204.32);
insert into STATION values (3269, '115', 1492, 472975.36, 4426023.01, 202.47);
insert into STATION values (3270, '116', 1492, 472971.40, 4426031.06, 201.85);
insert into STATION values (3271, '117', 1492, 472970.19, 4426034.02, 201.85);
insert into STATION values (3272, '118', 1492, 472966.00, 4426036.52, 194.88);
insert into STATION values (3273, '119', 1492, 472962.55, 4426037.18, 193.74);
insert into STATION values (3274, '120', 1492, 472959.44, 4426038.36, 193.03);
insert into STATION values (3275, '121', 1492, 472962.92, 4426037.82, 191.61);
insert into STATION values (3276, '122', 1492, 472956.52, 4426042.79, 189.59);
insert into STATION values (3277, '123', 1492, 472956.11, 4426044.82, 189.03);
insert into STATION values (3278, '124', 1492, 472953.64, 4426048.46, 187.86);
insert into STATION values (3279, '125', 1492, 472952.68, 4426049.61, 187.86);
insert into STATION values (3280, '126', 1492, 472949.09, 4426051.58, 186.91);
insert into STATION values (3281, '127', 1492, 472951.80, 4426051.54, 187.39);
insert into STATION values (3282, '128', 1492, 472950.41, 4426053.58, 186.95);
insert into STATION values (3283, '129', 1492, 472950.85, 4426055.11, 187.07);
insert into STATION values (3284, '130', 1492, 472949.43, 4426055.89, 186.54);
insert into STATION values (3285, '131', 1492, 472948.13, 4426057.81, 185.60);
insert into STATION values (3286, '132', 1492, 472947.70, 4426059.49, 185.36);
insert into STATION values (3287, '133', 1492, 472947.00, 4426060.75, 184.95);
insert into STATION values (3288, '134', 1492, 472947.78, 4426068.38, 186.03);
insert into STATION values (3289, '135', 1492, 472946.39, 4426071.19, 185.59);
insert into STATION values (3290, '136', 1492, 472944.38, 4426070.68, 185.29);
insert into STATION values (3291, '137', 1492, 472942.42, 4426071.42, 184.61);
insert into STATION values (3292, '138', 1492, 472944.36, 4426071.12, 184.20);
insert into STATION values (3293, '139', 1492, 472942.75, 4426072.77, 184.20);
insert into STATION values (3294, '140', 1492, 472944.53, 4426074.22, 184.00);
insert into STATION values (3295, '141', 1492, 472944.09, 4426076.94, 183.51);
insert into STATION values (3296, '142', 1492, 472945.02, 4426075.20, 183.23);
insert into STATION values (3297, '143', 1492, 472943.51, 4426079.54, 182.26);
insert into STATION values (3298, '144', 1492, 472940.25, 4426079.87, 181.91);
insert into STATION values (3299, '145', 1492, 472938.72, 4426083.26, 181.39);
insert into STATION values (3300, '146', 1492, 472941.87, 4426086.78, 180.55);
insert into STATION values (3301, '147', 1492, 472940.89, 4426088.23, 180.55);
insert into STATION values (3302, '148', 1492, 472939.38, 4426087.00, 180.55);
insert into STATION values (3303, '149', 1492, 472939.15, 4426090.16, 180.11);
insert into STATION values (3304, '150', 1492, 472930.82, 4426096.16, 176.77);
insert into STATION values (3305, '151', 1492, 472931.39, 4426101.82, 176.37);
insert into STATION values (3306, '152', 1492, 472925.13, 4426102.46, 173.44);
insert into STATION values (3307, '153', 1492, 472927.94, 4426102.17, 170.61);
insert into STATION values (3308, '154', 1492, 472923.19, 4426103.43, 168.62);
insert into STATION values (3309, '155', 1492, 472925.91, 4426103.39, 169.62);
insert into STATION values (3310, '156', 1492, 472925.51, 4426104.99, 169.62);
insert into STATION values (3311, '1001', 1492, 472925.51, 4426104.99, 165.82);
insert into STATION values (3312, '1002', 1492, 472925.79, 4426107.81, 165.21);
insert into STATION values (3313, '1003', 1492, 472928.39, 4426109.75, 164.58);
insert into STATION values (3314, '1004', 1492, 472928.26, 4426112.04, 164.42);
insert into STATION values (3315, '1005', 1492, 472926.01, 4426114.44, 164.48);
insert into STATION values (3316, '1006', 1492, 472929.31, 4426118.71, 164.29);
insert into STATION values (3317, '1007', 1492, 472931.74, 4426119.70, 163.64);
insert into STATION values (3318, '1008', 1492, 472930.85, 4426121.69, 162.22);
insert into STATION values (3319, '1009', 1492, 472927.69, 4426121.12, 160.59);
insert into STATION values (3320, '1010', 1492, 472927.68, 4426124.66, 156.51);
insert into STATION values (3321, '1011', 1492, 472927.15, 4426126.37, 156.32);
insert into STATION values (3322, '1012', 1492, 472928.49, 4426131.13, 155.09);
insert into STATION values (3323, '1013', 1492, 472927.94, 4426132.94, 154.89);
insert into STATION values (3324, '1014', 1492, 472929.65, 4426134.72, 154.54);
insert into STATION values (3325, '1015', 1492, 472929.00, 4426139.90, 153.62);
insert into STATION values (3326, '1016', 1492, 472930.60, 4426142.94, 152.96);
insert into STATION values (3327, '1017', 1492, 472928.13, 4426144.79, 152.63);
insert into STATION values (3328, '1018', 1492, 472927.99, 4426148.48, 152.37);
insert into STATION values (3329, '1019', 1492, 472928.75, 4426150.71, 151.27);
insert into STATION values (3330, '1020', 1492, 472926.55, 4426154.64, 148.12);
insert into STATION values (3331, '1021', 1492, 472926.55, 4426154.64, 149.72);
insert into STATION values (3332, '1022', 1492, 472925.63, 4426158.02, 149.66);
insert into STATION values (3333, '1023', 1492, 472926.59, 4426159.77, 149.62);
insert into STATION values (3334, '1024', 1492, 472927.95, 4426160.62, 149.62);
insert into STATION values (3335, '1025', 1492, 472926.34, 4426162.40, 149.58);
insert into STATION values (3336, '1026', 1492, 472925.74, 4426164.93, 149.58);
insert into STATION values (3337, '1027', 1492, 472924.33, 4426166.33, 149.34);
insert into STATION values (3338, '1028', 1492, 472923.77, 4426168.96, 149.06);
insert into STATION values (3339, '1029', 1492, 472922.48, 4426169.72, 149.06);
insert into STATION values (3340, '1030', 1492, 472917.57, 4426171.39, 147.95);
insert into STATION values (3341, '1031', 1492, 472915.42, 4426173.85, 146.22);
insert into STATION values (3342, '1032', 1492, 472915.14, 4426178.85, 143.09);
insert into STATION values (3343, '1033', 1492, 472917.08, 4426181.09, 142.18);
insert into STATION values (3344, '1034', 1492, 472916.28, 4426183.51, 140.59);
insert into STATION values (3345, '1035', 1492, 472916.01, 4426182.56, 140.77);
insert into STATION values (3346, '1036', 1492, 472916.00, 4426187.96, 140.67);
insert into STATION values (3347, '1037', 1492, 472913.50, 4426188.04, 140.50);
insert into STATION values (3348, '1038', 1492, 472914.77, 4426191.20, 140.44);
insert into STATION values (3349, '1039', 1492, 472913.89, 4426193.85, 140.29);
insert into STATION values (3350, '1040', 1492, 472914.80, 4426195.50, 140.03);
insert into STATION values (3351, '1041', 1492, 472913.52, 4426196.29, 140.03);
insert into STATION values (3352, '1042', 1492, 472909.79, 4426209.15, 139.56);
insert into STATION values (3353, '1042B', 1492, 472908.92, 4426198.85, 141.38);
insert into STATION values (3354, '1043', 1492, 472909.53, 4426216.01, 136.79);
insert into STATION values (3355, 'GE', 1492, 473032.08, 4425925.42, 452.44);
insert into STATION values (3356, 'G0', 1492, 473032.08, 4425925.42, 450.44);
insert into STATION values (3357, 'G1', 1492, 473035.22, 4425924.93, 445.35);
insert into STATION values (3358, 'G2', 1492, 473036.23, 4425926.38, 444.41);
insert into STATION values (3359, 'G3', 1492, 473040.42, 4425926.39, 441.69);
insert into STATION values (3360, 'G4', 1492, 473041.58, 4425927.90, 441.07);
insert into STATION values (3361, 'G5', 1492, 473043.39, 4425927.62, 440.26);
insert into STATION values (3362, 'G6', 1492, 473044.04, 4425924.86, 439.28);
insert into STATION values (3363, 'G7', 1492, 473047.72, 4425928.08, 438.24);
insert into STATION values (3364, 'G8', 1492, 473050.58, 4425928.75, 437.67);
insert into STATION values (3365, 'G9', 1492, 473050.69, 4425927.77, 437.49);
insert into STATION values (3366, 'G10', 1492, 473052.68, 4425924.61, 436.06);
insert into STATION values (3367, 'G11', 1492, 473051.35, 4425923.12, 436.10);
insert into STATION values (3368, 'G12', 1492, 473049.55, 4425922.80, 435.28);
insert into STATION values (3369, 'G13', 1492, 473049.59, 4425921.10, 434.22);
insert into STATION values (3370, 'G14', 1492, 473048.88, 4425920.16, 432.60);
insert into STATION values (3371, 'PL0', 1500, 470986.60, 4424718.53, 259.75);
insert into STATION values (3372, 'PL1', 1500, 470989.21, 4424717.27, 263.20);
insert into STATION values (3373, 'PL2', 1500, 470996.79, 4424709.74, 268.88);
insert into STATION values (3374, 'PL3', 1500, 470996.79, 4424709.74, 289.69);
insert into STATION values (3375, 'PL4', 1500, 470996.79, 4424709.74, 311.99);
insert into STATION values (3376, 'PL5', 1500, 470996.79, 4424709.74, 322.39);
insert into STATION values (3377, 'PL6', 1500, 470996.79, 4424709.74, 343.69);
insert into STATION values (3378, 'PL7', 1500, 470997.29, 4424709.00, 350.94);
insert into STATION values (3379, 'PL8', 1500, 470997.29, 4424709.00, 355.84);
insert into STATION values (3380, 'PL9', 1500, 470997.29, 4424709.00, 361.64);
insert into STATION values (3381, 'PL10', 1500, 470997.00, 4424711.00, 367.50);
insert into STATION values (3382, 'PL11', 1500, 470997.00, 4424711.00, 380.00);
insert into STATION_FLAG values(3382, 'ent');
insert into STATION values (3383, 'PLCA0', 1504, 471308.72, 4425667.49, 314.43);
insert into STATION values (3384, 'PLCA1', 1504, 471308.72, 4425667.49, 317.43);
insert into STATION values (3385, 'PLCA2', 1504, 471310.65, 4425666.95, 317.43);
insert into STATION values (3386, 'PLCA3', 1504, 471310.65, 4425666.95, 320.43);
insert into STATION values (3387, 'PLC0a', 1504, 471316.42, 4425665.31, 320.43);
insert into STATION values (3388, 'PLC0', 1504, 471316.42, 4425665.31, 327.73);
insert into STATION values (3389, 'PLC1', 1504, 471311.83, 4425665.54, 332.33);
insert into STATION values (3390, 'PLC2', 1504, 471306.63, 4425657.76, 334.49);
insert into STATION values (3391, 'PLC3', 1504, 471310.31, 4425651.17, 337.69);
insert into STATION values (3392, 'PLC4', 1504, 471315.84, 4425650.61, 354.81);
insert into STATION values (3393, 'PLC5', 1504, 471316.55, 4425651.59, 363.42);
insert into STATION values (3394, 'PLC6', 1504, 471320.51, 4425651.88, 373.25);
insert into STATION values (3395, 'PLC7', 1504, 471325.68, 4425651.27, 390.28);
insert into STATION values (3396, 'PLC8', 1504, 471314.00, 4425650.00, 386.00);
insert into STATION_FLAG values(3396, 'ent');
insert into STATION values (3397, '0', 1508, 473098.28, 4426014.95, 377.21);
insert into STATION values (3398, '1', 1508, 473114.40, 4426007.84, 388.65);
insert into STATION values (3399, '2', 1508, 473119.78, 4426007.01, 399.34);
insert into STATION values (3400, '3', 1508, 473119.78, 4426007.01, 423.34);
insert into STATION values (3401, '4', 1508, 473117.56, 4426008.55, 435.03);
insert into STATION values (3402, '5', 1508, 473117.00, 4426008.00, 444.00);
insert into STATION_FLAG values(3402, 'ent');
insert into STATION values (3403, '1.0', 1512, 473117.55, 4426383.99, 406.48);
insert into STATION values (3404, '1.1', 1512, 473113.95, 4426382.37, 407.92);
insert into STATION values (3405, '1.2', 1512, 473111.27, 4426374.93, 409.89);
insert into STATION values (3406, '1.3', 1512, 473109.42, 4426370.74, 411.65);
insert into STATION values (3407, '1.A', 1512, 473110.95, 4426366.35, 412.81);
insert into STATION values (3408, '1.B', 1512, 473110.32, 4426363.34, 414.11);
insert into STATION values (3409, '1.C', 1512, 473110.46, 4426361.51, 413.95);
insert into STATION values (3410, '1.4', 1512, 473106.18, 4426368.71, 411.98);
insert into STATION values (3411, '1.AA', 1512, 473105.60, 4426369.96, 414.47);
insert into STATION values (3412, '1.BB', 1512, 473101.98, 4426375.49, 411.11);
insert into STATION values (3413, '1.5', 1512, 473101.86, 4426366.94, 412.47);
insert into STATION values (3414, '1.6', 1512, 473101.86, 4426365.38, 412.66);
insert into STATION values (3415, '1.7', 1512, 473101.37, 4426364.53, 412.66);
insert into STATION values (3416, '1.8', 1512, 473102.58, 4426363.59, 413.28);
insert into STATION values (3417, '1.9', 1512, 473101.38, 4426362.92, 411.23);
insert into STATION values (3418, '1.10', 1512, 473099.54, 4426359.44, 411.03);
insert into STATION values (3419, '1.11', 1512, 473101.97, 4426356.94, 412.58);
insert into STATION values (3420, '1.12', 1512, 473100.32, 4426357.93, 413.20);
insert into STATION values (3421, '1.13', 1512, 473099.89, 4426353.75, 415.44);
insert into STATION values (3422, '1.14', 1512, 473099.89, 4426353.75, 423.44);
insert into STATION values (3423, '1.15', 1512, 473099.05, 4426352.92, 424.85);
insert into STATION values (3424, '1.16', 1512, 473100.02, 4426351.17, 424.12);
insert into STATION values (3425, '1.17', 1512, 473098.69, 4426349.68, 425.52);
insert into STATION values (3426, '1.18', 1512, 473099.13, 4426347.79, 425.76);
insert into STATION values (3427, '1.19', 1512, 473097.41, 4426344.78, 428.77);
insert into STATION values (3428, '1.20', 1512, 473095.86, 4426343.27, 430.18);
insert into STATION values (3429, '1.21', 1512, 473095.39, 4426340.81, 437.06);
insert into STATION values (3430, '1.22', 1512, 473091.86, 4426338.13, 439.41);
insert into STATION values (3431, '1.23', 1512, 473091.24, 4426333.61, 439.33);
insert into STATION values (3432, '1.24', 1512, 473093.00, 4426331.80, 439.60);
insert into STATION values (3433, '1.25', 1512, 473093.98, 4426328.42, 440.16);
insert into STATION values (3434, '1.26', 1512, 473096.93, 4426327.30, 439.60);
insert into STATION values (3435, '1.27', 1512, 473095.02, 4426320.56, 442.58);
insert into STATION values (3436, '1.28', 1512, 473094.29, 4426317.79, 445.06);
insert into STATION values (3437, '1.29', 1512, 473096.77, 4426315.42, 444.27);
insert into STATION values (3438, '1.30', 1512, 473095.91, 4426309.86, 443.98);
insert into STATION values (3439, '1.31', 1512, 473093.00, 4426314.00, 452.00);
insert into STATION_FLAG values(3439, 'ent');
insert into STATION values (3440, '2.0', 1512, 473139.85, 4426399.96, 398.63);
insert into STATION values (3441, '2.1', 1512, 473140.21, 4426397.61, 404.99);
insert into STATION values (3442, '2.2', 1512, 473141.37, 4426393.34, 405.54);
insert into STATION values (3443, '2.3', 1512, 473142.04, 4426391.70, 406.22);
insert into STATION values (3444, '2.4', 1512, 473141.49, 4426388.30, 405.52);
insert into STATION values (3445, '2.5', 1512, 473140.48, 4426383.57, 406.16);
insert into STATION values (3446, '2.6', 1512, 473137.50, 4426383.18, 405.23);
insert into STATION values (3447, '2.7', 1512, 473133.49, 4426384.92, 405.63);
insert into STATION values (3448, '2.8', 1512, 473132.85, 4426380.43, 405.97);
insert into STATION values (3449, '2.9', 1512, 473131.82, 4426378.84, 406.14);
insert into STATION values (3450, '2.10', 1512, 473130.98, 4426377.01, 406.14);
insert into STATION values (3451, '2.11', 1512, 473128.94, 4426378.46, 405.87);
insert into STATION values (3452, '2.12', 1512, 473128.96, 4426380.16, 405.87);
insert into STATION values (3453, '2.13', 1512, 473128.05, 4426383.04, 406.06);
insert into STATION values (3454, '2.14', 1512, 473120.53, 4426382.73, 406.12);
insert into STATION values (3455, '2.16', 1512, 473138.39, 4426402.15, 398.19);
insert into STATION values (3456, '2.17', 1512, 473139.26, 4426404.16, 398.03);
insert into STATION values (3457, '2.18', 1512, 473140.42, 4426405.63, 397.83);
insert into STATION values (3458, '2.19', 1512, 473138.92, 4426406.77, 397.84);
insert into STATION values (3459, '2.20', 1512, 473140.79, 4426408.25, 397.93);
insert into STATION values (3460, '2.21', 1512, 473140.13, 4426410.57, 397.92);
insert into STATION values (3461, '2.22', 1512, 473141.63, 4426411.63, 397.89);
insert into STATION values (3462, '2.23', 1512, 473140.55, 4426416.40, 397.45);
insert into STATION values (3463, '2.24', 1512, 473142.96, 4426417.08, 396.66);
insert into STATION values (3464, '2.25', 1512, 473144.73, 4426418.61, 396.53);
insert into STATION values (3465, '2.26', 1512, 473144.18, 4426422.56, 399.19);
insert into STATION values (3466, '2.27', 1512, 473143.69, 4426426.42, 399.44);
insert into STATION values (3467, '2.28', 1512, 473145.00, 4426427.91, 398.89);
insert into STATION values (3468, '2.29', 1512, 473144.89, 4426430.77, 398.46);
insert into STATION values (3469, '2.30', 1512, 473145.26, 4426434.17, 388.06);
insert into STATION values (3470, '2.31', 1512, 473144.86, 4426438.22, 365.88);
insert into STATION values (3471, '2.32', 1512, 473143.50, 4426447.06, 360.52);
insert into STATION values (3472, '2.33', 1512, 473144.92, 4426448.32, 354.49);
insert into STATION values (3473, '2.34', 1512, 473143.37, 4426452.76, 357.53);
insert into STATION values (3474, '3.1', 1512, 473143.42, 4426455.76, 352.54);
insert into STATION values (3475, '3.2', 1512, 473143.76, 4426459.86, 342.34);
insert into STATION values (3476, '3.3', 1512, 473141.08, 4426461.87, 338.06);
insert into STATION values (3477, '3.4', 1512, 473139.85, 4426463.38, 337.68);
insert into STATION values (3478, '3.5', 1512, 473140.31, 4426465.42, 337.31);
insert into STATION values (3479, '3.6', 1512, 473140.76, 4426466.73, 337.51);
insert into STATION values (3480, '3.7', 1512, 473141.98, 4426467.77, 336.79);
insert into STATION values (3481, '3.8', 1512, 473139.93, 4426468.63, 336.79);
insert into STATION values (3482, '3.9', 1512, 473143.51, 4426472.78, 333.76);
insert into STATION values (3483, '3.10', 1512, 473143.51, 4426472.78, 328.97);
insert into STATION values (3484, '3.11', 1512, 473145.91, 4426473.80, 329.87);
insert into STATION values (3485, '3.12', 1512, 473146.57, 4426480.32, 330.90);
insert into STATION values (3486, '3.13', 1512, 473151.54, 4426486.29, 326.60);
insert into STATION values (3487, '3.14', 1512, 473154.90, 4426486.00, 326.36);
insert into STATION values (3488, '3.15', 1512, 473155.34, 4426488.32, 325.69);
insert into STATION values (3489, '3.16', 1512, 473156.96, 4426491.26, 324.72);
insert into STATION values (3490, '3.17', 1512, 473157.53, 4426493.59, 326.28);
insert into STATION values (3491, '3.18', 1512, 473160.33, 4426497.61, 326.70);
insert into STATION values (3492, '3.19', 1512, 473160.33, 4426497.61, 321.12);
insert into STATION values (3493, '3.20', 1512, 473160.36, 4426499.81, 316.98);
insert into STATION values (3494, '3.21', 1512, 473162.42, 4426503.72, 313.54);
insert into STATION values (3495, '3.22', 1512, 473159.61, 4426508.00, 305.01);
insert into STATION values (3496, '3.23', 1512, 473159.66, 4426511.45, 299.04);
insert into STATION values (3497, '3.24', 1512, 473159.66, 4426511.45, 294.69);
insert into STATION values (3498, '3.25', 1512, 473156.23, 4426510.58, 291.15);
insert into STATION values (3499, '3.26', 1512, 473153.87, 4426510.91, 287.87);
insert into STATION values (3500, '4.1', 1512, 473153.98, 4426509.14, 288.81);
insert into STATION values (3501, '4.2', 1512, 473150.80, 4426506.51, 282.91);
insert into STATION values (3502, '4.3', 1512, 473142.54, 4426499.66, 273.91);
insert into STATION values (3503, '4.4', 1512, 473140.43, 4426500.90, 272.77);
insert into STATION values (3504, '4.5', 1512, 473137.90, 4426499.15, 269.70);
insert into STATION values (3505, '4.6', 1512, 473131.17, 4426498.60, 258.00);
insert into STATION values (3506, '4.7', 1512, 473126.96, 4426492.66, 250.72);
insert into STATION values (3507, '4.8', 1512, 473124.17, 4426487.49, 251.23);
insert into STATION values (3508, '4.9', 1512, 473124.17, 4426487.49, 248.33);
insert into STATION values (3509, '4.10', 1512, 473123.37, 4426485.33, 248.33);
insert into STATION values (3510, '4.11', 1512, 473117.12, 4426484.83, 240.87);
insert into STATION values (3511, '4.12', 1512, 473106.76, 4426483.98, 222.85);
insert into STATION values (3512, '4.13', 1512, 473106.76, 4426483.98, 219.85);
insert into STATION values (3513, '4.14', 1512, 473103.55, 4426486.26, 219.51);
insert into STATION values (3514, '4.15', 1512, 473105.99, 4426487.95, 216.54);
insert into STATION values (3515, '4.16', 1512, 473104.29, 4426490.41, 214.81);
insert into STATION values (3516, '4.17', 1512, 473106.61, 4426491.47, 213.34);
insert into STATION values (3517, '4.18', 1512, 473103.72, 4426492.55, 212.51);
insert into STATION values (3518, '4.19', 1512, 473105.45, 4426494.26, 211.62);
insert into STATION values (3519, '4.20', 1512, 473104.40, 4426495.33, 211.62);
insert into STATION values (3520, '4.21', 1512, 473106.53, 4426497.44, 206.42);
insert into STATION values (3521, '4.22', 1512, 473103.41, 4426501.95, 202.58);
insert into STATION values (3522, '4.23', 1512, 473100.16, 4426504.26, 202.93);
insert into STATION values (3523, '4.24', 1512, 473102.39, 4426505.53, 202.48);
insert into STATION values (3524, '4.25', 1512, 473101.72, 4426508.08, 202.25);
insert into STATION values (3525, '4.26', 1512, 473103.51, 4426509.85, 200.80);
insert into STATION values (3526, '4.27', 1512, 473105.03, 4426512.44, 197.79);
insert into STATION values (3527, '4.28', 1512, 473106.05, 4426516.19, 197.45);
insert into STATION values (3528, '4.29', 1512, 473103.40, 4426521.97, 189.87);
insert into STATION values (3529, '4.30', 1512, 473103.40, 4426521.97, 191.87);
insert into STATION values (3530, '4.31', 1512, 473099.56, 4426521.32, 191.73);
insert into STATION values (3531, '4.32', 1512, 473100.54, 4426524.88, 191.54);
insert into STATION values (3532, '4.33', 1512, 473102.08, 4426527.51, 191.00);
insert into STATION values (3533, '4.34', 1512, 473103.52, 4426529.55, 191.00);
insert into STATION values (3534, '4.35', 1512, 473105.58, 4426530.72, 191.42);
insert into STATION values (3535, '4.36', 1512, 473104.75, 4426532.53, 190.49);
insert into STATION values (3536, '4.37', 1512, 473102.59, 4426533.56, 190.28);
insert into STATION values (3537, '4.38', 1512, 473101.82, 4426534.91, 189.71);
insert into STATION values (3538, '4.39', 1512, 473103.44, 4426536.89, 189.26);
insert into STATION values (3539, '4.40', 1512, 473100.02, 4426537.51, 188.00);
insert into STATION values (3540, '4.41', 1512, 473101.99, 4426539.14, 188.45);
insert into STATION values (3541, '4.42', 1512, 473096.60, 4426538.32, 187.25);
insert into STATION values (3542, '4.43', 1512, 473098.79, 4426544.23, 186.14);
insert into STATION values (3543, '4.44', 1512, 473100.38, 4426544.08, 186.14);
insert into STATION values (3544, '4.45', 1512, 473097.84, 4426547.49, 178.78);
insert into STATION values (3545, '4.46', 1512, 473095.15, 4426549.40, 178.66);
insert into STATION values (3546, '4.47', 1512, 473096.13, 4426554.76, 179.43);
insert into STATION values (3547, '4.48', 1512, 473092.62, 4426564.08, 178.56);
insert into STATION values (3548, '4.49', 1512, 473095.82, 4426567.85, 179.25);
insert into STATION values (3549, '4.50', 1512, 473093.59, 4426574.12, 177.09);
insert into STATION values (3550, 'ENT_209001', 1467, 473616.00, 4425884.00, 215.00);
insert into STATION_FLAG values(3550, 'fix');
insert into STATION values (3551, 'ENT_209002', 1467, 472922.00, 4425932.00, 436.00);
insert into STATION_FLAG values(3551, 'fix');
insert into STATION values (3552, 'ENT_209003', 1467, 473027.00, 4425922.00, 428.00);
insert into STATION_FLAG values(3552, 'fix');
insert into STATION values (3553, 'ENT_209004', 1467, 473027.00, 4425450.00, 334.00);
insert into STATION_FLAG values(3553, 'fix');
insert into STATION values (3554, 'ENT_209005', 1467, 473067.00, 4425846.00, 422.00);
insert into STATION_FLAG values(3554, 'fix');
insert into STATION values (3555, 'ENT_209006', 1467, 471328.00, 4422992.00, 3.00);
insert into STATION_FLAG values(3555, 'fix');
insert into STATION values (3556, 'ENT_209007', 1467, 473527.00, 4428264.00, 195.00);
insert into STATION_FLAG values(3556, 'fix');
insert into STATION values (3557, 'ENT_209009', 1467, 472980.00, 4428693.00, 154.00);
insert into STATION_FLAG values(3557, 'fix');
insert into STATION values (3558, 'ENT_209010', 1467, 473125.00, 4428203.00, 250.00);
insert into STATION_FLAG values(3558, 'fix');
insert into STATION values (3559, 'ENT_209011', 1467, 473050.00, 4425902.00, 445.00);
insert into STATION_FLAG values(3559, 'fix');
insert into STATION values (3560, 'ENT_209012', 1467, 473026.00, 4425860.00, 450.00);
insert into STATION_FLAG values(3560, 'fix');
insert into STATION values (3561, 'ENT_209013', 1467, 473542.00, 4426174.00, 357.00);
insert into STATION_FLAG values(3561, 'fix');
insert into STATION values (3562, 'ENT_209014', 1467, 470653.00, 4425395.00, 505.00);
insert into STATION_FLAG values(3562, 'fix');
insert into STATION values (3563, 'ENT_209015', 1467, 471149.00, 4425341.00, 412.00);
insert into STATION_FLAG values(3563, 'fix');
insert into STATION values (3564, 'ENT_209016', 1467, 470988.00, 4425143.00, 0.00);
insert into STATION_FLAG values(3564, 'fix');
insert into STATION values (3565, 'ENT_209017', 1467, 471051.00, 4425241.00, 428.00);
insert into STATION_FLAG values(3565, 'fix');
insert into STATION values (3566, 'ENT_209018', 1467, 471314.00, 4425512.00, 0.00);
insert into STATION_FLAG values(3566, 'fix');
insert into STATION values (3567, 'ENT_209019', 1467, 471049.00, 4425081.00, 413.00);
insert into STATION_FLAG values(3567, 'fix');
insert into STATION values (3568, 'ENT_209020', 1467, 470677.00, 4425348.00, 0.00);
insert into STATION_FLAG values(3568, 'fix');
insert into STATION values (3569, 'ENT_209021', 1467, 471014.00, 4425120.00, 0.00);
insert into STATION_FLAG values(3569, 'fix');
insert into STATION values (3570, 'ENT_209022', 1467, 471157.00, 4425311.00, 418.00);
insert into STATION_FLAG values(3570, 'fix');
insert into STATION values (3571, 'ENT_209023', 1467, 471349.00, 4425470.00, 0.00);
insert into STATION_FLAG values(3571, 'fix');
insert into STATION values (3572, 'ENT_209024', 1467, 471052.00, 4425189.00, 428.00);
insert into STATION_FLAG values(3572, 'fix');
insert into STATION values (3573, 'ENT_209025', 1467, 471078.00, 4425341.00, 451.00);
insert into STATION_FLAG values(3573, 'fix');
insert into STATION values (3574, 'ENT_209026', 1467, 471817.00, 4424205.00, 434.00);
insert into STATION_FLAG values(3574, 'fix');
insert into STATION values (3575, 'ENT_209027', 1467, 471827.00, 4424273.00, 433.00);
insert into STATION_FLAG values(3575, 'fix');
insert into STATION values (3576, 'ENT_209028', 1467, 471576.00, 4424536.00, 414.00);
insert into STATION_FLAG values(3576, 'fix');
insert into STATION values (3577, 'ENT_209029', 1467, 471504.00, 4425157.00, 359.00);
insert into STATION_FLAG values(3577, 'fix');
insert into STATION values (3578, 'ENT_209030', 1467, 471073.00, 4425289.00, 433.00);
insert into STATION_FLAG values(3578, 'fix');
insert into STATION values (3579, 'ENT_209031', 1467, 471511.00, 4425318.00, 347.00);
insert into STATION_FLAG values(3579, 'fix');
insert into STATION values (3580, 'ENT_209032', 1467, 471002.00, 4425391.00, 466.00);
insert into STATION_FLAG values(3580, 'fix');
insert into STATION values (3581, 'ENT_209033', 1467, 471288.00, 4425378.00, 370.00);
insert into STATION_FLAG values(3581, 'fix');
insert into STATION values (3582, 'ENT_209034', 1467, 473653.00, 4425395.00, 512.00);
insert into STATION_FLAG values(3582, 'fix');
insert into STATION values (3583, 'ENT_209035', 1467, 470677.00, 4425348.00, 0.00);
insert into STATION_FLAG values(3583, 'fix');
insert into STATION values (3584, 'ENT_209036', 1467, 471001.00, 4424711.00, 351.00);
insert into STATION_FLAG values(3584, 'fix');
insert into STATION values (3585, 'ENT_209037', 1467, 470986.00, 4424781.00, 393.00);
insert into STATION_FLAG values(3585, 'fix');
insert into STATION values (3586, 'ENT_209038', 1467, 471262.00, 4425085.00, 405.00);
insert into STATION_FLAG values(3586, 'fix');
insert into STATION values (3587, 'ENT_209039', 1467, 471238.00, 4424660.00, 368.00);
insert into STATION_FLAG values(3587, 'fix');
insert into STATION values (3588, 'ENT_209040', 1467, 470997.00, 4424711.00, 380.00);
insert into STATION_FLAG values(3588, 'fix');
insert into STATION values (3589, 'ENT_209041', 1467, 471314.00, 4425650.00, 386.00);
insert into STATION_FLAG values(3589, 'fix');
insert into STATION values (3590, 'ENT_209042', 1467, 470993.00, 4424746.00, 388.00);
insert into STATION_FLAG values(3590, 'fix');
insert into STATION values (3591, 'ENT_209043', 1467, 471486.00, 4424551.00, 364.00);
insert into STATION_FLAG values(3591, 'fix');
insert into STATION values (3592, 'ENT_209044', 1467, 471388.00, 4424669.00, 392.00);
insert into STATION_FLAG values(3592, 'fix');
insert into STATION values (3593, 'CampRobertoEst', 1467, 473067.00, 4426206.00, 486.00);
insert into STATION_FLAG values(3593, 'fix');
insert into STATION values (3594, 'ENT_209045', 1467, 472851.00, 4426016.00, 578.00);
insert into STATION_FLAG values(3594, 'fix');
insert into STATION values (3595, 'ENT_209046', 1467, 472846.00, 4425985.00, 583.00);
insert into STATION_FLAG values(3595, 'fix');
insert into STATION values (3596, 'ENT_209047', 1467, 472795.00, 4425923.00, 594.00);
insert into STATION_FLAG values(3596, 'fix');
insert into STATION values (3597, 'ENT_209048', 1467, 472783.00, 4425894.00, 609.00);
insert into STATION_FLAG values(3597, 'fix');
insert into STATION values (3598, 'ENT_209049', 1467, 472772.00, 4425818.00, 588.00);
insert into STATION_FLAG values(3598, 'fix');
insert into STATION values (3599, 'ENT_209050', 1467, 472828.00, 4425970.00, 592.00);
insert into STATION_FLAG values(3599, 'fix');
insert into STATION values (3600, 'ENT_209051', 1467, 472733.00, 4425773.00, 599.00);
insert into STATION_FLAG values(3600, 'fix');
insert into STATION values (3601, 'ENT_209052', 1467, 472721.00, 4425717.00, 573.00);
insert into STATION_FLAG values(3601, 'fix');
insert into STATION values (3602, 'ENT_209053', 1467, 473117.00, 4426008.00, 444.00);
insert into STATION_FLAG values(3602, 'fix');
insert into STATION values (3603, 'ENT_209054', 1467, 472926.00, 4426115.00, 548.00);
insert into STATION_FLAG values(3603, 'fix');
insert into STATION values (3604, 'ENT_209055', 1467, 473111.00, 4426060.00, 463.00);
insert into STATION_FLAG values(3604, 'fix');
insert into STATION values (3605, 'ENT_209056', 1467, 472712.00, 4426041.00, 673.00);
insert into STATION_FLAG values(3605, 'fix');
insert into STATION values (3606, 'ENT_209057', 1467, 473106.00, 4426027.00, 449.00);
insert into STATION_FLAG values(3606, 'fix');
insert into STATION values (3607, 'ENT_209058', 1467, 473093.00, 4426314.00, 452.00);
insert into STATION_FLAG values(3607, 'fix');
insert into STATION values (3608, 'FS0', 1536, 482476.00, 4427291.00, 0.00);
insert into STATION_FLAG values(3608, 'ent');
insert into STATION values (3609, 'FS1', 1536, 482469.62, 4427290.59, -0.22);
insert into STATION values (3610, 'FS2', 1536, 482473.72, 4427299.26, -0.56);
insert into STATION values (3611, 'FS3', 1536, 482474.02, 4427311.95, -1.00);
insert into STATION values (3612, 'FS4', 1536, 482475.08, 4427315.81, -1.00);
insert into STATION values (3613, 'FS5', 1536, 482476.28, 4427317.94, -1.22);
insert into STATION values (3614, 'FSa', 1536, 482477.77, 4427296.90, -0.97);
insert into STATION values (3615, 'FSb', 1536, 482481.20, 4427294.28, -1.81);
insert into STATION values (3616, 'FSA', 1536, 482472.04, 4427298.76, -1.27);
insert into STATION values (3617, 'ENT_210001', 1534, 482476.00, 4427291.00, 0.00);
insert into STATION_FLAG values(3617, 'fix');
insert into STATION values (3618, '0', 1545, 469361.78, 4421490.26, 380.51);
insert into STATION values (3619, '1', 1545, 469367.06, 4421488.36, 381.70);
insert into STATION values (3620, 'A', 1545, 469374.56, 4421485.51, 379.70);
insert into STATION values (3621, 'B', 1545, 469361.90, 4421481.71, 379.13);
insert into STATION values (3622, '2', 1545, 469366.26, 4421489.38, 381.70);
insert into STATION values (3623, '3', 1545, 469366.26, 4421489.38, 394.94);
insert into STATION values (3624, '4', 1545, 469363.63, 4421489.10, 397.24);
insert into STATION values (3625, 'C', 1545, 469374.30, 4421480.82, 397.24);
insert into STATION values (3626, 'D', 1545, 469361.05, 4421476.77, 397.24);
insert into STATION values (3627, '5', 1545, 469363.63, 4421489.10, 409.44);
insert into STATION values (3628, '6', 1545, 469368.01, 4421491.54, 411.77);
insert into STATION values (3629, '7', 1545, 469372.51, 4421494.17, 413.17);
insert into STATION values (3630, '8', 1545, 469370.03, 4421497.11, 411.62);
insert into STATION values (3631, '9', 1545, 469370.02, 4421499.20, 411.43);
insert into STATION values (3632, '10', 1545, 469367.00, 4421504.00, 407.00);
insert into STATION values (3633, '11', 1545, 469360.44, 4421501.19, 404.40);
insert into STATION values (3634, '12', 1545, 469353.68, 4421505.88, 395.26);
insert into STATION values (3635, '13', 1545, 469346.63, 4421504.36, 390.76);
insert into STATION values (3636, '14', 1545, 469343.20, 4421503.80, 388.23);
insert into STATION values (3637, '7''', 1545, 469374.97, 4421484.87, 418.04);
insert into STATION values (3638, '8''', 1545, 469382.57, 4421482.86, 423.54);
insert into STATION values (3639, '9''', 1545, 469387.08, 4421481.92, 427.84);
insert into STATION values (3640, '10''', 1545, 469393.44, 4421479.50, 431.45);
insert into STATION_FLAG values(3640, 'ent');
insert into STATION values (3641, '25', 1545, 469333.74, 4421510.38, 352.11);
insert into STATION values (3642, '24', 1545, 469336.22, 4421510.52, 352.33);
insert into STATION values (3643, '23', 1545, 469334.18, 4421506.96, 349.66);
insert into STATION values (3644, '22', 1545, 469344.16, 4421505.59, 351.80);
insert into STATION values (3645, '21', 1545, 469347.98, 4421501.53, 354.52);
insert into STATION values (3646, '20', 1545, 469353.55, 4421500.16, 351.47);
insert into STATION values (3647, '19', 1545, 469354.85, 4421496.19, 353.15);
insert into STATION values (3648, '18', 1545, 469354.85, 4421496.19, 357.95);
insert into STATION values (3649, '17', 1545, 469352.67, 4421493.75, 361.46);
insert into STATION values (3650, '16', 1545, 469360.77, 4421491.46, 364.03);
insert into STATION values (3651, '15', 1545, 469360.77, 4421491.46, 378.18);
insert into STATION values (3652, '1.0', 1545, 469333.74, 4421510.38, 305.61);
insert into STATION values (3653, '1.1', 1545, 469328.47, 4421514.93, 302.80);
insert into STATION values (3654, '1.2', 1545, 469329.00, 4421516.25, 300.51);
insert into STATION values (3655, '1.3', 1545, 469329.00, 4421516.25, 293.51);
insert into STATION values (3656, '1.4', 1545, 469333.58, 4421517.33, 293.51);
insert into STATION values (3657, '1.5', 1545, 469335.58, 4421522.33, 287.73);
insert into STATION values (3658, '1.6', 1545, 469338.96, 4421524.54, 287.02);
insert into STATION values (3659, '1.7', 1545, 469339.99, 4421524.15, 287.02);
insert into STATION values (3660, '1.8', 1545, 469341.38, 4421525.71, 285.66);
insert into STATION values (3661, '1.9', 1545, 469342.55, 4421524.96, 284.86);
insert into STATION values (3662, '1.10', 1545, 469345.74, 4421526.08, 283.63);
insert into STATION values (3663, '1.11', 1545, 469346.56, 4421527.62, 283.19);
insert into STATION values (3664, '1.12', 1545, 469348.49, 4421529.63, 273.48);
insert into STATION values (3665, '1.13', 1545, 469352.04, 4421531.38, 268.59);
insert into STATION values (3666, '1.14', 1545, 469352.15, 4421533.02, 269.54);
insert into STATION values (3667, '1.15', 1545, 469349.57, 4421536.97, 272.15);
insert into STATION values (3668, '1.16', 1545, 469350.42, 4421538.30, 273.39);
insert into STATION values (3669, '1.17', 1545, 469350.42, 4421538.30, 257.19);
insert into STATION values (3670, '1.18', 1545, 469351.95, 4421540.86, 254.68);
insert into STATION values (3671, '1.19', 1545, 469351.40, 4421542.45, 254.38);
insert into STATION values (3672, '1.20', 1545, 469353.76, 4421543.76, 254.38);
insert into STATION values (3673, '1.21', 1545, 469353.76, 4421543.76, 251.28);
insert into STATION values (3674, '1.22', 1545, 469354.57, 4421546.65, 251.28);
insert into STATION values (3675, '1.23', 1545, 469350.72, 4421548.68, 249.52);
insert into STATION values (3676, '1.24', 1545, 469348.62, 4421557.64, 245.62);
insert into STATION values (3677, '1.25', 1545, 469346.51, 4421558.85, 248.13);
insert into STATION values (3678, '1.26', 1545, 469345.54, 4421560.59, 243.22);
insert into STATION values (3679, '1.27', 1545, 469346.86, 4421562.18, 234.26);
insert into STATION values (3680, '1.28', 1545, 469344.57, 4421570.05, 234.26);
insert into STATION values (3681, 'Per', 1549, 469512.06, 4421918.89, 187.42);
insert into STATION values (3682, 'E', 1549, 469510.00, 4421914.00, 191.00);
insert into STATION_FLAG values(3682, 'ent');
insert into STATION values (3683, '1', 1549, 469513.80, 4421914.79, 194.61);
insert into STATION values (3684, '2', 1549, 469513.80, 4421914.79, 207.11);
insert into STATION values (3685, '3', 1549, 469517.53, 4421911.21, 206.84);
insert into STATION values (3686, '4', 1549, 469519.10, 4421910.07, 208.99);
insert into STATION values (3687, '5', 1549, 469523.43, 4421908.07, 215.81);
insert into STATION values (3688, '6', 1549, 469527.02, 4421903.52, 218.77);
insert into STATION values (3689, '7', 1549, 469530.89, 4421903.53, 228.34);
insert into STATION values (3690, '8', 1549, 469532.77, 4421899.14, 225.24);
insert into STATION values (3691, '9', 1549, 469537.16, 4421898.92, 241.66);
insert into STATION values (3692, '10', 1549, 469538.55, 4421893.81, 238.84);
insert into STATION values (3693, '11', 1549, 469540.36, 4421891.89, 238.43);
insert into STATION values (3694, '12', 1549, 469539.14, 4421889.37, 238.38);
insert into STATION values (3695, '13', 1549, 469539.14, 4421889.37, 245.00);
insert into STATION values (3696, '14', 1549, 469542.60, 4421886.59, 249.14);
insert into STATION values (3697, '15', 1549, 469544.90, 4421882.30, 254.17);
insert into STATION values (3698, '16', 1549, 469543.05, 4421880.63, 255.08);
insert into STATION values (3699, '17', 1549, 469547.39, 4421875.49, 259.12);
insert into STATION values (3700, '18', 1549, 469546.79, 4421874.72, 258.91);
insert into STATION values (3701, '19', 1549, 469550.66, 4421871.38, 254.13);
insert into STATION values (3702, '20', 1549, 469551.28, 4421867.98, 255.32);
insert into STATION values (3703, '21', 1549, 469552.70, 4421865.10, 258.12);
insert into STATION values (3704, '22', 1549, 469552.70, 4421865.10, 275.12);
insert into STATION values (3705, '23', 1549, 469555.36, 4421860.12, 274.02);
insert into STATION values (3706, '24', 1549, 469558.37, 4421857.87, 272.65);
insert into STATION values (3707, '25', 1549, 469559.27, 4421854.05, 274.65);
insert into STATION values (3708, '26', 1549, 469560.50, 4421854.58, 273.78);
insert into STATION values (3709, '27', 1549, 469561.02, 4421854.36, 273.57);
insert into STATION values (3710, '28', 1549, 469562.58, 4421855.13, 272.80);
insert into STATION values (3711, '29', 1549, 469564.40, 4421853.61, 271.84);
insert into STATION values (3712, '30', 1549, 469563.71, 4421849.12, 271.68);
insert into STATION values (3713, '31', 1549, 469565.92, 4421844.80, 273.94);
insert into STATION values (3714, '32', 1549, 469569.11, 4421846.89, 275.33);
insert into STATION values (3715, '33', 1549, 469570.70, 4421845.06, 276.12);
insert into STATION values (3716, '34', 1549, 469572.06, 4421844.32, 277.16);
insert into STATION values (3717, '35', 1549, 469572.06, 4421844.32, 289.16);
insert into STATION values (3718, '36', 1549, 469573.26, 4421838.27, 292.04);
insert into STATION values (3719, '36B', 1549, 469572.40, 4421834.17, 292.40);
insert into STATION values (3720, '37', 1549, 469577.39, 4421835.07, 292.22);
insert into STATION values (3721, '38', 1549, 469577.39, 4421835.07, 304.22);
insert into STATION values (3722, '39', 1549, 469581.13, 4421830.31, 301.00);
insert into STATION values (3723, '40', 1549, 469583.11, 4421826.30, 303.00);
insert into STATION values (3724, '41', 1549, 469581.52, 4421826.46, 302.88);
insert into STATION values (3725, '42', 1549, 469581.74, 4421824.42, 303.03);
insert into STATION values (3726, '43', 1549, 469583.50, 4421823.29, 302.88);
insert into STATION values (3727, '44', 1549, 469584.12, 4421821.02, 302.42);
insert into STATION values (3728, '45', 1549, 469585.18, 4421820.96, 301.36);
insert into STATION values (3729, '46', 1549, 469586.56, 4421820.44, 301.15);
insert into STATION values (3730, '47', 1549, 469587.73, 4421820.73, 301.24);
insert into STATION values (3731, '48', 1549, 469587.91, 4421819.28, 299.83);
insert into STATION values (3732, '49', 1549, 469589.48, 4421819.34, 300.49);
insert into STATION values (3733, '50', 1549, 469592.21, 4421815.48, 302.41);
insert into STATION values (3734, '51', 1549, 469590.15, 4421811.02, 306.67);
insert into STATION values (3735, '52', 1549, 469590.64, 4421809.43, 309.34);
insert into STATION values (3736, '53', 1549, 469592.46, 4421806.94, 311.84);
insert into STATION values (3737, '54', 1549, 469592.29, 4421805.49, 312.37);
insert into STATION values (3738, '55', 1549, 469591.05, 4421804.28, 310.37);
insert into STATION values (3739, '56', 1549, 469594.95, 4421802.13, 308.00);
insert into STATION values (3740, '101', 1549, 469518.46, 4421911.89, 204.19);
insert into STATION values (3741, '102', 1549, 469519.91, 4421907.95, 203.07);
insert into STATION values (3742, '103', 1549, 469520.09, 4421903.41, 205.69);
insert into STATION values (3743, 'B', 1549, 469566.35, 4421850.74, 273.84);
insert into STATION values (3744, 'A', 1549, 469567.39, 4421849.21, 284.38);
insert into STATION values (3745, '1.1', 1549, 469592.45, 4421799.86, 309.23);
insert into STATION values (3746, '1.2', 1549, 469591.48, 4421801.67, 306.78);
insert into STATION values (3747, '1.3', 1549, 469587.27, 4421802.94, 306.47);
insert into STATION values (3748, '1.4', 1549, 469585.33, 4421800.03, 306.47);
insert into STATION values (3749, '1.5', 1549, 469584.86, 4421800.62, 303.67);
insert into STATION values (3750, '1.6', 1549, 469582.82, 4421804.13, 300.26);
insert into STATION values (3751, '1.7', 1549, 469582.82, 4421804.13, 291.46);
insert into STATION values (3752, '1.8', 1549, 469581.77, 4421806.48, 288.40);
insert into STATION values (3753, '1.9', 1549, 469580.17, 4421807.39, 285.78);
insert into STATION values (3754, '1.10', 1549, 469576.27, 4421812.17, 278.42);
insert into STATION values (3755, '1.11', 1549, 469573.68, 4421816.45, 278.42);
insert into STATION values (3756, '2.0', 1549, 469495.52, 4421947.00, 163.02);
insert into STATION values (3757, '2.1', 1549, 469497.49, 4421946.63, 163.09);
insert into STATION values (3758, '2.2', 1549, 469497.01, 4421944.95, 163.15);
insert into STATION values (3759, '2.3', 1549, 469498.29, 4421944.12, 163.23);
insert into STATION values (3760, '2.4', 1549, 469498.89, 4421942.40, 164.28);
insert into STATION values (3761, '2.5', 1549, 469501.17, 4421938.64, 166.15);
insert into STATION values (3762, '2.6', 1549, 469503.73, 4421932.94, 169.76);
insert into STATION values (3763, '2.7', 1549, 469504.93, 4421930.51, 171.32);
insert into STATION values (3764, '2.8', 1549, 469502.77, 4421930.31, 172.57);
insert into STATION values (3765, '2.9', 1549, 469503.61, 4421925.66, 175.52);
insert into STATION values (3766, '2.10', 1549, 469507.21, 4421923.25, 178.02);
insert into STATION values (3767, '2.11', 1549, 469506.43, 4421919.84, 179.96);
insert into STATION values (3768, '2.12', 1549, 469507.65, 4421918.45, 180.71);
insert into STATION values (3769, '2.13', 1549, 469506.90, 4421915.61, 182.62);
insert into STATION values (3770, '2.14', 1549, 469510.10, 4421911.40, 187.38);
insert into STATION values (3771, '2.15', 1549, 469514.63, 4421907.88, 189.14);
insert into STATION values (3772, '2.16', 1549, 469516.12, 4421905.32, 194.70);
insert into STATION values (3773, '2.17', 1549, 469520.09, 4421903.41, 198.39);
insert into STATION values (3774, '0', 1554, 470293.12, 4421566.53, 19.93);
insert into STATION values (3775, 'A', 1554, 470289.62, 4421580.35, 17.41);
insert into STATION values (3776, '1', 1554, 470295.63, 4421556.62, 30.14);
insert into STATION values (3777, '2', 1554, 470291.62, 4421542.49, 42.47);
insert into STATION values (3778, '3', 1554, 470297.05, 4421531.46, 54.76);
insert into STATION values (3779, '4', 1554, 470302.00, 4421526.00, 73.00);
insert into STATION_FLAG values(3779, 'ent');
insert into STATION values (3780, 'A1', 1554, 470288.36, 4421583.98, 14.21);
insert into STATION values (3781, 'A2', 1554, 470286.09, 4421592.93, 9.21);
insert into STATION values (3782, 'A3', 1554, 470278.53, 4421604.06, 1.51);
insert into STATION values (3783, 'A4', 1554, 470274.91, 4421612.11, -1.99);
insert into STATION values (3784, 'A5', 1554, 470268.53, 4421624.53, -11.69);
insert into STATION values (3785, 'A6', 1554, 470266.53, 4421636.87, -17.99);
insert into STATION values (3786, 'A7', 1554, 470259.30, 4421665.45, -23.59);
insert into STATION values (3787, 'B0', 1554, 470293.68, 4421569.48, 19.93);
insert into STATION values (3788, 'B1', 1554, 470294.94, 4421569.12, 17.23);
insert into STATION values (3789, 'B2', 1554, 470288.20, 4421570.40, 18.63);
insert into STATION values (3790, 'B3', 1554, 470278.93, 4421561.39, 19.93);
insert into STATION values (3791, 'B4', 1554, 470268.18, 4421543.35, 20.43);
insert into STATION values (3792, 'B5', 1554, 470261.10, 4421540.89, 20.43);
insert into STATION values (3793, 'B6', 1554, 470256.87, 4421539.42, 16.43);
insert into STATION values (3794, 'B7', 1554, 470251.81, 4421535.29, 18.93);
insert into STATION values (3795, 'B8', 1554, 470247.09, 4421536.62, 19.93);
insert into STATION values (3796, 'B9', 1554, 470251.09, 4421531.72, 22.93);
insert into STATION values (3797, 'B10', 1554, 470250.85, 4421523.98, 20.93);
insert into STATION values (3798, 'B11', 1554, 470251.65, 4421516.60, 17.93);
insert into STATION values (3799, 'B12', 1554, 470247.00, 4421512.81, 9.93);
insert into STATION values (3800, 'B13', 1554, 470243.45, 4421503.46, 9.93);
insert into STATION values (3801, '0', 1559, 470298.00, 4421336.00, 10.00);
insert into STATION_FLAG values(3801, 'ent');
insert into STATION values (3802, '1', 1559, 470293.92, 4421333.16, 10.00);
insert into STATION values (3803, '2', 1559, 470298.18, 4421327.03, 11.32);
insert into STATION values (3804, '3', 1559, 470299.54, 4421310.86, 14.18);
insert into STATION values (3805, '4', 1559, 470299.90, 4421299.46, 14.18);
insert into STATION values (3806, '5', 1559, 470298.99, 4421295.57, 14.39);
insert into STATION values (3807, '6', 1559, 470300.57, 4421289.57, 14.93);
insert into STATION values (3808, 'A0', 1559, 470299.42, 4421297.51, 14.18);
insert into STATION values (3809, 'A1', 1559, 470297.17, 4421294.91, 11.28);
insert into STATION values (3810, 'A2', 1559, 470297.41, 4421293.96, 11.48);
insert into STATION values (3811, 'A3', 1559, 470296.49, 4421290.71, 10.58);
insert into STATION values (3812, 'A4', 1559, 470294.67, 4421290.89, 9.78);
insert into STATION values (3813, 'A5', 1559, 470295.26, 4421291.10, 11.68);
insert into STATION values (3814, 'A6', 1559, 470295.67, 4421289.49, 14.18);
insert into STATION values (3815, 'A7', 1559, 470293.80, 4421279.71, 15.18);
insert into STATION values (3816, '0', 1564, 470940.00, 4420800.00, 30.00);
insert into STATION_FLAG values(3816, 'ent');
insert into STATION values (3817, '1', 1564, 470934.73, 4420807.20, 26.75);
insert into STATION values (3818, '2', 1564, 470911.03, 4420824.30, 37.39);
insert into STATION values (3819, '3', 1564, 470903.40, 4420829.80, 40.81);
insert into STATION values (3820, '4', 1564, 470903.40, 4420829.80, 35.81);
insert into STATION values (3821, '0', 1568, 469283.00, 4422857.00, 392.00);
insert into STATION_FLAG values(3821, 'ent');
insert into STATION values (3822, 'FOND', 1568, 469283.00, 4422857.00, 347.00);
insert into STATION values (3823, '0', 1588, 469813.58, 4422772.47, 254.10);
insert into STATION values (3824, '1', 1588, 469813.05, 4422766.45, 259.73);
insert into STATION values (3825, '2', 1588, 469811.55, 4422760.86, 263.49);
insert into STATION values (3826, 'a', 1588, 469809.21, 4422756.47, 261.48);
insert into STATION values (3827, '3', 1588, 469811.55, 4422760.86, 280.57);
insert into STATION values (3828, '4', 1588, 469811.55, 4422760.86, 293.07);
insert into STATION values (3829, '5', 1588, 469809.00, 4422763.00, 298.00);
insert into STATION_FLAG values(3829, 'ent');
insert into STATION values (3830, '0', 1592, 469947.49, 4422845.77, 301.58);
insert into STATION_FLAG values(3830, 'ent');
insert into STATION values (3831, '1', 1592, 469947.60, 4422843.72, 303.94);
insert into STATION values (3832, '2', 1592, 469948.91, 4422844.82, 304.77);
insert into STATION values (3833, '3', 1592, 469949.21, 4422844.00, 305.43);
insert into STATION values (3834, '4', 1592, 469948.77, 4422845.43, 307.73);
insert into STATION values (3835, '5', 1592, 469950.00, 4422849.00, 310.00);
insert into STATION values (3836, '6', 1592, 469951.19, 4422848.11, 314.86);
insert into STATION values (3837, '7', 1592, 469952.77, 4422846.40, 318.31);
insert into STATION values (3838, '8', 1592, 469952.80, 4422844.82, 326.45);
insert into STATION values (3839, '9', 1592, 469951.60, 4422838.05, 333.57);
insert into STATION values (3840, '0', 1596, 468214.00, 4423045.00, 339.00);
insert into STATION_FLAG values(3840, 'ent');
insert into STATION values (3841, '1', 1596, 468213.54, 4423050.29, 337.58);
insert into STATION values (3842, '2', 1596, 468215.98, 4423059.37, 334.16);
insert into STATION values (3843, '3', 1596, 468215.06, 4423069.95, 331.31);
insert into STATION values (3844, '4', 1596, 468222.47, 4423073.40, 329.87);
insert into STATION values (3845, '5', 1596, 468228.56, 4423082.08, 323.24);
insert into STATION values (3846, '6', 1596, 468229.89, 4423087.05, 322.52);
insert into STATION values (3847, '7', 1596, 468230.28, 4423091.42, 322.14);
insert into STATION values (3848, '8', 1596, 468234.63, 4423082.31, 322.52);
insert into STATION values (3849, '9', 1596, 468235.41, 4423073.25, 327.77);
insert into STATION values (3850, '0', 1600, 469480.77, 4422847.24, 368.97);
insert into STATION values (3851, '1', 1600, 469482.46, 4422846.85, 369.44);
insert into STATION values (3852, '1bis', 1600, 469482.46, 4422846.85, 370.44);
insert into STATION values (3853, '2', 1600, 469488.84, 4422847.97, 373.46);
insert into STATION values (3854, '3', 1600, 469491.93, 4422849.09, 372.58);
insert into STATION values (3855, '4', 1600, 469493.72, 4422846.53, 370.78);
insert into STATION values (3856, '5', 1600, 469488.07, 4422847.05, 370.17);
insert into STATION values (3857, '6', 1600, 469491.93, 4422849.09, 378.83);
insert into STATION values (3858, '7', 1600, 469493.80, 4422849.96, 379.58);
insert into STATION values (3859, '8', 1600, 469495.93, 4422846.27, 382.56);
insert into STATION values (3860, '9', 1600, 469499.00, 4422846.00, 384.00);
insert into STATION_FLAG values(3860, 'ent');
insert into STATION values (3861, '0', 1604, 467933.00, 4422916.00, 353.00);
insert into STATION_FLAG values(3861, 'ent');
insert into STATION values (3862, '1', 1604, 467938.45, 4422921.44, 356.59);
insert into STATION values (3863, '2', 1604, 467929.00, 4422918.81, 351.22);
insert into STATION values (3864, '3', 1604, 467926.36, 4422910.44, 358.00);
insert into STATION values (3865, '4', 1604, 467933.33, 4422912.25, 363.34);
insert into STATION values (3866, 'ENT_211001', 1543, 469367.00, 4421504.00, 407.00);
insert into STATION_FLAG values(3866, 'fix');
insert into STATION values (3867, 'ENT_211002', 1543, 469510.00, 4421914.00, 191.00);
insert into STATION_FLAG values(3867, 'fix');
insert into STATION values (3868, 'ENT_211003', 1543, 470302.00, 4421526.00, 73.00);
insert into STATION_FLAG values(3868, 'fix');
insert into STATION values (3869, 'ENT_211004', 1543, 470298.00, 4421336.00, 10.00);
insert into STATION_FLAG values(3869, 'fix');
insert into STATION values (3870, 'ENT_211005', 1543, 470940.00, 4420800.00, 30.00);
insert into STATION_FLAG values(3870, 'fix');
insert into STATION values (3871, 'ENT_211006', 1543, 469700.00, 4421477.00, 348.00);
insert into STATION_FLAG values(3871, 'fix');
insert into STATION values (3872, 'ENT_211007', 1543, 470451.00, 4422187.00, 192.00);
insert into STATION_FLAG values(3872, 'fix');
insert into STATION values (3873, 'ENT_211008', 1543, 469167.00, 4420570.00, 461.00);
insert into STATION_FLAG values(3873, 'fix');
insert into STATION values (3874, 'ENT_211009', 1543, 470593.00, 4421961.00, 71.00);
insert into STATION_FLAG values(3874, 'fix');
insert into STATION values (3875, 'ENT_211010', 1543, 469430.00, 4420543.00, 536.00);
insert into STATION_FLAG values(3875, 'fix');
insert into STATION values (3876, 'ENT_211011', 1543, 469163.00, 4421761.00, 310.00);
insert into STATION_FLAG values(3876, 'fix');
insert into STATION values (3877, 'ENT_211012', 1543, 468326.00, 4422439.00, 360.00);
insert into STATION_FLAG values(3877, 'fix');
insert into STATION values (3878, 'ENT_211013', 1543, 469283.00, 4422857.00, 392.00);
insert into STATION_FLAG values(3878, 'fix');
insert into STATION values (3879, 'ENT_211014', 1543, 469809.00, 4422763.00, 298.00);
insert into STATION_FLAG values(3879, 'fix');
insert into STATION values (3880, 'ENT_211015', 1543, 469950.00, 4422849.00, 310.00);
insert into STATION_FLAG values(3880, 'fix');
insert into STATION values (3881, 'ENT_211016', 1543, 469828.00, 4422922.00, 332.00);
insert into STATION_FLAG values(3881, 'fix');
insert into STATION values (3882, 'ENT_211017', 1543, 469300.00, 4422855.00, 322.00);
insert into STATION_FLAG values(3882, 'fix');
insert into STATION values (3883, 'ENT_211018', 1543, 469869.00, 4422885.00, 328.00);
insert into STATION_FLAG values(3883, 'fix');
insert into STATION values (3884, 'ENT_211019', 1543, 468214.00, 4423045.00, 339.00);
insert into STATION_FLAG values(3884, 'fix');
insert into STATION values (3885, 'ENT_211020', 1543, 469499.00, 4422846.00, 384.00);
insert into STATION_FLAG values(3885, 'fix');
insert into STATION values (3886, 'ENT_211021', 1543, 468835.00, 4422513.00, 364.00);
insert into STATION_FLAG values(3886, 'fix');
insert into STATION values (3887, 'ENT_211022', 1543, 470151.00, 4422766.00, 352.00);
insert into STATION_FLAG values(3887, 'fix');
insert into STATION values (3888, 'ENT_211023', 1543, 467933.00, 4422916.00, 353.00);
insert into STATION_FLAG values(3888, 'fix');
insert into STATION values (3889, 'ENT_211024', 1543, 468873.00, 4422340.00, 354.00);
insert into STATION_FLAG values(3889, 'fix');
insert into STATION values (3890, 'ENT_211025', 1543, 469520.00, 4422874.00, 291.00);
insert into STATION_FLAG values(3890, 'fix');
insert into STATION values (3891, 'ENT_211026', 1543, 468705.00, 4422852.00, 364.00);
insert into STATION_FLAG values(3891, 'fix');
insert into STATION values (3892, 'ENT_211027', 1543, 469418.00, 4422796.00, 294.00);
insert into STATION_FLAG values(3892, 'fix');
insert into STATION values (3893, 'ENT_211028', 1543, 469283.00, 4422170.00, 403.00);
insert into STATION_FLAG values(3893, 'fix');
insert into STATION values (3894, 'ENT_211029', 1543, 469741.00, 4422253.00, 432.00);
insert into STATION_FLAG values(3894, 'fix');
insert into STATION values (3895, 'ENT_211030', 1543, 468572.00, 4422366.00, 365.00);
insert into STATION_FLAG values(3895, 'fix');
insert into STATION values (3896, 'ENT_211031', 1543, 468805.00, 4422367.00, 374.00);
insert into STATION_FLAG values(3896, 'fix');
insert into STATION values (3897, 'ENT_211032', 1543, 470582.00, 4422455.00, 581.00);
insert into STATION_FLAG values(3897, 'fix');
insert into STATION values (3898, 'ENT_211033', 1543, 468379.00, 4422465.00, 357.00);
insert into STATION_FLAG values(3898, 'fix');
insert into STATION values (3899, 'ENT_211034', 1543, 470236.00, 4422475.00, 309.00);
insert into STATION_FLAG values(3899, 'fix');
insert into STATION values (3900, 'ENT_211035', 1543, 468258.00, 4422538.00, 415.00);
insert into STATION_FLAG values(3900, 'fix');
insert into STATION values (3901, 'ENT_211036', 1543, 470178.00, 4422545.00, 303.00);
insert into STATION_FLAG values(3901, 'fix');
insert into STATION values (3902, 'ENT_211037', 1543, 470197.00, 4422588.00, 288.00);
insert into STATION_FLAG values(3902, 'fix');
insert into STATION values (3903, 'ENT_211038', 1543, 468322.00, 4422615.00, 389.00);
insert into STATION_FLAG values(3903, 'fix');
insert into STATION values (3904, 'ENT_211039', 1543, 469821.00, 4422749.00, 298.00);
insert into STATION_FLAG values(3904, 'fix');
insert into STATION values (3905, 'ENT_211040', 1543, 469656.00, 4422828.00, 287.00);
insert into STATION_FLAG values(3905, 'fix');
insert into STATION values (3906, 'ENT_211041', 1543, 469763.00, 4422959.00, 310.00);
insert into STATION_FLAG values(3906, 'fix');
insert into STATION values (3907, 'ENT_211042', 1543, 469807.00, 4423507.00, 433.00);
insert into STATION_FLAG values(3907, 'fix');
insert into STATION values (3908, 'ENT_211043', 1543, 468573.00, 4422358.00, 332.00);
insert into STATION_FLAG values(3908, 'fix');
insert into STATION values (3909, 'ENT_211044', 1543, 467782.00, 4422983.00, 330.00);
insert into STATION_FLAG values(3909, 'fix');
insert into STATION values (3910, 'ENT_211045', 1543, 468699.00, 4422722.00, 355.00);
insert into STATION_FLAG values(3910, 'fix');
insert into STATION values (3911, 'ENT_211046', 1543, 468496.00, 4422512.00, 331.00);
insert into STATION_FLAG values(3911, 'fix');
insert into STATION values (3912, 'ENT_211047', 1543, 468516.00, 4422547.00, 0.00);
insert into STATION_FLAG values(3912, 'fix');
insert into STATION values (3913, 'ENT_211048', 1543, 468366.00, 4422459.00, 0.00);
insert into STATION_FLAG values(3913, 'fix');
insert into STATION values (3914, 'ENT_211049', 1543, 467782.00, 4422983.00, 330.00);
insert into STATION_FLAG values(3914, 'fix');
insert into STATION values (3915, 'ENT_212001', 1631, 468000.00, 4417000.00, 30.00);
insert into STATION_FLAG values(3915, 'fix');
insert into STATION values (3916, 'ENT_212002', 1631, 470651.00, 4418054.00, 294.00);
insert into STATION_FLAG values(3916, 'fix');
insert into STATION values (3917, 'ENT_212003', 1631, 470567.00, 4417883.00, 380.00);
insert into STATION_FLAG values(3917, 'fix');
insert into STATION values (3918, 'ENT_212004', 1631, 470359.00, 4417650.00, 525.00);
insert into STATION_FLAG values(3918, 'fix');
insert into STATION values (3919, 'ENT_212005', 1631, 470446.00, 4417762.00, 476.00);
insert into STATION_FLAG values(3919, 'fix');
insert into STATION values (3920, 'ENT_212006', 1631, 470679.00, 4418000.00, 340.00);
insert into STATION_FLAG values(3920, 'fix');
insert into STATION values (3921, '0', 1655, 473667.00, 4416955.00, 90.00);
insert into STATION_FLAG values(3921, 'ent');
insert into STATION values (3922, '1', 1655, 473663.54, 4416954.12, 88.70);
insert into STATION values (3923, '2', 1655, 473660.38, 4416956.41, 88.70);
insert into STATION values (3924, '3', 1655, 473655.87, 4416958.58, 87.27);
insert into STATION values (3925, '4', 1655, 473658.37, 4416954.92, 88.05);
insert into STATION values (3926, '5', 1655, 473657.99, 4416951.26, 84.96);
insert into STATION values (3927, '6', 1655, 473651.13, 4416955.35, 84.54);
insert into STATION values (3928, '7', 1655, 473648.60, 4416963.06, 82.37);
insert into STATION values (3929, '8', 1655, 473640.33, 4416963.17, 80.91);
insert into STATION values (3930, '9', 1655, 473634.97, 4416969.74, 79.42);
insert into STATION values (3931, '10', 1655, 473622.18, 4416972.88, 77.57);
insert into STATION values (3932, '11', 1655, 473623.40, 4416979.25, 75.21);
insert into STATION values (3933, '12', 1655, 473617.49, 4416983.51, 73.92);
insert into STATION values (3934, '13', 1655, 473610.22, 4416990.99, 71.13);
insert into STATION values (3935, '13''', 1655, 473614.35, 4416992.85, 70.33);
insert into STATION values (3936, '14', 1655, 473606.94, 4416998.27, 68.22);
insert into STATION values (3937, '15', 1655, 473595.32, 4417000.07, 69.25);
insert into STATION values (3938, '16', 1655, 473590.47, 4416997.25, 66.63);
insert into STATION values (3939, '20', 1655, 473654.25, 4416966.21, 80.64);
insert into STATION values (3940, '21', 1655, 473652.32, 4416973.83, 77.14);
insert into STATION values (3941, '22', 1655, 473649.69, 4416984.23, 68.14);
insert into STATION values (3942, '23', 1655, 473642.25, 4416993.35, 61.34);
insert into STATION values (3943, '24', 1655, 473639.15, 4417000.24, 56.44);
insert into STATION values (3944, '25', 1655, 473642.80, 4416992.12, 41.02);
insert into STATION values (3945, '26', 1655, 473647.28, 4416989.96, 36.38);
insert into STATION values (3946, '27', 1655, 473649.82, 4416988.73, 34.88);
insert into STATION values (3947, '28', 1655, 473654.66, 4416987.80, 28.58);
insert into STATION values (3948, '29', 1655, 473660.63, 4416990.12, 29.71);
insert into STATION values (3949, '30', 1655, 473665.74, 4416994.29, 29.71);
insert into STATION values (3950, '31', 1655, 473668.04, 4416996.52, 29.71);
insert into STATION values (3951, '32', 1655, 473669.91, 4416999.66, 36.03);
insert into STATION values (3952, '33', 1655, 473650.87, 4416988.06, 28.58);
insert into STATION values (3953, 'M400', 1655, 473596.11, 4416996.67, 70.90);
insert into STATION values (3954, 'M401', 1655, 473589.95, 4417010.67, 61.74);
insert into STATION values (3955, 'M402', 1655, 473589.95, 4417010.67, 42.74);
insert into STATION values (3956, 'M403', 1655, 473592.06, 4417016.22, 33.24);
insert into STATION values (3957, 'M404', 1655, 473592.06, 4417016.22, 23.74);
insert into STATION values (3958, 'M405', 1655, 473593.03, 4417003.06, 23.74);
insert into STATION values (3959, 'M1', 1655, 473649.31, 4416987.83, 28.72);
insert into STATION values (3960, 'M2', 1655, 473636.99, 4416999.24, 26.06);
insert into STATION values (3961, 'M3', 1655, 473628.99, 4416998.09, 24.49);
insert into STATION values (3962, 'J12', 1655, 473677.02, 4416978.41, 54.87);
insert into STATION values (3963, '_J12', 1655, 473677.02, 4416978.41, 54.87);
insert into STATION values (3964, 'M500', 1655, 473673.50, 4416982.29, 55.98);
insert into STATION values (3965, 'M501', 1655, 473668.72, 4416982.27, 53.86);
insert into STATION values (3966, 'M600', 1655, 473673.50, 4416982.29, 53.85);
insert into STATION values (3967, 'M601', 1655, 473675.61, 4416982.22, 52.96);
insert into STATION values (3968, 'M602', 1655, 473675.61, 4416982.22, 50.06);
insert into STATION values (3969, 'M603', 1655, 473676.18, 4416985.55, 49.15);
insert into STATION values (3970, 'M604', 1655, 473677.95, 4416986.58, 48.28);
insert into STATION values (3971, 'M605', 1655, 473682.79, 4416986.35, 46.71);
insert into STATION values (3972, 'M606', 1655, 473682.05, 4416988.47, 44.88);
insert into STATION values (3973, 'M502', 1655, 473663.31, 4416982.73, 55.11);
insert into STATION values (3974, 'M503', 1655, 473661.02, 4416986.23, 53.91);
insert into STATION values (3975, 'M504', 1655, 473655.13, 4416983.83, 54.69);
insert into STATION values (3976, 'M505', 1655, 473653.44, 4416983.79, 54.63);
insert into STATION values (3977, 'M506', 1655, 473649.94, 4416983.35, 51.68);
insert into STATION values (3978, 'M507', 1655, 473650.13, 4416997.06, 40.96);
insert into STATION values (3979, 'M508', 1655, 473646.30, 4416996.58, 39.32);
insert into STATION values (3980, '_24', 1655, 473641.68, 4416994.69, 46.45);
insert into STATION values (3981, 'M700', 1655, 473648.66, 4416985.80, 55.73);
insert into STATION values (3982, 'M701', 1655, 473648.04, 4416988.24, 58.17);
insert into STATION values (3983, '_32', 1655, 473681.39, 4417005.47, 33.18);
insert into STATION values (3984, 'M101', 1655, 473686.09, 4417007.58, 38.90);
insert into STATION values (3985, 'M102', 1655, 473707.62, 4417003.47, 40.82);
insert into STATION values (3986, 'M103', 1655, 473721.62, 4416998.89, 40.96);
insert into STATION values (3987, 'M104', 1655, 473736.53, 4416991.69, 42.12);
insert into STATION values (3988, 'M105', 1655, 473741.62, 4416992.06, 43.88);
insert into STATION values (3989, 'M106', 1655, 473744.10, 4416990.86, 48.29);
insert into STATION values (3990, 'M107', 1655, 473748.63, 4416995.27, 56.67);
insert into STATION values (3991, 'M108', 1655, 473749.08, 4416989.19, 62.16);
insert into STATION values (3992, 'M109', 1655, 473753.43, 4416987.96, 66.69);
insert into STATION values (3993, 'M200', 1655, 473720.18, 4416993.33, 44.02);
insert into STATION values (3994, 'M201', 1655, 473724.03, 4416986.99, 45.09);
insert into STATION values (3995, 'M202', 1655, 473725.44, 4416975.26, 47.85);
insert into STATION values (3996, '_M202', 1655, 473731.05, 4416977.15, 45.99);
insert into STATION values (3997, 'M203', 1655, 473735.80, 4416978.35, 47.97);
insert into STATION values (3998, 'M204', 1655, 473738.26, 4416974.72, 48.98);
insert into STATION values (3999, 'M205', 1655, 473741.22, 4416971.68, 51.63);
insert into STATION values (4000, 'M206', 1655, 473741.78, 4416964.00, 57.03);
insert into STATION values (4001, 'M207', 1655, 473739.12, 4416954.59, 59.10);
insert into STATION values (4002, 'M208', 1655, 473738.47, 4416959.09, 57.27);
insert into STATION values (4003, 'M209', 1655, 473733.71, 4416962.04, 58.36);
insert into STATION values (4004, 'M210', 1655, 473728.43, 4416962.30, 58.08);
insert into STATION values (4005, 'M211', 1655, 473723.98, 4416966.56, 55.07);
insert into STATION values (4006, 'M212', 1655, 473722.74, 4416973.43, 51.36);
insert into STATION values (4007, 'M213', 1655, 473725.48, 4416975.29, 48.78);
insert into STATION values (4008, 'M300', 1655, 473721.11, 4416961.95, 57.38);
insert into STATION values (4009, 'M301', 1655, 473710.89, 4416962.63, 59.56);
insert into STATION values (4010, 'M302', 1655, 473710.90, 4416957.69, 61.45);
insert into STATION values (4011, 'M303', 1655, 473702.70, 4416955.61, 64.04);
insert into STATION values (4012, 'M304', 1655, 473703.07, 4416950.57, 65.68);
insert into STATION values (4013, 'H', 1655, 473701.53, 4416951.06, 65.68);
insert into STATION values (4014, 'A', 1655, 473675.16, 4416953.15, 89.27);
insert into STATION values (4015, 'B', 1655, 473680.65, 4416947.50, 88.58);
insert into STATION values (4016, 'C', 1655, 473684.73, 4416942.67, 85.36);
insert into STATION values (4017, 'D', 1655, 473688.22, 4416943.96, 83.21);
insert into STATION values (4018, 'E', 1655, 473691.62, 4416944.94, 79.67);
insert into STATION values (4019, 'F', 1655, 473694.13, 4416945.04, 78.04);
insert into STATION values (4020, 'G', 1655, 473701.72, 4416948.45, 71.30);
insert into STATION values (4021, 'T0', 1655, 473642.06, 4416947.14, 63.02);
insert into STATION values (4022, 'T1', 1655, 473647.53, 4416951.93, 52.24);
insert into STATION values (4023, 'T2', 1655, 473649.24, 4416955.83, 48.92);
insert into STATION values (4024, 'T3', 1655, 473645.61, 4416958.96, 46.04);
insert into STATION values (4025, 'T4', 1655, 473644.14, 4416965.24, 42.61);
insert into STATION values (4026, 'T5', 1655, 473646.65, 4416967.08, 40.43);
insert into STATION values (4027, 'T6', 1655, 473652.60, 4416968.47, 37.45);
insert into STATION values (4028, 'T7', 1655, 473651.71, 4416978.23, 32.24);
insert into STATION values (4029, 'T7B', 1655, 473654.45, 4416975.78, 32.62);
insert into STATION values (4030, 'T7C', 1655, 473659.00, 4416976.68, 35.19);
insert into STATION values (4031, 'T7D', 1655, 473658.14, 4416980.07, 36.40);
insert into STATION values (4032, 'T7E', 1655, 473660.82, 4416989.52, 24.27);
insert into STATION values (4033, 'T8', 1655, 473647.73, 4416980.51, 30.83);
insert into STATION values (4034, '_M2', 1655, 473629.13, 4416989.11, 20.39);
insert into STATION values (4035, 'T9', 1655, 473650.04, 4416987.72, 32.72);
insert into STATION values (4036, 'T10', 1655, 473641.68, 4416994.69, 45.25);
insert into STATION values (4037, 'J0', 1655, 473725.52, 4416975.31, 48.76);
insert into STATION values (4038, 'J1', 1655, 473721.84, 4416970.05, 51.08);
insert into STATION values (4039, 'J2', 1655, 473719.17, 4416974.22, 51.64);
insert into STATION values (4040, 'J3', 1655, 473716.76, 4416981.61, 50.58);
insert into STATION values (4041, 'J4', 1655, 473709.49, 4416983.87, 52.12);
insert into STATION values (4042, 'J5', 1655, 473705.08, 4416983.68, 50.60);
insert into STATION values (4043, 'J6', 1655, 473702.78, 4416982.83, 52.65);
insert into STATION values (4044, 'J7', 1655, 473700.23, 4416975.75, 54.67);
insert into STATION values (4045, 'J8', 1655, 473693.52, 4416976.90, 57.02);
insert into STATION values (4046, 'J8B', 1655, 473687.24, 4416977.99, 58.73);
insert into STATION values (4047, 'J9', 1655, 473693.41, 4416979.82, 55.96);
insert into STATION values (4048, 'J9B', 1655, 473690.51, 4416986.26, 64.38);
insert into STATION values (4049, 'J10', 1655, 473688.82, 4416978.82, 56.12);
insert into STATION values (4050, 'J11', 1655, 473685.33, 4416980.82, 57.35);
insert into STATION values (4051, 'J11B', 1655, 473684.65, 4416975.87, 57.35);
insert into STATION values (4052, 'J12B', 1655, 473677.51, 4416973.89, 57.60);
insert into STATION values (4053, 'J12C', 1655, 473674.74, 4416974.67, 62.40);
insert into STATION values (4054, 'J12D', 1655, 473680.74, 4416974.80, 62.40);
insert into STATION values (4055, 'J12E', 1655, 473677.39, 4416974.55, 64.75);
insert into STATION values (4056, 'J12F', 1655, 473675.31, 4416973.71, 66.26);
insert into STATION values (4057, 'J12G', 1655, 473676.70, 4416975.16, 69.13);
insert into STATION values (4058, 'J12H', 1655, 473677.78, 4416971.21, 72.95);
insert into STATION values (4059, 'J12I', 1655, 473677.54, 4416967.61, 72.95);
insert into STATION values (4060, 'J12J', 1655, 473681.36, 4416968.58, 73.64);
insert into STATION values (4061, 'J12K', 1655, 473684.15, 4416970.78, 75.69);
insert into STATION values (4062, '_M102', 1655, 473707.58, 4417003.45, 40.83);
insert into STATION values (4063, 'J301', 1655, 473704.86, 4416993.13, 45.21);
insert into STATION values (4064, 'J302', 1655, 473702.20, 4416992.67, 46.88);
insert into STATION values (4065, 'J303', 1655, 473703.30, 4416988.99, 47.81);
insert into STATION values (4066, 'B400', 1655, 473662.63, 4416960.55, 78.41);
insert into STATION values (4067, 'B401', 1655, 473669.60, 4416959.60, 75.28);
insert into STATION values (4068, 'B401B', 1655, 473669.01, 4416950.71, 76.53);
insert into STATION values (4069, 'B401C', 1655, 473673.05, 4416949.56, 76.53);
insert into STATION values (4070, 'B402', 1655, 473670.34, 4416963.87, 74.52);
insert into STATION values (4071, 'B403', 1655, 473667.04, 4416971.96, 85.71);
insert into STATION values (4072, 'B404', 1655, 473676.09, 4416966.36, 78.15);
insert into STATION values (4073, 'B405', 1655, 473681.99, 4416966.28, 78.15);
insert into STATION values (4074, 'B406', 1655, 473685.32, 4416967.92, 78.94);
insert into STATION values (4075, 'B406B', 1655, 473689.57, 4416966.05, 80.18);
insert into STATION values (4076, 'B406C', 1655, 473692.44, 4416967.66, 82.08);
insert into STATION values (4077, 'B406D', 1655, 473695.73, 4416965.92, 84.23);
insert into STATION values (4078, 'B406E', 1655, 473698.24, 4416961.61, 86.55);
insert into STATION values (4079, 'B407', 1655, 473686.12, 4416969.65, 77.16);
insert into STATION values (4080, 'B407B', 1655, 473692.05, 4416970.61, 77.16);
insert into STATION values (4081, 'B408', 1655, 473684.55, 4416970.28, 77.07);
insert into STATION values (4082, 'B409', 1655, 473684.66, 4416971.36, 76.57);
insert into STATION values (4083, 'B410', 1655, 473684.71, 4416974.96, 76.44);
insert into STATION values (4084, 'B411', 1655, 473686.11, 4416976.52, 76.40);
insert into STATION values (4085, 'B412', 1655, 473688.56, 4416977.01, 76.36);
insert into STATION values (4086, 'B413', 1655, 473691.83, 4416980.79, 67.70);
insert into STATION values (4087, 'B420', 1655, 473679.03, 4416968.86, 74.50);
insert into STATION values (4088, 'B421', 1655, 473678.77, 4416967.96, 75.54);
insert into STATION values (4089, 'B422', 1655, 473673.66, 4416965.66, 75.54);
insert into STATION values (4090, '0', 1671, 472739.00, 4416716.00, 37.00);
insert into STATION_FLAG values(4090, 'ent');
insert into STATION values (4091, '1', 1671, 472740.67, 4416718.08, 37.62);
insert into STATION values (4092, '2', 1671, 472743.26, 4416722.60, 35.19);
insert into STATION values (4093, '3', 1671, 472747.23, 4416723.32, 34.33);
insert into STATION values (4094, '4', 1671, 472752.80, 4416722.55, 34.33);
insert into STATION values (4095, '5', 1671, 472757.63, 4416720.11, 34.42);
insert into STATION values (4096, '6', 1671, 472759.10, 4416721.40, 34.29);
insert into STATION values (4097, '7', 1671, 472762.35, 4416717.55, 34.02);
insert into STATION values (4098, '8', 1671, 472762.51, 4416714.68, 34.63);
insert into STATION values (4099, '9', 1671, 472768.30, 4416712.00, 37.08);
insert into STATION values (4100, '10', 1671, 472771.11, 4416715.50, 35.88);
insert into STATION values (4101, '11', 1671, 472773.93, 4416721.61, 33.56);
insert into STATION values (4102, '32b', 1671, 472775.92, 4416725.90, 31.94);
insert into STATION values (4103, '12', 1671, 472774.23, 4416713.82, 36.71);
insert into STATION values (4104, '13', 1671, 472772.90, 4416708.41, 39.31);
insert into STATION values (4105, '14', 1671, 472772.17, 4416697.44, 45.15);
insert into STATION values (4106, '15', 1671, 472775.89, 4416694.13, 45.50);
insert into STATION values (4107, '16', 1671, 472776.54, 4416690.48, 45.18);
insert into STATION values (4108, '17', 1671, 472777.13, 4416685.07, 48.58);
insert into STATION values (4109, '18', 1671, 472771.52, 4416683.23, 49.72);
insert into STATION values (4110, '19', 1671, 472767.52, 4416687.81, 50.15);
insert into STATION values (4111, '20', 1671, 472763.96, 4416683.97, 50.15);
insert into STATION values (4112, '21', 1671, 472759.16, 4416681.91, 51.26);
insert into STATION values (4113, '22', 1671, 472759.58, 4416676.19, 50.96);
insert into STATION values (4114, '23', 1671, 472752.96, 4416673.35, 53.02);
insert into STATION values (4115, '24', 1671, 472746.89, 4416681.65, 49.68);
insert into STATION values (4116, '25', 1671, 472748.06, 4416676.05, 52.14);
insert into STATION values (4117, '26', 1671, 472749.65, 4416661.42, 56.92);
insert into STATION values (4118, '27', 1671, 472752.02, 4416642.64, 67.85);
insert into STATION values (4119, '28', 1671, 472750.40, 4416637.26, 69.04);
insert into STATION values (4120, '29', 1671, 472755.83, 4416626.23, 73.04);
insert into STATION values (4121, 'A1', 1671, 472761.54, 4416618.43, 76.18);
insert into STATION values (4122, 'A2', 1671, 472763.81, 4416620.09, 76.68);
insert into STATION values (4123, 'A3', 1671, 472760.40, 4416621.32, 84.82);
insert into STATION values (4124, 'A4', 1671, 472763.36, 4416617.12, 98.91);
insert into STATION values (4125, '30', 1671, 472753.24, 4416619.05, 79.00);
insert into STATION values (4126, '31', 1671, 472752.00, 4416618.15, 79.88);
insert into STATION values (4127, '32', 1671, 472747.64, 4416610.52, 84.36);
insert into STATION values (4128, '33', 1671, 472747.29, 4416607.98, 85.78);
insert into STATION values (4129, '34', 1671, 472745.43, 4416604.60, 89.26);
insert into STATION values (4130, '35', 1671, 472744.79, 4416602.33, 90.67);
insert into STATION values (4131, '36', 1671, 472742.27, 4416599.70, 93.62);
insert into STATION values (4132, 'B1', 1671, 472741.67, 4416596.86, 95.97);
insert into STATION values (4133, 'B2', 1671, 472739.82, 4416594.47, 98.51);
insert into STATION values (4134, 'B3', 1671, 472740.66, 4416591.59, 100.11);
insert into STATION values (4135, 'B4', 1671, 472739.78, 4416588.26, 105.20);
insert into STATION values (4136, 'B5', 1671, 472740.25, 4416587.76, 107.96);
insert into STATION values (4137, '42', 1671, 472742.91, 4416595.70, 96.46);
insert into STATION values (4138, '37', 1671, 472746.24, 4416629.13, 71.81);
insert into STATION values (4139, '38', 1671, 472749.31, 4416638.14, 65.86);
insert into STATION values (4140, '39', 1671, 472750.64, 4416642.29, 63.54);
insert into STATION values (4141, '40', 1671, 472755.57, 4416649.66, 60.13);
insert into STATION values (4142, '41', 1671, 472754.41, 4416655.55, 60.13);
insert into STATION values (4143, 'C1', 1671, 472744.60, 4416591.57, 101.77);
insert into STATION values (4144, 'C2', 1671, 472748.01, 4416590.13, 104.67);
insert into STATION values (4145, 'C3', 1671, 472749.61, 4416587.39, 108.73);
insert into STATION values (4146, 'C4', 1671, 472747.19, 4416583.91, 112.54);
insert into STATION values (4147, 'C5', 1671, 472743.71, 4416582.49, 115.69);
insert into STATION values (4148, 'C6', 1671, 472741.57, 4416579.42, 118.83);
insert into STATION values (4149, 'C7', 1671, 472739.26, 4416580.30, 118.83);
insert into STATION values (4150, 'C8', 1671, 472738.93, 4416575.42, 122.65);
insert into STATION values (4151, 'C9', 1671, 472737.03, 4416572.68, 126.23);
insert into STATION values (4152, 'C10', 1671, 472735.55, 4416569.17, 129.00);
insert into STATION values (4153, 'C11', 1671, 472733.03, 4416567.19, 131.32);
insert into STATION values (4154, 'C12', 1671, 472732.82, 4416563.94, 135.98);
insert into STATION values (4155, '0a', 1671, 472900.61, 4416697.70, 57.67);
insert into STATION values (4156, '1a', 1671, 472903.40, 4416698.68, 57.15);
insert into STATION values (4157, '2a', 1671, 472904.88, 4416702.39, 57.01);
insert into STATION values (4158, '3a', 1671, 472901.70, 4416704.68, 56.25);
insert into STATION values (4159, '4a', 1671, 472901.01, 4416707.40, 55.17);
insert into STATION values (4160, '5a', 1671, 472899.94, 4416709.04, 54.75);
insert into STATION values (4161, '6a', 1671, 472895.75, 4416713.99, 52.13);
insert into STATION values (4162, '7a', 1671, 472893.57, 4416717.08, 50.83);
insert into STATION values (4163, '8a', 1671, 472894.56, 4416718.81, 51.00);
insert into STATION values (4164, '9a', 1671, 472895.87, 4416721.41, 50.28);
insert into STATION values (4165, '10a', 1671, 472898.33, 4416722.27, 51.78);
insert into STATION values (4166, '11a', 1671, 472900.90, 4416727.82, 55.17);
insert into STATION values (4167, '12a', 1671, 472902.55, 4416728.60, 54.36);
insert into STATION values (4168, '13a', 1671, 472905.12, 4416735.03, 50.36);
insert into STATION values (4169, '14a', 1671, 472916.48, 4416725.23, 50.36);
insert into STATION values (4170, '15a', 1671, 472893.49, 4416711.28, 54.74);
insert into STATION values (4171, '16a', 1671, 472888.37, 4416702.69, 54.74);
insert into STATION values (4172, '17a', 1671, 472879.38, 4416700.42, 58.49);
insert into STATION values (4173, '18a', 1671, 472881.54, 4416696.03, 59.53);
insert into STATION values (4174, '19a', 1671, 472889.53, 4416692.34, 61.40);
insert into STATION values (4175, '20a', 1671, 472894.23, 4416687.15, 61.40);
insert into STATION values (4176, '21a', 1671, 472897.79, 4416688.39, 61.86);
insert into STATION values (4177, '22a', 1671, 472897.46, 4416684.43, 62.28);
insert into STATION values (4178, '23a', 1671, 472896.67, 4416678.69, 63.84);
insert into STATION values (4179, '24a', 1671, 472902.75, 4416675.21, 63.84);
insert into STATION values (4180, '25a', 1671, 472900.56, 4416674.03, 65.51);
insert into STATION values (4181, '26a', 1671, 472900.52, 4416671.31, 66.78);
insert into STATION values (4182, '27a', 1671, 472883.42, 4416714.23, 51.38);
insert into STATION values (4183, '28a', 1671, 472882.72, 4416708.33, 52.22);
insert into STATION values (4184, '29a', 1671, 472880.37, 4416708.00, 54.51);
insert into STATION values (4185, '30a', 1671, 472873.08, 4416710.85, 49.78);
insert into STATION values (4186, '31a', 1671, 472870.82, 4416714.60, 46.76);
insert into STATION values (4187, '32a', 1671, 472871.93, 4416718.61, 45.33);
insert into STATION values (4188, '33a', 1671, 472874.72, 4416716.10, 45.58);
insert into STATION values (4189, '34a', 1671, 472878.25, 4416718.45, 45.71);
insert into STATION values (4190, '35a', 1671, 472869.35, 4416721.35, 43.96);
insert into STATION values (4191, '36a', 1671, 472873.44, 4416723.83, 42.50);
insert into STATION values (4192, '37a', 1671, 472850.45, 4416723.27, 43.96);
insert into STATION values (4193, '38a', 1671, 472845.09, 4416724.59, 41.61);
insert into STATION values (4194, '39a', 1671, 472838.83, 4416725.90, 38.77);
insert into STATION values (4195, '40a', 1671, 472833.10, 4416734.03, 37.72);
insert into STATION values (4196, '41a', 1671, 472818.09, 4416734.36, 36.46);
insert into STATION values (4197, '42a', 1671, 472818.78, 4416726.74, 38.80);
insert into STATION values (4198, '43a', 1671, 472818.78, 4416726.74, 37.80);
insert into STATION values (4199, '44a', 1671, 472819.14, 4416720.36, 40.64);
insert into STATION values (4200, '45a', 1671, 472815.00, 4416736.99, 33.80);
insert into STATION values (4201, '46a', 1671, 472805.12, 4416739.69, 27.68);
insert into STATION values (4202, '47a', 1671, 472795.19, 4416758.09, 21.24);
insert into STATION values (4203, '48a', 1671, 472797.11, 4416754.52, 20.63);
insert into STATION values (4204, '49a', 1671, 472800.21, 4416756.78, 20.38);
insert into STATION values (4205, '50a', 1671, 472802.06, 4416755.98, 20.57);
insert into STATION values (4206, '51a', 1671, 472802.61, 4416755.08, 21.09);
insert into STATION values (4207, '52a', 1671, 472806.59, 4416749.73, 23.67);
insert into STATION values (4208, '53a', 1671, 472813.16, 4416751.68, 24.74);
insert into STATION values (4209, '54a', 1671, 472818.87, 4416749.18, 28.11);
insert into STATION values (4210, '55a', 1671, 472820.70, 4416746.66, 28.39);
insert into STATION values (4211, '56a', 1671, 472822.48, 4416749.09, 30.41);
insert into STATION values (4212, '57a', 1671, 472824.84, 4416748.85, 30.58);
insert into STATION values (4213, '58a', 1671, 472832.74, 4416741.32, 34.55);
insert into STATION values (4214, '59a', 1671, 472834.77, 4416738.99, 34.88);
insert into STATION values (4215, '60a', 1671, 472833.12, 4416734.10, 34.57);
insert into STATION values (4216, '61a', 1671, 472832.16, 4416742.52, 34.28);
insert into STATION values (4217, '62a', 1671, 472822.46, 4416736.44, 34.63);
insert into STATION values (4218, '63a', 1671, 472819.29, 4416737.11, 31.44);
insert into STATION values (4219, '64a', 1671, 472790.22, 4416757.90, 20.80);
insert into STATION values (4220, '65a', 1671, 472786.42, 4416752.02, 20.80);
insert into STATION values (4221, '66a', 1671, 472783.84, 4416751.11, 19.58);
insert into STATION values (4222, '67a', 1671, 472782.60, 4416747.68, 21.21);
insert into STATION values (4223, '68a', 1671, 472779.64, 4416744.25, 25.15);
insert into STATION values (4224, '69a', 1671, 472779.49, 4416746.96, 23.88);
insert into STATION values (4225, '70a', 1671, 472777.56, 4416746.44, 23.88);
insert into STATION values (4226, '71a', 1671, 472774.89, 4416743.46, 23.88);
insert into STATION values (4227, '0b', 1671, 472783.84, 4416751.11, 19.58);
insert into STATION values (4228, '1b', 1671, 472783.21, 4416753.15, 18.20);
insert into STATION values (4229, '2b', 1671, 472781.31, 4416753.38, 17.46);
insert into STATION values (4230, '3b', 1671, 472780.61, 4416759.78, 13.90);
insert into STATION values (4231, '4b', 1671, 472778.51, 4416763.11, 12.91);
insert into STATION values (4232, '5b', 1671, 472780.37, 4416765.42, 12.65);
insert into STATION values (4233, '6b', 1671, 472779.30, 4416770.38, 11.58);
insert into STATION values (4234, '7b', 1671, 472773.54, 4416771.28, 10.86);
insert into STATION values (4235, '8b', 1671, 472769.41, 4416768.97, 9.94);
insert into STATION values (4236, '9b', 1671, 472767.54, 4416766.37, 11.04);
insert into STATION values (4237, '10b', 1671, 472764.53, 4416768.88, 10.14);
insert into STATION values (4238, '11b', 1671, 472763.34, 4416774.89, 8.03);
insert into STATION values (4239, '12b', 1671, 472764.11, 4416784.11, 6.40);
insert into STATION values (4240, '17b', 1671, 472769.66, 4416803.73, -4.90);
insert into STATION values (4241, '13b', 1671, 472763.05, 4416793.88, -1.00);
insert into STATION values (4242, '14b', 1671, 472760.49, 4416804.00, -1.55);
insert into STATION values (4243, '15b', 1671, 472764.02, 4416812.00, -4.73);
insert into STATION values (4244, '16b', 1671, 472753.09, 4416812.53, -7.67);
insert into STATION values (4245, '18b', 1671, 472761.09, 4416773.42, 10.22);
insert into STATION values (4246, '19b', 1671, 472762.24, 4416769.68, 10.77);
insert into STATION values (4247, '20b', 1671, 472764.49, 4416772.91, 10.77);
insert into STATION values (4248, '21b', 1671, 472767.15, 4416775.79, 9.35);
insert into STATION values (4249, '22b', 1671, 472774.89, 4416743.46, 23.88);
insert into STATION values (4250, '23b', 1671, 472770.78, 4416747.54, 17.88);
insert into STATION values (4251, '24b', 1671, 472770.03, 4416743.18, 18.66);
insert into STATION values (4252, '25b', 1671, 472773.16, 4416743.41, 19.16);
insert into STATION values (4253, '33b', 1671, 472774.27, 4416737.82, 21.01);
insert into STATION values (4254, '34b', 1671, 472773.13, 4416735.84, 23.06);
insert into STATION values (4255, '26b', 1671, 472771.45, 4416742.95, 23.54);
insert into STATION values (4256, '27b', 1671, 472772.20, 4416741.60, 27.18);
insert into STATION values (4257, '28b', 1671, 472772.14, 4416737.08, 27.81);
insert into STATION values (4258, '29b', 1671, 472772.80, 4416732.52, 29.31);
insert into STATION values (4259, '30b', 1671, 472774.35, 4416728.71, 29.81);
insert into STATION values (4260, '31b', 1671, 472774.97, 4416725.86, 31.05);
insert into STATION values (4261, '0', 1677, 472988.00, 4417752.00, 100.00);
insert into STATION_FLAG values(4261, 'ent');
insert into STATION values (4262, '1', 1677, 472978.58, 4417741.66, 111.33);
insert into STATION values (4263, '2', 1677, 472990.92, 4417736.33, 106.17);
insert into STATION values (4264, '3', 1677, 473005.46, 4417743.95, 100.19);
insert into STATION values (4265, '4', 1677, 473014.21, 4417743.13, 106.35);
insert into STATION values (4266, '5', 1677, 473021.09, 4417726.65, 109.49);
insert into STATION values (4267, '6', 1677, 473022.96, 4417724.31, 104.30);
insert into STATION values (4268, '7', 1677, 473031.60, 4417717.72, 106.02);
insert into STATION values (4269, '8', 1677, 473032.85, 4417708.43, 108.88);
insert into STATION values (4270, '9', 1677, 473017.75, 4417696.78, 121.75);
insert into STATION values (4271, '10', 1677, 473016.95, 4417692.43, 123.36);
insert into STATION values (4272, '5_1', 1677, 473013.43, 4417723.46, 117.51);
insert into STATION values (4273, '5_2', 1677, 472999.49, 4417717.64, 132.10);
insert into STATION values (4274, 'ENT_213001', 1653, 473667.00, 4416955.00, 90.00);
insert into STATION_FLAG values(4274, 'fix');
insert into STATION values (4275, 'ENT_213002', 1653, 472739.00, 4416716.00, 37.00);
insert into STATION_FLAG values(4275, 'fix');
insert into STATION values (4276, 'ENT_213003', 1653, 472988.00, 4417752.00, 100.00);
insert into STATION_FLAG values(4276, 'fix');
insert into STATION values (4277, '0', 1685, 494490.94, 4309264.15, 92.89);
insert into STATION values (4278, '1', 1685, 494490.94, 4309264.15, 86.79);
insert into STATION values (4279, '2', 1685, 494493.11, 4309266.05, 84.62);
insert into STATION values (4280, '3', 1685, 494499.85, 4309268.27, 80.01);
insert into STATION values (4281, '4', 1685, 494502.66, 4309274.66, 79.03);
insert into STATION values (4282, '4B', 1685, 494493.43, 4309274.78, 87.35);
insert into STATION values (4283, '5', 1685, 494509.37, 4309279.58, 70.11);
insert into STATION values (4284, '5B', 1685, 494514.88, 4309276.81, 68.45);
insert into STATION values (4285, '5C', 1685, 494517.59, 4309277.25, 67.40);
insert into STATION values (4286, '6', 1685, 494509.29, 4309283.45, 75.43);
insert into STATION values (4287, '7', 1685, 494509.45, 4309285.44, 75.33);
insert into STATION values (4288, '8', 1685, 494508.74, 4309286.76, 74.72);
insert into STATION values (4289, '8B', 1685, 494510.46, 4309287.98, 66.29);
insert into STATION values (4290, '9', 1685, 494504.89, 4309286.07, 99.45);
insert into STATION values (4291, '10', 1685, 494501.32, 4309285.03, 100.11);
insert into STATION values (4292, '11', 1685, 494498.76, 4309283.01, 102.75);
insert into STATION values (4293, '12', 1685, 494493.60, 4309283.62, 100.65);
insert into STATION values (4294, '13', 1685, 494490.71, 4309283.35, 100.70);
insert into STATION values (4295, '13B', 1685, 494487.43, 4309283.05, 100.76);
insert into STATION values (4296, '14', 1685, 494488.72, 4309280.47, 106.53);
insert into STATION values (4297, '14B', 1685, 494482.06, 4309278.66, 106.53);
insert into STATION values (4298, '15', 1685, 494486.07, 4309274.98, 114.33);
insert into STATION values (4299, '16', 1685, 494481.27, 4309269.60, 119.02);
insert into STATION values (4300, '17', 1685, 494479.58, 4309268.84, 123.00);
insert into STATION values (4301, '18', 1685, 494480.91, 4309266.44, 124.22);
insert into STATION values (4302, '18B', 1685, 494479.13, 4309259.16, 124.22);
insert into STATION values (4303, '19', 1685, 494480.42, 4309264.09, 126.90);
insert into STATION values (4304, '20', 1685, 494478.96, 4309262.61, 128.77);
insert into STATION values (4305, '21', 1685, 494478.96, 4309262.61, 128.77);
insert into STATION values (4306, '22', 1685, 494477.30, 4309262.54, 130.22);
insert into STATION values (4307, '23', 1685, 494476.03, 4309265.99, 132.25);
insert into STATION values (4308, '24', 1685, 494474.26, 4309263.78, 135.75);
insert into STATION values (4309, '25', 1685, 494471.13, 4309264.72, 139.93);
insert into STATION values (4310, '26', 1685, 494470.38, 4309266.47, 141.84);
insert into STATION values (4311, '27', 1685, 494461.00, 4309276.80, 140.61);
insert into STATION values (4312, '28', 1685, 494446.19, 4309274.38, 140.61);
insert into STATION values (4313, '29', 1685, 494435.49, 4309276.03, 138.70);
insert into STATION values (4314, '30', 1685, 494425.37, 4309272.49, 141.18);
insert into STATION values (4315, '31', 1685, 494421.66, 4309266.50, 143.74);
insert into STATION values (4316, '32', 1685, 494415.30, 4309262.33, 144.95);
insert into STATION values (4317, '33', 1685, 494413.70, 4309258.09, 148.24);
insert into STATION values (4318, '34', 1685, 494406.94, 4309255.60, 148.37);
insert into STATION values (4319, '35', 1685, 494401.91, 4309249.09, 151.20);
insert into STATION values (4320, '36', 1685, 494405.19, 4309248.47, 153.90);
insert into STATION values (4321, '37', 1685, 494398.00, 4309243.00, 160.00);
insert into STATION values (4322, '38', 1685, 494398.00, 4309243.00, 163.00);
insert into STATION_FLAG values(4322, 'ent');
insert into STATION values (4323, '100', 1685, 494504.89, 4309286.07, 99.45);
insert into STATION values (4324, '101', 1685, 494504.89, 4309286.07, 90.25);
insert into STATION values (4325, '102', 1685, 494511.76, 4309292.31, 90.74);
insert into STATION values (4326, '103', 1685, 494506.02, 4309294.96, 82.35);
insert into STATION values (4327, '104', 1685, 494503.64, 4309296.73, 75.68);
insert into STATION values (4328, '105', 1685, 494506.66, 4309300.93, 56.37);
insert into STATION values (4329, '106', 1685, 494514.25, 4309306.29, 50.10);
insert into STATION values (4330, '107', 1685, 494501.29, 4309296.38, 57.86);
insert into STATION values (4331, '108', 1685, 494501.23, 4309298.73, 71.53);
insert into STATION values (4332, '109', 1685, 494494.13, 4309296.80, 67.28);
insert into STATION values (4333, '110', 1685, 494490.85, 4309299.08, 60.35);
insert into STATION values (4334, '111', 1685, 494490.53, 4309298.99, 58.28);
insert into STATION values (4335, '112', 1685, 494487.04, 4309299.91, 55.94);
insert into STATION values (4336, '113', 1685, 494482.95, 4309297.01, 52.29);
insert into STATION values (4337, '114', 1685, 494487.29, 4309297.26, 42.52);
insert into STATION values (4338, '118', 1685, 494486.65, 4309300.79, 34.81);
insert into STATION values (4339, '115', 1685, 494483.81, 4309294.62, 33.12);
insert into STATION values (4340, '116', 1685, 494483.44, 4309293.59, 32.26);
insert into STATION values (4341, '117', 1685, 494486.61, 4309293.32, 27.53);
insert into STATION values (4342, '119', 1685, 494481.35, 4309302.19, 35.29);
insert into STATION values (4343, '120', 1685, 494479.60, 4309302.82, 35.69);
insert into STATION values (4344, '121', 1685, 494475.79, 4309303.13, 37.16);
insert into STATION values (4345, '122', 1685, 494473.64, 4309302.12, 38.82);
insert into STATION values (4346, '123', 1685, 494469.94, 4309300.75, 41.38);
insert into STATION values (4347, '124', 1685, 494479.74, 4309307.68, 41.38);
insert into STATION values (4348, '125', 1685, 494470.60, 4309293.58, 45.71);
insert into STATION values (4349, '0', 1689, 495075.00, 4308714.00, 253.00);
insert into STATION_FLAG values(4349, 'ent');
insert into STATION values (4350, '1', 1689, 495079.19, 4308716.86, 248.59);
insert into STATION values (4351, '2', 1689, 495088.20, 4308714.65, 243.45);
insert into STATION values (4352, '3', 1689, 495096.13, 4308707.58, 240.61);
insert into STATION values (4353, '4', 1689, 495098.40, 4308704.48, 239.50);
insert into STATION values (4354, '5', 1689, 495102.29, 4308703.08, 237.49);
insert into STATION values (4355, '6', 1689, 495101.94, 4308700.11, 236.68);
insert into STATION values (4356, '7', 1689, 495104.45, 4308696.13, 235.33);
insert into STATION values (4357, '8', 1689, 495107.69, 4308698.96, 234.02);
insert into STATION values (4358, '9', 1689, 495117.61, 4308702.63, 233.28);
insert into STATION values (4359, '10', 1689, 495119.22, 4308699.63, 232.11);
insert into STATION values (4360, '11', 1689, 495121.35, 4308699.07, 232.11);
insert into STATION values (4361, '12', 1689, 495125.28, 4308688.96, 230.97);
insert into STATION values (4362, '13', 1689, 495126.02, 4308688.61, 229.03);
insert into STATION values (4363, '14', 1689, 495126.88, 4308690.19, 229.03);
insert into STATION values (4364, '15', 1689, 495128.37, 4308689.37, 229.65);
insert into STATION values (4365, '16', 1689, 495128.37, 4308689.37, 221.70);
insert into STATION values (4366, '17', 1689, 495130.58, 4308688.75, 221.70);
insert into STATION values (4367, '18', 1689, 495127.95, 4308683.28, 221.06);
insert into STATION values (4368, '19', 1689, 495133.06, 4308678.73, 220.22);
insert into STATION values (4369, '20', 1689, 495139.58, 4308683.17, 220.22);
insert into STATION values (4370, '21', 1689, 495145.71, 4308679.07, 220.87);
insert into STATION values (4371, '22', 1689, 495145.71, 4308679.07, 220.87);
insert into STATION values (4372, 'ENT_303001', 1683, 495068.00, 4309020.00, 186.00);
insert into STATION_FLAG values(4372, 'fix');
insert into STATION values (4373, 'ENT_303002', 1683, 494398.00, 4309243.00, 163.00);
insert into STATION_FLAG values(4373, 'fix');
insert into STATION values (4374, 'ENT_303003', 1683, 495399.00, 4309090.00, 20.00);
insert into STATION_FLAG values(4374, 'fix');
insert into STATION values (4375, 'ENT_303004', 1683, 494845.00, 4308933.00, 274.00);
insert into STATION_FLAG values(4375, 'fix');
insert into STATION values (4376, 'ENT_303005', 1683, 495383.00, 4308977.00, 55.00);
insert into STATION_FLAG values(4376, 'fix');
insert into STATION values (4377, 'ENT_303006', 1683, 495075.00, 4308714.00, 253.00);
insert into STATION_FLAG values(4377, 'fix');
insert into STATION values (4378, 'ENT_303007', 1683, 494387.00, 4309486.00, 86.00);
insert into STATION_FLAG values(4378, 'fix');
insert into STATION values (4379, 'ENT_303008', 1683, 494567.00, 4309691.00, 0.00);
insert into STATION_FLAG values(4379, 'fix');
insert into STATION values (4380, 'ENT_303009', 1683, 493877.00, 4308702.00, 0.00);
insert into STATION_FLAG values(4380, 'fix');
insert into STATION values (4381, 'ENT_303010', 1683, 493877.00, 4308689.00, 0.00);
insert into STATION_FLAG values(4381, 'fix');
insert into STATION values (4382, 'ENT_303011', 1683, 493833.00, 4308577.00, 0.00);
insert into STATION_FLAG values(4382, 'fix');
insert into STATION values (4383, 'ENT_303012', 1683, 494928.00, 4309421.00, 301.00);
insert into STATION_FLAG values(4383, 'fix');
insert into STATION values (4384, 'ENT_303013', 1683, 494496.00, 4309737.00, 0.00);
insert into STATION_FLAG values(4384, 'fix');
insert into STATION values (4385, 'ENT_303014', 1683, 495472.00, 4308988.00, 21.00);
insert into STATION_FLAG values(4385, 'fix');
insert into STATION values (4386, 'ENT_303015', 1683, 494941.00, 4309441.00, 0.00);
insert into STATION_FLAG values(4386, 'fix');
insert into STATION values (4387, '100', 1697, 493519.00, 4304030.00, 545.00);
insert into STATION_FLAG values(4387, 'ent');
insert into STATION values (4388, '101', 1697, 493519.00, 4304030.00, 540.00);
insert into STATION values (4389, '102', 1697, 493509.12, 4304029.61, 509.57);
insert into STATION values (4390, '200', 1697, 493509.12, 4304029.61, 509.57);
insert into STATION values (4391, '201', 1697, 493503.59, 4304044.59, 497.53);
insert into STATION values (4392, '202', 1697, 493498.55, 4304058.26, 486.95);
insert into STATION values (4393, '203', 1697, 493496.36, 4304067.55, 476.71);
insert into STATION values (4394, '204', 1697, 493502.81, 4304073.63, 467.20);
insert into STATION values (4395, '205', 1697, 493502.79, 4304078.92, 464.39);
insert into STATION values (4396, '206', 1697, 493502.79, 4304078.92, 459.39);
insert into STATION values (4397, '207', 1697, 493493.49, 4304093.11, 448.79);
insert into STATION values (4398, '208', 1697, 493493.68, 4304107.73, 435.15);
insert into STATION values (4399, '209', 1697, 493487.38, 4304121.07, 424.82);
insert into STATION values (4400, '210', 1697, 493485.52, 4304127.89, 417.75);
insert into STATION values (4401, '211', 1697, 493485.52, 4304127.89, 408.75);
insert into STATION values (4402, '212', 1697, 493485.86, 4304130.77, 407.98);
insert into STATION values (4403, '213', 1697, 493485.86, 4304130.77, 399.98);
insert into STATION values (4404, '214', 1697, 493482.53, 4304133.53, 397.48);
insert into STATION values (4405, '215', 1697, 493477.31, 4304139.71, 393.53);
insert into STATION values (4406, '216', 1697, 493478.75, 4304141.96, 390.56);
insert into STATION values (4407, '217', 1697, 493479.68, 4304141.57, 390.56);
insert into STATION values (4408, '218', 1697, 493479.68, 4304141.57, 383.56);
insert into STATION values (4409, '219', 1697, 493487.86, 4304141.18, 377.82);
insert into STATION values (4410, '220', 1697, 493503.07, 4304139.92, 368.28);
insert into STATION values (4411, '221', 1697, 493499.30, 4304153.75, 355.82);
insert into STATION values (4412, '222', 1697, 493497.44, 4304158.78, 351.32);
insert into STATION values (4413, '223', 1697, 493497.44, 4304158.78, 348.32);
insert into STATION values (4414, '301', 1697, 493469.85, 4304168.48, 296.40);
insert into STATION values (4415, '300', 1697, 493470.33, 4304178.50, 285.26);
insert into STATION values (4416, '302', 1697, 493473.70, 4304161.60, 302.56);
insert into STATION values (4417, '303', 1697, 493473.42, 4304160.10, 303.84);
insert into STATION values (4418, '304', 1697, 493474.76, 4304156.64, 309.78);
insert into STATION values (4419, '305', 1697, 493479.08, 4304157.19, 316.49);
insert into STATION values (4420, '306', 1697, 493482.76, 4304157.92, 325.76);
insert into STATION values (4421, '307', 1697, 493490.48, 4304155.89, 340.77);
insert into STATION values (4422, '308', 1697, 493496.46, 4304158.59, 348.32);
insert into STATION values (4423, '309', 1697, 493497.44, 4304158.78, 348.32);
insert into STATION values (4424, '400', 1697, 493470.33, 4304178.50, 285.26);
insert into STATION values (4425, '401', 1697, 493465.58, 4304179.32, 275.37);
insert into STATION values (4426, '402', 1697, 493465.58, 4304179.32, 255.37);
insert into STATION values (4427, '403', 1697, 493463.21, 4304181.16, 255.37);
insert into STATION values (4428, '404', 1697, 493463.21, 4304181.16, 234.37);
insert into STATION values (4429, '405', 1697, 493461.97, 4304182.73, 234.37);
insert into STATION values (4430, '406', 1697, 493461.97, 4304182.73, 225.37);
insert into STATION values (4431, '407', 1697, 493457.47, 4304194.91, 225.82);
insert into STATION values (4432, '408', 1697, 493453.79, 4304208.41, 225.33);
insert into STATION values (4433, '409', 1697, 493458.44, 4304221.39, 213.76);
insert into STATION values (4434, '410', 1697, 493458.87, 4304230.38, 213.45);
insert into STATION values (4435, '411', 1697, 493461.49, 4304241.06, 213.45);
insert into STATION values (4436, '500', 1697, 493458.44, 4304221.39, 213.76);
insert into STATION values (4437, '501', 1697, 493459.58, 4304218.62, 213.61);
insert into STATION values (4438, '502', 1697, 493462.92, 4304217.48, 211.73);
insert into STATION values (4439, '503', 1697, 493464.90, 4304217.32, 211.45);
insert into STATION values (4440, '504', 1697, 493471.54, 4304230.51, 208.85);
insert into STATION values (4441, '505', 1697, 493469.94, 4304239.37, 208.85);
insert into STATION values (4442, '506', 1697, 493468.11, 4304244.34, 211.66);
insert into STATION values (4443, '507', 1697, 493464.76, 4304249.07, 210.11);
insert into STATION values (4444, '508', 1697, 493464.57, 4304257.53, 207.03);
insert into STATION values (4445, '509', 1697, 493464.76, 4304263.50, 207.55);
insert into STATION values (4446, '510', 1697, 493466.43, 4304267.13, 207.62);
insert into STATION values (4447, '511', 1697, 493467.08, 4304272.66, 205.38);
insert into STATION values (4448, '512', 1697, 493464.78, 4304275.92, 205.24);
insert into STATION values (4449, '513', 1697, 493465.28, 4304278.87, 204.98);
insert into STATION values (4450, '514', 1697, 493464.10, 4304279.85, 206.26);
insert into STATION values (4451, '515', 1697, 493460.27, 4304280.64, 205.43);
insert into STATION values (4452, '516', 1697, 493458.59, 4304288.40, 204.45);
insert into STATION values (4453, '517', 1697, 493458.89, 4304292.01, 206.14);
insert into STATION values (4454, '518', 1697, 493462.10, 4304294.29, 205.45);
insert into STATION values (4455, '601', 1697, 493447.76, 4304383.11, 187.48);
insert into STATION values (4456, '600', 1697, 493446.11, 4304391.43, 179.00);
insert into STATION values (4457, '602', 1697, 493449.76, 4304369.35, 193.10);
insert into STATION values (4458, '603', 1697, 493450.40, 4304362.38, 192.86);
insert into STATION values (4459, '604', 1697, 493452.46, 4304354.29, 196.23);
insert into STATION values (4460, '605', 1697, 493459.05, 4304333.08, 202.18);
insert into STATION values (4461, '606', 1697, 493455.35, 4304320.78, 204.22);
insert into STATION values (4462, '607', 1697, 493456.17, 4304309.82, 204.60);
insert into STATION values (4463, '608', 1697, 493459.58, 4304304.99, 205.64);
insert into STATION values (4464, '609', 1697, 493462.10, 4304294.29, 205.45);
insert into STATION values (4465, 'ENT_304001', 1695, 493130.00, 4308331.00, 399.00);
insert into STATION_FLAG values(4465, 'fix');
insert into STATION values (4466, 'ENT_304002', 1695, 493244.00, 4309199.00, 315.00);
insert into STATION_FLAG values(4466, 'fix');
insert into STATION values (4467, 'ENT_304003', 1695, 493001.00, 4308652.00, 330.00);
insert into STATION_FLAG values(4467, 'fix');
insert into STATION values (4468, 'ENT_304004', 1695, 493722.00, 4308518.00, 482.00);
insert into STATION_FLAG values(4468, 'fix');
insert into STATION values (4469, 'ENT_304005', 1695, 493342.00, 4308357.00, 484.00);
insert into STATION_FLAG values(4469, 'fix');
insert into STATION values (4470, 'ENT_304006', 1695, 493337.00, 4308329.00, 488.00);
insert into STATION_FLAG values(4470, 'fix');
insert into STATION values (4471, 'ENT_304007', 1695, 492238.00, 4307919.00, 544.00);
insert into STATION_FLAG values(4471, 'fix');
insert into STATION values (4472, 'ENT_304008', 1695, 493149.00, 4307944.00, 533.00);
insert into STATION_FLAG values(4472, 'fix');
insert into STATION values (4473, 'ENT_304009', 1695, 493139.00, 4307904.00, 533.00);
insert into STATION_FLAG values(4473, 'fix');
insert into STATION values (4474, 'ENT_304010', 1695, 493149.00, 4307879.00, 522.00);
insert into STATION_FLAG values(4474, 'fix');
insert into STATION values (4475, 'ENT_304011', 1695, 492835.00, 4307760.00, 386.00);
insert into STATION_FLAG values(4475, 'fix');
insert into STATION values (4476, 'ENT_304012', 1695, 492741.00, 4307760.00, 372.00);
insert into STATION_FLAG values(4476, 'fix');
insert into STATION values (4477, 'ENT_304013', 1695, 492538.00, 4307322.00, 344.00);
insert into STATION_FLAG values(4477, 'fix');
insert into STATION values (4478, 'ENT_304014', 1695, 492549.00, 4307305.00, 0.00);
insert into STATION_FLAG values(4478, 'fix');
insert into STATION values (4479, 'ENT_304015', 1695, 493740.00, 4308750.00, 0.00);
insert into STATION_FLAG values(4479, 'fix');
insert into STATION values (4480, 'ENT_304016', 1695, 493735.00, 4308575.00, 0.00);
insert into STATION_FLAG values(4480, 'fix');
insert into STATION values (4481, 'ENT_304017', 1695, 493488.00, 4308749.00, 0.00);
insert into STATION_FLAG values(4481, 'fix');
insert into STATION values (4482, 'ENT_304018', 1695, 493487.00, 4308761.00, 0.00);
insert into STATION_FLAG values(4482, 'fix');
insert into STATION values (4483, 'ENT_304019', 1695, 493354.00, 4308416.00, 0.00);
insert into STATION_FLAG values(4483, 'fix');
insert into STATION values (4484, 'ENT_304020', 1695, 493378.00, 4308649.00, 0.00);
insert into STATION_FLAG values(4484, 'fix');
insert into STATION values (4485, 'ENT_304021', 1695, 493345.00, 4308371.00, 483.00);
insert into STATION_FLAG values(4485, 'fix');
insert into STATION values (4486, 'ENT_304022', 1695, 492718.00, 4307932.00, 358.00);
insert into STATION_FLAG values(4486, 'fix');
insert into STATION values (4487, 'ENT_304023', 1695, 494209.00, 4303537.00, 438.00);
insert into STATION_FLAG values(4487, 'fix');
insert into STATION values (4488, 'ENT_304024', 1695, 494247.00, 4303396.00, 412.00);
insert into STATION_FLAG values(4488, 'fix');
insert into STATION values (4489, 'ENT_304025', 1695, 492630.00, 4307395.00, 325.00);
insert into STATION_FLAG values(4489, 'fix');
insert into STATION values (4490, 'ENT_304026', 1695, 492811.00, 4307523.00, 387.00);
insert into STATION_FLAG values(4490, 'fix');
insert into STATION values (4491, 'ENT_304027', 1695, 492811.00, 4307523.00, 387.00);
insert into STATION_FLAG values(4491, 'fix');
insert into STATION values (4492, 'ENT_304028', 1695, 492744.00, 4307438.00, 368.00);
insert into STATION_FLAG values(4492, 'fix');
insert into STATION values (4493, 'ENT_304029', 1695, 492791.00, 4307449.00, 380.00);
insert into STATION_FLAG values(4493, 'fix');
insert into STATION values (4494, 'ENT_304030', 1695, 493519.00, 4304030.00, 545.00);
insert into STATION_FLAG values(4494, 'fix');
insert into STATION values (4495, 'ENT_304031', 1695, 493402.00, 4304216.00, 562.00);
insert into STATION_FLAG values(4495, 'fix');
insert into STATION values (4496, 'ENT_304032', 1695, 493524.00, 4304050.00, 554.00);
insert into STATION_FLAG values(4496, 'fix');
insert into STATION values (4497, 'ENT_304033', 1695, 493405.00, 4304223.00, 557.00);
insert into STATION_FLAG values(4497, 'fix');
insert into STATION values (4498, 'ENT_304034', 1695, 493434.00, 4304074.00, 54.00);
insert into STATION_FLAG values(4498, 'fix');
insert into STATION values (4499, 'ENT_304035', 1695, 492079.00, 4310722.00, 0.00);
insert into STATION_FLAG values(4499, 'fix');
insert into STATION values (4500, 'ENT_304036', 1695, 492861.00, 4307876.00, 399.00);
insert into STATION_FLAG values(4500, 'fix');
insert into STATION values (4501, 'ENT_304037', 1695, 494155.00, 4303338.00, 407.00);
insert into STATION_FLAG values(4501, 'fix');
insert into STATION values (4502, 'ENT_304038', 1695, 492564.00, 4307349.00, 347.00);
insert into STATION_FLAG values(4502, 'fix');
insert into STATION values (4503, 'ENT_304039', 1695, 491290.00, 4307597.00, 230.00);
insert into STATION_FLAG values(4503, 'fix');
insert into STATION values (4504, 'ENT_304040', 1695, 490540.00, 4306695.00, 106.00);
insert into STATION_FLAG values(4504, 'fix');
insert into STATION values (4505, 'ENT_304041', 1695, 492249.00, 4307720.00, 65.00);
insert into STATION_FLAG values(4505, 'fix');
insert into STATION values (4506, 'ENT_304042', 1695, 492261.00, 4307711.00, 95.00);
insert into STATION_FLAG values(4506, 'fix');
insert into STATION values (4507, 'ENT_304043', 1695, 490540.00, 4306695.00, 106.00);
insert into STATION_FLAG values(4507, 'fix');
insert into STATION values (4508, 'ENT_304044', 1695, 490470.00, 4306552.00, 101.00);
insert into STATION_FLAG values(4508, 'fix');
insert into STATION values (4509, 'ENT_304045', 1695, 491049.00, 4307630.00, 250.00);
insert into STATION_FLAG values(4509, 'fix');
insert into STATION values (4510, 'ENT_304046', 1695, 491165.00, 4307597.00, 0.00);
insert into STATION_FLAG values(4510, 'fix');
insert into STATION values (4511, 'ENT_304047', 1695, 492098.00, 4306813.00, 276.00);
insert into STATION_FLAG values(4511, 'fix');
insert into STATION values (4512, 'ENT_304048', 1695, 492226.00, 4306784.00, 260.00);
insert into STATION_FLAG values(4512, 'fix');
insert into STATION values (4513, 'ENT_304049', 1695, 492134.00, 4306635.00, 258.00);
insert into STATION_FLAG values(4513, 'fix');
insert into STATION values (4514, 'ENT_304050', 1695, 491671.00, 4306206.00, 299.00);
insert into STATION_FLAG values(4514, 'fix');
insert into STATION values (4515, 'ENT_304051', 1695, 491307.00, 4306156.00, 259.00);
insert into STATION_FLAG values(4515, 'fix');
insert into STATION values (4516, 'ENT_304052', 1695, 491808.00, 4306374.00, 291.00);
insert into STATION_FLAG values(4516, 'fix');
insert into STATION values (4517, 'ENT_304053', 1695, 493210.00, 4307750.00, 456.00);
insert into STATION_FLAG values(4517, 'fix');
insert into STATION values (4518, 'ENT_304054', 1695, 492409.00, 4307605.00, 212.00);
insert into STATION_FLAG values(4518, 'fix');
insert into STATION values (4519, 'ENT_304055', 1695, 492487.00, 4307678.00, 229.00);
insert into STATION_FLAG values(4519, 'fix');
insert into STATION values (4520, 'ENT_304056', 1695, 492484.00, 4307639.00, 224.00);
insert into STATION_FLAG values(4520, 'fix');
insert into STATION values (4521, 'ENT_304057', 1695, 492637.00, 4307761.00, 300.00);
insert into STATION_FLAG values(4521, 'fix');
insert into STATION values (4522, 'ENT_401001', 1706, 577225.00, 4604263.00, 0.00);
insert into STATION_FLAG values(4522, 'fix');
insert into STATION values (4523, 'ENT_401002', 1706, 577141.00, 4603383.00, 0.00);
insert into STATION_FLAG values(4523, 'fix');
insert into STATION values (4524, 'ENT_401003', 1706, 577289.00, 4604031.00, 122.00);
insert into STATION_FLAG values(4524, 'fix');
insert into STATION values (4525, 'ENT_401004', 1706, 577528.00, 4603955.00, 0.00);
insert into STATION_FLAG values(4525, 'fix');
insert into STATION values (4526, 'ENT_401005', 1706, 577555.00, 4603901.00, 0.00);
insert into STATION_FLAG values(4526, 'fix');
insert into STATION values (4527, 'ENT_401006', 1706, 576150.00, 4598655.00, 250.00);
insert into STATION_FLAG values(4527, 'fix');
insert into STATION values (4528, 'ENT_401007', 1706, 576183.00, 4600809.00, 0.00);
insert into STATION_FLAG values(4528, 'fix');
insert into STATION values (4529, 'ENT_401008', 1706, 576064.00, 4600782.00, 0.00);
insert into STATION_FLAG values(4529, 'fix');
insert into STATION values (4530, 'ENT_401009', 1706, 575588.00, 4601180.00, 0.00);
insert into STATION_FLAG values(4530, 'fix');
insert into STATION values (4531, 'ENT_401010', 1706, 575786.00, 4601270.00, 0.00);
insert into STATION_FLAG values(4531, 'fix');
insert into STATION values (4532, 'ENT_401011', 1706, 575977.00, 4601227.00, 0.00);
insert into STATION_FLAG values(4532, 'fix');
insert into STATION values (4533, 'ENT_401012', 1706, 575925.00, 4601038.00, 0.00);
insert into STATION_FLAG values(4533, 'fix');
insert into STATION values (4534, 'ENT_401013', 1706, 576005.00, 4597166.00, 0.00);
insert into STATION_FLAG values(4534, 'fix');
insert into STATION values (4535, 'ENT_401014', 1706, 577950.00, 4597074.00, 0.00);
insert into STATION_FLAG values(4535, 'fix');
insert into STATION values (4536, 'ENT_401015', 1706, 578009.00, 4597133.00, 0.00);
insert into STATION_FLAG values(4536, 'fix');
insert into STATION values (4537, 'ENT_401016', 1706, 576724.00, 4597385.00, 0.00);
insert into STATION_FLAG values(4537, 'fix');
insert into STATION values (4538, 'ENT_401017', 1706, 575986.00, 4597099.00, 0.00);
insert into STATION_FLAG values(4538, 'fix');
insert into STATION values (4539, 'ENT_401018', 1706, 575384.00, 4601618.00, 48.00);
insert into STATION_FLAG values(4539, 'fix');
insert into STATION values (4540, 'ENT_401019', 1706, 575379.00, 4601714.00, 36.00);
insert into STATION_FLAG values(4540, 'fix');
insert into STATION values (4541, 'ENT_401020', 1706, 575465.00, 4601707.00, 58.00);
insert into STATION_FLAG values(4541, 'fix');
insert into STATION values (4542, 'ENT_401021', 1706, 575691.00, 4601178.00, 0.00);
insert into STATION_FLAG values(4542, 'fix');
insert into STATION values (4543, '607', 1423, 473694.86, 4428222.38, 66.23);
insert into STATION values (4544, 'PerteDesLobos', 1543, 467782.00, 4422983.00, 330.00);
