create table SURVEY (ID integer, PARENT_ID integer, NAME varchar(51), FULL_NAME varchar(35), TITLE varchar(38));
create table CENTRELINE (ID integer, SURVEY_ID integer, TITLE varchar(4), TOPO_DATE date, EXPLO_DATE date, LENGTH real, SURFACE_LENGTH real, DUPLICATE_LENGTH real);
create table PERSON (ID integer, NAME varchar(11), SURNAME varchar(31));
create table EXPLO (PERSON_ID integer, CENTRELINE_ID integer);
create table TOPO (PERSON_ID integer, CENTRELINE_ID integer);
create table STATION (ID integer, NAME varchar(5), SURVEY_ID integer, X real, Y real, Z real);
create table STATION_FLAG (STATION_ID integer, FLAG char(3));
create table SHOT (ID integer, FROM_ID integer, TO_ID integer, CENTRELINE_ID integer, LENGTH real, BEARING real, GRADIENT real, ADJ_LENGTH real, ADJ_BEARING real, ADJ_GRADIENT real, ERR_LENGTH real, ERR_BEARING real, ERR_GRADIENT real);
create table SHOT_FLAG (SHOT_ID integer, FLAG char(3));
create table MAPS (ID integer, SURVEY_ID integer, NAME varchar(51), TITLE varchar(38), PROJID integer, LENGTH real, DEPTH real);
create table SCRAPS (ID integer, SURVEY_ID integer, NAME varchar(51), PROJID integer, MAX_DISTORTION real, AVG_DISTORTION real);
create table MAPITEMS (ID integer, TYPE integer, ITEMID integer);
insert into SURVEY values (1, 0, '', '', NULL);
 insert into CENTRELINE values (2, 1, NULL, NULL, NULL, 0.00, 0.00, 0.00);
 insert into SURVEY values (18, 1, 'CuevaPirates', 'CuevaPirates', 'Cueva de Pirates');
 insert into CENTRELINE values (19, 18, NULL, NULL, NULL, 0.00, 0.00, 0.00);
 insert into SURVEY values (20, 18, 'Anglais2008', 'Anglais2008.CuevaPirates', NULL);
 insert into CENTRELINE values (21, 20, NULL, NULL, NULL, 0.00, 0.00, 0.00);
 insert into SCRAPS values (22, 20, 'muddyhollows-p', 1, 60.01288, 1.29932);
 insert into SCRAPS values (149, 20, 'cairnchamber-2p', 1, 33.96080, 1.24658);
 insert into SCRAPS values (180, 20, 'cairnchamber-p', 1, 78.13180, 9.71990);
 insert into SCRAPS values (197, 20, 'stalchamber-p', 1, 30.99575, 2.25110);
 insert into SCRAPS values (277, 20, 'muddyhollows-2p', 1, 24.33875, 1.59794);
 insert into SCRAPS values (347, 20, 'waterworld-p', 1, 31.11761, 0.52238);
 insert into SCRAPS values (436, 20, 'stalchamberwest-p', 1, 31.47486, 0.71651);
 insert into SCRAPS values (476, 20, 'entrance-p', 1, 33.91812, 29.55249);
 insert into SCRAPS values (541, 20, 'whiterhino-p', 1, 35.82090, 0.50596);
 insert into SCRAPS values (641, 20, 'whiterhino-3p', 1, 0.66682, 0.04225);
 insert into SCRAPS values (680, 20, 'whiterhino-2p', 1, 0.00018, 0.00000);
 insert into SCRAPS values (686, 20, 'DELETE-ME-survey-legs-DUPLICATE_haciendas_salinas-p', 1, 0.00000, 0.00000);
 insert into SCRAPS values (801, 20, 'sumpofdoom-p', 1, 92.10453, 6.39507);
 insert into SCRAPS values (907, 20, 'DUPLICATE_haciendas_salinas-1p', 1, 0.00000, 0.00000);
 insert into SURVEY values (910, 20, 'a', 'a.Anglais2008.CuevaPirates', NULL);
 insert into CENTRELINE values (911, 910, NULL, NULL, NULL, 0.00, 0.00, 0.00);
 insert into CENTRELINE values (912, 910, NULL, '2008-04-06', '2008-04-06', 245.19, 0.00, 137.90);
 insert into PERSON values (1, 'Tim', 'Guilford');
insert into TOPO values (1, 912);
 insert into PERSON values (2, 'Simon', 'Headford');
insert into TOPO values (2, 912);
 insert into PERSON values (3, 'Lou', 'Maurice');
insert into TOPO values (3, 912);
 insert into PERSON values (4, NULL, 'Oxford University Caving Club');
insert into EXPLO values (4, 912);
 insert into SHOT values (1, 1, 2, 912, 8.670, 121.00, 2.00, 8.503, 121.48, 1.21, 0.217, 277.29, -34.47);
insert into SHOT values (2, 3, 1, 912, 13.910, 171.00, 37.00, 13.814, 173.45, 36.93, 0.483, 270.27, -8.48);
insert into SHOT values (3, 4, 3, 912, 4.290, 233.00, 40.00, 4.328, 234.19, 38.94, 0.112, 274.21, -19.56);
insert into SHOT values (4, 5, 4, 912, 8.460, 228.00, -21.00, 8.565, 229.88, -21.36, 0.286, 302.14, -17.95);
insert into SHOT values (5, 5, 6, 912, 12.100, 21.00, 6.00, 12.127, 23.92, 7.11, 0.658, 112.45, 20.96);
insert into SHOT values (6, 7, 6, 912, 10.700, 171.00, 8.00, 10.623, 173.41, 7.19, 0.475, 269.41, -19.57);
insert into SHOT values (7, 8, 7, 912, 7.570, 192.00, -14.00, 7.570, 194.00, -14.85, 0.279, 289.21, -22.90);
insert into SHOT values (8, 9, 8, 912, 6.590, 162.00, -27.00, 6.430, 164.32, -34.04, 0.847, 320.51, -45.93);
insert into SHOT values (9, 10, 9, 912, 9.590, 155.00, 24.00, 8.955, 156.89, 20.60, 0.887, 299.15, -57.82);
insert into SHOT values (10, 11, 10, 912, 7.160, 163.00, 14.00, 6.612, 165.60, 9.84, 0.802, 309.06, -48.67);
insert into SHOT values (11, 11, 12, 912, 9.530, 20.00, -27.00, 9.153, 25.93, -22.41, 1.212, 114.89, 43.64);
insert into SHOT values (12, 13, 12, 912, 7.620, 191.00, 22.00, 7.556, 192.87, 22.00, 0.238, 296.43, -5.91);
insert into SHOT values (13, 14, 13, 912, 21.780, 136.00, 27.00, 21.625, 137.24, 28.44, 0.704, 269.96, 35.84);
insert into SHOT values (14, 15, 14, 912, 11.300, 230.00, 15.00, 11.294, 230.02, 14.98, 0.008, 12.64, -37.12);
insert into SHOT values (15, 16, 15, 912, 4.830, 227.00, -13.00, 4.827, 226.98, -12.93, 0.007, 101.13, 73.43);
insert into SHOT values (16, 17, 16, 912, 5.950, 201.00, 23.00, 5.944, 200.98, 22.97, 0.006, 40.80, -48.72);
insert into SHOT values (17, 18, 17, 912, 16.600, 142.00, -24.00, 16.596, 142.02, -24.00, 0.007, 270.61, 15.90);
insert into SHOT values (18, 19, 14, 912, 12.950, 139.00, 26.00, 12.788, 139.91, 26.82, 0.306, 280.76, 17.73);
insert into SHOT values (19, 20, 19, 912, 12.650, 152.00, 16.00, 12.500, 153.58, 16.21, 0.369, 267.92, 0.49);
insert into SHOT values (20, 20, 21, 912, 25.290, 311.00, -24.00, 25.129, 311.95, -25.43, 0.751, 88.69, -42.14);
insert into SHOT values (21, 21, 22, 912, 15.950, 320.00, -18.00, 15.950, 320.00, -18.00, 0.001, 120.63, -56.51);
insert into SHOT values (22, 23, 22, 912, 5.560, 201.00, -1.00, 5.559, 200.98, -0.93, 0.007, 92.15, 72.46);
insert into SHOT values (23, 23, 24, 912, 6.140, 186.00, 86.00, 6.145, 185.31, 85.97, 0.008, 130.27, 38.41);
insert into SHOT values (24, 25, 24, 912, 3.210, 278.00, -10.00, 3.203, 278.75, -9.71, 0.045, 14.65, 22.82);
insert into SHOT_FLAG values(24, 'dpl');
insert into SHOT values (25, 26, 25, 912, 18.820, 179.00, 21.00, 18.753, 178.68, 22.35, 0.457, 22.33, 57.49);
insert into SHOT_FLAG values(25, 'dpl');
insert into SHOT values (26, 26, 27, 912, 5.460, 19.00, -19.00, 5.392, 19.18, -19.50, 0.085, 187.54, -15.28);
insert into SHOT_FLAG values(26, 'dpl');
insert into SHOT values (27, 28, 27, 912, 8.130, 196.00, 12.00, 8.042, 196.20, 12.50, 0.116, 1.08, 25.47);
insert into SHOT_FLAG values(27, 'dpl');
insert into SHOT values (28, 28, 29, 912, 11.340, 33.00, -5.00, 11.268, 33.62, -5.50, 0.172, 156.90, -32.11);
insert into SHOT_FLAG values(28, 'dpl');
insert into SHOT values (29, 30, 29, 912, 10.610, 245.00, 8.00, 10.570, 246.13, 8.49, 0.229, 349.85, 21.31);
insert into SHOT_FLAG values(29, 'dpl');
insert into SHOT values (30, 30, 31, 912, 5.440, 307.00, -12.00, 5.404, 306.22, -12.29, 0.085, 187.17, -12.87);
insert into SHOT_FLAG values(30, 'dpl');
insert into SHOT values (31, 32, 31, 912, 8.340, 229.00, 10.00, 8.282, 229.68, 10.44, 0.130, 354.53, 23.52);
insert into SHOT_FLAG values(31, 'dpl');
insert into SHOT values (32, 32, 33, 912, 7.830, 11.00, -10.00, 7.752, 11.12, -10.48, 0.103, 180.86, -29.39);
insert into SHOT_FLAG values(32, 'dpl');
insert into SHOT values (33, 34, 33, 912, 5.390, 234.00, -9.00, 5.321, 234.68, -8.86, 0.094, 10.74, 14.33);
insert into SHOT_FLAG values(33, 'dpl');
insert into SHOT values (34, 34, 35, 912, 4.460, 59.00, -19.00, 4.413, 59.56, -19.32, 0.067, 201.73, -6.81);
insert into SHOT_FLAG values(34, 'dpl');
insert into SHOT values (35, 36, 35, 912, 8.400, 131.00, 20.00, 8.365, 130.13, 20.50, 0.144, 14.30, 23.26);
insert into SHOT_FLAG values(35, 'dpl');
insert into SHOT values (36, 36, 37, 912, 2.140, 273.00, -49.00, 2.162, 272.02, -48.92, 0.033, 217.41, -26.79);
insert into SHOT_FLAG values(36, 'dpl');
insert into SHOT values (37, 37, 38, 912, 2.590, 305.00, -33.00, 2.567, 304.14, -33.59, 0.048, 168.51, -11.33);
insert into SHOT_FLAG values(37, 'dpl');
insert into SHOT values (38, 39, 38, 912, 7.430, 208.00, -2.00, 7.355, 208.34, -1.79, 0.091, 357.38, 18.74);
insert into SHOT_FLAG values(38, 'dpl');
insert into SHOT values (39, 39, 40, 912, 2.150, 48.00, -11.00, 2.089, 48.76, -11.32, 0.068, 204.55, 0.20);
insert into SHOT_FLAG values(39, 'dpl');
insert into SHOT values (40, 40, 41, 912, 2.840, 355.00, 2.00, 2.753, 354.79, 1.67, 0.090, 181.72, -12.32);
insert into SHOT_FLAG values(40, 'dpl');
insert into SHOT values (41, 41, 42, 912, 3.170, 138.00, -66.00, 3.216, 138.98, -65.66, 0.054, 170.16, -38.74);
insert into SHOT_FLAG values(41, 'dpl');
insert into SHOT values (42, 43, 42, 912, 3.750, 229.00, 2.00, 3.684, 229.52, 2.18, 0.075, 22.48, 7.00);
insert into SHOT_FLAG values(42, 'dpl');
insert into SHOT values (43, 43, 44, 912, 16.400, 320.00, -22.00, 16.363, 318.66, -22.99, 0.454, 207.47, -32.88);
insert into SHOT_FLAG values(43, 'dpl');
insert into SURVEY values (914, 20, 'b', 'b.Anglais2008.CuevaPirates', NULL);
 insert into CENTRELINE values (915, 914, NULL, NULL, NULL, 0.00, 0.00, 0.00);
 insert into CENTRELINE values (916, 914, NULL, '2008-04-07', '2008-04-07', 354.54, 0.00, 0.00);
 insert into TOPO values (1, 916);
 insert into TOPO values (2, 916);
 insert into TOPO values (3, 916);
 insert into PERSON values (5, 'Rick', 'Padfield');
insert into TOPO values (5, 916);
 insert into EXPLO values (4, 916);
 insert into SHOT values (44, 45, 46, 916, 10.620, 62.00, 25.00, 10.679, 64.16, 26.65, 0.478, 165.67, 39.19);
insert into SHOT values (45, 45, 47, 916, 13.390, 263.00, -24.00, 13.510, 265.48, -25.56, 0.655, 359.05, -35.87);
insert into SHOT values (46, 47, 48, 916, 9.110, 291.00, -23.00, 9.265, 292.27, -23.88, 0.280, 356.87, -42.88);
insert into SHOT values (47, 48, 49, 916, 3.610, 137.00, 19.00, 3.435, 136.62, 18.32, 0.181, 325.18, -31.77);
insert into SHOT values (48, 49, 50, 916, 12.450, 329.00, -26.00, 12.649, 329.12, -26.68, 0.250, 341.27, -62.77);
insert into SHOT values (49, 50, 51, 916, 6.390, 240.00, -8.00, 6.406, 241.57, -9.25, 0.223, 332.55, -39.05);
insert into SHOT values (50, 51, 52, 916, 14.390, 158.00, 31.00, 14.294, 158.89, 32.31, 0.391, 301.60, 35.73);
insert into SHOT values (51, 52, 53, 916, 4.820, 115.00, 12.00, 4.703, 114.56, 12.28, 0.124, 311.60, -0.98);
insert into SHOT values (52, 53, 54, 916, 6.480, 182.00, 22.00, 6.401, 182.91, 22.41, 0.131, 316.29, 5.48);
insert into SHOT values (53, 54, 55, 916, 6.990, 209.00, 12.00, 6.959, 210.37, 12.11, 0.167, 311.29, 2.30);
insert into SHOT values (54, 55, 56, 916, 3.900, 194.00, 36.00, 3.858, 194.93, 36.41, 0.072, 329.15, -1.89);
insert into SHOT values (55, 56, 57, 916, 6.770, 236.00, 11.00, 6.798, 237.36, 10.94, 0.160, 316.43, -0.63);
insert into SHOT values (56, 57, 58, 916, 5.230, 283.00, -17.00, 5.339, 283.68, -16.65, 0.129, 311.28, -0.40);
insert into SHOT values (57, 58, 59, 916, 3.180, 201.00, -7.00, 3.128, 201.94, -6.98, 0.073, 336.57, 5.93);
insert into SHOT values (58, 59, 60, 916, 5.960, 191.00, 6.00, 5.894, 192.12, 6.14, 0.133, 311.78, 3.02);
insert into SHOT values (59, 60, 61, 916, 8.500, 229.00, 3.00, 8.510, 230.63, 3.10, 0.243, 317.52, 3.57);
insert into SHOT values (60, 61, 62, 916, 1.480, 309.00, -31.00, 1.588, 309.38, -30.26, 0.110, 314.03, -20.11);
insert into SHOT values (61, 62, 63, 916, 5.170, 284.00, 6.00, 5.276, 284.57, 5.87, 0.119, 309.89, -0.20);
insert into SHOT values (62, 63, 64, 916, 9.660, 285.00, -5.00, 9.777, 285.91, -4.75, 0.197, 337.39, 9.33);
insert into SHOT values (63, 64, 65, 916, 10.590, 295.00, -18.00, 10.705, 295.64, -17.39, 0.197, 333.38, 21.62);
insert into SHOT values (64, 65, 66, 916, 6.050, 231.00, 12.00, 6.063, 232.26, 11.99, 0.131, 315.98, 0.93);
insert into SHOT values (65, 66, 67, 916, 9.380, 276.00, -2.00, 9.478, 277.10, -1.87, 0.206, 337.93, 4.84);
insert into SHOT values (66, 67, 68, 916, 4.140, 264.00, -10.00, 4.218, 264.89, -9.83, 0.102, 303.39, -0.62);
insert into SHOT values (67, 69, 68, 916, 2.660, 97.00, 5.00, 2.763, 97.51, 4.77, 0.107, 110.36, -0.99);
insert into SHOT values (68, 69, 70, 916, 8.740, 255.00, -29.00, 8.797, 256.31, -28.52, 0.198, 319.61, 10.82);
insert into SHOT values (69, 71, 70, 916, 8.440, 76.00, 34.00, 8.229, 75.21, 33.57, 0.240, 289.78, -45.06);
insert into SHOT values (70, 71, 72, 916, 8.710, 216.00, -22.00, 8.605, 214.12, -20.55, 0.359, 121.05, 42.53);
insert into SHOT values (71, 72, 73, 916, 7.800, 190.00, 10.00, 7.838, 188.01, 11.70, 0.355, 97.60, 41.50);
insert into SHOT values (72, 73, 74, 916, 12.240, 189.00, 11.00, 12.301, 186.14, 13.35, 0.784, 93.13, 40.04);
insert into SHOT values (73, 74, 75, 916, 12.970, 195.00, -13.00, 12.956, 192.05, -10.45, 0.871, 112.50, 40.65);
insert into SHOT values (74, 75, 76, 916, 13.500, 196.00, -25.00, 13.459, 193.16, -22.59, 0.834, 121.99, 39.93);
insert into SHOT values (75, 76, 77, 916, 4.680, 186.00, -1.00, 4.695, 184.52, 0.37, 0.165, 102.47, 42.47);
insert into SHOT values (76, 77, 78, 916, 4.630, 167.00, 2.00, 4.715, 165.61, 3.28, 0.176, 111.71, 37.96);
insert into SHOT values (77, 78, 79, 916, 11.210, 195.00, -19.00, 11.173, 192.48, -16.86, 0.630, 114.98, 40.59);
insert into SHOT values (78, 79, 80, 916, 6.500, 177.00, -7.00, 6.530, 175.32, -5.36, 0.268, 100.97, 42.91);
insert into SHOT values (79, 80, 81, 916, 6.430, 254.00, -20.00, 6.246, 253.16, -19.06, 0.229, 105.73, 44.09);
insert into SHOT values (80, 81, 82, 916, 8.150, 260.00, -26.00, 7.946, 259.25, -25.26, 0.248, 113.84, 47.36);
insert into SHOT values (81, 82, 83, 916, 5.560, 277.00, 22.00, 5.566, 277.01, 22.06, 0.008, 298.01, 62.64);
insert into SHOT values (82, 83, 84, 916, 9.660, 216.00, 3.00, 9.656, 216.01, 2.97, 0.007, 2.92, -51.67);
insert into SHOT values (83, 84, 85, 916, 14.520, 215.00, 39.00, 14.525, 214.97, 39.00, 0.007, 160.46, 18.05);
insert into SHOT values (84, 85, 86, 916, 25.000, 0.00, 90.00, 25.000, 90.00, 90.00, 0.000, 0.00, 0.00);
insert into SHOT values (85, 87, 88, 916, 16.750, 322.00, 25.00, 16.752, 322.04, 25.00, 0.010, 39.40, 6.74);
insert into SHOT values (86, 88, 89, 916, 18.130, 322.00, 45.00, 18.132, 321.97, 44.99, 0.008, 253.43, 1.16);
insert into SHOT values (87, 89, 90, 916, 5.000, 297.00, 44.00, 4.994, 296.99, 44.02, 0.006, 121.48, -30.95);
insert into SURVEY values (918, 20, 'c', 'c.Anglais2008.CuevaPirates', NULL);
 insert into CENTRELINE values (919, 918, NULL, NULL, NULL, 0.00, 0.00, 0.00);
 insert into CENTRELINE values (920, 918, NULL, '2008-04-08', '2008-04-08', 209.65, 0.00, 0.00);
 insert into TOPO values (1, 920);
 insert into TOPO values (2, 920);
 insert into PERSON values (6, 'Ben', 'Lovett');
insert into TOPO values (6, 920);
 insert into EXPLO values (4, 920);
 insert into SHOT values (88, 91, 92, 920, 3.360, 65.00, 16.00, 3.363, 64.94, 15.88, 0.008, 28.95, -47.00);
insert into SHOT values (89, 91, 93, 920, 3.300, 23.00, -4.00, 3.301, 23.06, -4.00, 0.004, 94.09, 3.01);
insert into SHOT values (90, 93, 94, 920, 3.100, 353.00, -34.00, 3.103, 353.07, -34.11, 0.007, 105.01, -62.95);
insert into SHOT values (91, 94, 95, 920, 12.000, 335.00, -32.00, 12.000, 335.02, -31.95, 0.011, 6.68, 52.48);
insert into SHOT values (92, 95, 96, 920, 10.230, 346.00, -24.00, 10.235, 346.01, -24.04, 0.009, 23.83, -76.25);
insert into SHOT values (93, 96, 97, 920, 3.650, 337.00, -22.00, 3.646, 336.85, -21.90, 0.012, 235.94, 38.27);
insert into SHOT values (94, 98, 99, 920, 4.300, 114.00, 21.00, 4.310, 114.20, 21.79, 0.062, 247.45, 72.36);
insert into SHOT values (95, 99, 100, 920, 4.300, 117.00, -5.00, 4.273, 117.23, -4.16, 0.070, 258.86, 67.17);
insert into SHOT values (96, 100, 101, 920, 2.900, 81.00, 41.00, 2.944, 81.10, 41.74, 0.058, 106.03, 81.46);
insert into SHOT values (97, 101, 102, 920, 4.200, 108.00, 33.00, 4.235, 108.23, 33.87, 0.074, 221.02, 78.12);
insert into SHOT values (98, 102, 103, 920, 2.300, 123.00, -33.00, 2.300, 122.95, -32.92, 0.004, 75.63, 48.94);
insert into SHOT values (99, 102, 104, 920, 6.400, 100.00, 32.00, 6.430, 100.14, 32.98, 0.114, 257.89, 71.72);
insert into SHOT values (100, 104, 105, 920, 9.800, 132.00, 3.00, 9.799, 132.02, 2.98, 0.004, 242.04, -41.99);
insert into SHOT values (101, 105, 106, 920, 10.000, 137.00, -32.00, 9.998, 137.05, -31.95, 0.013, 205.31, 46.93);
insert into SHOT values (102, 106, 107, 920, 2.100, 139.00, 4.00, 2.102, 138.87, 3.82, 0.009, 79.64, -48.58);
insert into SHOT values (103, 107, 108, 920, 7.700, 132.00, -51.00, 7.695, 131.99, -51.00, 0.005, 335.70, 56.24);
insert into SHOT values (104, 104, 109, 920, 1.500, 317.00, 47.00, 1.579, 316.53, 47.80, 0.083, 304.03, 61.88);
insert into SHOT values (105, 109, 110, 920, 8.200, 33.00, 10.00, 8.198, 33.02, 9.97, 0.005, 145.38, -50.88);
insert into SHOT values (106, 110, 111, 920, 8.800, 0.00, -2.00, 8.795, 0.00, -2.02, 0.005, 180.00, -31.87);
insert into SHOT values (107, 111, 112, 920, 3.180, 2.00, 60.00, 3.186, 1.80, 60.04, 0.008, 280.01, 47.29);
insert into SHOT values (108, 112, 113, 920, 6.500, 13.00, -7.00, 6.503, 12.98, -6.98, 0.005, 341.36, 28.19);
insert into SHOT values (109, 113, 114, 920, 7.300, 58.00, 9.00, 7.304, 58.03, 8.98, 0.006, 98.16, -19.64);
insert into SHOT values (110, 114, 115, 920, 7.300, 0.00, 0.00, 7.300, 0.00, 0.00, 0.000, 0.00, 0.00);
insert into SHOT values (111, 114, 116, 920, 7.300, 137.00, 40.00, 7.297, 137.03, 40.00, 0.004, 267.32, -31.57);
insert into SHOT values (112, 115, 117, 920, 2.400, 234.00, -34.00, 2.405, 233.99, -34.15, 0.008, 212.08, -85.84);
insert into SHOT values (113, 117, 118, 920, 11.000, 307.00, -42.00, 11.001, 307.00, -41.99, 0.002, 285.38, 15.88);
insert into SHOT values (114, 109, 119, 920, 11.800, 291.00, -26.00, 11.782, 290.63, -24.42, 0.334, 261.48, 65.15);
insert into SHOT values (115, 119, 98, 920, 9.300, 276.00, -37.00, 9.270, 275.72, -35.70, 0.215, 255.69, 60.28);
insert into SHOT values (116, 120, 121, 920, 8.940, 121.00, 31.00, 8.936, 120.95, 30.98, 0.008, 12.18, -32.64);
insert into SHOT values (117, 120, 122, 920, 16.790, 163.00, 66.00, 16.781, 163.05, 66.00, 0.011, 276.09, -51.62);
insert into SHOT values (118, 123, 124, 920, 1.500, 125.00, -21.00, 1.501, 124.82, -21.08, 0.005, 41.85, -29.53);
insert into SHOT values (119, 124, 125, 920, 8.200, 163.00, 34.00, 8.200, 163.06, 34.04, 0.009, 277.99, 31.12);
insert into SURVEY values (922, 20, 'd', 'd.Anglais2008.CuevaPirates', NULL);
 insert into CENTRELINE values (923, 922, NULL, NULL, NULL, 0.00, 0.00, 0.00);
 insert into CENTRELINE values (924, 922, NULL, '2008-04-09', '2008-04-09', 147.11, 0.00, 0.00);
 insert into TOPO values (2, 924);
 insert into TOPO values (6, 924);
 insert into TOPO values (5, 924);
 insert into EXPLO values (4, 924);
 insert into SHOT values (120, 126, 127, 924, 3.600, 175.00, 10.00, 3.599, 174.98, 10.08, 0.005, 28.97, 66.89);
insert into SHOT values (121, 127, 128, 924, 15.000, 150.00, 15.00, 14.999, 150.02, 14.99, 0.005, 243.09, -24.64);
insert into SHOT values (122, 128, 129, 924, 10.300, 180.00, 20.00, 10.291, 180.00, 20.00, 0.009, 0.00, -17.63);
insert into SHOT values (123, 129, 130, 924, 11.080, 187.00, 28.00, 11.079, 186.99, 27.99, 0.003, 86.50, -37.68);
insert into SHOT values (124, 130, 131, 924, 7.890, 203.00, 32.00, 7.892, 203.04, 31.98, 0.006, 261.73, -10.68);
insert into SHOT values (125, 131, 132, 924, 12.250, 188.00, 21.00, 12.254, 187.99, 20.99, 0.005, 161.69, -0.08);
insert into SHOT values (126, 132, 133, 924, 10.130, 112.00, 25.00, 10.132, 112.01, 25.05, 0.009, 251.96, 74.25);
insert into SHOT values (127, 134, 135, 924, 19.410, 357.00, -22.00, 19.516, 357.51, -24.59, 0.899, 144.61, -70.73);
insert into SHOT values (128, 135, 136, 924, 10.080, 5.00, -12.00, 10.158, 5.17, -13.67, 0.306, 75.75, -84.06);
insert into SHOT values (129, 136, 137, 924, 10.160, 323.00, -13.00, 10.218, 323.64, -14.68, 0.324, 61.15, -69.88);
insert into SHOT values (130, 137, 138, 924, 12.980, 34.00, 0.00, 13.034, 33.82, -2.24, 0.513, 351.98, -83.33);
insert into SHOT values (131, 138, 139, 924, 2.020, 328.00, 42.00, 1.958, 328.24, 40.82, 0.074, 130.11, -74.21);
insert into SHOT values (132, 139, 140, 924, 5.530, 347.00, -14.00, 5.699, 346.01, -15.05, 0.219, 312.27, -40.55);
insert into SHOT values (133, 140, 141, 924, 16.680, 320.00, -21.00, 16.893, 319.32, -22.56, 0.537, 238.34, -69.44);
insert into SURVEY values (926, 20, 'e', 'e.Anglais2008.CuevaPirates', NULL);
 insert into CENTRELINE values (927, 926, NULL, NULL, NULL, 0.00, 0.00, 0.00);
 insert into CENTRELINE values (928, 926, NULL, '2008-04-10', '2008-04-10', 269.85, 0.00, 0.00);
 insert into TOPO values (2, 928);
 insert into TOPO values (5, 928);
 insert into EXPLO values (4, 928);
 insert into SHOT values (134, 142, 143, 928, 9.410, 186.00, 10.00, 9.500, 183.80, 10.19, 0.370, 108.06, 7.14);
insert into SHOT values (135, 143, 144, 928, 8.130, 183.00, 8.00, 8.217, 181.13, 8.26, 0.281, 109.03, 9.95);
insert into SHOT values (136, 144, 145, 928, 10.490, 269.00, -37.00, 10.349, 267.75, -37.99, 0.291, 127.51, -11.29);
insert into SHOT values (137, 145, 146, 928, 12.880, 343.00, -12.00, 12.884, 342.97, -12.01, 0.007, 286.64, -17.07);
insert into SHOT values (138, 146, 147, 928, 7.430, 330.00, -19.00, 7.426, 330.00, -19.02, 0.005, 146.99, -12.16);
insert into SHOT values (139, 147, 148, 928, 6.810, 325.00, -24.00, 6.814, 325.01, -23.99, 0.004, 336.94, -1.69);
insert into SHOT values (140, 145, 149, 928, 6.940, 251.00, -33.00, 6.832, 249.69, -33.39, 0.176, 119.03, 6.44);
insert into SHOT values (141, 149, 150, 928, 17.370, 248.00, -17.00, 17.282, 244.78, -17.03, 0.934, 151.09, 1.13);
insert into SHOT values (142, 150, 151, 928, 23.740, 162.00, 18.00, 23.479, 164.52, 18.24, 1.027, 269.05, 0.78);
insert into SHOT values (143, 151, 152, 928, 0.460, 77.00, -11.00, 0.382, 66.19, -13.61, 0.111, 295.84, -1.15);
insert into SHOT values (144, 152, 153, 928, 6.700, 113.00, 24.00, 6.444, 111.37, 24.28, 0.310, 326.87, -14.04);
insert into SHOT values (145, 153, 154, 928, 14.870, 100.00, 24.00, 14.688, 96.12, 24.11, 0.931, 357.04, -2.96);
insert into SHOT values (146, 154, 155, 928, 9.830, 97.00, 25.00, 9.826, 97.03, 24.98, 0.007, 211.36, -40.97);
insert into SHOT values (147, 155, 156, 928, 16.430, 115.00, 29.00, 16.428, 115.00, 29.02, 0.007, 309.69, 44.02);
insert into SHOT values (148, 154, 157, 928, 11.120, 208.00, -6.00, 11.053, 210.25, -5.76, 0.440, 307.24, 6.83);
insert into SHOT values (149, 157, 158, 928, 4.790, 187.00, 21.00, 4.692, 187.91, 21.64, 0.131, 335.10, 5.86);
insert into SHOT values (150, 158, 159, 928, 1.420, 210.00, -59.00, 1.369, 213.23, -59.56, 0.067, 344.98, 33.93);
insert into SHOT values (151, 160, 161, 928, 11.540, 49.00, 0.00, 11.540, 49.01, 0.00, 0.001, 144.73, 0.00);
insert into SHOT values (152, 161, 162, 928, 2.960, 317.00, -17.00, 2.961, 317.00, -17.09, 0.005, 113.00, -83.14);
insert into SHOT values (153, 162, 163, 928, 3.370, 301.00, 1.00, 3.369, 300.91, 1.02, 0.006, 198.26, 11.75);
insert into SHOT values (154, 163, 164, 928, 9.950, 333.00, -19.00, 9.956, 333.03, -18.99, 0.008, 8.37, -4.51);
insert into SHOT values (155, 164, 165, 928, 6.700, 31.00, -27.00, 6.692, 31.00, -27.02, 0.009, 213.31, 11.60);
insert into SHOT values (156, 165, 166, 928, 12.060, 331.00, -17.00, 12.063, 331.01, -17.02, 0.005, 24.00, -50.78);
insert into SHOT values (157, 166, 167, 928, 6.740, 323.00, -14.00, 6.734, 323.02, -14.01, 0.006, 116.87, 4.91);
insert into SHOT values (158, 167, 168, 928, 9.660, 27.00, -30.00, 9.662, 26.93, -29.99, 0.010, 306.94, 0.00);
insert into SHOT values (159, 168, 169, 928, 14.410, 16.00, -25.00, 14.407, 16.01, -25.01, 0.004, 177.05, -1.02);
insert into SHOT values (160, 169, 170, 928, 6.310, 116.00, 31.00, 6.316, 115.95, 30.97, 0.009, 83.23, 0.72);
insert into SHOT values (161, 170, 171, 928, 16.290, 146.00, 20.00, 16.289, 146.00, 20.00, 0.002, 10.23, -69.01);
insert into SHOT values (162, 171, 172, 928, 1.040, 62.00, -21.00, 1.030, 62.10, -21.04, 0.010, 231.33, 16.18);
insert into SURVEY values (931, 18, 'Pirates2008', 'Pirates2008.CuevaPirates', 'Cueva Pirates, Hacienda Salinas');
 insert into CENTRELINE values (932, 931, NULL, NULL, NULL, 0.00, 0.00, 0.00);
 insert into SCRAPS values (933, 931, 'Pirates2008-1p', 1, 18.02006, 0.39202);
 insert into SCRAPS values (1048, 931, 'Pirates2008-4p', 1, 27.29312, 0.75774);
 insert into SCRAPS values (1233, 931, 'Pirates2008-3p', 1, 17.38478, 1.25113);
 insert into SCRAPS values (1267, 931, 'Pirates2008-2p', 1, 1.33937, 0.11585);
 insert into MAPS values (1349, 931, 'm-all-p', NULL, 1, 370.410, -57.220);
 insert into MAPITEMS values (1349, 4, 1048);
 insert into MAPITEMS values (1349, 4, 933);
 insert into MAPITEMS values (1349, 4, 1267);
 insert into MAPITEMS values (1349, 4, 1233);
 insert into CENTRELINE values (1352, 931, NULL, '2008-02-01', '2008-02-01', 72.45, 0.00, 0.00);
 insert into PERSON values (7, 'Marta', 'Candel Urena');
insert into TOPO values (7, 1352);
 insert into PERSON values (8, 'Bernard', 'Tourte');
insert into TOPO values (8, 1352);
 insert into PERSON values (9, NULL, 'Zappe');
insert into TOPO values (9, 1352);
 insert into PERSON values (10, NULL, 'Centre Terre');
insert into EXPLO values (10, 1352);
 insert into SHOT values (163, 173, 174, 1352, 13.200, 192.00, 40.00, 13.202, 191.99, 40.02, 0.006, 70.83, 64.36);
insert into SHOT values (164, 174, 175, 1352, 5.300, 145.00, 12.00, 5.300, 145.05, 11.98, 0.005, 226.32, -21.62);
insert into SHOT values (165, 175, 176, 1352, 6.400, 154.00, 72.00, 6.401, 153.82, 72.06, 0.009, 21.86, 21.70);
insert into SHOT values (166, 174, 177, 1352, 7.400, 185.00, 9.00, 7.398, 185.02, 8.94, 0.008, 289.89, -67.35);
insert into SHOT values (167, 177, 178, 1352, 3.650, 228.00, 16.00, 3.654, 228.00, 16.04, 0.005, 228.67, 48.59);
insert into SHOT values (168, 178, 179, 1352, 5.800, 150.00, 40.00, 5.802, 150.03, 40.01, 0.003, 214.81, 34.37);
insert into SHOT values (169, 178, 180, 1352, 2.600, 326.00, -15.00, 2.595, 326.06, -14.96, 0.006, 115.19, 31.29);
insert into SHOT values (170, 180, 181, 1352, 5.400, 23.00, -55.00, 5.405, 23.00, -55.05, 0.007, 191.22, -80.40);
insert into SHOT values (171, 181, 182, 1352, 5.900, 286.00, -30.00, 5.899, 286.02, -30.01, 0.002, 44.95, 0.00);
insert into SHOT values (172, 182, 183, 1352, 11.100, 300.00, -54.00, 11.102, 300.06, -53.98, 0.008, 2.28, 0.65);
insert into SHOT values (173, 183, 184, 1352, 5.700, 326.00, -74.00, 5.700, 325.91, -74.01, 0.003, 209.56, -15.54);
insert into CENTRELINE values (1353, 931, NULL, '2008-02-01', '2008-02-01', 297.96, 0.00, 0.00);
 insert into TOPO values (7, 1353);
 insert into TOPO values (8, 1353);
 insert into TOPO values (9, 1353);
 insert into EXPLO values (10, 1353);
 insert into SHOT values (174, 184, 185, 1353, 9.800, 306.00, -44.00, 9.797, 305.94, -43.95, 0.011, 242.07, 44.79);
insert into SHOT values (175, 185, 186, 1353, 9.160, 258.00, -35.00, 9.164, 258.00, -35.03, 0.006, 275.48, -84.91);
insert into SHOT values (176, 186, 187, 1353, 2.600, 208.00, -44.00, 2.592, 207.80, -43.98, 0.010, 80.39, 36.83);
insert into SHOT values (177, 187, 188, 1353, 2.400, 94.00, -54.00, 2.394, 94.09, -54.11, 0.008, 257.59, 12.47);
insert into SHOT values (178, 187, 189, 1353, 5.400, 239.00, -5.00, 5.399, 239.00, -4.99, 0.001, 60.27, 27.06);
insert into SHOT values (179, 189, 190, 1353, 11.600, 203.00, 8.00, 11.596, 203.02, 7.98, 0.006, 337.54, -45.95);
insert into SHOT values (180, 190, 191, 1353, 9.200, 239.00, 15.00, 9.204, 238.99, 14.99, 0.004, 221.71, -15.27);
insert into SHOT values (181, 192, 193, 1353, 20.000, 114.00, 40.00, 19.809, 112.93, 41.52, 0.626, 323.32, 25.97);
insert into SHOT values (182, 193, 194, 1353, 7.400, 102.00, 0.00, 7.232, 100.92, -1.03, 0.254, 320.63, -30.81);
insert into SHOT values (183, 194, 195, 1353, 6.400, 125.00, 25.00, 6.178, 124.88, 25.09, 0.222, 308.19, -22.43);
insert into SHOT values (184, 195, 196, 1353, 5.000, 120.00, 3.00, 4.805, 119.72, 2.27, 0.206, 307.09, -20.35);
insert into SHOT values (185, 196, 197, 1353, 7.900, 152.00, 14.00, 7.702, 152.92, 13.44, 0.245, 297.47, -29.68);
insert into SHOT values (186, 197, 198, 1353, 9.800, 235.00, -16.00, 9.891, 237.60, -16.93, 0.467, 320.65, -22.53);
insert into SHOT values (187, 198, 199, 1353, 4.900, 238.00, -4.00, 4.974, 239.71, -4.73, 0.176, 303.83, -22.81);
insert into SHOT values (188, 199, 200, 1353, 8.400, 203.00, -7.00, 8.365, 205.39, -8.18, 0.389, 303.65, -25.34);
insert into SHOT values (189, 200, 201, 1353, 5.100, 287.00, -2.00, 5.284, 287.65, -2.71, 0.204, 305.17, -20.70);
insert into SHOT values (190, 202, 203, 1353, 5.500, 125.00, 30.00, 5.746, 125.82, 29.39, 0.263, 141.36, 15.44);
insert into SHOT values (191, 203, 188, 1353, 2.800, 155.00, 10.00, 3.054, 154.80, 10.18, 0.255, 152.57, 12.20);
insert into SHOT values (192, 188, 204, 1353, 4.500, 263.00, 28.00, 4.744, 260.92, 28.17, 0.286, 226.67, 26.44);
insert into SHOT values (193, 204, 205, 1353, 4.600, 225.00, -10.00, 4.890, 224.33, -8.47, 0.321, 214.54, 14.19);
insert into SHOT values (194, 205, 206, 1353, 11.400, 203.00, 10.00, 11.735, 203.83, 11.20, 0.445, 233.39, 42.48);
insert into SHOT values (195, 206, 207, 1353, 1.700, 300.00, 0.00, 1.707, 299.87, 0.00, 0.008, 270.00, 0.00);
insert into SHOT values (196, 207, 208, 1353, 10.600, 20.00, 48.00, 10.600, 20.05, 48.02, 0.007, 140.69, 22.26);
insert into SHOT values (197, 206, 209, 1353, 1.700, 237.00, 12.00, 2.021, 235.75, 12.58, 0.324, 229.04, 15.52);
insert into SHOT values (198, 209, 210, 1353, 4.500, 111.00, 25.00, 4.503, 113.83, 26.37, 0.228, 214.90, 25.56);
insert into SHOT values (199, 210, 211, 1353, 9.900, 240.00, 12.00, 9.944, 238.99, 11.54, 0.194, 168.49, -20.59);
insert into SHOT values (200, 211, 212, 1353, 5.900, 214.00, 0.00, 5.980, 213.61, -0.29, 0.094, 186.92, -18.56);
insert into SHOT values (201, 212, 213, 1353, 10.200, 214.00, 5.00, 10.281, 213.46, 4.57, 0.147, 165.72, -27.95);
insert into SHOT values (202, 213, 214, 1353, 10.200, 185.00, 17.00, 10.280, 185.06, 16.27, 0.154, 189.98, -41.74);
insert into SHOT values (203, 202, 215, 1353, 9.400, 26.00, -5.00, 9.546, 23.06, -5.71, 0.520, 310.04, -14.57);
insert into SHOT values (204, 215, 216, 1353, 1.900, 10.00, 0.00, 2.082, 8.29, -0.55, 0.192, 350.99, -5.97);
insert into SHOT values (205, 216, 217, 1353, 3.000, 0.00, -90.00, 3.062, 336.04, -88.16, 0.115, 336.04, -31.35);
insert into SHOT values (206, 217, 218, 1353, 2.900, 35.00, -5.00, 3.007, 33.00, -5.53, 0.151, 349.33, -14.31);
insert into SHOT values (207, 218, 192, 1353, 15.000, 330.00, -25.00, 15.255, 329.66, -23.98, 0.380, 316.61, 21.52);
insert into SHOT values (208, 214, 219, 1353, 18.000, 185.00, 25.00, 18.074, 185.06, 23.58, 0.453, 188.73, -56.31);
insert into SHOT values (209, 210, 220, 1353, 6.400, 65.00, 8.00, 6.206, 66.16, 10.02, 0.321, 216.44, 36.15);
insert into SHOT values (210, 220, 221, 1353, 6.300, 33.00, -20.00, 6.011, 32.63, -19.23, 0.303, 221.61, 35.23);
insert into SHOT values (211, 221, 222, 1353, 6.000, 0.00, -15.00, 5.792, 358.37, -13.89, 0.288, 222.35, 34.45);
insert into SHOT values (212, 222, 223, 1353, 2.400, 192.00, -40.00, 2.476, 193.26, -37.58, 0.135, 211.25, 14.05);
insert into SHOT values (213, 223, 224, 1353, 3.800, 110.00, -20.00, 3.671, 111.99, -18.92, 0.191, 239.85, 34.99);
insert into SHOT values (214, 224, 225, 1353, 4.000, 63.00, -25.00, 3.727, 63.74, -24.57, 0.278, 232.51, 30.38);
insert into SHOT values (215, 225, 201, 1353, 4.900, 15.00, -10.00, 4.651, 13.98, -8.78, 0.282, 214.64, 29.95);
insert into SHOT values (216, 201, 188, 1353, 5.400, 290.00, 10.00, 5.688, 288.43, 10.23, 0.325, 261.12, 12.87);
insert into SURVEY values (1355, 18, 'PiratesJonction', 'PiratesJonction.CuevaPirates', 'Pirates-1');
 insert into CENTRELINE values (1356, 1355, NULL, NULL, NULL, 0.00, 0.00, 0.00);
 insert into SCRAPS values (1357, 1355, 'PiratesJonction-1p', 1, 31.96612, 2.22950);
 insert into SCRAPS values (1538, 1355, 'PiratesJonction-2p', 1, 87.68211, 3.44635);
 insert into CENTRELINE values (2019, 1355, NULL, '2023-02-07', '2023-02-07', 139.89, 0.00, 26.82);
 insert into PERSON values (11, 'Franck', 'Brehier');
insert into TOPO values (11, 2019);
 insert into PERSON values (12, 'Katia', 'Medvedieva');
insert into TOPO values (12, 2019);
 insert into PERSON values (13, 'Tanguy', 'Racine');
insert into TOPO values (13, 2019);
 insert into PERSON values (14, 'Joel', 'Tremoulet');
insert into TOPO values (14, 2019);
 insert into EXPLO values (10, 2019);
 insert into SHOT values (217, 226, 227, 2019, 9.020, 257.40, -18.30, 8.948, 255.85, -17.16, 0.301, 163.06, 39.65);
insert into SHOT_FLAG values(217, 'dpl');
insert into SHOT values (218, 226, 228, 2019, 1.320, 15.40, 31.20, 1.319, 15.39, 31.03, 0.004, 6.48, -68.86);
insert into SHOT_FLAG values(218, 'dpl');
insert into SHOT values (219, 226, 229, 2019, 1.970, 212.30, 83.80, 1.972, 213.69, 83.70, 0.006, 268.52, 13.56);
insert into SHOT_FLAG values(219, 'dpl');
insert into SHOT values (220, 226, 230, 2019, 2.060, 195.20, 59.40, 2.057, 195.49, 59.37, 0.006, 290.98, -29.99);
insert into SHOT_FLAG values(220, 'dpl');
insert into SHOT values (221, 226, 231, 2019, 3.300, 199.90, 38.50, 3.299, 199.91, 38.42, 0.005, 210.18, -66.63);
insert into SHOT_FLAG values(221, 'dpl');
insert into SHOT values (222, 226, 232, 2019, 3.740, 202.40, 17.60, 3.744, 202.40, 17.57, 0.004, 200.42, -11.28);
insert into SHOT_FLAG values(222, 'dpl');
insert into SHOT values (223, 226, 233, 2019, 4.370, 213.10, -2.30, 4.375, 213.14, -2.36, 0.007, 248.78, -38.31);
insert into SHOT_FLAG values(223, 'dpl');
insert into SHOT values (224, 226, 234, 2019, 3.130, 240.60, 16.80, 3.128, 240.61, 16.72, 0.005, 28.43, -76.99);
insert into SHOT_FLAG values(224, 'dpl');
insert into SHOT values (225, 226, 235, 2019, 2.650, 260.00, 16.90, 2.653, 260.02, 16.87, 0.003, 275.68, -6.91);
insert into SHOT_FLAG values(225, 'dpl');
insert into SHOT values (226, 226, 236, 2019, 1.960, 291.50, 28.40, 1.963, 291.37, 28.28, 0.007, 252.12, -19.87);
insert into SHOT_FLAG values(226, 'dpl');
insert into SHOT values (227, 226, 237, 2019, 5.540, 129.90, 40.90, 5.375, 129.61, 40.91, 0.166, 319.35, -40.28);
insert into SHOT_FLAG values(227, 'dpl');
insert into SHOT values (228, 237, 238, 2019, 1.190, 14.50, -23.00, 1.187, 14.29, -22.81, 0.007, 263.19, 49.16);
insert into SHOT_FLAG values(228, 'dpl');
insert into SHOT values (229, 237, 239, 2019, 0.390, 352.60, -6.80, 0.385, 352.50, -5.96, 0.007, 181.75, 56.86);
insert into SHOT_FLAG values(229, 'dpl');
insert into SHOT values (230, 237, 240, 2019, 0.400, 225.90, 81.00, 0.404, 225.00, 81.95, 0.008, 54.31, 39.02);
insert into SHOT_FLAG values(230, 'dpl');
insert into SHOT values (231, 237, 241, 2019, 1.180, 240.90, 21.10, 1.182, 240.64, 21.33, 0.007, 157.32, 46.22);
insert into SHOT_FLAG values(231, 'dpl');
insert into SHOT values (232, 237, 242, 2019, 2.030, 235.60, -3.30, 2.031, 235.45, -3.11, 0.009, 156.30, 51.36);
insert into SHOT_FLAG values(232, 'dpl');
insert into SHOT values (233, 237, 243, 2019, 3.230, 221.40, -9.50, 3.232, 221.44, -9.44, 0.005, 263.53, 43.44);
insert into SHOT_FLAG values(233, 'dpl');
insert into SHOT values (234, 237, 244, 2019, 3.900, 213.80, -18.00, 3.895, 213.78, -17.94, 0.007, 56.59, 52.02);
insert into SHOT_FLAG values(234, 'dpl');
insert into SHOT values (235, 237, 245, 2019, 2.830, 209.00, -26.80, 2.826, 208.90, -26.71, 0.008, 98.52, 51.91);
insert into SHOT_FLAG values(235, 'dpl');
insert into SHOT values (236, 237, 246, 2019, 2.760, 197.90, -18.70, 2.759, 197.81, -18.60, 0.006, 122.53, 49.50);
insert into SHOT_FLAG values(236, 'dpl');
insert into SHOT values (237, 237, 247, 2019, 1.960, 187.80, -34.90, 1.957, 187.88, -34.91, 0.003, 325.01, 23.69);
insert into SHOT_FLAG values(237, 'dpl');
insert into SHOT values (238, 237, 248, 2019, 1.980, 194.20, -38.30, 1.978, 194.13, -38.08, 0.008, 162.05, 62.02);
insert into SHOT_FLAG values(238, 'dpl');
insert into SHOT values (239, 237, 249, 2019, 0.830, 190.40, -54.10, 0.829, 190.62, -53.91, 0.003, 238.63, 42.92);
insert into SHOT_FLAG values(239, 'dpl');
insert into SHOT values (240, 237, 250, 2019, 2.160, 37.50, -26.80, 2.157, 37.41, -26.73, 0.005, 276.60, 46.41);
insert into SHOT_FLAG values(240, 'dpl');
insert into SHOT values (241, 237, 251, 2019, 2.420, 37.20, -13.40, 2.414, 37.21, -13.41, 0.006, 212.76, 7.75);
insert into SHOT_FLAG values(241, 'dpl');
insert into SHOT values (242, 237, 252, 2019, 4.640, 29.00, -11.40, 4.642, 29.04, -11.30, 0.009, 69.39, 53.92);
insert into SHOT_FLAG values(242, 'dpl');
insert into SHOT values (243, 237, 253, 2019, 6.780, 28.40, -12.80, 6.786, 28.42, -12.77, 0.007, 52.20, 17.06);
insert into SHOT_FLAG values(243, 'dpl');
insert into SHOT values (244, 237, 254, 2019, 4.610, 20.70, -17.30, 4.614, 20.74, -17.27, 0.005, 57.33, 10.21);
insert into SHOT_FLAG values(244, 'dpl');
insert into SHOT values (245, 237, 255, 2019, 4.100, 42.20, -10.00, 4.097, 42.19, -9.98, 0.003, 242.44, 38.09);
insert into SHOT_FLAG values(245, 'dpl');
insert into SHOT values (246, 237, 256, 2019, 12.280, 140.50, 31.60, 12.281, 140.51, 31.63, 0.006, 281.43, 61.74);
insert into SHOT_FLAG values(246, 'dpl');
insert into SHOT values (247, 237, 257, 2019, 12.870, 140.90, 31.60, 12.874, 140.92, 31.62, 0.008, 225.91, 53.94);
insert into SHOT_FLAG values(247, 'dpl');
insert into SHOT values (248, 237, 258, 2019, 12.300, 140.90, 31.60, 12.304, 140.89, 31.62, 0.006, 89.02, 59.85);
insert into SHOT_FLAG values(248, 'dpl');
insert into SHOT values (249, 237, 259, 2019, 12.260, 140.80, 31.50, 12.104, 140.64, 31.14, 0.176, 337.91, -56.11);
insert into SHOT_FLAG values(249, 'dpl');
insert into SHOT values (250, 259, 260, 2019, 0.670, 79.50, -86.30, 0.671, 75.96, -86.48, 0.004, 310.17, -23.01);
insert into SHOT values (251, 259, 261, 2019, 3.380, 232.50, -16.70, 3.380, 232.53, -16.68, 0.002, 297.88, 35.81);
insert into SHOT values (252, 259, 262, 2019, 2.460, 227.60, 3.10, 2.453, 227.65, 3.04, 0.008, 31.80, -22.08);
insert into SHOT values (253, 259, 263, 2019, 1.620, 36.30, -51.30, 1.626, 36.19, -51.34, 0.007, 5.49, -57.04);
insert into SHOT values (254, 259, 264, 2019, 2.870, 37.40, -29.00, 2.871, 37.23, -28.96, 0.008, 321.97, 10.63);
insert into SHOT values (255, 259, 265, 2019, 1.020, 48.10, -15.60, 1.023, 47.88, -15.88, 0.007, 342.50, -54.32);
insert into SHOT values (256, 259, 266, 2019, 6.830, 352.50, -25.20, 6.834, 352.47, -25.20, 0.005, 310.88, -23.50);
insert into SHOT values (257, 259, 267, 2019, 5.740, 281.50, -28.10, 5.742, 281.51, -28.16, 0.007, 73.57, -73.99);
insert into SHOT values (258, 259, 268, 2019, 0.990, 214.70, -19.90, 0.987, 214.89, -20.15, 0.006, 359.29, -29.61);
insert into SHOT values (259, 259, 269, 2019, 5.110, 196.10, -10.50, 5.207, 194.57, -7.17, 0.343, 151.60, 55.09);
insert into SHOT values (260, 269, 270, 2019, 0.540, 83.20, 27.80, 0.535, 83.93, 27.88, 0.008, 213.33, -13.25);
insert into SHOT values (261, 269, 271, 2019, 0.780, 104.60, -11.40, 0.783, 105.12, -11.79, 0.009, 179.38, -38.73);
insert into SHOT values (262, 269, 272, 2019, 1.310, 106.60, -18.30, 1.309, 106.83, -18.25, 0.005, 202.23, 14.75);
insert into SHOT values (263, 269, 273, 2019, 1.390, 114.00, -30.50, 1.390, 114.21, -30.71, 0.007, 235.18, -42.01);
insert into SHOT values (264, 269, 274, 2019, 1.870, 118.60, -51.50, 1.875, 118.77, -51.64, 0.007, 216.83, -62.19);
insert into SHOT values (265, 269, 275, 2019, 1.560, 125.60, -66.70, 1.557, 125.75, -66.69, 0.003, 245.10, 55.60);
insert into SHOT values (266, 269, 276, 2019, 1.310, 122.50, -79.60, 1.312, 123.02, -79.52, 0.003, 169.31, -26.96);
insert into SHOT values (267, 269, 277, 2019, 0.770, 132.30, -82.60, 0.776, 135.00, -82.67, 0.008, 225.83, -53.93);
insert into SHOT values (268, 269, 278, 2019, 0.540, 257.40, -62.40, 0.540, 255.96, -62.73, 0.007, 142.55, -11.98);
insert into SHOT values (269, 269, 279, 2019, 0.950, 255.90, -22.10, 0.949, 255.49, -22.29, 0.007, 146.52, -21.18);
insert into SHOT values (270, 269, 280, 2019, 0.610, 257.30, -6.50, 0.610, 256.65, -6.58, 0.007, 169.51, -7.84);
insert into SHOT values (271, 269, 281, 2019, 2.450, 153.10, -27.60, 2.454, 153.20, -27.68, 0.007, 211.94, -48.25);
insert into SHOT values (272, 269, 282, 2019, 1.990, 162.20, -17.40, 1.993, 162.23, -17.52, 0.005, 194.18, -67.56);
insert into SHOT values (273, 269, 283, 2019, 2.080, 198.70, -34.60, 2.086, 198.65, -34.45, 0.008, 187.39, 7.63);
insert into SHOT values (274, 269, 284, 2019, 3.450, 175.20, -18.50, 3.451, 175.27, -18.59, 0.007, 273.68, -54.51);
insert into SHOT values (275, 269, 285, 2019, 2.920, 158.30, -25.40, 2.920, 158.20, -25.35, 0.005, 80.24, 27.55);
insert into SHOT values (276, 269, 286, 2019, 3.920, 171.60, -20.00, 3.926, 171.58, -19.96, 0.006, 162.30, 6.60);
insert into SHOT values (277, 269, 287, 2019, 3.570, 178.00, -18.10, 3.667, 177.09, -14.85, 0.233, 157.51, 46.41);
insert into SHOT values (278, 287, 288, 2019, 0.280, 214.50, 71.20, 0.277, 212.01, 70.06, 0.008, 168.86, -41.39);
insert into SHOT values (279, 287, 289, 2019, 0.330, 274.60, 24.90, 0.332, 273.81, 24.97, 0.004, 202.26, 13.74);
insert into SHOT values (280, 287, 290, 2019, 0.760, 261.70, 13.50, 0.760, 261.43, 13.70, 0.004, 159.21, 36.01);
insert into SHOT values (281, 287, 291, 2019, 1.510, 264.30, -6.90, 1.508, 264.25, -6.85, 0.002, 123.99, 35.23);
insert into SHOT values (282, 287, 292, 2019, 2.010, 258.50, -16.40, 2.012, 258.34, -16.46, 0.006, 185.01, -24.02);
insert into SHOT values (283, 287, 293, 2019, 2.890, 283.90, -22.10, 2.891, 283.83, -22.15, 0.004, 192.89, -39.12);
insert into SHOT values (284, 287, 294, 2019, 1.710, 254.80, -21.90, 1.711, 254.65, -21.97, 0.005, 164.73, -27.79);
insert into SHOT values (285, 287, 295, 2019, 2.490, 237.10, -21.70, 2.489, 237.00, -21.69, 0.004, 143.28, 9.12);
insert into SHOT values (286, 287, 296, 2019, 2.410, 240.90, -27.50, 2.411, 240.92, -27.42, 0.004, 260.38, 52.35);
insert into SHOT values (287, 287, 297, 2019, 0.780, 239.00, -28.60, 0.772, 238.89, -28.64, 0.008, 68.85, 24.21);
insert into SHOT values (288, 287, 298, 2019, 1.130, 236.90, -3.70, 1.128, 236.59, -3.56, 0.007, 132.03, 25.02);
insert into SHOT values (289, 287, 299, 2019, 0.750, 214.80, 12.10, 0.750, 214.99, 12.32, 0.004, 325.92, 46.64);
insert into SHOT values (290, 287, 300, 2019, 0.700, 208.60, -15.60, 0.698, 208.47, -15.81, 0.004, 54.59, -27.58);
insert into SHOT values (291, 287, 301, 2019, 0.510, 195.40, 21.00, 0.508, 194.62, 20.74, 0.007, 98.56, -23.03);
insert into SHOT values (292, 287, 302, 2019, 0.600, 200.20, -18.60, 0.594, 199.72, -18.65, 0.007, 59.91, 10.60);
insert into SHOT values (293, 287, 303, 2019, 1.060, 175.30, 1.70, 1.064, 175.15, 1.62, 0.005, 141.69, -15.73);
insert into SHOT values (294, 287, 304, 2019, 1.360, 96.30, 2.60, 1.360, 96.34, 2.53, 0.002, 203.37, -59.52);
insert into SHOT values (295, 287, 305, 2019, 0.900, 97.00, -11.00, 0.903, 97.13, -10.85, 0.004, 126.78, 23.92);
insert into SHOT values (296, 287, 306, 2019, 0.490, 97.80, -23.10, 0.492, 97.59, -22.71, 0.004, 71.32, 31.60);
insert into SHOT values (297, 287, 307, 2019, 0.380, 131.20, -77.40, 0.380, 135.00, -77.08, 0.006, 203.71, 8.19);
insert into SHOT values (298, 287, 308, 2019, 0.460, 239.20, -57.60, 0.462, 238.24, -57.65, 0.004, 155.64, -21.14);
insert into SHOT values (299, 287, 309, 2019, 5.470, 214.20, -2.40, 5.192, 217.09, -1.55, 0.395, 351.31, 13.04);
insert into SHOT values (300, 309, 310, 2019, 1.440, 145.90, -87.20, 1.442, 146.31, -87.13, 0.003, 162.19, -43.07);
insert into SHOT values (301, 309, 311, 2019, 0.320, 159.90, -49.20, 0.320, 160.71, -48.56, 0.005, 207.03, 28.71);
insert into SHOT values (302, 309, 312, 2019, 1.650, 157.90, -8.90, 1.649, 158.00, -9.07, 0.006, 276.33, -54.95);
insert into SHOT values (303, 309, 313, 2019, 2.790, 144.80, 9.20, 2.790, 144.75, 9.07, 0.007, 78.27, -67.66);
insert into SHOT values (304, 309, 314, 2019, 2.050, 144.20, 8.30, 2.055, 144.20, 8.11, 0.008, 144.34, -45.50);
insert into SHOT values (305, 309, 315, 2019, 1.670, 143.40, 3.30, 1.675, 143.27, 3.42, 0.007, 104.30, 32.19);
insert into SHOT values (306, 309, 316, 2019, 0.520, 139.60, 13.80, 0.525, 139.76, 13.22, 0.007, 153.51, -33.64);
insert into SHOT values (307, 309, 317, 2019, 0.360, 262.00, 81.10, 0.354, 258.69, 81.71, 0.008, 113.57, -45.22);
insert into SHOT values (308, 309, 318, 2019, 0.500, 301.40, 45.80, 0.502, 300.96, 45.82, 0.003, 236.79, 27.65);
insert into SHOT values (309, 309, 319, 2019, 0.410, 297.50, -8.70, 0.407, 296.57, -8.48, 0.007, 184.09, 15.74);
insert into SHOT values (310, 309, 320, 2019, 0.470, 308.90, -32.50, 0.470, 308.88, -32.12, 0.003, 305.57, 53.76);
insert into SHOT values (311, 309, 321, 2019, 1.670, 320.40, -35.20, 1.668, 320.36, -35.15, 0.003, 185.87, 60.83);
insert into SHOT values (312, 309, 322, 2019, 2.160, 318.40, -54.50, 2.157, 318.25, -54.69, 0.009, 160.82, -10.14);
insert into SHOT values (313, 309, 323, 2019, 1.820, 25.90, -11.30, 1.816, 25.99, -11.43, 0.006, 175.48, -31.68);
insert into SHOT values (314, 309, 324, 2019, 2.380, 33.80, -33.40, 2.381, 33.93, -33.37, 0.005, 103.41, 1.72);
insert into SHOT values (315, 309, 325, 2019, 2.040, 95.70, -18.90, 2.039, 95.65, -18.88, 0.002, 344.40, 24.30);
insert into SHOT values (316, 309, 326, 2019, 0.510, 92.40, 26.90, 0.515, 92.49, 26.54, 0.006, 99.70, -7.46);
insert into SHOT values (317, 309, 327, 2019, 3.190, 88.20, 19.20, 3.189, 88.29, 19.22, 0.005, 193.07, 10.91);
insert into SHOT values (318, 309, 328, 2019, 2.970, 80.40, 3.20, 2.975, 80.51, 3.08, 0.010, 126.35, -37.14);
insert into SHOT values (319, 309, 329, 2019, 2.990, 69.70, -8.20, 2.992, 69.85, -8.26, 0.009, 146.94, -23.78);
insert into SHOT values (320, 309, 330, 2019, 3.170, 62.60, -11.30, 3.170, 62.61, -11.28, 0.001, 161.71, 63.11);
insert into SHOT values (321, 309, 331, 2019, 3.400, 45.80, -19.60, 3.400, 45.89, -19.59, 0.005, 128.90, 6.36);
insert into SHOT values (322, 309, 332, 2019, 2.880, 33.20, -17.60, 2.872, 33.23, -17.63, 0.008, 204.09, 6.08);
insert into SHOT values (323, 309, 333, 2019, 2.670, 34.60, -9.90, 2.670, 34.78, -9.92, 0.008, 128.12, -6.62);
insert into SHOT values (324, 309, 334, 2019, 2.320, 45.90, -1.70, 2.321, 46.05, -1.73, 0.006, 129.13, -11.01);
insert into SHOT values (325, 309, 335, 2019, 0.920, 211.50, -7.90, 0.920, 211.07, -8.12, 0.008, 116.17, -27.44);
insert into SHOT values (326, 309, 336, 2019, 1.100, 221.20, -17.10, 1.097, 221.13, -16.97, 0.004, 67.09, 51.45);
insert into SHOT values (327, 309, 337, 2019, 1.350, 221.80, -27.60, 1.359, 221.63, -27.62, 0.010, 197.59, -28.08);
insert into SHOT values (328, 309, 338, 2019, 2.130, 206.60, -18.50, 2.133, 206.44, -18.59, 0.007, 131.08, -35.10);
insert into SHOT values (329, 309, 339, 2019, 2.530, 205.10, -21.20, 2.207, 207.56, -21.53, 0.337, 9.10, 18.15);
insert into SHOT values (330, 339, 340, 2019, 0.790, 124.10, -0.30, 0.793, 123.69, 0.00, 0.008, 63.61, 32.39);
insert into SHOT values (331, 339, 341, 2019, 0.490, 134.40, 25.70, 0.497, 134.09, 26.28, 0.009, 103.37, 58.13);
insert into SHOT values (332, 339, 342, 2019, 0.530, 148.10, 45.60, 0.530, 147.17, 45.85, 0.006, 40.01, 11.94);
insert into SHOT values (333, 339, 343, 2019, 0.800, 313.60, -30.40, 0.794, 314.41, -30.25, 0.012, 66.78, 24.61);
insert into SHOT values (334, 339, 344, 2019, 1.290, 305.30, -36.20, 1.282, 305.54, -36.36, 0.010, 99.12, 10.97);
insert into SHOT values (335, 339, 345, 2019, 0.870, 279.40, -50.50, 0.865, 279.46, -50.75, 0.006, 93.68, 12.41);
insert into SHOT values (336, 339, 346, 2019, 1.330, 276.20, -11.80, 1.325, 276.19, -11.75, 0.005, 98.03, 24.61);
insert into SHOT values (337, 339, 347, 2019, 1.260, 274.70, -64.10, 1.253, 275.29, -64.36, 0.010, 60.08, 19.30);
insert into SHOT values (338, 339, 348, 2019, 0.430, 236.10, -71.00, 0.422, 233.97, -71.22, 0.009, 107.20, 45.38);
insert into SHOT values (339, 339, 349, 2019, 7.800, 175.10, 10.00, 7.798, 175.07, 10.04, 0.008, 48.47, 47.01);
insert into SHOT values (340, 339, 350, 2019, 1.310, 179.90, 18.10, 1.306, 179.54, 18.30, 0.010, 56.53, 17.81);
insert into SHOT values (341, 339, 351, 2019, 6.050, 174.30, 12.20, 6.047, 174.27, 12.22, 0.005, 33.05, 16.78);
insert into SHOT values (342, 339, 352, 2019, 4.710, 175.30, -0.00, 4.706, 175.25, 0.00, 0.006, 44.36, 0.00);
insert into SHOT values (343, 339, 353, 2019, 1.710, 160.00, -8.90, 1.712, 159.96, -8.73, 0.006, 138.50, 54.07);
insert into SHOT values (344, 339, 354, 2019, 6.560, 185.60, -2.00, 6.554, 185.52, -1.92, 0.014, 64.20, 39.53);
insert into SHOT values (345, 339, 355, 2019, 3.970, 211.50, -7.80, 3.963, 211.46, -7.69, 0.011, 54.46, 54.37);
insert into SHOT values (346, 339, 356, 2019, 4.050, 232.70, -19.70, 4.046, 232.68, -19.64, 0.006, 78.94, 58.86);
insert into SHOT values (347, 339, 357, 2019, 4.740, 224.70, -21.40, 4.733, 224.72, -21.44, 0.008, 31.47, -3.42);
insert into SHOT values (348, 339, 358, 2019, 2.930, 219.90, -29.50, 2.921, 219.89, -29.54, 0.009, 42.21, 18.01);
insert into SHOT values (349, 339, 359, 2019, 3.940, 213.90, -31.60, 3.933, 213.93, -31.59, 0.007, 17.44, 38.73);
insert into SHOT values (350, 339, 360, 2019, 3.880, 201.50, -24.00, 3.875, 201.35, -23.90, 0.012, 102.91, 41.13);
insert into SHOT values (351, 339, 361, 2019, 2.530, 194.90, -2.40, 2.527, 194.92, -2.27, 0.007, 359.49, 64.88);
insert into SHOT values (352, 339, 362, 2019, 1.560, 201.50, 5.20, 1.552, 201.25, 5.55, 0.014, 59.74, 38.39);
insert into SHOT values (353, 339, 363, 2019, 2.190, 218.40, -5.40, 2.188, 218.29, -5.25, 0.008, 107.25, 53.70);
insert into SHOT values (354, 339, 364, 2019, 3.710, 168.60, 10.60, 3.709, 168.44, 10.72, 0.013, 62.73, 36.06);
insert into SHOT values (355, 339, 365, 2019, 1.050, 170.10, 14.30, 1.049, 169.80, 14.35, 0.006, 65.44, 6.66);
insert into SHOT values (356, 339, 366, 2019, 0.750, 155.80, 1.90, 0.748, 155.49, 2.30, 0.007, 36.29, 48.09);
insert into SHOT values (357, 339, 367, 2019, 2.720, 160.30, 6.40, 2.719, 160.09, 6.55, 0.012, 61.23, 34.08);
insert into SHOT values (358, 339, 368, 2019, 5.710, 207.70, -10.40, 5.391, 210.19, -9.93, 0.400, 351.18, 14.59);
insert into SHOT values (359, 368, 369, 2019, 1.070, 172.70, -11.10, 1.069, 172.87, -11.33, 0.005, 293.32, -47.09);
insert into SHOT values (360, 368, 370, 2019, 2.810, 182.30, 16.30, 2.806, 182.34, 16.35, 0.005, 340.14, 14.34);
insert into SHOT values (361, 368, 371, 2019, 0.950, 243.50, 85.50, 0.953, 246.80, 85.42, 0.005, 314.67, 32.29);
insert into SHOT values (362, 368, 372, 2019, 2.990, 191.40, 8.40, 2.982, 191.54, 8.48, 0.011, 330.81, 16.33);
insert into SHOT values (363, 368, 373, 2019, 1.100, 170.60, -14.70, 1.090, 170.72, -14.88, 0.010, 338.73, -4.75);
insert into SHOT values (364, 368, 374, 2019, 1.900, 181.00, 29.80, 1.891, 181.05, 29.82, 0.010, 351.80, -26.32);
insert into SHOT values (365, 368, 375, 2019, 0.970, 144.60, 80.60, 0.972, 143.13, 81.12, 0.010, 349.02, 18.00);
insert into SHOT values (366, 368, 376, 2019, 0.940, 9.20, 8.30, 0.940, 8.65, 7.95, 0.011, 281.74, -32.61);
insert into SHOT values (367, 368, 377, 2019, 2.600, 345.90, -26.30, 2.608, 345.90, -26.17, 0.010, 346.97, 11.67);
insert into SHOT values (368, 368, 378, 2019, 2.770, 347.40, -37.30, 2.778, 347.47, -37.21, 0.010, 3.99, -8.34);
insert into SHOT values (369, 368, 379, 2019, 1.890, 351.60, -57.50, 1.898, 351.55, -57.46, 0.008, 342.97, -46.70);
insert into SHOT values (370, 368, 380, 2019, 1.280, 2.40, -73.00, 1.287, 1.51, -72.83, 0.010, 317.05, -35.47);
insert into SHOT values (371, 368, 381, 2019, 1.370, 175.70, -74.50, 1.368, 176.82, -74.72, 0.009, 304.32, 1.10);
insert into SHOT values (372, 368, 382, 2019, 1.450, 166.80, -27.60, 1.448, 166.94, -27.57, 0.004, 286.93, 26.39);
insert into SHOT values (373, 368, 383, 2019, 3.300, 239.80, -22.70, 3.301, 239.81, -22.82, 0.007, 40.43, -74.42);
insert into SHOT values (374, 368, 384, 2019, 5.080, 232.70, -21.10, 5.079, 232.72, -21.12, 0.002, 1.99, -30.99);
insert into SHOT values (375, 368, 385, 2019, 4.080, 232.50, -29.90, 4.084, 232.58, -29.97, 0.008, 308.53, -50.65);
insert into SHOT values (376, 368, 386, 2019, 8.190, 264.30, -29.80, 8.196, 264.35, -29.77, 0.010, 305.77, 1.24);
insert into SHOT values (377, 368, 387, 2019, 5.050, 256.10, -23.40, 5.052, 256.14, -23.44, 0.006, 342.59, -51.22);
insert into SHOT values (378, 368, 388, 2019, 8.000, 252.00, -21.70, 7.999, 252.05, -21.72, 0.007, 353.92, -16.18);
insert into SHOT values (379, 368, 389, 2019, 6.040, 255.30, -29.70, 6.043, 255.33, -29.66, 0.006, 284.56, 25.58);
insert into SHOT values (380, 368, 390, 2019, 6.620, 257.00, -34.60, 6.620, 257.06, -34.61, 0.006, 355.08, -8.55);
insert into SHOT values (381, 368, 391, 2019, 7.590, 269.80, -35.00, 7.596, 269.82, -35.03, 0.007, 302.49, -64.19);
insert into SHOT values (382, 368, 392, 2019, 4.510, 266.30, -37.50, 4.512, 266.31, -37.55, 0.005, 32.20, -76.69);
insert into SHOT values (383, 368, 393, 2019, 3.680, 277.30, -29.80, 3.683, 277.37, -29.79, 0.005, 329.37, -13.00);
insert into SHOT values (384, 368, 394, 2019, 5.180, 60.30, 13.30, 5.182, 60.28, 13.28, 0.003, 26.39, -32.18);
insert into SHOT values (385, 368, 395, 2019, 4.110, 63.10, -0.60, 4.106, 63.06, -0.56, 0.006, 276.67, 30.68);
insert into SHOT values (386, 368, 396, 2019, 2.030, 62.30, -14.20, 2.031, 62.13, -14.25, 0.006, 334.95, -19.43);
insert into SHOT values (387, 368, 397, 2019, 5.120, 81.80, 19.10, 5.110, 81.79, 19.07, 0.010, 269.61, -31.69);
insert into SHOT values (388, 368, 398, 2019, 4.540, 77.30, 27.10, 4.539, 77.27, 27.13, 0.004, 298.79, 30.77);
insert into SHOT values (389, 368, 399, 2019, 5.880, 91.70, 31.40, 5.872, 91.60, 31.41, 0.012, 323.13, -17.65);
insert into SHOT values (390, 368, 400, 2019, 11.050, 93.50, 21.60, 11.046, 93.46, 21.62, 0.009, 326.00, 14.33);
insert into SHOT values (391, 368, 401, 2019, 7.200, 99.60, 23.60, 7.194, 99.61, 23.60, 0.006, 273.26, -24.86);
insert into SHOT values (392, 368, 402, 2019, 5.270, 105.00, 29.50, 5.265, 104.92, 29.46, 0.009, 356.12, -35.31);
insert into SHOT values (393, 368, 403, 2019, 5.310, 125.10, 29.00, 5.308, 125.09, 28.96, 0.004, 35.34, -82.64);
insert into SHOT values (394, 368, 404, 2019, 10.310, 141.80, 29.20, 10.305, 141.82, 29.22, 0.006, 294.82, 1.56);
insert into SHOT values (395, 368, 405, 2019, 4.830, 152.90, 27.10, 4.820, 152.96, 27.16, 0.012, 311.35, -1.39);
insert into SHOT values (396, 368, 406, 2019, 3.540, 138.20, 27.80, 3.532, 138.24, 27.85, 0.008, 301.44, -6.82);
insert into SHOT values (397, 368, 407, 2019, 3.690, 164.30, 26.10, 3.687, 164.41, 26.07, 0.007, 270.79, -26.76);
insert into SHOT values (398, 368, 408, 2019, 4.850, 212.80, -9.10, 4.883, 214.35, -9.19, 0.134, 289.86, -5.52);
insert into SHOT values (399, 408, 409, 2019, 1.070, 324.30, 87.00, 1.072, 329.04, 86.88, 0.005, 30.62, 15.59);
insert into SHOT values (400, 408, 410, 2019, 0.670, 325.90, 45.30, 0.671, 326.31, 45.68, 0.006, 93.31, 41.72);
insert into SHOT values (401, 408, 411, 2019, 1.150, 350.70, 16.80, 1.153, 350.62, 16.63, 0.005, 329.57, -30.08);
insert into SHOT values (402, 408, 412, 2019, 4.250, 331.80, -9.40, 4.254, 331.85, -9.47, 0.008, 16.11, -49.84);
insert into SHOT values (403, 408, 413, 2019, 4.290, 328.70, -15.70, 4.288, 328.77, -15.70, 0.006, 78.57, 8.74);
insert into SHOT values (404, 408, 414, 2019, 7.640, 343.90, -21.00, 7.639, 343.88, -21.02, 0.004, 215.96, -30.80);
insert into SHOT values (405, 408, 415, 2019, 1.500, 327.10, -22.00, 1.498, 327.34, -21.95, 0.006, 67.26, 17.96);
insert into SHOT values (406, 408, 416, 2019, 1.330, 292.10, -69.50, 1.334, 292.71, -69.55, 0.007, 18.07, -40.14);
insert into SHOT values (407, 408, 417, 2019, 3.800, 270.30, -1.00, 3.801, 270.30, -1.06, 0.004, 279.57, -80.14);
insert into SHOT values (408, 408, 418, 2019, 4.420, 266.10, -10.30, 4.421, 266.18, -10.29, 0.006, 347.34, 2.95);
insert into SHOT values (409, 408, 419, 2019, 5.910, 254.00, -15.30, 5.910, 254.01, -15.30, 0.001, 347.04, -21.23);
insert into SHOT values (410, 408, 420, 2019, 7.150, 248.60, -25.60, 7.146, 248.61, -25.62, 0.005, 52.06, -7.44);
insert into SHOT values (411, 408, 421, 2019, 0.420, 249.50, -33.50, 0.420, 250.02, -33.23, 0.004, 323.73, 28.85);
insert into SHOT values (412, 408, 422, 2019, 2.910, 249.70, -35.20, 2.910, 249.81, -35.26, 0.006, 2.28, -27.41);
insert into SHOT values (413, 408, 423, 2019, 5.790, 230.00, -22.30, 5.787, 230.00, -22.35, 0.006, 47.29, -30.54);
insert into SHOT values (414, 408, 424, 2019, 8.220, 231.00, -16.40, 8.220, 231.02, -16.39, 0.003, 325.20, 15.29);
insert into SHOT values (415, 408, 425, 2019, 6.360, 229.40, -31.60, 6.354, 229.42, -31.61, 0.007, 29.49, 22.99);
insert into SHOT values (416, 408, 426, 2019, 5.770, 227.80, -36.60, 5.768, 227.80, -36.61, 0.002, 45.27, 5.53);
insert into SHOT values (417, 408, 427, 2019, 5.700, 221.70, -44.90, 5.692, 221.68, -44.93, 0.008, 52.15, 24.93);
insert into SHOT values (418, 408, 428, 2019, 3.530, 223.30, -49.30, 3.531, 223.41, -49.38, 0.007, 346.03, -34.90);
insert into SHOT values (419, 408, 429, 2019, 2.170, 222.80, -58.60, 2.169, 222.85, -58.53, 0.003, 256.13, 49.48);
insert into SHOT values (420, 408, 430, 2019, 5.650, 205.40, -23.70, 5.647, 205.43, -23.70, 0.004, 345.06, 15.94);
insert into SHOT values (421, 408, 431, 2019, 3.830, 207.10, -7.70, 3.831, 207.10, -7.65, 0.004, 219.02, 63.48);
insert into SHOT values (422, 408, 432, 2019, 4.470, 216.80, 11.90, 4.468, 216.82, 11.88, 0.003, 2.21, -36.42);
insert into SHOT values (423, 408, 433, 2019, 2.770, 222.50, 30.50, 2.766, 222.45, 30.41, 0.006, 97.72, -67.28);
insert into SHOT values (424, 408, 434, 2019, 2.400, 226.60, 45.40, 2.400, 226.44, 45.45, 0.005, 115.96, 13.09);
insert into SHOT values (425, 408, 435, 2019, 1.970, 227.90, 57.70, 1.963, 228.09, 57.73, 0.008, 10.45, -41.51);
insert into SHOT values (426, 408, 436, 2019, 2.390, 269.70, -18.00, 2.540, 270.24, -17.65, 0.152, 278.47, -11.95);
insert into SHOT values (427, 368, 437, 2019, 6.440, 99.60, 20.30, 6.508, 96.15, 21.26, 0.386, 11.79, 19.01);
insert into SHOT values (428, 437, 438, 2019, 1.480, 151.00, 35.20, 1.477, 151.31, 35.13, 0.007, 250.33, -24.94);
insert into SHOT values (429, 437, 439, 2019, 0.970, 166.60, 39.80, 0.973, 166.89, 39.60, 0.006, 208.17, -8.98);
insert into SHOT values (430, 437, 440, 2019, 0.860, 234.10, 77.00, 0.862, 235.49, 76.98, 0.005, 316.25, 23.22);
insert into SHOT values (431, 437, 441, 2019, 0.510, 22.40, 77.80, 0.511, 21.80, 77.84, 0.002, 288.42, 53.38);
insert into SHOT values (432, 437, 442, 2019, 0.950, 349.80, 15.50, 0.949, 349.30, 15.27, 0.009, 262.91, -26.00);
insert into SHOT values (433, 437, 443, 2019, 1.650, 334.90, 3.40, 1.649, 334.84, 3.48, 0.003, 219.90, 46.55);
insert into SHOT values (434, 437, 444, 2019, 1.760, 333.90, -3.90, 1.766, 333.73, -3.90, 0.008, 292.66, -2.07);
insert into SHOT values (435, 437, 445, 2019, 0.890, 330.90, -13.10, 0.896, 330.50, -12.90, 0.009, 287.03, 11.04);
insert into SHOT values (436, 437, 446, 2019, 0.320, 337.30, -26.90, 0.320, 337.07, -27.98, 0.006, 177.76, -57.92);
insert into SHOT values (437, 437, 447, 2019, 1.940, 305.10, 2.70, 1.941, 304.92, 2.66, 0.006, 226.82, -12.52);
insert into SHOT values (438, 437, 448, 2019, 1.800, 33.40, 4.80, 1.798, 33.16, 4.79, 0.008, 289.00, -4.54);
insert into SHOT values (439, 437, 449, 2019, 3.340, 62.00, 20.50, 3.339, 61.96, 20.51, 0.003, 298.94, 6.70);
insert into SHOT values (440, 437, 450, 2019, 1.350, 51.50, 20.60, 1.344, 51.13, 20.47, 0.011, 290.43, -27.52);
insert into SHOT values (441, 437, 451, 2019, 1.160, 88.30, 42.90, 1.153, 88.64, 43.23, 0.011, 240.94, 1.94);
insert into SHOT values (442, 437, 452, 2019, 0.760, 89.10, 17.20, 0.753, 89.20, 16.99, 0.008, 256.67, -37.90);
insert into SHOT values (443, 437, 453, 2019, 0.960, 64.30, 7.50, 0.951, 64.25, 7.25, 0.010, 250.18, -33.18);
insert into SHOT values (444, 437, 454, 2019, 1.870, 23.90, 2.10, 1.869, 23.68, 2.15, 0.007, 281.87, 11.49);
insert into SHOT values (445, 437, 455, 2019, 3.700, 77.30, 18.30, 3.693, 77.31, 18.31, 0.008, 251.70, -13.65);
insert into SHOT values (446, 437, 456, 2019, 1.590, 90.10, 32.60, 1.584, 90.00, 32.89, 0.010, 283.83, 18.93);
insert into SHOT values (447, 437, 457, 2019, 5.060, 82.50, 28.30, 5.054, 82.51, 28.35, 0.007, 257.90, 8.72);
insert into SHOT values (448, 437, 458, 2019, 5.480, 85.70, 23.80, 5.471, 85.65, 23.83, 0.011, 292.36, -7.63);
insert into SHOT values (449, 437, 459, 2019, 1.910, 300.20, 8.70, 1.917, 300.08, 8.70, 0.008, 271.99, 7.55);
insert into SHOT values (450, 437, 460, 2019, 4.120, 297.80, -9.50, 4.122, 297.70, -9.49, 0.008, 226.87, -0.03);
insert into SHOT values (451, 437, 461, 2019, 3.140, 85.70, 18.10, 3.267, 82.94, 18.75, 0.197, 30.98, 22.23);
insert into SHOT values (452, 461, 462, 2019, 2.350, 190.10, 2.80, 2.359, 190.02, 2.67, 0.010, 169.99, -27.23);
insert into SHOT values (453, 461, 463, 2019, 1.900, 191.20, 10.60, 1.907, 191.07, 10.57, 0.008, 161.02, 3.34);
insert into SHOT values (454, 461, 464, 2019, 1.340, 195.20, 23.90, 1.345, 195.05, 23.66, 0.008, 171.15, -20.21);
insert into SHOT values (455, 461, 465, 2019, 1.140, 219.70, 68.30, 1.143, 219.29, 68.09, 0.006, 187.53, 7.83);
insert into SHOT values (456, 461, 466, 2019, 0.810, 182.20, 44.70, 0.813, 181.97, 44.48, 0.005, 155.80, 2.79);
insert into SHOT values (457, 461, 467, 2019, 1.500, 77.80, 77.00, 1.498, 78.02, 76.99, 0.002, 171.56, -49.66);
insert into SHOT values (458, 461, 468, 2019, 1.350, 27.40, 49.80, 1.347, 27.45, 49.89, 0.004, 195.52, -16.69);
insert into SHOT values (459, 461, 469, 2019, 1.200, 353.30, 24.30, 1.193, 353.14, 24.25, 0.008, 201.11, -29.81);
insert into SHOT values (460, 461, 470, 2019, 0.680, 336.80, 5.00, 0.679, 336.47, 5.07, 0.004, 230.00, 10.16);
insert into SHOT values (461, 461, 471, 2019, 0.870, 325.80, -7.70, 0.865, 325.94, -7.97, 0.007, 123.72, -31.81);
insert into SHOT values (462, 461, 472, 2019, 2.510, 49.70, 35.40, 2.506, 49.76, 35.36, 0.005, 186.84, -50.14);
insert into SHOT values (463, 461, 473, 2019, 5.080, 155.60, 26.10, 5.084, 155.57, 26.01, 0.009, 135.28, -32.39);
insert into SHOT values (464, 461, 474, 2019, 3.520, 148.00, 29.10, 3.520, 148.01, 29.06, 0.003, 175.27, -48.48);
insert into SHOT values (465, 461, 475, 2019, 4.940, 131.20, 33.80, 4.940, 131.25, 33.69, 0.010, 167.95, -52.68);
insert into SHOT values (466, 461, 476, 2019, 4.490, 74.30, 35.90, 4.486, 74.36, 35.89, 0.005, 198.37, -32.45);
insert into SHOT values (467, 461, 477, 2019, 3.080, 110.20, 41.50, 3.084, 110.24, 41.41, 0.006, 124.25, -8.02);
insert into SHOT values (468, 461, 478, 2019, 4.890, 127.60, 34.40, 4.895, 127.66, 34.32, 0.009, 158.24, -16.97);
insert into SHOT values (469, 461, 479, 2019, 2.270, 226.10, -7.20, 2.275, 225.90, -7.33, 0.010, 161.83, -31.89);
insert into SHOT values (470, 461, 480, 2019, 1.880, 219.60, 18.70, 1.882, 219.31, 18.59, 0.010, 147.19, -16.31);
insert into SHOT values (471, 461, 481, 2019, 6.690, 127.00, 35.20, 6.653, 123.96, 36.96, 0.353, 7.85, 23.98);
insert into SHOT values (472, 481, 482, 2019, 0.600, 151.10, -82.40, 0.605, 150.26, -82.35, 0.006, 107.76, -71.81);
insert into SHOT values (473, 481, 483, 2019, 1.410, 33.70, -23.70, 1.410, 33.94, -23.84, 0.006, 138.49, -30.58);
insert into SHOT values (474, 481, 484, 2019, 2.090, 17.20, -4.60, 2.091, 17.30, -4.66, 0.005, 91.46, -31.04);
insert into SHOT values (475, 481, 485, 2019, 2.940, 12.60, 24.70, 2.934, 12.58, 24.78, 0.007, 201.72, 11.55);
insert into SHOT values (476, 481, 486, 2019, 3.040, 18.90, 35.20, 3.037, 18.80, 35.18, 0.005, 267.66, -26.83);
insert into SHOT values (477, 481, 487, 2019, 2.150, 39.60, 13.40, 2.147, 39.56, 13.46, 0.004, 244.49, 26.51);
insert into SHOT values (478, 481, 488, 2019, 3.140, 31.90, 35.10, 3.137, 31.96, 35.01, 0.006, 112.22, -64.40);
insert into SHOT values (479, 481, 489, 2019, 1.550, 100.00, 21.70, 1.550, 99.98, 21.57, 0.004, 87.33, -60.96);
insert into SHOT values (480, 481, 490, 2019, 0.780, 122.10, -4.60, 0.779, 121.85, -4.42, 0.004, 23.52, 36.59);
insert into SHOT values (481, 481, 491, 2019, 3.870, 75.50, 36.90, 4.057, 73.18, 36.79, 0.227, 34.57, 27.94);
insert into SHOT values (482, 491, 492, 2019, 0.790, 196.50, 50.90, 0.791, 196.59, 51.66, 0.010, 11.04, 41.37);
insert into SHOT values (483, 491, 493, 2019, 1.160, 185.50, 2.00, 1.156, 185.46, 1.98, 0.004, 15.72, -6.71);
insert into SHOT values (484, 491, 494, 2019, 1.490, 185.70, -24.60, 1.483, 185.96, -24.71, 0.010, 325.97, 1.52);
insert into SHOT values (485, 491, 495, 2019, 1.900, 160.70, -33.30, 1.890, 160.76, -33.39, 0.011, 331.02, 17.37);
insert into SHOT values (486, 491, 496, 2019, 1.910, 177.40, -68.80, 1.906, 177.47, -69.07, 0.010, 352.40, 4.19);
insert into SHOT values (487, 491, 497, 2019, 0.600, 154.70, -77.60, 0.592, 155.56, -78.23, 0.010, 322.02, 36.13);
insert into SHOT values (488, 491, 498, 2019, 0.380, 12.10, -61.60, 0.378, 12.53, -60.81, 0.006, 32.82, 47.56);
insert into SHOT values (489, 491, 499, 2019, 2.480, 144.10, 11.90, 2.473, 144.08, 11.90, 0.007, 332.75, -12.14);
insert into SHOT values (490, 491, 500, 2019, 2.950, 127.50, 4.40, 2.947, 127.53, 4.48, 0.005, 279.00, 46.12);
insert into SHOT values (491, 491, 501, 2019, 2.460, 140.30, 24.10, 2.454, 140.26, 24.30, 0.010, 330.39, 31.73);
insert into SHOT values (492, 491, 502, 2019, 1.380, 146.60, 30.40, 1.376, 146.71, 30.59, 0.007, 305.28, 14.66);
insert into SHOT values (493, 491, 503, 2019, 4.780, 129.00, 19.70, 4.780, 128.96, 19.68, 0.004, 51.95, -21.24);
insert into SHOT values (494, 491, 504, 2019, 4.740, 118.40, 16.30, 4.737, 118.37, 16.31, 0.004, 333.19, -4.78);
insert into SHOT values (495, 491, 505, 2019, 2.720, 110.70, 17.50, 2.721, 110.53, 17.54, 0.008, 25.76, 15.08);
insert into SHOT values (496, 491, 506, 2019, 5.130, 136.20, 25.70, 5.129, 136.14, 25.77, 0.008, 4.95, 39.88);
insert into SHOT values (497, 491, 507, 2019, 1.320, 119.80, -5.50, 1.318, 119.69, -5.22, 0.007, 356.61, 65.35);
insert into SHOT values (498, 491, 508, 2019, 1.390, 104.00, 7.10, 1.390, 103.83, 7.02, 0.004, 23.83, -24.10);
insert into SHOT values (499, 491, 509, 2019, 2.170, 136.20, -15.90, 2.161, 136.17, -15.84, 0.009, 324.53, 30.15);
insert into SHOT values (500, 491, 510, 2019, 5.120, 133.40, 23.70, 5.016, 130.62, 25.38, 0.288, 7.08, 18.61);
insert into SHOT values (501, 510, 511, 2019, 0.580, 281.30, 81.20, 0.577, 282.53, 80.81, 0.005, 311.17, -38.63);
insert into SHOT values (502, 510, 512, 2019, 1.100, 48.00, -21.30, 1.095, 48.18, -21.42, 0.006, 195.69, -4.05);
insert into SHOT values (503, 510, 513, 2019, 1.900, 36.40, -9.10, 1.898, 36.32, -9.09, 0.003, 269.13, 8.61);
insert into SHOT values (504, 510, 514, 2019, 1.910, 29.30, 5.40, 1.911, 29.26, 5.40, 0.002, 341.80, 7.87);
insert into SHOT values (505, 510, 515, 2019, 1.760, 21.00, 19.20, 1.754, 20.84, 18.97, 0.011, 253.18, -56.19);
insert into SHOT values (506, 510, 516, 2019, 1.580, 19.10, 30.90, 1.577, 18.97, 30.90, 0.004, 253.00, -20.22);
insert into SHOT values (507, 510, 517, 2019, 1.810, 25.60, 53.80, 1.807, 25.60, 53.90, 0.005, 205.08, -7.61);
insert into SHOT values (508, 510, 518, 2019, 1.880, 28.40, 72.30, 1.878, 28.37, 72.39, 0.004, 213.65, -16.66);
insert into SHOT values (509, 510, 519, 2019, 0.550, 12.70, 77.70, 0.542, 10.30, 78.09, 0.010, 233.25, -45.74);
insert into SHOT values (510, 510, 520, 2019, 3.440, 59.20, 32.20, 3.438, 59.21, 32.16, 0.003, 214.59, -78.72);
insert into SHOT values (511, 510, 521, 2019, 4.970, 64.90, 36.20, 4.965, 64.91, 36.17, 0.006, 235.34, -66.85);
insert into SHOT values (512, 510, 522, 2019, 3.700, 81.20, 25.30, 3.694, 81.21, 25.32, 0.006, 252.98, -11.55);
insert into SHOT values (513, 510, 523, 2019, 5.430, 73.60, 38.00, 5.425, 73.56, 38.00, 0.006, 291.46, -30.49);
insert into SHOT values (514, 510, 524, 2019, 2.610, 96.60, 26.50, 2.608, 96.64, 26.41, 0.005, 191.04, -71.16);
insert into SHOT values (515, 510, 525, 2019, 1.960, 126.80, 37.40, 1.960, 126.65, 37.37, 0.004, 49.89, -6.19);
insert into SHOT values (516, 510, 526, 2019, 1.590, 163.50, 53.80, 1.588, 163.30, 53.72, 0.005, 83.21, -42.77);
insert into SHOT values (517, 510, 527, 2019, 2.140, 150.70, 69.10, 2.132, 151.09, 68.96, 0.011, 220.33, -58.81);
insert into SHOT values (518, 510, 528, 2019, 2.650, 141.20, 67.70, 2.647, 141.07, 67.74, 0.004, 358.64, -26.19);
insert into SHOT values (519, 510, 529, 2019, 3.360, 127.60, 60.60, 3.356, 127.63, 60.47, 0.009, 138.68, -56.60);
insert into SHOT values (520, 510, 530, 2019, 4.390, 131.00, 43.60, 4.387, 131.05, 43.50, 0.009, 170.89, -59.55);
insert into SHOT values (521, 510, 531, 2019, 2.030, 126.50, 47.20, 2.031, 126.45, 47.19, 0.001, 71.72, 21.59);
insert into SHOT values (522, 510, 532, 2019, 2.820, 113.10, 39.00, 2.848, 110.10, 39.97, 0.128, 17.28, 25.68);
insert into SHOT values (523, 532, 533, 2019, 2.120, 338.50, 7.30, 2.122, 338.55, 7.04, 0.010, 11.06, -69.16);
insert into SHOT values (524, 532, 534, 2019, 1.410, 336.70, 46.80, 1.406, 336.88, 46.51, 0.009, 26.99, -63.37);
insert into SHOT values (525, 532, 535, 2019, 1.660, 249.60, -1.50, 1.665, 249.61, -1.72, 0.008, 251.34, -53.17);
insert into SHOT values (526, 532, 536, 2019, 2.470, 287.90, -8.50, 2.476, 287.84, -8.60, 0.007, 261.21, -42.06);
insert into SHOT values (527, 532, 537, 2019, 2.440, 226.60, -2.40, 2.436, 226.67, -2.59, 0.009, 14.37, -56.46);
insert into SHOT values (528, 532, 538, 2019, 3.020, 224.40, -14.50, 3.025, 224.45, -14.55, 0.006, 256.71, -40.95);
insert into SHOT values (529, 532, 539, 2019, 2.690, 216.10, -18.20, 2.689, 216.24, -18.20, 0.006, 317.54, 1.61);
insert into SHOT values (530, 532, 540, 2019, 2.460, 200.50, -11.90, 2.459, 200.70, -11.97, 0.009, 303.83, -17.99);
insert into SHOT values (531, 532, 541, 2019, 2.560, 199.00, 1.00, 2.562, 199.14, 0.89, 0.008, 271.36, -35.03);
insert into SHOT values (532, 532, 542, 2019, 2.810, 202.20, 7.50, 2.812, 202.34, 7.35, 0.010, 265.63, -42.60);
insert into SHOT values (533, 532, 543, 2019, 3.040, 213.10, 3.90, 3.041, 213.17, 3.77, 0.008, 281.74, -60.85);
insert into SHOT values (534, 532, 544, 2019, 3.890, 215.60, -11.60, 3.894, 215.61, -11.71, 0.008, 227.53, -72.71);
insert into SHOT values (535, 532, 545, 2019, 5.880, 212.40, -16.90, 5.883, 212.45, -16.90, 0.005, 272.57, -7.07);
insert into SHOT values (536, 532, 546, 2019, 4.950, 204.90, -18.50, 4.948, 204.98, -18.62, 0.013, 335.52, -47.29);
insert into SHOT values (537, 532, 547, 2019, 4.430, 210.80, -13.40, 4.431, 210.85, -13.44, 0.005, 295.17, -41.75);
insert into SHOT values (538, 532, 548, 2019, 4.680, 209.00, -9.30, 4.682, 209.01, -9.34, 0.004, 237.51, -73.65);
insert into SHOT values (539, 532, 549, 2019, 4.320, 207.00, -5.30, 4.321, 207.10, -5.31, 0.008, 290.64, -7.16);
insert into SHOT values (540, 532, 550, 2019, 6.980, 207.30, -13.20, 6.984, 207.32, -13.24, 0.007, 247.50, -60.38);
insert into SHOT values (541, 532, 551, 2019, 2.360, 202.20, 14.80, 2.356, 202.17, 14.75, 0.004, 39.62, -40.62);
insert into SHOT values (542, 532, 552, 2019, 3.160, 31.20, 19.90, 3.157, 31.23, 19.81, 0.006, 153.30, -72.76);
insert into SHOT values (543, 532, 553, 2019, 3.190, 36.40, 34.20, 3.190, 36.22, 34.14, 0.009, 318.37, -19.64);
insert into SHOT values (544, 532, 554, 2019, 3.230, 46.10, 40.20, 3.228, 46.15, 40.12, 0.005, 105.75, -63.11);
insert into SHOT values (545, 532, 555, 2019, 3.350, 69.00, 57.50, 3.346, 68.85, 57.43, 0.007, 355.37, -47.17);
insert into SHOT values (546, 532, 556, 2019, 3.660, 91.40, 58.40, 3.650, 91.20, 58.44, 0.012, 313.53, -36.33);
insert into SHOT values (547, 532, 557, 2019, 3.490, 105.70, 46.10, 3.486, 105.59, 46.06, 0.007, 3.69, -44.21);
insert into SHOT values (548, 532, 558, 2019, 3.050, 85.30, 26.50, 3.050, 85.17, 26.48, 0.006, 356.65, -8.09);
insert into SHOT values (549, 532, 559, 2019, 5.160, 67.60, 34.50, 5.382, 65.28, 34.27, 0.284, 24.35, 22.21);
insert into SHOT values (550, 559, 560, 2019, 1.040, 302.90, -87.30, 1.041, 306.87, -87.25, 0.004, 18.49, -17.90);
insert into SHOT values (551, 559, 561, 2019, 2.130, 299.70, -41.20, 2.129, 299.92, -41.12, 0.007, 19.48, 25.46);
insert into SHOT values (552, 559, 562, 2019, 1.640, 287.80, -32.70, 1.646, 287.65, -32.72, 0.007, 252.54, -32.55);
insert into SHOT values (553, 559, 563, 2019, 0.580, 278.60, -18.30, 0.584, 278.28, -17.95, 0.006, 247.01, 19.42);
insert into SHOT values (554, 559, 564, 2019, 2.970, 194.60, -1.40, 2.967, 194.65, -1.35, 0.004, 334.03, 35.44);
insert into SHOT values (555, 559, 565, 2019, 1.840, 193.70, 15.90, 1.840, 193.72, 15.77, 0.004, 230.16, -74.15);
insert into SHOT values (556, 559, 566, 2019, 0.520, 37.60, -3.60, 0.515, 37.09, -3.34, 0.007, 259.96, 21.43);
insert into SHOT values (557, 559, 567, 2019, 2.920, 35.50, -10.00, 2.920, 35.51, -10.06, 0.003, 174.40, -69.41);
insert into SHOT values (558, 559, 568, 2019, 3.120, 22.60, -25.80, 3.127, 22.56, -25.78, 0.007, 4.40, -17.17);
insert into SHOT values (559, 559, 569, 2019, 1.380, 35.50, -39.10, 1.378, 35.48, -39.16, 0.003, 225.43, 7.11);
insert into SHOT values (560, 559, 570, 2019, 1.250, 28.60, -53.20, 1.251, 28.61, -53.06, 0.003, 31.20, 16.83);
insert into SHOT values (561, 559, 571, 2019, 3.370, 339.90, -31.60, 3.377, 339.86, -31.61, 0.007, 321.44, -35.92);
insert into SHOT values (562, 559, 572, 2019, 3.530, 337.80, -41.80, 3.532, 337.71, -41.71, 0.007, 301.87, 23.08);
insert into SHOT values (563, 559, 573, 2019, 5.460, 329.20, -27.80, 5.466, 329.14, -27.81, 0.008, 281.30, -26.54);
insert into SHOT values (564, 559, 574, 2019, 3.850, 333.80, -36.10, 4.489, 334.41, -34.92, 0.646, 337.73, -27.82);
insert into SHOT values (565, 574, 575, 2019, 3.890, 333.30, -36.10, 3.893, 333.19, -36.03, 0.008, 284.89, 13.82);
insert into SHOT values (566, 574, 576, 2019, 0.810, 297.10, 66.90, 0.818, 297.35, 66.48, 0.010, 306.39, 29.29);
insert into SHOT values (567, 574, 577, 2019, 0.870, 282.90, 80.10, 0.874, 284.93, 79.77, 0.008, 327.57, 20.68);
insert into SHOT values (568, 574, 578, 2019, 1.120, 207.80, 19.60, 1.122, 208.26, 19.79, 0.010, 292.79, 26.58);
insert into SHOT values (569, 574, 579, 2019, 1.170, 211.40, 43.40, 1.173, 212.01, 43.65, 0.011, 308.27, 34.06);
insert into SHOT values (570, 574, 580, 2019, 0.960, 1.90, 47.10, 0.970, 1.74, 47.08, 0.010, 346.36, 43.72);
insert into SHOT values (571, 574, 581, 2019, 1.320, 5.80, 31.20, 1.329, 5.56, 31.29, 0.010, 328.53, 38.30);
insert into SHOT values (572, 574, 582, 2019, 0.770, 7.10, 10.40, 0.768, 6.84, 10.50, 0.004, 246.86, 14.30);
insert into SHOT values (573, 574, 583, 2019, 1.090, 225.30, -40.20, 1.084, 225.49, -40.23, 0.007, 17.51, 31.14);
insert into SHOT values (574, 574, 584, 2019, 2.170, 256.60, -12.10, 2.174, 256.68, -11.94, 0.008, 286.06, 38.09);
insert into SHOT values (575, 574, 585, 2019, 2.630, 270.00, -7.90, 2.635, 270.00, -7.85, 0.005, 270.00, 16.61);
insert into SHOT values (576, 574, 586, 2019, 3.620, 309.70, -12.70, 3.624, 309.72, -12.59, 0.008, 325.44, 48.66);
insert into SHOT values (577, 574, 587, 2019, 2.950, 264.40, -23.40, 2.954, 264.50, -23.33, 0.007, 307.10, 12.85);
insert into SHOT values (578, 574, 588, 2019, 3.490, 265.40, -32.00, 3.490, 265.54, -32.01, 0.007, 1.20, -4.52);
insert into SHOT values (579, 574, 589, 2019, 3.950, 292.10, -28.70, 3.949, 292.20, -28.60, 0.009, 1.49, 46.69);
insert into SHOT values (580, 574, 590, 2019, 6.220, 292.70, -23.40, 6.226, 292.75, -23.38, 0.008, 332.08, 1.86);
insert into SHOT values (581, 574, 591, 2019, 8.050, 276.70, -31.30, 8.048, 276.76, -31.29, 0.008, 10.72, 15.60);
insert into SHOT values (582, 574, 592, 2019, 7.120, 268.10, -29.60, 7.119, 268.15, -29.54, 0.009, 333.69, 49.50);
insert into SHOT values (583, 574, 593, 2019, 8.190, 267.90, -37.80, 8.192, 267.96, -37.79, 0.008, 337.35, -2.16);
insert into SHOT values (584, 574, 594, 2019, 8.560, 287.50, -31.30, 8.560, 287.49, -31.24, 0.008, 277.68, 58.19);
insert into SHOT values (585, 574, 595, 2019, 8.640, 278.80, -32.90, 9.050, 284.86, -33.31, 0.886, 350.36, -18.21);
insert into SHOT values (586, 595, 596, 2019, 1.400, 154.80, -84.00, 1.398, 151.70, -83.94, 0.008, 72.59, 16.13);
insert into SHOT values (587, 595, 597, 2019, 1.630, 196.90, -44.90, 1.632, 196.56, -44.80, 0.008, 133.04, 4.23);
insert into SHOT values (588, 595, 598, 2019, 2.000, 195.20, 8.80, 2.001, 194.95, 8.91, 0.010, 108.13, 25.01);
insert into SHOT values (589, 595, 599, 2019, 1.180, 192.60, 17.20, 1.179, 192.31, 17.27, 0.006, 89.21, 10.23);
insert into SHOT values (590, 595, 600, 2019, 0.340, 76.80, 58.00, 0.344, 77.47, 57.55, 0.005, 103.98, 19.39);
insert into SHOT values (591, 595, 601, 2019, 1.950, 6.40, -9.60, 1.951, 6.57, -9.74, 0.007, 97.12, -39.99);
insert into SHOT values (592, 595, 602, 2019, 1.940, 7.80, -13.70, 1.943, 7.92, -13.69, 0.005, 57.93, -6.15);
insert into SHOT values (593, 595, 603, 2019, 2.180, 17.30, -34.30, 2.182, 17.43, -34.30, 0.005, 82.63, -18.60);
insert into SHOT values (594, 595, 604, 2019, 1.970, 343.10, -54.90, 1.965, 343.50, -55.02, 0.010, 112.45, 9.90);
insert into SHOT values (595, 595, 605, 2019, 3.580, 327.10, -36.80, 3.576, 327.25, -36.75, 0.009, 66.13, 30.21);
insert into SHOT values (596, 595, 606, 2019, 2.010, 254.80, -34.40, 2.013, 254.62, -34.49, 0.007, 174.92, -40.42);
insert into SHOT values (597, 595, 607, 2019, 4.670, 269.50, -40.50, 4.667, 269.52, -40.48, 0.003, 44.17, 64.75);
insert into SHOT values (598, 595, 608, 2019, 2.130, 304.50, -40.90, 2.122, 304.58, -40.92, 0.008, 105.54, 33.02);
insert into SHOT values (599, 595, 609, 2019, 6.540, 291.50, -43.80, 6.541, 291.51, -43.83, 0.004, 90.00, -61.19);
insert into SHOT values (600, 595, 610, 2019, 5.950, 290.10, -42.10, 6.404, 294.06, -41.34, 0.560, 331.13, -25.48);
insert into SHOT values (601, 610, 611, 2019, 1.430, 36.50, 19.20, 1.431, 36.28, 19.17, 0.006, 323.42, -2.90);
insert into SHOT values (602, 610, 612, 2019, 0.520, 261.70, 83.30, 0.523, 270.00, 83.42, 0.009, 0.22, 22.07);
insert into SHOT values (603, 610, 613, 2019, 1.270, 243.60, 54.50, 1.273, 244.13, 54.81, 0.010, 4.20, 37.42);
insert into SHOT values (604, 610, 614, 2019, 2.010, 232.40, 15.40, 2.014, 232.54, 15.55, 0.008, 296.77, 49.96);
insert into SHOT values (605, 610, 615, 2019, 1.530, 340.00, -9.10, 1.531, 339.89, -9.02, 0.004, 276.33, 30.87);
insert into SHOT values (606, 610, 616, 2019, 2.940, 262.70, -6.50, 2.942, 262.73, -6.44, 0.004, 294.40, 44.89);
insert into SHOT values (607, 610, 617, 2019, 2.330, 272.20, 4.70, 2.330, 272.22, 4.68, 0.001, 27.88, -43.39);
insert into SHOT values (608, 610, 618, 2019, 2.520, 268.00, -23.10, 2.524, 268.03, -23.10, 0.004, 284.50, -20.13);
insert into SHOT values (609, 610, 619, 2019, 2.870, 314.50, -25.30, 2.868, 314.53, -25.18, 0.007, 27.03, 77.01);
insert into SHOT values (610, 610, 620, 2019, 2.990, 305.30, -8.70, 2.989, 305.36, -8.66, 0.004, 46.18, 37.00);
insert into SHOT values (611, 610, 621, 2019, 3.250, 280.40, -4.50, 3.254, 280.48, -4.41, 0.008, 327.63, 39.46);
insert into SHOT values (612, 610, 622, 2019, 3.430, 273.50, -10.50, 3.433, 273.57, -10.40, 0.008, 317.80, 42.41);
insert into SHOT values (613, 610, 623, 2019, 3.000, 298.10, -29.00, 2.996, 298.23, -28.95, 0.008, 47.93, 35.69);
insert into SHOT values (614, 610, 624, 2019, 5.420, 287.20, -14.80, 5.423, 287.19, -14.74, 0.006, 275.97, 47.15);
insert into SHOT values (615, 610, 625, 2019, 4.620, 304.80, -15.00, 4.617, 304.87, -14.94, 0.008, 54.69, 46.54);
insert into SHOT values (616, 610, 626, 2019, 4.810, 296.70, -10.50, 4.815, 296.73, -10.41, 0.010, 315.74, 43.38);
insert into SHOT values (617, 610, 627, 2019, 5.790, 293.50, -22.00, 5.787, 293.51, -22.02, 0.003, 101.56, -17.78);
insert into SHOT values (618, 610, 628, 2019, 4.860, 313.30, -28.20, 4.860, 313.30, -28.11, 0.008, 311.78, 59.90);
insert into SHOT values (619, 610, 629, 2019, 8.230, 310.00, -19.10, 8.819, 313.63, -19.68, 0.784, 355.89, -20.70);
insert into SHOT values (620, 629, 287, 2019, 1.140, 358.50, -5.80, 1.758, 356.71, -7.52, 0.621, 353.38, -10.65);
insert into SHOT values (621, 259, 630, 2019, 3.840, 118.10, -0.80, 3.542, 116.42, -5.02, 0.417, 316.41, -37.90);
insert into SHOT values (622, 630, 631, 2019, 1.740, 137.50, 82.70, 1.734, 136.85, 82.73, 0.007, 11.87, -62.48);
insert into SHOT values (623, 630, 632, 2019, 1.350, 14.20, 32.10, 1.352, 14.16, 32.17, 0.003, 337.98, 61.26);
insert into SHOT values (624, 630, 633, 2019, 1.670, 8.50, 59.20, 1.669, 8.70, 58.98, 0.007, 40.11, -38.57);
insert into SHOT values (625, 630, 634, 2019, 1.370, 354.60, -2.70, 1.378, 354.58, -2.91, 0.009, 350.91, -35.39);
insert into SHOT values (626, 630, 635, 2019, 1.920, 193.60, 4.00, 1.918, 193.60, 3.89, 0.004, 12.98, -67.09);
insert into SHOT values (627, 630, 636, 2019, 2.120, 191.30, 30.50, 2.116, 191.37, 30.37, 0.006, 300.94, -67.99);
insert into SHOT values (628, 630, 637, 2019, 2.410, 188.90, 53.70, 2.402, 188.93, 53.85, 0.010, 4.38, -13.40);
insert into SHOT values (629, 630, 638, 2019, 3.530, 149.80, 39.30, 3.528, 149.68, 39.20, 0.008, 81.35, -44.24);
insert into SHOT values (630, 630, 639, 2019, 2.780, 100.60, 60.90, 2.781, 100.23, 60.92, 0.009, 6.94, 5.95);
insert into SHOT values (631, 630, 640, 2019, 2.670, 74.30, 45.50, 2.666, 74.18, 45.44, 0.006, 335.88, -48.06);
insert into SHOT values (632, 630, 641, 2019, 2.530, 67.20, 38.50, 2.531, 67.18, 38.34, 0.007, 60.01, -42.37);
insert into SHOT values (633, 630, 642, 2019, 1.820, 62.00, 32.70, 1.817, 61.93, 32.64, 0.004, 293.30, -52.54);
insert into SHOT values (634, 630, 643, 2019, 2.450, 160.70, 28.20, 2.446, 160.47, 28.31, 0.010, 39.00, 12.56);
insert into SHOT values (635, 630, 644, 2019, 3.890, 145.20, 39.00, 3.892, 145.10, 39.02, 0.006, 62.70, 20.27);
insert into SHOT values (636, 630, 645, 2019, 4.330, 101.30, 44.30, 3.851, 98.76, 42.86, 0.507, 305.46, -52.91);
insert into SHOT values (637, 645, 646, 2019, 2.770, 194.50, -8.80, 2.772, 194.59, -8.92, 0.008, 272.49, -53.46);
insert into SHOT values (638, 645, 647, 2019, 0.440, 32.80, 47.50, 0.436, 32.62, 47.15, 0.005, 277.40, -76.75);
insert into SHOT values (639, 645, 648, 2019, 0.560, 109.70, -7.10, 0.555, 109.09, -7.25, 0.008, 336.53, -5.60);
insert into SHOT values (640, 645, 649, 2019, 1.980, 101.50, -17.30, 1.977, 101.31, -17.37, 0.007, 340.24, -9.29);
insert into SHOT values (641, 645, 650, 2019, 2.050, 355.60, -19.50, 2.055, 355.56, -19.62, 0.007, 331.96, -56.88);
insert into SHOT values (642, 645, 651, 2019, 1.530, 340.50, -0.50, 1.528, 340.50, -0.75, 0.007, 162.13, -70.94);
insert into SHOT values (643, 645, 652, 2019, 1.020, 344.60, 18.80, 1.017, 344.38, 18.33, 0.009, 255.70, -67.00);
insert into SHOT values (644, 645, 653, 2019, 3.940, 152.50, -4.20, 3.933, 152.52, -4.23, 0.007, 320.99, -11.64);
insert into SHOT values (645, 645, 654, 2019, 3.820, 152.70, -4.20, 3.816, 152.63, -4.21, 0.006, 26.25, -2.19);
insert into SHOT values (646, 654, 655, 2019, 1.130, 180.60, 24.80, 1.132, 180.56, 24.53, 0.006, 170.14, -42.58);
insert into SHOT values (647, 654, 656, 2019, 1.600, 174.70, 66.40, 1.595, 174.64, 66.24, 0.007, 159.13, -69.32);
insert into SHOT values (648, 654, 657, 2019, 1.630, 339.60, 89.00, 1.630, 333.43, 89.21, 0.007, 180.72, 2.13);
insert into SHOT values (649, 654, 658, 2019, 1.530, 10.10, 57.70, 1.524, 9.93, 57.81, 0.007, 214.60, -28.69);
insert into SHOT values (650, 654, 659, 2019, 2.350, 7.70, 22.70, 2.349, 7.68, 22.53, 0.007, 343.23, -76.48);
insert into SHOT values (651, 654, 660, 2019, 2.700, 357.20, 7.40, 2.695, 357.21, 7.25, 0.009, 169.55, -60.47);
insert into SHOT values (652, 654, 661, 2019, 3.210, 50.80, 34.60, 3.210, 50.83, 34.54, 0.004, 89.78, -49.31);
insert into SHOT values (653, 654, 662, 2019, 3.260, 102.20, 37.10, 3.255, 102.22, 37.02, 0.007, 249.31, -76.93);
insert into SHOT values (654, 654, 663, 2019, 3.100, 96.90, 28.00, 3.091, 96.94, 27.97, 0.009, 260.92, -35.90);
insert into SHOT values (655, 654, 664, 2019, 2.880, 77.90, 30.10, 2.872, 77.92, 30.09, 0.008, 249.94, -33.06);
insert into SHOT values (656, 654, 665, 2019, 4.860, 65.50, 41.60, 4.849, 65.56, 41.61, 0.012, 224.81, -33.66);
insert into SHOT values (657, 654, 666, 2019, 4.560, 89.40, 38.00, 4.553, 89.52, 37.95, 0.011, 202.32, -41.97);
insert into SHOT values (658, 654, 667, 2019, 4.760, 92.50, 35.20, 4.753, 92.51, 35.20, 0.007, 266.73, -32.83);
insert into SHOT values (659, 654, 668, 2019, 5.250, 81.40, 35.80, 5.248, 81.49, 35.80, 0.007, 181.78, -8.67);
insert into SHOT values (660, 668, 669, 2019, 0.600, 179.30, 7.70, 0.595, 180.00, 7.72, 0.009, 302.04, -2.62);
insert into SHOT values (661, 668, 670, 2019, 0.700, 254.40, 70.40, 0.701, 255.38, 70.19, 0.005, 309.38, 6.44);
insert into SHOT values (662, 668, 671, 2019, 0.570, 304.60, 54.60, 0.566, 305.13, 54.33, 0.006, 35.59, -56.34);
insert into SHOT values (663, 668, 672, 2019, 1.590, 116.80, 71.40, 1.581, 116.05, 71.53, 0.011, 342.86, -37.49);
insert into SHOT values (664, 668, 673, 2019, 1.110, 141.70, 33.10, 1.104, 142.02, 32.94, 0.009, 267.63, -44.34);
insert into SHOT values (665, 668, 674, 2019, 2.120, 136.10, 31.40, 2.112, 136.12, 31.38, 0.008, 309.20, -36.65);
insert into SHOT values (666, 668, 675, 2019, 2.470, 133.40, 33.80, 2.467, 133.42, 33.74, 0.004, 281.53, -71.63);
insert into SHOT values (667, 668, 676, 2019, 1.290, 79.90, 51.90, 1.284, 79.82, 51.88, 0.006, 276.46, -54.55);
insert into SHOT values (668, 668, 677, 2019, 0.810, 11.60, -10.70, 0.810, 11.59, -10.67, 0.001, 353.09, 48.71);
insert into SHOT values (669, 668, 678, 2019, 1.960, 205.80, -28.70, 1.954, 205.97, -28.76, 0.008, 347.42, 8.77);
insert into SHOT values (670, 668, 679, 2019, 0.860, 228.50, 0.60, 0.865, 228.75, 0.66, 0.006, 268.28, 9.51);
insert into SHOT values (671, 645, 680, 2019, 4.470, 50.20, 21.90, 4.364, 47.05, 17.88, 0.399, 320.12, -55.10);
insert into SHOT values (672, 680, 681, 2019, 2.700, 146.20, 7.20, 2.695, 146.13, 7.25, 0.006, 358.52, 15.01);
insert into SHOT values (673, 680, 682, 2019, 1.660, 145.00, 30.60, 1.657, 144.98, 30.45, 0.005, 46.64, -82.87);
insert into SHOT values (674, 680, 683, 2019, 1.460, 154.00, 65.70, 1.459, 154.29, 65.74, 0.003, 270.09, -10.87);
insert into SHOT values (675, 680, 684, 2019, 1.750, 238.80, 81.40, 1.749, 239.42, 81.60, 0.007, 34.61, -2.74);
insert into SHOT values (676, 680, 685, 2019, 3.260, 147.30, -3.00, 3.253, 147.19, -3.00, 0.010, 7.33, 3.65);
insert into SHOT values (677, 680, 686, 2019, 2.030, 163.30, -15.00, 2.023, 163.33, -15.19, 0.010, 336.91, -27.49);
insert into SHOT values (678, 680, 687, 2019, 5.340, 107.60, 40.80, 5.338, 107.58, 40.83, 0.004, 306.11, 10.71);
insert into SHOT values (679, 680, 688, 2019, 5.030, 87.40, 51.40, 5.026, 87.26, 51.43, 0.009, 327.43, -6.59);
insert into SHOT values (680, 680, 689, 2019, 3.790, 59.00, 59.20, 3.784, 58.93, 59.19, 0.006, 278.16, -57.40);
insert into SHOT values (681, 680, 690, 2019, 4.580, 32.40, 42.80, 4.580, 32.37, 42.77, 0.003, 346.49, -34.04);
insert into SHOT values (682, 680, 691, 2019, 4.630, 35.20, 30.90, 4.634, 35.17, 30.91, 0.004, 358.83, 32.52);
insert into SHOT values (683, 680, 692, 2019, 1.510, 10.20, 30.00, 1.510, 10.11, 29.79, 0.006, 332.08, -56.10);
insert into SHOT values (684, 680, 693, 2019, 1.040, 280.10, 13.70, 1.037, 280.30, 13.95, 0.007, 59.43, 33.75);
insert into SHOT values (685, 680, 694, 2019, 1.490, 282.80, 43.10, 1.492, 283.27, 43.12, 0.009, 5.77, 12.04);
insert into SHOT values (686, 680, 695, 2019, 1.850, 236.10, 5.60, 1.848, 236.31, 5.59, 0.007, 345.34, -4.23);
insert into SHOT values (687, 680, 696, 2019, 1.870, 14.90, 79.80, 1.870, 15.71, 79.76, 0.005, 90.16, -5.25);
insert into SHOT values (688, 680, 697, 2019, 3.840, 32.90, 70.20, 3.840, 32.84, 70.07, 0.009, 23.78, -19.14);
insert into SHOT values (689, 680, 698, 2019, 3.590, 60.60, 34.70, 3.335, 57.31, 31.24, 0.369, 297.99, -58.26);
insert into SHOT values (690, 698, 699, 2019, 4.280, 179.60, 12.50, 4.282, 179.59, 12.54, 0.004, 151.95, 64.16);
insert into SHOT values (691, 698, 700, 2019, 3.230, 185.60, 26.80, 3.232, 185.57, 26.85, 0.004, 117.89, 67.58);
insert into SHOT values (692, 698, 701, 2019, 3.740, 194.40, 45.00, 3.743, 194.46, 45.07, 0.006, 302.80, 63.02);
insert into SHOT values (693, 698, 702, 2019, 2.200, 189.20, 48.00, 2.202, 189.40, 48.13, 0.008, 304.17, 42.17);
insert into SHOT values (694, 698, 703, 2019, 2.540, 201.40, 69.60, 2.548, 201.92, 69.70, 0.012, 301.94, 48.65);
insert into SHOT values (695, 698, 704, 2019, 3.000, 177.80, 84.80, 3.002, 177.88, 84.84, 0.003, 345.54, 53.24);
insert into SHOT values (696, 698, 705, 2019, 3.330, 101.10, 86.90, 3.334, 100.01, 87.03, 0.010, 304.82, 30.79);
insert into SHOT values (697, 698, 706, 2019, 2.690, 37.90, 64.00, 2.691, 37.75, 64.08, 0.005, 263.45, 26.99);
insert into SHOT values (698, 698, 707, 2019, 2.350, 31.80, 36.40, 2.352, 31.59, 36.53, 0.009, 289.82, 37.35);
insert into SHOT values (699, 698, 708, 2019, 1.550, 22.80, 12.40, 1.553, 22.50, 12.65, 0.011, 303.81, 41.87);
insert into SHOT values (700, 698, 709, 2019, 1.090, 6.80, -8.60, 1.089, 6.40, -8.45, 0.008, 268.77, 21.47);
insert into SHOT values (701, 698, 710, 2019, 3.210, 87.50, 42.60, 3.214, 87.57, 42.70, 0.008, 191.48, 66.59);
insert into SHOT values (702, 698, 711, 2019, 3.740, 100.70, 51.80, 3.739, 100.73, 51.84, 0.003, 257.55, 18.36);
insert into SHOT values (703, 698, 712, 2019, 4.470, 140.60, 39.40, 4.471, 140.64, 39.43, 0.004, 250.00, 46.75);
insert into SHOT values (704, 698, 713, 2019, 4.150, 135.60, 28.00, 4.150, 135.66, 28.03, 0.005, 241.72, 21.79);
insert into SHOT values (705, 698, 714, 2019, 3.850, 99.40, 40.50, 3.858, 99.43, 40.59, 0.010, 136.67, 75.18);
insert into SHOT values (706, 698, 715, 2019, 14.550, 122.50, 46.20, 14.554, 122.51, 46.23, 0.009, 285.44, 66.43);
insert into SHOT values (707, 698, 716, 2019, 4.030, 112.50, 34.80, 4.026, 112.61, 34.84, 0.008, 243.77, 0.17);
insert into SHOT values (708, 698, 717, 2019, 8.300, 107.50, 46.00, 7.799, 105.01, 44.53, 0.594, 336.32, -57.35);
insert into SHOT values (709, 717, 718, 2019, 4.150, 213.00, 0.50, 4.158, 212.93, 0.55, 0.010, 179.01, 21.41);
insert into SHOT values (710, 717, 719, 2019, 3.510, 216.00, 36.00, 3.516, 215.98, 36.06, 0.007, 198.51, 67.69);
insert into SHOT values (711, 717, 720, 2019, 2.740, 218.00, 56.50, 2.751, 218.07, 56.35, 0.013, 227.15, 22.93);
insert into SHOT values (712, 717, 721, 2019, 3.250, 170.60, 79.20, 3.259, 171.61, 79.09, 0.015, 225.85, 29.84);
insert into SHOT values (713, 717, 722, 2019, 5.020, 96.90, 58.40, 5.023, 96.99, 58.43, 0.006, 198.79, 45.77);
insert into SHOT values (714, 717, 723, 2019, 2.770, 46.20, 63.90, 2.768, 46.01, 64.10, 0.010, 250.06, 13.62);
insert into SHOT values (715, 717, 724, 2019, 1.720, 51.70, 55.10, 1.727, 51.61, 55.32, 0.010, 272.03, 76.21);
insert into SHOT values (716, 717, 725, 2019, 0.970, 47.90, 17.40, 0.965, 47.64, 17.49, 0.007, 265.32, -0.59);
insert into SHOT values (717, 717, 726, 2019, 0.880, 26.10, -20.30, 0.876, 25.94, -20.03, 0.006, 249.16, 57.97);
insert into SHOT values (718, 717, 727, 2019, 6.450, 188.30, 5.10, 6.454, 188.32, 5.16, 0.008, 222.49, 59.98);
insert into SHOT values (719, 717, 728, 2019, 7.760, 173.80, 18.80, 7.769, 173.83, 18.85, 0.012, 205.76, 49.99);
insert into SHOT values (720, 717, 729, 2019, 8.550, 175.60, 34.00, 8.557, 175.63, 34.04, 0.010, 235.46, 62.57);
insert into SHOT values (721, 717, 730, 2019, 7.610, 171.80, 49.40, 7.616, 171.89, 49.37, 0.011, 217.64, 10.59);
insert into SHOT values (722, 717, 731, 2019, 5.550, 159.80, 48.00, 5.557, 159.86, 48.01, 0.008, 206.12, 46.40);
insert into SHOT values (723, 717, 732, 2019, 6.000, 134.10, 42.70, 5.998, 134.17, 42.73, 0.007, 258.13, 8.82);
insert into SHOT values (724, 717, 733, 2019, 2.900, 116.40, 47.00, 2.906, 116.44, 47.14, 0.009, 248.56, 79.70);
insert into SHOT values (725, 717, 734, 2019, 5.670, 94.40, 51.00, 5.668, 94.51, 51.08, 0.011, 231.05, 19.82);
insert into SHOT values (726, 717, 735, 2019, 3.190, 148.10, 28.10, 3.191, 148.23, 28.24, 0.010, 261.84, 46.51);
insert into SHOT values (727, 717, 736, 2019, 3.050, 148.40, 28.10, 3.053, 148.67, 28.14, 0.013, 229.20, 14.80);
insert into SHOT values (728, 717, 737, 2019, 3.200, 148.10, 28.40, 3.201, 148.23, 28.56, 0.011, 268.08, 46.89);
insert into SHOT values (729, 717, 738, 2019, 3.230, 145.10, 28.00, 2.712, 145.01, 25.80, 0.531, 325.65, -39.32);
insert into SHOT values (730, 738, 739, 2019, 2.430, 109.20, 85.20, 2.428, 110.22, 85.22, 0.004, 212.93, -21.62);
insert into SHOT values (731, 738, 740, 2019, 3.520, 345.20, 30.20, 3.519, 345.14, 30.20, 0.003, 245.38, -11.29);
insert into SHOT values (732, 738, 741, 2019, 4.610, 88.10, 49.50, 4.612, 88.08, 49.56, 0.005, 287.65, 61.85);
insert into SHOT values (733, 738, 742, 2019, 5.460, 159.30, 32.90, 5.463, 159.31, 32.93, 0.005, 195.30, 68.50);
insert into SHOT values (734, 738, 743, 2019, 6.090, 160.80, 46.90, 6.093, 160.78, 46.92, 0.004, 101.74, 64.58);
insert into SHOT values (735, 738, 744, 2019, 7.570, 62.80, 37.30, 7.305, 59.20, 33.20, 0.706, 344.34, -56.28);
insert into SHOT values (736, 744, 745, 2019, 4.810, 56.70, 18.10, 4.703, 53.38, 14.15, 0.434, 322.46, -52.45);
insert into SHOT values (737, 745, 746, 2019, 7.180, 132.20, 32.80, 7.172, 132.18, 32.75, 0.010, 346.62, -66.45);
insert into SHOT values (738, 745, 747, 2019, 4.380, 140.60, 27.40, 4.369, 140.65, 27.39, 0.011, 300.64, -30.67);
insert into SHOT values (739, 745, 748, 2019, 2.820, 154.00, 21.20, 2.813, 154.02, 21.04, 0.011, 320.32, -67.83);
insert into SHOT values (740, 745, 749, 2019, 2.500, 169.50, 3.70, 2.496, 169.59, 3.68, 0.006, 303.01, -13.53);
insert into SHOT values (741, 745, 750, 2019, 3.540, 195.30, -17.80, 3.542, 195.31, -17.93, 0.008, 330.65, -81.04);
insert into SHOT values (742, 745, 751, 2019, 5.950, 206.40, -24.80, 5.957, 206.47, -24.81, 0.010, 256.52, -26.24);
insert into SHOT values (743, 745, 752, 2019, 3.200, 289.20, -31.20, 3.205, 289.16, -31.19, 0.006, 268.17, -24.45);
insert into SHOT values (744, 745, 753, 2019, 3.660, 306.90, -30.30, 3.665, 306.91, -30.31, 0.005, 311.76, -40.69);
insert into SHOT values (745, 745, 754, 2019, 4.320, 264.50, -27.60, 4.324, 264.45, -27.70, 0.009, 165.82, -69.74);
insert into SURVEY values (2021, 18, 'DodgyPlumbingResurvey', 'DodgyPlumbingResurvey.CuevaPirates', 'DodgyPlumbingResurvey');
 insert into CENTRELINE values (2022, 2021, NULL, NULL, NULL, 0.00, 0.00, 0.00);
 insert into CENTRELINE values (2023, 2021, NULL, '2023-02-08', '2008-04-08', 167.10, 0.00, 0.00);
 insert into PERSON values (15, 'Alexandre', 'Andrieu');
insert into TOPO values (15, 2023);
 insert into PERSON values (16, 'Christine', 'Magot');
insert into TOPO values (16, 2023);
 insert into TOPO values (13, 2023);
 insert into TOPO values (14, 2023);
 insert into EXPLO values (4, 2023);
 insert into SHOT values (746, 755, 756, 2023, 2.900, 329.70, 11.70, 2.897, 329.73, 11.75, 0.004, 123.75, 30.27);
insert into SHOT values (747, 755, 757, 2023, 2.840, 283.20, 63.70, 2.845, 282.82, 63.68, 0.010, 213.86, 24.24);
insert into SHOT values (748, 755, 758, 2023, 3.260, 211.80, 22.30, 3.267, 211.74, 22.31, 0.007, 185.26, 24.26);
insert into SHOT values (749, 755, 759, 2023, 6.920, 239.20, -5.70, 6.927, 239.19, -5.72, 0.007, 232.17, -21.65);
insert into SHOT values (750, 755, 760, 2023, 5.910, 283.20, -7.40, 5.912, 283.11, -7.39, 0.009, 206.09, 7.28);
insert into SHOT values (751, 755, 761, 2023, 7.160, 263.30, 2.80, 7.158, 263.25, 2.80, 0.006, 155.13, 2.17);
insert into SHOT values (752, 755, 762, 2023, 8.140, 262.80, -11.20, 8.139, 262.73, -11.19, 0.009, 167.69, 6.46);
insert into SHOT values (753, 755, 763, 2023, 10.740, 263.40, -13.10, 10.739, 263.36, -13.08, 0.009, 171.30, 28.53);
insert into SHOT values (754, 763, 764, 2023, 1.470, 187.40, -75.00, 1.468, 187.70, -75.27, 0.007, 352.21, -0.69);
insert into SHOT values (755, 763, 765, 2023, 2.270, 195.80, -27.00, 2.264, 195.83, -27.06, 0.006, 6.57, 5.14);
insert into SHOT values (756, 763, 766, 2023, 1.410, 207.40, -8.20, 1.414, 207.66, -8.13, 0.008, 262.81, 8.06);
insert into SHOT values (757, 763, 767, 2023, 2.550, 20.50, 0.10, 2.550, 20.42, 0.00, 0.006, 296.20, -52.83);
insert into SHOT values (758, 763, 768, 2023, 1.400, 18.50, 14.10, 1.402, 18.43, 14.04, 0.003, 340.24, -23.05);
insert into SHOT values (759, 763, 769, 2023, 2.320, 26.40, -35.30, 2.322, 26.29, -35.25, 0.004, 334.85, 8.06);
insert into SHOT values (760, 763, 770, 2023, 1.670, 186.60, -70.90, 1.671, 187.39, -70.98, 0.008, 291.50, -14.06);
insert into SHOT values (761, 763, 771, 2023, 6.690, 327.00, -12.90, 6.691, 327.02, -12.95, 0.007, 61.70, -73.59);
insert into SHOT values (762, 763, 772, 2023, 5.960, 305.20, -14.60, 5.968, 305.20, -14.56, 0.009, 307.34, 14.69);
insert into SHOT values (763, 763, 773, 2023, 6.310, 312.00, -21.80, 6.317, 311.96, -21.84, 0.009, 267.50, -47.51);
insert into SHOT values (764, 763, 774, 2023, 2.990, 288.40, -22.70, 2.994, 288.37, -22.79, 0.007, 255.45, -66.12);
insert into SHOT values (765, 763, 775, 2023, 3.750, 299.80, -34.80, 3.755, 299.72, -34.74, 0.008, 267.55, 1.28);
insert into SHOT values (766, 763, 776, 2023, 7.170, 320.30, -26.50, 7.173, 320.31, -26.49, 0.003, 337.74, -13.18);
insert into SHOT values (767, 763, 777, 2023, 9.820, 326.60, -18.00, 9.824, 326.62, -18.03, 0.006, 20.64, -59.19);
insert into SHOT values (768, 763, 778, 2023, 10.940, 331.40, -14.00, 10.940, 331.41, -14.02, 0.004, 82.31, -68.30);
insert into SHOT values (769, 763, 779, 2023, 11.660, 322.40, -7.20, 11.665, 322.41, -7.19, 0.005, 339.18, 15.26);
insert into SHOT values (770, 763, 780, 2023, 10.180, 306.00, -7.90, 10.184, 306.01, -7.90, 0.004, 322.92, -11.71);
insert into SHOT values (771, 763, 781, 2023, 13.370, 311.20, -15.10, 13.382, 311.20, -15.12, 0.013, 314.40, -33.73);
insert into SHOT values (772, 763, 782, 2023, 19.880, 314.40, -20.40, 19.887, 314.39, -20.39, 0.008, 293.26, -2.87);
insert into SHOT values (773, 782, 783, 2023, 19.620, 317.90, -17.70, 19.622, 317.91, -17.71, 0.005, 34.82, -68.60);
insert into SHOT values (774, 782, 784, 2023, 19.620, 321.10, -17.60, 19.614, 321.10, -17.60, 0.006, 138.30, 23.00);
insert into SHOT values (775, 782, 785, 2023, 1.670, 105.80, -86.90, 1.673, 102.53, -86.84, 0.006, 34.04, -23.81);
insert into SHOT values (776, 782, 786, 2023, 3.260, 168.90, -62.90, 3.260, 168.77, -62.83, 0.005, 123.48, 23.12);
insert into SHOT values (777, 782, 787, 2023, 1.890, 175.70, -59.90, 1.897, 175.79, -59.85, 0.007, 192.52, -44.61);
insert into SHOT values (778, 782, 788, 2023, 0.770, 182.60, -22.50, 0.771, 182.42, -22.89, 0.006, 73.91, -66.10);
insert into SHOT values (779, 782, 789, 2023, 2.890, 67.60, -35.20, 2.897, 67.66, -35.20, 0.008, 89.28, -31.76);
insert into SHOT values (780, 782, 790, 2023, 2.670, 53.30, -7.10, 2.672, 53.43, -7.09, 0.007, 121.10, 0.14);
insert into SHOT values (781, 782, 791, 2023, 1.120, 46.60, 13.10, 1.125, 46.85, 12.84, 0.008, 86.23, -27.39);
insert into SHOT values (782, 782, 792, 2023, 1.280, 33.80, 45.10, 1.278, 34.22, 44.78, 0.010, 96.25, -41.97);
insert into SHOT values (783, 782, 793, 2023, 1.260, 344.30, 73.00, 1.254, 344.05, 73.13, 0.007, 183.87, -46.72);
insert into SHOT values (784, 782, 794, 2023, 0.890, 293.30, 67.60, 0.886, 292.75, 67.71, 0.005, 160.21, -32.83);
insert into SHOT values (785, 782, 795, 2023, 0.670, 246.90, 43.70, 0.664, 246.64, 43.82, 0.006, 89.55, -27.51);
insert into SHOT values (786, 782, 796, 2023, 5.240, 9.30, -31.30, 5.241, 9.38, -31.26, 0.007, 77.00, 19.03);
insert into SHOT values (787, 782, 797, 2023, 7.220, 324.00, -34.40, 7.220, 324.02, -34.41, 0.002, 75.26, -29.19);
insert into SHOT values (788, 782, 798, 2023, 5.680, 328.20, -23.80, 5.677, 328.30, -23.79, 0.009, 69.93, 13.18);
insert into SHOT values (789, 782, 799, 2023, 6.690, 337.20, -38.20, 6.692, 337.29, -38.22, 0.009, 65.00, -19.43);
insert into SHOT values (790, 782, 800, 2023, 12.920, 332.20, -24.80, 12.916, 332.19, -24.81, 0.005, 179.90, -8.06);
insert into SHOT values (791, 800, 801, 2023, 15.040, 341.30, -17.80, 15.046, 341.31, -17.80, 0.006, 11.32, -21.19);
insert into SHOT values (792, 800, 802, 2023, 3.230, 45.90, 8.60, 3.239, 45.89, 8.52, 0.010, 41.15, -16.81);
insert into SHOT values (793, 800, 803, 2023, 0.880, 2.00, 79.40, 0.877, 3.37, 78.80, 0.011, 27.89, -28.18);
insert into SHOT values (794, 800, 804, 2023, 0.560, 156.30, -76.30, 0.566, 153.43, -76.29, 0.009, 77.82, -40.92);
insert into SHOT values (795, 800, 805, 2023, 5.250, 291.20, -23.80, 5.244, 291.27, -23.84, 0.009, 70.93, -8.82);
insert into SHOT values (796, 800, 806, 2023, 4.340, 14.00, -4.70, 4.344, 14.04, -4.75, 0.006, 49.40, -42.86);
insert into SHOT values (797, 800, 807, 2023, 3.860, 208.00, -5.50, 3.856, 207.97, -5.51, 0.005, 56.91, -0.45);
insert into SHOT values (798, 800, 808, 2023, 3.140, 86.40, 21.80, 3.138, 86.26, 21.69, 0.009, 2.54, -41.27);
insert into SHOT values (799, 801, 809, 2023, 2.570, 250.40, -6.80, 2.567, 250.29, -6.71, 0.007, 134.27, 37.19);
insert into SHOT values (800, 801, 810, 2023, 4.270, 67.10, -6.80, 4.273, 67.12, -6.72, 0.007, 88.24, 52.99);
insert into SHOT values (801, 801, 811, 2023, 1.060, 355.80, 80.20, 1.065, 356.82, 80.26, 0.006, 88.89, 59.55);
insert into SHOT values (802, 801, 812, 2023, 1.250, 244.40, -86.30, 1.253, 240.26, -86.31, 0.006, 151.91, -24.07);
insert into SHOT values (803, 801, 813, 2023, 6.290, 70.50, 1.70, 6.294, 70.50, 1.73, 0.005, 69.36, 43.14);
insert into SHOT values (804, 801, 814, 2023, 12.360, 68.20, 0.60, 12.364, 68.21, 0.60, 0.005, 88.17, 7.13);
insert into SHOT values (805, 801, 815, 2023, 17.750, 319.20, -20.50, 17.745, 319.20, -20.52, 0.008, 147.05, -29.14);
insert into SHOT values (806, 801, 816, 2023, 17.740, 319.10, -20.20, 17.735, 319.09, -20.19, 0.007, 170.42, 53.34);
insert into SHOT values (807, 801, 817, 2023, 17.730, 317.70, -20.00, 17.725, 317.70, -19.99, 0.006, 134.15, 44.89);
insert into SHOT values (808, 817, 818, 2023, 2.900, 250.70, -2.80, 2.897, 250.63, -2.77, 0.005, 125.24, 19.90);
insert into SHOT values (809, 817, 819, 2023, 4.670, 291.60, -14.60, 4.671, 291.68, -14.63, 0.007, 16.17, -23.15);
insert into SHOT values (810, 817, 820, 2023, 3.010, 216.60, 7.80, 3.008, 216.68, 7.83, 0.005, 334.49, 18.13);
insert into SHOT values (811, 817, 821, 2023, 4.610, 175.40, 17.20, 4.609, 175.44, 17.16, 0.005, 263.69, -45.11);
insert into SHOT values (812, 817, 822, 2023, 2.470, 222.90, 50.20, 2.467, 222.95, 50.02, 0.009, 244.28, -61.60);
insert into SHOT values (813, 817, 823, 2023, 2.020, 219.50, -48.70, 2.023, 219.53, -48.70, 0.003, 237.35, -46.16);
insert into SHOT values (814, 817, 824, 2023, 5.490, 315.60, -33.90, 5.498, 315.62, -33.94, 0.009, 337.39, -59.64);
insert into SHOT values (815, 824, 825, 2023, 2.140, 240.30, 4.40, 2.139, 240.19, 4.56, 0.007, 129.96, 52.75);
insert into SHOT values (816, 824, 826, 2023, 2.360, 62.30, 1.40, 2.358, 62.46, 1.46, 0.007, 170.72, 19.02);
insert into SHOT values (817, 824, 827, 2023, 2.380, 17.90, 77.60, 2.384, 18.43, 77.75, 0.009, 155.25, 38.37);
insert into SHOT values (818, 824, 828, 2023, 0.240, 166.60, -75.80, 0.239, 161.57, -74.62, 0.007, 113.24, 21.08);
insert into SHOT values (819, 824, 829, 2023, 3.730, 284.70, -7.30, 3.731, 284.71, -7.24, 0.004, 310.85, 65.92);
insert into SHOT values (820, 824, 830, 2023, 5.470, 313.90, -10.60, 5.467, 313.94, -10.54, 0.008, 66.39, 53.87);
insert into SHOT values (821, 824, 831, 2023, 3.400, 339.50, -4.90, 3.395, 339.58, -4.90, 0.007, 115.62, 3.39);
insert into SHOT values (822, 824, 832, 2023, 2.530, 207.00, 6.90, 2.532, 206.97, 7.03, 0.006, 172.41, 70.88);
insert into SHOT values (823, 824, 833, 2023, 2.170, 112.10, 11.80, 2.173, 112.10, 11.95, 0.007, 113.77, 71.41);
insert into SHOT values (824, 801, 834, 2023, 4.930, 61.10, -1.30, 4.933, 61.15, -1.28, 0.006, 111.22, 18.77);
insert into SHOT values (825, 834, 835, 2023, 1.350, 345.60, -3.90, 1.356, 345.45, -3.80, 0.008, 317.16, 13.79);
insert into SHOT values (826, 834, 836, 2023, 1.220, 145.90, 10.50, 1.215, 145.91, 10.43, 0.005, 322.71, -29.17);
insert into SHOT values (827, 834, 837, 2023, 1.050, 76.40, 84.60, 1.044, 77.47, 84.93, 0.009, 241.84, -37.92);
insert into SHOT values (828, 834, 838, 2023, 0.460, 290.50, -85.40, 0.462, 284.04, -84.88, 0.006, 241.80, -13.49);
insert into SHOT values (829, 834, 839, 2023, 2.650, 306.60, 0.00, 2.652, 306.57, 0.00, 0.003, 270.09, 0.00);
insert into SHOT values (830, 834, 840, 2023, 1.250, 181.30, 12.60, 1.250, 181.41, 12.48, 0.004, 259.80, -48.61);
insert into SHOT values (831, 834, 841, 2023, 1.810, 85.80, 9.10, 1.808, 85.82, 9.23, 0.005, 249.75, 55.37);
insert into SHOT values (832, 834, 842, 2023, 2.390, 16.90, -4.60, 2.390, 16.84, -4.56, 0.003, 282.89, 32.74);
insert into SHOT values (833, 834, 843, 2023, 9.330, 55.70, 1.60, 9.329, 55.66, 1.60, 0.006, 314.09, -4.65);
insert into SHOT values (834, 834, 844, 2023, 9.320, 55.40, 1.70, 9.322, 55.41, 1.72, 0.004, 89.16, 63.56);
insert into SHOT values (835, 844, 845, 2023, 2.580, 334.30, -19.90, 2.587, 334.17, -19.88, 0.009, 296.88, -11.52);
insert into SHOT values (836, 844, 846, 2023, 2.960, 120.30, 22.30, 2.954, 120.32, 22.28, 0.006, 290.75, -33.47);
insert into SHOT values (837, 844, 847, 2023, 0.500, 352.80, 67.70, 0.499, 351.03, 67.31, 0.007, 285.87, -21.94);
insert into SHOT values (838, 844, 848, 2023, 5.040, 9.40, -10.90, 5.037, 9.31, -10.99, 0.011, 252.53, -38.61);
insert into SHOT values (839, 844, 849, 2023, 4.310, 94.00, 19.20, 4.307, 93.95, 19.11, 0.008, 354.95, -62.00);
insert into SHOT values (840, 844, 850, 2023, 7.550, 40.20, 0.80, 7.551, 40.17, 0.76, 0.007, 325.02, -48.67);
insert into SHOT values (841, 850, 851, 2023, 2.120, 91.30, 7.30, 2.118, 91.36, 7.32, 0.003, 224.78, 10.92);
insert into SHOT values (842, 850, 852, 2023, 1.490, 278.30, -5.30, 1.492, 278.13, -5.39, 0.005, 204.60, -27.30);
insert into SHOT values (843, 850, 853, 2023, 0.540, 157.20, -74.50, 0.541, 160.35, -74.05, 0.009, 220.36, 2.26);
insert into SHOT values (844, 850, 854, 2023, 7.950, 18.10, -9.30, 7.943, 18.13, -9.27, 0.009, 160.42, 31.60);
insert into SHOT values (845, 854, 855, 2023, 2.520, 258.90, -5.00, 2.526, 259.00, -5.00, 0.007, 296.80, -2.87);
insert into SHOT values (846, 854, 856, 2023, 0.940, 73.30, 9.80, 0.934, 72.94, 9.86, 0.008, 297.92, 0.02);
insert into SHOT values (847, 854, 857, 2023, 0.720, 299.30, 84.40, 0.715, 299.74, 83.52, 0.012, 302.76, -32.31);
insert into SHOT values (848, 854, 858, 2023, 0.560, 202.70, -69.30, 0.565, 203.96, -69.61, 0.008, 305.88, -54.07);
insert into SHOT values (849, 854, 859, 2023, 3.850, 300.20, -11.70, 3.853, 300.23, -11.68, 0.004, 335.09, 10.41);
insert into SHOT values (850, 854, 860, 2023, 2.170, 354.90, -0.10, 2.179, 354.73, -0.26, 0.013, 320.44, -29.13);
insert into SHOT values (851, 854, 861, 2023, 2.770, 226.00, 15.00, 2.766, 226.21, 14.87, 0.012, 328.35, -34.33);
insert into SHOT values (852, 854, 862, 2023, 1.710, 128.50, 33.60, 1.700, 128.41, 33.57, 0.010, 324.93, -37.81);
insert into SHOT values (853, 854, 863, 2023, 9.880, 334.20, -16.60, 9.887, 334.22, -16.63, 0.009, 8.83, -52.66);
insert into SHOT values (854, 863, 864, 2023, 9.870, 336.00, -16.70, 9.873, 335.98, -16.66, 0.009, 306.76, 46.02);
insert into SHOT values (855, 863, 865, 2023, 0.620, 289.00, -5.20, 0.625, 288.73, -4.59, 0.009, 260.63, 44.62);
insert into SHOT values (856, 863, 866, 2023, 1.860, 111.70, -0.60, 1.853, 111.86, -0.62, 0.008, 254.08, -3.55);
insert into SHOT values (857, 863, 867, 2023, 0.380, 332.70, 71.50, 0.381, 331.39, 70.81, 0.006, 301.28, -3.78);
insert into SHOT values (858, 863, 868, 2023, 1.420, 105.70, -87.00, 1.412, 105.95, -87.04, 0.008, 274.08, 79.12);
insert into SHOT values (859, 863, 869, 2023, 1.540, 351.10, -24.10, 1.542, 351.01, -24.12, 0.003, 294.79, -22.93);
insert into SHOT values (860, 863, 870, 2023, 3.950, 64.50, -23.30, 3.945, 64.50, -23.30, 0.005, 247.61, 26.52);
insert into SHOT values (861, 863, 871, 2023, 1.170, 230.90, -2.90, 1.174, 230.88, -2.93, 0.004, 226.23, -10.35);
insert into SHOT values (862, 863, 872, 2023, 1.560, 120.10, 10.10, 1.554, 120.26, 10.38, 0.011, 271.53, 36.38);
insert into SHOT values (863, 863, 873, 2023, 11.220, 34.40, -27.70, 11.219, 34.38, -27.67, 0.007, 322.81, 53.77);
insert into SHOT values (864, 873, 874, 2023, 1.580, 321.80, -3.00, 1.583, 321.68, -2.90, 0.005, 270.64, 32.31);
insert into SHOT values (865, 873, 875, 2023, 1.610, 135.40, 37.80, 1.606, 135.64, 37.59, 0.009, 217.70, -51.97);
insert into SHOT values (866, 873, 876, 2023, 0.940, 38.70, 83.70, 0.935, 36.87, 83.86, 0.006, 263.63, -43.71);
insert into SHOT values (867, 873, 877, 2023, 2.580, 8.20, -4.40, 2.573, 8.07, -4.46, 0.009, 228.53, -12.64);
insert into SHOT values (868, 873, 878, 2023, 6.410, 81.00, 20.00, 6.410, 81.02, 19.98, 0.003, 162.22, -44.55);
insert into SHOT values (869, 873, 879, 2023, 11.010, 29.80, -5.20, 11.006, 29.82, -5.21, 0.005, 170.07, -23.76);
insert into SHOT values (870, 879, 880, 2023, 1.250, 264.80, -3.90, 1.257, 264.97, -3.65, 0.010, 290.67, 30.33);
insert into SHOT values (871, 879, 881, 2023, 1.420, 298.80, -5.90, 1.422, 298.74, -6.05, 0.005, 258.22, -60.48);
insert into SHOT values (872, 879, 882, 2023, 4.910, 308.40, -3.50, 4.907, 308.37, -3.51, 0.004, 169.65, -3.42);
insert into SHOT values (873, 879, 883, 2023, 5.440, 322.80, -2.30, 5.443, 322.77, -2.32, 0.004, 275.79, -24.76);
insert into SHOT values (874, 879, 884, 2023, 4.270, 335.60, -4.90, 4.267, 335.54, -4.84, 0.007, 209.47, 43.06);
insert into SHOT values (875, 879, 885, 2023, 3.000, 353.60, -6.20, 2.997, 353.45, -6.13, 0.009, 242.88, 25.24);
insert into SHOT values (876, 879, 886, 2023, 1.900, 19.60, -1.00, 1.898, 19.39, -0.91, 0.008, 272.87, 23.49);
insert into SHOT values (877, 879, 887, 2023, 1.370, 53.60, 6.60, 1.367, 53.38, 6.72, 0.006, 294.01, 23.23);
insert into SHOT values (878, 879, 888, 2023, 1.960, 244.10, 70.70, 1.962, 244.61, 70.56, 0.008, 292.21, 1.10);
insert into SHOT values (879, 879, 889, 2023, 2.260, 18.90, 66.20, 2.260, 18.63, 66.33, 0.006, 242.32, 19.71);
insert into SHOT values (880, 879, 890, 2023, 2.100, 47.90, 31.20, 2.097, 47.94, 31.32, 0.006, 213.15, 22.82);
insert into SHOT values (881, 879, 891, 2023, 2.490, 330.30, 28.80, 2.493, 330.39, 28.77, 0.005, 13.24, 5.19);
insert into SHOT values (882, 879, 892, 2023, 3.540, 108.10, 35.70, 3.540, 108.06, 35.79, 0.006, 321.12, 46.73);
insert into SHOT values (883, 879, 893, 2023, 3.860, 126.70, 36.30, 3.861, 126.76, 36.38, 0.006, 258.53, 48.21);
insert into SHOT values (884, 879, 894, 2023, 4.890, 144.40, 35.40, 4.888, 144.40, 35.38, 0.003, 341.85, -68.61);
insert into SHOT values (885, 879, 895, 2023, 2.730, 157.70, 62.90, 2.729, 157.77, 62.92, 0.002, 288.17, -7.97);
insert into SHOT values (886, 879, 896, 2023, 3.190, 185.10, 33.60, 3.196, 185.17, 33.63, 0.007, 227.40, 42.15);
insert into SHOT values (887, 873, 897, 2023, 5.740, 50.00, -1.10, 5.729, 50.03, -1.10, 0.011, 215.16, 1.01);
insert into SHOT values (888, 897, 898, 2023, 1.540, 15.60, 4.30, 1.542, 15.84, 4.09, 0.009, 82.66, -37.65);
insert into SHOT values (889, 897, 899, 2023, 3.870, 175.20, 29.30, 3.866, 175.07, 29.27, 0.009, 67.98, -25.51);
insert into SHOT values (890, 897, 900, 2023, 1.250, 53.90, 81.40, 1.244, 53.75, 81.40, 0.006, 262.68, -80.10);
insert into SHOT values (891, 897, 901, 2023, 10.130, 106.50, 33.50, 10.128, 106.44, 33.50, 0.009, 3.73, -6.97);
insert into SHOT values (892, 901, 902, 2023, 0.920, 30.00, 64.30, 0.919, 30.47, 64.58, 0.006, 174.65, 10.33);
insert into SHOT values (893, 902, 903, 2023, 0.940, 23.00, 66.70, 0.937, 23.81, 66.63, 0.006, 115.54, -32.55);
insert into SHOT values (894, 902, 904, 2023, 0.920, 25.80, 63.60, 0.917, 25.94, 63.35, 0.005, 48.90, -57.29);
insert into SHOT values (895, 902, 905, 2023, 1.220, 355.00, 12.70, 1.224, 355.20, 12.74, 0.006, 40.43, 17.27);
insert into SHOT values (896, 902, 906, 2023, 1.980, 302.50, 81.60, 1.981, 303.69, 81.63, 0.006, 40.69, 11.59);
insert into SHOT values (897, 902, 907, 2023, 0.610, 351.80, -88.10, 0.610, 0.00, -88.12, 0.003, 90.36, -6.63);
insert into SHOT values (898, 902, 908, 2023, 1.290, 221.10, 72.30, 1.290, 221.88, 72.43, 0.006, 338.59, 10.15);
insert into SHOT values (899, 902, 909, 2023, 0.460, 209.20, 5.40, 0.458, 208.81, 5.01, 0.005, 93.98, -43.82);
insert into SHOT values (900, 902, 910, 2023, 0.710, 51.50, 23.90, 0.710, 51.89, 24.11, 0.005, 154.00, 27.33);
insert into SHOT values (901, 902, 911, 2023, 7.790, 146.50, 33.40, 7.789, 146.48, 33.42, 0.004, 8.98, 28.85);
insert into SHOT values (902, 902, 912, 2023, 7.950, 147.30, 33.00, 7.949, 147.31, 33.01, 0.002, 289.54, 3.20);
insert into SHOT values (903, 902, 913, 2023, 7.110, 147.10, 33.50, 7.109, 147.11, 33.47, 0.005, 192.75, -64.87);
insert into SHOT values (904, 902, 914, 2023, 6.720, 150.80, 33.50, 6.722, 150.74, 33.50, 0.006, 75.43, 8.76);
insert into SHOT values (905, 902, 915, 2023, 6.650, 150.40, 34.10, 6.652, 150.41, 34.10, 0.003, 178.34, 40.65);
insert into SHOT values (906, 902, 916, 2023, 6.880, 146.80, 33.20, 6.887, 146.75, 33.19, 0.009, 109.95, 18.62);
insert into SCRAPS values (2024, 2021, 'DodgyPlumbingResurvey-1p', 1, 35.41544, 1.09029);
 insert into SCRAPS values (2160, 2021, 'DodgyPlumbingResurvey-2p', 1, 5.76897, 0.11514);
 insert into MAPS values (2325, 2021, 'm-all-p', NULL, 1, 167.100, -29.430);
 insert into MAPITEMS values (2325, 4, 2024);
 insert into MAPITEMS values (2325, 4, 2160);
 insert into SURVEY values (2327, 18, 'Ascension', 'Ascension.CuevaPirates', 'Ascension au dessus de Muddy Hollows');
 insert into CENTRELINE values (2328, 2327, NULL, NULL, NULL, 0.00, 0.00, 0.00);
 insert into CENTRELINE values (2329, 2327, NULL, '2023-02-08', '2023-02-08', 54.11, 0.00, 0.00);
 insert into TOPO values (15, 2329);
 insert into TOPO values (16, 2329);
 insert into TOPO values (13, 2329);
 insert into TOPO values (14, 2329);
 insert into EXPLO values (10, 2329);
 insert into SHOT values (907, 917, 918, 2329, 1.960, 240.20, -13.20, 1.965, 240.22, -13.24, 0.005, 247.96, -28.70);
insert into SHOT values (908, 917, 919, 2329, 2.640, 262.40, -19.00, 2.646, 262.42, -18.97, 0.006, 271.34, -4.96);
insert into SHOT values (909, 917, 920, 2329, 1.320, 289.90, -30.50, 1.318, 289.55, -30.54, 0.007, 184.51, -0.40);
insert into SHOT values (910, 917, 921, 2329, 1.380, 61.20, -44.20, 1.378, 61.62, -44.15, 0.008, 155.34, 16.00);
insert into SHOT values (911, 917, 922, 2329, 2.250, 2.80, -49.10, 2.249, 2.73, -49.12, 0.003, 234.36, 15.50);
insert into SHOT values (912, 917, 923, 2329, 3.090, 173.80, 3.50, 3.094, 173.86, 3.52, 0.005, 219.14, 15.50);
insert into SHOT values (913, 917, 924, 2329, 3.670, 150.50, 13.50, 3.675, 150.49, 13.53, 0.006, 145.94, 33.66);
insert into SHOT values (914, 917, 925, 2329, 5.570, 124.70, 16.30, 5.571, 124.79, 16.37, 0.011, 218.79, 38.44);
insert into SHOT values (915, 917, 926, 2329, 5.610, 123.80, 15.90, 5.607, 123.81, 15.94, 0.005, 292.27, 39.50);
insert into SHOT values (916, 926, 927, 2329, 0.810, 287.80, 78.60, 0.806, 288.43, 78.68, 0.005, 66.55, -56.53);
insert into SHOT values (917, 926, 928, 2329, 0.840, 53.50, -70.90, 0.836, 53.97, -71.00, 0.005, 195.22, 46.05);
insert into SHOT values (918, 926, 929, 2329, 4.370, 87.40, -4.80, 4.370, 87.50, -4.86, 0.009, 181.45, -29.84);
insert into SHOT values (919, 926, 930, 2329, 2.160, 86.40, 17.00, 2.158, 86.39, 16.97, 0.002, 280.96, -44.11);
insert into SHOT values (920, 926, 931, 2329, 1.280, 92.00, 22.50, 1.278, 91.94, 22.54, 0.002, 304.56, 4.22);
insert into SHOT values (921, 926, 932, 2329, 1.260, 272.80, 31.00, 1.262, 272.65, 31.01, 0.003, 204.52, 19.13);
insert into SHOT values (922, 926, 933, 2329, 13.130, 144.40, 30.70, 13.127, 144.41, 30.69, 0.004, 264.36, -58.55);
insert into SHOT values (923, 926, 934, 2329, 7.430, 152.70, 17.80, 7.435, 152.67, 17.78, 0.007, 124.12, -11.48);
insert into SHOT values (924, 926, 935, 2329, 11.220, 143.60, 30.80, 11.220, 143.61, 30.77, 0.006, 162.11, -60.02);
insert into SHOT values (925, 935, 936, 2329, 1.640, 69.50, -18.60, 1.641, 69.70, -18.47, 0.007, 136.69, 27.40);
insert into SHOT values (926, 935, 937, 2329, 3.010, 257.10, 14.30, 3.008, 257.11, 14.44, 0.007, 69.59, 62.98);
insert into SHOT values (927, 935, 938, 2329, 1.580, 277.60, 66.20, 1.583, 277.24, 66.35, 0.006, 155.19, 42.47);
insert into SHOT values (928, 935, 939, 2329, 1.480, 68.10, -81.40, 1.477, 69.15, -81.25, 0.006, 118.67, 32.32);
insert into SHOT values (929, 935, 940, 2329, 2.540, 111.20, 8.70, 2.541, 111.25, 8.83, 0.006, 202.71, 69.10);
insert into SHOT values (930, 935, 941, 2329, 2.770, 215.20, 26.60, 2.768, 215.30, 26.61, 0.005, 329.66, -3.70);
insert into SHOT values (931, 935, 942, 2329, 3.030, 8.90, -31.30, 3.030, 8.88, -31.21, 0.005, 345.81, 61.71);
insert into SHOT values (932, 935, 943, 2329, 12.710, 156.60, 29.50, 12.708, 156.61, 29.51, 0.004, 305.77, 17.49);
insert into SHOT values (933, 943, 944, 2329, 12.750, 158.30, 30.10, 12.754, 158.30, 30.12, 0.006, 125.69, 72.81);
insert into SHOT values (934, 943, 945, 2329, 2.510, 65.70, -10.70, 2.509, 65.83, -10.57, 0.008, 156.46, 48.17);
insert into SHOT values (935, 943, 946, 2329, 1.370, 260.70, 27.40, 1.370, 260.54, 27.38, 0.003, 174.69, -7.81);
insert into SHOT values (936, 943, 947, 2329, 0.520, 155.20, 89.30, 0.520, 135.00, 88.44, 0.008, 119.99, 0.26);
insert into SHOT values (937, 943, 948, 2329, 1.790, 10.10, -83.00, 1.783, 10.78, -83.11, 0.008, 159.89, 52.68);
insert into SHOT values (938, 943, 949, 2329, 3.750, 113.30, 2.40, 3.761, 113.36, 2.44, 0.012, 132.14, 13.96);
insert into SHOT values (939, 943, 950, 2329, 2.390, 179.00, 14.50, 2.397, 178.77, 14.50, 0.012, 123.97, 7.82);
insert into SHOT values (940, 943, 951, 2329, 3.650, 300.10, -7.30, 3.645, 300.04, -7.25, 0.007, 158.76, 31.86);
insert into SHOT values (941, 943, 952, 2329, 2.420, 32.10, -15.50, 2.414, 32.19, -15.37, 0.009, 171.83, 50.52);
insert into SHOT values (942, 943, 953, 2329, 7.320, 143.50, 17.30, 7.324, 143.49, 17.32, 0.005, 124.38, 42.73);
insert into SHOT values (943, 953, 954, 2329, 7.300, 145.10, 17.60, 7.303, 145.12, 17.62, 0.004, 200.22, 38.86);
insert into SHOT values (944, 953, 955, 2329, 0.780, 137.00, -36.40, 0.780, 136.93, -36.15, 0.004, 114.75, 54.90);
insert into SHOT values (945, 953, 956, 2329, 1.720, 73.20, 4.40, 1.717, 73.36, 4.34, 0.006, 197.03, -18.26);
insert into SHOT values (946, 953, 957, 2329, 2.070, 248.10, -3.00, 2.072, 248.15, -3.04, 0.003, 297.04, -36.40);
insert into SHOT values (947, 953, 958, 2329, 1.280, 98.70, -78.10, 1.277, 98.75, -78.12, 0.003, 265.20, 69.98);
insert into SHOT values (948, 953, 959, 2329, 2.450, 98.10, 20.20, 2.456, 98.24, 20.25, 0.008, 148.92, 29.74);
insert into SHOT values (949, 953, 960, 2329, 5.830, 206.40, 22.10, 5.829, 206.38, 22.07, 0.004, 133.32, -54.33);
insert into SHOT values (950, 953, 961, 2329, 4.670, 143.80, 31.00, 4.670, 143.73, 30.92, 0.008, 87.65, -41.90);
insert into SHOT values (951, 953, 962, 2329, 4.660, 141.90, 30.40, 4.659, 141.87, 30.43, 0.003, 358.82, 32.64);
insert into SHOT values (952, 953, 963, 2329, 4.620, 141.80, 30.90, 4.621, 141.86, 30.86, 0.006, 198.20, -27.57);
insert into SHOT values (953, 963, 964, 2329, 0.670, 194.00, -39.60, 0.670, 193.50, -39.90, 0.006, 79.47, -30.46);
insert into SHOT values (954, 963, 965, 2329, 1.200, 53.40, -44.90, 1.208, 53.53, -44.73, 0.009, 67.14, -19.71);
insert into SHOT values (955, 963, 966, 2329, 2.030, 130.90, -7.20, 2.036, 130.79, -7.05, 0.009, 99.97, 29.47);
insert into SHOT values (956, 963, 967, 2329, 2.190, 110.60, -11.30, 2.188, 110.46, -11.33, 0.006, 357.64, -8.91);
insert into SHOT values (957, 963, 968, 2329, 1.510, 102.20, -20.70, 1.508, 102.26, -20.57, 0.004, 202.46, 66.59);
insert into SHOT values (958, 917, 969, 2329, 2.220, 335.50, -48.90, 2.220, 335.36, -48.78, 0.006, 292.86, 29.16);
insert into SHOT values (959, 969, 970, 2329, 0.650, 62.60, 7.10, 0.653, 63.43, 7.03, 0.010, 132.94, -1.95);
insert into SHOT values (960, 969, 971, 2329, 0.350, 318.60, 70.30, 0.347, 318.81, 72.14, 0.012, 136.65, 2.38);
insert into SHOT values (961, 969, 972, 2329, 1.250, 276.00, 2.80, 1.248, 275.98, 2.76, 0.002, 106.83, -31.36);
insert into SHOT values (962, 969, 973, 2329, 4.050, 325.30, -24.60, 4.043, 325.31, -24.71, 0.011, 139.77, -22.55);
insert into SHOT values (963, 973, 974, 2329, 2.650, 232.50, 6.80, 2.652, 232.56, 6.93, 0.007, 307.89, 63.95);
insert into SHOT values (964, 973, 975, 2329, 0.270, 62.00, -87.40, 0.270, 45.00, -87.00, 0.004, 349.15, -3.68);
insert into SHOT values (965, 973, 976, 2329, 0.580, 46.00, 8.80, 0.580, 45.71, 8.93, 0.003, 308.60, 23.26);
insert into SHOT values (966, 973, 977, 2329, 0.550, 293.20, 44.10, 0.561, 293.39, 44.05, 0.011, 302.29, 41.32);
insert into SHOT values (967, 973, 978, 2329, 2.800, 275.10, -13.90, 2.802, 275.06, -13.83, 0.004, 239.61, 39.57);
insert into SHOT values (968, 973, 979, 2329, 1.010, 319.40, -22.70, 1.014, 319.33, -22.62, 0.004, 304.95, -3.03);
insert into SHOT values (969, 973, 980, 2329, 6.360, 293.80, -24.30, 6.363, 293.78, -24.22, 0.010, 277.46, 48.19);
insert into SCRAPS values (2330, 2327, 'SalinasNew2-1p', 1, 38.59414, 0.14023);
 insert into MAPS values (2426, 2327, 'm-all-p', NULL, 1, 54.110, -24.060);
 insert into MAPITEMS values (2426, 4, 2330);
 insert into SURVEY values (2428, 18, 'PrioriteADroite', 'PrioriteADroite.CuevaPirates', 'Passage de la priorite a droite');
 insert into CENTRELINE values (2429, 2428, NULL, NULL, NULL, 0.00, 0.00, 0.00);
 insert into CENTRELINE values (2430, 2428, NULL, '2023-02-08', '2023-02-08', 147.81, 0.00, 0.00);
 insert into TOPO values (15, 2430);
 insert into TOPO values (16, 2430);
 insert into TOPO values (13, 2430);
 insert into TOPO values (14, 2430);
 insert into EXPLO values (10, 2430);
 insert into SHOT values (970, 981, 982, 2430, 11.410, 220.30, -1.50, 11.412, 220.31, -1.51, 0.003, 250.59, -25.12);
insert into SHOT values (971, 981, 983, 2430, 7.210, 220.00, -1.10, 7.161, 219.56, -1.12, 0.074, 88.32, -1.23);
insert into SHOT values (972, 981, 984, 2430, 2.430, 113.00, 17.40, 2.429, 113.13, 17.49, 0.007, 228.38, 29.12);
insert into SHOT values (973, 981, 985, 2430, 10.610, 137.90, 19.00, 10.610, 137.95, 18.98, 0.010, 221.04, -26.28);
insert into SHOT values (974, 981, 986, 2430, 5.200, 154.40, 19.90, 5.199, 154.43, 19.90, 0.003, 259.62, 0.55);
insert into SHOT values (975, 981, 987, 2430, 3.080, 182.30, 10.50, 3.084, 182.27, 10.46, 0.004, 159.06, -16.65);
insert into SHOT values (976, 981, 988, 2430, 2.270, 234.30, -1.80, 2.271, 234.14, -1.77, 0.007, 157.27, 11.29);
insert into SHOT values (977, 981, 989, 2430, 1.650, 294.80, 1.80, 1.652, 294.70, 1.73, 0.004, 238.88, -28.30);
insert into SHOT values (978, 981, 990, 2430, 3.040, 342.00, 3.40, 3.035, 341.92, 3.40, 0.007, 200.11, -2.56);
insert into SHOT values (979, 981, 991, 2430, 2.210, 55.20, 8.20, 2.201, 55.29, 8.36, 0.011, 216.43, 24.69);
insert into SHOT values (980, 983, 992, 2430, 3.300, 357.00, 40.50, 3.307, 357.04, 40.54, 0.008, 17.96, 57.72);
insert into SHOT values (981, 983, 993, 2430, 1.440, 289.20, 74.80, 1.442, 289.86, 74.60, 0.007, 329.42, 3.18);
insert into SHOT values (982, 983, 994, 2430, 0.540, 206.60, -78.50, 0.530, 209.05, -78.80, 0.011, 344.01, 54.57);
insert into SHOT values (983, 983, 995, 2430, 9.480, 198.20, 15.40, 9.447, 197.46, 15.60, 0.127, 88.90, 10.24);
insert into SHOT values (984, 983, 996, 2430, 1.440, 119.80, 3.50, 1.440, 119.60, 3.58, 0.006, 32.54, 22.25);
insert into SHOT values (985, 983, 997, 2430, 1.110, 286.00, 1.20, 1.114, 286.16, 1.54, 0.009, 321.80, 52.25);
insert into SHOT values (986, 983, 998, 2430, 1.090, 47.00, 81.10, 1.093, 45.00, 81.07, 0.007, 326.28, 27.50);
insert into SHOT values (987, 983, 999, 2430, 1.200, 162.70, -83.00, 1.199, 164.05, -83.02, 0.004, 263.90, 16.74);
insert into SHOT values (988, 983, 1000, 2430, 1.830, 162.40, 10.80, 1.827, 162.47, 11.04, 0.009, 314.23, 55.17);
insert into SHOT values (989, 983, 1001, 2430, 1.480, 236.80, 16.50, 1.478, 237.09, 16.51, 0.007, 339.77, -2.62);
insert into SHOT values (990, 995, 1002, 2430, 2.230, 116.50, 6.10, 2.227, 116.57, 6.19, 0.005, 262.08, 34.28);
insert into SHOT values (991, 995, 1003, 2430, 0.930, 299.40, 3.90, 0.933, 299.59, 3.69, 0.006, 339.96, -34.09);
insert into SHOT values (992, 995, 1004, 2430, 1.560, 114.10, 82.80, 1.561, 115.20, 83.09, 0.009, 268.90, 15.18);
insert into SHOT values (993, 995, 1005, 2430, 1.370, 288.80, -85.30, 1.375, 289.98, -85.12, 0.007, 315.69, -40.76);
insert into SHOT values (994, 995, 1006, 2430, 2.540, 158.10, 15.40, 2.536, 158.16, 15.32, 0.006, 301.75, -48.68);
insert into SHOT values (995, 995, 1007, 2430, 2.970, 236.90, 22.30, 2.977, 237.00, 22.31, 0.009, 274.39, 20.47);
insert into SHOT values (996, 995, 1008, 2430, 2.380, 211.10, 61.20, 2.376, 211.48, 61.08, 0.010, 282.88, -35.19);
insert into SHOT values (997, 995, 1009, 2430, 7.340, 195.00, 16.90, 7.310, 194.41, 17.02, 0.079, 79.99, 4.53);
insert into SHOT values (998, 1009, 1010, 2430, 1.780, 134.00, 9.60, 1.779, 134.08, 9.71, 0.004, 251.72, 50.19);
insert into SHOT values (999, 1009, 1011, 2430, 1.560, 302.70, 10.60, 1.561, 302.76, 10.71, 0.003, 12.46, 61.54);
insert into SHOT values (1000, 1009, 1012, 2430, 1.750, 308.90, 87.90, 1.751, 308.66, 87.90, 0.001, 199.26, 76.37);
insert into SHOT values (1001, 1009, 1013, 2430, 0.910, 287.90, -68.30, 0.906, 288.97, -68.06, 0.009, 1.59, 39.92);
insert into SHOT values (1002, 1009, 1014, 2430, 1.880, 260.90, 25.20, 1.880, 260.87, 25.18, 0.001, 199.22, -24.55);
insert into SHOT values (1003, 1009, 1015, 2430, 2.250, 191.10, 34.20, 2.248, 191.19, 34.39, 0.008, 344.21, 39.88);
insert into SHOT values (1004, 1009, 1016, 2430, 3.300, 241.60, 43.90, 3.300, 241.60, 43.95, 0.003, 60.04, 43.06);
insert into SHOT values (1005, 1009, 1017, 2430, 4.110, 82.00, -5.60, 4.109, 81.99, -5.59, 0.001, 321.61, 48.91);
insert into SHOT values (1006, 1009, 1018, 2430, 4.020, 45.70, -8.50, 4.025, 45.71, -8.43, 0.007, 54.60, 37.12);
insert into SHOT values (1007, 1009, 1019, 2430, 4.140, 66.70, -7.20, 4.140, 66.62, -7.22, 0.006, 335.99, -10.82);
insert into SHOT values (1008, 1009, 1020, 2430, 3.430, 104.00, -5.10, 3.433, 103.87, -5.01, 0.010, 37.88, 30.77);
insert into SHOT values (1009, 1009, 1021, 2430, 2.510, 342.60, -8.20, 2.509, 342.66, -8.25, 0.004, 102.66, -33.79);
insert into SHOT values (1010, 1009, 1022, 2430, 1.870, 320.20, -1.60, 1.875, 320.19, -1.53, 0.006, 318.19, 23.09);
insert into SHOT values (1011, 1009, 1023, 2430, 2.170, 254.80, 10.00, 2.168, 254.79, 10.09, 0.004, 82.31, 54.24);
insert into SHOT values (1012, 1009, 1024, 2430, 12.530, 213.10, 26.20, 12.484, 212.41, 26.65, 0.173, 90.65, 23.05);
insert into SHOT values (1013, 1024, 1025, 2430, 12.170, 213.00, 25.50, 12.172, 213.04, 25.50, 0.008, 287.52, 4.99);
insert into SHOT values (1014, 1024, 1026, 2430, 1.090, 115.80, -1.50, 1.087, 115.62, -1.58, 0.005, 346.58, -18.60);
insert into SHOT values (1015, 1024, 1027, 2430, 1.490, 183.50, 78.80, 1.489, 183.95, 78.74, 0.003, 244.13, -32.06);
insert into SHOT values (1016, 1024, 1028, 2430, 1.000, 172.20, -85.80, 1.002, 180.00, -86.00, 0.011, 284.45, -14.66);
insert into SHOT values (1017, 1024, 1029, 2430, 2.350, 156.80, 6.40, 2.353, 156.83, 6.34, 0.004, 179.90, -29.20);
insert into SHOT values (1018, 1024, 1030, 2430, 2.110, 176.20, 47.60, 2.104, 176.37, 47.45, 0.009, 265.34, -62.12);
insert into SHOT values (1019, 1024, 1031, 2430, 1.970, 189.10, 61.60, 1.965, 189.26, 61.68, 0.006, 340.77, -27.89);
insert into SHOT values (1020, 1024, 1032, 2430, 1.500, 167.70, -22.50, 1.498, 167.88, -22.78, 0.009, 307.51, -42.23);
insert into SHOT values (1021, 1024, 1033, 2430, 8.330, 202.00, 16.90, 8.290, 201.39, 17.05, 0.097, 84.10, 5.02);
insert into SHOT values (1022, 1033, 1034, 2430, 0.810, 105.90, 13.50, 0.804, 106.35, 13.66, 0.009, 240.57, 6.04);
insert into SHOT values (1023, 1033, 1035, 2430, 4.020, 275.00, -10.30, 4.020, 274.93, -10.32, 0.005, 177.97, -14.43);
insert into SHOT values (1024, 1033, 1036, 2430, 0.710, 314.40, 80.50, 0.710, 311.63, 80.24, 0.007, 252.41, -2.29);
insert into SHOT values (1025, 1033, 1037, 2430, 0.520, 145.60, -72.50, 0.513, 148.39, -72.70, 0.010, 263.30, 35.23);
insert into SHOT values (1026, 1033, 1038, 2430, 1.850, 162.10, 12.50, 1.850, 162.27, 12.49, 0.005, 255.99, -4.47);
insert into SHOT values (1027, 1033, 1039, 2430, 1.760, 236.30, 14.90, 1.767, 236.22, 14.76, 0.008, 218.37, -17.61);
insert into SHOT values (1028, 1033, 1040, 2430, 5.310, 207.60, 10.60, 5.275, 207.21, 10.71, 0.051, 72.21, 3.64);
insert into SHOT values (1029, 1033, 1041, 2430, 10.490, 299.40, -18.90, 10.493, 299.38, -18.91, 0.005, 242.27, -26.77);
insert into SHOT values (1030, 1033, 1042, 2430, 5.100, 310.40, -20.70, 5.103, 310.33, -20.66, 0.008, 253.58, 20.78);
insert into SHOT values (1031, 1033, 1043, 2430, 4.320, 287.00, -15.40, 4.328, 287.00, -15.41, 0.008, 287.99, -20.56);
insert into SHOT values (1032, 1033, 1044, 2430, 4.180, 276.30, -10.70, 4.188, 276.28, -10.73, 0.008, 264.55, -27.50);
insert into SHOT values (1033, 1033, 1045, 2430, 3.430, 268.70, -6.00, 3.430, 268.66, -6.02, 0.003, 172.75, -29.16);
insert into SHOT values (1034, 1033, 1046, 2430, 1.630, 258.30, 0.90, 1.634, 258.35, 1.05, 0.006, 277.05, 47.04);
insert into SHOT values (1035, 1040, 1047, 2430, 1.190, 125.40, 4.20, 1.188, 125.03, 4.34, 0.008, 19.16, 19.74);
insert into SHOT values (1036, 1040, 1048, 2430, 2.010, 290.50, -13.10, 2.009, 290.66, -13.24, 0.007, 40.17, -37.57);
insert into SHOT values (1037, 1040, 1049, 2430, 1.000, 153.00, 68.10, 1.001, 152.74, 68.24, 0.003, 15.95, 41.71);
insert into SHOT values (1038, 1040, 1050, 2430, 1.250, 269.80, -76.20, 1.244, 270.00, -76.52, 0.009, 82.74, 25.45);
insert into SHOT values (1039, 1040, 1051, 2430, 1.960, 174.00, -2.00, 1.953, 173.82, -2.05, 0.010, 33.02, -9.41);
insert into SHOT values (1040, 1040, 1052, 2430, 2.360, 228.50, 1.20, 2.352, 228.45, 1.22, 0.008, 64.30, 4.15);
insert into SHOT values (1041, 1040, 1053, 2430, 2.100, 216.60, 38.60, 2.091, 216.52, 38.79, 0.011, 48.35, -0.74);
insert into SHOT values (1042, 1040, 1054, 2430, 5.800, 212.70, -4.10, 5.827, 211.42, -4.13, 0.132, 133.88, -2.30);
insert into SHOT values (1043, 1054, 1055, 2430, 1.300, 126.80, 14.90, 1.301, 126.60, 14.70, 0.006, 57.84, -41.77);
insert into SHOT values (1044, 1054, 1056, 2430, 0.530, 297.90, 35.10, 0.528, 298.93, 34.64, 0.009, 24.39, -31.38);
insert into SHOT values (1045, 1054, 1057, 2430, 3.140, 88.80, 87.10, 3.144, 86.42, 87.08, 0.008, 9.97, 30.69);
insert into SHOT values (1046, 1054, 1058, 2430, 1.150, 280.00, -74.30, 1.154, 280.95, -74.12, 0.008, 329.32, -22.73);
insert into SHOT values (1047, 1054, 1059, 2430, 5.230, 172.40, 15.10, 5.225, 172.37, 15.09, 0.006, 23.30, -23.85);
insert into SHOT values (1048, 1054, 1060, 2430, 4.000, 220.80, -2.70, 3.996, 220.83, -2.73, 0.005, 9.60, -18.58);
insert into SHOT values (1049, 1054, 1061, 2430, 3.320, 193.20, 32.60, 3.318, 193.24, 32.64, 0.004, 336.62, 21.12);
insert into SHOT values (1050, 1054, 1062, 2430, 7.640, 200.50, -2.50, 7.692, 199.14, -2.53, 0.189, 125.86, -2.05);
insert into SHOT values (1051, 1062, 1063, 2430, 1.980, 152.60, 13.00, 1.977, 152.50, 12.86, 0.006, 37.43, -56.68);
insert into SHOT values (1052, 1062, 1064, 2430, 1.680, 320.00, 4.00, 1.679, 319.84, 4.10, 0.005, 215.73, 30.84);
insert into SHOT values (1053, 1062, 1065, 2430, 1.100, 266.70, 81.90, 1.100, 266.19, 82.15, 0.005, 102.83, 11.34);
insert into SHOT values (1054, 1062, 1066, 2430, 0.440, 78.70, -75.10, 0.444, 79.70, -75.43, 0.005, 203.55, -63.73);
insert into SHOT values (1055, 1062, 1067, 2430, 2.890, 177.30, 20.10, 2.888, 177.25, 20.05, 0.004, 65.77, -53.37);
insert into SHOT values (1056, 1062, 1068, 2430, 2.540, 194.30, 17.70, 2.535, 194.38, 17.68, 0.006, 334.12, -22.87);
insert into SHOT values (1057, 1062, 1069, 2430, 2.360, 204.60, 15.40, 2.363, 204.65, 15.46, 0.005, 246.38, 46.58);
insert into SHOT values (1058, 1062, 1070, 2430, 2.650, 215.40, 10.90, 2.650, 215.46, 10.87, 0.003, 293.27, -21.29);
insert into SHOT values (1059, 1062, 1071, 2430, 2.140, 261.10, -2.10, 2.137, 261.11, -2.15, 0.003, 73.05, -28.27);
insert into SHOT values (1060, 1062, 1072, 2430, 2.480, 248.00, 3.90, 2.477, 247.90, 3.93, 0.005, 127.39, 14.40);
insert into SHOT values (1061, 1062, 1073, 2430, 2.620, 253.60, 0.90, 2.617, 253.57, 0.88, 0.003, 96.58, -20.33);
insert into SHOT values (1062, 1062, 1074, 2430, 1.520, 249.00, -19.90, 1.516, 249.02, -20.06, 0.006, 63.02, -28.48);
insert into SHOT values (1063, 1062, 1075, 2430, 4.190, 249.70, -20.00, 4.140, 248.72, -20.21, 0.085, 121.17, 2.06);
insert into SHOT values (1064, 1075, 1076, 2430, 1.800, 134.40, 3.20, 1.799, 134.55, 3.19, 0.005, 237.58, -5.70);
insert into SHOT values (1065, 1075, 1077, 2430, 2.050, 335.40, -0.10, 2.045, 335.44, -0.28, 0.008, 139.36, -51.11);
insert into SHOT values (1066, 1075, 1078, 2430, 0.570, 264.20, 62.10, 0.564, 263.42, 62.37, 0.007, 119.64, -31.31);
insert into SHOT values (1067, 1075, 1079, 2430, 0.640, 142.30, -82.20, 0.646, 144.46, -82.34, 0.007, 247.73, -60.38);
insert into SHOT values (1068, 1075, 1080, 2430, 0.400, 262.20, 6.50, 0.397, 261.25, 5.79, 0.009, 148.25, -36.53);
insert into SHOT values (1069, 1075, 1081, 2430, 2.560, 186.30, 1.20, 2.566, 186.27, 1.12, 0.007, 171.88, -30.72);
insert into SHOT values (1070, 1075, 1082, 2430, 1.660, 225.90, 1.80, 1.663, 225.73, 1.72, 0.006, 164.34, -21.06);
insert into SHOT values (1071, 1075, 1083, 2430, 6.570, 224.10, -9.70, 6.576, 222.75, -9.72, 0.153, 135.68, -1.13);
insert into SHOT values (1072, 1083, 1084, 2430, 1.490, 69.20, 5.80, 1.492, 69.49, 5.77, 0.008, 146.48, -4.27);
insert into SHOT values (1073, 1083, 1085, 2430, 0.420, 255.50, 13.60, 0.415, 254.25, 12.52, 0.013, 146.17, -43.05);
insert into SHOT values (1074, 1083, 1086, 2430, 0.860, 189.40, 87.40, 0.851, 180.00, 87.31, 0.011, 103.35, -54.30);
insert into SHOT values (1075, 1083, 1087, 2430, 0.910, 100.70, -76.90, 0.915, 100.78, -76.49, 0.008, 103.09, -26.06);
insert into SHOT values (1076, 1083, 1088, 2430, 1.880, 96.70, 15.70, 1.880, 96.65, 15.42, 0.009, 65.15, -72.48);
insert into SHOT values (1077, 1083, 1089, 2430, 1.790, 171.80, 18.50, 1.788, 171.54, 18.25, 0.011, 88.95, -45.31);
insert into SHOT values (1078, 1083, 1090, 2430, 2.280, 138.80, 49.30, 2.274, 138.81, 49.13, 0.009, 153.08, -80.16);
insert into SHOT values (1079, 1083, 1091, 2430, 2.230, 56.20, 5.10, 2.230, 56.38, 4.89, 0.011, 143.00, -49.44);
insert into SHOT values (1080, 1083, 1092, 2430, 5.950, 147.50, 26.80, 6.067, 147.21, 26.11, 0.140, 136.27, -5.21);
insert into SHOT values (1081, 1092, 1093, 2430, 2.310, 294.00, -4.30, 2.316, 294.01, -4.21, 0.007, 298.62, 26.44);
insert into SHOT values (1082, 1092, 1094, 2430, 2.430, 291.10, -5.00, 2.434, 291.27, -4.95, 0.009, 349.71, 11.65);
insert into SHOT values (1083, 1092, 1095, 2430, 0.970, 263.00, 70.70, 0.975, 264.64, 70.74, 0.010, 348.83, 26.02);
insert into SHOT values (1084, 1092, 1096, 2430, 1.990, 177.70, 40.20, 1.980, 177.72, 40.27, 0.010, 353.47, -26.92);
insert into SHOT values (1085, 1092, 1097, 2430, 2.620, 274.50, -1.10, 2.629, 274.58, -1.09, 0.010, 297.61, 1.76);
insert into SHOT values (1086, 1092, 1098, 2430, 1.620, 222.20, 13.10, 1.614, 222.42, 13.25, 0.009, 359.15, 17.66);
insert into SHOT values (1087, 1092, 1099, 2430, 8.710, 220.70, 1.70, 8.726, 219.09, 1.64, 0.245, 133.72, -1.96);
insert into SHOT values (1088, 1092, 1100, 2430, 2.950, 28.10, 13.40, 2.956, 27.99, 13.30, 0.009, 349.05, -22.73);
insert into SHOT values (1089, 1092, 1101, 2430, 5.380, 53.10, 22.30, 5.380, 53.08, 22.28, 0.002, 338.18, -45.79);
insert into SHOT values (1090, 1092, 1102, 2430, 4.740, 64.50, 29.70, 4.739, 64.37, 29.73, 0.010, 320.12, 8.93);
insert into SHOT values (1091, 1092, 1103, 2430, 1.070, 78.10, 45.00, 1.073, 77.80, 45.11, 0.005, 355.07, 40.33);
insert into SHOT values (1092, 1092, 1104, 2430, 2.220, 34.80, 27.20, 2.221, 34.49, 27.05, 0.012, 321.48, -23.31);
insert into SHOT values (1093, 1092, 1105, 2430, 2.880, 19.50, 6.30, 2.880, 19.38, 6.38, 0.007, 285.94, 34.45);
insert into SHOT values (1094, 1092, 1106, 2430, 1.130, 104.00, 3.00, 1.125, 103.91, 3.06, 0.006, 301.29, 8.48);
insert into SHOT values (1095, 1092, 1107, 2430, 1.700, 296.40, 10.90, 1.707, 296.57, 10.80, 0.009, 328.46, -9.13);
insert into SHOT values (1096, 1092, 1108, 2430, 1.260, 269.60, 85.30, 1.265, 270.00, 85.01, 0.008, 276.09, 31.93);
insert into SHOT values (1097, 1092, 1109, 2430, 0.640, 154.00, -85.60, 0.642, 153.43, -86.00, 0.005, 339.75, -23.19);
insert into SHOT values (1098, 1092, 1110, 2430, 1.890, 261.30, 14.10, 1.897, 261.56, 14.04, 0.011, 312.14, -2.29);
insert into SHOT values (1099, 1092, 1111, 2430, 3.340, 243.20, 15.80, 3.337, 243.36, 15.82, 0.009, 351.19, 3.66);
insert into SHOT values (1100, 1099, 1112, 2430, 7.500, 232.40, 14.80, 7.492, 232.40, 14.77, 0.009, 49.68, -41.53);
insert into SHOT values (1101, 1099, 1113, 2430, 7.420, 229.80, 15.20, 7.418, 229.82, 15.16, 0.006, 332.84, -70.14);
insert into SHOT values (1102, 1099, 1114, 2430, 3.000, 218.60, 17.00, 2.996, 218.63, 16.88, 0.007, 356.13, -73.41);
insert into SHOT values (1103, 1099, 1115, 2430, 2.800, 201.40, 16.70, 2.802, 201.41, 16.59, 0.006, 205.59, -54.20);
insert into SHOT values (1104, 1099, 1116, 2430, 2.100, 185.60, 3.30, 2.093, 185.49, 3.29, 0.008, 35.14, -6.34);
insert into SHOT values (1105, 1099, 1117, 2430, 4.370, 174.10, -4.20, 4.365, 174.07, -4.20, 0.006, 21.15, 0.53);
insert into SHOT values (1106, 1099, 1118, 2430, 1.950, 149.10, 1.20, 1.947, 149.09, 1.18, 0.003, 337.48, -15.14);
insert into SHOT values (1107, 1099, 1119, 2430, 2.040, 328.30, 3.40, 2.038, 328.26, 3.38, 0.003, 178.34, -20.74);
insert into SHOT values (1108, 1099, 1120, 2430, 2.240, 337.40, -1.80, 2.243, 337.44, -1.79, 0.003, 7.46, 6.72);
insert into SHOT values (1109, 1099, 1121, 2430, 1.970, 74.50, 5.30, 1.971, 74.34, 5.24, 0.006, 357.67, -18.77);
insert into SHOT values (1110, 1099, 1122, 2430, 0.500, 53.30, 1.20, 0.500, 53.13, 1.15, 0.002, 327.45, -17.59);
insert into SHOT values (1111, 1099, 1123, 2430, 4.040, 180.30, -17.20, 4.042, 180.30, -17.27, 0.005, 164.11, -81.93);
insert into SHOT values (1112, 1099, 1124, 2430, 4.030, 179.20, -17.30, 4.033, 179.11, -17.31, 0.007, 113.19, -13.02);
insert into SHOT values (1113, 1099, 1125, 2430, 1.510, 304.60, -3.00, 1.511, 304.74, -3.03, 0.004, 18.28, -13.90);
insert into SHOT values (1114, 1124, 1126, 2430, 1.450, 243.30, 78.60, 1.449, 245.22, 78.60, 0.010, 335.73, -8.23);
insert into SHOT values (1115, 1124, 1127, 2430, 1.530, 304.50, -63.80, 1.531, 304.85, -63.52, 0.009, 335.94, 19.12);
insert into SHOT values (1116, 1124, 1128, 2430, 1.180, 202.00, 11.80, 1.182, 202.35, 11.72, 0.007, 277.46, -10.05);
insert into SHOT values (1117, 1124, 1129, 2430, 2.050, 227.50, 3.00, 2.049, 227.58, 3.08, 0.004, 347.96, 40.89);
insert into SHOT values (1118, 1124, 1130, 2430, 1.770, 271.30, -3.60, 1.774, 271.29, -3.56, 0.004, 268.88, 16.10);
insert into SHOT values (1119, 1124, 1131, 2430, 6.630, 72.90, 35.10, 6.626, 72.84, 35.10, 0.007, 317.92, -18.64);
insert into SHOT values (1120, 1124, 1132, 2430, 1.700, 42.50, 35.30, 1.699, 42.08, 35.23, 0.010, 313.97, -13.02);
insert into SHOT values (1121, 1124, 1133, 2430, 2.110, 338.90, 19.10, 2.110, 338.84, 19.08, 0.002, 265.83, -10.91);
insert into SHOT values (1122, 1124, 1134, 2430, 3.870, 249.90, -22.90, 3.872, 249.99, -22.95, 0.007, 337.40, -36.29);
insert into SHOT values (1123, 1134, 1135, 2430, 1.220, 94.60, 3.10, 1.216, 94.72, 3.30, 0.006, 241.80, 39.57);
insert into SHOT values (1124, 1134, 1136, 2430, 0.920, 259.60, 2.10, 0.927, 259.42, 2.47, 0.009, 234.82, 41.93);
insert into SHOT values (1125, 1134, 1137, 2430, 1.180, 170.90, 72.40, 1.184, 170.27, 72.55, 0.007, 57.14, 50.93);
insert into SHOT values (1126, 1134, 1138, 2430, 0.630, 56.20, -77.20, 0.625, 53.97, -77.43, 0.008, 291.48, 34.04);
insert into SHOT values (1127, 1134, 1139, 2430, 1.450, 143.90, -3.60, 1.449, 144.00, -3.56, 0.003, 254.66, 20.85);
insert into SHOT values (1128, 1134, 1140, 2430, 1.400, 219.40, -0.40, 1.399, 219.49, -0.41, 0.002, 322.16, -5.67);
insert into SHOT values (1129, 1134, 1141, 2430, 2.190, 13.00, 11.40, 2.189, 12.93, 11.60, 0.008, 238.78, 64.39);
insert into SHOT values (1130, 1134, 1142, 2430, 3.540, 176.30, -12.80, 3.544, 176.35, -12.71, 0.007, 208.17, 36.15);
insert into SHOT values (1131, 1134, 1143, 2430, 2.400, 175.40, -6.50, 2.403, 175.44, -6.45, 0.004, 201.75, 26.76);
insert into SHOT values (1132, 1134, 1144, 2430, 2.750, 173.90, -9.90, 2.746, 173.85, -9.85, 0.005, 29.79, 33.26);
insert into SHOT values (1133, 1144, 1145, 2430, 2.750, 175.30, -9.40, 2.756, 175.36, -9.40, 0.007, 200.86, -7.51);
insert into SHOT values (1134, 1144, 1146, 2430, 2.770, 173.70, -9.90, 2.778, 173.71, -9.95, 0.009, 175.84, -25.87);
insert into SHOT values (1135, 1144, 1147, 2430, 0.590, 280.90, -9.70, 0.589, 280.92, -9.77, 0.001, 88.47, -28.85);
insert into SHOT values (1136, 1144, 1148, 2430, 1.540, 230.80, -15.80, 1.544, 230.74, -15.79, 0.004, 205.90, -10.18);
insert into SHOT values (1137, 1144, 1149, 2430, 4.610, 216.80, -14.10, 4.610, 216.82, -14.06, 0.004, 275.31, 60.89);
insert into SHOT values (1138, 1144, 1150, 2430, 1.350, 192.10, -24.00, 1.354, 192.13, -23.96, 0.004, 199.79, -11.70);
insert into SHOT values (1139, 1144, 1151, 2430, 1.320, 167.50, -24.20, 1.323, 167.57, -24.08, 0.005, 187.44, 13.49);
insert into SHOT values (1140, 1144, 1152, 2430, 1.350, 129.40, -23.30, 1.344, 129.75, -23.22, 0.010, 249.73, 24.74);
insert into SHOT values (1141, 1144, 1153, 2430, 0.950, 104.90, -83.50, 0.946, 106.70, -83.66, 0.006, 239.13, 40.40);
insert into SHOT values (1142, 1144, 1154, 2430, 0.720, 56.80, -6.40, 0.720, 56.98, -6.38, 0.002, 144.32, 6.67);
insert into SHOT values (1143, 1144, 1155, 2430, 5.280, 176.20, -2.80, 5.288, 176.20, -2.82, 0.008, 176.44, -14.68);
insert into SHOT values (1144, 1099, 1156, 2430, 9.630, 246.00, 19.30, 9.586, 244.37, 19.44, 0.263, 144.34, 1.56);
insert into SHOT values (1145, 1156, 1157, 2430, 9.640, 237.90, 19.60, 9.633, 237.92, 19.59, 0.008, 27.74, -29.54);
insert into SHOT values (1146, 1156, 1158, 2430, 9.620, 235.30, 19.10, 9.615, 235.31, 19.12, 0.007, 36.03, 19.35);
insert into SHOT values (1147, 1156, 1159, 2430, 1.600, 131.70, -1.10, 1.594, 131.69, -1.08, 0.006, 313.47, 6.73);
insert into SHOT values (1148, 1156, 1160, 2430, 0.340, 132.30, -57.50, 0.340, 132.71, -58.61, 0.007, 299.94, -28.80);
insert into SHOT values (1149, 1156, 1161, 2430, 1.940, 172.60, 3.90, 1.941, 172.58, 3.84, 0.002, 130.60, -64.21);
insert into SHOT values (1150, 1156, 1162, 2430, 2.300, 198.30, 27.60, 2.293, 198.35, 27.53, 0.008, 0.01, -47.11);
insert into SHOT values (1151, 1156, 1163, 2430, 2.370, 219.80, 20.70, 2.369, 219.87, 20.77, 0.004, 345.09, 33.66);
insert into SHOT values (1152, 1156, 1164, 2430, 4.180, 197.60, 4.10, 4.176, 197.61, 4.12, 0.004, 9.21, 15.21);
insert into SHOT values (1153, 1156, 1165, 2430, 4.160, 198.50, 4.20, 4.217, 197.57, 4.08, 0.089, 148.43, -3.01);
insert into SHOT values (1154, 1165, 1166, 2430, 0.690, 302.50, 0.60, 0.688, 302.54, 0.83, 0.003, 110.58, 53.70);
insert into SHOT values (1155, 1165, 1167, 2430, 1.050, 271.00, 57.50, 1.052, 271.02, 57.82, 0.006, 87.84, 47.40);
insert into SHOT values (1156, 1165, 1168, 2430, 1.480, 316.80, -86.10, 1.473, 319.40, -86.41, 0.012, 110.78, 34.60);
insert into SHOT values (1157, 1165, 1169, 2430, 2.110, 215.70, -11.30, 2.105, 215.54, -11.23, 0.008, 87.84, 24.95);
insert into SHOT values (1158, 1165, 1170, 2430, 2.020, 233.70, -13.40, 2.016, 233.71, -13.48, 0.005, 47.83, -20.76);
insert into SHOT values (1159, 1165, 1171, 2430, 2.280, 264.00, -15.00, 2.280, 264.00, -15.00, 0.000, 50.35, 18.56);
insert into SHOT values (1160, 1165, 1172, 2430, 5.010, 243.60, -24.50, 4.969, 242.41, -24.74, 0.105, 127.02, -1.31);
insert into SHOT values (1161, 1172, 1173, 2430, 0.900, 154.40, 33.00, 0.897, 154.80, 33.10, 0.006, 276.56, -1.62);
insert into SHOT values (1162, 1172, 1174, 2430, 0.680, 319.30, 23.30, 0.687, 319.50, 23.16, 0.007, 337.21, 8.29);
insert into SHOT values (1163, 1172, 1175, 2430, 0.890, 245.40, 77.80, 0.892, 246.04, 77.24, 0.009, 259.26, 0.63);
insert into SHOT values (1164, 1172, 1176, 2430, 1.020, 202.60, 6.00, 1.014, 202.75, 6.23, 0.007, 358.54, 27.42);
insert into SHOT values (1165, 1172, 1177, 2430, 1.490, 228.10, 10.20, 1.498, 228.30, 10.39, 0.011, 265.59, 35.77);
insert into SHOT values (1166, 1172, 1178, 2430, 1.410, 255.80, 11.60, 1.413, 255.76, 11.85, 0.007, 220.28, 76.56);
insert into SHOT values (1167, 1172, 1179, 2430, 3.290, 212.80, -13.30, 3.313, 211.82, -13.26, 0.060, 144.75, -3.01);
insert into SHOT values (1168, 1179, 1180, 2430, 1.140, 338.70, 0.20, 1.140, 338.39, 0.00, 0.007, 250.21, -32.42);
insert into SHOT values (1169, 1179, 1181, 2430, 0.690, 42.20, -82.20, 0.685, 45.00, -82.89, 0.010, 197.21, 20.23);
insert into SHOT values (1170, 1179, 1182, 2430, 0.610, 247.40, -5.50, 0.612, 246.80, -5.62, 0.007, 175.15, -12.93);
insert into SHOT values (1171, 1179, 1183, 2430, 2.340, 307.80, -4.20, 2.344, 307.70, -4.16, 0.006, 266.65, 12.90);
insert into SHOT values (1172, 1179, 1184, 2430, 1.530, 293.70, 0.90, 1.527, 293.54, 0.75, 0.006, 170.84, -39.07);
insert into SHOT values (1173, 1179, 1185, 2430, 6.480, 274.50, -1.70, 6.386, 273.59, -1.79, 0.139, 141.14, -3.20);
insert into SHOT values (1174, 1185, 1186, 2430, 2.730, 139.80, 2.30, 2.735, 139.90, 2.31, 0.007, 185.96, 3.84);
insert into SHOT values (1175, 1185, 1187, 2430, 0.320, 230.80, 85.20, 0.321, 225.00, 84.95, 0.003, 166.29, 19.52);
insert into SHOT values (1176, 1185, 1188, 2430, 3.140, 164.70, 0.70, 3.142, 164.68, 0.73, 0.003, 135.29, 37.53);
insert into SHOT values (1177, 1185, 1189, 2430, 1.640, 211.30, 5.10, 1.645, 211.26, 5.23, 0.006, 197.82, 43.44);
insert into SHOT values (1178, 1185, 1190, 2430, 2.880, 203.40, 4.50, 2.885, 203.36, 4.57, 0.006, 177.03, 38.80);
insert into SHOT values (1179, 1185, 1191, 2430, 4.100, 192.90, -0.20, 4.104, 192.95, -0.14, 0.007, 233.18, 36.41);
insert into SHOT values (1180, 1185, 1192, 2430, 5.270, 179.90, 2.90, 5.367, 179.04, 2.78, 0.126, 140.13, -3.01);
insert into SHOT values (1181, 1192, 1193, 2430, 5.190, 178.30, 2.50, 5.187, 178.34, 2.54, 0.006, 306.02, 37.43);
insert into SHOT values (1182, 1192, 1194, 2430, 5.220, 181.00, 3.00, 5.218, 180.99, 3.08, 0.007, 25.45, 71.53);
insert into SHOT values (1183, 1192, 1195, 2430, 1.150, 304.50, 3.60, 1.154, 304.38, 3.98, 0.009, 268.86, 62.10);
insert into SHOT values (1184, 1192, 1196, 2430, 0.560, 286.50, 43.50, 0.564, 287.10, 43.70, 0.006, 353.61, 44.14);
insert into SHOT values (1185, 1192, 1197, 2430, 0.890, 300.80, -43.80, 0.885, 300.96, -43.56, 0.006, 58.55, 70.98);
insert into SHOT values (1186, 1192, 1198, 2430, 1.390, 270.90, -6.50, 1.388, 270.83, -6.20, 0.008, 152.15, 75.40);
insert into SHOT values (1187, 1192, 1199, 2430, 2.370, 254.60, -6.00, 2.365, 254.72, -5.82, 0.010, 21.98, 50.46);
insert into SHOT values (1188, 1192, 1200, 2430, 0.910, 223.00, 4.90, 0.909, 223.21, 5.05, 0.004, 331.98, 32.89);
insert into SHOT values (1189, 1192, 1201, 2430, 1.390, 46.90, 8.60, 1.388, 46.77, 8.70, 0.004, 284.79, 30.56);
insert into SHOT values (1190, 1192, 1202, 2430, 4.540, 227.30, 0.10, 4.533, 226.16, 0.13, 0.090, 132.60, 1.32);
insert into SHOT values (1191, 1202, 1203, 2430, 1.690, 154.00, -9.20, 1.690, 154.05, -9.19, 0.001, 246.32, 7.89);
insert into SHOT values (1192, 1202, 1204, 2430, 0.580, 335.40, -22.80, 0.580, 334.40, -23.37, 0.011, 230.35, -28.53);
insert into SHOT values (1193, 1202, 1205, 2430, 0.880, 86.50, -81.40, 0.880, 85.60, -81.48, 0.002, 325.62, 2.54);
insert into SHOT values (1194, 1202, 1206, 2430, 1.620, 216.90, -26.80, 1.623, 216.87, -26.72, 0.004, 206.15, 5.90);
insert into SHOT values (1195, 1202, 1207, 2430, 1.650, 266.20, -33.60, 1.653, 266.24, -33.83, 0.007, 50.21, -76.25);
insert into SHOT values (1196, 1202, 1208, 2430, 4.410, 234.40, -28.10, 4.402, 233.28, -28.19, 0.077, 136.23, -2.12);
insert into SHOT values (1197, 1208, 1209, 2430, 1.700, 74.20, 11.70, 1.699, 73.96, 11.54, 0.008, 345.18, -34.20);
insert into SHOT values (1198, 1208, 1210, 2430, 1.350, 76.70, 75.60, 1.353, 76.37, 75.47, 0.005, 49.81, 29.38);
insert into SHOT values (1199, 1208, 1211, 2430, 0.470, 315.40, -80.20, 0.467, 320.19, -80.36, 0.008, 63.78, 24.55);
insert into SHOT values (1200, 1208, 1212, 2430, 2.500, 104.80, 17.90, 2.499, 104.62, 17.95, 0.008, 359.56, 11.80);
insert into SHOT values (1201, 1208, 1213, 2430, 1.910, 137.20, 26.30, 1.912, 136.89, 26.40, 0.010, 46.07, 22.17);
insert into SHOT values (1202, 1208, 1214, 2430, 2.320, 136.30, 7.40, 2.318, 136.23, 7.44, 0.004, 8.62, 19.61);
insert into SHOT values (1203, 1208, 1215, 2430, 1.390, 102.60, 16.50, 1.496, 103.26, 15.91, 0.108, 111.57, 8.11);
insert into SHOT values (1204, 1215, 1216, 2430, 1.240, 133.50, 20.70, 1.241, 133.60, 20.77, 0.003, 222.19, 39.08);
insert into SHOT values (1205, 1215, 1217, 2430, 0.960, 204.40, 8.10, 0.959, 204.94, 8.40, 0.010, 306.88, 27.18);
insert into SHOT values (1206, 1215, 1218, 2430, 1.300, 273.00, -2.00, 1.302, 273.08, -1.76, 0.006, 307.93, 58.73);
insert into SHOT values (1207, 1215, 1219, 2430, 0.970, 182.40, 45.90, 0.969, 182.56, 46.23, 0.006, 338.70, 35.63);
insert into SHOT values (1208, 1215, 1220, 2430, 0.520, 323.70, -81.60, 0.516, 320.19, -81.29, 0.007, 256.35, 40.51);
insert into SHOT values (1209, 1215, 1221, 2430, 1.420, 176.10, 3.50, 1.416, 176.35, 3.64, 0.008, 302.44, 23.58);
insert into SHOT values (1210, 1215, 1222, 2430, 3.930, 177.60, 3.30, 3.930, 177.66, 3.36, 0.006, 270.56, 41.28);
insert into SHOT values (1211, 1215, 1223, 2430, 3.810, 178.10, 2.70, 3.806, 178.19, 2.71, 0.007, 300.76, 4.17);
insert into SHOT values (1212, 1215, 1224, 2430, 3.930, 177.40, 3.00, 3.930, 177.37, 3.06, 0.005, 73.74, 64.61);
insert into SHOT values (1213, 1215, 1225, 2430, 3.920, 176.80, 2.70, 4.014, 176.14, 2.71, 0.104, 150.38, 2.94);
insert into SHOT values (1214, 1225, 1226, 2430, 3.800, 176.80, 2.60, 3.800, 176.83, 2.56, 0.003, 275.08, -51.23);
insert into SHOT values (1215, 1225, 1227, 2430, 2.160, 145.20, 28.60, 2.159, 145.30, 28.50, 0.005, 220.36, -47.89);
insert into SHOT values (1216, 1225, 1228, 2430, 2.150, 147.20, 28.40, 2.152, 147.06, 28.30, 0.006, 92.95, -25.21);
insert into SHOT values (1217, 1225, 1229, 2430, 2.150, 144.80, 28.30, 2.152, 144.88, 28.29, 0.003, 201.04, 11.98);
insert into SCRAPS values (2431, 2428, 'PrioriteADroite-3p', 1, 35.63025, 1.04738);
 insert into SCRAPS values (2544, 2428, 'PrioriteADroite-1p', 1, 23.48712, 0.65174);
 insert into SCRAPS values (2769, 2428, 'PrioriteADroite-2p', 1, 0.00013, 0.00000);
 insert into SCRAPS values (2785, 2428, 'PrioriteADroite-1e', 2, 42.55638, 1.32047);
 insert into MAPS values (3122, 2428, 'm-all-p', NULL, 1, 147.810, -16.800);
 insert into MAPITEMS values (3122, 4, 2544);
 insert into MAPITEMS values (3122, 4, 2431);
 insert into MAPITEMS values (3122, 4, 2769);
 insert into SURVEY values (3124, 18, 'SalinasNew4', 'SalinasNew4.CuevaPirates', 'SalinasNew4');
 insert into CENTRELINE values (3125, 3124, NULL, NULL, NULL, 0.00, 0.00, 0.00);
 insert into CENTRELINE values (3126, 3124, NULL, '2023-02-09', '2023-02-09', 62.85, 0.00, 28.40);
 insert into TOPO values (13, 3126);
 insert into TOPO values (14, 3126);
 insert into EXPLO values (10, 3126);
 insert into SHOT values (1218, 1230, 1231, 3126, 3.120, 31.70, 0.60, 3.117, 31.75, 0.55, 0.005, 171.97, -31.11);
insert into SHOT values (1219, 1230, 1232, 3126, 5.490, 112.50, 30.40, 5.494, 112.45, 30.40, 0.006, 68.35, 18.37);
insert into SHOT values (1220, 1230, 1233, 3126, 3.380, 175.50, 11.90, 3.381, 175.50, 11.77, 0.008, 169.85, -67.55);
insert into SHOT values (1221, 1230, 1234, 3126, 5.720, 218.90, -10.80, 5.712, 218.85, -10.80, 0.009, 72.02, 11.75);
insert into SHOT values (1222, 1230, 1235, 3126, 7.250, 240.30, -23.90, 7.243, 240.30, -23.95, 0.009, 61.79, -17.56);
insert into SHOT values (1223, 1230, 1236, 3126, 3.020, 300.20, -36.70, 3.022, 300.27, -36.79, 0.006, 53.61, -56.82);
insert into SHOT values (1224, 1230, 1237, 3126, 4.210, 336.50, -14.70, 4.205, 336.52, -14.74, 0.006, 139.61, -16.04);
insert into SHOT values (1225, 1230, 1238, 3126, 7.640, 4.40, -5.90, 7.644, 4.45, -5.93, 0.009, 67.64, -31.75);
insert into SHOT values (1226, 1230, 1239, 3126, 6.620, 9.40, -5.60, 6.621, 9.43, -5.63, 0.006, 89.09, -45.42);
insert into SHOT_FLAG values(1226, 'dpl');
insert into SHOT values (1227, 1239, 1240, 3126, 6.620, 10.30, -5.90, 6.622, 10.32, -5.89, 0.003, 65.52, 9.67);
insert into SHOT values (1228, 1239, 1241, 3126, 2.290, 74.80, 83.10, 2.297, 75.47, 83.03, 0.008, 115.29, 52.85);
insert into SHOT values (1229, 1239, 1242, 3126, 2.810, 104.60, 35.90, 2.808, 104.53, 35.98, 0.005, 324.19, 26.29);
insert into SHOT values (1230, 1239, 1243, 3126, 0.970, 110.00, 13.00, 0.971, 109.78, 13.09, 0.004, 29.73, 25.61);
insert into SHOT values (1231, 1239, 1244, 3126, 1.510, 286.60, -1.80, 1.513, 286.52, -1.89, 0.005, 252.12, -33.85);
insert into SHOT values (1232, 1239, 1245, 3126, 1.520, 288.20, 47.90, 1.523, 288.26, 47.89, 0.003, 311.60, 40.37);
insert into SHOT values (1233, 1239, 1246, 3126, 1.960, 292.20, 77.80, 1.964, 292.83, 77.88, 0.007, 44.94, 40.78);
insert into SHOT values (1234, 1239, 1247, 3126, 4.190, 58.40, 35.80, 4.193, 58.46, 35.75, 0.006, 97.13, -9.90);
insert into SHOT values (1235, 1239, 1248, 3126, 3.680, 32.40, 44.60, 3.681, 32.35, 44.71, 0.008, 239.53, 52.61);
insert into SHOT values (1236, 1239, 1249, 3126, 3.260, 4.10, 34.70, 3.260, 4.07, 34.79, 0.006, 206.03, 48.22);
insert into SHOT values (1237, 1239, 1250, 3126, 2.790, 2.90, 5.60, 2.787, 2.89, 5.56, 0.004, 188.73, -35.48);
insert into SHOT values (1238, 1239, 1251, 3126, 2.580, 16.90, 2.10, 2.583, 16.89, 2.22, 0.006, 9.08, 60.27);
insert into SHOT values (1239, 1239, 1252, 3126, 3.280, 39.70, 18.00, 3.280, 39.66, 18.12, 0.007, 267.48, 67.84);
insert into SHOT values (1240, 1239, 1253, 3126, 3.020, 26.10, 10.00, 2.922, 25.58, 10.65, 0.107, 220.25, 8.37);
insert into SHOT_FLAG values(1240, 'dpl');
insert into SHOT values (1241, 1253, 1254, 3126, 2.220, 90.40, 47.30, 2.222, 90.76, 47.19, 0.011, 154.52, -8.18);
insert into SHOT values (1242, 1253, 1255, 3126, 1.990, 39.60, 89.20, 1.990, 45.00, 89.19, 0.003, 121.60, 4.13);
insert into SHOT values (1243, 1253, 1256, 3126, 0.780, 85.80, 29.30, 0.781, 85.79, 29.13, 0.002, 83.55, -46.63);
insert into SHOT values (1244, 1253, 1257, 3126, 0.200, 51.20, -83.50, 0.201, 63.43, -83.62, 0.005, 150.64, -14.98);
insert into SHOT values (1245, 1253, 1258, 3126, 1.260, 273.90, -15.90, 1.259, 273.78, -15.66, 0.006, 202.69, 63.18);
insert into SHOT values (1246, 1253, 1259, 3126, 1.630, 272.60, 25.20, 1.629, 272.34, 25.44, 0.010, 154.12, 37.93);
insert into SHOT values (1247, 1253, 1260, 3126, 1.960, 281.20, 64.40, 1.961, 280.91, 64.47, 0.005, 170.41, 27.85);
insert into SHOT values (1248, 1253, 1261, 3126, 4.330, 1.10, 2.20, 4.324, 1.19, 2.25, 0.010, 130.91, 22.39);
insert into SHOT values (1249, 1253, 1262, 3126, 5.130, 338.70, -2.60, 5.125, 338.70, -2.57, 0.006, 161.47, 28.91);
insert into SHOT values (1250, 1253, 1263, 3126, 4.640, 326.80, -5.90, 4.635, 326.86, -5.94, 0.008, 105.60, -22.05);
insert into SHOT values (1251, 1253, 1264, 3126, 2.030, 344.90, -15.10, 2.028, 344.90, -15.15, 0.003, 165.83, -26.99);
insert into SHOT values (1252, 1253, 1265, 3126, 6.680, 340.40, -7.40, 6.679, 340.42, -7.40, 0.002, 103.85, 9.08);
insert into SHOT values (1253, 1253, 1266, 3126, 6.390, 344.20, -6.60, 6.330, 343.00, -6.08, 0.156, 231.81, 24.40);
insert into SHOT_FLAG values(1253, 'dpl');
insert into SHOT values (1254, 1266, 1267, 3126, 0.830, 102.10, -71.70, 0.833, 100.89, -71.47, 0.007, 48.19, -15.89);
insert into SHOT values (1255, 1266, 1268, 3126, 2.010, 88.00, 1.00, 2.012, 88.01, 1.14, 0.005, 95.13, 72.66);
insert into SHOT values (1256, 1266, 1269, 3126, 1.690, 83.10, 19.20, 1.696, 83.19, 19.28, 0.007, 107.35, 35.88);
insert into SHOT values (1257, 1266, 1270, 3126, 0.860, 76.00, 54.80, 0.857, 75.96, 54.75, 0.003, 274.07, -69.82);
insert into SHOT values (1258, 1266, 1271, 3126, 1.220, 267.60, -27.90, 1.213, 267.32, -28.02, 0.009, 123.79, 5.73);
insert into SHOT values (1259, 1266, 1272, 3126, 3.940, 39.80, -2.10, 3.936, 39.84, -2.04, 0.007, 183.87, 41.11);
insert into SHOT values (1260, 1266, 1273, 3126, 2.640, 27.80, 4.30, 2.642, 27.83, 4.34, 0.003, 59.87, 38.89);
insert into SHOT values (1261, 1266, 1274, 3126, 2.460, 3.50, -1.50, 2.455, 3.50, -1.40, 0.006, 181.60, 43.87);
insert into SHOT values (1262, 1266, 1275, 3126, 3.500, 347.30, -15.40, 3.498, 347.32, -15.42, 0.003, 134.12, -12.22);
insert into SHOT values (1263, 1266, 1276, 3126, 3.300, 7.50, -15.90, 3.303, 7.59, -15.81, 0.008, 59.33, 31.34);
insert into SHOT values (1264, 1266, 1277, 3126, 4.670, 12.50, -6.50, 4.571, 11.80, -6.03, 0.120, 222.88, 24.03);
insert into SHOT_FLAG values(1264, 'dpl');
insert into SHOT values (1265, 1277, 1278, 3126, 1.770, 91.00, 82.40, 1.766, 92.39, 82.18, 0.009, 134.87, -27.97);
insert into SHOT values (1266, 1277, 1279, 3126, 1.910, 97.00, 25.50, 1.909, 97.33, 25.44, 0.010, 186.27, -12.87);
insert into SHOT values (1267, 1277, 1280, 3126, 1.590, 99.30, 6.00, 1.590, 99.46, 5.78, 0.008, 186.46, -54.11);
insert into SHOT values (1268, 1277, 1281, 3126, 1.630, 273.30, -11.90, 1.628, 273.24, -12.05, 0.005, 127.95, -52.82);
insert into SHOT values (1269, 1277, 1282, 3126, 1.480, 279.00, 15.50, 1.479, 278.87, 15.29, 0.006, 204.06, -58.35);
insert into SHOT values (1270, 1277, 1283, 3126, 1.390, 280.60, 53.80, 1.385, 280.62, 53.99, 0.007, 98.32, -13.44);
insert into SHOT values (1271, 1277, 1284, 3126, 3.550, 339.10, 22.50, 3.547, 339.08, 22.55, 0.004, 179.72, 20.33);
insert into SHOT values (1272, 1277, 1285, 3126, 6.840, 344.60, 6.90, 6.833, 344.61, 6.89, 0.008, 153.97, -13.20);
insert into SHOT values (1273, 1277, 1286, 3126, 3.620, 48.20, 23.20, 3.613, 48.29, 23.15, 0.010, 182.96, -38.09);
insert into SHOT values (1274, 1277, 1287, 3126, 4.040, 48.20, 37.00, 4.042, 48.26, 36.96, 0.005, 96.73, -15.63);
insert into SHOT values (1275, 1277, 1288, 3126, 3.900, 32.70, 42.40, 3.900, 32.81, 42.41, 0.005, 130.59, 2.33);
insert into SHOT values (1276, 1277, 1289, 3126, 4.030, 15.30, 50.50, 4.029, 15.39, 50.52, 0.004, 125.31, 4.59);
insert into SHOT values (1277, 1277, 1290, 3126, 4.380, 352.60, 39.20, 4.369, 352.71, 39.17, 0.012, 129.88, -41.59);
insert into SHOT values (1278, 1277, 1291, 3126, 4.480, 347.70, 31.20, 4.475, 347.78, 31.23, 0.008, 122.70, -5.77);
insert into SHOT values (1279, 1277, 1292, 3126, 8.520, 347.70, 8.00, 8.514, 347.74, 7.97, 0.010, 114.91, -35.36);
insert into SHOT values (1280, 1277, 1293, 3126, 8.940, 352.80, 20.90, 8.934, 352.84, 20.92, 0.009, 131.28, 4.85);
insert into SHOT values (1281, 1277, 1294, 3126, 8.440, 45.90, 29.30, 8.441, 45.94, 29.29, 0.005, 115.54, -4.55);
insert into SHOT values (1282, 1277, 1295, 3126, 9.020, 34.70, 25.60, 9.011, 34.73, 25.58, 0.011, 186.04, -43.55);
insert into SHOT values (1283, 1277, 1296, 3126, 8.890, 23.20, 17.90, 8.887, 23.26, 17.89, 0.010, 127.12, -14.54);
insert into SHOT values (1284, 1277, 1297, 3126, 9.270, 19.60, 15.60, 9.270, 19.63, 15.58, 0.006, 103.46, -29.74);
insert into SHOT values (1285, 1277, 1298, 3126, 11.060, 20.00, 43.10, 11.051, 20.07, 43.09, 0.014, 137.05, -30.88);
insert into SHOT values (1286, 1277, 1299, 3126, 6.040, 356.90, 9.70, 6.034, 356.92, 9.64, 0.009, 158.28, -55.31);
insert into SHOT values (1287, 1277, 1300, 3126, 2.740, 357.30, 9.20, 2.673, 356.52, 9.69, 0.080, 204.43, 8.61);
insert into SHOT_FLAG values(1287, 'dpl');
insert into SHOT values (1288, 1300, 1301, 3126, 4.960, 23.00, 15.00, 4.846, 25.95, 19.40, 0.461, 156.90, 45.00);
insert into SHOT_FLAG values(1288, 'dpl');
insert into SHOT values (1289, 1301, 1302, 3126, 4.920, 167.10, 10.70, 4.917, 167.09, 10.66, 0.004, 16.17, -53.88);
insert into SHOT values (1290, 1301, 1303, 3126, 4.830, 172.40, 39.60, 4.831, 172.44, 39.61, 0.003, 243.19, 26.72);
insert into SHOT values (1291, 1301, 1304, 3126, 4.750, 199.20, 22.20, 4.746, 199.26, 22.16, 0.007, 311.51, -43.97);
insert into SHOT values (1292, 1301, 1305, 3126, 9.310, 175.40, 58.40, 9.309, 175.41, 58.42, 0.003, 334.55, 8.36);
insert into SHOT values (1293, 1301, 1306, 3126, 6.980, 214.10, 51.70, 6.982, 214.17, 51.71, 0.006, 295.72, 23.69);
insert into SHOT values (1294, 1301, 1307, 3126, 13.600, 199.50, 68.20, 13.603, 199.55, 68.20, 0.005, 282.56, 31.85);
insert into SHOT values (1295, 1301, 1308, 3126, 9.660, 193.80, 73.20, 9.662, 193.89, 73.21, 0.005, 289.94, 28.31);
insert into SHOT values (1296, 1301, 1309, 3126, 5.660, 227.50, 64.20, 5.655, 227.63, 64.18, 0.008, 318.34, -45.55);
insert into SHOT values (1297, 1301, 1310, 3126, 6.740, 226.70, 72.90, 6.740, 226.83, 72.84, 0.008, 263.88, -14.83);
insert into SHOT values (1298, 1301, 1311, 3126, 11.100, 132.90, 51.40, 11.093, 132.89, 51.40, 0.007, 324.24, -44.44);
insert into SHOT values (1299, 1301, 1312, 3126, 23.710, 118.60, 48.00, 23.709, 118.58, 48.00, 0.005, 9.16, 0.46);
insert into SHOT values (1300, 1301, 1313, 3126, 7.320, 128.50, 42.80, 7.314, 128.49, 42.81, 0.006, 316.30, -36.21);
insert into SHOT values (1301, 1301, 1314, 3126, 10.290, 130.30, 45.00, 10.283, 130.26, 44.99, 0.009, 6.77, -44.81);
insert into SHOT values (1302, 1301, 1315, 3126, 13.140, 128.10, 53.50, 13.137, 128.09, 53.50, 0.004, 346.40, -43.60);
insert into SHOT values (1303, 1301, 1316, 3126, 15.050, 114.30, 56.10, 15.047, 114.27, 56.10, 0.005, 354.96, -21.42);
insert into SHOT values (1304, 1301, 1317, 3126, 5.900, 97.50, 51.70, 5.896, 97.40, 51.75, 0.009, 323.42, -1.14);
insert into SHOT values (1305, 1301, 1318, 3126, 4.040, 101.60, 43.40, 4.032, 101.62, 43.39, 0.008, 272.50, -47.14);
insert into SHOT values (1306, 1300, 1319, 3126, 4.540, 298.70, -23.30, 5.011, 299.49, -24.78, 0.490, 308.14, -38.34);
insert into SHOT values (1307, 1319, 1320, 3126, 1.400, 78.80, -86.30, 1.402, 75.96, -86.63, 0.009, 285.87, -18.03);
insert into SHOT values (1308, 1319, 1321, 3126, 1.990, 9.80, -38.30, 1.988, 9.58, -38.22, 0.007, 280.55, 29.59);
insert into SHOT values (1309, 1319, 1322, 3126, 1.790, 8.90, -9.80, 1.786, 8.82, -9.67, 0.006, 227.56, 50.04);
insert into SHOT values (1310, 1319, 1323, 3126, 0.470, 183.90, -19.80, 0.469, 183.90, -19.94, 0.001, 3.72, -33.63);
insert into SHOT values (1311, 1319, 1324, 3126, 3.990, 155.50, 0.60, 3.988, 155.56, 0.57, 0.005, 276.87, -21.32);
insert into SHOT values (1312, 1319, 1325, 3126, 3.500, 184.70, -24.60, 3.500, 184.69, -24.66, 0.004, 24.92, -59.29);
insert into SHOT values (1313, 1319, 1326, 3126, 2.310, 183.80, -34.70, 2.311, 183.91, -34.52, 0.008, 219.47, 37.74);
insert into SHOT values (1314, 1319, 1327, 3126, 3.820, 316.70, -47.90, 3.817, 316.58, -47.86, 0.007, 223.09, 39.53);
insert into SHOT values (1315, 1319, 1328, 3126, 4.160, 292.40, -49.30, 4.157, 292.31, -49.26, 0.006, 207.61, 42.28);
insert into SHOT values (1316, 1319, 1329, 3126, 1.970, 283.80, -43.50, 1.967, 283.74, -43.33, 0.007, 249.15, 68.23);
insert into SHOT values (1317, 1319, 1330, 3126, 5.930, 309.90, -44.60, 5.929, 309.91, -44.56, 0.004, 333.77, 64.69);
insert into SHOT values (1318, 1319, 1331, 3126, 4.180, 293.70, -44.80, 4.677, 294.71, -44.70, 0.500, 303.04, -43.53);
insert into SHOT values (1319, 1331, 1332, 3126, 0.870, 279.40, 71.70, 0.864, 278.43, 71.59, 0.008, 186.12, -52.27);
insert into SHOT values (1320, 1331, 1333, 3126, 1.370, 212.20, 19.50, 1.374, 212.10, 19.11, 0.010, 194.27, -44.52);
insert into SHOT values (1321, 1331, 1334, 3126, 4.420, 213.80, -10.00, 4.422, 213.76, -10.03, 0.004, 152.68, -37.66);
insert into SHOT values (1322, 1331, 1335, 3126, 3.650, 209.30, -15.90, 3.658, 209.26, -15.86, 0.009, 193.49, -0.31);
insert into SHOT values (1323, 1331, 1336, 3126, 1.590, 199.60, -28.00, 1.598, 199.46, -28.00, 0.008, 172.85, -25.22);
insert into SHOT values (1324, 1331, 1337, 3126, 1.130, 12.40, 12.50, 1.123, 12.64, 12.35, 0.009, 157.48, -29.48);
insert into SHOT values (1325, 1331, 1338, 3126, 1.620, 229.90, -24.40, 1.621, 229.95, -24.41, 0.002, 280.55, -26.72);
insert into SHOT values (1326, 1331, 1339, 3126, 1.630, 230.40, -24.00, 1.826, 234.26, -27.04, 0.240, 269.73, -44.05);
insert into SHOT values (1327, 1331, 1340, 3126, 1.630, 231.40, -23.90, 1.627, 231.28, -23.94, 0.005, 93.37, 4.68);
insert into SHOT values (1328, 1339, 1341, 3126, 0.850, 275.90, -2.70, 1.163, 278.97, -6.92, 0.325, 287.42, -17.89);
insert into SHOT values (1329, 1230, 1342, 3126, 0.860, 276.30, -3.50, 0.856, 276.04, -3.35, 0.006, 142.56, 25.34);
insert into SHOT values (1330, 1230, 1343, 3126, 3.500, 100.10, 24.70, 3.508, 100.11, 24.60, 0.010, 104.03, -14.52);
insert into SHOT values (1331, 1343, 1344, 3126, 0.940, 238.10, 86.10, 0.942, 243.43, 85.92, 0.007, 303.49, 17.60);
insert into SHOT values (1332, 1343, 1345, 3126, 4.260, 31.00, 19.70, 4.260, 30.91, 19.75, 0.007, 291.20, 33.28);
insert into SHOT values (1333, 1343, 1346, 3126, 0.940, 27.40, 36.20, 0.944, 26.57, 36.37, 0.012, 305.82, 23.33);
insert into SHOT values (1334, 1343, 1347, 3126, 3.250, 196.90, 3.30, 3.248, 197.04, 3.35, 0.009, 303.48, 19.73);
insert into SHOT values (1335, 1343, 1348, 3126, 1.430, 197.20, 14.80, 1.431, 197.26, 14.99, 0.005, 301.94, 73.74);
insert into SHOT values (1336, 1343, 1349, 3126, 1.060, 180.90, 54.40, 1.060, 180.92, 54.21, 0.004, 185.81, -31.81);
insert into SHOT values (1337, 1343, 1350, 3126, 2.360, 123.20, 43.70, 2.353, 123.22, 43.84, 0.009, 298.95, -3.14);
insert into SHOT values (1338, 1343, 1351, 3126, 7.220, 114.60, 41.40, 7.213, 114.58, 41.40, 0.008, 316.65, -37.08);
insert into SHOT values (1339, 1343, 1352, 3126, 2.510, 114.70, 32.40, 2.507, 114.62, 32.59, 0.009, 316.06, 33.27);
insert into SHOT values (1340, 1343, 1353, 3126, 3.940, 68.60, 26.90, 3.937, 68.62, 26.88, 0.004, 214.83, -45.92);
insert into SHOT values (1341, 1343, 1354, 3126, 3.130, 63.50, 40.60, 3.127, 63.43, 40.72, 0.008, 266.67, 24.22);
insert into SHOT values (1342, 1343, 1355, 3126, 3.970, 76.40, 43.30, 3.962, 76.35, 43.35, 0.009, 274.26, -18.08);
insert into SHOT values (1343, 1343, 1356, 3126, 6.250, 69.70, 38.00, 6.245, 69.65, 38.06, 0.009, 278.19, 12.87);
insert into SHOT values (1344, 1343, 1357, 3126, 5.700, 79.30, 33.50, 5.701, 79.33, 33.54, 0.005, 191.42, 57.20);
insert into SHOT values (1345, 1343, 1358, 3126, 8.120, 96.60, 39.80, 8.116, 96.63, 39.84, 0.008, 247.36, 16.67);
insert into SHOT values (1346, 1343, 1359, 3126, 7.660, 116.80, 40.60, 7.662, 116.79, 40.64, 0.006, 330.74, 62.40);
insert into SHOT values (1347, 1343, 1360, 3126, 6.150, 108.70, 46.30, 6.149, 108.69, 46.36, 0.006, 296.04, 36.07);
insert into SHOT values (1348, 1343, 1361, 3126, 8.450, 85.80, 36.90, 8.441, 85.75, 36.92, 0.011, 299.06, -18.67);
insert into SHOT values (1349, 1361, 1362, 3126, 1.310, 185.30, 14.30, 1.317, 184.95, 14.51, 0.011, 129.66, 34.31);
insert into SHOT values (1350, 1361, 1363, 3126, 1.070, 196.00, -20.40, 1.073, 195.55, -20.18, 0.009, 132.80, 18.72);
insert into SHOT values (1351, 1361, 1364, 3126, 1.120, 190.10, 44.00, 1.126, 189.93, 43.84, 0.007, 169.33, 15.93);
insert into SHOT values (1352, 1361, 1365, 3126, 1.220, 226.80, 83.10, 1.218, 225.00, 83.33, 0.007, 87.22, -9.64);
insert into SHOT values (1353, 1361, 1366, 3126, 1.250, 3.10, 44.80, 1.246, 3.25, 44.95, 0.006, 160.25, -7.50);
insert into SHOT values (1354, 1361, 1367, 3126, 2.720, 20.20, 7.50, 2.723, 20.38, 7.60, 0.010, 95.58, 29.27);
insert into SHOT values (1355, 1361, 1368, 3126, 0.380, 359.10, -1.90, 0.380, 0.00, -1.51, 0.007, 87.54, 23.52);
insert into SHOT values (1356, 1361, 1369, 3126, 4.070, 89.80, 41.20, 4.075, 89.81, 41.12, 0.008, 95.12, -6.40);
insert into SHOT values (1357, 1361, 1370, 3126, 3.940, 107.00, 46.70, 3.946, 106.96, 46.67, 0.006, 89.76, 23.42);
insert into SHOT values (1358, 1361, 1371, 3126, 3.990, 139.80, 37.60, 3.996, 139.87, 37.63, 0.008, 184.65, 45.22);
insert into SHOT values (1359, 1361, 1372, 3126, 4.110, 120.90, 34.30, 4.120, 120.93, 34.27, 0.010, 133.90, 22.97);
insert into SHOT values (1360, 1361, 1373, 3126, 5.790, 104.50, 39.10, 5.796, 104.56, 39.16, 0.010, 182.15, 59.36);
insert into SHOT values (1361, 1361, 1374, 3126, 8.340, 109.70, 37.70, 8.347, 109.72, 37.66, 0.009, 126.92, -0.84);
insert into SHOT values (1362, 1361, 1375, 3126, 7.100, 129.40, 36.50, 7.108, 129.46, 36.52, 0.010, 182.24, 42.58);
insert into SHOT values (1363, 1361, 1376, 3126, 10.800, 121.30, 35.50, 10.811, 121.29, 35.51, 0.011, 106.63, 48.15);
insert into SHOT values (1364, 1361, 1377, 3126, 10.620, 120.80, 38.50, 10.622, 120.82, 38.49, 0.004, 167.71, -14.23);
insert into SHOT values (1365, 1361, 1378, 3126, 10.260, 113.80, 38.60, 10.263, 113.82, 38.58, 0.006, 140.38, -10.41);
insert into SHOT values (1366, 1361, 1379, 3126, 13.480, 116.60, 35.90, 13.488, 116.59, 35.90, 0.009, 96.74, 41.46);
insert into SHOT values (1367, 1379, 1380, 3126, 13.490, 118.10, 36.40, 13.490, 118.12, 36.37, 0.008, 162.14, -40.86);
insert into SHOT values (1368, 1379, 1381, 3126, 13.480, 116.10, 35.70, 13.477, 116.12, 35.68, 0.007, 188.53, -56.37);
insert into SHOT values (1369, 1379, 1382, 3126, 4.250, 136.60, 27.90, 4.251, 136.62, 27.91, 0.002, 215.59, 47.05);
insert into SHOT values (1370, 1379, 1383, 3126, 3.180, 136.70, 23.80, 3.177, 136.81, 23.76, 0.007, 245.37, -28.69);
insert into SHOT values (1371, 1379, 1384, 3126, 4.260, 137.80, 28.20, 4.257, 137.81, 28.18, 0.004, 303.50, -53.73);
insert into SHOT values (1372, 1379, 1385, 3126, 4.250, 136.50, 27.80, 4.252, 136.51, 27.75, 0.004, 144.14, -30.26);
insert into SHOT values (1373, 1385, 1386, 3126, 0.390, 300.70, 82.60, 0.394, 300.96, 81.50, 0.009, 302.60, 21.89);
insert into SHOT values (1374, 1385, 1387, 3126, 0.820, 265.10, 0.90, 0.823, 265.12, 0.70, 0.004, 270.61, -42.91);
insert into SHOT values (1375, 1385, 1388, 3126, 2.220, 252.70, -28.40, 2.226, 252.77, -28.43, 0.007, 277.42, -36.45);
insert into SHOT values (1376, 1385, 1389, 3126, 0.250, 221.00, -86.30, 0.250, 225.00, -86.76, 0.002, 15.03, -13.02);
insert into SHOT values (1377, 1385, 1390, 3126, 2.840, 202.10, -1.10, 2.840, 202.14, -1.01, 0.005, 296.47, 66.97);
insert into SHOT values (1378, 1385, 1391, 3126, 2.720, 187.20, -1.30, 2.722, 187.18, -1.26, 0.003, 159.09, 36.70);
insert into SHOT values (1379, 1385, 1392, 3126, 3.080, 195.00, -13.60, 3.079, 195.10, -13.52, 0.007, 287.48, 37.92);
insert into SHOT values (1380, 1385, 1393, 3126, 2.650, 186.80, 6.40, 2.647, 186.99, 6.51, 0.011, 301.21, 25.71);
insert into SHOT values (1381, 1385, 1394, 3126, 6.030, 192.20, 6.00, 6.029, 192.23, 6.00, 0.003, 299.62, -5.65);
insert into SHOT values (1382, 1385, 1395, 3126, 6.070, 193.60, 5.90, 6.071, 193.60, 5.86, 0.004, 189.72, -69.59);
insert into SHOT values (1383, 1385, 1396, 3126, 6.060, 192.70, 5.90, 6.060, 192.75, 5.87, 0.006, 275.06, -31.30);
insert into SHOT values (1384, 1396, 1397, 3126, 0.560, 82.50, -46.50, 0.554, 82.50, -46.22, 0.007, 261.78, 70.46);
insert into SHOT values (1385, 1396, 1398, 3126, 0.340, 68.70, -38.30, 0.341, 68.20, -37.95, 0.003, 24.51, 12.10);
insert into SHOT values (1386, 1396, 1399, 3126, 0.340, 58.00, -9.20, 0.345, 58.17, -8.33, 0.007, 68.23, 37.00);
insert into SHOT values (1387, 1396, 1400, 3126, 1.490, 57.90, 5.40, 1.494, 57.91, 5.38, 0.004, 62.96, -3.33);
insert into SHOT values (1388, 1396, 1401, 3126, 1.120, 58.30, 16.70, 1.118, 58.39, 17.16, 0.009, 216.25, 60.60);
insert into SHOT values (1389, 1396, 1402, 3126, 0.480, 61.90, 52.80, 0.489, 61.70, 52.87, 0.009, 50.40, 55.89);
insert into SHOT values (1390, 1396, 1403, 3126, 0.720, 55.00, 37.20, 0.723, 54.93, 37.46, 0.005, 11.54, 77.09);
insert into SHOT values (1391, 1396, 1404, 3126, 4.220, 118.60, 26.40, 4.223, 118.60, 26.44, 0.004, 114.30, 68.47);
insert into SHOT values (1392, 1396, 1405, 3126, 3.870, 133.50, 32.30, 3.868, 133.51, 32.35, 0.004, 301.40, 31.92);
insert into SHOT values (1393, 1396, 1406, 3126, 1.530, 134.30, 10.40, 1.532, 134.19, 10.53, 0.005, 71.10, 50.39);
insert into SHOT values (1394, 1396, 1407, 3126, 3.920, 147.90, 22.50, 3.924, 147.84, 22.47, 0.006, 110.56, -1.16);
insert into SHOT values (1395, 1396, 1408, 3126, 3.880, 138.50, 33.70, 3.886, 138.51, 33.77, 0.008, 155.74, 70.05);
insert into SHOT values (1396, 1396, 1409, 3126, 4.260, 137.70, 28.50, 4.264, 137.71, 28.58, 0.007, 158.06, 81.62);
insert into SHOT values (1397, 1396, 1410, 3126, 6.050, 147.10, 26.10, 6.047, 147.10, 26.09, 0.003, 327.19, -38.72);
insert into SHOT values (1398, 1396, 1411, 3126, 4.450, 140.70, 25.10, 4.451, 140.74, 25.13, 0.004, 236.27, 38.87);
insert into SHOT values (1399, 1396, 1412, 3126, 6.690, 143.20, 28.50, 6.694, 143.23, 28.56, 0.008, 218.88, 69.51);
insert into SHOT values (1400, 1396, 1413, 3126, 2.230, 154.40, 17.00, 2.229, 154.40, 17.22, 0.009, 335.72, 66.26);
insert into SHOT values (1401, 1396, 1414, 3126, 1.310, 117.80, 17.40, 1.312, 117.59, 17.30, 0.005, 54.54, -18.58);
insert into SHOT values (1402, 1396, 1415, 3126, 4.270, 139.70, 28.40, 4.267, 139.65, 28.41, 0.005, 7.26, -11.03);
insert into SHOT values (1403, 1415, 1416, 3126, 2.070, 204.30, -0.70, 2.072, 204.22, -0.55, 0.007, 153.39, 53.21);
insert into SHOT values (1404, 1415, 1417, 3126, 1.030, 225.50, 32.00, 1.035, 225.00, 32.10, 0.009, 158.76, 26.67);
insert into SHOT values (1405, 1415, 1418, 3126, 0.790, 55.90, -69.60, 0.789, 56.89, -69.64, 0.005, 155.74, 5.38);
insert into SHOT values (1406, 1415, 1419, 3126, 1.160, 44.60, -7.80, 1.155, 45.00, -7.46, 0.012, 159.91, 40.03);
insert into SHOT values (1407, 1415, 1420, 3126, 0.440, 21.20, 13.80, 0.432, 21.04, 14.75, 0.011, 208.35, 27.91);
insert into SHOT values (1408, 1415, 1421, 3126, 3.240, 134.70, 27.40, 3.245, 134.86, 27.53, 0.012, 214.77, 47.79);
insert into SHOT values (1409, 1415, 1422, 3126, 2.480, 151.50, 17.10, 2.486, 151.60, 17.08, 0.007, 188.60, 6.39);
insert into SHOT values (1410, 1415, 1423, 3126, 2.320, 120.90, 25.00, 2.317, 120.96, 25.03, 0.004, 267.13, -6.44);
insert into SHOT values (1411, 1415, 1424, 3126, 2.260, 134.10, 20.30, 2.264, 134.24, 20.42, 0.008, 203.70, 47.78);
insert into SHOT values (1412, 1415, 1425, 3126, 2.420, 142.20, 28.70, 2.425, 142.27, 28.85, 0.008, 200.29, 69.59);
insert into SHOT values (1413, 1415, 1426, 3126, 2.330, 149.90, 25.30, 2.339, 149.92, 25.31, 0.009, 154.74, 27.02);
insert into SHOT values (1414, 1415, 1427, 3126, 1.330, 247.50, -30.70, 1.329, 247.46, -30.28, 0.010, 235.59, 65.14);
insert into SHOT values (1415, 1415, 1428, 3126, 3.060, 236.80, -22.30, 3.060, 236.81, -22.28, 0.002, 282.88, 47.87);
insert into SHOT values (1416, 1415, 1429, 3126, 3.210, 234.70, -29.00, 3.210, 234.56, -28.87, 0.010, 170.13, 38.79);
insert into SHOT values (1417, 1415, 1430, 3126, 2.540, 253.20, -25.50, 2.536, 252.99, -25.45, 0.009, 147.39, 21.78);
insert into SHOT values (1418, 1415, 1431, 3126, 2.290, 257.90, -25.90, 2.288, 257.65, -25.92, 0.009, 152.73, 1.72);
insert into SHOT values (1419, 1415, 1432, 3126, 4.360, 238.60, -28.50, 4.361, 238.55, -28.49, 0.004, 172.23, 6.34);
insert into SHOT values (1420, 1415, 1433, 3126, 5.220, 248.40, -31.50, 5.218, 248.39, -31.42, 0.008, 228.61, 72.43);
insert into SHOT values (1421, 1433, 1434, 3126, 0.630, 44.80, -75.00, 0.631, 47.49, -75.06, 0.008, 138.15, -10.85);
insert into SHOT values (1422, 1433, 1435, 3126, 1.570, 8.30, -7.00, 1.569, 8.49, -6.96, 0.006, 111.36, 13.83);
insert into SHOT values (1423, 1433, 1436, 3126, 0.750, 0.20, 41.40, 0.744, 0.00, 41.19, 0.007, 217.28, -61.55);
insert into SHOT values (1424, 1433, 1437, 3126, 0.910, 177.20, -18.40, 0.918, 177.37, -18.42, 0.008, 196.10, -19.34);
insert into SHOT values (1425, 1433, 1438, 3126, 3.810, 262.10, -43.30, 3.810, 262.10, -43.44, 0.010, 80.32, -46.85);
insert into SHOT values (1426, 1433, 1439, 3126, 1.760, 281.70, -32.40, 1.759, 281.69, -32.68, 0.009, 104.66, -52.57);
insert into SHOT values (1427, 1433, 1440, 3126, 3.470, 328.70, -20.50, 3.467, 328.61, -20.61, 0.009, 191.24, -33.05);
insert into SHOT values (1428, 1433, 1441, 3126, 4.820, 314.80, -36.00, 4.821, 314.69, -36.09, 0.011, 201.66, -39.71);
insert into SHOT values (1429, 1433, 1442, 3126, 5.400, 310.00, -27.20, 5.397, 309.93, -27.24, 0.007, 186.37, -12.97);
insert into SHOT values (1430, 1433, 1443, 3126, 6.360, 305.80, -34.70, 6.360, 305.82, -34.70, 0.002, 34.22, 20.69);
insert into SHOT values (1431, 1433, 1444, 3126, 6.510, 304.80, -34.90, 6.507, 304.76, -34.98, 0.010, 149.14, -32.63);
insert into SHOT values (1432, 1433, 1445, 3126, 6.350, 305.30, -34.70, 6.349, 305.24, -34.76, 0.008, 173.76, -36.69);
insert into SHOT values (1433, 1433, 1446, 3126, 6.420, 306.40, -35.10, 6.417, 306.32, -35.10, 0.007, 198.16, 11.85);
insert into SCRAPS values (3127, 3124, 'SalinasNew4-1p', 1, 52.90062, 1.98735);
 insert into SCRAPS values (3433, 3124, 'SalinasNew4-1p1', 1, 0.00000, 0.00000);
 insert into MAPS values (3435, 3124, 'm-all-p', NULL, 1, 62.850, -26.240);
 insert into MAPITEMS values (3435, 4, 3127);
 insert into SURVEY values (3437, 18, 'SalinasNew3', 'SalinasNew3.CuevaPirates', 'Hacienda Salinas 3new');
 insert into CENTRELINE values (3438, 3437, NULL, NULL, NULL, 0.00, 0.00, 0.00);
 insert into CENTRELINE values (3439, 3437, NULL, '2023-02-09', '2023-02-09', 63.14, 0.00, 0.00);
 insert into PERSON values (17, 'Alexandre', 'Honiat');
insert into TOPO values (17, 3439);
 insert into PERSON values (18, 'Charlotte', 'Honiat');
insert into TOPO values (18, 3439);
 insert into PERSON values (19, 'Cedric', 'Roques');
insert into TOPO values (19, 3439);
 insert into EXPLO values (10, 3439);
 insert into SHOT values (1434, 1447, 1448, 3439, 2.870, 145.40, 6.60, 2.865, 145.30, 6.61, 0.007, 9.17, 1.09);
insert into SHOT values (1435, 1447, 1449, 3439, 4.770, 158.90, 19.10, 4.764, 158.91, 19.11, 0.006, 332.98, -8.09);
insert into SHOT values (1436, 1447, 1450, 3439, 4.320, 207.10, 19.00, 4.312, 207.13, 18.94, 0.009, 6.78, -45.96);
insert into SHOT values (1437, 1447, 1451, 3439, 4.530, 260.80, 19.30, 4.530, 260.85, 19.34, 0.005, 6.74, 37.70);
insert into SHOT values (1438, 1447, 1452, 3439, 3.450, 298.40, 22.40, 3.453, 298.41, 22.30, 0.007, 304.71, -42.57);
insert into SHOT values (1439, 1447, 1453, 3439, 7.590, 355.90, 29.60, 7.597, 355.92, 29.58, 0.008, 13.96, 7.31);
insert into SHOT values (1440, 1447, 1454, 3439, 2.200, 32.30, 38.90, 2.199, 32.11, 38.87, 0.006, 299.81, -15.10);
insert into SHOT values (1441, 1447, 1455, 3439, 4.950, 353.80, 67.90, 4.944, 353.83, 67.89, 0.007, 141.48, -74.00);
insert into SHOT values (1442, 1447, 1456, 3439, 7.630, 135.10, 71.50, 7.624, 135.00, 71.51, 0.008, 12.18, -48.63);
insert into SHOT values (1443, 1447, 1457, 3439, 11.180, 196.10, 71.20, 11.176, 196.12, 71.20, 0.004, 332.19, -62.63);
insert into SHOT values (1444, 1447, 1458, 3439, 9.100, 111.70, 46.40, 9.099, 111.70, 46.40, 0.001, 294.04, 2.34);
insert into SHOT values (1445, 1447, 1459, 3439, 9.010, 112.20, 46.10, 9.005, 112.21, 46.11, 0.005, 277.46, -25.89);
insert into SHOT values (1446, 1459, 1460, 3439, 1.790, 214.30, -28.40, 1.790, 214.40, -28.35, 0.003, 285.60, 26.10);
insert into SHOT values (1447, 1459, 1461, 3439, 4.030, 223.40, -7.70, 4.026, 223.38, -7.71, 0.004, 67.03, -0.47);
insert into SHOT values (1448, 1459, 1462, 3439, 5.350, 224.20, 20.00, 5.344, 224.19, 20.03, 0.006, 49.62, 1.71);
insert into SHOT values (1449, 1459, 1463, 3439, 2.710, 195.90, 29.40, 2.710, 195.98, 29.39, 0.003, 281.72, -6.13);
insert into SHOT values (1450, 1459, 1464, 3439, 3.300, 205.10, 43.90, 3.299, 205.16, 43.95, 0.004, 337.91, 26.63);
insert into SHOT values (1451, 1459, 1465, 3439, 3.810, 311.50, 74.20, 3.815, 311.50, 74.16, 0.006, 310.58, 44.59);
insert into SHOT values (1452, 1459, 1466, 3439, 3.860, 2.10, 57.10, 3.862, 2.18, 57.03, 0.006, 33.70, -9.27);
insert into SHOT values (1453, 1459, 1467, 3439, 3.210, 353.60, 33.10, 3.206, 353.59, 33.08, 0.004, 186.19, -52.02);
insert into SHOT values (1454, 1459, 1468, 3439, 0.150, 151.90, 45.30, 0.151, 150.95, 46.89, 0.005, 5.65, 47.59);
insert into SHOT values (1455, 1459, 1469, 3439, 0.160, 152.10, 45.30, 0.157, 153.43, 44.53, 0.005, 258.57, -53.92);
insert into SHOT values (1456, 1459, 1470, 3439, 0.150, 151.90, 45.40, 0.151, 150.95, 46.89, 0.004, 7.67, 47.44);
insert into SHOT values (1457, 1459, 1471, 3439, 14.000, 152.00, 45.20, 13.997, 152.01, 45.19, 0.004, 277.61, -72.07);
insert into SHOT values (1458, 1471, 1472, 3439, 5.100, 47.30, 6.80, 5.103, 47.24, 6.86, 0.009, 343.45, 45.84);
insert into SHOT values (1459, 1471, 1473, 3439, 7.130, 40.10, 11.40, 7.132, 40.07, 11.40, 0.004, 331.73, 9.48);
insert into SHOT values (1460, 1471, 1474, 3439, 4.030, 39.00, 12.70, 4.038, 39.02, 12.73, 0.009, 51.25, 28.04);
insert into SHOT values (1461, 1471, 1475, 3439, 2.010, 25.70, 12.70, 2.014, 25.65, 12.91, 0.009, 354.02, 68.69);
insert into SHOT values (1462, 1471, 1476, 3439, 0.860, 2.10, 20.40, 0.864, 2.12, 20.31, 0.005, 5.90, 2.90);
insert into SHOT values (1463, 1471, 1477, 3439, 4.260, 56.60, -1.50, 4.267, 56.57, -1.48, 0.008, 39.63, 11.45);
insert into SHOT values (1464, 1471, 1478, 3439, 2.440, 62.40, -11.10, 2.439, 62.36, -11.11, 0.002, 290.51, -6.98);
insert into SHOT values (1465, 1471, 1479, 3439, 1.260, 95.70, -49.50, 1.257, 95.57, -49.07, 0.010, 77.49, 54.06);
insert into SHOT values (1466, 1471, 1480, 3439, 1.300, 234.40, -12.90, 1.301, 234.30, -12.88, 0.002, 171.43, 5.44);
insert into SHOT values (1467, 1471, 1481, 3439, 5.240, 81.40, 24.40, 5.245, 81.33, 24.44, 0.009, 14.60, 38.79);
insert into SHOT values (1468, 1471, 1482, 3439, 5.230, 108.60, 29.80, 5.230, 108.63, 29.81, 0.003, 209.31, 16.51);
insert into SHOT values (1469, 1471, 1483, 3439, 5.290, 141.80, 28.80, 5.290, 141.75, 28.82, 0.005, 47.76, 19.04);
insert into SHOT values (1470, 1471, 1484, 3439, 4.480, 195.90, 30.40, 4.477, 195.95, 30.47, 0.007, 347.29, 24.94);
insert into SHOT values (1471, 1471, 1485, 3439, 20.950, 159.90, 36.90, 20.949, 159.89, 36.91, 0.004, 40.04, 16.89);
insert into SHOT values (1472, 1485, 1486, 3439, 18.670, 331.30, -37.90, 18.667, 331.31, -37.91, 0.005, 115.77, -13.80);
insert into SHOT values (1473, 1485, 1487, 3439, 12.410, 325.20, -35.80, 12.405, 325.20, -35.82, 0.007, 139.27, -5.71);
insert into SHOT values (1474, 1485, 1488, 3439, 7.510, 314.60, -30.90, 7.505, 314.56, -30.86, 0.008, 199.33, 53.23);
insert into SHOT values (1475, 1485, 1489, 3439, 3.760, 282.10, -13.40, 3.764, 282.14, -13.36, 0.005, 312.25, 15.66);
insert into SHOT values (1476, 1485, 1490, 3439, 1.600, 241.20, -2.70, 1.599, 241.19, -2.51, 0.005, 95.33, 84.29);
insert into SHOT values (1477, 1485, 1491, 3439, 1.000, 184.20, 5.10, 0.997, 184.04, 5.18, 0.005, 41.21, 13.88);
insert into SHOT values (1478, 1485, 1492, 3439, 0.640, 268.50, 5.80, 0.644, 268.21, 6.24, 0.007, 226.36, 47.79);
insert into SHOT values (1479, 1485, 1493, 3439, 1.690, 332.90, -34.30, 1.688, 332.70, -34.25, 0.005, 234.78, 25.66);
insert into SHOT values (1480, 1485, 1494, 3439, 0.790, 349.00, -30.20, 0.786, 349.02, -29.75, 0.007, 129.71, 87.18);
insert into SHOT values (1481, 1485, 1495, 3439, 16.520, 345.50, -40.30, 16.517, 345.52, -40.29, 0.007, 66.16, 44.60);
insert into SHOT values (1482, 1485, 1496, 3439, 8.510, 349.20, -41.10, 8.508, 349.22, -41.08, 0.005, 65.06, 66.97);
insert into SHOT values (1483, 1485, 1497, 3439, 8.090, 2.40, -44.70, 8.086, 2.39, -44.72, 0.005, 188.55, 4.92);
insert into SHOT values (1484, 1485, 1498, 3439, 4.610, 28.30, -45.20, 4.609, 28.30, -45.19, 0.001, 185.64, 84.33);
insert into SHOT values (1485, 1485, 1499, 3439, 2.550, 65.20, -37.10, 2.547, 65.32, -36.92, 0.010, 129.74, 59.36);
insert into SHOT values (1486, 1485, 1500, 3439, 8.920, 345.00, -45.00, 8.913, 345.02, -44.98, 0.008, 135.00, 64.68);
insert into SHOT values (1487, 1485, 1501, 3439, 8.570, 329.20, -44.10, 8.569, 329.23, -44.07, 0.006, 19.34, 45.63);
insert into SHOT values (1488, 1485, 1502, 3439, 2.110, 311.90, -48.10, 2.110, 311.84, -48.09, 0.002, 227.82, 17.48);
insert into SHOT values (1489, 1485, 1503, 3439, 2.070, 6.90, -57.60, 2.063, 6.74, -57.52, 0.008, 250.86, 66.08);
insert into SHOT values (1490, 1485, 1504, 3439, 0.560, 191.60, -52.80, 0.554, 191.98, -52.52, 0.007, 310.85, 67.26);
insert into SHOT values (1491, 1485, 1505, 3439, 3.640, 134.20, 9.70, 3.639, 134.21, 9.81, 0.007, 301.94, 68.43);
insert into SHOT values (1492, 1505, 1506, 3439, 0.670, 227.40, -3.90, 0.667, 227.44, -4.30, 0.005, 39.75, -54.20);
insert into SHOT values (1493, 1505, 1507, 3439, 0.430, 268.80, 39.40, 0.426, 268.26, 39.28, 0.005, 144.09, -38.00);
insert into SHOT values (1494, 1505, 1508, 3439, 1.280, 355.00, -9.30, 1.282, 355.01, -9.43, 0.004, 3.26, -62.56);
insert into SHOT values (1495, 1505, 1509, 3439, 0.440, 46.50, -31.70, 0.440, 46.08, -31.53, 0.003, 326.15, 23.47);
insert into SHOT values (1496, 1505, 1510, 3439, 1.720, 56.00, -50.40, 1.723, 56.16, -50.52, 0.006, 160.88, -55.34);
insert into SHOT values (1497, 1505, 1511, 3439, 1.260, 38.10, -82.20, 1.262, 40.24, -82.24, 0.007, 135.51, -14.52);
insert into SHOT values (1498, 1505, 1512, 3439, 2.030, 309.50, -21.50, 2.033, 309.42, -21.65, 0.007, 241.81, -63.86);
insert into SHOT values (1499, 1505, 1513, 3439, 2.400, 88.30, -8.70, 2.400, 88.31, -8.87, 0.007, 254.19, -78.70);
insert into SHOT values (1500, 1505, 1514, 3439, 2.170, 126.70, 13.50, 2.166, 126.71, 13.34, 0.007, 299.67, -72.69);
insert into SHOT values (1501, 1505, 1515, 3439, 1.330, 147.80, 16.10, 1.329, 147.80, 16.17, 0.002, 324.38, 36.30);
insert into SHOT values (1502, 1505, 1516, 3439, 2.080, 149.50, 17.50, 2.081, 149.43, 17.34, 0.006, 103.43, -59.12);
insert into SHOT values (1503, 1505, 1517, 3439, 3.340, 110.40, 15.60, 3.342, 110.35, 15.45, 0.010, 74.36, -58.69);
insert into SHOT values (1504, 1517, 1518, 3439, 0.490, 245.20, 30.30, 0.497, 245.22, 30.20, 0.007, 246.85, 23.25);
insert into SHOT values (1505, 1517, 1519, 3439, 0.620, 24.40, 87.30, 0.620, 26.57, 87.93, 0.007, 197.38, 5.69);
insert into SHOT values (1506, 1517, 1520, 3439, 1.020, 69.60, 43.20, 1.017, 69.35, 43.51, 0.007, 276.76, 14.20);
insert into SHOT values (1507, 1517, 1521, 3439, 1.670, 60.20, 4.70, 1.663, 60.34, 4.83, 0.009, 210.97, 20.75);
insert into SHOT values (1508, 1517, 1522, 3439, 2.430, 120.20, 33.90, 2.433, 120.38, 33.99, 0.008, 210.30, 36.58);
insert into SHOT values (1509, 1517, 1523, 3439, 4.760, 136.70, 34.60, 4.765, 136.86, 34.66, 0.013, 220.00, 32.51);
insert into SHOT values (1510, 1517, 1524, 3439, 3.930, 192.20, 44.20, 3.935, 192.26, 44.13, 0.008, 216.71, 1.05);
insert into SHOT values (1511, 1517, 1525, 3439, 4.770, 163.80, 42.20, 4.777, 163.92, 42.21, 0.011, 221.27, 33.59);
insert into SHOT values (1512, 1517, 1526, 3439, 2.980, 161.30, 47.70, 2.984, 161.38, 47.79, 0.007, 264.38, 62.82);
insert into SHOT values (1513, 1517, 1527, 3439, 6.810, 157.50, 41.70, 6.817, 157.57, 41.76, 0.012, 247.19, 57.27);
insert into SHOT values (1514, 1527, 1528, 3439, 1.320, 228.10, 10.00, 1.314, 227.82, 9.64, 0.012, 103.77, -49.80);
insert into SHOT values (1515, 1527, 1529, 3439, 0.970, 223.20, -76.60, 0.977, 221.42, -76.58, 0.010, 147.65, -41.44);
insert into SHOT values (1516, 1527, 1530, 3439, 2.510, 50.00, -45.40, 2.511, 50.07, -45.48, 0.004, 181.61, -44.62);
insert into SHOT values (1517, 1527, 1531, 3439, 0.610, 56.80, -25.20, 0.615, 57.45, -25.00, 0.008, 105.26, -1.86);
insert into SHOT values (1518, 1527, 1532, 3439, 2.930, 168.00, 24.90, 2.930, 167.85, 24.82, 0.008, 93.36, -25.98);
insert into SHOT values (1519, 1527, 1533, 3439, 2.900, 133.80, 14.40, 2.905, 133.85, 14.35, 0.007, 155.58, -10.59);
insert into SHOT values (1520, 1527, 1534, 3439, 2.700, 156.30, 18.50, 2.703, 156.33, 18.33, 0.009, 171.44, -50.55);
insert into SHOT values (1521, 1527, 1535, 3439, 2.990, 156.00, 26.60, 2.985, 155.93, 26.46, 0.009, 47.28, -68.24);
insert into SHOT values (1522, 1527, 1536, 3439, 5.390, 152.30, 26.20, 5.385, 152.27, 26.11, 0.010, 44.41, -74.23);
insert into SCRAPS values (3440, 3437, 'Hacienda_Salinas_3new-1p', 1, 33.36812, 0.48792);
 insert into MAPS values (3644, 3437, 'm-all-p', NULL, 1, 63.140, -37.420);
 insert into MAPITEMS values (3644, 4, 3440);
 insert into SURVEY values (3646, 18, 'SalinasNew5', 'SalinasNew5.CuevaPirates', 'Hacienda Salinas 5new');
 insert into CENTRELINE values (3647, 3646, NULL, NULL, NULL, 0.00, 0.00, 0.00);
 insert into CENTRELINE values (3648, 3646, NULL, '2023-02-09', '2023-02-09', 85.09, 0.00, 44.46);
 insert into TOPO values (17, 3648);
 insert into TOPO values (18, 3648);
 insert into TOPO values (19, 3648);
 insert into EXPLO values (10, 3648);
 insert into SHOT values (1523, 1537, 1538, 3648, 8.620, 201.40, -2.90, 8.515, 200.67, -3.70, 0.193, 65.14, -36.20);
insert into SHOT_FLAG values(1523, 'dpl');
insert into SHOT values (1524, 1538, 1539, 3648, 1.480, 136.60, 21.80, 1.485, 136.47, 21.74, 0.006, 105.07, 3.56);
insert into SHOT values (1525, 1538, 1540, 3648, 3.350, 134.20, 47.20, 3.357, 134.11, 47.12, 0.009, 111.05, 12.83);
insert into SHOT values (1526, 1538, 1541, 3648, 1.700, 143.90, 76.00, 1.703, 143.67, 75.65, 0.011, 135.06, 2.62);
insert into SHOT values (1527, 1538, 1542, 3648, 0.990, 310.70, 55.30, 0.989, 310.60, 56.00, 0.012, 135.93, 30.16);
insert into SHOT values (1528, 1538, 1543, 3648, 1.200, 318.80, 6.00, 1.191, 318.77, 6.27, 0.011, 142.52, 24.50);
insert into SHOT values (1529, 1538, 1544, 3648, 1.490, 324.60, -37.60, 1.487, 324.69, -37.72, 0.005, 120.51, -11.19);
insert into SHOT values (1530, 1538, 1545, 3648, 0.810, 82.50, -83.10, 0.806, 84.29, -82.84, 0.006, 127.49, 42.96);
insert into SHOT values (1531, 1538, 1546, 3648, 4.450, 60.60, 15.00, 4.456, 60.63, 15.09, 0.010, 90.95, 57.79);
insert into SHOT values (1532, 1538, 1547, 3648, 5.710, 37.90, 12.20, 5.709, 37.94, 12.24, 0.005, 157.18, 38.15);
insert into SHOT values (1533, 1538, 1548, 3648, 2.650, 9.20, 2.90, 2.649, 9.36, 3.03, 0.009, 110.48, 39.00);
insert into SHOT values (1534, 1538, 1549, 3648, 3.510, 208.10, -2.50, 3.515, 208.02, -2.45, 0.008, 165.90, 24.25);
insert into SHOT values (1535, 1538, 1550, 3648, 4.340, 207.00, -2.50, 4.342, 206.86, -2.51, 0.011, 128.48, -3.67);
insert into SHOT values (1536, 1538, 1551, 3648, 4.990, 214.10, -3.60, 4.994, 214.04, -3.56, 0.007, 161.36, 27.19);
insert into SHOT values (1537, 1538, 1552, 3648, 6.610, 224.80, -7.60, 6.605, 224.75, -7.57, 0.008, 97.96, 31.86);
insert into SHOT values (1538, 1538, 1553, 3648, 5.030, 237.10, -11.90, 5.030, 237.02, -11.82, 0.010, 158.92, 45.76);
insert into SHOT values (1539, 1538, 1554, 3648, 3.730, 248.10, -15.50, 3.724, 248.08, -15.42, 0.008, 82.59, 53.66);
insert into SHOT values (1540, 1538, 1555, 3648, 4.880, 228.60, -3.90, 4.879, 228.58, -3.88, 0.003, 97.49, 42.59);
insert into SHOT values (1541, 1538, 1556, 3648, 5.240, 220.40, -1.00, 5.236, 220.35, -0.98, 0.006, 91.50, 14.44);
insert into SHOT values (1542, 1538, 1557, 3648, 5.130, 237.10, -24.70, 5.130, 236.99, -24.65, 0.010, 159.44, 22.05);
insert into SHOT values (1543, 1538, 1558, 3648, 10.700, 227.90, -14.70, 10.598, 227.82, -15.99, 0.262, 52.62, -51.54);
insert into SHOT_FLAG values(1543, 'dpl');
insert into SHOT values (1544, 1558, 1559, 3648, 1.100, 121.40, 9.50, 1.106, 121.50, 9.37, 0.006, 140.10, -14.08);
insert into SHOT values (1545, 1558, 1560, 3648, 1.250, 104.80, 48.10, 1.251, 104.53, 48.02, 0.004, 41.85, -5.11);
insert into SHOT values (1546, 1558, 1561, 3648, 1.390, 30.60, 68.00, 1.393, 30.96, 67.86, 0.005, 69.89, 13.00);
insert into SHOT values (1547, 1558, 1562, 3648, 1.400, 353.20, 44.90, 1.398, 353.02, 45.08, 0.006, 208.78, 18.36);
insert into SHOT values (1548, 1558, 1563, 3648, 4.160, 76.70, 11.70, 4.156, 76.65, 11.66, 0.006, 303.73, -34.76);
insert into SHOT values (1549, 1558, 1564, 3648, 2.370, 65.80, 23.80, 2.374, 65.80, 23.86, 0.004, 62.44, 56.52);
insert into SHOT values (1550, 1558, 1565, 3648, 1.790, 33.60, 12.30, 1.794, 33.60, 12.23, 0.004, 33.34, -18.57);
insert into SHOT values (1551, 1558, 1566, 3648, 1.320, 343.10, -15.20, 1.319, 343.13, -14.93, 0.006, 14.28, 78.60);
insert into SHOT values (1552, 1558, 1567, 3648, 1.500, 347.00, 11.50, 1.498, 347.01, 11.55, 0.002, 163.58, 22.33);
insert into SHOT values (1553, 1558, 1568, 3648, 1.370, 4.00, 54.10, 1.370, 4.29, 54.14, 0.004, 109.11, 3.32);
insert into SHOT values (1554, 1558, 1569, 3648, 2.910, 256.90, 41.70, 2.915, 256.99, 41.72, 0.006, 302.63, 42.62);
insert into SHOT values (1555, 1558, 1570, 3648, 4.490, 224.20, 48.70, 4.492, 224.18, 48.61, 0.008, 216.13, -25.00);
insert into SHOT values (1556, 1558, 1571, 3648, 4.490, 211.30, 58.90, 4.493, 211.22, 58.98, 0.007, 70.92, 46.03);
insert into SHOT values (1557, 1558, 1572, 3648, 2.890, 180.80, 58.50, 2.895, 180.76, 58.56, 0.006, 96.65, 79.48);
insert into SHOT values (1558, 1558, 1573, 3648, 1.880, 185.20, 47.60, 1.879, 184.99, 47.70, 0.006, 63.21, 17.27);
insert into SHOT values (1559, 1558, 1574, 3648, 1.280, 42.80, -3.80, 1.283, 42.79, -3.57, 0.006, 37.61, 52.93);
insert into SHOT values (1560, 1558, 1575, 3648, 2.800, 219.00, 64.40, 2.702, 218.58, 65.08, 0.104, 45.65, -46.28);
insert into SHOT_FLAG values(1560, 'dpl');
insert into SHOT values (1561, 1575, 1576, 3648, 1.500, 206.00, -79.30, 1.496, 205.64, -79.32, 0.004, 81.44, 61.70);
insert into SHOT values (1562, 1575, 1577, 3648, 1.850, 283.00, -45.80, 1.848, 283.06, -46.03, 0.008, 91.13, -29.01);
insert into SHOT values (1563, 1575, 1578, 3648, 1.080, 153.20, -35.60, 1.079, 152.85, -35.70, 0.006, 46.74, -13.19);
insert into SHOT values (1564, 1575, 1579, 3648, 0.810, 116.60, -4.30, 0.807, 116.57, -4.26, 0.003, 306.78, 14.77);
insert into SHOT values (1565, 1575, 1580, 3648, 0.380, 81.20, 39.10, 0.380, 80.22, 39.20, 0.005, 343.72, 3.86);
insert into SHOT values (1566, 1575, 1581, 3648, 0.490, 313.20, 75.70, 0.497, 315.00, 75.15, 0.009, 346.07, 35.13);
insert into SHOT values (1567, 1575, 1582, 3648, 2.470, 217.90, 30.60, 2.463, 217.90, 30.77, 0.010, 38.18, 15.39);
insert into SHOT values (1568, 1575, 1583, 3648, 2.430, 183.80, 48.50, 2.425, 183.58, 48.63, 0.009, 45.37, 0.23);
insert into SHOT values (1569, 1575, 1584, 3648, 2.500, 154.00, 34.80, 2.498, 153.94, 34.92, 0.006, 0.89, 32.18);
insert into SHOT values (1570, 1575, 1585, 3648, 2.960, 154.60, 21.30, 2.964, 154.46, 21.37, 0.009, 80.20, 33.61);
insert into SHOT values (1571, 1575, 1586, 3648, 3.050, 183.20, 22.80, 3.042, 183.07, 22.82, 0.010, 43.61, -10.80);
insert into SHOT values (1572, 1575, 1587, 3648, 5.280, 194.00, 36.60, 5.278, 193.94, 36.64, 0.007, 61.58, 17.24);
insert into SHOT values (1573, 1575, 1588, 3648, 5.750, 179.90, 43.50, 5.751, 179.86, 43.52, 0.003, 71.76, 34.40);
insert into SHOT values (1574, 1575, 1589, 3648, 6.760, 160.60, 35.90, 6.754, 160.57, 35.89, 0.006, 12.74, -37.24);
insert into SHOT values (1575, 1575, 1590, 3648, 6.340, 176.70, 31.30, 6.331, 176.71, 31.31, 0.009, 347.48, -23.84);
insert into SHOT values (1576, 1575, 1591, 3648, 6.720, 190.00, 42.10, 6.613, 189.19, 42.41, 0.133, 43.54, -19.97);
insert into SHOT_FLAG values(1576, 'dpl');
insert into SHOT values (1577, 1591, 1592, 3648, 2.330, 247.80, -6.80, 2.336, 247.97, -6.88, 0.010, 297.87, -24.75);
insert into SHOT values (1578, 1591, 1593, 3648, 1.760, 241.40, -72.50, 1.762, 241.99, -72.42, 0.006, 302.08, -13.04);
insert into SHOT values (1579, 1591, 1594, 3648, 1.730, 347.60, -56.10, 1.732, 347.41, -56.22, 0.005, 229.54, -47.92);
insert into SHOT values (1580, 1591, 1595, 3648, 1.730, 111.00, -39.50, 1.726, 111.16, -39.60, 0.006, 255.54, 3.68);
insert into SHOT values (1581, 1591, 1596, 3648, 2.190, 106.90, -11.60, 2.186, 106.83, -11.61, 0.004, 324.18, 4.60);
insert into SHOT values (1582, 1591, 1597, 3648, 1.100, 98.10, -13.20, 1.102, 98.05, -13.65, 0.009, 344.25, -83.97);
insert into SHOT values (1583, 1591, 1598, 3648, 5.080, 40.00, -39.70, 5.080, 40.01, -39.78, 0.007, 209.86, -46.78);
insert into SHOT values (1584, 1591, 1599, 3648, 5.790, 65.20, -30.80, 5.790, 65.14, -30.86, 0.008, 309.61, -40.71);
insert into SHOT values (1585, 1591, 1600, 3648, 3.520, 80.80, -25.40, 3.512, 80.75, -25.46, 0.009, 280.38, -0.95);
insert into SHOT values (1586, 1591, 1601, 3648, 3.990, 66.40, -37.20, 3.992, 66.42, -37.31, 0.008, 224.65, -66.46);
insert into SHOT values (1587, 1591, 1602, 3648, 3.000, 54.50, -31.20, 3.004, 54.51, -31.29, 0.006, 98.66, -81.22);
insert into SHOT values (1588, 1591, 1603, 3648, 1.430, 18.10, -37.60, 1.436, 17.96, -37.78, 0.008, 327.24, -63.87);
insert into SHOT values (1589, 1591, 1604, 3648, 3.370, 204.80, 16.10, 3.370, 204.82, 16.02, 0.005, 247.68, -65.85);
insert into SHOT values (1590, 1591, 1605, 3648, 3.210, 178.60, 13.50, 3.210, 178.71, 13.51, 0.006, 273.43, 5.83);
insert into SHOT values (1591, 1591, 1606, 3648, 3.350, 152.60, 14.00, 3.351, 152.73, 13.99, 0.007, 234.67, -3.48);
insert into SHOT values (1592, 1591, 1607, 3648, 5.390, 173.70, 34.30, 5.389, 173.82, 34.22, 0.012, 243.89, -37.68);
insert into SHOT values (1593, 1591, 1608, 3648, 1.560, 163.60, 30.70, 1.557, 164.00, 30.48, 0.011, 249.83, -34.75);
insert into SHOT values (1594, 1591, 1609, 3648, 7.730, 168.30, 31.20, 7.724, 168.30, 31.19, 0.006, 349.83, -43.02);
insert into SHOT values (1595, 1591, 1610, 3648, 7.530, 167.10, 23.40, 7.533, 167.13, 23.39, 0.005, 217.06, -6.40);
insert into SHOT values (1596, 1591, 1611, 3648, 9.780, 161.00, 26.70, 9.776, 161.03, 26.68, 0.006, 284.30, -42.78);
insert into SHOT values (1597, 1591, 1612, 3648, 9.360, 161.10, 26.60, 9.361, 161.11, 26.59, 0.002, 206.21, -25.33);
insert into SHOT values (1598, 1591, 1613, 3648, 9.620, 160.80, 26.50, 9.618, 160.81, 26.49, 0.003, 286.68, -60.72);
insert into SHOT values (1599, 1591, 1614, 3648, 9.380, 161.10, 26.60, 9.315, 159.70, 26.18, 0.225, 62.60, -23.55);
insert into SHOT_FLAG values(1599, 'dpl');
insert into SHOT values (1600, 1614, 1615, 3648, 2.720, 25.00, -24.00, 2.720, 25.02, -24.09, 0.004, 183.95, -61.00);
insert into SHOT values (1601, 1614, 1616, 3648, 1.450, 26.80, -45.80, 1.450, 27.07, -45.82, 0.005, 118.69, -5.70);
insert into SHOT values (1602, 1614, 1617, 3648, 1.070, 24.40, 40.70, 1.074, 24.68, 40.68, 0.006, 75.66, 24.08);
insert into SHOT values (1603, 1614, 1618, 3648, 3.760, 101.90, 2.70, 3.764, 101.82, 2.74, 0.007, 47.59, 23.50);
insert into SHOT values (1604, 1614, 1619, 3648, 3.470, 116.50, -12.30, 3.474, 116.41, -12.30, 0.007, 64.74, -6.90);
insert into SHOT values (1605, 1614, 1620, 3648, 1.780, 133.90, 9.10, 1.783, 133.85, 9.03, 0.004, 109.76, -21.90);
insert into SHOT values (1606, 1614, 1621, 3648, 2.260, 114.10, 9.10, 2.263, 114.04, 9.16, 0.004, 67.73, 38.70);
insert into SHOT values (1607, 1614, 1622, 3648, 6.240, 119.20, -0.60, 6.287, 117.99, -1.18, 0.154, 47.67, -24.84);
insert into SHOT_FLAG values(1607, 'dpl');
insert into SHOT values (1608, 1622, 1623, 3648, 2.890, 195.70, 29.90, 2.889, 195.76, 29.90, 0.003, 312.16, -12.79);
insert into SHOT values (1609, 1622, 1624, 3648, 0.700, 190.50, -0.90, 0.702, 190.67, -0.82, 0.003, 233.61, 18.10);
insert into SHOT values (1610, 1622, 1625, 3648, 2.360, 193.10, 70.50, 2.357, 193.16, 70.39, 0.006, 208.05, -56.40);
insert into SHOT values (1611, 1622, 1626, 3648, 1.800, 46.90, 65.30, 1.803, 47.16, 65.42, 0.006, 168.49, 49.42);
insert into SHOT values (1612, 1622, 1627, 3648, 2.050, 26.10, 27.90, 2.054, 26.14, 27.87, 0.004, 44.31, 9.98);
insert into SHOT values (1613, 1622, 1628, 3648, 1.210, 19.60, -30.30, 1.206, 19.65, -30.38, 0.004, 186.14, 6.50);
insert into SHOT values (1614, 1622, 1629, 3648, 4.820, 236.10, -16.10, 4.816, 236.10, -16.15, 0.006, 52.35, -35.22);
insert into SHOT values (1615, 1622, 1630, 3648, 8.500, 261.90, -30.00, 8.502, 261.88, -29.99, 0.004, 218.48, 0.00);
insert into SHOT values (1616, 1622, 1631, 3648, 4.940, 146.00, 47.80, 4.941, 145.93, 47.79, 0.005, 77.34, 5.35);
insert into SHOT values (1617, 1622, 1632, 3648, 8.980, 131.00, 43.60, 8.981, 131.01, 43.57, 0.005, 150.08, -33.78);
insert into SHOT values (1618, 1622, 1633, 3648, 8.560, 106.70, 42.60, 8.560, 106.68, 42.56, 0.006, 82.17, -40.13);
insert into SHOT values (1619, 1622, 1634, 3648, 3.930, 75.10, 39.00, 3.928, 75.01, 38.97, 0.006, 342.30, -33.38);
insert into SHOT values (1620, 1622, 1635, 3648, 3.230, 114.70, 42.60, 3.231, 114.62, 42.67, 0.005, 358.97, 46.37);
insert into SHOT values (1621, 1622, 1636, 3648, 5.420, 114.70, 53.60, 5.416, 114.65, 53.61, 0.005, 332.72, -29.30);
insert into SHOT values (1622, 1622, 1637, 3648, 19.610, 127.20, 42.10, 19.614, 127.21, 42.10, 0.004, 172.90, 44.19);
insert into SHOT values (1623, 1622, 1638, 3648, 12.110, 127.00, 41.90, 12.111, 126.97, 41.91, 0.005, 17.28, 28.25);
insert into SHOT values (1624, 1638, 1639, 3648, 1.940, 199.40, -17.20, 1.945, 199.51, -17.35, 0.008, 245.88, -52.53);
insert into SHOT values (1625, 1638, 1640, 3648, 1.070, 146.30, -68.20, 1.079, 147.09, -67.95, 0.011, 182.89, -34.68);
insert into SHOT values (1626, 1638, 1641, 3648, 0.750, 37.20, 73.80, 0.749, 39.09, 74.02, 0.008, 152.36, -1.68);
insert into SHOT values (1627, 1638, 1642, 3648, 0.700, 45.00, 54.80, 0.694, 45.00, 55.21, 0.008, 225.00, -14.90);
insert into SHOT values (1628, 1638, 1643, 3648, 1.420, 53.90, -2.60, 1.412, 53.94, -2.84, 0.010, 226.76, -33.42);
insert into SHOT values (1629, 1638, 1644, 3648, 3.740, 117.80, 35.00, 3.737, 117.82, 34.93, 0.005, 181.36, -77.32);
insert into SHOT values (1630, 1638, 1645, 3648, 3.090, 105.20, 31.20, 3.091, 105.35, 31.18, 0.007, 184.98, -5.71);
insert into SHOT values (1631, 1638, 1646, 3648, 4.690, 94.40, 28.20, 4.686, 94.44, 28.14, 0.007, 201.34, -63.60);
insert into SHOT values (1632, 1638, 1647, 3648, 4.520, 83.00, 20.50, 4.516, 83.08, 20.48, 0.007, 200.25, -24.80);
insert into SHOT values (1633, 1638, 1648, 3648, 2.220, 118.00, 40.70, 2.217, 118.09, 40.84, 0.006, 271.40, 21.15);
insert into SHOT values (1634, 1638, 1649, 3648, 2.560, 151.70, 37.50, 2.561, 151.79, 37.53, 0.004, 238.39, 25.02);
insert into SHOT values (1635, 1638, 1650, 3648, 4.560, 141.70, 40.20, 4.563, 141.75, 40.12, 0.008, 168.47, -25.69);
insert into SHOT values (1636, 1638, 1651, 3648, 5.970, 128.50, 35.30, 5.972, 128.59, 35.29, 0.008, 204.44, 1.44);
insert into SHOT values (1637, 1638, 1652, 3648, 6.120, 137.70, 34.80, 6.119, 137.74, 34.77, 0.005, 215.70, -36.53);
insert into SHOT values (1638, 1638, 1653, 3648, 8.600, 131.80, 31.20, 8.599, 131.86, 31.17, 0.009, 208.98, -32.54);
insert into SHOT values (1639, 1638, 1654, 3648, 9.040, 132.20, 32.00, 9.040, 132.20, 31.99, 0.001, 115.75, -30.15);
insert into SHOT values (1640, 1654, 1655, 3648, 0.860, 236.40, 78.60, 0.857, 234.46, 78.42, 0.007, 165.04, -26.29);
insert into SHOT values (1641, 1654, 1656, 3648, 0.930, 232.60, 31.30, 0.931, 232.13, 31.02, 0.008, 170.13, -22.91);
insert into SHOT values (1642, 1654, 1657, 3648, 0.840, 217.60, -10.40, 0.847, 217.69, -10.19, 0.008, 227.47, 11.55);
insert into SHOT values (1643, 1654, 1658, 3648, 1.590, 219.70, -54.30, 1.591, 219.33, -54.19, 0.007, 156.47, 10.29);
insert into SHOT values (1644, 1654, 1659, 3648, 0.630, 197.30, -75.30, 0.633, 197.35, -74.63, 0.008, 198.47, -4.58);
insert into SHOT values (1645, 1654, 1660, 3648, 0.320, 30.90, 11.70, 0.311, 31.61, 11.12, 0.010, 185.91, -28.73);
insert into SHOT values (1646, 1654, 1661, 3648, 2.440, 93.30, 41.50, 2.432, 93.46, 41.44, 0.009, 222.62, -46.13);
insert into SHOT values (1647, 1654, 1662, 3648, 3.030, 125.30, 44.40, 3.030, 125.60, 44.40, 0.011, 217.07, 0.10);
insert into SHOT values (1648, 1654, 1663, 3648, 2.470, 163.60, 33.40, 2.471, 163.67, 33.39, 0.003, 230.46, 6.23);
insert into SHOT values (1649, 1654, 1664, 3648, 3.340, 150.90, 47.60, 3.335, 151.04, 47.53, 0.009, 248.27, -48.41);
insert into SHOT values (1650, 1654, 1665, 3648, 3.120, 142.80, 33.60, 3.116, 142.82, 33.51, 0.007, 267.75, -79.83);
insert into SHOT values (1651, 1654, 1666, 3648, 5.950, 145.20, 39.40, 5.947, 145.27, 39.34, 0.009, 221.37, -47.63);
insert into SHOT values (1652, 1654, 1667, 3648, 6.720, 154.30, 36.10, 6.724, 154.38, 36.08, 0.009, 211.96, 3.92);
insert into SHOT values (1653, 1654, 1668, 3648, 5.980, 150.90, 33.90, 5.978, 150.96, 33.85, 0.007, 232.02, -46.96);
insert into SHOT values (1654, 1654, 1669, 3648, 6.640, 149.50, 37.60, 6.644, 149.54, 37.56, 0.007, 180.48, -10.82);
insert into SHOT values (1655, 1669, 1670, 3648, 1.520, 152.40, 50.60, 1.512, 152.63, 50.71, 0.010, 305.61, -27.94);
insert into SHOT values (1656, 1669, 1671, 3648, 1.370, 205.20, 49.40, 1.366, 205.41, 49.58, 0.007, 356.66, -1.72);
insert into SHOT values (1657, 1669, 1672, 3648, 3.960, 70.00, 35.10, 3.959, 69.94, 35.16, 0.006, 292.94, 31.46);
insert into SHOT values (1658, 1669, 1673, 3648, 4.060, 69.50, 34.00, 4.058, 69.46, 34.01, 0.003, 294.36, -6.14);
insert into SHOT values (1659, 1669, 1674, 3648, 1.260, 61.70, 37.70, 1.264, 61.39, 37.53, 0.008, 16.75, -3.90);
insert into SHOT values (1660, 1669, 1675, 3648, 0.830, 31.10, 1.90, 0.831, 31.20, 2.07, 0.003, 101.61, 58.10);
insert into SHOT values (1661, 1669, 1676, 3648, 0.600, 314.50, 45.50, 0.604, 315.00, 45.38, 0.006, 359.50, 21.38);
insert into SHOT values (1662, 1669, 1677, 3648, 0.770, 282.60, 28.10, 0.767, 282.80, 28.01, 0.004, 57.58, -38.15);
insert into SHOT values (1663, 1669, 1678, 3648, 1.360, 256.60, -24.90, 1.358, 256.87, -24.82, 0.006, 359.97, 23.93);
insert into SHOT values (1664, 1669, 1679, 3648, 1.250, 257.40, 47.90, 1.253, 257.62, 47.93, 0.004, 322.60, 35.56);
insert into SHOT values (1665, 1669, 1680, 3648, 1.350, 234.00, 58.30, 1.352, 234.74, 58.30, 0.009, 318.82, 8.63);
insert into SHOT values (1666, 1669, 1681, 3648, 1.300, 234.80, 12.60, 1.301, 234.93, 12.43, 0.005, 291.76, -45.31);
insert into SHOT values (1667, 1681, 1682, 3648, 2.420, 156.40, 48.20, 2.427, 156.29, 48.23, 0.008, 114.16, 52.04);
insert into SHOT values (1668, 1681, 1683, 3648, 3.160, 151.40, 36.90, 3.163, 151.41, 36.92, 0.003, 165.54, 62.73);
insert into SHOT values (1669, 1681, 1684, 3648, 3.210, 142.70, 36.70, 3.213, 142.73, 36.70, 0.003, 172.22, 30.87);
insert into SHOT values (1670, 1681, 1685, 3648, 4.160, 146.20, 31.10, 4.160, 146.22, 31.12, 0.002, 270.94, 37.97);
insert into SHOT values (1671, 1681, 1686, 3648, 4.710, 149.10, 47.80, 4.710, 148.97, 47.82, 0.007, 47.90, 6.53);
insert into SHOT values (1672, 1681, 1687, 3648, 1.590, 137.00, 41.40, 1.586, 137.05, 41.45, 0.004, 303.68, -19.96);
insert into SHOT values (1673, 1681, 1688, 3648, 1.740, 158.00, 38.60, 1.742, 157.96, 38.73, 0.005, 35.64, 77.12);
insert into SHOT values (1674, 1681, 1689, 3648, 1.830, 144.90, 6.20, 1.834, 144.83, 6.26, 0.005, 111.61, 29.40);
insert into SHOT values (1675, 1681, 1690, 3648, 6.970, 145.40, 38.80, 6.973, 145.34, 38.81, 0.006, 77.00, 24.57);
insert into SHOT values (1676, 1690, 1691, 3648, 0.540, 195.80, 30.50, 0.541, 196.11, 29.96, 0.006, 235.24, -45.27);
insert into SHOT values (1677, 1690, 1692, 3648, 0.250, 332.10, 70.90, 0.253, 330.26, 71.43, 0.005, 216.86, 52.67);
insert into SHOT values (1678, 1690, 1693, 3648, 0.510, 4.20, -7.90, 0.506, 3.43, -7.96, 0.008, 241.47, 0.70);
insert into SHOT values (1679, 1690, 1694, 3648, 1.290, 356.70, -57.40, 1.291, 356.68, -57.62, 0.005, 179.88, -39.96);
insert into SHOT values (1680, 1690, 1695, 3648, 1.810, 117.60, 43.80, 1.801, 117.55, 43.94, 0.010, 304.17, -16.58);
insert into SHOT values (1681, 1690, 1696, 3648, 2.350, 103.50, 37.20, 2.350, 103.59, 37.18, 0.003, 182.39, -14.93);
insert into SHOT values (1682, 1690, 1697, 3648, 2.790, 124.10, 37.40, 2.783, 124.12, 37.40, 0.007, 296.10, -37.66);
insert into SHOT values (1683, 1690, 1698, 3648, 3.930, 120.50, 41.60, 3.928, 120.50, 41.63, 0.003, 305.69, 15.90);
insert into SHOT values (1684, 1698, 1699, 3648, 0.930, 173.10, -72.80, 0.931, 173.66, -73.03, 0.005, 314.79, -20.39);
insert into SHOT values (1685, 1698, 1700, 3648, 0.260, 35.50, 67.30, 0.260, 36.87, 67.38, 0.002, 134.16, 3.32);
insert into SHOT values (1686, 1698, 1701, 3648, 0.880, 80.10, 13.30, 0.876, 79.88, 13.19, 0.005, 307.14, -28.12);
insert into SHOT values (1687, 1698, 1702, 3648, 0.760, 63.50, 36.20, 0.760, 63.85, 36.30, 0.004, 162.56, 16.59);
insert into SHOT values (1688, 1698, 1703, 3648, 1.610, 72.10, 30.10, 1.607, 71.96, 30.26, 0.006, 289.01, 23.93);
insert into SHOT values (1689, 1698, 1704, 3648, 1.080, 159.90, 48.40, 1.078, 160.29, 48.70, 0.008, 297.69, 18.16);
insert into SHOT values (1690, 1698, 1705, 3648, 2.400, 120.40, 40.70, 2.397, 120.37, 40.61, 0.005, 40.73, -79.03);
insert into SHOT values (1691, 1698, 1706, 3648, 2.400, 170.20, 23.00, 2.403, 170.37, 23.03, 0.007, 243.35, 18.41);
insert into SHOT values (1692, 1698, 1707, 3648, 3.870, 167.00, 34.70, 3.867, 167.10, 34.67, 0.007, 271.51, -28.51);
insert into SHOT values (1693, 1707, 1708, 3648, 1.070, 205.30, -88.90, 1.070, 206.57, -88.80, 0.002, 220.52, -5.99);
insert into SHOT values (1694, 1707, 1709, 3648, 0.240, 14.90, 13.40, 0.236, 15.26, 14.74, 0.007, 180.32, 37.95);
insert into SHOT values (1695, 1707, 1710, 3648, 0.520, 35.90, -6.50, 0.525, 36.43, -6.56, 0.007, 78.09, -8.95);
insert into SHOT values (1696, 1707, 1711, 3648, 0.750, 349.90, -23.70, 0.744, 349.85, -23.79, 0.006, 175.95, 13.43);
insert into SHOT values (1697, 1707, 1712, 3648, 1.200, 92.10, 31.60, 1.208, 92.22, 31.43, 0.009, 106.47, 7.71);
insert into SHOT values (1698, 1707, 1713, 3648, 3.080, 101.00, 25.50, 3.083, 100.99, 25.56, 0.004, 68.35, 73.43);
insert into SHOT values (1699, 1707, 1714, 3648, 2.100, 92.70, 25.80, 2.104, 92.73, 25.93, 0.006, 123.25, 74.14);
insert into SHOT values (1700, 1707, 1715, 3648, 2.310, 103.80, 8.70, 2.314, 103.91, 8.70, 0.006, 154.94, 5.70);
insert into SHOT values (1701, 1707, 1716, 3648, 1.710, 104.90, -18.20, 1.709, 104.98, -18.06, 0.005, 175.82, 60.60);
insert into SHOT values (1702, 1707, 1717, 3648, 1.280, 87.90, 16.60, 1.285, 88.14, 16.73, 0.008, 139.88, 33.71);
insert into SHOT values (1703, 1707, 1718, 3648, 1.520, 119.90, 26.80, 1.527, 119.95, 26.87, 0.007, 133.72, 41.18);
insert into SHOT values (1704, 1707, 1719, 3648, 8.420, 102.90, 31.20, 8.419, 102.92, 31.19, 0.003, 190.52, -39.72);
insert into SHOT values (1705, 1719, 1720, 3648, 0.880, 239.80, -84.00, 0.875, 237.99, -83.81, 0.006, 187.63, 54.00);
insert into SHOT values (1706, 1719, 1721, 3648, 0.590, 125.90, -19.20, 0.597, 125.66, -18.55, 0.010, 110.77, 23.52);
insert into SHOT values (1707, 1719, 1722, 3648, 1.470, 307.90, -4.40, 1.464, 308.05, -4.31, 0.007, 92.96, 23.00);
insert into SHOT values (1708, 1719, 1723, 3648, 2.700, 315.50, -27.80, 2.691, 315.51, -27.68, 0.011, 131.02, 59.98);
insert into SHOT values (1709, 1719, 1724, 3648, 1.290, 304.00, 24.00, 1.287, 304.23, 24.31, 0.009, 81.82, 36.90);
insert into SHOT values (1710, 1719, 1725, 3648, 0.390, 282.10, 62.50, 0.391, 283.24, 63.48, 0.008, 69.68, 32.09);
insert into SHOT values (1711, 1719, 1726, 3648, 1.960, 49.10, 17.60, 1.966, 49.33, 17.77, 0.011, 112.25, 40.84);
insert into SHOT values (1712, 1719, 1727, 3648, 2.900, 26.00, 16.10, 2.910, 26.11, 16.16, 0.012, 56.29, 29.29);
insert into SHOT values (1713, 1719, 1728, 3648, 4.570, 24.50, 23.00, 4.576, 24.56, 23.03, 0.007, 69.50, 36.55);
insert into SHOT values (1714, 1719, 1729, 3648, 4.050, 32.80, 25.20, 4.055, 32.87, 25.26, 0.007, 93.49, 48.83);
insert into SHOT values (1715, 1719, 1730, 3648, 3.880, 42.00, 26.90, 3.884, 42.07, 26.95, 0.007, 106.74, 42.91);
insert into SHOT values (1716, 1719, 1731, 3648, 6.460, 38.90, 22.90, 6.463, 38.93, 22.95, 0.007, 111.51, 62.12);
insert into SHOT values (1717, 1719, 1732, 3648, 4.670, 41.50, 17.90, 4.676, 41.54, 17.94, 0.007, 72.56, 39.62);
insert into SHOT values (1718, 1719, 1733, 3648, 4.930, 37.70, 14.20, 4.933, 37.78, 14.20, 0.007, 101.98, 4.87);
insert into SHOT values (1719, 1719, 1734, 3648, 0.820, 143.80, 28.20, 0.821, 143.45, 28.38, 0.005, 45.20, 29.18);
insert into SHOT values (1720, 1719, 1735, 3648, 1.280, 173.90, 26.40, 1.281, 173.49, 26.42, 0.008, 89.86, 6.06);
insert into SHOT values (1721, 1719, 1736, 3648, 1.720, 184.70, 14.10, 1.717, 184.48, 14.16, 0.007, 68.98, 7.81);
insert into SHOT values (1722, 1719, 1737, 3648, 1.730, 191.60, 4.90, 1.730, 191.38, 4.97, 0.007, 103.05, 18.23);
insert into SHOT values (1723, 1719, 1738, 3648, 2.250, 183.60, -7.50, 2.253, 183.59, -7.40, 0.005, 178.90, 45.25);
insert into SHOT values (1724, 1719, 1739, 3648, 2.220, 166.20, -9.90, 2.218, 165.96, -9.86, 0.009, 65.42, 10.40);
insert into SHOT values (1725, 1719, 1740, 3648, 1.790, 146.90, 3.90, 1.796, 146.84, 4.15, 0.010, 129.84, 53.20);
insert into SHOT values (1726, 1719, 1741, 3648, 2.760, 165.20, 9.70, 2.762, 165.10, 9.80, 0.007, 86.79, 44.50);
insert into SHOT values (1727, 1719, 1742, 3648, 3.130, 163.90, 18.10, 3.135, 163.82, 18.22, 0.009, 107.60, 55.56);
insert into SHOT values (1728, 1719, 1743, 3648, 3.400, 173.50, 11.70, 3.402, 173.45, 11.70, 0.004, 123.35, 8.01);
insert into SHOT values (1729, 1719, 1744, 3648, 3.320, 174.10, 5.00, 3.320, 174.10, 5.01, 0.001, 169.86, 76.38);
insert into SHOT values (1730, 1719, 1745, 3648, 3.980, 181.00, 0.50, 3.981, 181.01, 0.58, 0.005, 215.58, 79.97);
insert into SHOT values (1731, 1719, 1746, 3648, 3.890, 155.00, 18.60, 3.893, 154.96, 18.73, 0.010, 53.51, 75.79);
insert into SHOT values (1732, 1719, 1747, 3648, 3.160, 154.90, 9.40, 3.161, 154.75, 9.47, 0.009, 67.15, 25.46);
insert into SHOT values (1733, 1719, 1748, 3648, 3.290, 147.60, 18.90, 3.294, 147.59, 18.96, 0.005, 131.55, 56.02);
insert into SHOT values (1734, 1719, 1749, 3648, 3.260, 149.20, 17.80, 3.265, 149.23, 17.84, 0.005, 170.41, 41.41);
insert into SHOT values (1735, 1719, 1750, 3648, 1.850, 176.40, 16.40, 1.852, 176.12, 16.63, 0.012, 81.83, 41.55);
insert into SHOT values (1736, 1750, 1751, 3648, 4.250, 128.80, 17.80, 4.250, 128.88, 17.81, 0.006, 219.42, 7.92);
insert into SHOT values (1737, 1750, 1752, 3648, 1.880, 115.30, 17.30, 1.879, 115.42, 17.34, 0.004, 223.69, 13.07);
insert into SHOT values (1738, 1750, 1753, 3648, 1.570, 138.90, 18.10, 1.571, 139.07, 17.79, 0.010, 190.47, -54.47);
insert into SHOT values (1739, 1750, 1754, 3648, 2.400, 129.20, 6.80, 2.397, 129.37, 6.71, 0.009, 240.74, -28.20);
insert into SHOT values (1740, 1750, 1755, 3648, 1.070, 151.90, 13.50, 1.072, 151.96, 13.49, 0.002, 181.50, 5.53);
insert into SHOT values (1741, 1750, 1756, 3648, 1.020, 149.90, -0.40, 1.017, 149.91, -0.56, 0.004, 327.86, -45.06);
insert into SHOT values (1742, 1750, 1757, 3648, 1.090, 151.80, -30.00, 1.089, 152.07, -30.35, 0.008, 287.56, -38.13);
insert into SHOT values (1743, 1750, 1758, 3648, 1.120, 84.70, 0.90, 1.115, 84.85, 0.51, 0.010, 235.85, -51.08);
insert into SHOT values (1744, 1750, 1759, 3648, 0.240, 67.00, 38.20, 0.237, 67.62, 39.21, 0.005, 224.36, 17.02);
insert into SHOT values (1745, 1750, 1760, 3648, 0.960, 146.30, -79.50, 0.966, 149.04, -79.57, 0.010, 237.79, -36.03);
insert into SHOT values (1746, 1750, 1761, 3648, 0.910, 263.00, -39.90, 0.920, 262.67, -39.89, 0.011, 235.21, -36.06);
insert into SHOT values (1747, 1750, 1762, 3648, 0.320, 278.30, -22.50, 0.329, 277.59, -23.25, 0.011, 250.24, -43.59);
insert into SHOT values (1748, 1750, 1763, 3648, 1.430, 201.70, -5.50, 1.429, 201.88, -5.62, 0.005, 304.52, -33.24);
insert into SHOT values (1749, 1750, 1764, 3648, 1.420, 185.80, 11.20, 1.424, 186.16, 10.93, 0.012, 245.67, -29.84);
insert into SHOT values (1750, 1750, 1765, 3648, 1.600, 174.50, 12.80, 1.596, 174.47, 12.67, 0.005, 8.52, -55.39);
insert into SHOT values (1751, 1750, 1766, 3648, 1.490, 172.50, -2.10, 1.493, 172.68, -2.30, 0.008, 229.34, -43.26);
insert into SHOT values (1752, 1750, 1767, 3648, 4.120, 177.10, 11.30, 4.123, 177.17, 11.19, 0.010, 221.13, -47.48);
insert into SHOT values (1753, 1767, 1768, 3648, 0.870, 321.60, -78.20, 0.868, 321.84, -78.17, 0.002, 41.69, 64.62);
insert into SHOT values (1754, 1767, 1769, 3648, 0.230, 268.10, -35.90, 0.230, 270.00, -34.38, 0.009, 328.45, 33.87);
insert into SHOT values (1755, 1767, 1770, 3648, 0.340, 85.20, 38.70, 0.342, 83.42, 40.05, 0.012, 330.47, 39.62);
insert into SHOT values (1756, 1767, 1771, 3648, 1.910, 79.00, 27.80, 1.912, 78.76, 27.74, 0.008, 11.08, -5.87);
insert into SHOT values (1757, 1767, 1772, 3648, 0.730, 78.20, 10.90, 0.729, 77.91, 11.07, 0.004, 333.76, 27.27);
insert into SHOT values (1758, 1767, 1773, 3648, 1.970, 152.80, 22.90, 1.968, 152.73, 23.03, 0.005, 6.87, 39.99);
insert into SHOT values (1759, 1767, 1774, 3648, 2.440, 166.80, 25.10, 2.440, 166.91, 25.23, 0.007, 284.84, 46.39);
insert into SHOT values (1760, 1767, 1775, 3648, 2.480, 175.70, 16.80, 2.474, 175.64, 16.92, 0.008, 14.91, 22.50);
insert into SHOT values (1761, 1767, 1776, 3648, 2.520, 164.60, 10.60, 2.514, 164.50, 10.77, 0.011, 15.39, 37.62);
insert into SHOT values (1762, 1767, 1777, 3648, 2.820, 159.80, 24.40, 2.823, 159.73, 24.49, 0.006, 86.98, 57.34);
insert into SHOT values (1763, 1767, 1778, 3648, 4.740, 159.70, 24.20, 4.739, 159.68, 24.30, 0.009, 0.48, 54.79);
insert into SHOT values (1764, 1778, 1779, 3648, 0.290, 213.10, -15.30, 0.286, 213.11, -16.24, 0.006, 32.49, -34.12);
insert into SHOT values (1765, 1778, 1780, 3648, 1.190, 204.20, -21.20, 1.186, 204.02, -21.25, 0.005, 67.71, 3.68);
insert into SHOT values (1766, 1778, 1781, 3648, 0.840, 163.90, -75.60, 0.846, 163.30, -75.71, 0.007, 71.15, -71.11);
insert into SHOT values (1767, 1778, 1782, 3648, 1.060, 48.60, -0.10, 1.056, 48.46, 0.00, 0.006, 259.05, 19.55);
insert into SHOT values (1768, 1778, 1783, 3648, 0.770, 55.10, 33.90, 0.770, 54.57, 33.97, 0.006, 316.14, 5.10);
insert into SHOT values (1769, 1778, 1784, 3648, 0.530, 63.70, 49.70, 0.528, 64.18, 49.27, 0.005, 125.05, -52.10);
insert into SHOT values (1770, 1778, 1785, 3648, 3.180, 163.10, 6.10, 3.185, 163.11, 6.13, 0.005, 170.04, 24.19);
insert into SHOT values (1771, 1778, 1786, 3648, 2.320, 140.50, 27.60, 2.321, 140.51, 27.45, 0.006, 147.86, -49.17);
insert into SHOT values (1772, 1778, 1787, 3648, 2.670, 146.90, 7.80, 2.671, 147.03, 7.75, 0.007, 229.11, -21.19);
insert into SHOT values (1773, 1778, 1788, 3648, 1.870, 116.00, 26.60, 1.863, 115.95, 26.45, 0.008, 316.39, -60.56);
insert into SHOT values (1774, 1778, 1789, 3648, 11.920, 119.60, 31.90, 11.922, 119.60, 31.90, 0.002, 146.92, 30.65);
insert into SHOT values (1775, 1778, 1790, 3648, 11.380, 119.80, 31.90, 11.375, 119.80, 31.89, 0.005, 290.70, -42.22);
insert into SHOT values (1776, 1790, 1791, 3648, 2.520, 270.90, -24.40, 2.515, 270.75, -24.42, 0.008, 142.50, 7.65);
insert into SHOT values (1777, 1790, 1792, 3648, 4.290, 283.50, -30.70, 4.284, 283.51, -30.74, 0.007, 99.34, 1.89);
insert into SHOT values (1778, 1790, 1793, 3648, 3.680, 292.20, -28.80, 3.674, 292.26, -28.80, 0.007, 75.06, 25.60);
insert into SHOT values (1779, 1790, 1794, 3648, 2.560, 289.90, -24.90, 2.558, 289.92, -24.97, 0.004, 96.29, -32.29);
insert into SHOT values (1780, 1790, 1795, 3648, 3.860, 301.20, -30.30, 3.858, 301.11, -30.36, 0.007, 173.98, -21.31);
insert into SHOT values (1781, 1790, 1796, 3648, 3.330, 307.40, -30.10, 3.331, 307.39, -30.09, 0.001, 277.64, 1.32);
insert into SHOT values (1782, 1790, 1797, 3648, 2.180, 311.90, -30.20, 2.181, 311.99, -30.29, 0.005, 53.99, -49.36);
insert into SHOT values (1783, 1790, 1798, 3648, 1.490, 324.90, -26.70, 1.488, 325.11, -26.76, 0.006, 80.11, -5.36);
insert into SHOT values (1784, 1790, 1799, 3648, 0.340, 255.00, 14.10, 0.333, 253.81, 13.92, 0.010, 118.64, -16.25);
insert into SHOT values (1785, 1790, 1800, 3648, 2.110, 218.60, -1.80, 2.108, 218.45, -1.90, 0.007, 107.47, -31.76);
insert into SHOT values (1786, 1790, 1801, 3648, 1.290, 216.40, -24.00, 1.290, 216.38, -23.78, 0.005, 204.79, 71.15);
insert into SHOT values (1787, 1790, 1802, 3648, 0.580, 218.20, 12.00, 0.583, 217.87, 11.89, 0.004, 168.61, -7.89);
insert into SHOT values (1788, 1790, 1803, 3648, 0.380, 50.20, -4.50, 0.378, 50.39, -4.56, 0.003, 202.81, -3.93);
insert into SHOT values (1789, 1790, 1804, 3648, 3.220, 136.40, 27.40, 3.224, 136.27, 27.32, 0.009, 88.41, -12.18);
insert into SHOT values (1790, 1790, 1805, 3648, 2.650, 155.00, 21.90, 2.652, 155.00, 21.92, 0.002, 151.19, 40.89);
insert into SHOT values (1791, 1790, 1806, 3648, 1.870, 155.50, 27.00, 1.873, 155.58, 26.99, 0.004, 193.96, 14.70);
insert into SHOT values (1792, 1790, 1807, 3648, 3.160, 186.50, 18.10, 3.165, 186.49, 18.04, 0.006, 179.79, -17.01);
insert into SHOT values (1793, 1790, 1808, 3648, 2.880, 185.90, 10.50, 2.884, 185.87, 10.59, 0.006, 161.41, 56.60);
insert into SHOT values (1794, 1790, 1809, 3648, 2.210, 172.60, 5.60, 2.210, 172.42, 5.71, 0.008, 80.42, 32.50);
insert into SHOT values (1795, 1790, 1810, 3648, 4.380, 171.50, 23.80, 4.388, 171.41, 23.79, 0.010, 130.33, 13.83);
insert into SHOT values (1796, 1810, 1811, 3648, 6.340, 211.10, -16.60, 6.338, 211.13, -16.59, 0.003, 326.10, 22.95);
insert into SCRAPS values (3649, 3646, 'Hacienda_Salinas_5new-1p', 1, 36.59253, 0.34633);
 insert into MAPS values (4059, 3646, 'm-all-p', NULL, 1, 85.090, -52.700);
 insert into MAPITEMS values (4059, 4, 3649);
 insert into SURVEY values (4061, 18, 'PinceMi', 'PinceMi.CuevaPirates', 'Pince Mi');
 insert into CENTRELINE values (4062, 4061, NULL, NULL, NULL, 0.00, 0.00, 0.00);
 insert into CENTRELINE values (4063, 4061, NULL, '2023-02-10', '2023-02-10', 131.70, 0.00, 9.47);
 insert into TOPO values (17, 4063);
 insert into TOPO values (13, 4063);
 insert into EXPLO values (10, 4063);
 insert into SHOT values (1797, 1812, 1813, 4063, 9.470, 262.40, -31.50, 9.384, 263.29, -30.98, 0.175, 6.06, 42.55);
insert into SHOT_FLAG values(1797, 'dpl');
insert into SHOT values (1798, 1813, 1814, 4063, 2.130, 42.90, 11.00, 2.127, 42.86, 11.11, 0.005, 243.42, 44.14);
insert into SHOT values (1799, 1813, 1815, 4063, 1.680, 52.40, 36.10, 1.677, 52.20, 36.17, 0.006, 287.97, 1.49);
insert into SHOT values (1800, 1813, 1816, 4063, 1.150, 63.30, 46.20, 1.150, 63.11, 46.20, 0.003, 335.15, -0.53);
insert into SHOT values (1801, 1813, 1817, 4063, 1.620, 108.20, 54.30, 1.624, 107.86, 54.38, 0.007, 20.40, 38.25);
insert into SHOT values (1802, 1813, 1818, 4063, 3.630, 132.30, 24.50, 3.628, 132.30, 24.60, 0.006, 314.52, 46.83);
insert into SHOT values (1803, 1813, 1819, 4063, 5.430, 139.60, 17.40, 5.429, 139.54, 17.47, 0.009, 16.45, 45.12);
insert into SHOT values (1804, 1813, 1820, 4063, 4.210, 147.80, 3.30, 4.214, 147.82, 3.40, 0.008, 174.83, 65.75);
insert into SHOT values (1805, 1813, 1821, 4063, 1.850, 146.40, -21.90, 1.850, 146.40, -21.90, 0.000, 160.29, 5.03);
insert into SHOT values (1806, 1813, 1822, 4063, 1.450, 152.80, -46.70, 1.442, 152.92, -46.73, 0.008, 314.45, 39.56);
insert into SHOT values (1807, 1813, 1823, 4063, 1.030, 291.70, -84.60, 1.025, 293.96, -84.48, 0.007, 0.86, 52.54);
insert into SHOT values (1808, 1813, 1824, 4063, 4.940, 196.50, -35.00, 4.938, 196.51, -34.97, 0.004, 267.59, 78.57);
insert into SHOT values (1809, 1813, 1825, 4063, 5.290, 183.50, -19.40, 5.288, 183.56, -19.33, 0.009, 273.62, 52.87);
insert into SHOT values (1810, 1813, 1826, 4063, 3.620, 212.60, -40.40, 3.616, 212.71, -40.32, 0.008, 297.33, 49.30);
insert into SHOT values (1811, 1813, 1827, 4063, 3.970, 114.60, 14.60, 3.970, 114.63, 14.74, 0.010, 256.78, 71.02);
insert into SHOT values (1812, 1813, 1828, 4063, 5.070, 88.50, 22.50, 5.071, 88.53, 22.61, 0.010, 223.30, 69.86);
insert into SHOT values (1813, 1813, 1829, 4063, 9.710, 81.00, 25.30, 9.709, 81.02, 25.30, 0.003, 189.72, 6.09);
insert into SHOT values (1814, 1813, 1830, 4063, 2.580, 105.00, 33.60, 2.586, 105.07, 33.58, 0.006, 131.66, 21.41);
insert into SHOT values (1815, 1813, 1831, 4063, 3.870, 66.70, 23.00, 3.872, 66.67, 23.11, 0.008, 296.85, 75.39);
insert into SHOT values (1816, 1813, 1832, 4063, 2.700, 86.60, 8.60, 2.696, 86.56, 8.75, 0.008, 288.70, 50.16);
insert into SHOT values (1817, 1813, 1833, 4063, 2.560, 111.40, 1.50, 2.556, 111.34, 1.57, 0.006, 324.49, 32.86);
insert into SHOT values (1818, 1813, 1834, 4063, 6.210, 325.50, -30.70, 6.207, 325.54, -30.71, 0.004, 97.36, 6.03);
insert into SHOT values (1819, 1813, 1835, 4063, 6.860, 309.90, -24.70, 6.858, 309.92, -24.65, 0.007, 29.12, 68.58);
insert into SHOT values (1820, 1813, 1836, 4063, 3.420, 335.80, -16.70, 3.420, 335.86, -16.65, 0.004, 52.94, 38.25);
insert into SHOT values (1821, 1813, 1837, 4063, 2.620, 325.90, -15.60, 2.622, 325.81, -15.48, 0.007, 274.38, 41.03);
insert into SHOT values (1822, 1813, 1838, 4063, 1.440, 345.30, 7.90, 1.440, 345.38, 7.98, 0.003, 79.69, 46.48);
insert into SHOT values (1823, 1813, 1839, 4063, 3.550, 317.40, -36.60, 3.548, 317.42, -36.49, 0.007, 336.97, 70.74);
insert into SHOT values (1824, 1813, 1840, 4063, 2.120, 335.90, -36.40, 2.118, 335.83, -36.17, 0.009, 306.14, 63.54);
insert into SHOT values (1825, 1813, 1841, 4063, 4.220, 338.90, -22.40, 4.219, 338.83, -22.29, 0.010, 270.03, 56.16);
insert into SHOT values (1826, 1813, 1842, 4063, 5.880, 330.20, -26.70, 5.880, 330.21, -26.68, 0.003, 20.97, 49.22);
insert into SHOT values (1827, 1813, 1843, 4063, 5.860, 317.10, -26.50, 5.857, 317.09, -26.46, 0.005, 182.89, 70.32);
insert into SHOT values (1828, 1813, 1844, 4063, 5.650, 317.30, -26.60, 5.646, 317.25, -26.51, 0.011, 235.03, 63.86);
insert into SHOT values (1829, 1813, 1845, 4063, 5.640, 316.80, -26.70, 5.629, 317.56, -25.80, 0.111, 23.52, 49.03);
insert into SHOT values (1830, 1845, 1846, 4063, 1.600, 56.60, 9.40, 1.602, 56.61, 9.34, 0.003, 64.12, -28.61);
insert into SHOT values (1831, 1845, 1847, 4063, 2.420, 65.20, 16.50, 2.423, 65.31, 16.55, 0.006, 131.93, 28.71);
insert into SHOT values (1832, 1845, 1848, 4063, 2.270, 27.70, 4.10, 2.269, 27.92, 4.04, 0.009, 122.04, -14.55);
insert into SHOT values (1833, 1845, 1849, 4063, 3.010, 9.20, -6.90, 3.010, 9.24, -6.87, 0.003, 83.90, 35.55);
insert into SHOT values (1834, 1845, 1850, 4063, 3.720, 355.40, -10.90, 3.718, 355.44, -10.85, 0.005, 110.74, 47.37);
insert into SHOT values (1835, 1845, 1851, 4063, 1.100, 32.90, -18.90, 1.101, 33.23, -19.09, 0.007, 128.73, -31.37);
insert into SHOT values (1836, 1845, 1852, 4063, 1.500, 80.30, 10.50, 1.506, 80.28, 10.33, 0.007, 76.42, -27.72);
insert into SHOT values (1837, 1845, 1853, 4063, 2.550, 109.90, 22.40, 2.551, 109.82, 22.35, 0.004, 52.13, -23.21);
insert into SHOT values (1838, 1845, 1854, 4063, 9.390, 132.10, 24.90, 9.389, 132.10, 24.88, 0.004, 76.16, -81.93);
insert into SHOT values (1839, 1845, 1855, 4063, 2.570, 168.20, 27.30, 2.575, 168.15, 27.27, 0.006, 146.55, 13.21);
insert into SHOT values (1840, 1845, 1856, 4063, 1.300, 199.40, 34.60, 1.300, 199.11, 34.69, 0.006, 97.12, 18.21);
insert into SHOT values (1841, 1845, 1857, 4063, 1.030, 232.10, 17.40, 1.024, 232.07, 17.62, 0.007, 55.95, 16.49);
insert into SHOT values (1842, 1845, 1858, 4063, 1.370, 280.60, -5.00, 1.368, 280.57, -5.03, 0.002, 125.16, -18.05);
insert into SHOT values (1843, 1845, 1859, 4063, 0.490, 77.00, -79.30, 0.489, 77.47, -79.13, 0.002, 108.95, 45.93);
insert into SHOT values (1844, 1845, 1860, 4063, 1.310, 260.80, -21.60, 1.306, 261.00, -21.56, 0.006, 26.28, 23.01);
insert into SHOT values (1845, 1845, 1861, 4063, 1.830, 296.70, -14.80, 1.832, 296.85, -14.86, 0.006, 7.15, -26.58);
insert into SHOT values (1846, 1845, 1862, 4063, 6.010, 347.20, -12.40, 6.006, 347.20, -12.40, 0.004, 173.54, 8.04);
insert into SHOT values (1847, 1845, 1863, 4063, 9.970, 338.70, -16.10, 9.965, 338.69, -16.08, 0.007, 185.27, 46.01);
insert into SHOT values (1848, 1845, 1864, 4063, 3.490, 333.90, -18.70, 3.490, 333.98, -18.72, 0.005, 72.91, -13.16);
insert into SHOT values (1849, 1845, 1865, 4063, 6.310, 326.80, -16.80, 6.301, 326.84, -16.79, 0.010, 121.16, 22.96);
insert into SHOT values (1850, 1845, 1866, 4063, 2.960, 338.60, -19.50, 2.960, 338.77, -19.54, 0.009, 75.11, -13.00);
insert into SHOT values (1851, 1845, 1867, 4063, 2.030, 356.90, -16.10, 2.031, 357.06, -16.00, 0.007, 65.69, 26.15);
insert into SHOT values (1852, 1845, 1868, 4063, 6.120, 334.20, -15.60, 6.149, 334.94, -14.60, 0.135, 28.72, 45.34);
insert into SHOT values (1853, 1868, 1869, 4063, 1.610, 67.80, 16.90, 1.610, 67.92, 16.60, 0.009, 118.86, -62.10);
insert into SHOT values (1854, 1868, 1870, 4063, 2.260, 32.30, -0.20, 2.261, 32.35, -0.25, 0.003, 96.74, -41.48);
insert into SHOT values (1855, 1868, 1871, 4063, 2.320, 23.50, -10.20, 2.318, 23.53, -10.44, 0.010, 186.88, -66.51);
insert into SHOT values (1856, 1868, 1872, 4063, 1.170, 26.90, -24.90, 1.168, 27.05, -25.35, 0.010, 181.27, -49.04);
insert into SHOT values (1857, 1868, 1873, 4063, 1.640, 347.90, -32.50, 1.643, 347.88, -32.80, 0.009, 181.50, -74.59);
insert into SHOT values (1858, 1868, 1874, 4063, 2.020, 331.80, -24.20, 2.017, 331.76, -24.29, 0.004, 170.02, -26.96);
insert into SHOT values (1859, 1868, 1875, 4063, 1.620, 341.80, -10.30, 1.614, 342.02, -10.35, 0.009, 117.95, -2.20);
insert into SHOT values (1860, 1868, 1876, 4063, 1.550, 302.30, -21.10, 1.548, 302.26, -21.21, 0.004, 139.55, -29.33);
insert into SHOT values (1861, 1868, 1877, 4063, 1.450, 293.20, -22.10, 1.448, 293.31, -22.33, 0.007, 81.14, -42.49);
insert into SHOT values (1862, 1868, 1878, 4063, 1.420, 262.60, -17.00, 1.416, 262.35, -17.26, 0.010, 127.53, -29.98);
insert into SHOT values (1863, 1868, 1879, 4063, 1.840, 217.60, 3.40, 1.843, 217.49, 3.11, 0.010, 171.73, -62.24);
insert into SHOT values (1864, 1868, 1880, 4063, 0.670, 196.90, 45.90, 0.671, 196.11, 45.70, 0.007, 124.95, -9.61);
insert into SHOT values (1865, 1868, 1881, 4063, 1.290, 189.50, -6.80, 1.297, 189.39, -7.09, 0.010, 167.98, -46.91);
insert into SHOT values (1866, 1868, 1882, 4063, 1.990, 166.00, 7.90, 1.997, 165.96, 7.77, 0.009, 157.08, -23.52);
insert into SHOT values (1867, 1868, 1883, 4063, 2.130, 109.90, 24.90, 2.131, 109.93, 24.69, 0.008, 125.37, -58.81);
insert into SHOT values (1868, 1868, 1884, 4063, 1.080, 124.50, 7.00, 1.087, 124.43, 6.87, 0.007, 113.36, -12.73);
insert into SHOT values (1869, 1868, 1885, 4063, 0.980, 60.10, 25.00, 0.977, 60.26, 24.81, 0.005, 179.20, -56.59);
insert into SHOT values (1870, 1868, 1886, 4063, 2.410, 12.10, -15.70, 2.414, 12.18, -15.87, 0.009, 68.32, -63.32);
insert into SHOT values (1871, 1868, 1887, 4063, 4.080, 355.30, -15.30, 4.079, 355.33, -15.35, 0.005, 131.29, -46.06);
insert into SHOT values (1872, 1868, 1888, 4063, 2.440, 358.30, -11.60, 2.443, 358.32, -11.81, 0.009, 45.60, -82.28);
insert into SHOT values (1873, 1868, 1889, 4063, 2.410, 18.30, -8.10, 2.405, 18.36, -8.13, 0.005, 171.11, -4.57);
insert into SHOT values (1874, 1868, 1890, 4063, 4.430, 11.30, -11.20, 4.432, 11.41, -11.32, 0.013, 99.30, -47.96);
insert into SHOT values (1875, 1868, 1891, 4063, 4.190, 348.60, -13.10, 4.188, 348.69, -13.11, 0.007, 93.85, -2.85);
insert into SHOT values (1876, 1868, 1892, 4063, 3.530, 342.40, -14.70, 3.526, 342.42, -14.79, 0.007, 152.31, -39.02);
insert into SHOT values (1877, 1868, 1893, 4063, 3.320, 0.80, -12.80, 3.376, 1.22, -12.14, 0.072, 21.54, 20.72);
insert into SHOT values (1878, 1893, 1894, 4063, 1.390, 107.00, 10.30, 1.392, 106.98, 10.34, 0.003, 94.04, 34.11);
insert into SHOT values (1879, 1893, 1895, 4063, 1.770, 70.50, 10.50, 1.771, 70.52, 10.74, 0.008, 209.61, 81.70);
insert into SHOT values (1880, 1893, 1896, 4063, 1.920, 53.10, 2.30, 1.916, 53.07, 2.39, 0.005, 245.69, 32.86);
insert into SHOT values (1881, 1893, 1897, 4063, 1.820, 29.40, -10.30, 1.819, 29.43, -10.13, 0.006, 93.43, 80.01);
insert into SHOT values (1882, 1893, 1898, 4063, 1.910, 8.70, -14.00, 1.908, 8.70, -13.95, 0.003, 189.54, 46.46);
insert into SHOT values (1883, 1893, 1899, 4063, 1.670, 3.20, -7.60, 1.667, 3.12, -7.58, 0.004, 221.16, 13.38);
insert into SHOT values (1884, 1893, 1900, 4063, 1.730, 349.90, -17.50, 1.735, 349.91, -17.44, 0.006, 353.35, 2.23);
insert into SHOT values (1885, 1893, 1901, 4063, 1.520, 315.90, -11.20, 1.520, 315.81, -11.00, 0.006, 252.06, 64.67);
insert into SHOT values (1886, 1893, 1902, 4063, 1.480, 254.30, -4.10, 1.479, 254.27, -3.88, 0.006, 115.24, 77.80);
insert into SHOT values (1887, 1893, 1903, 4063, 0.570, 276.40, -9.40, 0.570, 276.12, -9.08, 0.004, 203.34, 46.64);
insert into SHOT values (1888, 1893, 1904, 4063, 0.530, 293.50, -80.40, 0.528, 296.57, -80.24, 0.006, 12.53, 27.89);
insert into SHOT values (1889, 1893, 1905, 4063, 0.660, 285.60, -50.20, 0.656, 285.02, -49.67, 0.009, 220.56, 56.08);
insert into SHOT values (1890, 1893, 1906, 4063, 2.560, 209.90, 5.20, 2.560, 209.88, 5.38, 0.008, 82.07, 83.67);
insert into SHOT values (1891, 1893, 1907, 4063, 1.910, 211.60, 3.60, 1.908, 211.69, 3.61, 0.004, 342.06, 1.06);
insert into SHOT values (1892, 1893, 1908, 4063, 0.430, 162.30, 18.30, 0.431, 162.90, 18.94, 0.007, 255.41, 49.48);
insert into SHOT values (1893, 1893, 1909, 4063, 1.740, 167.20, 3.50, 1.738, 167.01, 3.63, 0.007, 55.47, 30.77);
insert into SHOT values (1894, 1893, 1910, 4063, 1.240, 135.90, 9.80, 1.243, 135.99, 10.19, 0.009, 187.69, 74.14);
insert into SHOT values (1895, 1893, 1911, 4063, 4.940, 20.10, -3.70, 5.027, 20.28, -2.85, 0.115, 29.66, 36.58);
insert into SHOT values (1896, 1911, 1912, 4063, 0.850, 25.60, 38.60, 0.848, 25.02, 38.68, 0.007, 277.45, -2.40);
insert into SHOT values (1897, 1911, 1913, 4063, 1.150, 95.40, 50.70, 1.147, 95.55, 50.90, 0.005, 254.26, 0.90);
insert into SHOT values (1898, 1911, 1914, 4063, 1.750, 344.80, -14.60, 1.747, 344.57, -14.59, 0.007, 234.64, 8.69);
insert into SHOT values (1899, 1911, 1915, 4063, 5.650, 319.10, -25.50, 5.647, 319.06, -25.49, 0.005, 193.33, 27.02);
insert into SHOT values (1900, 1911, 1916, 4063, 6.120, 300.90, -22.80, 6.123, 300.79, -22.77, 0.012, 230.86, 7.86);
insert into SHOT values (1901, 1911, 1917, 4063, 3.830, 287.60, -23.70, 3.836, 287.56, -23.67, 0.007, 266.75, -4.30);
insert into SHOT values (1902, 1911, 1918, 4063, 3.450, 306.70, -16.90, 3.450, 306.63, -16.85, 0.005, 230.33, 34.01);
insert into SHOT values (1903, 1911, 1919, 4063, 3.480, 312.60, -15.80, 3.480, 312.46, -15.84, 0.009, 218.34, -16.49);
insert into SHOT values (1904, 1911, 1920, 4063, 1.360, 304.50, -4.90, 1.359, 304.16, -5.07, 0.009, 203.66, -25.09);
insert into SHOT values (1905, 1911, 1921, 4063, 1.180, 282.70, 7.00, 1.185, 282.26, 6.78, 0.011, 224.86, -19.82);
insert into SHOT values (1906, 1911, 1922, 4063, 1.340, 267.90, 21.90, 1.347, 267.71, 21.79, 0.009, 239.48, 1.29);
insert into SHOT values (1907, 1911, 1923, 4063, 0.770, 335.90, 71.00, 0.773, 334.44, 70.75, 0.008, 278.67, 14.17);
insert into SHOT values (1908, 1911, 1924, 4063, 0.420, 241.60, -59.70, 0.419, 242.24, -59.19, 0.005, 282.31, 35.47);
insert into SHOT values (1909, 1911, 1925, 4063, 2.630, 148.90, 34.70, 2.628, 149.04, 34.81, 0.008, 281.95, 21.71);
insert into SHOT values (1910, 1911, 1926, 4063, 2.670, 174.10, 24.90, 2.668, 174.31, 24.82, 0.010, 263.49, -24.83);
insert into SHOT values (1911, 1911, 1927, 4063, 1.720, 184.70, 38.50, 1.718, 184.69, 38.51, 0.002, 10.76, -24.55);
insert into SHOT values (1912, 1911, 1928, 4063, 1.060, 157.90, 52.80, 1.060, 158.20, 52.43, 0.008, 190.16, -34.41);
insert into SHOT values (1913, 1911, 1929, 4063, 1.260, 126.50, 57.00, 1.263, 126.70, 57.09, 0.004, 222.30, 53.30);
insert into SHOT values (1914, 1911, 1930, 4063, 0.970, 49.10, 45.60, 0.964, 49.21, 45.69, 0.006, 214.36, -29.94);
insert into SHOT values (1915, 1911, 1931, 4063, 2.030, 202.70, 8.60, 2.039, 202.75, 8.46, 0.011, 213.13, -19.73);
insert into SHOT values (1916, 1911, 1932, 4063, 2.280, 206.80, 19.80, 2.285, 206.80, 19.70, 0.006, 208.00, -21.46);
insert into SHOT values (1917, 1911, 1933, 4063, 2.380, 218.60, -1.40, 2.384, 218.70, -1.44, 0.006, 264.54, -18.19);
insert into SHOT values (1918, 1911, 1934, 4063, 1.830, 223.30, 13.20, 1.838, 223.42, 13.21, 0.009, 247.48, 13.56);
insert into SHOT values (1919, 1911, 1935, 4063, 1.300, 196.30, -0.10, 1.304, 196.49, 0.00, 0.006, 246.29, 22.03);
insert into SHOT values (1920, 1911, 1936, 4063, 1.660, 169.50, 15.30, 1.666, 169.60, 15.32, 0.006, 197.58, 18.40);
insert into SHOT values (1921, 1911, 1937, 4063, 0.340, 305.50, -72.20, 0.338, 303.69, -71.32, 0.007, 266.21, 34.61);
insert into SHOT values (1922, 1911, 1938, 4063, 3.150, 307.70, -33.40, 3.150, 307.44, -33.32, 0.013, 228.57, 18.00);
insert into SHOT values (1923, 1911, 1939, 4063, 6.610, 294.50, -33.10, 6.609, 294.44, -33.11, 0.006, 191.26, -2.38);
insert into SHOT values (1924, 1911, 1940, 4063, 10.570, 302.70, -31.70, 10.566, 302.65, -31.69, 0.010, 194.84, 25.93);
insert into SHOT values (1925, 1911, 1941, 4063, 13.670, 308.90, -30.10, 13.673, 308.86, -30.11, 0.010, 222.00, -25.82);
insert into SHOT values (1926, 1911, 1942, 4063, 8.820, 298.80, -30.00, 8.825, 298.78, -29.98, 0.006, 271.77, 0.00);
insert into SHOT values (1927, 1911, 1943, 4063, 14.390, 300.20, -34.50, 14.351, 301.63, -33.16, 0.450, 3.35, 41.89);
insert into SHOT values (1928, 1943, 1944, 4063, 2.040, 24.30, 1.00, 2.041, 24.30, 1.12, 0.005, 32.04, 74.69);
insert into SHOT values (1929, 1943, 1945, 4063, 3.240, 31.30, 20.10, 3.242, 31.29, 20.21, 0.007, 283.06, 83.53);
insert into SHOT values (1930, 1943, 1946, 4063, 2.310, 340.60, -27.60, 2.309, 340.59, -27.60, 0.001, 181.46, 13.37);
insert into SHOT values (1931, 1943, 1947, 4063, 3.810, 321.80, -34.20, 3.812, 321.82, -34.15, 0.004, 340.48, 21.79);
insert into SHOT values (1932, 1943, 1948, 4063, 3.850, 292.40, -43.80, 3.848, 292.41, -43.74, 0.005, 320.69, 73.48);
insert into SHOT values (1933, 1943, 1949, 4063, 3.980, 253.40, -33.80, 3.977, 253.48, -33.76, 0.006, 353.87, 39.68);
insert into SHOT values (1934, 1943, 1950, 4063, 2.260, 231.30, -26.60, 2.259, 231.43, -26.55, 0.005, 320.07, 23.08);
insert into SHOT values (1935, 1943, 1951, 4063, 1.920, 200.50, -13.10, 1.919, 200.66, -12.95, 0.007, 287.51, 44.03);
insert into SHOT values (1936, 1943, 1952, 4063, 2.080, 163.10, 7.70, 2.078, 163.06, 7.74, 0.003, 19.56, 28.97);
insert into SHOT values (1937, 1943, 1953, 4063, 3.540, 139.70, 16.20, 3.540, 139.65, 16.24, 0.004, 25.77, 38.92);
insert into SHOT values (1938, 1943, 1954, 4063, 7.150, 122.60, 31.00, 7.145, 122.60, 31.00, 0.005, 302.05, -33.94);
insert into SHOT values (1939, 1943, 1955, 4063, 6.960, 104.70, 36.20, 6.957, 104.66, 36.21, 0.006, 333.47, -6.02);
insert into SHOT values (1940, 1943, 1956, 4063, 3.670, 90.30, 37.80, 3.671, 90.20, 37.81, 0.005, 1.89, 6.94);
insert into SHOT values (1941, 1943, 1957, 4063, 3.190, 75.10, 35.40, 3.189, 75.05, 35.46, 0.004, 296.16, 33.61);
insert into SHOT values (1942, 1943, 1958, 4063, 3.110, 113.20, 51.90, 3.108, 113.08, 52.01, 0.008, 327.48, 20.40);
insert into SHOT values (1943, 1943, 1959, 4063, 1.470, 132.10, -7.30, 1.469, 132.22, -7.04, 0.007, 217.14, 65.53);
insert into SHOT values (1944, 1943, 1960, 4063, 1.090, 230.10, -75.20, 1.088, 230.71, -74.85, 0.008, 257.67, 30.39);
insert into SHOT values (1945, 1943, 1961, 4063, 1.560, 11.50, -47.00, 1.564, 11.31, -46.79, 0.008, 344.16, 6.72);
insert into SHOT values (1946, 1943, 1962, 4063, 2.830, 271.60, -49.40, 2.830, 271.56, -49.43, 0.002, 145.64, -36.21);
insert into SHOT values (1947, 1943, 1963, 4063, 4.210, 305.80, -41.10, 4.218, 305.79, -41.05, 0.008, 301.46, -16.86);
insert into SHOT values (1948, 1943, 1964, 4063, 4.820, 269.30, -32.90, 4.824, 269.29, -32.90, 0.004, 260.50, -29.33);
insert into SHOT values (1949, 1943, 1965, 4063, 6.040, 281.90, -32.10, 6.044, 281.95, -32.08, 0.006, 325.86, -3.39);
insert into SHOT values (1950, 1943, 1966, 4063, 5.070, 266.30, -34.10, 5.069, 266.31, -34.07, 0.003, 332.31, 66.85);
insert into SHOT values (1951, 1943, 1967, 4063, 5.950, 282.10, -31.10, 5.892, 282.86, -30.49, 0.109, 26.99, 50.14);
insert into SHOT values (1952, 1967, 1968, 4063, 2.180, 55.50, 6.90, 2.187, 55.51, 6.83, 0.008, 56.94, -13.92);
insert into SHOT values (1953, 1967, 1969, 4063, 1.620, 58.90, 42.20, 1.623, 58.95, 42.20, 0.003, 87.45, 37.14);
insert into SHOT values (1954, 1967, 1970, 4063, 1.320, 68.60, 64.30, 1.324, 68.75, 64.04, 0.007, 80.85, 4.64);
insert into SHOT values (1955, 1967, 1971, 4063, 0.730, 41.70, 67.00, 0.740, 40.82, 66.85, 0.011, 2.07, 48.77);
insert into SHOT values (1956, 1967, 1972, 4063, 0.670, 345.80, 54.80, 0.675, 346.68, 54.62, 0.008, 40.29, 18.92);
insert into SHOT values (1957, 1967, 1973, 4063, 0.940, 3.30, 6.70, 0.948, 3.65, 6.66, 0.010, 38.15, 1.86);
insert into SHOT values (1958, 1967, 1974, 4063, 6.540, 345.80, -23.20, 6.539, 345.85, -23.14, 0.008, 61.14, 50.67);
insert into SHOT values (1959, 1967, 1975, 4063, 5.610, 350.70, -19.90, 5.614, 350.73, -19.89, 0.005, 29.69, -5.41);
insert into SHOT values (1960, 1967, 1976, 4063, 5.220, 10.20, -19.70, 5.223, 10.19, -19.69, 0.003, 355.01, -6.46);
insert into SHOT values (1961, 1967, 1977, 4063, 3.580, 357.10, -35.40, 3.582, 357.26, -35.30, 0.010, 53.85, 22.03);
insert into SHOT values (1962, 1967, 1978, 4063, 1.380, 332.80, -38.30, 1.380, 333.20, -38.03, 0.010, 36.63, 32.12);
insert into SHOT values (1963, 1967, 1979, 4063, 0.780, 198.80, 76.40, 0.780, 196.39, 76.88, 0.010, 68.29, 10.80);
insert into SHOT values (1964, 1967, 1980, 4063, 2.390, 136.60, 48.10, 2.392, 136.52, 48.07, 0.004, 95.15, 18.16);
insert into SHOT values (1965, 1967, 1981, 4063, 2.460, 133.00, 20.60, 2.465, 132.89, 20.66, 0.007, 85.72, 37.04);
insert into SHOT values (1966, 1967, 1982, 4063, 2.570, 78.90, 10.20, 2.579, 78.87, 10.27, 0.010, 69.05, 29.93);
insert into SHOT values (1967, 1967, 1983, 4063, 1.760, 94.40, 0.20, 1.765, 94.22, 0.32, 0.008, 45.97, 28.08);
insert into SHOT values (1968, 1967, 1984, 4063, 1.290, 67.10, -11.40, 1.297, 66.86, -11.12, 0.011, 32.81, 27.81);
insert into SHOT values (1969, 1967, 1985, 4063, 3.130, 70.30, 24.40, 3.141, 70.17, 24.45, 0.013, 35.01, 32.07);
insert into SHOT values (1970, 1967, 1986, 4063, 1.720, 85.60, 49.60, 1.726, 85.41, 49.38, 0.010, 62.28, 0.92);
insert into SHOT values (1971, 1967, 1987, 4063, 2.210, 111.50, 60.40, 2.211, 111.41, 60.29, 0.005, 88.99, -20.02);
insert into SHOT values (1972, 1967, 1988, 4063, 1.130, 75.80, 56.40, 1.132, 75.30, 56.14, 0.008, 29.76, -8.98);
insert into SHOT values (1973, 1967, 1989, 4063, 2.320, 28.40, -23.70, 2.324, 28.61, -23.59, 0.010, 82.12, 14.55);
insert into SHOT values (1974, 1967, 1990, 4063, 5.110, 351.80, -25.70, 5.142, 352.37, -24.71, 0.105, 26.85, 39.06);
insert into SHOT values (1975, 1990, 1991, 4063, 2.400, 281.60, -10.70, 2.398, 281.50, -10.57, 0.007, 178.59, 53.15);
insert into SHOT values (1976, 1990, 1992, 4063, 1.510, 238.90, -8.60, 1.510, 238.97, -8.38, 0.006, 307.22, 71.17);
insert into SHOT values (1977, 1990, 1993, 4063, 1.820, 213.90, -3.90, 1.821, 213.78, -3.78, 0.005, 136.33, 43.61);
insert into SHOT values (1978, 1990, 1994, 4063, 2.080, 192.90, 0.80, 2.084, 193.04, 0.82, 0.006, 244.64, 8.66);
insert into SHOT values (1979, 1990, 1995, 4063, 1.330, 106.40, 11.20, 1.329, 106.49, 11.28, 0.003, 224.13, 36.18);
insert into SHOT values (1980, 1990, 1996, 4063, 4.140, 78.70, 32.40, 4.142, 78.79, 32.41, 0.006, 155.54, 17.19);
insert into SHOT values (1981, 1990, 1997, 4063, 3.040, 103.70, 40.60, 3.040, 103.80, 40.64, 0.004, 217.03, 21.52);
insert into SHOT values (1982, 1990, 1998, 4063, 6.300, 87.70, 34.80, 6.303, 87.67, 34.83, 0.005, 21.22, 60.37);
insert into SHOT values (1983, 1990, 1999, 4063, 6.640, 79.90, 34.00, 6.644, 79.96, 34.05, 0.009, 174.70, 52.28);
insert into SHOT values (1984, 1990, 2000, 4063, 6.580, 82.60, 32.40, 6.583, 82.56, 32.43, 0.006, 7.61, 43.48);
insert into SHOT values (1985, 1990, 2001, 4063, 4.560, 70.20, 33.40, 4.559, 70.18, 33.41, 0.002, 283.90, -5.77);
insert into SHOT values (1986, 1990, 2002, 4063, 3.030, 58.70, 26.60, 3.029, 58.60, 26.68, 0.006, 296.44, 30.63);
insert into SHOT values (1987, 1990, 2003, 4063, 2.330, 46.40, 17.90, 2.328, 46.28, 18.02, 0.007, 279.70, 33.98);
insert into SHOT values (1988, 1990, 2004, 4063, 1.980, 19.30, 7.30, 1.978, 19.36, 7.55, 0.009, 166.10, 66.33);
insert into SHOT values (1989, 1990, 2005, 4063, 1.570, 1.50, -1.10, 1.571, 1.46, -1.09, 0.001, 307.19, 5.84);
insert into SHOT values (1990, 1990, 2006, 4063, 1.340, 116.70, 70.80, 1.344, 117.15, 70.96, 0.006, 241.63, 47.23);
insert into SHOT values (1991, 1990, 2007, 4063, 1.380, 197.40, 55.30, 1.386, 197.74, 55.36, 0.007, 266.13, 46.95);
insert into SHOT values (1992, 1990, 2008, 4063, 1.610, 145.70, 67.00, 1.616, 146.06, 67.18, 0.009, 265.93, 60.53);
insert into SHOT values (1993, 1990, 2009, 4063, 0.410, 13.80, -75.70, 0.403, 11.31, -75.35, 0.009, 291.70, 58.49);
insert into SHOT values (1994, 1990, 2010, 4063, 0.640, 92.30, -40.90, 0.632, 92.39, -40.48, 0.010, 260.09, 69.34);
insert into SHOT values (1995, 1990, 2011, 4063, 1.160, 292.00, -34.10, 1.159, 292.02, -34.10, 0.001, 74.20, 28.43);
insert into SHOT values (1996, 1990, 2012, 4063, 1.770, 256.70, -33.10, 1.764, 256.72, -32.98, 0.007, 69.67, 64.19);
insert into SHOT values (1997, 1990, 2013, 4063, 1.600, 166.10, -4.40, 1.600, 166.22, -4.30, 0.004, 246.12, 37.89);
insert into SHOT values (1998, 1990, 2014, 4063, 2.960, 151.90, 19.00, 2.964, 151.88, 19.10, 0.007, 123.37, 71.53);
insert into SHOT values (1999, 1990, 2015, 4063, 3.420, 275.60, -14.00, 3.415, 275.54, -13.89, 0.009, 146.03, 58.00);
insert into SHOT values (2000, 1990, 2016, 4063, 6.240, 244.60, -16.00, 6.148, 245.16, -15.37, 0.128, 24.89, 44.56);
insert into SHOT values (2001, 2016, 2017, 4063, 1.420, 190.40, -7.30, 1.424, 190.20, -7.26, 0.006, 137.51, 3.92);
insert into SHOT values (2002, 2016, 2018, 4063, 1.860, 200.50, 19.20, 1.869, 200.59, 19.38, 0.011, 225.89, 50.91);
insert into SHOT values (2003, 2016, 2019, 4063, 1.250, 222.20, -2.50, 1.254, 222.09, -2.28, 0.007, 193.25, 42.09);
insert into SHOT values (2004, 2016, 2020, 4063, 2.100, 236.20, -42.90, 2.103, 236.10, -42.84, 0.005, 201.47, -6.11);
insert into SHOT values (2005, 2016, 2021, 4063, 1.280, 192.20, -37.10, 1.281, 192.41, -36.94, 0.005, 243.22, 23.83);
insert into SHOT values (2006, 2016, 2022, 4063, 1.930, 140.10, -3.30, 1.934, 140.04, -3.26, 0.005, 114.25, 13.88);
insert into SHOT values (2007, 2016, 2023, 4063, 2.690, 113.70, 20.80, 2.693, 113.92, 20.88, 0.011, 195.73, 26.41);
insert into SHOT values (2008, 2016, 2024, 4063, 1.190, 119.40, 37.40, 1.194, 119.82, 37.68, 0.010, 211.33, 46.17);
insert into SHOT values (2009, 2016, 2025, 4063, 0.720, 112.20, 47.60, 0.728, 112.89, 47.87, 0.011, 175.71, 51.64);
insert into SHOT values (2010, 2016, 2026, 4063, 1.230, 249.10, -79.20, 1.223, 247.75, -78.80, 0.012, 211.06, 42.13);
insert into SHOT values (2011, 2016, 2027, 4063, 1.590, 187.90, -55.50, 1.594, 187.59, -55.27, 0.009, 154.60, 2.34);
insert into SHOT values (2012, 2016, 2028, 4063, 1.250, 357.20, -15.90, 1.249, 357.14, -15.80, 0.003, 239.80, 58.96);
insert into SHOT values (2013, 2016, 2029, 4063, 1.470, 352.80, -42.90, 1.464, 352.48, -43.08, 0.010, 211.11, 3.87);
insert into SHOT values (2014, 2016, 2030, 4063, 3.000, 51.10, 6.50, 2.999, 51.13, 6.51, 0.002, 171.10, 12.23);
insert into SHOT values (2015, 2016, 2031, 4063, 3.880, 61.90, 20.40, 3.883, 61.96, 20.50, 0.008, 145.35, 64.89);
insert into SHOT values (2016, 2016, 2032, 4063, 1.560, 38.80, 25.30, 1.553, 38.92, 25.56, 0.010, 202.24, 18.57);
insert into SHOT values (2017, 2016, 2033, 4063, 7.930, 245.60, -27.50, 7.934, 245.58, -27.47, 0.006, 225.20, 15.53);
insert into SHOT values (2018, 2016, 2034, 4063, 10.380, 258.50, -25.30, 10.383, 258.45, -25.26, 0.012, 203.92, 31.09);
insert into SHOT values (2019, 2016, 2035, 4063, 8.490, 268.90, -25.20, 8.487, 268.88, -25.17, 0.006, 167.37, 61.99);
insert into SHOT values (2020, 2016, 2036, 4063, 5.230, 278.80, -22.20, 5.232, 278.78, -22.12, 0.008, 260.29, 52.03);
insert into SHOT values (2021, 2016, 2037, 4063, 2.200, 295.00, -30.20, 2.193, 294.94, -30.11, 0.008, 137.60, 53.97);
insert into SHOT values (2022, 2016, 2038, 4063, 1.410, 327.50, -41.30, 1.408, 327.36, -41.35, 0.004, 194.04, 9.78);
insert into SHOT values (2023, 2016, 2039, 4063, 0.480, 347.20, 6.90, 0.477, 346.55, 7.23, 0.007, 223.40, 19.91);
insert into SHOT values (2024, 2016, 2040, 4063, 0.440, 132.30, 50.00, 0.442, 132.14, 50.21, 0.003, 66.95, 73.28);
insert into SHOT values (2025, 2016, 2041, 4063, 1.250, 270.90, -78.20, 1.247, 270.00, -77.97, 0.007, 227.69, 31.00);
insert into SHOT values (2026, 2016, 2042, 4063, 1.640, 246.90, -59.10, 1.632, 246.80, -59.10, 0.009, 84.76, 56.96);
insert into SHOT values (2027, 2016, 2043, 4063, 10.720, 271.00, -28.70, 10.643, 272.01, -27.90, 0.236, 0.54, 45.36);
insert into SHOT values (2028, 2043, 2044, 4063, 3.940, 186.20, -1.40, 3.935, 186.28, -1.46, 0.008, 321.45, -26.80);
insert into SHOT values (2029, 2043, 2045, 4063, 10.020, 166.90, 0.70, 10.011, 166.89, 0.69, 0.009, 354.12, -15.76);
insert into SHOT values (2030, 2043, 2046, 4063, 12.020, 162.40, -0.10, 12.012, 162.41, -0.10, 0.009, 328.58, 6.50);
insert into SHOT values (2031, 2043, 2047, 4063, 8.290, 158.80, -0.90, 8.283, 158.76, -0.90, 0.008, 17.35, 1.46);
insert into SHOT values (2032, 2043, 2048, 4063, 6.610, 159.40, 5.10, 6.605, 159.44, 5.12, 0.007, 293.85, 18.81);
insert into SHOT values (2033, 2043, 2049, 4063, 3.190, 174.20, 6.20, 3.185, 174.20, 6.31, 0.008, 354.59, 46.90);
insert into SHOT values (2034, 2043, 2050, 4063, 2.830, 163.80, 14.60, 2.819, 163.82, 14.59, 0.011, 337.70, -17.45);
insert into SHOT values (2035, 2043, 2051, 4063, 3.490, 147.00, 21.10, 3.489, 147.04, 21.17, 0.005, 282.10, 46.51);
insert into SHOT values (2036, 2043, 2052, 4063, 0.710, 164.30, -51.00, 0.708, 164.41, -50.93, 0.002, 279.22, 62.56);
insert into SHOT values (2037, 2043, 2053, 4063, 1.530, 183.10, -22.00, 1.523, 183.25, -21.98, 0.008, 333.25, 23.34);
insert into SHOT values (2038, 2043, 2054, 4063, 1.160, 2.60, -29.40, 1.160, 2.27, -29.42, 0.006, 274.23, -5.38);
insert into SHOT values (2039, 2043, 2055, 4063, 2.030, 10.10, 10.40, 2.035, 10.07, 10.48, 0.006, 358.05, 39.55);
insert into SHOT values (2040, 2043, 2056, 4063, 1.550, 347.70, 11.50, 1.557, 347.51, 11.48, 0.009, 312.92, 6.36);
insert into SHOT values (2041, 2043, 2057, 4063, 1.920, 322.40, -15.10, 1.920, 322.45, -15.09, 0.002, 37.84, 5.73);
insert into SHOT values (2042, 2043, 2058, 4063, 3.500, 315.40, -23.30, 3.501, 315.38, -23.22, 0.005, 291.70, 54.85);
insert into SHOT values (2043, 2043, 2059, 4063, 4.050, 304.20, -19.70, 4.057, 304.23, -19.59, 0.011, 316.84, 29.32);
insert into SHOT values (2044, 2043, 2060, 4063, 6.130, 290.80, -28.70, 6.131, 290.79, -28.65, 0.005, 280.01, 46.44);
insert into SHOT values (2045, 2043, 2061, 4063, 7.580, 298.10, -34.00, 7.586, 298.07, -33.98, 0.007, 270.97, -11.25);
insert into SHOT values (2046, 2043, 2062, 4063, 3.870, 311.80, -40.00, 3.874, 311.86, -40.00, 0.005, 0.46, -31.07);
insert into SHOT values (2047, 2043, 2063, 4063, 3.360, 248.50, -41.50, 3.361, 248.54, -41.57, 0.004, 31.14, -53.27);
insert into SHOT values (2048, 2043, 2064, 4063, 0.340, 261.50, 46.10, 0.348, 262.87, 45.95, 0.010, 305.35, 30.89);
insert into SHOT values (2049, 2043, 2065, 4063, 0.730, 161.10, -74.00, 0.728, 162.47, -74.11, 0.005, 274.05, 18.35);
insert into SHOT values (2050, 2043, 2066, 4063, 4.090, 68.80, 28.80, 4.090, 68.73, 28.80, 0.004, 338.51, -5.07);
insert into SHOT values (2051, 2043, 2067, 4063, 2.580, 48.10, 27.30, 2.580, 47.83, 27.22, 0.011, 324.16, -16.80);
insert into SHOT values (2052, 2043, 2068, 4063, 2.200, 42.10, 36.60, 2.202, 41.79, 36.50, 0.011, 336.67, -9.28);
insert into SHOT values (2053, 2043, 2069, 4063, 5.340, 284.10, -30.10, 5.341, 284.16, -30.12, 0.005, 9.05, -22.89);
insert into SHOT values (2054, 2069, 2070, 4063, 1.120, 90.20, -81.50, 1.121, 90.00, -81.80, 0.006, 275.95, -22.44);
insert into SHOT values (2055, 2069, 2071, 4063, 1.730, 162.30, -32.60, 1.729, 162.43, -32.53, 0.004, 243.51, 30.82);
insert into SHOT values (2056, 2069, 2072, 4063, 2.750, 158.90, 0.70, 2.745, 158.86, 0.83, 0.008, 0.87, 49.69);
insert into SHOT values (2057, 2069, 2073, 4063, 1.620, 351.60, -22.30, 1.616, 351.54, -22.18, 0.006, 200.73, 57.97);
insert into SHOT values (2058, 2069, 2074, 4063, 5.700, 349.20, -13.70, 5.701, 349.18, -13.70, 0.002, 276.42, -0.56);
insert into SHOT values (2059, 2069, 2075, 4063, 7.290, 340.30, -23.00, 7.295, 340.24, -23.00, 0.008, 286.05, -10.77);
insert into SHOT values (2060, 2069, 2076, 4063, 8.470, 335.40, -24.30, 8.471, 335.36, -24.26, 0.009, 279.40, 40.06);
insert into SHOT values (2061, 2069, 2077, 4063, 4.190, 342.00, -13.10, 4.189, 342.01, -13.11, 0.002, 138.40, -11.44);
insert into SHOT values (2062, 2069, 2078, 4063, 2.080, 333.90, -8.40, 2.083, 333.81, -8.28, 0.006, 294.29, 36.51);
insert into SHOT values (2063, 2069, 2079, 4063, 2.040, 351.80, -21.50, 2.042, 351.83, -21.55, 0.003, 27.92, -56.77);
insert into SHOT values (2064, 2069, 2080, 4063, 1.990, 17.50, 18.60, 1.991, 17.28, 18.75, 0.009, 279.79, 36.00);
insert into SHOT values (2065, 2069, 2081, 4063, 2.620, 55.30, 33.70, 2.622, 55.29, 33.84, 0.007, 246.94, 70.60);
insert into SHOT values (2066, 2069, 2082, 4063, 4.960, 127.60, 28.80, 4.957, 127.61, 28.83, 0.004, 298.39, 6.86);
insert into SHOT values (2067, 2069, 2083, 4063, 4.060, 135.70, 14.00, 4.059, 135.72, 13.97, 0.003, 245.86, -56.36);
insert into SHOT values (2068, 2069, 2084, 4063, 2.470, 104.60, 10.30, 2.467, 104.55, 10.27, 0.004, 326.24, -27.90);
insert into SHOT values (2069, 2069, 2085, 4063, 3.590, 82.80, 32.40, 3.587, 82.78, 32.55, 0.010, 270.77, 41.41);
insert into SHOT values (2070, 2069, 2086, 4063, 16.250, 98.10, 28.70, 16.252, 98.11, 28.72, 0.007, 220.89, 71.12);
insert into SHOT values (2071, 2069, 2087, 4063, 4.630, 107.30, 29.80, 4.623, 107.26, 29.83, 0.008, 308.57, -7.35);
insert into SHOT values (2072, 2069, 2088, 4063, 1.480, 110.70, 7.80, 1.479, 110.78, 7.77, 0.003, 224.15, -19.96);
insert into SHOT values (2073, 2069, 2089, 4063, 5.510, 224.20, -56.60, 5.510, 224.33, -56.60, 0.007, 309.81, 0.10);
insert into SHOT values (2074, 2069, 2090, 4063, 3.410, 203.10, -52.20, 3.405, 203.13, -52.18, 0.005, 359.76, 61.16);
insert into SHOT values (2075, 2069, 2091, 4063, 5.830, 241.30, -56.90, 5.831, 241.35, -56.82, 0.008, 261.68, 27.66);
insert into SHOT values (2076, 2069, 2092, 4063, 8.100, 257.80, -55.40, 8.096, 257.84, -55.35, 0.009, 294.68, 57.16);
insert into SHOT values (2077, 2069, 2093, 4063, 4.680, 288.90, -46.90, 4.679, 288.94, -46.79, 0.010, 311.91, 48.69);
insert into SHOT values (2078, 2069, 2094, 4063, 2.490, 273.70, -61.20, 2.490, 273.81, -61.12, 0.004, 311.43, 27.12);
insert into SHOT values (2079, 2069, 2095, 4063, 5.520, 255.10, -51.40, 5.519, 255.04, -51.35, 0.006, 203.83, 39.18);
insert into SHOT values (2080, 2069, 2096, 4063, 7.780, 273.10, -49.10, 7.782, 273.15, -49.08, 0.006, 321.75, 5.35);
insert into SHOT values (2081, 2069, 2097, 4063, 10.000, 269.80, -50.60, 9.996, 269.82, -50.56, 0.008, 308.27, 64.61);
insert into SHOT values (2082, 2069, 2098, 4063, 9.650, 260.20, -51.50, 9.648, 260.22, -51.49, 0.003, 351.06, 40.67);
insert into SHOT values (2083, 2069, 2099, 4063, 1.180, 325.60, 86.40, 1.182, 326.31, 86.50, 0.003, 121.39, 46.90);
insert into SHOT values (2084, 2069, 2100, 4063, 8.890, 267.80, -54.60, 8.887, 267.78, -54.55, 0.008, 239.91, 54.61);
insert into SHOT values (2085, 2069, 2101, 4063, 8.880, 267.80, -54.60, 8.881, 267.77, -54.61, 0.003, 174.92, -33.22);
insert into SHOT values (2086, 2069, 2102, 4063, 9.530, 268.30, -54.70, 9.535, 268.34, -54.68, 0.007, 301.79, -19.04);
insert into SHOT values (2087, 2101, 2103, 4063, 2.060, 287.70, -13.40, 2.059, 287.71, -13.19, 0.007, 308.18, 80.78);
insert into SHOT values (2088, 2101, 2104, 4063, 1.530, 300.70, 33.20, 1.533, 300.96, 33.22, 0.007, 7.37, 19.11);
insert into SHOT values (2089, 2101, 2105, 4063, 1.730, 3.10, 73.90, 1.738, 2.39, 73.95, 0.010, 279.06, 52.53);
insert into SHOT values (2090, 2101, 2106, 4063, 1.780, 24.20, 52.80, 1.781, 24.18, 52.89, 0.003, 215.60, 47.69);
insert into SHOT values (2091, 2101, 2107, 4063, 1.260, 231.50, 4.00, 1.264, 231.77, 4.08, 0.007, 291.26, 17.27);
insert into SHOT values (2092, 2101, 2108, 4063, 1.310, 194.80, 59.30, 1.310, 194.88, 59.63, 0.008, 7.27, 28.29);
insert into SHOT values (2093, 2101, 2109, 4063, 1.540, 159.00, 32.30, 1.538, 159.18, 32.67, 0.011, 308.95, 40.39);
insert into SHOT values (2094, 2101, 2110, 4063, 2.180, 142.30, 49.90, 2.182, 142.23, 49.94, 0.003, 51.67, 56.15);
insert into SHOT values (2095, 2101, 2111, 4063, 6.200, 122.00, 43.90, 6.199, 121.91, 43.92, 0.008, 10.87, 6.90);
insert into SHOT values (2096, 2101, 2112, 4063, 7.950, 113.10, 48.90, 7.953, 113.13, 48.98, 0.012, 273.27, 52.17);
insert into SHOT values (2097, 2101, 2113, 4063, 3.790, 106.40, 59.40, 3.796, 106.27, 59.49, 0.009, 350.69, 58.49);
insert into SHOT values (2098, 2101, 2114, 4063, 1.750, 102.30, 72.80, 1.756, 102.41, 73.05, 0.010, 272.46, 55.80);
insert into SHOT values (2099, 2101, 2115, 4063, 3.400, 82.90, 67.60, 3.404, 82.87, 67.73, 0.009, 268.56, 48.91);
insert into SHOT values (2100, 2101, 2116, 4063, 1.710, 157.30, 51.40, 1.710, 157.30, 51.59, 0.006, 337.97, 38.50);
insert into SHOT values (2101, 2101, 2117, 4063, 2.040, 178.20, 17.00, 2.041, 178.24, 17.10, 0.004, 265.48, 70.20);
insert into SHOT values (2102, 2101, 2118, 4063, 1.340, 200.60, -7.10, 1.336, 200.76, -6.88, 0.008, 335.45, 47.43);
insert into SHOT values (2103, 2101, 2119, 4063, 0.600, 82.50, -8.90, 0.592, 82.15, -8.74, 0.009, 288.83, 19.15);
insert into SHOT values (2104, 2101, 2120, 4063, 0.830, 270.40, -63.40, 0.827, 271.55, -63.43, 0.008, 12.42, 15.82);
insert into SHOT values (2105, 2101, 2121, 4063, 9.510, 339.30, -5.90, 9.512, 339.27, -5.85, 0.010, 279.53, 49.97);
insert into SHOT values (2106, 2101, 2122, 4063, 9.530, 336.30, -5.50, 9.536, 336.27, -5.48, 0.009, 298.93, 22.88);
insert into SHOT values (2107, 2101, 2123, 4063, 7.630, 326.10, -11.00, 7.633, 326.10, -10.95, 0.007, 322.36, 54.14);
insert into SHOT values (2108, 2101, 2124, 4063, 1.110, 340.60, -12.90, 1.108, 340.56, -12.51, 0.008, 227.67, 84.00);
insert into SHOT values (2109, 2101, 2125, 4063, 8.320, 352.40, 6.80, 8.323, 352.35, 6.83, 0.009, 278.49, 33.22);
insert into SHOT values (2110, 2101, 2126, 4063, 8.900, 349.00, 2.90, 8.905, 348.98, 2.90, 0.006, 319.82, -2.58);
insert into SHOT values (2111, 2101, 2127, 4063, 2.950, 357.90, 19.80, 2.956, 357.73, 19.77, 0.010, 307.08, 3.98);
insert into SHOT values (2112, 2101, 2128, 4063, 5.370, 333.00, -3.00, 5.374, 332.96, -2.99, 0.006, 288.89, 10.34);
insert into SHOT values (2113, 2101, 2129, 4063, 5.430, 331.70, -4.80, 5.437, 331.68, -4.75, 0.009, 320.69, 30.35);
insert into SHOT values (2114, 2128, 2130, 4063, 4.360, 88.90, 13.90, 4.359, 88.92, 13.94, 0.003, 231.01, 52.68);
insert into SHOT values (2115, 2128, 2131, 4063, 4.830, 90.60, 22.30, 4.834, 90.64, 22.37, 0.008, 155.18, 63.96);
insert into SHOT values (2116, 2128, 2132, 4063, 2.760, 72.30, 22.50, 2.763, 72.20, 22.56, 0.006, 9.59, 38.26);
insert into SHOT values (2117, 2128, 2133, 4063, 2.000, 50.20, 17.10, 1.999, 50.31, 17.16, 0.004, 159.43, 26.37);
insert into SHOT values (2118, 2128, 2134, 4063, 4.210, 33.70, 24.80, 4.212, 33.69, 24.85, 0.004, 315.72, 80.63);
insert into SHOT values (2119, 2128, 2135, 4063, 4.480, 19.20, 16.80, 4.481, 19.20, 16.86, 0.005, 242.10, 84.46);
insert into SHOT values (2120, 2128, 2136, 4063, 4.620, 359.80, 0.70, 4.620, 359.88, 0.74, 0.007, 86.52, 30.10);
insert into SHOT values (2121, 2128, 2137, 4063, 7.180, 340.60, -12.60, 7.180, 340.58, -12.55, 0.007, 286.81, 67.22);
insert into SHOT values (2122, 2128, 2138, 4063, 6.370, 328.70, -20.40, 6.368, 328.71, -20.40, 0.002, 130.74, 9.75);
insert into SHOT values (2123, 2128, 2139, 4063, 8.230, 315.70, -27.70, 8.231, 315.72, -27.65, 0.008, 350.78, 48.71);
insert into SHOT values (2124, 2128, 2140, 4063, 8.890, 305.40, -33.50, 8.887, 305.45, -33.46, 0.009, 25.90, 46.95);
insert into SHOT values (2125, 2128, 2141, 4063, 5.290, 295.10, -45.20, 5.284, 295.12, -45.21, 0.007, 102.36, 32.70);
insert into SHOT values (2126, 2128, 2142, 4063, 2.390, 292.60, -32.70, 2.383, 292.60, -32.77, 0.007, 113.18, 9.06);
insert into SHOT values (2127, 2128, 2143, 4063, 1.970, 311.60, -19.70, 1.963, 311.71, -19.65, 0.008, 101.26, 29.96);
insert into SHOT values (2128, 2128, 2144, 4063, 3.970, 324.90, -23.80, 3.969, 324.87, -23.78, 0.003, 216.42, 42.24);
insert into SHOT values (2129, 2128, 2145, 4063, 1.750, 342.50, -39.50, 1.748, 342.77, -39.42, 0.007, 70.41, 26.01);
insert into SHOT values (2130, 2128, 2146, 4063, 1.520, 305.50, -69.10, 1.521, 306.03, -69.04, 0.005, 15.79, -0.10);
insert into SHOT values (2131, 2128, 2147, 4063, 1.270, 47.50, -65.30, 1.267, 47.29, -65.23, 0.004, 319.26, 62.98);
insert into SHOT values (2132, 2128, 2148, 4063, 1.570, 89.80, -17.80, 1.575, 89.62, -17.74, 0.007, 47.21, -0.48);
insert into SHOT values (2133, 2128, 2149, 4063, 3.550, 136.30, 32.50, 3.549, 136.22, 32.56, 0.005, 17.76, 28.21);
insert into SHOT values (2134, 2128, 2150, 4063, 0.910, 193.20, -0.70, 0.905, 193.42, -0.63, 0.006, 339.38, 10.07);
insert into SHOT values (2135, 2128, 2151, 4063, 2.460, 167.30, 1.60, 2.461, 167.32, 1.63, 0.002, 208.59, 45.81);
insert into SHOT values (2136, 2128, 2152, 4063, 3.190, 144.80, 2.30, 3.188, 144.71, 2.34, 0.006, 30.10, 20.45);
insert into SHOT values (2137, 2128, 2153, 4063, 3.480, 116.40, 34.70, 3.477, 116.39, 34.72, 0.004, 308.39, -17.68);
insert into SHOT values (2138, 2128, 2154, 4063, 3.050, 312.60, -24.60, 3.051, 312.66, -24.60, 0.003, 24.46, -6.14);
insert into SHOT values (2139, 2128, 2155, 4063, 9.750, 312.50, -24.90, 9.751, 312.53, -24.86, 0.007, 2.64, 43.88);
insert into SHOT values (2140, 2155, 2156, 4063, 1.380, 32.90, -8.30, 1.374, 32.99, -8.37, 0.007, 194.81, -6.65);
insert into SHOT values (2141, 2155, 2157, 4063, 0.490, 76.00, 40.10, 0.491, 76.33, 39.15, 0.008, 96.10, -41.48);
insert into SHOT values (2142, 2155, 2158, 4063, 1.560, 265.80, 11.50, 1.556, 265.49, 11.49, 0.009, 150.35, -6.25);
insert into SHOT values (2143, 2155, 2159, 4063, 1.480, 228.80, -9.70, 1.488, 228.59, -9.67, 0.009, 194.49, -3.88);
insert into SHOT values (2144, 2155, 2160, 4063, 1.290, 283.70, -87.10, 1.291, 279.46, -87.30, 0.007, 148.02, -14.40);
insert into SHOT values (2145, 2155, 2161, 4063, 0.980, 296.70, -17.50, 0.977, 296.84, -17.87, 0.007, 89.46, -46.81);
insert into SHOT values (2146, 2155, 2162, 4063, 3.970, 288.00, -36.60, 3.970, 287.92, -36.66, 0.006, 166.30, -30.67);
insert into SHOT values (2147, 2155, 2163, 4063, 3.510, 325.80, -23.70, 3.500, 325.81, -23.76, 0.011, 141.56, 4.56);
insert into SHOT values (2148, 2155, 2164, 4063, 1.320, 313.20, -19.80, 1.317, 313.36, -19.98, 0.006, 91.95, -28.16);
insert into SHOT values (2149, 2155, 2165, 4063, 2.440, 45.30, 9.40, 2.437, 45.34, 9.45, 0.004, 198.17, 23.55);
insert into SHOT values (2150, 2155, 2166, 4063, 2.270, 77.80, 18.60, 2.265, 77.91, 18.53, 0.007, 211.46, -36.52);
insert into SHOT values (2151, 2155, 2167, 4063, 5.910, 107.30, 26.70, 5.907, 107.30, 26.66, 0.006, 275.14, -79.92);
insert into SHOT values (2152, 2155, 2168, 4063, 12.720, 125.20, 26.80, 12.722, 125.22, 26.77, 0.008, 156.00, -41.32);
insert into SHOT values (2153, 2155, 2169, 4063, 12.320, 135.00, 20.30, 12.318, 135.00, 20.28, 0.004, 315.00, -81.08);
insert into SHOT values (2154, 2155, 2170, 4063, 6.650, 145.70, 7.80, 6.654, 145.76, 7.77, 0.008, 200.89, -17.86);
insert into SHOT values (2155, 2155, 2171, 4063, 3.740, 161.40, 1.20, 3.745, 161.47, 1.22, 0.007, 203.37, 14.10);
insert into SHOT values (2156, 2155, 2172, 4063, 5.000, 168.30, -8.80, 5.002, 168.33, -8.86, 0.006, 232.76, -63.63);
insert into SHOT values (2157, 2155, 2173, 4063, 6.690, 162.50, -4.60, 6.692, 162.46, -4.63, 0.006, 92.23, -36.08);
insert into SHOT values (2158, 2155, 2174, 4063, 4.670, 176.00, -12.90, 4.678, 175.98, -12.84, 0.010, 164.64, 15.52);
insert into SHOT values (2159, 2155, 2175, 4063, 4.300, 183.70, -14.50, 4.306, 183.71, -14.52, 0.007, 193.45, -30.12);
insert into SHOT values (2160, 2155, 2176, 4063, 2.110, 172.60, 11.50, 2.110, 172.50, 11.48, 0.004, 83.52, -10.15);
insert into SHOT values (2161, 2155, 2177, 4063, 2.450, 163.30, 12.20, 2.457, 163.30, 12.22, 0.007, 163.57, 18.85);
insert into SHOT values (2162, 2155, 2178, 4063, 8.320, 306.30, -25.70, 8.315, 306.26, -25.73, 0.009, 166.37, -12.90);
insert into SHOT values (2163, 2155, 2179, 4063, 8.990, 302.40, -23.50, 8.988, 302.36, -23.54, 0.009, 172.82, -34.57);
insert into SHOT values (2164, 2179, 2180, 4063, 1.560, 6.80, -77.30, 1.558, 6.71, -77.31, 0.002, 227.99, 65.96);
insert into SHOT values (2165, 2179, 2181, 4063, 2.320, 11.60, -10.10, 2.321, 11.60, -9.92, 0.007, 15.63, 68.46);
insert into SHOT values (2166, 2179, 2182, 4063, 0.600, 24.70, -2.10, 0.604, 24.44, -1.90, 0.006, 354.01, 20.58);
insert into SHOT values (2167, 2179, 2183, 4063, 1.200, 192.60, 6.80, 1.198, 192.63, 7.19, 0.008, 358.61, 70.12);
insert into SHOT values (2168, 2179, 2184, 4063, 1.130, 180.80, 40.00, 1.128, 180.67, 40.32, 0.007, 20.61, 31.63);
insert into SHOT values (2169, 2179, 2185, 4063, 7.830, 258.00, -45.00, 7.821, 258.00, -45.00, 0.009, 78.67, 49.04);
insert into SHOT values (2170, 2179, 2186, 4063, 6.990, 274.50, -37.20, 6.986, 274.53, -37.16, 0.007, 10.41, 62.41);
insert into SHOT values (2171, 2179, 2187, 4063, 10.270, 293.70, -41.20, 10.264, 293.74, -41.19, 0.008, 54.27, 34.50);
insert into SHOT values (2172, 2179, 2188, 4063, 11.900, 301.50, -37.90, 11.904, 301.51, -37.89, 0.005, 315.49, -0.07);
insert into SHOT values (2173, 2179, 2189, 4063, 9.080, 308.30, -34.10, 9.079, 308.30, -34.10, 0.001, 88.69, 46.71);
insert into SHOT values (2174, 2179, 2190, 4063, 4.550, 319.10, -31.60, 4.550, 319.08, -31.54, 0.005, 286.78, 56.26);
insert into SHOT values (2175, 2179, 2191, 4063, 2.340, 341.90, -33.50, 2.344, 341.84, -33.39, 0.007, 324.33, 13.30);
insert into SHOT values (2176, 2179, 2192, 4063, 2.310, 56.50, 3.40, 2.312, 56.31, 3.47, 0.008, 338.35, 21.00);
insert into SHOT values (2177, 2179, 2193, 4063, 3.670, 75.00, 24.00, 3.675, 74.97, 24.09, 0.008, 34.15, 69.48);
insert into SHOT values (2178, 2179, 2194, 4063, 5.120, 92.30, 28.30, 5.126, 92.29, 28.30, 0.006, 80.69, 25.23);
insert into SHOT values (2179, 2179, 2195, 4063, 4.100, 110.00, 29.20, 4.096, 109.96, 29.23, 0.005, 322.43, -2.50);
insert into SHOT values (2180, 2179, 2196, 4063, 2.340, 121.40, 28.40, 2.345, 121.30, 28.54, 0.008, 51.59, 60.90);
insert into SHOT values (2181, 2179, 2197, 4063, 6.020, 107.40, 20.20, 6.020, 107.41, 20.21, 0.002, 247.32, 45.13);
insert into SHOT values (2182, 2179, 2198, 4063, 6.900, 116.00, 16.30, 6.898, 115.98, 16.34, 0.005, 322.92, 40.45);
insert into SHOT values (2183, 2179, 2199, 4063, 3.080, 129.60, 10.30, 3.083, 129.52, 10.28, 0.005, 72.18, -7.61);
insert into SHOT values (2184, 2179, 2200, 4063, 2.410, 136.00, 7.50, 2.412, 136.02, 7.62, 0.006, 170.90, 77.16);
insert into SHOT values (2185, 2179, 2201, 4063, 2.900, 116.70, -4.50, 2.897, 116.74, -4.35, 0.008, 250.44, 68.53);
insert into SHOT values (2186, 2179, 2202, 4063, 1.900, 89.90, -8.20, 1.899, 89.70, -8.17, 0.007, 355.13, 8.39);
insert into SHOT values (2187, 2179, 2203, 4063, 2.270, 109.00, -23.30, 2.266, 109.04, -23.12, 0.008, 226.25, 77.28);
insert into SHOT values (2188, 2179, 2204, 4063, 6.950, 244.70, -53.40, 6.952, 244.73, -53.38, 0.004, 283.24, -6.29);
insert into SHOT values (2189, 2179, 2205, 4063, 8.770, 257.70, -47.70, 8.766, 257.78, -47.66, 0.010, 336.77, 39.29);
insert into SHOT values (2190, 2179, 2206, 4063, 4.370, 248.30, -32.50, 4.361, 248.31, -32.45, 0.010, 58.21, 56.91);
insert into SHOT values (2191, 2179, 2207, 4063, 6.480, 274.00, -45.40, 6.478, 274.03, -45.37, 0.005, 336.57, 54.08);
insert into SHOT values (2192, 2207, 2208, 4063, 2.040, 166.70, -8.50, 2.038, 166.52, -8.47, 0.007, 59.28, 12.67);
insert into SHOT values (2193, 2207, 2209, 4063, 1.800, 224.10, 78.30, 1.797, 223.88, 78.42, 0.005, 62.10, -29.76);
insert into SHOT values (2194, 2207, 2210, 4063, 2.190, 255.20, -2.60, 2.185, 255.14, -2.62, 0.005, 102.55, -7.06);
insert into SHOT values (2195, 2207, 2211, 4063, 8.430, 349.20, 0.40, 8.430, 349.20, 0.41, 0.001, 220.79, 61.10);
insert into SHOT values (2196, 2207, 2212, 4063, 1.060, 56.00, 11.70, 1.058, 56.00, 11.44, 0.005, 230.55, -82.24);
insert into SHOT values (2197, 2207, 2213, 4063, 9.310, 326.90, -17.60, 9.305, 326.92, -17.64, 0.009, 123.31, -33.55);
insert into SHOT values (2198, 2207, 2214, 4063, 7.790, 325.90, -22.00, 7.790, 325.89, -22.01, 0.002, 215.85, -59.03);
insert into SHOT values (2199, 2207, 2215, 4063, 6.620, 359.00, 7.80, 6.622, 359.04, 7.81, 0.005, 63.28, 17.36);
insert into SHOT values (2200, 2207, 2216, 4063, 4.710, 343.10, 8.50, 4.712, 343.16, 8.54, 0.006, 55.09, 36.91);
insert into SHOT values (2201, 2207, 2217, 4063, 2.880, 251.30, -18.30, 2.880, 251.23, -18.21, 0.005, 180.00, 52.21);
insert into SHOT values (2202, 2207, 2218, 4063, 6.140, 207.90, -26.60, 6.139, 207.92, -26.61, 0.002, 332.71, -18.92);
insert into SHOT values (2203, 2207, 2219, 4063, 6.260, 213.20, -29.50, 6.258, 213.16, -29.48, 0.004, 105.81, 36.38);
insert into SHOT values (2204, 2207, 2220, 4063, 1.840, 219.80, -21.00, 1.841, 219.81, -21.01, 0.001, 239.49, -50.56);
insert into SHOT values (2205, 2207, 2221, 4063, 3.130, 206.60, -2.00, 3.132, 206.57, -2.01, 0.003, 168.11, -13.99);
insert into SHOT values (2206, 2207, 2222, 4063, 2.360, 174.90, -4.50, 2.357, 174.87, -4.62, 0.006, 14.09, -53.98);
insert into SHOT values (2207, 2207, 2223, 4063, 3.510, 138.90, 14.40, 3.511, 138.81, 14.35, 0.006, 69.48, -28.03);
insert into SHOT values (2208, 2207, 2224, 4063, 6.660, 112.80, 37.70, 6.659, 112.77, 37.67, 0.004, 47.23, -42.79);
insert into SHOT values (2209, 2207, 2225, 4063, 4.170, 109.90, 58.00, 4.174, 109.83, 58.01, 0.005, 45.36, 49.84);
insert into SHOT values (2210, 2207, 2226, 4063, 5.720, 83.60, 44.50, 5.725, 83.54, 44.46, 0.008, 47.13, 5.93);
insert into SHOT values (2211, 2207, 2227, 4063, 10.390, 96.50, 33.20, 10.392, 96.47, 33.20, 0.005, 24.47, 10.09);
insert into SHOT values (2212, 2207, 2228, 4063, 2.000, 192.70, 45.10, 2.004, 192.66, 45.11, 0.004, 172.53, 49.66);
insert into SHOT values (2213, 2207, 2229, 4063, 8.510, 330.20, -12.30, 8.512, 330.23, -12.28, 0.006, 24.19, 28.63);
insert into SHOT values (2214, 2207, 2230, 4063, 8.430, 323.90, -21.50, 8.431, 323.92, -21.50, 0.003, 26.86, -7.72);
insert into SHOT values (2215, 2207, 2231, 4063, 9.190, 336.90, -10.70, 9.193, 336.93, -10.72, 0.006, 37.10, -37.88);
insert into SHOT values (2216, 2231, 2232, 4063, 1.220, 69.00, 9.50, 1.216, 69.00, 9.46, 0.004, 250.09, -20.88);
insert into SHOT values (2217, 2231, 2233, 4063, 0.720, 26.60, 72.90, 0.721, 25.35, 73.05, 0.005, 278.30, 20.68);
insert into SHOT values (2218, 2231, 2234, 4063, 3.150, 243.10, -22.20, 3.149, 243.08, -22.20, 0.001, 117.42, 10.83);
insert into SHOT values (2219, 2231, 2235, 4063, 0.930, 303.60, -76.20, 0.928, 302.28, -75.98, 0.007, 242.15, 28.08);
insert into SHOT values (2220, 2231, 2236, 4063, 1.520, 298.60, 5.40, 1.520, 298.43, 5.66, 0.008, 197.58, 56.54);
insert into SHOT values (2221, 2231, 2237, 4063, 5.930, 171.50, -0.70, 5.936, 171.47, -0.68, 0.007, 147.46, 20.31);
insert into SHOT values (2222, 2231, 2238, 4063, 4.010, 161.90, 24.70, 4.017, 161.96, 24.72, 0.009, 194.34, 30.50);
insert into SHOT values (2223, 2231, 2239, 4063, 5.340, 131.80, 27.60, 5.348, 131.83, 27.63, 0.009, 159.38, 44.32);
insert into SHOT values (2224, 2231, 2240, 4063, 1.950, 137.60, 7.10, 1.947, 137.73, 7.08, 0.005, 257.63, -11.74);
insert into SHOT values (2225, 2231, 2241, 4063, 3.590, 206.40, -23.40, 3.589, 206.49, -23.31, 0.008, 282.70, 48.10);
insert into SHOT values (2226, 2231, 2242, 4063, 3.320, 233.80, -24.00, 3.321, 233.85, -23.99, 0.003, 297.17, 7.38);
insert into SHOT values (2227, 2231, 2243, 4063, 2.280, 270.00, -28.70, 2.278, 270.00, -28.59, 0.005, 270.00, 88.75);
insert into SHOT values (2228, 2231, 2244, 4063, 1.940, 310.10, -38.50, 1.930, 309.90, -38.44, 0.011, 170.36, 43.61);
insert into SHOT values (2229, 2231, 2245, 4063, 1.850, 24.70, -8.50, 1.846, 24.60, -8.41, 0.006, 243.46, 34.06);
insert into SHOT values (2230, 2231, 2246, 4063, 4.980, 329.20, -14.60, 4.980, 329.18, -14.54, 0.006, 282.10, 65.47);
insert into SHOT values (2231, 2231, 2247, 4063, 3.950, 356.60, -11.00, 3.949, 356.60, -10.95, 0.004, 184.16, 80.72);
insert into SHOT values (2232, 2231, 2248, 4063, 2.720, 331.70, -13.80, 2.714, 331.68, -13.86, 0.006, 158.29, -10.84);
insert into SHOT values (2233, 2231, 2249, 4063, 7.870, 330.20, -7.00, 7.870, 330.22, -7.01, 0.003, 51.94, -19.00);
insert into SHOT values (2234, 2231, 2250, 4063, 5.150, 333.20, -13.00, 5.150, 333.23, -13.02, 0.003, 68.26, -29.11);
insert into SHOT values (2235, 2250, 2251, 4063, 0.510, 248.40, 3.20, 0.517, 248.40, 3.33, 0.007, 248.74, 12.28);
insert into SHOT values (2236, 2250, 2252, 4063, 1.360, 230.70, 83.40, 1.369, 230.19, 83.45, 0.009, 135.91, 81.28);
insert into SHOT values (2237, 2250, 2253, 4063, 4.020, 147.10, 3.40, 4.021, 147.10, 3.42, 0.002, 157.14, 65.43);
insert into SHOT values (2238, 2250, 2254, 4063, 3.000, 326.70, 4.20, 3.003, 326.58, 4.20, 0.007, 264.65, 2.21);
insert into SHOT values (2239, 2250, 2255, 4063, 2.990, 40.20, 9.30, 2.985, 40.18, 9.45, 0.009, 230.65, 49.14);
insert into SHOT values (2240, 2250, 2256, 4063, 1.960, 353.30, -4.50, 1.959, 353.24, -4.39, 0.004, 253.18, 60.70);
insert into SHOT values (2241, 2250, 2257, 4063, 3.190, 315.80, 3.40, 3.188, 315.76, 3.42, 0.003, 179.17, 15.55);
insert into SHOT values (2242, 2250, 2258, 4063, 10.380, 286.60, 2.20, 10.379, 286.58, 2.21, 0.004, 179.01, 25.21);
insert into SHOT values (2243, 2250, 2259, 4063, 6.540, 296.00, 0.70, 6.539, 295.94, 0.70, 0.007, 199.05, 0.81);
insert into SHOT values (2244, 2250, 2260, 4063, 3.850, 285.00, -1.00, 3.850, 284.90, -0.89, 0.010, 195.54, 47.71);
insert into SHOT values (2245, 2250, 2261, 4063, 3.220, 315.30, -12.40, 3.221, 315.13, -12.37, 0.010, 235.75, 8.61);
insert into SHOT values (2246, 2250, 2262, 4063, 1.830, 352.40, -19.40, 1.827, 352.34, -19.17, 0.008, 241.38, 76.05);
insert into SHOT values (2247, 2250, 2263, 4063, 1.630, 168.30, -11.80, 1.636, 168.48, -11.64, 0.009, 205.10, 21.64);
insert into SHOT values (2248, 2250, 2264, 4063, 3.890, 123.90, 16.40, 3.889, 124.07, 16.43, 0.011, 220.50, 8.46);
insert into SHOT values (2249, 2250, 2265, 4063, 3.470, 100.00, 22.50, 3.465, 100.08, 22.57, 0.008, 245.20, 14.83);
insert into SHOT values (2250, 2250, 2266, 4063, 3.310, 63.00, 20.80, 3.304, 63.02, 20.93, 0.010, 235.79, 28.44);
insert into SHOT values (2251, 2250, 2267, 4063, 1.990, 84.80, 45.30, 1.991, 85.07, 45.51, 0.010, 210.20, 34.75);
insert into SHOT values (2252, 2250, 2268, 4063, 2.590, 106.40, 26.90, 2.591, 106.63, 27.09, 0.013, 216.33, 40.02);
insert into SHOT values (2253, 2250, 2269, 4063, 2.800, 167.00, 15.60, 2.803, 167.15, 15.73, 0.010, 251.22, 44.96);
insert into SHOT values (2254, 2250, 2270, 4063, 4.390, 187.70, -0.30, 4.390, 187.72, -0.26, 0.004, 281.15, 58.31);
insert into SHOT values (2255, 2250, 2271, 4063, 2.270, 188.80, 4.60, 2.275, 188.88, 4.79, 0.010, 224.22, 55.28);
insert into SHOT values (2256, 2250, 2272, 4063, 4.460, 173.80, 6.50, 4.465, 173.79, 6.56, 0.007, 162.81, 46.79);
insert into SHOT values (2257, 2250, 2273, 4063, 8.330, 298.90, -2.50, 8.333, 298.87, -2.48, 0.006, 246.15, 35.33);
insert into SHOT values (2258, 2273, 2274, 4063, 0.680, 25.50, -9.60, 0.675, 25.80, -9.37, 0.006, 165.32, 32.52);
insert into SHOT values (2259, 2273, 2275, 4063, 2.160, 305.80, -2.40, 2.158, 305.75, -2.39, 0.002, 171.44, 10.54);
insert into SHOT values (2260, 2273, 2276, 4063, 1.580, 218.50, 7.00, 1.584, 218.55, 6.89, 0.005, 234.35, -28.90);
insert into SHOT values (2261, 2273, 2277, 4063, 2.370, 128.30, 0.60, 2.371, 128.32, 0.72, 0.005, 171.41, 76.77);
insert into SHOT values (2262, 2273, 2278, 4063, 0.510, 41.40, -68.70, 0.505, 40.60, -68.58, 0.006, 292.40, 62.23);
insert into SHOT values (2263, 2273, 2279, 4063, 2.520, 248.30, 13.80, 2.518, 248.16, 13.78, 0.006, 143.30, -9.78);
insert into SHOT values (2264, 2273, 2280, 4063, 2.480, 275.80, 9.00, 2.484, 275.85, 9.03, 0.004, 308.75, 27.40);
insert into SHOT values (2265, 2273, 2281, 4063, 6.430, 281.50, 3.70, 6.433, 281.50, 3.74, 0.006, 288.37, 65.20);
insert into SHOT values (2266, 2273, 2282, 4063, 3.170, 284.20, 3.00, 3.170, 284.08, 3.07, 0.008, 189.26, 31.64);
insert into SHOT values (2267, 2273, 2283, 4063, 6.360, 277.50, 3.20, 6.355, 277.52, 3.25, 0.008, 78.73, 40.28);
insert into SHOT values (2268, 2273, 2284, 4063, 6.590, 282.00, 0.70, 6.585, 282.01, 0.70, 0.006, 90.37, -5.29);
insert into SHOT values (2269, 2273, 2285, 4063, 3.700, 285.40, -3.20, 3.698, 285.39, -3.26, 0.004, 122.81, -61.32);
insert into SHOT values (2270, 2273, 2286, 4063, 1.780, 235.20, 6.20, 1.777, 235.14, 6.14, 0.004, 91.33, -35.86);
insert into SHOT values (2271, 2273, 2287, 4063, 0.810, 178.70, 27.50, 0.814, 178.41, 27.81, 0.007, 114.76, 55.75);
insert into SHOT values (2272, 2273, 2288, 4063, 1.670, 148.00, 19.50, 1.678, 147.92, 19.50, 0.008, 130.75, 18.39);
insert into SHOT values (2273, 2273, 2289, 4063, 1.150, 100.20, 1.50, 1.150, 100.53, 1.50, 0.007, 192.61, -0.90);
insert into SHOT values (2274, 2273, 2290, 4063, 3.990, 114.20, 12.20, 3.992, 114.20, 12.15, 0.004, 115.41, -45.45);
insert into SHOT values (2275, 2273, 2291, 4063, 2.000, 134.50, 2.00, 2.002, 134.39, 2.00, 0.004, 77.55, 2.57);
insert into SHOT values (2276, 2273, 2292, 4063, 4.520, 141.40, 10.00, 4.524, 141.38, 10.06, 0.006, 112.34, 58.42);
insert into SHOT values (2277, 2273, 2293, 4063, 2.090, 156.30, 4.80, 2.094, 156.26, 4.93, 0.007, 135.99, 51.01);
insert into SHOT values (2278, 2273, 2294, 4063, 1.790, 268.40, 3.30, 1.793, 268.40, 3.20, 0.005, 268.39, -39.66);
insert into SCRAPS values (4064, 4061, 'PinceMi-1p', 1, 48.98560, 0.47371);
 insert into MAPS values (4627, 4061, 'm-all-p', NULL, 1, 131.700, -55.120);
 insert into MAPITEMS values (4627, 4, 4064);
 insert into SURVEY values (4629, 18, 'UnCaillouDansLaCulotte', 'UnCaillouDansLaCulotte.CuevaPirates', 'Le troisieme tome de Steph Jaillet');
 insert into CENTRELINE values (4630, 4629, NULL, NULL, NULL, 0.00, 0.00, 0.00);
 insert into CENTRELINE values (4631, 4629, NULL, '2023-02-10', '2008-04-09', 59.42, 0.00, 0.00);
 insert into TOPO values (18, 4631);
 insert into PERSON values (20, 'Raphael', 'Seguin');
insert into TOPO values (20, 4631);
 insert into EXPLO values (4, 4631);
 insert into SHOT values (2279, 2295, 2296, 4631, 1.660, 332.40, 83.50, 1.661, 332.10, 83.35, 0.005, 319.72, 8.40);
insert into SHOT values (2280, 2295, 2297, 4631, 7.110, 61.20, 26.70, 7.115, 61.22, 26.73, 0.007, 90.56, 54.48);
insert into SHOT values (2281, 2295, 2298, 4631, 4.210, 94.30, 31.20, 4.209, 94.30, 31.20, 0.001, 270.28, -43.34);
insert into SHOT values (2282, 2295, 2299, 4631, 1.990, 198.10, 36.10, 1.988, 198.21, 36.41, 0.011, 356.82, 41.94);
insert into SHOT values (2283, 2295, 2300, 4631, 5.020, 227.40, 6.00, 5.025, 227.43, 6.05, 0.007, 262.12, 46.02);
insert into SHOT values (2284, 2295, 2301, 4631, 7.170, 242.20, 6.30, 7.174, 242.25, 6.32, 0.008, 302.96, 24.66);
insert into SHOT values (2285, 2295, 2302, 4631, 3.500, 267.50, 11.20, 3.500, 267.50, 11.20, 0.000, 162.57, 35.59);
insert into SHOT values (2286, 2295, 2303, 4631, 5.220, 293.00, 19.90, 5.224, 293.01, 19.92, 0.004, 319.10, 48.23);
insert into SHOT values (2287, 2295, 2304, 4631, 9.810, 329.30, -27.80, 9.806, 329.30, -27.78, 0.005, 167.17, 72.92);
insert into SHOT values (2288, 2295, 2305, 4631, 5.480, 345.60, -23.50, 5.480, 345.60, -23.44, 0.006, 354.95, 64.95);
insert into SHOT values (2289, 2295, 2306, 4631, 11.670, 358.70, -25.80, 11.676, 358.69, -25.79, 0.006, 344.76, -7.83);
insert into SHOT values (2290, 2295, 2307, 4631, 8.550, 332.00, -25.50, 8.398, 333.54, -24.33, 0.309, 80.35, 45.64);
insert into SHOT values (2291, 2307, 2308, 4631, 0.940, 161.60, -83.50, 0.946, 158.20, -83.46, 0.009, 81.39, -42.98);
insert into SHOT values (2292, 2307, 2309, 4631, 0.540, 177.00, 64.50, 0.533, 175.03, 64.31, 0.011, 74.60, -42.31);
insert into SHOT values (2293, 2307, 2310, 4631, 0.940, 253.90, 1.40, 0.937, 253.89, 1.22, 0.004, 78.20, -45.41);
insert into SHOT values (2294, 2307, 2311, 4631, 1.030, 76.80, -1.80, 1.037, 77.17, -2.21, 0.012, 123.41, -39.63);
insert into SHOT values (2295, 2307, 2312, 4631, 0.600, 85.90, 29.60, 0.597, 85.60, 29.08, 0.007, 352.37, -66.83);
insert into SHOT values (2296, 2307, 2313, 4631, 0.650, 243.10, 39.70, 0.644, 242.40, 39.55, 0.009, 121.90, -36.35);
insert into SHOT values (2297, 2307, 2314, 4631, 3.590, 209.80, 8.70, 3.588, 209.74, 8.66, 0.005, 98.93, -39.65);
insert into SHOT values (2298, 2307, 2315, 4631, 2.790, 177.70, 24.70, 2.785, 177.74, 24.61, 0.007, 327.41, -61.32);
insert into SHOT values (2299, 2307, 2316, 4631, 9.900, 159.50, 26.60, 9.897, 159.50, 26.59, 0.003, 357.02, -61.27);
insert into SHOT values (2300, 2307, 2317, 4631, 7.290, 135.80, 19.00, 7.291, 135.76, 18.97, 0.006, 71.30, -35.17);
insert into SHOT values (2301, 2307, 2318, 4631, 2.370, 121.30, 16.30, 2.373, 121.18, 16.15, 0.008, 74.38, -38.24);
insert into SHOT values (2302, 2307, 2319, 4631, 5.820, 26.60, -12.40, 5.820, 26.66, -12.40, 0.005, 118.10, -2.51);
insert into SHOT values (2303, 2307, 2320, 4631, 1.960, 33.10, -11.60, 1.963, 33.11, -11.76, 0.006, 43.06, -69.51);
insert into SHOT values (2304, 2307, 2321, 4631, 2.610, 344.10, -15.80, 2.603, 344.24, -15.83, 0.010, 123.50, 3.88);
insert into SHOT values (2305, 2307, 2322, 4631, 2.180, 3.10, -25.90, 2.091, 4.84, -24.89, 0.113, 141.64, 39.72);
insert into SHOT values (2306, 2322, 2323, 4631, 0.820, 0.80, 78.10, 0.818, 0.00, 78.00, 0.003, 291.48, -43.14);
insert into SHOT values (2307, 2322, 2324, 4631, 0.450, 249.00, -82.30, 0.453, 248.20, -83.18, 0.008, 75.66, -32.01);
insert into SHOT values (2308, 2322, 2325, 4631, 4.810, 264.70, -10.00, 4.802, 264.78, -9.95, 0.011, 41.46, 27.51);
insert into SHOT values (2309, 2322, 2326, 4631, 1.380, 266.20, 13.70, 1.383, 266.16, 13.80, 0.004, 242.63, 51.81);
insert into SHOT values (2310, 2322, 2327, 4631, 1.000, 94.00, 38.20, 1.005, 93.62, 38.07, 0.008, 51.50, 11.62);
insert into SHOT values (2311, 2322, 2328, 4631, 4.240, 81.40, 6.20, 4.242, 81.41, 6.22, 0.003, 98.33, 43.21);
insert into SHOT values (2312, 2322, 2329, 4631, 4.210, 42.60, -0.80, 4.211, 42.59, -0.82, 0.002, 25.29, -39.58);
insert into SHOT values (2313, 2322, 2330, 4631, 0.170, 38.90, -2.60, 0.178, 38.16, -3.21, 0.009, 23.19, -15.03);
insert into SHOT values (2314, 2322, 2331, 4631, 3.850, 39.10, -2.90, 3.925, 40.35, -1.61, 0.143, 86.99, 36.36);
insert into SHOT values (2315, 2331, 2332, 4631, 1.230, 324.10, 76.50, 1.234, 323.53, 76.59, 0.005, 212.15, 52.45);
insert into SHOT values (2316, 2331, 2333, 4631, 1.850, 243.10, -31.20, 1.852, 242.95, -31.23, 0.005, 163.50, -21.31);
insert into SHOT values (2317, 2331, 2334, 4631, 4.390, 248.30, -5.90, 4.394, 248.25, -5.88, 0.006, 206.65, 11.75);
insert into SHOT values (2318, 2331, 2335, 4631, 0.780, 248.70, 27.60, 0.776, 248.66, 27.65, 0.004, 74.79, -18.21);
insert into SHOT values (2319, 2331, 2336, 4631, 2.770, 51.30, 44.20, 2.769, 51.34, 44.20, 0.002, 173.43, -34.91);
insert into SHOT values (2320, 2331, 2337, 4631, 0.960, 59.40, 26.90, 0.958, 59.84, 26.68, 0.008, 151.92, -33.40);
insert into SHOT values (2321, 2331, 2338, 4631, 6.710, 94.90, 37.40, 6.706, 94.95, 37.37, 0.007, 192.53, -48.86);
insert into SHOT values (2322, 2331, 2339, 4631, 10.290, 114.50, 34.20, 10.292, 114.49, 34.17, 0.007, 96.96, -34.09);
insert into SHOT values (2323, 2331, 2340, 4631, 4.540, 127.30, 29.70, 4.542, 127.28, 29.69, 0.003, 94.45, 11.67);
insert into SHOT values (2324, 2331, 2341, 4631, 4.940, 146.40, 19.80, 4.937, 146.41, 19.77, 0.004, 302.80, -52.93);
insert into SHOT values (2325, 2331, 2342, 4631, 3.950, 189.50, 10.60, 3.951, 189.49, 10.65, 0.004, 128.77, 72.91);
insert into SHOT values (2326, 2331, 2343, 4631, 6.990, 204.90, 7.60, 6.995, 204.90, 7.56, 0.008, 207.26, -36.07);
insert into SHOT values (2327, 2331, 2344, 4631, 3.900, 307.80, -4.00, 3.894, 307.78, -3.98, 0.006, 137.77, 18.59);
insert into SHOT values (2328, 2331, 2345, 4631, 10.010, 317.90, -5.40, 10.006, 317.89, -5.39, 0.005, 164.28, 24.80);
insert into SHOT values (2329, 2331, 2346, 4631, 5.780, 337.80, 2.10, 5.781, 337.83, 2.08, 0.004, 49.95, -29.33);
insert into SHOT values (2330, 2331, 2347, 4631, 7.980, 318.10, -2.40, 7.844, 319.34, -0.66, 0.325, 85.84, 48.61);
insert into SHOT values (2331, 2347, 2348, 4631, 0.630, 249.50, 30.40, 0.631, 249.57, 30.45, 0.002, 286.12, 48.25);
insert into SHOT values (2332, 2347, 2349, 4631, 1.410, 352.80, -86.90, 1.412, 351.87, -87.13, 0.006, 184.49, -20.01);
insert into SHOT values (2333, 2347, 2350, 4631, 2.280, 236.90, 5.80, 2.280, 236.87, 5.79, 0.001, 170.07, -17.68);
insert into SHOT values (2334, 2347, 2351, 4631, 0.770, 59.50, -11.40, 0.768, 59.69, -11.27, 0.004, 186.73, 35.18);
insert into SHOT values (2335, 2347, 2352, 4631, 5.220, 272.10, -17.10, 5.225, 272.07, -17.14, 0.007, 235.51, -45.69);
insert into SHOT values (2336, 2347, 2353, 4631, 2.120, 302.10, -10.50, 2.120, 301.86, -10.60, 0.009, 208.46, -22.68);
insert into SHOT values (2337, 2347, 2354, 4631, 2.860, 5.40, -7.10, 2.856, 5.47, -7.24, 0.009, 151.97, -46.35);
insert into SHOT values (2338, 2347, 2355, 4631, 8.080, 10.00, -6.10, 8.077, 9.97, -6.11, 0.006, 246.87, -13.95);
insert into SHOT values (2339, 2347, 2356, 4631, 6.870, 15.00, -5.20, 6.871, 14.99, -5.18, 0.003, 331.23, 58.88);
insert into SHOT values (2340, 2347, 2357, 4631, 3.930, 112.60, 1.30, 3.933, 112.59, 1.31, 0.003, 92.28, 17.14);
insert into SHOT values (2341, 2347, 2358, 4631, 8.220, 125.90, 12.50, 8.222, 125.93, 12.50, 0.004, 189.41, 11.31);
insert into SHOT values (2342, 2347, 2359, 4631, 10.350, 136.10, 4.50, 10.350, 136.14, 4.49, 0.007, 220.94, -16.34);
insert into SHOT values (2343, 2347, 2360, 4631, 3.770, 141.10, 3.90, 3.771, 141.15, 3.80, 0.007, 214.53, -61.95);
insert into SHOT values (2344, 2347, 2361, 4631, 2.090, 163.20, 8.40, 2.091, 163.14, 8.25, 0.006, 105.49, -64.85);
insert into SHOT values (2345, 2347, 2362, 4631, 6.800, 7.70, -8.20, 6.767, 9.50, -6.62, 0.285, 100.82, 41.85);
insert into SHOT values (2346, 2362, 2363, 4631, 1.650, 182.70, 71.00, 1.648, 182.16, 71.22, 0.008, 38.83, -0.72);
insert into SHOT values (2347, 2362, 2364, 4631, 3.530, 259.50, 27.30, 3.522, 259.52, 27.20, 0.010, 69.09, -63.04);
insert into SHOT values (2348, 2362, 2365, 4631, 2.690, 255.40, 4.30, 2.683, 255.50, 4.28, 0.009, 43.34, -11.31);
insert into SHOT values (2349, 2362, 2366, 4631, 1.340, 250.00, 54.90, 1.332, 250.14, 54.92, 0.008, 48.86, -49.68);
insert into SHOT values (2350, 2362, 2367, 4631, 1.130, 72.80, 64.00, 1.128, 72.65, 63.53, 0.010, 62.62, -36.38);
insert into SHOT values (2351, 2362, 2368, 4631, 1.410, 100.80, 24.60, 1.408, 100.78, 24.33, 0.007, 71.66, -84.07);
insert into SHOT values (2352, 2362, 2369, 4631, 1.570, 10.40, 17.60, 1.567, 10.41, 17.46, 0.005, 184.42, -67.77);
insert into SHOT values (2353, 2362, 2370, 4631, 5.570, 344.10, 3.00, 5.569, 344.14, 2.98, 0.004, 83.47, -21.25);
insert into SHOT values (2354, 2362, 2371, 4631, 4.970, 323.20, -0.60, 4.966, 323.27, -0.69, 0.011, 85.23, -48.62);
insert into SHOT values (2355, 2362, 2372, 4631, 2.550, 294.10, -13.50, 2.547, 294.08, -13.62, 0.006, 125.94, -48.21);
insert into SHOT values (2356, 2362, 2373, 4631, 4.890, 279.90, -16.50, 4.892, 279.94, -16.51, 0.004, 343.01, -15.99);
insert into SHOT values (2357, 2362, 2374, 4631, 6.070, 336.40, 2.10, 6.072, 336.39, 2.08, 0.003, 313.05, -49.53);
insert into SHOT values (2358, 2362, 2375, 4631, 5.610, 344.80, 3.40, 5.616, 344.80, 3.37, 0.007, 343.56, -24.18);
insert into SHOT values (2359, 2362, 2376, 4631, 4.820, 165.20, 6.60, 4.822, 165.12, 6.55, 0.008, 96.56, -29.88);
insert into SHOT values (2360, 2362, 2377, 4631, 5.800, 181.00, 5.50, 5.797, 180.99, 5.44, 0.006, 17.40, -66.77);
insert into SHOT values (2361, 2362, 2378, 4631, 8.970, 184.00, 4.80, 8.973, 183.98, 4.79, 0.005, 132.56, -7.04);
insert into SHOT values (2362, 2362, 2379, 4631, 3.320, 188.40, 13.90, 3.320, 188.38, 13.77, 0.008, 156.15, -75.45);
insert into SHOT values (2363, 2362, 2380, 4631, 0.150, 208.20, 17.30, 0.145, 210.26, 16.06, 0.008, 339.50, -34.77);
insert into SHOT values (2364, 2362, 2381, 4631, 4.240, 304.60, -8.70, 4.062, 305.19, -7.64, 0.199, 110.55, 30.68);
insert into SHOT values (2365, 2381, 2382, 4631, 1.570, 71.00, 78.00, 1.565, 70.46, 77.87, 0.007, 20.08, -55.11);
insert into SHOT values (2366, 2381, 2383, 4631, 1.550, 2.30, 6.60, 1.552, 2.23, 6.66, 0.003, 310.17, 38.23);
insert into SHOT values (2367, 2381, 2384, 4631, 0.960, 171.60, 31.60, 0.951, 171.47, 31.72, 0.009, 3.57, -18.77);
insert into SHOT values (2368, 2381, 2385, 4631, 7.240, 196.40, -1.80, 7.237, 196.38, -1.82, 0.005, 57.46, -34.74);
insert into SHOT values (2369, 2381, 2386, 4631, 3.840, 205.30, -8.70, 3.837, 205.28, -8.69, 0.003, 51.44, 16.85);
insert into SHOT values (2370, 2381, 2387, 4631, 3.630, 215.80, -14.50, 3.632, 215.86, -14.51, 0.004, 275.17, -14.75);
insert into SHOT values (2371, 2381, 2388, 4631, 2.640, 237.60, -14.40, 2.642, 237.61, -14.47, 0.004, 278.00, -73.67);
insert into SHOT values (2372, 2381, 2389, 4631, 3.190, 271.80, -21.00, 3.192, 271.92, -20.92, 0.008, 332.59, 23.71);
insert into SHOT values (2373, 2381, 2390, 4631, 3.480, 289.60, -24.60, 3.482, 289.75, -24.61, 0.009, 5.35, -8.85);
insert into SHOT values (2374, 2381, 2391, 4631, 5.450, 155.10, 15.60, 5.447, 155.10, 15.55, 0.006, 354.84, -77.02);
insert into SHOT values (2375, 2381, 2392, 4631, 3.050, 185.60, -1.40, 3.046, 185.65, -1.51, 0.008, 331.53, -46.72);
insert into SHOT values (2376, 2381, 2393, 4631, 4.300, 202.20, -8.20, 4.300, 202.23, -8.16, 0.004, 285.91, 59.19);
insert into SHOT values (2377, 2381, 2394, 4631, 5.510, 157.00, 15.10, 5.503, 156.96, 15.06, 0.009, 11.59, -37.54);
insert into SHOT values (2378, 2381, 2395, 4631, 7.670, 144.30, 14.80, 7.670, 144.27, 14.81, 0.003, 53.30, 12.12);
insert into SHOT values (2379, 2381, 2396, 4631, 6.470, 124.20, 13.30, 6.467, 124.12, 13.32, 0.010, 14.21, 9.50);
insert into SHOT values (2380, 2381, 2397, 4631, 3.270, 291.00, -32.40, 3.052, 291.31, -32.06, 0.219, 106.44, 37.10);
insert into SHOT values (2381, 2397, 2398, 4631, 1.600, 104.70, 67.20, 1.596, 104.93, 67.10, 0.006, 174.21, -61.74);
insert into SHOT values (2382, 2397, 2399, 4631, 1.560, 91.90, 29.70, 1.555, 91.70, 29.69, 0.007, 318.76, -23.98);
insert into SHOT values (2383, 2397, 2400, 4631, 2.240, 16.20, -14.30, 2.220, 17.76, -13.02, 0.080, 114.16, 41.77);
insert into SHOT values (2384, 2400, 2401, 4631, 1.780, 279.50, 80.30, 1.786, 279.46, 80.20, 0.007, 276.79, 52.16);
insert into SHOT values (2385, 2400, 2402, 4631, 1.700, 246.60, 65.60, 1.704, 246.70, 65.46, 0.006, 258.73, 18.20);
insert into SHOT values (2386, 2400, 2403, 4631, 1.190, 247.30, 49.30, 1.191, 247.38, 49.09, 0.005, 262.55, -27.72);
insert into SHOT values (2387, 2400, 2404, 4631, 1.220, 247.00, 21.20, 1.224, 246.80, 21.06, 0.006, 208.20, -10.60);
insert into SHOT values (2388, 2400, 2405, 4631, 1.880, 32.50, 72.00, 1.882, 32.32, 72.05, 0.003, 270.80, 43.19);
insert into SHOT values (2389, 2400, 2406, 4631, 1.940, 41.90, 49.30, 1.937, 41.78, 49.38, 0.005, 251.69, -8.68);
insert into SHOT values (2390, 2400, 2407, 4631, 1.980, 39.80, 33.20, 1.976, 39.85, 33.14, 0.005, 190.39, -54.89);
insert into SHOT values (2391, 2400, 2408, 4631, 1.710, 48.30, 10.30, 1.707, 48.14, 10.46, 0.008, 277.27, 34.30);
insert into SHOT values (2392, 2400, 2409, 4631, 4.840, 87.20, 40.20, 4.836, 87.21, 40.18, 0.005, 256.04, -58.81);
insert into SHOT values (2393, 2400, 2410, 4631, 5.610, 97.30, 42.20, 5.610, 97.33, 42.23, 0.003, 229.09, 29.20);
insert into SHOT values (2394, 2400, 2411, 4631, 5.190, 108.00, 43.40, 5.189, 108.10, 43.47, 0.009, 233.42, 26.88);
insert into SHOT values (2395, 2400, 2412, 4631, 1.970, 132.10, 39.50, 1.970, 132.07, 39.39, 0.004, 112.62, -53.21);
insert into SHOT values (2396, 2400, 2413, 4631, 13.860, 333.00, -19.30, 13.856, 332.98, -19.30, 0.006, 193.85, 9.61);
insert into SHOT values (2397, 2400, 2414, 4631, 8.980, 337.80, -17.90, 8.979, 337.79, -17.90, 0.002, 213.51, 1.60);
insert into SHOT values (2398, 2400, 2415, 4631, 15.990, 333.70, -20.60, 15.863, 336.38, -18.41, 0.938, 58.29, 41.05);
insert into SHOT values (2399, 2415, 2416, 4631, 1.020, 135.80, 72.80, 1.014, 135.00, 72.98, 0.008, 357.42, -35.08);
insert into SHOT values (2400, 2415, 2417, 4631, 1.380, 111.30, 43.20, 1.377, 111.16, 43.61, 0.011, 306.76, 30.44);
insert into SHOT values (2401, 2415, 2418, 4631, 3.650, 103.10, 33.10, 3.641, 103.08, 33.13, 0.009, 290.48, -20.73);
insert into SHOT values (2402, 2415, 2419, 4631, 1.400, 131.60, 28.00, 1.398, 131.71, 28.17, 0.005, 279.05, 31.75);
insert into SHOT values (2403, 2415, 2420, 4631, 2.870, 179.50, 15.20, 2.860, 179.58, 15.20, 0.011, 336.29, -13.47);
insert into SHOT values (2404, 2415, 2421, 4631, 6.810, 169.50, 17.70, 6.801, 169.51, 17.72, 0.009, 345.79, -2.87);
insert into SHOT values (2405, 2415, 2422, 4631, 12.950, 159.20, 18.10, 12.942, 159.19, 18.10, 0.008, 351.19, -24.91);
insert into SHOT values (2406, 2415, 2423, 4631, 10.830, 153.00, 16.30, 10.825, 153.04, 16.31, 0.009, 280.82, 2.35);
insert into SHOT values (2407, 2415, 2424, 4631, 13.280, 153.70, 17.50, 13.275, 153.70, 17.49, 0.006, 339.04, -36.07);
insert into SHOT values (2408, 2415, 2425, 4631, 1.370, 178.40, -77.00, 1.363, 180.00, -77.29, 0.013, 313.14, 22.51);
insert into SHOT values (2409, 2415, 2426, 4631, 5.780, 24.90, -25.00, 5.784, 24.81, -24.95, 0.011, 326.68, 15.06);
insert into SHOT values (2410, 2415, 2427, 4631, 6.570, 8.60, -29.40, 6.567, 8.54, -29.36, 0.008, 274.66, 41.40);
insert into SHOT values (2411, 2415, 2428, 4631, 1.930, 8.00, -19.90, 1.933, 7.91, -19.96, 0.005, 318.55, -38.36);
insert into SHOT values (2412, 2415, 2429, 4631, 4.320, 6.50, -32.90, 4.229, 7.84, -31.82, 0.148, 118.91, 52.10);
insert into SHOT values (2413, 2429, 2430, 4631, 1.570, 49.10, 77.40, 1.569, 48.50, 77.22, 0.006, 11.11, -20.45);
insert into SHOT values (2414, 2429, 2431, 4631, 1.340, 213.50, 84.00, 1.336, 212.47, 84.40, 0.010, 47.06, -14.92);
insert into SHOT values (2415, 2429, 2432, 4631, 1.540, 257.00, 8.90, 1.537, 257.06, 8.98, 0.004, 47.55, 27.61);
insert into SHOT values (2416, 2429, 2433, 4631, 0.910, 54.30, 37.20, 0.914, 53.91, 36.99, 0.007, 11.02, -1.48);
insert into SHOT values (2417, 2429, 2434, 4631, 1.360, 52.40, 49.30, 1.363, 52.74, 49.11, 0.008, 98.58, -8.13);
insert into SHOT values (2418, 2429, 2435, 4631, 1.050, 46.00, 36.60, 1.051, 45.95, 36.15, 0.008, 39.29, -46.51);
insert into SHOT values (2419, 2429, 2436, 4631, 2.440, 293.60, -13.00, 2.441, 293.55, -13.02, 0.003, 217.28, -26.14);
insert into SHOT values (2420, 2429, 2437, 4631, 1.690, 302.30, -10.90, 1.690, 302.44, -10.92, 0.004, 40.05, -5.79);
insert into SHOT values (2421, 2429, 2438, 4631, 3.440, 310.80, -17.90, 3.436, 310.91, -17.97, 0.009, 82.62, -18.44);
insert into SHOT values (2422, 2429, 2439, 4631, 10.310, 315.70, -21.20, 10.309, 315.72, -21.21, 0.004, 80.23, -25.91);
insert into SHOT values (2423, 2429, 2440, 4631, 10.930, 321.20, -22.20, 10.932, 321.22, -22.20, 0.003, 18.27, -3.31);
insert into SHOT values (2424, 2429, 2441, 4631, 10.750, 325.30, -22.10, 10.753, 325.30, -22.13, 0.006, 5.65, -76.89);
insert into SHOT values (2425, 2429, 2442, 4631, 4.400, 342.50, -21.00, 4.402, 342.58, -21.04, 0.007, 65.64, -29.01);
insert into SHOT values (2426, 2429, 2443, 4631, 8.230, 356.80, -25.30, 8.232, 356.84, -25.32, 0.006, 79.38, -27.61);
insert into SHOT values (2427, 2429, 2444, 4631, 2.950, 357.80, -4.70, 2.952, 357.86, -4.66, 0.004, 53.91, 25.88);
insert into SHOT values (2428, 2429, 2445, 4631, 10.660, 175.30, 24.80, 10.656, 175.26, 24.80, 0.008, 58.36, -9.27);
insert into SHOT values (2429, 2429, 2446, 4631, 4.790, 166.30, 29.70, 4.787, 166.23, 29.67, 0.006, 62.64, -32.21);
insert into SHOT values (2430, 2429, 2447, 4631, 2.960, 190.10, 24.50, 2.959, 190.06, 24.56, 0.004, 53.38, 40.61);
insert into CENTRELINE values (4632, 4629, NULL, '2023-02-10', '2023-02-10', 39.37, 0.00, 0.00);
 insert into TOPO values (18, 4632);
 insert into TOPO values (20, 4632);
 insert into EXPLO values (10, 4632);
 insert into SHOT values (2431, 2429, 2448, 4632, 9.820, 321.70, -22.90, 9.651, 323.21, -21.71, 0.354, 71.12, 45.14);
insert into SHOT values (2432, 2448, 2449, 4632, 1.850, 61.40, 60.40, 1.849, 61.74, 60.57, 0.008, 197.17, 10.46);
insert into SHOT values (2433, 2448, 2450, 4632, 1.240, 70.80, 69.50, 1.238, 71.15, 69.52, 0.003, 182.08, -27.63);
insert into SHOT values (2434, 2448, 2451, 4632, 0.240, 226.10, 67.00, 0.241, 225.00, 65.77, 0.006, 206.03, -9.44);
insert into SHOT values (2435, 2448, 2452, 4632, 1.510, 230.70, -2.20, 1.515, 230.63, -2.27, 0.005, 208.79, -22.52);
insert into SHOT values (2436, 2448, 2453, 4632, 7.240, 54.80, 23.60, 7.237, 54.82, 23.62, 0.005, 196.99, 18.06);
insert into SHOT values (2437, 2448, 2454, 4632, 4.920, 167.70, 27.00, 4.928, 167.77, 27.03, 0.010, 209.39, 38.90);
insert into SHOT values (2438, 2448, 2455, 4632, 6.310, 151.50, 26.10, 6.310, 151.53, 26.14, 0.006, 267.98, 45.99);
insert into SHOT values (2439, 2448, 2456, 4632, 7.900, 143.80, 26.80, 7.897, 143.83, 26.80, 0.005, 272.76, -22.71);
insert into SHOT values (2440, 2448, 2457, 4632, 15.720, 139.00, 23.50, 15.716, 139.02, 23.51, 0.008, 270.24, 11.95);
insert into SHOT values (2441, 2448, 2458, 4632, 3.400, 123.30, 24.80, 3.405, 123.38, 24.84, 0.007, 176.57, 35.17);
insert into SHOT values (2442, 2448, 2459, 4632, 2.010, 72.00, 29.30, 2.007, 71.98, 29.56, 0.010, 256.76, 41.13);
insert into SHOT values (2443, 2448, 2460, 4632, 3.770, 319.40, -29.40, 3.769, 319.32, -29.40, 0.005, 213.78, 8.77);
insert into SHOT values (2444, 2448, 2461, 4632, 9.360, 331.80, -29.60, 9.358, 331.77, -29.58, 0.006, 239.35, 34.29);
insert into SHOT values (2445, 2448, 2462, 4632, 5.630, 333.80, -29.10, 5.631, 333.70, -29.12, 0.009, 244.15, -12.14);
insert into SHOT values (2446, 2448, 2463, 4632, 5.850, 333.20, -31.80, 5.848, 332.39, -32.71, 0.116, 206.20, -41.71);
insert into SHOT values (2447, 2463, 2464, 4632, 0.920, 239.00, 74.70, 0.913, 240.26, 74.63, 0.009, 339.20, -53.94);
insert into SHOT values (2448, 2463, 2465, 4632, 1.740, 228.40, 27.70, 1.738, 228.43, 27.79, 0.004, 35.83, 18.57);
insert into SHOT values (2449, 2463, 2466, 4632, 0.870, 233.70, 45.70, 0.868, 233.70, 45.56, 0.003, 227.03, -81.19);
insert into SHOT values (2450, 2463, 2467, 4632, 1.050, 38.60, 5.50, 1.051, 38.40, 5.46, 0.004, 327.10, -9.56);
insert into SHOT values (2451, 2463, 2468, 4632, 1.330, 46.20, -1.50, 1.330, 46.22, -1.72, 0.005, 121.21, -85.00);
insert into SHOT values (2452, 2463, 2469, 4632, 3.950, 309.60, -17.40, 3.954, 309.73, -17.52, 0.012, 29.94, -45.86);
insert into SHOT values (2453, 2463, 2470, 4632, 3.280, 318.90, -18.90, 3.284, 318.92, -19.02, 0.008, 357.83, -78.23);
insert into SHOT values (2454, 2463, 2471, 4632, 6.830, 325.80, -21.60, 6.838, 325.83, -21.62, 0.010, 355.85, -36.38);
insert into SHOT values (2455, 2463, 2472, 4632, 1.860, 334.60, -21.70, 1.859, 334.62, -21.78, 0.003, 131.49, -53.04);
insert into SHOT values (2456, 2463, 2473, 4632, 5.450, 344.60, -23.30, 5.456, 344.60, -23.32, 0.006, 349.85, -45.14);
insert into SHOT values (2457, 2463, 2474, 4632, 3.910, 5.60, -20.90, 3.917, 5.65, -20.94, 0.008, 37.14, -41.20);
insert into SHOT values (2458, 2463, 2475, 4632, 6.530, 327.40, -20.30, 6.525, 326.68, -21.30, 0.137, 206.90, -49.53);
insert into SHOT values (2459, 2475, 2476, 4632, 0.910, 30.30, 64.50, 0.904, 29.93, 65.09, 0.011, 222.87, -6.85);
insert into SHOT values (2460, 2475, 2477, 4632, 2.670, 81.10, 35.80, 2.669, 81.23, 35.77, 0.005, 173.95, -19.95);
insert into SHOT values (2461, 2475, 2478, 4632, 2.680, 85.20, 27.50, 2.682, 85.42, 27.54, 0.009, 172.66, 15.62);
insert into SHOT values (2462, 2475, 2479, 4632, 0.550, 141.10, -65.00, 0.553, 143.62, -64.73, 0.011, 213.22, -8.01);
insert into SHOT values (2463, 2475, 2480, 4632, 3.920, 355.40, -28.30, 3.921, 355.35, -28.32, 0.004, 263.69, -26.09);
insert into SHOT values (2464, 2475, 2481, 4632, 5.690, 0.40, -19.80, 5.640, 359.89, -20.88, 0.127, 209.57, -40.71);
insert into SHOT values (2465, 2481, 2482, 4632, 0.990, 39.30, 83.70, 0.997, 37.87, 83.43, 0.009, 11.36, 44.66);
insert into SHOT values (2466, 2481, 2483, 4632, 0.980, 264.80, 39.00, 0.976, 264.67, 39.46, 0.009, 96.56, 20.96);
insert into SHOT values (2467, 2481, 2484, 4632, 1.450, 254.80, -13.80, 1.440, 254.67, -13.65, 0.011, 95.14, 33.37);
insert into SHOT values (2468, 2481, 2485, 4632, 2.380, 115.50, 23.20, 2.385, 115.40, 23.21, 0.006, 72.41, 22.53);
insert into SHOT values (2469, 2481, 2486, 4632, 0.640, 129.10, 44.80, 0.641, 127.87, 44.62, 0.010, 49.79, -5.56);
insert into SHOT values (2470, 2481, 2487, 4632, 1.390, 343.50, 6.90, 1.396, 343.66, 6.99, 0.008, 15.58, 22.81);
insert into SHOT values (2471, 2481, 2488, 4632, 2.650, 329.90, 9.60, 2.649, 329.90, 9.56, 0.002, 144.27, -70.88);
insert into SHOT values (2472, 2481, 2489, 4632, 2.140, 285.60, -19.40, 2.138, 285.83, -19.40, 0.008, 29.95, 5.68);
insert into SHOT values (2473, 2481, 2490, 4632, 2.490, 328.50, 10.10, 2.433, 327.77, 9.46, 0.070, 179.18, -31.35);
insert into SHOT values (2474, 2490, 2491, 4632, 0.510, 165.00, 64.30, 0.509, 164.05, 64.60, 0.005, 37.23, 5.65);
insert into SHOT values (2475, 2490, 2492, 4632, 0.750, 119.50, 32.00, 0.755, 118.97, 32.00, 0.008, 63.52, 19.64);
insert into SHOT values (2476, 2490, 2493, 4632, 0.510, 226.40, 17.40, 0.504, 226.68, 17.32, 0.007, 23.39, -22.32);
insert into SHOT values (2477, 2490, 2494, 4632, 0.360, 84.60, -43.00, 0.362, 83.66, -41.46, 0.011, 56.47, 30.28);
insert into SHOT values (2478, 2490, 2495, 4632, 1.190, 24.10, 8.70, 1.195, 23.96, 8.66, 0.006, 357.04, -0.00);
insert into SHOT values (2479, 2490, 2496, 4632, 2.220, 3.30, -2.10, 2.225, 3.35, -2.06, 0.006, 23.93, 13.42);
insert into SHOT values (2480, 2490, 2497, 4632, 1.310, 8.30, -12.10, 1.312, 8.51, -11.87, 0.007, 63.68, 38.98);
insert into SHOT values (2481, 2497, 2498, 4632, 2.890, 67.40, 22.90, 2.893, 67.28, 22.78, 0.009, 17.68, -32.17);
insert into SHOT values (2482, 2497, 2499, 4632, 3.660, 52.10, 21.30, 3.663, 52.02, 21.29, 0.005, 351.74, 5.35);
insert into SHOT values (2483, 2497, 2500, 4632, 2.120, 42.40, 5.30, 2.118, 42.31, 5.15, 0.007, 288.91, -58.26);
insert into SHOT values (2484, 2497, 2501, 4632, 0.940, 14.20, -9.80, 0.943, 14.34, -9.77, 0.003, 53.97, -0.05);
insert into SHOT values (2485, 2497, 2502, 4632, 1.090, 346.70, -17.00, 1.096, 346.76, -16.98, 0.006, 357.92, -13.24);
insert into SHOT values (2486, 2497, 2503, 4632, 0.950, 286.00, 75.20, 0.951, 286.93, 75.35, 0.005, 46.46, 18.58);
insert into SHOT values (2487, 2497, 2504, 4632, 1.000, 138.10, 27.80, 0.998, 138.21, 27.46, 0.007, 205.23, -74.56);
insert into SHOT values (2488, 2497, 2505, 4632, 0.780, 209.90, 18.10, 0.777, 210.03, 17.99, 0.004, 351.22, -40.23);
insert into SHOT values (2489, 2497, 2506, 4632, 1.680, 248.30, 27.80, 1.678, 248.27, 27.70, 0.004, 123.72, -75.12);
insert into SHOT values (2490, 2497, 2507, 4632, 2.190, 268.60, 20.00, 2.193, 268.61, 20.00, 0.003, 275.94, 19.86);
insert into SHOT values (2491, 2497, 2508, 4632, 2.160, 276.70, 16.20, 2.159, 276.65, 16.14, 0.003, 178.04, -52.60);
insert into SHOT values (2492, 2497, 2509, 4632, 1.480, 323.50, -26.40, 1.485, 323.56, -26.39, 0.005, 341.37, -22.84);
insert into SHOT values (2493, 2497, 2510, 4632, 1.160, 289.00, -22.00, 1.165, 288.94, -22.20, 0.006, 267.02, -60.66);
insert into SHOT values (2494, 2497, 2511, 4632, 2.680, 305.10, -32.60, 2.686, 305.10, -32.67, 0.007, 302.25, -61.45);
insert into SHOT values (2495, 2497, 2512, 4632, 2.790, 313.30, -33.90, 2.796, 313.25, -33.91, 0.006, 291.36, -37.80);
insert into SHOT values (2496, 2497, 2513, 4632, 1.980, 309.20, -25.80, 1.980, 309.31, -25.74, 0.004, 23.42, 25.88);
insert into SHOT values (2497, 2513, 2514, 4632, 0.580, 214.60, -6.40, 0.587, 214.51, -6.85, 0.008, 205.94, -40.88);
insert into SHOT values (2498, 2513, 2515, 4632, 0.250, 256.30, 51.70, 0.245, 255.07, 50.75, 0.007, 170.78, -61.62);
insert into SHOT values (2499, 2513, 2516, 4632, 0.280, 27.90, 28.90, 0.278, 26.57, 27.86, 0.008, 305.56, -42.61);
insert into SHOT values (2500, 2513, 2517, 4632, 0.720, 104.10, 32.80, 0.715, 104.50, 33.06, 0.007, 249.83, -0.23);
insert into SHOT values (2501, 2513, 2518, 4632, 2.360, 264.20, -59.50, 2.365, 264.24, -59.62, 0.007, 57.81, -73.35);
insert into SHOT values (2502, 2518, 2519, 4632, 2.720, 87.50, 59.00, 2.719, 87.55, 58.98, 0.002, 158.77, -51.55);
insert into SHOT values (2503, 2518, 2520, 4632, 0.940, 89.20, 73.10, 0.940, 90.00, 73.30, 0.005, 220.28, 6.79);
insert into SHOT values (2504, 2518, 2521, 4632, 1.270, 155.30, 27.60, 1.269, 155.26, 27.71, 0.003, 353.17, 32.59);
insert into SHOT values (2505, 2518, 2522, 4632, 0.840, 184.60, 20.30, 0.844, 185.06, 20.09, 0.008, 235.35, -9.76);
insert into SHOT values (2506, 2518, 2523, 4632, 0.730, 223.80, -6.30, 0.740, 223.90, -6.21, 0.010, 231.04, 0.61);
insert into SHOT values (2507, 2518, 2524, 4632, 1.380, 275.20, -23.20, 1.384, 274.95, -22.96, 0.009, 233.95, 23.36);
insert into SHOT values (2508, 2518, 2525, 4632, 1.900, 63.60, 49.20, 1.900, 63.64, 49.30, 0.003, 225.16, 30.90);
insert into SHOT values (2509, 2518, 2526, 4632, 1.230, 35.30, 37.80, 1.231, 35.33, 38.13, 0.007, 206.80, 59.68);
insert into SHOT values (2510, 2518, 2527, 4632, 1.480, 10.90, 21.70, 1.481, 10.90, 21.80, 0.003, 185.24, 83.65);
insert into SHOT values (2511, 2518, 2528, 4632, 0.500, 304.40, -59.50, 0.499, 303.69, -59.59, 0.004, 190.28, 13.37);
insert into SHOT values (2512, 2518, 2529, 4632, 2.420, 326.20, -28.70, 2.416, 326.16, -28.70, 0.005, 167.85, 28.06);
insert into SHOT values (2513, 2518, 2530, 4632, 3.340, 314.10, -24.20, 3.342, 314.07, -24.20, 0.002, 267.82, -20.91);
insert into SCRAPS values (4633, 4629, 'UnCaillouDansLaCulotte-1p', 1, 43.01450, 0.65836);
 insert into MAPS values (4922, 4629, 'm-all-p', NULL, 1, 98.790, -30.470);
 insert into MAPITEMS values (4922, 4, 4633);
 insert into SCRAPS values (4923, 4629, 'UnCaillouDansLaCulotte-1s', 2, 84.32548, 1.81083);
 insert into SCRAPS values (5090, 4629, 'UnCaillouDansLaCulotte-2s', 2, 73.30005, 1.13306);
 insert into MAPS values (5197, 4629, 'm-all-e', NULL, 2, 98.790, -30.470);
 insert into MAPITEMS values (5197, 4, 4923);
 insert into MAPITEMS values (5197, 4, 5090);
 insert into SURVEY values (5199, 18, 'Girafe', 'Girafe.CuevaPirates', NULL);
 insert into CENTRELINE values (5200, 5199, NULL, NULL, NULL, 0.00, 0.00, 0.00);
 insert into SCRAPS values (5201, 5199, 'Girafe-1p', 1, 16.05794, 0.32525);
 insert into SCRAPS values (5260, 5199, 'Girafe-2p', 1, 1.57588, 0.02757);
 insert into MAPS values (5304, 5199, 'm-all-p', NULL, 1, 168.142, -28.420);
 insert into MAPITEMS values (5304, 4, 5201);
 insert into MAPITEMS values (5304, 4, 5260);
 insert into SCRAPS values (5306, 5199, 'Girafe-1e', 2, 0.92616, 0.01880);
 insert into SCRAPS values (5658, 5199, 'Girafe-2e', 2, 0.69710, 0.02452);
 insert into MAPS values (5743, 5199, 'm-all-e', NULL, 2, 168.142, -28.420);
 insert into MAPITEMS values (5743, 4, 5306);
 insert into MAPITEMS values (5743, 4, 5658);
 insert into CENTRELINE values (5745, 5199, NULL, '2023-02-13', '2008-04-10', 54.26, 0.00, 0.00);
 insert into PERSON values (21, 'Laurence', 'Boudoux d''Hautefeuille');
insert into TOPO values (21, 5745);
 insert into PERSON values (22, 'Arnauld', 'Malard');
insert into TOPO values (22, 5745);
 insert into TOPO values (14, 5745);
 insert into EXPLO values (4, 5745);
 insert into SHOT values (2514, 2531, 2532, 5745, 1.694, 168.51, 1.36, 1.695, 168.42, 1.35, 0.003, 98.91, -4.38);
insert into SHOT values (2515, 2531, 2533, 5745, 1.911, 174.15, 57.26, 1.905, 174.45, 57.11, 0.009, 250.79, -52.63);
insert into SHOT values (2516, 2531, 2534, 5745, 1.420, 313.86, 78.49, 1.417, 313.53, 78.77, 0.008, 145.80, -10.68);
insert into SHOT values (2517, 2531, 2535, 5745, 2.106, 344.26, 0.96, 2.099, 344.24, 0.82, 0.009, 169.75, -37.63);
insert into SHOT values (2518, 2531, 2536, 5745, 1.796, 323.01, -33.63, 1.796, 322.90, -33.83, 0.007, 183.23, -50.13);
insert into SHOT values (2519, 2531, 2537, 5745, 5.153, 284.91, 6.15, 5.150, 284.82, 6.13, 0.009, 174.14, -13.89);
insert into SHOT values (2520, 2537, 2538, 5745, 1.520, 207.60, 85.78, 1.514, 209.05, 86.10, 0.011, 11.28, -32.29);
insert into SHOT values (2521, 2537, 2539, 5745, 3.259, 191.83, 15.38, 3.254, 191.95, 15.33, 0.009, 313.70, -28.45);
insert into SHOT values (2522, 2537, 2540, 5745, 17.084, 284.54, -8.61, 17.084, 284.54, -8.62, 0.003, 145.72, -70.44);
insert into SHOT values (2523, 2537, 2541, 5745, 1.498, 1.38, 4.55, 1.505, 1.15, 4.57, 0.009, 320.19, 7.13);
insert into SHOT values (2524, 2537, 2542, 5745, 1.448, 276.97, 85.07, 1.446, 278.75, 84.78, 0.009, 307.09, -18.02);
insert into SHOT values (2525, 2537, 2543, 5745, 1.284, 83.48, -85.58, 1.284, 78.69, -85.44, 0.009, 10.89, 1.16);
insert into SHOT values (2526, 2537, 2544, 5745, 3.186, 224.46, 2.96, 3.186, 224.49, 2.88, 0.005, 302.66, -68.92);
insert into SHOT values (2527, 2537, 2545, 5745, 6.031, 187.96, 3.99, 6.022, 187.94, 4.00, 0.009, 20.58, 2.22);
insert into SHOT values (2528, 2545, 2546, 5745, 0.563, 293.88, 84.89, 0.563, 291.80, 84.51, 0.004, 265.86, -10.39);
insert into SHOT values (2529, 2545, 2547, 5745, 1.160, 298.65, 35.80, 1.164, 298.47, 35.76, 0.005, 255.95, 17.88);
insert into SHOT values (2530, 2545, 2548, 5745, 1.618, 304.14, 6.25, 1.623, 303.89, 6.01, 0.011, 253.21, -33.80);
insert into SHOT values (2531, 2545, 2549, 5745, 1.189, 288.75, -56.24, 1.192, 288.43, -56.15, 0.005, 241.05, -16.88);
insert into SHOT values (2532, 2545, 2550, 5745, 0.208, 123.52, 31.84, 0.204, 125.54, 32.59, 0.008, 251.69, 2.01);
insert into SHOT values (2533, 2545, 2551, 5745, 4.741, 236.31, 16.26, 4.747, 236.28, 16.27, 0.007, 209.49, 22.38);
insert into SHOT values (2534, 2551, 2552, 5745, 1.681, 91.36, 11.18, 1.681, 91.39, 10.97, 0.006, 122.21, -74.79);
insert into SHOT values (2535, 2551, 2553, 5745, 1.173, 91.28, 59.34, 1.166, 90.95, 59.03, 0.010, 30.58, -66.60);
insert into SHOT values (2536, 2551, 2554, 5745, 0.595, 336.52, 74.54, 0.592, 338.20, 74.18, 0.007, 35.20, -32.07);
insert into SHOT values (2537, 2551, 2555, 5745, 1.180, 100.35, -50.37, 1.180, 99.96, -50.46, 0.005, 355.73, -12.79);
insert into SHOT values (2538, 2551, 2556, 5745, 1.702, 70.16, -59.27, 1.710, 69.90, -59.29, 0.009, 21.62, -53.39);
insert into SHOT values (2539, 2551, 2557, 5745, 4.709, 180.27, 38.69, 4.702, 180.31, 38.70, 0.007, 334.11, -30.58);
insert into SHOT values (2540, 2551, 2558, 5745, 8.303, 155.29, 15.81, 8.305, 155.29, 15.79, 0.003, 170.52, -39.03);
insert into SHOT values (2541, 2558, 2559, 5745, 0.924, 68.72, 24.76, 0.921, 68.33, 24.36, 0.009, 341.38, -50.37);
insert into SHOT values (2542, 2558, 2560, 5745, 0.992, 246.93, 73.52, 0.991, 247.07, 73.45, 0.002, 283.99, -47.89);
insert into SHOT values (2543, 2558, 2561, 5745, 0.917, 261.27, 20.10, 0.914, 261.30, 19.82, 0.005, 59.03, -75.09);
insert into SHOT values (2544, 2558, 2562, 5745, 0.567, 170.50, -84.66, 0.572, 168.69, -84.89, 0.006, 32.26, -66.12);
insert into SHOT values (2545, 2558, 2563, 5745, 4.310, 156.63, 34.24, 4.306, 156.67, 34.20, 0.006, 282.23, -56.04);
insert into SHOT values (2546, 2558, 2564, 5745, 4.348, 157.88, 33.95, 4.349, 157.84, 33.97, 0.003, 55.15, 37.83);
insert into SHOT values (2547, 2558, 2565, 5745, 4.313, 158.77, 33.90, 4.303, 158.82, 33.90, 0.011, 317.55, -30.73);
insert into SHOT values (2548, 2565, 2566, 5745, 0.731, 172.58, 60.80, 0.736, 172.09, 60.41, 0.008, 148.19, 14.20);
insert into SHOT values (2549, 2565, 2567, 5745, 0.716, 208.21, 28.12, 0.716, 207.38, 28.33, 0.010, 112.49, 15.40);
insert into SHOT values (2550, 2565, 2568, 5745, 1.485, 228.25, -34.30, 1.480, 227.98, -34.12, 0.009, 120.86, 48.29);
insert into SHOT values (2551, 2565, 2569, 5745, 1.205, 212.47, -37.55, 1.204, 212.20, -37.33, 0.007, 144.16, 41.69);
insert into SHOT values (2552, 2565, 2570, 5745, 6.549, 177.27, 24.89, 6.556, 177.20, 24.90, 0.010, 130.55, 21.61);
insert into SHOT values (2553, 2570, 2571, 5745, 0.467, 278.59, 16.24, 0.474, 278.84, 15.93, 0.007, 294.46, -4.70);
insert into SHOT values (2554, 2570, 2572, 5745, 0.814, 268.39, -6.65, 0.816, 268.59, -7.04, 0.007, 326.53, -60.42);
insert into SHOT values (2555, 2570, 2573, 5745, 0.830, 229.17, -46.55, 0.826, 229.29, -46.61, 0.005, 30.72, 34.47);
insert into SHOT values (2556, 2570, 2574, 5745, 0.312, 101.55, -29.90, 0.309, 100.89, -31.15, 0.008, 309.75, -34.54);
insert into SHOT values (2557, 2570, 2575, 5745, 3.182, 201.68, 17.19, 3.180, 201.84, 17.19, 0.009, 304.55, -2.78);
insert into SHOT values (2558, 2575, 2576, 5745, 1.004, 56.74, 68.60, 1.000, 57.17, 68.36, 0.006, 103.96, -51.63);
insert into SHOT values (2559, 2575, 2577, 5745, 1.127, 278.89, 81.14, 1.123, 276.71, 81.23, 0.008, 167.64, -26.95);
insert into SHOT values (2560, 2575, 2578, 5745, 0.913, 262.13, 22.00, 0.905, 261.77, 22.07, 0.010, 115.57, -12.01);
insert into SHOT values (2561, 2575, 2579, 5745, 0.342, 242.17, -51.44, 0.340, 240.95, -52.67, 0.009, 93.20, -16.76);
insert into SHOT values (2562, 2575, 2580, 5745, 4.583, 170.12, 43.30, 4.585, 170.00, 43.23, 0.009, 117.95, -19.62);
insert into SHOT values (2563, 2575, 2581, 5745, 1.877, 163.97, -1.95, 1.875, 163.89, -1.83, 0.005, 33.72, 47.27);
insert into SHOT values (2564, 2581, 2582, 5745, 2.251, 253.25, 84.96, 2.249, 252.47, 84.92, 0.004, 191.96, -36.76);
insert into SHOT values (2565, 2581, 2583, 5745, 1.128, 295.01, 76.77, 1.118, 293.50, 77.04, 0.013, 156.64, -38.99);
insert into SHOT values (2566, 2581, 2584, 5745, 0.655, 90.35, 8.75, 0.658, 90.88, 8.75, 0.007, 156.45, 3.12);
insert into SHOT values (2567, 2581, 2585, 5745, 0.811, 112.11, -29.40, 0.818, 112.25, -29.29, 0.007, 126.94, -15.52);
insert into SHOT values (2568, 2581, 2586, 5745, 0.625, 278.86, 30.44, 0.619, 278.58, 30.04, 0.008, 141.05, -59.92);
insert into SHOT values (2569, 2581, 2587, 5745, 4.143, 27.54, -12.23, 4.142, 27.51, -12.27, 0.003, 265.17, -48.04);
insert into SHOT values (2570, 2581, 2588, 5745, 14.071, 187.18, 24.92, 14.075, 187.15, 24.87, 0.014, 151.50, -40.46);
insert into SHOT values (2571, 2581, 2589, 5745, 14.130, 187.21, 24.91, 14.135, 187.21, 24.89, 0.006, 195.08, -13.68);
insert into SHOT values (2572, 2581, 2590, 5745, 14.106, 187.18, 24.92, 14.111, 187.18, 24.89, 0.009, 188.07, -25.03);
insert into SHOT values (2573, 2590, 2591, 5745, 0.806, 81.74, 3.87, 0.810, 81.47, 3.54, 0.008, 43.08, -35.71);
insert into SHOT values (2574, 2590, 2592, 5745, 0.809, 89.54, -52.51, 0.812, 88.85, -52.00, 0.010, 51.64, 11.08);
insert into SHOT values (2575, 2590, 2593, 5745, 0.886, 245.54, -58.90, 0.884, 245.14, -59.26, 0.007, 94.41, -11.55);
insert into SHOT values (2576, 2590, 2594, 5745, 0.614, 277.38, 24.43, 0.608, 277.25, 24.27, 0.006, 112.34, -39.65);
insert into SHOT values (2577, 2590, 2595, 5745, 1.265, 13.31, 86.72, 1.262, 15.95, 86.69, 0.004, 97.40, -41.02);
insert into SHOT values (2578, 2590, 2596, 5745, 4.959, 194.04, -25.24, 4.958, 193.94, -25.31, 0.010, 79.20, -33.05);
insert into CENTRELINE values (5746, 5199, NULL, '2023-02-13', '2023-02-13', 113.89, 0.00, 0.00);
 insert into TOPO values (21, 5746);
 insert into TOPO values (22, 5746);
 insert into TOPO values (14, 5746);
 insert into EXPLO values (10, 5746);
 insert into SHOT values (2579, 2590, 2597, 5746, 4.445, 135.60, 11.34, 4.442, 135.56, 11.29, 0.006, 10.51, -45.92);
insert into SHOT values (2580, 2597, 2598, 5746, 1.080, 59.06, 73.53, 1.086, 59.35, 73.21, 0.009, 70.77, 28.91);
insert into SHOT values (2581, 2597, 2599, 5746, 0.841, 47.06, 18.05, 0.841, 47.53, 18.01, 0.007, 135.55, -5.02);
insert into SHOT values (2582, 2597, 2600, 5746, 0.736, 40.50, -51.94, 0.736, 41.42, -51.98, 0.007, 133.33, -3.90);
insert into SHOT values (2583, 2597, 2601, 5746, 2.967, 54.07, -74.46, 2.970, 54.13, -74.33, 0.007, 60.72, -11.36);
insert into SHOT values (2584, 2597, 2602, 5746, 0.230, 238.71, 24.86, 0.233, 238.57, 25.36, 0.004, 225.91, 54.96);
insert into SHOT values (2585, 2597, 2603, 5746, 9.993, 139.06, 22.81, 9.999, 139.05, 22.83, 0.007, 112.64, 53.97);
insert into SHOT values (2586, 2603, 2604, 5746, 0.435, 50.38, 65.97, 0.429, 51.84, 65.46, 0.009, 129.81, -57.65);
insert into SHOT values (2587, 2603, 2605, 5746, 0.622, 48.98, 2.57, 0.624, 48.90, 2.75, 0.003, 28.55, 40.39);
insert into SHOT values (2588, 2603, 2606, 5746, 1.485, 56.63, -81.95, 1.484, 57.09, -82.16, 0.006, 219.94, 3.67);
insert into SHOT values (2589, 2603, 2607, 5746, 2.698, 330.60, -70.44, 2.696, 330.88, -70.40, 0.005, 48.23, 26.66);
insert into SHOT values (2590, 2603, 2608, 5746, 2.752, 330.34, -67.19, 2.756, 330.32, -67.15, 0.005, 324.76, -42.19);
insert into SHOT values (2591, 2603, 2609, 5746, 0.672, 274.37, 65.98, 0.667, 274.24, 66.07, 0.005, 107.07, -52.96);
insert into SHOT values (2592, 2603, 2610, 5746, 3.691, 131.68, 16.46, 3.684, 131.67, 16.40, 0.008, 315.71, -47.56);
insert into SHOT values (2593, 2610, 2611, 5746, 1.250, 254.12, 33.72, 1.255, 253.83, 33.91, 0.008, 179.77, 47.80);
insert into SHOT values (2594, 2610, 2612, 5746, 1.143, 257.36, -14.33, 1.143, 256.97, -14.18, 0.008, 175.54, 20.66);
insert into SHOT values (2595, 2610, 2613, 5746, 2.900, 248.63, -26.97, 2.895, 248.40, -26.91, 0.012, 139.88, 25.96);
insert into SHOT values (2596, 2610, 2614, 5746, 0.833, 233.67, -18.70, 0.828, 233.28, -18.30, 0.009, 114.30, 48.74);
insert into SHOT values (2597, 2610, 2615, 5746, 1.844, 276.27, -63.22, 1.836, 276.26, -63.30, 0.009, 97.18, 46.41);
insert into SHOT values (2598, 2610, 2616, 5746, 1.162, 44.92, -56.41, 1.156, 45.63, -56.17, 0.011, 130.72, 44.91);
insert into SHOT values (2599, 2610, 2617, 5746, 2.429, 196.80, -17.21, 2.428, 196.79, -17.25, 0.002, 27.19, -43.99);
insert into SHOT values (2600, 2617, 2618, 5746, 0.568, 69.15, 19.58, 0.568, 69.19, 19.56, 0.001, 193.15, -35.70);
insert into SHOT values (2601, 2617, 2619, 5746, 3.631, 90.26, 6.03, 3.631, 90.32, 6.17, 0.009, 193.57, 66.54);
insert into SHOT values (2602, 2617, 2620, 5746, 0.541, 265.15, 76.59, 0.544, 260.54, 77.07, 0.011, 151.88, 19.40);
insert into SHOT values (2603, 2617, 2621, 5746, 2.322, 302.92, -7.37, 2.318, 302.93, -7.19, 0.009, 116.25, 66.57);
insert into SHOT values (2604, 2617, 2622, 5746, 0.353, 314.07, -68.66, 0.342, 311.63, -69.38, 0.013, 166.20, 42.43);
insert into SHOT values (2605, 2617, 2623, 5746, 0.873, 31.24, 79.73, 0.873, 31.61, 79.94, 0.003, 193.19, 17.34);
insert into SHOT values (2606, 2617, 2624, 5746, 1.289, 244.48, 8.18, 1.289, 244.44, 8.48, 0.007, 102.65, 77.70);
insert into SHOT values (2607, 2624, 2625, 5746, 1.012, 107.88, 8.26, 1.009, 108.07, 7.98, 0.007, 231.23, -53.31);
insert into SHOT values (2608, 2624, 2626, 5746, 0.585, 113.52, 44.76, 0.584, 114.10, 44.56, 0.005, 191.70, -23.97);
insert into SHOT values (2609, 2624, 2627, 5746, 0.606, 138.33, -56.46, 0.609, 138.65, -56.86, 0.006, 272.44, -61.97);
insert into SHOT values (2610, 2624, 2628, 5746, 3.995, 160.11, 17.89, 3.999, 160.18, 17.91, 0.007, 214.79, 24.69);
insert into SHOT values (2611, 2628, 2629, 5746, 0.426, 27.30, 24.86, 0.421, 27.90, 23.84, 0.010, 141.94, -64.11);
insert into SHOT values (2612, 2628, 2630, 5746, 0.908, 20.49, -10.23, 0.915, 20.85, -10.71, 0.012, 67.64, -48.25);
insert into SHOT values (2613, 2628, 2631, 5746, 1.144, 34.01, -47.66, 1.148, 33.90, -47.79, 0.005, 322.76, -69.81);
insert into SHOT values (2614, 2628, 2632, 5746, 0.265, 218.93, 52.85, 0.262, 219.81, 53.36, 0.005, 7.12, -15.08);
insert into SHOT values (2615, 2628, 2633, 5746, 1.845, 98.59, 11.20, 1.844, 98.58, 10.94, 0.008, 53.46, -86.25);
insert into SHOT values (2616, 2633, 2634, 5746, 0.634, 271.29, 40.49, 0.638, 271.19, 41.18, 0.009, 112.67, 75.09);
insert into SHOT values (2617, 2633, 2635, 5746, 1.030, 264.75, -0.09, 1.024, 264.96, 0.00, 0.007, 53.21, 12.85);
insert into SHOT values (2618, 2633, 2636, 5746, 1.127, 242.44, -47.81, 1.123, 242.42, -47.67, 0.005, 79.06, 78.56);
insert into SHOT values (2619, 2633, 2637, 5746, 8.383, 209.27, 6.75, 8.382, 209.28, 6.78, 0.005, 7.20, 66.55);
insert into SHOT values (2620, 2637, 2638, 5746, 0.344, 190.73, 72.63, 0.345, 191.31, 72.83, 0.002, 315.74, 53.25);
insert into SHOT values (2621, 2637, 2639, 5746, 0.314, 144.27, 1.01, 0.322, 143.84, 0.00, 0.010, 127.65, -33.33);
insert into SHOT values (2622, 2637, 2640, 5746, 0.780, 106.78, -87.82, 0.781, 108.43, -87.68, 0.002, 132.00, -14.75);
insert into SHOT values (2623, 2637, 2641, 5746, 3.041, 200.31, -15.32, 3.040, 200.35, -15.26, 0.004, 286.69, 59.17);
insert into SHOT values (2624, 2641, 2642, 5746, 0.564, 157.09, 57.82, 0.560, 156.80, 57.05, 0.009, 137.25, -58.44);
insert into SHOT values (2625, 2641, 2643, 5746, 0.668, 106.80, 8.51, 0.674, 106.53, 7.68, 0.012, 82.85, -49.31);
insert into SHOT values (2626, 2641, 2644, 5746, 0.852, 108.21, -38.58, 0.863, 108.17, -38.72, 0.012, 104.28, -49.01);
insert into SHOT values (2627, 2641, 2645, 5746, 3.434, 183.44, -86.05, 3.438, 182.39, -85.99, 0.007, 132.71, -36.07);
insert into SHOT values (2628, 2641, 2646, 5746, 4.333, 204.74, -3.84, 4.332, 204.61, -3.84, 0.010, 110.82, 1.05);
insert into SHOT values (2629, 2646, 2647, 5746, 1.518, 12.84, 84.11, 1.518, 11.31, 84.22, 0.005, 247.85, 0.16);
insert into SHOT values (2630, 2646, 2648, 5746, 1.740, 65.41, 76.05, 1.732, 64.65, 75.95, 0.010, 345.31, -57.02);
insert into SHOT values (2631, 2646, 2649, 5746, 0.446, 74.84, 10.46, 0.444, 74.05, 10.38, 0.006, 327.91, -8.82);
insert into SHOT values (2632, 2646, 2650, 5746, 1.531, 88.12, -81.22, 1.537, 87.51, -81.39, 0.008, 303.19, -58.44);
insert into SHOT values (2633, 2646, 2651, 5746, 1.516, 130.47, 50.97, 1.507, 130.73, 50.92, 0.010, 266.58, -50.68);
insert into SHOT values (2634, 2651, 2652, 5746, 1.275, 73.22, 83.59, 1.278, 74.05, 83.46, 0.005, 106.41, 37.48);
insert into SHOT values (2635, 2651, 2653, 5746, 1.099, 230.60, 53.98, 1.100, 230.65, 54.00, 0.001, 290.16, 60.49);
insert into SHOT values (2636, 2651, 2654, 5746, 0.268, 39.06, 3.70, 0.271, 38.99, 4.23, 0.004, 32.30, 44.40);
insert into SHOT values (2637, 2651, 2655, 5746, 2.428, 310.40, -84.08, 2.423, 310.10, -84.12, 0.006, 162.94, 64.49);
insert into SHOT values (2638, 2651, 2656, 5746, 3.695, 128.50, 0.38, 3.694, 128.51, 0.47, 0.006, 274.82, 73.00);
insert into SHOT values (2639, 2656, 2657, 5746, 1.046, 90.24, -5.85, 1.046, 90.00, -6.04, 0.006, 352.89, -37.64);
insert into SHOT values (2640, 2656, 2658, 5746, 0.706, 95.96, -51.26, 0.705, 95.19, -51.23, 0.006, 5.66, 6.53);
insert into SHOT values (2641, 2656, 2659, 5746, 0.423, 268.15, -4.93, 0.422, 268.64, -5.44, 0.005, 18.63, -43.80);
insert into SHOT values (2642, 2656, 2660, 5746, 1.699, 52.84, -9.96, 1.705, 52.99, -10.14, 0.009, 97.16, -43.65);
insert into SHOT values (2643, 2656, 2661, 5746, 4.400, 180.25, 14.49, 4.400, 180.13, 14.48, 0.009, 89.99, -6.17);
insert into SHOT values (2644, 2661, 2662, 5746, 0.701, 185.22, 85.48, 0.702, 191.31, 85.83, 0.007, 315.23, 9.49);
insert into SHOT values (2645, 2661, 2663, 5746, 0.616, 253.03, 37.11, 0.614, 253.41, 37.03, 0.004, 357.57, -26.16);
insert into SHOT values (2646, 2661, 2664, 5746, 0.791, 83.68, 20.07, 0.782, 83.75, 20.19, 0.009, 258.06, -9.50);
insert into SHOT values (2647, 2661, 2665, 5746, 1.427, 349.37, -82.57, 1.432, 347.47, -82.60, 0.008, 257.10, -39.17);
insert into SHOT values (2648, 2661, 2666, 5746, 2.433, 161.15, 20.74, 2.428, 161.25, 20.74, 0.006, 302.72, -14.61);
insert into SHOT values (2649, 2666, 2667, 5746, 0.977, 49.65, 71.49, 0.981, 50.19, 71.43, 0.005, 102.77, 43.66);
insert into SHOT values (2650, 2666, 2668, 5746, 0.529, 98.99, -7.09, 0.531, 98.75, -7.58, 0.005, 36.34, -61.83);
insert into SHOT values (2651, 2666, 2669, 5746, 1.970, 194.52, -80.29, 1.968, 194.04, -80.35, 0.004, 63.46, 25.70);
insert into SHOT values (2652, 2666, 2670, 5746, 1.779, 166.58, 7.27, 1.783, 166.59, 7.41, 0.006, 172.88, 54.22);
insert into SHOT values (2653, 2670, 2671, 5746, 0.672, 357.47, 81.34, 0.668, 0.00, 81.38, 0.006, 103.65, -43.35);
insert into SHOT values (2654, 2670, 2672, 5746, 0.948, 219.60, 26.16, 0.939, 219.72, 25.88, 0.010, 22.93, -52.48);
insert into SHOT values (2655, 2670, 2673, 5746, 0.324, 216.22, 3.82, 0.323, 216.16, 3.55, 0.002, 51.69, -50.59);
insert into SHOT values (2656, 2670, 2674, 5746, 0.601, 17.32, -18.98, 0.600, 17.47, -19.46, 0.005, 162.51, -59.41);
insert into SHOT values (2657, 2670, 2675, 5746, 2.126, 118.36, -84.52, 2.130, 116.57, -84.58, 0.008, 11.74, -29.47);
insert into SHOT values (2658, 2670, 2676, 5746, 3.201, 64.14, 20.91, 3.202, 64.03, 20.86, 0.006, 352.49, -22.79);
insert into SHOT values (2659, 2676, 2677, 5746, 0.482, 28.54, -45.10, 0.475, 28.89, -45.75, 0.009, 196.03, 8.73);
insert into SHOT values (2660, 2676, 2678, 5746, 0.488, 144.87, -51.55, 0.489, 144.25, -50.97, 0.006, 108.69, 20.97);
insert into SHOT values (2661, 2676, 2679, 5746, 1.974, 62.74, -77.79, 1.974, 62.82, -77.84, 0.002, 222.58, -21.48);
insert into SHOT values (2662, 2676, 2680, 5746, 5.647, 91.92, 6.19, 5.646, 91.94, 6.20, 0.002, 205.89, 27.60);
insert into SHOT values (2663, 2680, 2681, 5746, 3.240, 184.41, 68.90, 3.236, 184.44, 68.93, 0.004, 353.92, -43.16);
insert into SHOT values (2664, 2680, 2682, 5746, 0.894, 225.32, 55.04, 0.890, 225.00, 55.11, 0.005, 87.33, -32.24);
insert into SHOT values (2665, 2680, 2683, 5746, 1.247, 207.15, 23.68, 1.249, 207.01, 23.59, 0.004, 163.65, -11.76);
insert into SHOT values (2666, 2680, 2684, 5746, 0.610, 182.86, -40.28, 0.617, 182.44, -40.37, 0.008, 148.31, -42.53);
insert into SHOT values (2667, 2680, 2685, 5746, 1.966, 40.73, -85.30, 1.967, 42.51, -85.25, 0.005, 112.99, -6.56);
insert into SHOT values (2668, 2680, 2686, 5746, 7.633, 112.03, -0.52, 7.640, 112.07, -0.52, 0.008, 146.87, -4.94);
insert into SHOT values (2669, 2686, 2687, 5746, 4.528, 213.74, 67.73, 4.527, 214.06, 67.75, 0.010, 315.23, -1.45);
insert into SHOT values (2670, 2686, 2688, 5746, 0.547, 26.47, 31.54, 0.543, 25.46, 31.04, 0.010, 288.95, -36.65);
insert into SHOT values (2671, 2686, 2689, 5746, 0.782, 11.19, -12.75, 0.784, 10.57, -13.27, 0.011, 282.54, -42.08);
insert into SHOT values (2672, 2686, 2690, 5746, 1.231, 18.34, -44.45, 1.232, 17.82, -44.27, 0.009, 312.06, 13.18);
insert into SHOT values (2673, 2686, 2691, 5746, 1.888, 32.29, -54.63, 1.890, 31.95, -54.56, 0.007, 328.07, -3.69);
insert into SHOT values (2674, 2686, 2692, 5746, 5.516, 91.86, -9.48, 5.508, 91.79, -9.51, 0.010, 310.19, -8.34);
insert into SHOT values (2675, 2692, 2693, 5746, 0.630, 191.65, 82.79, 0.625, 187.13, 82.59, 0.008, 113.22, -37.70);
insert into SHOT values (2676, 2692, 2694, 5746, 0.417, 23.87, 15.63, 0.422, 24.68, 15.12, 0.008, 69.73, -16.39);
insert into SHOT values (2677, 2692, 2695, 5746, 0.800, 236.51, 8.87, 0.794, 235.91, 8.69, 0.011, 112.67, -18.58);
insert into SHOT values (2678, 2692, 2696, 5746, 0.379, 269.29, -60.62, 0.376, 270.00, -61.39, 0.006, 68.74, 2.30);
insert into SHOT values (2679, 2692, 2697, 5746, 5.861, 163.62, -2.41, 5.865, 163.54, -2.44, 0.010, 102.16, -21.90);
insert into SHOT values (2680, 2692, 2698, 5746, 5.741, 163.25, -2.53, 5.741, 163.18, -2.50, 0.008, 73.78, 24.90);
insert into SHOT values (2681, 2692, 2699, 5746, 5.762, 163.34, -2.30, 5.769, 163.26, -2.28, 0.010, 114.65, 6.82);
insert into SHOT values (2682, 2641, 2700, 5746, 1.756, 185.33, -75.32, 1.759, 185.08, -75.12, 0.007, 169.06, -10.63);
insert into SHOT values (2683, 2700, 2701, 5746, 0.462, 274.48, 10.85, 0.459, 275.08, 10.04, 0.009, 27.32, -53.63);
insert into SHOT values (2684, 2700, 2702, 5746, 1.264, 81.25, 1.05, 1.266, 80.91, 0.91, 0.008, 6.78, -22.06);
insert into SHOT values (2685, 2700, 2703, 5746, 0.543, 26.22, -1.99, 0.546, 26.10, -2.10, 0.003, 4.28, -19.82);
insert into SHOT values (2686, 2700, 2704, 5746, 2.197, 45.54, 84.93, 2.199, 45.00, 84.83, 0.005, 19.54, 20.55);
insert into SHOT values (2687, 2700, 2705, 5746, 1.715, 5.70, -87.45, 1.722, 7.13, -87.32, 0.008, 30.72, -54.71);
insert into SHOT values (2688, 2700, 2706, 5746, 2.844, 340.23, -11.87, 2.845, 340.26, -11.97, 0.005, 58.42, -71.85);
insert into SHOT values (2689, 2706, 2707, 5746, 0.588, 207.42, 45.92, 0.585, 207.82, 45.90, 0.004, 332.24, -34.47);
insert into SHOT values (2690, 2706, 2708, 5746, 1.496, 208.98, 21.19, 1.493, 208.77, 21.20, 0.006, 88.03, -7.32);
insert into SHOT values (2691, 2706, 2709, 5746, 0.555, 220.27, -27.08, 0.549, 220.86, -27.07, 0.008, 355.28, 20.59);
insert into SHOT values (2692, 2706, 2710, 5746, 1.598, 273.28, -80.22, 1.593, 274.24, -80.22, 0.007, 12.62, 46.21);
insert into SHOT values (2693, 2706, 2711, 5746, 4.022, 268.45, -2.49, 4.015, 268.57, -2.43, 0.012, 37.77, 23.31);
insert into SHOT values (2694, 2711, 2712, 5746, 0.513, 215.11, 59.23, 0.517, 216.03, 58.27, 0.011, 239.63, -4.27);
insert into SHOT values (2695, 2711, 2713, 5746, 0.991, 70.56, 66.53, 0.991, 70.64, 66.69, 0.003, 238.11, 20.99);
insert into SHOT values (2696, 2711, 2714, 5746, 0.631, 339.89, 71.56, 0.630, 338.75, 72.16, 0.008, 190.50, 10.49);
insert into SHOT values (2697, 2711, 2715, 5746, 0.490, 24.80, 21.84, 0.486, 24.86, 21.72, 0.004, 195.12, -37.43);
insert into SHOT values (2698, 2711, 2716, 5746, 2.576, 353.40, -74.25, 2.575, 353.39, -74.35, 0.005, 175.43, -8.82);
insert into SHOT values (2699, 2711, 2717, 5746, 2.730, 289.06, -60.02, 2.734, 288.83, -60.10, 0.008, 186.38, -43.71);
insert into SHOT values (2700, 2717, 2718, 5746, 0.452, 203.25, -5.67, 0.450, 203.70, -5.10, 0.006, 323.10, 48.79);
insert into SHOT values (2701, 2717, 2719, 5746, 1.257, 251.53, -79.81, 1.250, 251.57, -79.80, 0.007, 63.97, 81.83);
insert into SHOT values (2702, 2717, 2720, 5746, 0.524, 351.30, 11.33, 0.528, 351.09, 12.03, 0.008, 312.91, 66.15);
insert into SHOT values (2703, 2717, 2721, 5746, 3.206, 238.84, 85.25, 3.211, 238.67, 85.19, 0.006, 226.98, 52.42);
insert into SHOT values (2704, 2717, 2722, 5746, 2.779, 265.73, -9.22, 2.782, 265.83, -9.10, 0.008, 313.19, 40.36);
insert into SHOT values (2705, 2722, 2723, 5746, 2.021, 63.52, 77.49, 2.017, 64.03, 77.58, 0.006, 199.53, -28.70);
insert into SHOT values (2706, 2722, 2724, 5746, 0.396, 58.33, 0.05, 0.394, 59.53, 0.00, 0.008, 159.42, -2.34);
insert into SHOT values (2707, 2722, 2725, 5746, 1.538, 28.00, -82.58, 1.542, 27.90, -82.83, 0.008, 211.15, -37.86);
insert into SHOT values (2708, 2722, 2726, 5746, 1.960, 18.74, -21.30, 1.961, 18.83, -21.23, 0.004, 78.17, 30.20);
insert into SHOT values (2709, 2726, 2727, 5746, 2.209, 236.94, 79.03, 2.200, 236.69, 79.03, 0.009, 106.56, -74.44);
insert into SHOT values (2710, 2726, 2728, 5746, 0.355, 218.42, -6.15, 0.358, 218.16, -6.41, 0.004, 190.86, -29.14);
insert into SHOT values (2711, 2726, 2729, 5746, 1.251, 275.73, -70.75, 1.259, 275.57, -70.91, 0.009, 162.03, -82.11);
insert into SHOT values (2712, 2726, 2730, 5746, 1.847, 250.75, -41.13, 1.855, 250.79, -41.11, 0.008, 258.54, -37.19);
insert into SHOT values (2713, 2730, 2731, 5746, 2.631, 240.83, 85.96, 2.626, 240.64, 85.99, 0.005, 79.44, -67.09);
insert into SHOT values (2714, 2730, 2732, 5746, 0.674, 150.10, -2.53, 0.682, 150.05, -2.52, 0.008, 145.32, -1.86);
insert into SHOT values (2715, 2730, 2733, 5746, 1.302, 156.58, -74.70, 1.308, 156.37, -74.51, 0.007, 144.00, -35.28);
insert into SHOT values (2716, 2730, 2734, 5746, 1.222, 190.97, -18.26, 1.222, 190.92, -18.12, 0.003, 131.68, 68.94);
insert into SHOT values (2717, 2734, 2735, 5746, 2.896, 291.35, 76.18, 2.893, 291.34, 76.26, 0.005, 113.28, -24.80);
insert into SHOT values (2718, 2734, 2736, 5746, 1.590, 290.29, -65.15, 1.594, 290.35, -65.48, 0.010, 104.25, -46.12);
insert into SHOT values (2719, 2734, 2737, 5746, 0.728, 328.10, 7.64, 0.724, 328.08, 7.14, 0.007, 153.33, -67.07);
insert into SHOT values (2720, 2734, 2738, 5746, 1.626, 292.57, -0.03, 1.623, 292.46, 0.00, 0.004, 160.22, 11.11);
insert into SHOT values (2721, 2738, 2739, 5746, 2.556, 176.31, 82.56, 2.552, 176.53, 82.56, 0.005, 282.35, -73.45);
insert into SHOT values (2722, 2738, 2740, 5746, 0.438, 212.76, 3.14, 0.441, 212.97, 2.60, 0.006, 236.44, -44.84);
insert into SHOT values (2723, 2738, 2741, 5746, 2.523, 264.25, -73.01, 2.529, 264.52, -73.14, 0.009, 42.37, -53.69);
insert into SHOT values (2724, 2738, 2742, 5746, 2.122, 316.55, 4.96, 2.123, 316.72, 4.86, 0.007, 36.46, -27.98);
insert into SHOT values (2725, 2742, 2743, 5746, 0.792, 231.07, 67.26, 0.794, 230.19, 66.83, 0.008, 193.59, -3.19);
insert into SHOT values (2726, 2742, 2744, 5746, 0.974, 216.86, 3.76, 0.980, 217.10, 3.51, 0.008, 251.23, -27.67);
insert into SHOT values (2727, 2742, 2745, 5746, 2.764, 193.47, -84.05, 2.765, 194.04, -84.01, 0.004, 247.30, -14.14);
insert into SHOT values (2728, 2742, 2746, 5746, 0.696, 258.94, 54.38, 0.701, 258.69, 54.41, 0.005, 224.16, 53.55);
insert into SHOT values (2729, 2746, 2747, 5746, 3.584, 223.79, -78.68, 3.590, 223.85, -78.64, 0.007, 235.73, -56.19);
insert into SHOT values (2730, 2746, 2748, 5746, 0.803, 230.23, -55.88, 0.810, 230.36, -55.85, 0.007, 243.89, -51.03);
insert into SHOT values (2731, 2746, 2749, 5746, 0.518, 29.12, -78.54, 0.520, 29.05, -78.59, 0.002, 317.06, -86.96);
insert into SHOT values (2732, 2746, 2750, 5746, 3.778, 286.92, -25.66, 3.781, 286.89, -25.70, 0.005, 241.25, -60.37);
insert into SHOT values (2733, 2750, 2751, 5746, 0.619, 207.31, 69.49, 0.618, 207.76, 69.69, 0.003, 349.64, 4.94);
insert into SHOT values (2734, 2750, 2752, 5746, 0.618, 220.55, -9.60, 0.611, 220.29, -9.41, 0.007, 63.94, 24.13);
insert into SHOT values (2735, 2750, 2753, 5746, 2.765, 243.39, -78.40, 2.767, 243.43, -78.34, 0.003, 251.61, -25.67);
insert into SHOT values (2736, 2750, 2754, 5746, 1.479, 336.13, 13.87, 1.475, 336.12, 13.73, 0.006, 161.13, -54.58);
insert into SURVEY values (5748, 18, 'SiphonAmont', 'SiphonAmont.CuevaPirates', NULL);
 insert into CENTRELINE values (5749, 5748, NULL, NULL, NULL, 0.00, 0.00, 0.00);
 insert into CENTRELINE values (5750, 5748, NULL, '2023-02-18', '2023-02-18', 95.00, 0.00, 0.00);
 insert into TOPO values (11, 5750);
 insert into EXPLO values (10, 5750);
 insert into SHOT values (2737, 2755, 2756, 5750, 11.000, 55.00, -20.77, 11.004, 55.01, -20.76, 0.005, 83.63, -0.00);
insert into SHOT values (2738, 2756, 2757, 5750, 4.000, 100.00, -23.58, 4.000, 100.05, -23.58, 0.003, 186.13, 0.00);
insert into SHOT values (2739, 2757, 2758, 5750, 7.000, 130.00, -5.74, 6.991, 129.98, -5.75, 0.009, 322.03, -0.00);
insert into SHOT values (2740, 2758, 2759, 5750, 10.000, 115.00, -14.48, 10.007, 115.03, -14.47, 0.009, 149.55, 0.00);
insert into SHOT values (2741, 2759, 2760, 5750, 15.000, 110.00, 12.32, 14.998, 109.99, 12.32, 0.002, 337.62, 0.00);
insert into SHOT values (2742, 2760, 2761, 5750, 8.000, 85.00, 25.15, 7.996, 85.01, 25.16, 0.004, 254.02, -0.00);
insert into SHOT values (2743, 2761, 2762, 5750, 21.000, 95.00, 21.51, 20.997, 94.99, 21.51, 0.004, 312.48, 0.00);
insert into SHOT values (2744, 2762, 2763, 5750, 8.000, 140.00, 25.94, 8.003, 139.96, 25.93, 0.006, 83.00, 0.00);
insert into SHOT values (2745, 2763, 2764, 5750, 11.000, 120.00, 25.29, 10.996, 120.00, 25.30, 0.004, 312.43, 0.00);
insert into SHOT values (2746, 2755, 2765, 5750, 2.000, 0.00, 90.00, 2.000, 90.00, 90.00, 0.000, 0.00, 0.00);
insert into SHOT values (2747, 2756, 2766, 5750, 3.000, 0.00, 90.00, 3.000, 90.00, 90.00, 0.000, 0.00, 0.00);
insert into SHOT values (2748, 2756, 2767, 5750, 2.000, 0.00, -90.00, 2.000, 90.00, -90.00, 0.000, 0.00, 0.00);
insert into SHOT values (2749, 2757, 2768, 5750, 4.000, 0.00, 90.00, 4.000, 90.00, 90.00, 0.000, 0.00, 0.00);
insert into SHOT values (2750, 2757, 2769, 5750, 0.000, 0.00, -90.00, 0.000, 90.00, 0.00, 0.000, 90.00, 0.00);
insert into SHOT values (2751, 2758, 2770, 5750, 1.500, 0.00, 90.00, 1.500, 90.00, 90.00, 0.000, 0.00, 0.00);
insert into SHOT values (2752, 2758, 2771, 5750, 1.000, 0.00, -90.00, 1.000, 90.00, -90.00, 0.000, 0.00, 0.00);
insert into SHOT values (2753, 2759, 2772, 5750, 1.000, 0.00, 90.00, 1.000, 90.00, 90.00, 0.000, 0.00, 0.00);
insert into SHOT values (2754, 2759, 2773, 5750, 0.500, 0.00, -90.00, 0.500, 90.00, -90.00, 0.000, 0.00, 0.00);
insert into SHOT values (2755, 2760, 2774, 5750, 0.500, 0.00, 90.00, 0.500, 90.00, 90.00, 0.000, 0.00, 0.00);
insert into SHOT values (2756, 2760, 2775, 5750, 1.500, 0.00, -90.00, 1.500, 90.00, -90.00, 0.000, 0.00, 0.00);
insert into SHOT values (2757, 2761, 2776, 5750, 1.000, 0.00, 90.00, 1.000, 90.00, 90.00, 0.000, 0.00, 0.00);
insert into SHOT values (2758, 2761, 2777, 5750, 0.000, 0.00, -90.00, 0.000, 90.00, 0.00, 0.000, 90.00, 0.00);
insert into SHOT values (2759, 2762, 2778, 5750, 1.000, 0.00, 90.00, 1.000, 90.00, 90.00, 0.000, 0.00, 0.00);
insert into SHOT values (2760, 2762, 2779, 5750, 0.000, 0.00, -90.00, 0.000, 90.00, 0.00, 0.000, 90.00, 0.00);
insert into SHOT values (2761, 2763, 2780, 5750, 0.000, 0.00, 90.00, 0.000, 90.00, 0.00, 0.000, 90.00, 0.00);
insert into SHOT values (2762, 2763, 2781, 5750, 1.000, 0.00, -90.00, 1.000, 90.00, -90.00, 0.000, 0.00, 0.00);
insert into CENTRELINE values (5751, 5748, NULL, '2023-03-07', '2023-07-03', 112.00, 0.00, 0.00);
 insert into SHOT values (2763, 2782, 2783, 5751, 10.000, 15.00, -24.20, 10.000, 15.00, -24.21, 0.001, 263.90, -0.00);
insert into SHOT values (2764, 2783, 2784, 5751, 8.000, 60.00, -8.63, 7.998, 60.03, -8.63, 0.005, 177.80, -0.00);
insert into SHOT values (2765, 2784, 2785, 5751, 6.000, 15.00, -15.47, 6.002, 14.93, -15.46, 0.008, 302.82, 0.00);
insert into SHOT values (2766, 2785, 2786, 5751, 10.000, 35.00, -22.95, 9.997, 35.00, -22.96, 0.003, 208.76, -0.00);
insert into SHOT values (2767, 2786, 2787, 5751, 12.000, 10.00, -29.45, 12.000, 10.03, -29.45, 0.006, 96.78, 0.00);
insert into SHOT values (2768, 2787, 2788, 5751, 7.000, 350.00, -5.74, 7.001, 350.00, -5.74, 0.001, 328.32, -0.00);
insert into SHOT values (2769, 2788, 2789, 5751, 9.000, 5.00, -15.47, 8.998, 4.96, -15.47, 0.006, 259.68, -0.00);
insert into SHOT values (2770, 2789, 2790, 5751, 6.000, 50.00, -3.82, 6.004, 50.01, -3.82, 0.004, 64.90, 0.00);
insert into SHOT values (2771, 2790, 2791, 5751, 13.000, 85.00, -12.89, 13.006, 84.98, -12.88, 0.008, 46.44, -0.00);
insert into SHOT values (2772, 2791, 2792, 5751, 8.000, 140.00, 17.46, 8.000, 140.05, 17.46, 0.007, 234.23, 0.00);
insert into SHOT values (2773, 2792, 2793, 5751, 13.000, 150.00, 20.25, 12.999, 149.99, 20.25, 0.003, 38.55, 0.00);
insert into SHOT values (2774, 2793, 2794, 5751, 6.000, 85.00, 17.46, 5.998, 84.99, 17.46, 0.002, 301.85, -0.00);
insert into SHOT values (2775, 2794, 2755, 5751, 4.000, 85.00, -8.63, 4.000, 85.07, -8.63, 0.005, 176.27, 0.00);
insert into SHOT values (2776, 2782, 2795, 5751, 1.500, 0.00, 90.00, 1.500, 90.00, 90.00, 0.000, 0.00, 0.00);
insert into SHOT values (2777, 2782, 2796, 5751, 0.000, 0.00, -90.00, 0.000, 90.00, 0.00, 0.000, 90.00, 0.00);
insert into SHOT values (2778, 2783, 2797, 5751, 1.000, 0.00, 90.00, 1.000, 90.00, 90.00, 0.000, 0.00, 0.00);
insert into SHOT values (2779, 2783, 2798, 5751, 0.000, 0.00, -90.00, 0.000, 90.00, 0.00, 0.000, 90.00, 0.00);
insert into SHOT values (2780, 2784, 2799, 5751, 1.000, 0.00, 90.00, 1.000, 90.00, 90.00, 0.000, 0.00, 0.00);
insert into SHOT values (2781, 2784, 2800, 5751, 0.000, 0.00, -90.00, 0.000, 90.00, 0.00, 0.000, 90.00, 0.00);
insert into SHOT values (2782, 2785, 2801, 5751, 1.000, 0.00, 90.00, 1.000, 90.00, 90.00, 0.000, 0.00, 0.00);
insert into SHOT values (2783, 2785, 2802, 5751, 0.000, 0.00, -90.00, 0.000, 90.00, 0.00, 0.000, 90.00, 0.00);
insert into SHOT values (2784, 2786, 2803, 5751, 1.000, 0.00, 90.00, 1.000, 90.00, 90.00, 0.000, 0.00, 0.00);
insert into SHOT values (2785, 2786, 2804, 5751, 0.000, 0.00, -90.00, 0.000, 90.00, 0.00, 0.000, 90.00, 0.00);
insert into SHOT values (2786, 2787, 2805, 5751, 1.500, 0.00, 90.00, 1.500, 90.00, 90.00, 0.000, 0.00, 0.00);
insert into SHOT values (2787, 2787, 2806, 5751, 0.000, 0.00, -90.00, 0.000, 90.00, 0.00, 0.000, 90.00, 0.00);
insert into SHOT values (2788, 2788, 2807, 5751, 2.000, 0.00, 90.00, 2.000, 90.00, 90.00, 0.000, 0.00, 0.00);
insert into SHOT values (2789, 2788, 2808, 5751, 0.000, 0.00, -90.00, 0.000, 90.00, 0.00, 0.000, 90.00, 0.00);
insert into SHOT values (2790, 2789, 2809, 5751, 2.000, 0.00, 90.00, 2.000, 90.00, 90.00, 0.000, 0.00, 0.00);
insert into SHOT values (2791, 2789, 2810, 5751, 0.000, 0.00, -90.00, 0.000, 90.00, 0.00, 0.000, 90.00, 0.00);
insert into SHOT values (2792, 2790, 2811, 5751, 2.000, 0.00, 90.00, 2.000, 90.00, 90.00, 0.000, 0.00, 0.00);
insert into SHOT values (2793, 2790, 2812, 5751, 0.000, 0.00, -90.00, 0.000, 90.00, 0.00, 0.000, 90.00, 0.00);
insert into SHOT values (2794, 2791, 2813, 5751, 2.000, 0.00, 90.00, 2.000, 90.00, 90.00, 0.000, 0.00, 0.00);
insert into SHOT values (2795, 2791, 2814, 5751, 0.000, 0.00, -90.00, 0.000, 90.00, 0.00, 0.000, 90.00, 0.00);
insert into SHOT values (2796, 2792, 2815, 5751, 2.000, 0.00, 90.00, 2.000, 90.00, 90.00, 0.000, 0.00, 0.00);
insert into SHOT values (2797, 2792, 2816, 5751, 0.000, 0.00, -90.00, 0.000, 90.00, 0.00, 0.000, 90.00, 0.00);
insert into SHOT values (2798, 2793, 2817, 5751, 2.000, 0.00, 90.00, 2.000, 90.00, 90.00, 0.000, 0.00, 0.00);
insert into SHOT values (2799, 2793, 2818, 5751, 0.000, 0.00, -90.00, 0.000, 90.00, 0.00, 0.000, 90.00, 0.00);
insert into SHOT values (2800, 2794, 2819, 5751, 1.500, 0.00, 90.00, 1.500, 90.00, 90.00, 0.000, 0.00, 0.00);
insert into SHOT values (2801, 2794, 2820, 5751, 0.000, 0.00, -90.00, 0.000, 90.00, 0.00, 0.000, 90.00, 0.00);
insert into SCRAPS values (5752, 5748, 'SiphonAmont-1p', 1, 100.00000, 0.32088);
 insert into SCRAPS values (5868, 5748, 'DUPLICATE_SiphonAmont-1p', 1, 0.00000, 0.00000);
 insert into MAPS values (5871, 5748, 'm-all-p', NULL, 1, 207.000, -23.700);
 insert into MAPITEMS values (5871, 4, 5752);
 insert into SCRAPS values (5872, 5748, 'SiphonAmont-1e', 2, 1.31517, 0.03512);
 insert into MAPS values (5994, 5748, 'm-all-e', NULL, 2, 207.000, -23.700);
 insert into MAPITEMS values (5994, 4, 5872);
 insert into SURVEY values (5996, 18, 'GalerieDesLombrics', 'GalerieDesLombrics.CuevaPirates', 'GalerieDesLombrics');
 insert into CENTRELINE values (5997, 5996, NULL, NULL, NULL, 0.00, 0.00, 0.00);
 insert into CENTRELINE values (5998, 5996, NULL, '2023-02-21', '2023-02-21', 293.51, 0.00, 0.00);
 insert into TOPO values (11, 5998);
 insert into PERSON values (23, 'Jules', 'Clouzeau');
insert into TOPO values (23, 5998);
 insert into TOPO values (17, 5998);
 insert into EXPLO values (10, 5998);
 insert into SHOT values (2802, 2821, 2822, 5998, 4.270, 348.40, -2.70, 4.272, 348.37, -2.68, 0.003, 308.31, 20.91);
insert into SHOT values (2803, 2822, 2823, 5998, 0.970, 312.30, 75.00, 0.974, 311.82, 74.83, 0.005, 283.52, 34.53);
insert into SHOT values (2804, 2822, 2824, 5998, 2.280, 353.50, -6.80, 2.281, 353.41, -6.80, 0.004, 279.06, -0.59);
insert into SHOT values (2805, 2822, 2825, 5998, 13.190, 292.30, -24.30, 13.559, 293.80, -23.70, 0.508, 332.07, -2.50);
insert into SHOT values (2806, 2825, 2826, 5998, 2.900, 48.10, 73.20, 2.903, 47.91, 73.27, 0.005, 273.37, 44.18);
insert into SHOT values (2807, 2825, 2827, 5998, 1.910, 186.80, 11.40, 1.912, 187.05, 11.46, 0.009, 264.14, 16.50);
insert into SHOT values (2808, 2825, 2828, 5998, 2.980, 120.00, 56.30, 2.981, 120.13, 56.31, 0.004, 210.30, 11.55);
insert into SHOT values (2809, 2825, 2829, 5998, 4.440, 118.00, 30.10, 4.443, 118.10, 30.13, 0.008, 193.91, 25.73);
insert into SHOT values (2810, 2825, 2830, 5998, 0.380, 81.60, -79.30, 0.377, 81.87, -79.18, 0.003, 146.42, 83.81);
insert into SHOT values (2811, 2825, 2831, 5998, 5.740, 1.20, 0.70, 5.742, 1.20, 0.70, 0.002, 353.22, -4.23);
insert into SHOT values (2812, 2825, 2832, 5998, 5.050, 186.20, 3.00, 4.866, 189.23, 2.00, 0.332, 312.22, -16.53);
insert into SHOT values (2813, 2832, 2833, 5998, 0.450, 295.50, 56.10, 0.447, 293.50, 55.87, 0.009, 203.28, -21.80);
insert into SHOT values (2814, 2832, 2834, 5998, 1.020, 303.50, 1.30, 1.018, 303.38, 1.13, 0.004, 173.06, -47.76);
insert into SHOT values (2815, 2832, 2835, 5998, 0.490, 180.30, -86.90, 0.491, 180.00, -86.50, 0.004, 177.73, -11.56);
insert into SHOT values (2816, 2832, 2836, 5998, 0.740, 27.30, 38.40, 0.734, 27.01, 38.78, 0.008, 228.27, 2.50);
insert into SHOT values (2817, 2832, 2837, 5998, 0.790, 246.60, 12.90, 0.793, 246.41, 12.38, 0.008, 218.11, -50.22);
insert into SHOT values (2818, 2832, 2838, 5998, 1.260, 200.20, -8.00, 1.269, 200.02, -8.16, 0.010, 174.66, -27.16);
insert into SHOT values (2819, 2832, 2839, 5998, 0.480, 147.90, -29.40, 0.485, 148.57, -29.63, 0.008, 201.13, -35.32);
insert into SHOT values (2820, 2832, 2840, 5998, 2.130, 290.40, -11.50, 2.132, 290.17, -11.64, 0.010, 205.90, -32.49);
insert into SHOT values (2821, 2832, 2841, 5998, 2.630, 34.50, 2.60, 2.621, 34.42, 2.41, 0.013, 237.25, -43.96);
insert into SHOT values (2822, 2832, 2842, 5998, 3.240, 21.50, 3.90, 3.231, 21.47, 3.90, 0.009, 211.91, -2.37);
insert into SHOT values (2823, 2832, 2843, 5998, 0.760, 30.70, 41.00, 0.751, 30.62, 40.71, 0.010, 221.62, -63.60);
insert into SHOT values (2824, 2832, 2844, 5998, 0.600, 136.30, 0.00, 0.601, 137.02, 0.00, 0.008, 216.06, 0.00);
insert into SHOT values (2825, 2832, 2845, 5998, 1.200, 316.30, 0.00, 1.195, 316.02, 0.00, 0.008, 187.10, 0.00);
insert into SHOT values (2826, 2832, 2846, 5998, 0.100, 0.00, 90.00, 0.100, 90.00, 90.00, 0.000, 0.00, 76.14);
insert into SHOT values (2827, 2832, 2847, 5998, 0.600, 0.00, -90.00, 0.600, 90.00, -90.00, 0.000, 0.00, -34.57);
insert into SHOT values (2828, 2832, 2848, 5998, 6.050, 226.30, 13.00, 6.060, 226.30, 12.97, 0.011, 228.20, -4.98);
insert into SHOT values (2829, 2848, 2849, 5998, 1.500, 61.50, 0.00, 1.504, 61.39, 0.00, 0.005, 22.60, 0.00);
insert into SHOT values (2830, 2848, 2850, 5998, 1.200, 241.50, 0.00, 1.195, 241.50, 0.00, 0.005, 60.51, 0.00);
insert into SHOT values (2831, 2848, 2851, 5998, 1.600, 0.00, 90.00, 1.600, 90.00, 90.00, 0.000, 0.00, 13.41);
insert into SHOT values (2832, 2848, 2852, 5998, 0.400, 0.00, -90.00, 0.400, 90.00, -90.00, 0.000, 0.00, 45.94);
insert into SHOT values (2833, 2848, 2853, 5998, 3.350, 151.50, 9.50, 3.348, 151.42, 9.46, 0.006, 43.22, -30.07);
insert into SHOT values (2834, 2853, 2854, 5998, 2.000, 132.60, 0.00, 1.996, 132.56, 0.00, 0.004, 329.68, 0.00);
insert into SHOT values (2835, 2853, 2855, 5998, 1.500, 312.60, 0.00, 1.493, 312.56, 0.00, 0.007, 142.04, 0.00);
insert into SHOT values (2836, 2853, 2856, 5998, 0.300, 0.00, 90.00, 0.300, 90.00, 90.00, 0.000, 0.00, 76.23);
insert into SHOT values (2837, 2853, 2857, 5998, 0.000, 0.00, -90.00, 0.000, 90.00, 0.00, 0.000, 90.00, 0.00);
insert into SHOT values (2838, 2853, 2858, 5998, 6.200, 222.60, 5.80, 6.197, 222.57, 5.84, 0.006, 85.13, 33.74);
insert into SHOT values (2839, 2858, 2859, 5998, 2.000, 184.10, 0.00, 2.006, 184.29, 0.00, 0.009, 233.85, 0.00);
insert into SHOT values (2840, 2858, 2860, 5998, 0.500, 4.10, 0.00, 0.501, 3.43, 0.00, 0.006, 282.55, 0.00);
insert into SHOT values (2841, 2858, 2861, 5998, 0.000, 0.00, 90.00, 0.000, 90.00, 0.00, 0.000, 90.00, 0.00);
insert into SHOT values (2842, 2858, 2862, 5998, 0.350, 0.00, -90.00, 0.350, 90.00, -90.00, 0.000, 0.00, -49.75);
insert into SHOT values (2843, 2858, 2863, 5998, 3.130, 274.10, 3.60, 3.134, 274.03, 3.48, 0.008, 231.27, -50.71);
insert into SHOT values (2844, 2832, 2864, 5998, 1.500, 233.80, 0.00, 1.502, 233.66, 0.00, 0.004, 173.86, 0.00);
insert into SHOT values (2845, 2832, 2865, 5998, 0.200, 53.80, 0.00, 0.194, 55.49, 0.00, 0.008, 189.73, 0.00);
insert into SHOT values (2846, 2832, 2866, 5998, 1.000, 0.00, 90.00, 1.000, 90.00, 90.00, 0.000, 0.00, 0.00);
insert into SHOT values (2847, 2832, 2867, 5998, 0.200, 0.00, -90.00, 0.200, 90.00, -90.00, 0.000, 0.00, -76.14);
insert into SHOT values (2848, 2832, 2868, 5998, 8.830, 323.80, -20.90, 9.192, 322.52, -20.77, 0.409, 294.52, -15.62);
insert into SHOT values (2849, 2868, 2869, 5998, 0.500, 122.30, 0.00, 0.494, 121.76, 0.00, 0.008, 339.87, 0.00);
insert into SHOT values (2850, 2868, 2870, 5998, 1.000, 302.30, 0.00, 1.007, 302.43, 0.00, 0.007, 320.00, 0.00);
insert into SHOT values (2851, 2868, 2871, 5998, 0.000, 0.00, 90.00, 0.000, 90.00, 0.00, 0.000, 90.00, 0.00);
insert into SHOT values (2852, 2868, 2872, 5998, 0.440, 0.00, -90.00, 0.440, 90.00, -90.00, 0.000, 0.00, 55.98);
insert into SHOT values (2853, 2868, 2873, 5998, 3.160, 212.30, 11.70, 3.233, 211.58, 11.42, 0.085, 184.42, -0.55);
insert into SHOT values (2854, 2873, 2874, 5998, 1.390, 140.50, 0.00, 1.385, 140.57, 0.00, 0.005, 301.66, 0.00);
insert into SHOT values (2855, 2873, 2875, 5998, 0.250, 320.50, 0.00, 0.256, 321.34, 0.00, 0.007, 352.13, 0.00);
insert into SHOT values (2856, 2873, 2876, 5998, 0.200, 0.00, 90.00, 0.200, 90.00, 90.00, 0.000, 0.00, 76.14);
insert into SHOT values (2857, 2873, 2877, 5998, 0.900, 0.00, -90.00, 0.900, 90.00, -90.00, 0.000, 0.00, 24.67);
insert into SHOT values (2858, 2873, 2878, 5998, 6.230, 230.50, 0.20, 6.277, 229.46, 0.09, 0.124, 162.40, -5.45);
insert into SHOT values (2859, 2878, 2879, 5998, 2.000, 94.80, 0.00, 1.997, 94.88, 0.00, 0.004, 228.47, 0.00);
insert into SHOT values (2860, 2878, 2880, 5998, 1.500, 274.80, 0.00, 1.506, 274.95, 0.00, 0.007, 310.44, 0.00);
insert into SHOT values (2861, 2878, 2881, 5998, 0.300, 0.00, 90.00, 0.300, 90.00, 90.00, 0.000, 0.00, -69.70);
insert into SHOT values (2862, 2878, 2882, 5998, 0.050, 0.00, -90.00, 0.050, 90.00, -90.00, 0.000, 0.00, -87.65);
insert into SHOT values (2863, 2878, 2883, 5998, 2.270, 184.80, 8.10, 2.381, 184.62, 7.97, 0.111, 181.01, 5.25);
insert into SHOT values (2864, 2883, 2884, 5998, 1.500, 148.60, 0.00, 1.499, 148.64, 0.00, 0.002, 282.16, 0.00);
insert into SHOT values (2865, 2883, 2885, 5998, 2.000, 328.60, 0.00, 2.001, 328.69, 0.00, 0.004, 34.86, 0.00);
insert into SHOT values (2866, 2883, 2886, 5998, 0.600, 0.00, 90.00, 0.600, 90.00, 90.00, 0.000, 0.00, 34.57);
insert into SHOT values (2867, 2883, 2887, 5998, 0.000, 0.00, -90.00, 0.000, 90.00, 0.00, 0.000, 90.00, 0.00);
insert into SHOT values (2868, 2883, 2888, 5998, 5.650, 238.60, 21.70, 5.677, 237.60, 21.49, 0.098, 167.64, -5.33);
insert into SHOT values (2869, 2888, 2889, 5998, 4.000, 164.20, 0.00, 4.001, 164.19, 0.00, 0.001, 142.07, 0.00);
insert into SHOT values (2870, 2888, 2890, 5998, 2.000, 344.20, 0.00, 2.004, 344.37, 0.00, 0.007, 39.34, 0.00);
insert into SHOT values (2871, 2888, 2891, 5998, 0.000, 0.00, 90.00, 0.000, 90.00, 0.00, 0.000, 90.00, 0.00);
insert into SHOT values (2872, 2888, 2892, 5998, 0.350, 0.00, -90.00, 0.350, 90.00, -90.00, 0.000, 0.00, -49.75);
insert into SHOT values (2873, 2888, 2893, 5998, 2.970, 254.20, 15.70, 2.973, 253.15, 15.61, 0.053, 167.76, -4.00);
insert into SHOT values (2874, 2893, 2894, 5998, 2.000, 158.00, 0.00, 1.996, 157.93, 0.00, 0.004, 10.21, 0.00);
insert into SHOT values (2875, 2893, 2895, 5998, 2.000, 338.00, 0.00, 2.006, 338.04, 0.00, 0.006, 352.05, 0.00);
insert into SHOT values (2876, 2893, 2896, 5998, 0.100, 0.00, 90.00, 0.100, 90.00, 90.00, 0.000, 0.00, -86.49);
insert into SHOT values (2877, 2893, 2897, 5998, 0.400, 0.00, -90.00, 0.400, 90.00, -90.00, 0.000, 0.00, -76.14);
insert into SHOT values (2878, 2893, 2898, 5998, 3.110, 248.00, 7.90, 3.122, 247.17, 7.92, 0.047, 172.36, 3.14);
insert into SHOT values (2879, 2898, 2899, 5998, 2.500, 189.70, 0.00, 2.505, 189.65, 0.00, 0.006, 167.97, 0.00);
insert into SHOT values (2880, 2898, 2900, 5998, 1.250, 9.70, 0.00, 1.248, 9.69, 0.00, 0.002, 196.03, 0.00);
insert into SHOT values (2881, 2898, 2901, 5998, 0.500, 0.00, 90.00, 0.500, 90.00, 90.00, 0.000, 0.00, 0.00);
insert into SHOT values (2882, 2898, 2902, 5998, 0.000, 0.00, -90.00, 0.000, 90.00, 0.00, 0.000, 90.00, 0.00);
insert into SHOT values (2883, 2898, 2903, 5998, 3.200, 279.70, -8.00, 3.148, 278.68, -8.22, 0.077, 145.73, -3.44);
insert into SHOT values (2884, 2903, 2904, 5998, 1.500, 183.30, 0.00, 1.493, 183.46, 0.00, 0.008, 334.06, 0.00);
insert into SHOT values (2885, 2903, 2905, 5998, 2.000, 3.30, 0.00, 2.003, 3.15, 0.00, 0.006, 302.89, 0.00);
insert into SHOT values (2886, 2903, 2906, 5998, 0.400, 0.00, 90.00, 0.400, 90.00, 90.00, 0.000, 0.00, -45.94);
insert into SHOT values (2887, 2903, 2907, 5998, 0.100, 0.00, -90.00, 0.100, 90.00, -90.00, 0.000, 0.00, -76.14);
insert into SHOT values (2888, 2903, 2908, 5998, 2.980, 273.30, 18.30, 2.953, 272.45, 18.36, 0.050, 150.15, -6.58);
insert into SHOT values (2889, 2908, 2909, 5998, 1.200, 128.80, 0.00, 1.203, 128.59, 0.00, 0.005, 68.13, 0.00);
insert into SHOT values (2890, 2908, 2910, 5998, 1.000, 308.80, 0.00, 1.003, 308.93, 0.00, 0.003, 348.97, 0.00);
insert into SHOT values (2891, 2908, 2911, 5998, 0.000, 0.00, 90.00, 0.000, 90.00, 0.00, 0.000, 90.00, 0.00);
insert into SHOT values (2892, 2908, 2912, 5998, 0.700, 0.00, -90.00, 0.700, 90.00, -90.00, 0.000, 0.00, -49.75);
insert into SHOT values (2893, 2908, 2913, 5998, 4.910, 218.80, 7.00, 4.980, 217.94, 6.80, 0.103, 172.35, -4.66);
insert into SHOT values (2894, 2913, 2914, 5998, 1.000, 206.30, 0.00, 0.993, 206.31, 0.00, 0.007, 25.34, 0.00);
insert into SHOT values (2895, 2913, 2915, 5998, 1.000, 26.30, 0.00, 1.002, 26.05, 0.00, 0.005, 318.84, 0.00);
insert into SHOT values (2896, 2913, 2916, 5998, 0.000, 0.00, 90.00, 0.000, 90.00, 0.00, 0.000, 90.00, 0.00);
insert into SHOT values (2897, 2913, 2917, 5998, 0.500, 0.00, -90.00, 0.500, 90.00, -90.00, 0.000, 0.00, 0.00);
insert into SHOT values (2898, 2913, 2918, 5998, 6.670, 296.30, -25.30, 6.664, 296.31, -25.32, 0.006, 106.83, 4.34);
insert into SHOT values (2899, 2918, 2919, 5998, 1.500, 240.50, 0.00, 1.500, 240.87, 0.00, 0.010, 332.65, 0.00);
insert into SHOT values (2900, 2918, 2920, 5998, 1.000, 60.50, 0.00, 1.003, 60.11, 0.00, 0.008, 357.31, 0.00);
insert into SHOT values (2901, 2918, 2921, 5998, 1.800, 0.00, 90.00, 1.800, 90.00, 90.00, 0.000, 0.00, -24.67);
insert into SHOT values (2902, 2918, 2922, 5998, 0.500, 0.00, -90.00, 0.500, 90.00, -90.00, 0.000, 0.00, 0.00);
insert into SHOT values (2903, 2918, 2923, 5998, 3.500, 330.50, -13.70, 3.503, 330.42, -13.70, 0.006, 274.36, -10.84);
insert into SHOT values (2904, 2923, 2924, 5998, 1.000, 231.60, 0.00, 0.996, 231.52, 0.00, 0.004, 72.74, 0.00);
insert into SHOT values (2905, 2923, 2925, 5998, 0.700, 51.60, 0.00, 0.704, 51.34, 0.00, 0.005, 15.23, 0.00);
insert into SHOT values (2906, 2923, 2926, 5998, 0.700, 0.00, 90.00, 0.700, 90.00, 90.00, 0.000, 0.00, -59.92);
insert into SHOT values (2907, 2923, 2927, 5998, 0.100, 0.00, -90.00, 0.100, 90.00, -90.00, 0.000, 0.00, -76.14);
insert into SHOT values (2908, 2923, 2928, 5998, 8.600, 321.60, -15.10, 8.604, 321.60, -15.09, 0.004, 318.87, 4.96);
insert into SHOT values (2909, 2928, 2929, 5998, 1.000, 215.00, 0.00, 0.999, 214.80, 0.00, 0.004, 103.34, 0.00);
insert into SHOT values (2910, 2928, 2930, 5998, 0.900, 35.00, 0.00, 0.904, 35.10, 0.00, 0.005, 53.84, 0.00);
insert into SHOT values (2911, 2928, 2931, 5998, 0.600, 0.00, 90.00, 0.600, 90.00, 90.00, 0.000, 0.00, 34.57);
insert into SHOT values (2912, 2928, 2932, 5998, 0.100, 0.00, -90.00, 0.100, 90.00, -90.00, 0.000, 0.00, -76.14);
insert into SHOT values (2913, 2928, 2933, 5998, 8.390, 305.00, -17.40, 8.383, 305.02, -17.42, 0.009, 104.35, -7.06);
insert into SHOT values (2914, 2933, 2934, 5998, 0.200, 190.00, 0.00, 0.194, 191.89, 0.00, 0.009, 322.87, 0.00);
insert into SHOT values (2915, 2933, 2935, 5998, 1.200, 10.00, 0.00, 1.207, 9.54, 0.00, 0.012, 314.49, 0.00);
insert into SHOT values (2916, 2933, 2936, 5998, 0.500, 0.00, 90.00, 0.500, 90.00, 90.00, 0.000, 0.00, 0.00);
insert into SHOT values (2917, 2933, 2937, 5998, 0.500, 0.00, -90.00, 0.500, 90.00, -90.00, 0.000, 0.00, 0.00);
insert into SHOT values (2918, 2933, 2938, 5998, 5.680, 280.00, -19.20, 5.687, 279.97, -19.20, 0.008, 258.90, -15.05);
insert into SHOT values (2919, 2938, 2939, 5998, 0.800, 241.80, 0.00, 0.792, 242.14, 0.00, 0.009, 32.09, 0.00);
insert into SHOT values (2920, 2938, 2940, 5998, 0.800, 61.80, 0.00, 0.805, 61.84, 0.00, 0.005, 68.43, 0.00);
insert into SHOT values (2921, 2938, 2941, 5998, 0.800, 0.00, 90.00, 0.800, 90.00, 90.00, 0.000, 0.00, 56.49);
insert into SHOT values (2922, 2938, 2942, 5998, 0.000, 0.00, -90.00, 0.000, 90.00, 0.00, 0.000, 90.00, 0.00);
insert into SHOT values (2923, 2938, 2943, 5998, 7.200, 331.80, -6.00, 7.206, 331.86, -5.97, 0.010, 21.68, 14.48);
insert into SHOT values (2924, 2943, 2944, 5998, 0.500, 259.00, 0.00, 0.500, 258.47, 0.00, 0.005, 169.96, 0.00);
insert into SHOT values (2925, 2943, 2945, 5998, 0.300, 79.00, 0.00, 0.294, 80.22, 0.00, 0.009, 211.79, 0.00);
insert into SHOT values (2926, 2943, 2946, 5998, 0.000, 0.00, 90.00, 0.000, 90.00, 0.00, 0.000, 90.00, 0.00);
insert into SHOT values (2927, 2943, 2947, 5998, 0.500, 0.00, -90.00, 0.500, 90.00, -90.00, 0.000, 0.00, 0.00);
insert into SHOT values (2928, 2943, 2948, 5998, 7.140, 349.00, -1.70, 7.134, 349.01, -1.69, 0.006, 162.78, 16.84);
insert into SHOT values (2929, 2948, 2949, 5998, 1.400, 228.70, 0.00, 1.396, 228.78, 0.00, 0.004, 23.85, 0.00);
insert into SHOT values (2930, 2948, 2950, 5998, 0.600, 48.70, 0.00, 0.602, 48.37, 0.00, 0.004, 349.26, 0.00);
insert into SHOT values (2931, 2948, 2951, 5998, 0.400, 0.00, 90.00, 0.400, 90.00, 90.00, 0.000, 0.00, -45.94);
insert into SHOT values (2932, 2948, 2952, 5998, 0.000, 0.00, -90.00, 0.000, 90.00, 0.00, 0.000, 90.00, 0.00);
insert into SHOT values (2933, 2948, 2953, 5998, 5.290, 318.70, -15.10, 5.292, 318.73, -15.12, 0.004, 15.83, -31.51);
insert into SHOT values (2934, 2953, 2954, 5998, 0.200, 239.10, 0.00, 0.206, 240.95, 0.00, 0.009, 287.90, 0.00);
insert into SHOT values (2935, 2953, 2955, 5998, 1.000, 59.10, 0.00, 0.991, 59.04, 0.00, 0.009, 246.29, 0.00);
insert into SHOT values (2936, 2953, 2956, 5998, 0.600, 0.00, 90.00, 0.600, 90.00, 90.00, 0.000, 0.00, -69.70);
insert into SHOT values (2937, 2953, 2957, 5998, 0.600, 0.00, -90.00, 0.600, 90.00, -90.00, 0.000, 0.00, -34.57);
insert into SHOT values (2938, 2953, 2958, 5998, 9.390, 329.10, -12.30, 9.392, 329.05, -12.29, 0.009, 255.05, 2.30);
insert into SHOT values (2939, 2958, 2959, 5998, 0.800, 233.50, 0.00, 0.800, 233.13, 0.00, 0.005, 143.32, 0.00);
insert into SHOT values (2940, 2958, 2960, 5998, 1.000, 53.50, 0.00, 1.008, 53.47, 0.00, 0.008, 49.88, 0.00);
insert into SHOT values (2941, 2958, 2961, 5998, 0.200, 0.00, 90.00, 0.200, 90.00, 90.00, 0.000, 0.00, -80.72);
insert into SHOT values (2942, 2958, 2962, 5998, 0.300, 0.00, -90.00, 0.300, 90.00, -90.00, 0.000, 0.00, -76.23);
insert into SHOT values (2943, 2958, 2963, 5998, 3.190, 323.50, -19.50, 3.186, 323.66, -19.44, 0.010, 72.17, 28.07);
insert into SHOT values (2944, 2963, 2964, 5998, 0.800, 268.20, 0.00, 0.801, 267.85, 0.00, 0.005, 184.63, 0.00);
insert into SHOT values (2945, 2963, 2965, 5998, 1.000, 88.20, 0.00, 1.000, 88.28, 0.00, 0.001, 160.72, 0.00);
insert into SHOT values (2946, 2963, 2966, 5998, 0.500, 0.00, 90.00, 0.500, 90.00, 90.00, 0.000, 0.00, 0.00);
insert into SHOT values (2947, 2963, 2967, 5998, 0.100, 0.00, -90.00, 0.100, 90.00, -90.00, 0.000, 0.00, -76.14);
insert into SHOT values (2948, 2963, 2968, 5998, 11.200, 358.20, -22.50, 11.199, 358.17, -22.52, 0.007, 244.78, -35.64);
insert into SHOT values (2949, 2968, 2969, 5998, 1.000, 246.50, 0.00, 1.003, 246.50, 0.00, 0.003, 246.95, 0.00);
insert into SHOT values (2950, 2968, 2970, 5998, 0.200, 66.50, 0.00, 0.197, 66.04, 0.00, 0.003, 274.19, 0.00);
insert into SHOT values (2951, 2968, 2971, 5998, 0.600, 0.00, 90.00, 0.600, 90.00, 90.00, 0.000, 0.00, 34.57);
insert into SHOT values (2952, 2968, 2972, 5998, 0.400, 0.00, -90.00, 0.400, 90.00, -90.00, 0.000, 0.00, 45.94);
insert into SHOT values (2953, 2968, 2973, 5998, 4.970, 336.50, -9.50, 4.972, 336.57, -9.49, 0.007, 44.29, 2.49);
insert into SHOT values (2954, 2973, 2974, 5998, 1.200, 209.50, 0.00, 1.204, 209.33, 0.00, 0.006, 170.74, 0.00);
insert into SHOT values (2955, 2973, 2975, 5998, 0.600, 29.50, 0.00, 0.595, 29.15, 0.00, 0.006, 247.91, 0.00);
insert into SHOT values (2956, 2973, 2976, 5998, 0.600, 0.00, 90.00, 0.600, 90.00, 90.00, 0.000, 0.00, 76.23);
insert into SHOT values (2957, 2973, 2977, 5998, 0.000, 0.00, -90.00, 0.000, 90.00, 0.00, 0.000, 90.00, 0.00);
insert into SHOT values (2958, 2973, 2978, 5998, 8.390, 299.50, -16.90, 8.391, 299.47, -16.90, 0.004, 225.60, -13.19);
insert into SHOT values (2959, 2978, 2979, 5998, 0.800, 234.00, 0.00, 0.802, 234.13, 0.00, 0.003, 274.68, 0.00);
insert into SHOT values (2960, 2978, 2980, 5998, 0.600, 54.00, 0.00, 0.602, 54.46, 0.00, 0.005, 120.20, 0.00);
insert into SHOT values (2961, 2978, 2981, 5998, 0.600, 0.00, 90.00, 0.600, 90.00, 90.00, 0.000, 0.00, 76.23);
insert into SHOT values (2962, 2978, 2982, 5998, 0.000, 0.00, -90.00, 0.000, 90.00, 0.00, 0.000, 90.00, 0.00);
insert into SHOT values (2963, 2978, 2983, 5998, 8.690, 324.00, -13.50, 8.687, 323.96, -13.51, 0.007, 208.21, -11.10);
insert into SHOT values (2964, 2983, 2984, 5998, 1.000, 253.80, 0.00, 0.997, 254.29, 0.00, 0.009, 1.87, 0.00);
insert into SHOT values (2965, 2983, 2985, 5998, 1.800, 73.80, 0.00, 1.804, 73.57, 0.00, 0.008, 10.66, 0.00);
insert into SHOT values (2966, 2983, 2986, 5998, 0.300, 0.00, 90.00, 0.300, 90.00, 90.00, 0.000, 0.00, 84.74);
insert into SHOT values (2967, 2983, 2987, 5998, 0.400, 0.00, -90.00, 0.400, 90.00, -90.00, 0.000, 0.00, 80.72);
insert into SHOT values (2968, 2983, 2988, 5998, 3.690, 343.80, -11.00, 3.691, 343.82, -10.93, 0.004, 19.16, 67.23);
insert into SHOT values (2969, 2988, 2989, 5998, 0.600, 200.20, 0.00, 0.595, 199.65, 0.00, 0.008, 66.67, 0.00);
insert into SHOT values (2970, 2988, 2990, 5998, 0.800, 20.20, 0.00, 0.801, 20.47, 0.00, 0.004, 101.93, 0.00);
insert into SHOT values (2971, 2988, 2991, 5998, 0.200, 0.00, 90.00, 0.200, 90.00, 90.00, 0.000, 0.00, -86.49);
insert into SHOT values (2972, 2988, 2992, 5998, 0.400, 0.00, -90.00, 0.400, 90.00, -90.00, 0.000, 0.00, -76.14);
insert into SHOT values (2973, 2988, 2993, 5998, 4.070, 290.20, -10.40, 4.067, 290.34, -10.48, 0.012, 41.84, -27.02);
insert into SHOT values (2974, 2993, 2994, 5998, 0.600, 225.90, 0.00, 0.608, 226.33, 0.00, 0.009, 254.96, 0.00);
insert into SHOT values (2975, 2993, 2995, 5998, 0.800, 45.90, 0.00, 0.792, 46.02, 0.00, 0.008, 213.77, 0.00);
insert into SHOT values (2976, 2993, 2996, 5998, 0.000, 0.00, 90.00, 0.000, 90.00, 0.00, 0.000, 90.00, 0.00);
insert into SHOT values (2977, 2993, 2997, 5998, 0.400, 0.00, -90.00, 0.400, 90.00, -90.00, 0.000, 0.00, 80.72);
insert into SHOT values (2978, 2993, 2998, 5998, 4.760, 315.90, -12.40, 4.757, 315.78, -12.38, 0.010, 208.98, 12.36);
insert into SHOT values (2979, 2998, 2999, 5998, 0.000, 209.60, 0.00, 0.000, 90.00, 0.00, 0.000, 90.00, 0.00);
insert into SHOT values (2980, 2998, 3000, 5998, 1.000, 29.60, 0.00, 0.998, 29.39, 0.00, 0.004, 277.30, 0.00);
insert into SHOT values (2981, 2998, 3001, 5998, 0.800, 0.00, 90.00, 0.800, 90.00, 90.00, 0.000, 0.00, -45.94);
insert into SHOT values (2982, 2998, 3002, 5998, 0.200, 0.00, -90.00, 0.200, 90.00, -90.00, 0.000, 0.00, -76.14);
insert into SHOT values (2983, 2998, 3003, 5998, 9.060, 299.60, -11.00, 9.061, 299.65, -11.01, 0.008, 22.13, -9.40);
insert into SHOT values (2984, 2913, 3004, 5998, 0.400, 54.90, 0.00, 0.402, 55.12, 0.00, 0.003, 90.04, 0.00);
insert into SHOT values (2985, 2913, 3005, 5998, 1.000, 234.90, 0.00, 0.999, 235.20, 0.00, 0.005, 339.71, 0.00);
insert into SHOT values (2986, 2913, 3006, 5998, 0.600, 0.00, 90.00, 0.600, 90.00, 90.00, 0.000, 0.00, -69.70);
insert into SHOT values (2987, 2913, 3007, 5998, 0.300, 0.00, -90.00, 0.300, 90.00, -90.00, 0.000, 0.00, -76.23);
insert into SHOT values (2988, 2913, 3008, 5998, 2.500, 144.90, 11.30, 2.606, 145.19, 11.06, 0.107, 151.89, 5.42);
insert into SHOT values (2989, 3008, 3009, 5998, 1.000, 67.30, 0.00, 0.999, 67.03, 0.00, 0.005, 328.20, 0.00);
insert into SHOT values (2990, 3008, 3010, 5998, 0.500, 247.30, 0.00, 0.498, 247.56, 0.00, 0.003, 23.26, 0.00);
insert into SHOT values (2991, 3008, 3011, 5998, 0.400, 0.00, 90.00, 0.400, 90.00, 90.00, 0.000, 0.00, -45.94);
insert into SHOT values (2992, 3008, 3012, 5998, 0.400, 0.00, -90.00, 0.400, 90.00, -90.00, 0.000, 0.00, -76.14);
insert into SHOT values (2993, 3008, 3013, 5998, 5.010, 157.30, 20.40, 5.103, 157.44, 19.94, 0.102, 164.12, -3.57);
insert into SHOT values (2994, 3013, 3014, 5998, 0.800, 53.60, 0.00, 0.794, 53.71, 0.00, 0.006, 219.58, 0.00);
insert into SHOT values (2995, 3013, 3015, 5998, 0.800, 233.60, 0.00, 0.800, 233.13, 0.00, 0.007, 143.37, 0.00);
insert into SHOT values (2996, 3013, 3016, 5998, 0.700, 0.00, 90.00, 0.700, 90.00, 90.00, 0.000, 0.00, 49.75);
insert into SHOT values (2997, 3013, 3017, 5998, 0.300, 0.00, -90.00, 0.300, 90.00, -90.00, 0.000, 0.00, 69.70);
insert into SHOT values (2998, 3013, 3018, 5998, 4.880, 143.60, 16.50, 4.980, 144.02, 16.21, 0.109, 162.19, 2.10);
insert into SHOT values (2999, 3018, 3019, 5998, 0.500, 36.30, 0.00, 0.500, 36.87, 0.00, 0.005, 126.58, 0.00);
insert into SHOT values (3000, 3018, 3020, 5998, 1.000, 216.30, 0.00, 1.002, 216.07, 0.00, 0.005, 153.69, 0.00);
insert into SHOT values (3001, 3018, 3021, 5998, 0.500, 0.00, 90.00, 0.500, 90.00, 90.00, 0.000, 0.00, 0.00);
insert into SHOT values (3002, 3018, 3022, 5998, 0.300, 0.00, -90.00, 0.300, 90.00, -90.00, 0.000, 0.00, 69.70);
insert into SHOT values (3003, 3018, 3023, 5998, 3.380, 126.30, 23.70, 3.461, 126.94, 23.32, 0.091, 149.56, 7.21);
insert into SHOT values (3004, 3023, 3024, 5998, 0.700, 83.60, 0.00, 0.695, 83.39, 0.00, 0.006, 289.28, 0.00);
insert into SHOT values (3005, 3023, 3025, 5998, 1.200, 263.60, 0.00, 1.197, 263.77, 0.00, 0.005, 33.83, 0.00);
insert into SHOT values (3006, 3023, 3026, 5998, 0.100, 0.00, 90.00, 0.100, 90.00, 90.00, 0.000, 0.00, -86.49);
insert into SHOT values (3007, 3023, 3027, 5998, 0.400, 0.00, -90.00, 0.400, 90.00, -90.00, 0.000, 0.00, -76.14);
insert into SHOT values (3008, 3023, 3028, 5998, 6.130, 173.60, 19.20, 6.228, 173.48, 18.73, 0.111, 167.01, -8.26);
insert into SHOT values (3009, 3028, 3029, 5998, 1.000, 95.60, 0.00, 1.005, 95.71, 0.00, 0.005, 116.86, 0.00);
insert into SHOT values (3010, 3028, 3030, 5998, 1.500, 275.60, 0.00, 1.498, 275.75, 0.00, 0.005, 38.08, 0.00);
insert into SHOT values (3011, 3028, 3031, 5998, 0.600, 0.00, 90.00, 0.600, 90.00, 90.00, 0.000, 0.00, -69.70);
insert into SHOT values (3012, 3028, 3032, 5998, 0.000, 0.00, -90.00, 0.000, 90.00, 0.00, 0.000, 90.00, 0.00);
insert into SHOT values (3013, 3028, 3033, 5998, 6.080, 185.60, 10.60, 6.185, 185.19, 10.34, 0.117, 163.54, -4.12);
insert into SHOT values (3014, 3033, 3034, 5998, 0.700, 38.00, 0.00, 0.698, 38.02, 0.00, 0.002, 210.92, 0.00);
insert into SHOT values (3015, 3033, 3035, 5998, 0.400, 218.00, 0.00, 0.398, 218.88, 0.00, 0.006, 324.33, 0.00);
insert into SHOT values (3016, 3033, 3036, 5998, 0.400, 0.00, 90.00, 0.400, 90.00, 90.00, 0.000, 0.00, -45.94);
insert into SHOT values (3017, 3033, 3037, 5998, 0.200, 0.00, -90.00, 0.200, 90.00, -90.00, 0.000, 0.00, -76.14);
insert into SHOT values (3018, 3033, 3038, 5998, 2.550, 128.00, 23.90, 2.624, 128.59, 23.58, 0.079, 146.46, 12.28);
insert into SHOT values (3019, 3038, 3039, 5998, 0.700, 7.50, 0.00, 0.696, 7.43, 0.00, 0.004, 198.84, 0.00);
insert into SHOT values (3020, 3038, 3040, 5998, 0.400, 187.50, 0.00, 0.403, 187.13, 0.00, 0.004, 147.14, 0.00);
insert into SHOT values (3021, 3038, 3041, 5998, 0.200, 0.00, 90.00, 0.200, 90.00, 90.00, 0.000, 0.00, 76.14);
insert into SHOT values (3022, 3038, 3042, 5998, 0.300, 0.00, -90.00, 0.300, 90.00, -90.00, 0.000, 0.00, 69.70);
insert into SHOT values (3023, 3038, 3043, 5998, 2.620, 97.50, 21.30, 2.657, 98.59, 21.18, 0.060, 149.84, 7.93);
insert into SHOT values (3024, 3043, 3044, 5998, 0.200, 331.70, 0.00, 0.201, 333.43, 0.00, 0.006, 50.98, 0.00);
insert into SHOT values (3025, 3043, 3045, 5998, 0.600, 151.70, 0.00, 0.604, 151.31, 0.00, 0.006, 107.17, 0.00);
insert into SHOT values (3026, 3043, 3046, 5998, 0.700, 0.00, 90.00, 0.700, 90.00, 90.00, 0.000, 0.00, 49.75);
insert into SHOT values (3027, 3043, 3047, 5998, 0.100, 0.00, -90.00, 0.100, 90.00, -90.00, 0.000, 0.00, -76.14);
insert into SHOT values (3028, 3043, 3048, 5998, 2.820, 61.70, 20.90, 2.793, 62.65, 20.76, 0.052, 179.51, -18.10);
insert into SHOT values (3029, 3048, 3049, 5998, 0.800, 316.50, 0.00, 0.799, 316.52, 0.00, 0.001, 113.66, 0.00);
insert into SHOT values (3030, 3048, 3050, 5998, 0.000, 136.50, 0.00, 0.000, 90.00, 0.00, 0.000, 90.00, 0.00);
insert into SHOT values (3031, 3048, 3051, 5998, 0.400, 0.00, 90.00, 0.400, 90.00, 90.00, 0.000, 0.00, -45.94);
insert into SHOT values (3032, 3048, 3052, 5998, 0.300, 0.00, -90.00, 0.300, 90.00, -90.00, 0.000, 0.00, -76.23);
insert into SHOT values (3033, 3048, 3053, 5998, 2.200, 46.50, 31.20, 2.148, 47.43, 31.42, 0.061, 195.17, -18.92);
insert into SHOT values (3034, 3053, 3054, 5998, 0.800, 37.20, 0.00, 0.798, 37.87, 0.00, 0.010, 138.82, 0.00);
insert into SHOT values (3035, 3053, 3055, 5998, 0.000, 217.20, 0.00, 0.000, 90.00, 0.00, 0.000, 90.00, 0.00);
insert into SHOT values (3036, 3053, 3056, 5998, 0.300, 0.00, 90.00, 0.300, 90.00, 90.00, 0.000, 0.00, 34.57);
insert into SHOT values (3037, 3053, 3057, 5998, 0.400, 0.00, -90.00, 0.400, 90.00, -90.00, 0.000, 0.00, 45.94);
insert into SHOT values (3038, 3053, 3058, 5998, 1.960, 127.20, 26.30, 2.042, 127.93, 25.83, 0.087, 143.31, 14.35);
insert into SHOT values (3039, 3058, 3059, 5998, 0.800, 11.40, 0.00, 0.806, 11.45, 0.00, 0.006, 17.96, 0.00);
insert into SHOT values (3040, 3058, 3060, 5998, 0.000, 191.40, 0.00, 0.000, 90.00, 0.00, 0.000, 90.00, 0.00);
insert into SHOT values (3041, 3058, 3061, 5998, 0.300, 0.00, 90.00, 0.300, 90.00, 90.00, 0.000, 0.00, 34.57);
insert into SHOT values (3042, 3058, 3062, 5998, 0.400, 0.00, -90.00, 0.400, 90.00, -90.00, 0.000, 0.00, -56.49);
insert into SHOT values (3043, 3058, 3063, 5998, 1.850, 101.40, 15.40, 1.899, 102.29, 15.27, 0.057, 132.00, 8.85);
insert into SHOT values (3044, 3063, 3064, 5998, 2.710, 67.10, -2.80, 2.687, 68.12, -2.99, 0.054, 183.69, -8.12);
insert into SHOT values (3045, 3064, 3065, 5998, 4.380, 142.80, 27.50, 4.473, 143.16, 26.99, 0.104, 156.71, 4.15);
insert into SHOT values (3046, 3065, 3066, 5998, 5.280, 205.50, 13.40, 5.366, 204.90, 13.14, 0.105, 173.85, -1.99);
insert into SHOT values (3047, 2868, 3067, 5998, 4.480, 38.70, 5.10, 4.547, 34.67, 4.04, 0.334, 319.69, -13.55);
insert into SHOT values (3048, 3067, 3068, 5998, 1.100, 272.50, 0.00, 1.101, 272.08, 0.00, 0.008, 187.47, 0.00);
insert into SHOT values (3049, 3067, 3069, 5998, 0.300, 92.50, 0.00, 0.301, 93.81, 0.00, 0.007, 177.64, 0.00);
insert into SHOT values (3050, 3067, 3070, 5998, 0.300, 0.00, 90.00, 0.300, 90.00, 90.00, 0.000, 0.00, 76.23);
insert into SHOT values (3051, 3067, 3071, 5998, 0.800, 0.00, -90.00, 0.800, 90.00, -90.00, 0.000, 0.00, 45.94);
insert into SHOT values (3052, 3067, 3072, 5998, 3.110, 2.50, -8.70, 3.434, 359.83, -9.22, 0.359, 335.67, -12.82);
insert into SHOT values (3053, 3072, 3073, 5998, 1.000, 252.50, 0.00, 0.996, 252.47, 0.00, 0.004, 79.25, 0.00);
insert into SHOT values (3054, 3072, 3074, 5998, 1.000, 72.50, 0.00, 0.996, 72.47, 0.00, 0.004, 259.25, 0.00);
insert into SHOT values (3055, 3072, 3075, 5998, 0.000, 0.00, 90.00, 0.000, 90.00, 0.00, 0.000, 90.00, 0.00);
insert into SHOT values (3056, 3072, 3076, 5998, 0.600, 0.00, -90.00, 0.600, 90.00, -90.00, 0.000, 0.00, -34.57);
insert into SHOT values (3057, 3072, 3077, 5998, 3.790, 342.50, -11.90, 4.207, 340.99, -12.07, 0.430, 327.51, -13.24);
insert into SHOT values (3058, 3077, 3078, 5998, 4.340, 43.70, 0.90, 4.369, 39.52, -0.13, 0.328, 316.86, -13.77);
insert into SHOT values (3059, 3077, 3079, 5998, 1.500, 313.70, 0.00, 1.507, 313.66, 0.00, 0.007, 303.52, 0.00);
insert into SHOT values (3060, 3077, 3080, 5998, 1.500, 133.70, 0.00, 1.492, 133.64, 0.00, 0.008, 324.86, 0.00);
insert into SHOT values (3061, 3077, 3081, 5998, 0.600, 0.00, 90.00, 0.600, 90.00, 90.00, 0.000, 0.00, 34.57);
insert into SHOT values (3062, 3077, 3082, 5998, 0.400, 0.00, -90.00, 0.400, 90.00, -90.00, 0.000, 0.00, 45.94);
insert into SHOT values (3063, 3078, 3083, 5998, 4.700, 0.80, -6.20, 5.039, 358.05, -6.84, 0.414, 324.35, -12.90);
insert into SHOT values (3064, 3083, 3084, 5998, 14.310, 342.20, -21.00, 14.755, 338.66, -20.18, 0.974, 280.66, 2.25);
insert into SCRAPS values (5999, 5996, 'GalerieDesLombrics-1p', 1, 7.14457, 0.71188);
 insert into SCRAPS values (6066, 5996, 'GalerieDesLombrics-2p', 1, 66.98923, 0.93591);
 insert into SCRAPS values (6106, 5996, 'GalerieDesLombrics-3p', 1, 95.42303, 2.41589);
 insert into MAPS values (6179, 5996, 'm-all-p', NULL, 1, 293.510, -46.200);
 insert into MAPITEMS values (6179, 4, 5999);
 insert into MAPITEMS values (6179, 4, 6066);
 insert into MAPITEMS values (6179, 4, 6106);
 insert into SCRAPS values (6182, 5996, 'GalerieDesLombrics-1e', 2, 33.39294, 3.03422);
 insert into SCRAPS values (6363, 5996, 'GalerieDesLombrics-3e', 2, 31.14346, 0.87203);
 insert into SCRAPS values (6454, 5996, 'GalerieDesLombrics-2e', 2, 0.73015, 0.00966);
 insert into MAPS values (6588, 5996, 'm-all-e', NULL, 2, 293.510, -46.200);
 insert into MAPITEMS values (6588, 4, 6182);
 insert into MAPITEMS values (6588, 4, 6454);
 insert into SURVEY values (6590, 18, 'PincemiBoucle', 'PincemiBoucle.CuevaPirates', 'PincemiBoucle');
 insert into CENTRELINE values (6591, 6590, NULL, NULL, NULL, 0.00, 0.00, 0.00);
 insert into CENTRELINE values (6592, 6590, NULL, '2023-02-25', '2023-02-25', 138.75, 0.00, 0.00);
 insert into TOPO values (11, 6592);
 insert into TOPO values (23, 6592);
 insert into TOPO values (17, 6592);
 insert into EXPLO values (10, 6592);
 insert into SHOT values (3065, 3085, 3086, 6592, 7.440, 283.60, -24.00, 7.436, 283.63, -24.04, 0.008, 73.89, -31.00);
insert into SHOT values (3066, 3085, 3087, 6592, 4.240, 97.70, -39.60, 4.158, 97.54, -42.89, 0.255, 279.84, -29.97);
insert into SHOT values (3067, 3087, 3088, 6592, 0.810, 348.70, -1.30, 0.816, 348.69, -1.40, 0.006, 347.36, -15.01);
insert into SHOT values (3068, 3087, 3089, 6592, 0.600, 46.10, 72.70, 0.599, 45.00, 72.12, 0.007, 12.88, -23.91);
insert into SHOT values (3069, 3087, 3090, 6592, 0.390, 88.60, 6.80, 0.392, 88.53, 5.85, 0.007, 79.33, -64.78);
insert into SHOT values (3070, 3087, 3091, 6592, 1.180, 45.60, -3.40, 1.183, 45.34, -3.39, 0.006, 344.76, -0.17);
insert into SHOT values (3071, 3087, 3092, 6592, 2.710, 21.70, -23.70, 2.715, 21.72, -23.67, 0.005, 29.50, -8.11);
insert into SHOT values (3072, 3087, 3093, 6592, 1.380, 33.50, -28.20, 1.387, 33.30, -28.41, 0.010, 347.76, -52.88);
insert into SHOT values (3073, 3087, 3094, 6592, 1.000, 260.60, 51.80, 0.995, 260.69, 51.60, 0.006, 5.95, -80.24);
insert into SHOT values (3074, 3087, 3095, 6592, 0.630, 274.50, 6.20, 0.625, 274.61, 5.51, 0.009, 78.90, -60.94);
insert into SHOT values (3075, 3087, 3096, 6592, 1.530, 319.00, 20.10, 1.530, 319.23, 19.86, 0.008, 25.11, -43.04);
insert into SHOT values (3076, 3087, 3097, 6592, 1.860, 292.40, 29.50, 1.861, 292.46, 29.28, 0.007, 313.31, -52.59);
insert into SHOT values (3077, 3087, 3098, 6592, 3.440, 7.20, -36.50, 3.584, 4.66, -37.87, 0.208, 303.29, -47.80);
insert into SHOT values (3078, 3098, 3099, 6592, 0.850, 253.90, -11.50, 0.850, 253.96, -11.54, 0.001, 15.19, -27.75);
insert into SHOT values (3079, 3098, 3100, 6592, 1.320, 250.70, -53.90, 1.327, 250.64, -53.76, 0.007, 243.73, -27.42);
insert into SHOT values (3080, 3098, 3101, 6592, 1.880, 289.90, -46.50, 1.887, 289.83, -46.57, 0.007, 261.25, -63.03);
insert into SHOT values (3081, 3098, 3102, 6592, 1.850, 329.40, -38.50, 1.859, 329.37, -38.61, 0.010, 321.71, -59.91);
insert into SHOT values (3082, 3098, 3103, 6592, 1.120, 318.40, -58.30, 1.126, 318.45, -58.51, 0.007, 97.73, -83.99);
insert into SHOT values (3083, 3098, 3104, 6592, 0.440, 167.30, -46.80, 0.443, 168.31, -48.10, 0.012, 301.64, -51.72);
insert into SHOT values (3084, 3098, 3105, 6592, 0.580, 123.10, 35.70, 0.573, 123.69, 35.15, 0.010, 238.69, -57.66);
insert into SHOT values (3085, 3098, 3106, 6592, 0.670, 213.40, 69.80, 0.661, 214.38, 69.63, 0.010, 319.89, -64.95);
insert into SHOT values (3086, 3098, 3107, 6592, 3.530, 317.70, -43.60, 3.533, 317.70, -43.68, 0.006, 149.23, -81.34);
insert into SHOT values (3087, 3098, 3108, 6592, 3.520, 314.40, -38.10, 3.527, 314.42, -38.18, 0.008, 334.87, -75.18);
insert into SHOT values (3088, 3098, 3109, 6592, 3.330, 320.90, -39.10, 3.333, 320.96, -39.06, 0.005, 357.64, 1.91);
insert into SHOT values (3089, 3098, 3110, 6592, 1.710, 296.40, -38.80, 1.719, 296.18, -38.93, 0.011, 248.00, -51.33);
insert into SHOT values (3090, 3098, 3111, 6592, 2.720, 301.40, -45.70, 2.722, 301.43, -45.77, 0.004, 80.67, -65.64);
insert into SHOT values (3091, 3098, 3112, 6592, 4.220, 312.50, -38.90, 4.220, 312.53, -38.90, 0.002, 47.65, 0.13);
insert into SHOT values (3092, 3098, 3113, 6592, 3.880, 312.70, -38.40, 4.221, 311.32, -38.54, 0.350, 295.67, -38.94);
insert into SHOT values (3093, 3113, 3114, 6592, 1.480, 178.80, 19.80, 1.477, 178.76, 19.78, 0.003, 20.86, -29.52);
insert into SHOT values (3094, 3113, 3115, 6592, 0.840, 217.80, -22.20, 0.834, 217.61, -22.57, 0.008, 55.86, -17.95);
insert into SHOT values (3095, 3113, 3116, 6592, 1.600, 202.40, -76.40, 1.605, 201.80, -76.42, 0.006, 122.67, -50.54);
insert into SHOT values (3096, 3113, 3117, 6592, 0.970, 283.10, -48.10, 0.968, 283.39, -48.03, 0.004, 16.48, 30.90);
insert into SHOT values (3097, 3113, 3118, 6592, 0.360, 68.00, -8.90, 0.360, 68.50, -9.60, 0.005, 175.89, -53.00);
insert into SHOT values (3098, 3113, 3119, 6592, 0.420, 28.40, -56.50, 0.418, 28.81, -56.89, 0.004, 183.74, 3.39);
insert into SHOT values (3099, 3113, 3120, 6592, 2.790, 256.90, -49.70, 2.787, 256.81, -49.84, 0.008, 97.50, -15.74);
insert into SHOT values (3100, 3113, 3121, 6592, 4.010, 264.30, -48.50, 4.005, 264.38, -48.52, 0.006, 45.48, 30.76);
insert into SHOT values (3101, 3113, 3122, 6592, 1.820, 270.20, -50.20, 1.818, 270.00, -50.36, 0.007, 129.16, -14.99);
insert into SHOT values (3102, 3113, 3123, 6592, 2.860, 265.30, -60.10, 2.860, 265.17, -60.12, 0.003, 164.53, -11.56);
insert into SHOT values (3103, 3113, 3124, 6592, 5.320, 255.10, -50.60, 5.669, 256.04, -49.95, 0.359, 267.57, -39.59);
insert into SHOT values (3104, 3124, 3125, 6592, 0.800, 162.80, 14.80, 0.794, 162.51, 15.34, 0.011, 8.23, 32.20);
insert into SHOT values (3105, 3124, 3126, 6592, 0.670, 132.90, 15.50, 0.676, 132.51, 15.45, 0.007, 94.10, 7.66);
insert into SHOT values (3106, 3124, 3127, 6592, 1.640, 112.10, 44.10, 1.637, 111.98, 44.12, 0.004, 338.81, -21.38);
insert into SHOT values (3107, 3124, 3128, 6592, 0.740, 8.70, 7.10, 0.744, 8.57, 6.95, 0.005, 345.39, -18.97);
insert into SHOT values (3108, 3124, 3129, 6592, 1.260, 330.90, -49.90, 1.256, 331.22, -49.84, 0.006, 79.76, 38.47);
insert into SHOT values (3109, 3124, 3130, 6592, 2.560, 266.60, -58.90, 2.558, 266.96, -58.89, 0.009, 359.99, 13.64);
insert into SHOT values (3110, 3124, 3131, 6592, 2.990, 295.20, -55.70, 3.332, 294.57, -54.72, 0.347, 290.12, -46.16);
insert into SHOT values (3111, 3131, 3132, 6592, 0.620, 204.20, 4.10, 0.615, 204.06, 3.73, 0.007, 40.73, -38.89);
insert into SHOT values (3112, 3131, 3133, 6592, 1.890, 210.50, 14.00, 1.888, 210.48, 13.79, 0.007, 81.97, -83.99);
insert into SHOT values (3113, 3131, 3134, 6592, 0.550, 309.30, 80.50, 0.548, 310.60, 80.31, 0.004, 5.62, -44.32);
insert into SHOT values (3114, 3131, 3135, 6592, 3.400, 146.40, 47.20, 3.395, 146.31, 47.18, 0.006, 21.29, -46.55);
insert into SHOT values (3115, 3131, 3136, 6592, 1.210, 135.40, 19.30, 1.207, 135.36, 19.36, 0.004, 329.33, 1.22);
insert into SHOT values (3116, 3131, 3137, 6592, 0.580, 294.20, 0.30, 0.582, 294.36, 0.00, 0.004, 336.50, -51.09);
insert into SHOT values (3117, 3131, 3138, 6592, 1.620, 25.20, 13.60, 1.615, 25.26, 13.61, 0.005, 185.11, -11.11);
insert into SHOT values (3118, 3131, 3139, 6592, 1.270, 114.40, 37.30, 1.271, 114.54, 37.28, 0.003, 180.42, 8.44);
insert into SHOT values (3119, 3131, 3140, 6592, 2.580, 229.10, -22.40, 2.837, 230.00, -23.69, 0.267, 239.94, -35.97);
insert into SHOT values (3120, 3140, 3141, 6592, 0.640, 115.90, -4.70, 0.637, 116.16, -4.50, 0.005, 249.86, 31.22);
insert into SHOT values (3121, 3140, 3142, 6592, 0.770, 355.30, -86.20, 0.762, 0.00, -86.24, 0.009, 101.61, 62.80);
insert into SHOT values (3122, 3140, 3143, 6592, 0.190, 305.90, 4.50, 0.187, 306.25, 6.14, 0.006, 107.27, 54.78);
insert into SHOT values (3123, 3140, 3144, 6592, 0.200, 142.80, 67.70, 0.205, 140.19, 67.65, 0.006, 83.77, 50.13);
insert into SHOT values (3124, 3140, 3145, 6592, 1.280, 90.30, 29.60, 1.281, 90.52, 29.97, 0.009, 215.15, 56.65);
insert into SHOT values (3125, 3140, 3146, 6592, 1.440, 77.10, 24.30, 1.443, 77.23, 24.57, 0.008, 166.80, 67.46);
insert into SHOT values (3126, 3140, 3147, 6592, 1.260, 62.50, -17.20, 1.259, 62.80, -17.09, 0.007, 157.90, 22.55);
insert into SHOT values (3127, 3140, 3148, 6592, 1.300, 0.30, -4.10, 1.293, 0.44, -3.99, 0.008, 154.25, 21.74);
insert into SHOT values (3128, 3140, 3149, 6592, 3.990, 201.90, -28.10, 3.993, 201.83, -28.09, 0.005, 146.98, -7.35);
insert into SHOT values (3129, 3140, 3150, 6592, 3.970, 201.80, -28.20, 3.969, 201.80, -28.11, 0.006, 204.91, 75.27);
insert into SHOT values (3130, 3140, 3151, 6592, 5.830, 201.70, -28.30, 5.829, 201.72, -28.26, 0.004, 253.67, 61.83);
insert into SHOT values (3131, 3140, 3152, 6592, 0.620, 295.40, 65.30, 0.624, 295.56, 65.90, 0.008, 105.62, 58.08);
insert into SHOT values (3132, 3140, 3153, 6592, 0.960, 293.80, 6.40, 0.956, 293.59, 6.61, 0.006, 149.94, 27.41);
insert into SHOT values (3133, 3140, 3154, 6592, 0.810, 132.90, 43.90, 0.818, 132.93, 44.14, 0.009, 137.73, 66.38);
insert into SHOT values (3134, 3140, 3155, 6592, 0.700, 142.90, 72.60, 0.703, 142.59, 72.29, 0.005, 129.20, 22.88);
insert into SHOT values (3135, 3140, 3156, 6592, 1.220, 247.20, -0.30, 1.219, 246.80, 0.00, 0.011, 147.24, 36.58);
insert into SHOT values (3136, 3140, 3157, 6592, 2.910, 233.60, -8.00, 2.910, 233.61, -7.90, 0.005, 274.48, 83.66);
insert into SHOT values (3137, 3140, 3158, 6592, 3.830, 223.00, -8.50, 3.827, 222.97, -8.42, 0.007, 84.61, 61.07);
insert into SHOT values (3138, 3140, 3159, 6592, 2.570, 233.50, -18.40, 2.569, 233.51, -18.38, 0.001, 28.53, 63.15);
insert into SHOT values (3139, 3140, 3160, 6592, 1.290, 265.40, -23.30, 1.289, 265.16, -23.30, 0.005, 168.87, 2.86);
insert into SHOT values (3140, 3140, 3161, 6592, 1.280, 189.10, 9.10, 1.283, 189.09, 9.42, 0.008, 183.00, 75.03);
insert into SHOT values (3141, 3140, 3162, 6592, 1.380, 101.40, 53.30, 1.385, 101.85, 53.29, 0.008, 167.51, 26.38);
insert into SHOT values (3142, 3140, 3163, 6592, 2.300, 353.20, 18.90, 2.301, 353.14, 19.02, 0.006, 253.68, 63.83);
insert into SHOT values (3143, 3140, 3164, 6592, 2.830, 26.70, 20.30, 2.831, 26.66, 20.47, 0.009, 245.01, 70.70);
insert into SHOT values (3144, 3140, 3165, 6592, 3.150, 224.50, -7.00, 3.149, 224.48, -6.93, 0.004, 90.32, 70.11);
insert into SHOT values (3145, 3140, 3166, 6592, 4.000, 218.90, -5.10, 4.182, 220.02, -6.87, 0.235, 244.73, -37.85);
insert into SHOT values (3146, 3166, 3167, 6592, 1.430, 177.20, 24.20, 1.438, 177.38, 24.22, 0.009, 207.22, 25.12);
insert into SHOT values (3147, 3166, 3168, 6592, 1.380, 125.80, 35.50, 1.380, 125.95, 35.44, 0.003, 203.34, -24.10);
insert into SHOT values (3148, 3166, 3169, 6592, 1.630, 107.30, 1.90, 1.627, 107.54, 2.11, 0.010, 224.26, 37.57);
insert into SHOT values (3149, 3166, 3170, 6592, 0.850, 102.50, -36.90, 0.847, 102.80, -37.00, 0.005, 231.50, 4.42);
insert into SHOT values (3150, 3166, 3171, 6592, 0.450, 82.00, -81.70, 0.444, 80.54, -82.13, 0.007, 282.50, 50.02);
insert into SHOT values (3151, 3166, 3172, 6592, 0.660, 30.10, 24.10, 0.658, 29.98, 24.22, 0.003, 240.21, 11.48);
insert into SHOT values (3152, 3166, 3173, 6592, 1.600, 7.00, -13.40, 1.595, 7.03, -13.41, 0.005, 176.25, 9.33);
insert into SHOT values (3153, 3166, 3174, 6592, 2.460, 151.20, 27.90, 2.460, 151.43, 27.87, 0.009, 236.61, -7.16);
insert into SHOT values (3154, 3166, 3175, 6592, 3.910, 164.10, 7.40, 3.872, 166.04, 5.48, 0.188, 265.28, -45.19);
insert into SHOT values (3155, 3175, 3176, 6592, 2.150, 338.10, -8.70, 2.148, 338.15, -8.84, 0.006, 125.10, -55.46);
insert into SHOT values (3156, 3175, 3177, 6592, 2.300, 2.10, 6.10, 2.304, 2.25, 5.98, 0.009, 53.66, -29.81);
insert into SHOT values (3157, 3175, 3178, 6592, 2.220, 8.90, -13.20, 2.226, 9.03, -13.24, 0.008, 50.22, -22.72);
insert into SHOT values (3158, 3175, 3179, 6592, 1.250, 332.60, -18.70, 1.247, 332.78, -18.72, 0.005, 103.64, 8.67);
insert into SHOT values (3159, 3175, 3180, 6592, 1.100, 308.60, -18.40, 1.096, 308.75, -18.62, 0.006, 101.68, -25.49);
insert into SHOT values (3160, 3175, 3181, 6592, 2.240, 23.80, -8.00, 2.242, 23.91, -7.95, 0.005, 84.87, 19.72);
insert into SHOT values (3161, 3175, 3182, 6592, 1.630, 39.60, 11.40, 1.630, 39.67, 11.32, 0.003, 127.73, -49.05);
insert into SHOT values (3162, 3175, 3183, 6592, 1.170, 283.90, -13.00, 1.162, 283.79, -12.93, 0.008, 120.23, 22.59);
insert into SHOT values (3163, 3175, 3184, 6592, 1.990, 225.90, -12.50, 1.985, 225.84, -12.51, 0.006, 68.57, 7.30);
insert into SHOT values (3164, 3175, 3185, 6592, 1.470, 159.50, 16.30, 1.470, 159.25, 16.20, 0.007, 75.13, -22.95);
insert into SHOT values (3165, 3175, 3186, 6592, 0.890, 156.20, -20.50, 0.888, 155.90, -20.42, 0.005, 52.59, 20.45);
insert into SHOT values (3166, 3175, 3187, 6592, 1.460, 65.60, 4.20, 1.463, 65.72, 4.31, 0.005, 110.85, 35.86);
insert into SHOT values (3167, 3175, 3188, 6592, 2.010, 43.50, -2.40, 2.011, 43.39, -2.57, 0.007, 324.02, -55.22);
insert into SHOT values (3168, 3175, 3189, 6592, 1.240, 53.20, -25.90, 1.238, 53.03, -25.86, 0.004, 299.78, 24.06);
insert into SHOT values (3169, 3175, 3190, 6592, 0.690, 102.90, -61.90, 0.692, 102.34, -61.76, 0.004, 51.42, -18.01);
insert into SHOT values (3170, 3175, 3191, 6592, 0.860, 155.50, -27.20, 0.863, 155.43, -26.87, 0.006, 144.80, 32.56);
insert into SHOT values (3171, 3175, 3192, 6592, 4.020, 207.70, -5.00, 4.171, 209.04, -6.89, 0.223, 243.42, -42.03);
insert into SHOT values (3172, 3192, 3193, 6592, 1.370, 323.50, -13.90, 1.376, 323.22, -13.87, 0.009, 276.15, -5.63);
insert into SHOT values (3173, 3192, 3194, 6592, 1.450, 326.30, -39.10, 1.446, 325.89, -39.01, 0.009, 222.49, 28.16);
insert into SHOT values (3174, 3192, 3195, 6592, 1.470, 342.90, -15.10, 1.464, 342.72, -15.04, 0.008, 202.43, 22.69);
insert into SHOT values (3175, 3192, 3196, 6592, 2.840, 278.60, -26.80, 2.843, 278.61, -26.76, 0.004, 284.74, 7.62);
insert into SHOT values (3176, 3192, 3197, 6592, 1.910, 225.10, -12.20, 1.916, 225.22, -12.05, 0.009, 253.67, 24.55);
insert into SHOT values (3177, 3192, 3198, 6592, 1.020, 139.30, 26.20, 1.020, 139.87, 26.18, 0.009, 227.87, -2.10);
insert into SHOT values (3178, 3192, 3199, 6592, 0.290, 142.90, -24.50, 0.285, 144.46, -24.94, 0.009, 272.95, 1.63);
insert into SHOT values (3179, 3192, 3200, 6592, 0.770, 238.60, -77.70, 0.768, 237.26, -77.49, 0.005, 179.86, 27.13);
insert into SHOT values (3180, 3192, 3201, 6592, 1.730, 237.00, -41.90, 1.726, 237.05, -41.78, 0.006, 356.58, 76.23);
insert into SHOT values (3181, 3192, 3202, 6592, 2.840, 235.00, -18.00, 2.844, 235.08, -17.81, 0.011, 264.12, 45.37);
insert into SHOT values (3182, 3192, 3203, 6592, 3.280, 243.80, -19.50, 3.285, 243.77, -19.38, 0.009, 229.67, 32.71);
insert into SHOT values (3183, 3192, 3204, 6592, 1.310, 64.40, 1.70, 1.307, 64.61, 1.75, 0.006, 188.66, 11.00);
insert into SHOT values (3184, 3192, 3205, 6592, 2.210, 51.50, 10.70, 2.202, 51.38, 10.73, 0.010, 259.05, -1.91);
insert into SHOT values (3185, 3192, 3206, 6592, 1.390, 48.50, -7.00, 1.385, 48.54, -7.05, 0.005, 218.22, -6.46);
insert into SHOT values (3186, 3192, 3207, 6592, 3.250, 239.80, -28.90, 3.536, 240.35, -29.67, 0.291, 247.17, -38.08);
insert into SHOT values (3187, 3207, 3208, 6592, 1.140, 141.00, 77.10, 1.139, 141.34, 77.01, 0.003, 184.27, -28.96);
insert into SHOT values (3188, 3207, 3209, 6592, 1.110, 93.00, 19.70, 1.109, 93.30, 20.04, 0.009, 214.15, 42.25);
insert into SHOT values (3189, 3207, 3210, 6592, 0.390, 236.90, 37.90, 0.393, 236.82, 37.69, 0.003, 228.55, 8.32);
insert into SHOT values (3190, 3207, 3211, 6592, 1.070, 146.20, 18.40, 1.065, 146.31, 18.61, 0.006, 307.57, 20.41);
insert into SHOT values (3191, 3207, 3212, 6592, 2.010, 140.30, -4.60, 2.009, 140.27, -4.57, 0.002, 8.00, 38.17);
insert into SHOT values (3192, 3207, 3213, 6592, 1.650, 126.10, -5.50, 1.646, 126.31, -5.58, 0.008, 251.91, -14.05);
insert into SHOT values (3193, 3207, 3214, 6592, 2.740, 165.70, -3.30, 2.738, 165.81, -3.35, 0.006, 277.06, -21.76);
insert into SHOT values (3194, 3207, 3215, 6592, 2.140, 179.00, -1.30, 2.141, 179.20, -1.34, 0.008, 263.19, -11.09);
insert into SHOT values (3195, 3207, 3216, 6592, 2.750, 147.70, -6.10, 2.694, 149.59, -8.11, 0.142, 275.81, -38.15);
insert into SHOT values (3196, 3216, 3217, 6592, 0.700, 248.30, -7.00, 0.697, 247.89, -7.42, 0.008, 119.26, -36.43);
insert into SHOT values (3197, 3216, 3218, 6592, 0.390, 274.10, 67.80, 0.386, 274.09, 68.70, 0.007, 94.39, -8.85);
insert into SHOT values (3198, 3216, 3219, 6592, 0.900, 247.60, 27.50, 0.893, 246.99, 27.34, 0.011, 125.63, -29.30);
insert into SHOT values (3199, 3216, 3220, 6592, 1.250, 282.00, 9.10, 1.240, 281.77, 8.81, 0.013, 132.21, -38.01);
insert into SHOT values (3200, 3216, 3221, 6592, 0.500, 352.90, 3.80, 0.495, 353.02, 3.48, 0.006, 161.84, -30.43);
insert into SHOT values (3201, 3216, 3222, 6592, 0.280, 99.70, -75.50, 0.280, 105.95, -74.91, 0.008, 173.76, 7.48);
insert into SHOT values (3202, 3216, 3223, 6592, 1.430, 229.30, 10.80, 1.429, 229.04, 10.89, 0.007, 129.17, 17.83);
insert into SHOT values (3203, 3216, 3224, 6592, 1.650, 221.80, 29.80, 1.649, 221.60, 29.82, 0.005, 121.04, -0.08);
insert into SHOT values (3204, 3216, 3225, 6592, 2.450, 199.70, 21.60, 2.452, 199.47, 21.54, 0.010, 124.27, -11.29);
insert into SHOT values (3205, 3216, 3226, 6592, 1.560, 189.60, 22.00, 1.562, 189.53, 21.80, 0.006, 162.47, -47.38);
insert into SHOT values (3206, 3216, 3227, 6592, 3.990, 210.30, 12.10, 3.986, 210.18, 12.02, 0.011, 100.77, -36.91);
insert into SHOT values (3207, 3216, 3228, 6592, 3.800, 207.80, 13.30, 3.804, 207.67, 13.22, 0.011, 151.58, -22.84);
insert into SHOT values (3208, 3216, 3229, 6592, 3.450, 218.50, 16.40, 3.449, 218.50, 16.34, 0.004, 63.69, -85.38);
insert into SHOT values (3209, 3216, 3230, 6592, 6.830, 211.50, 8.30, 6.948, 213.14, 5.62, 0.395, 263.70, -50.72);
insert into SHOT values (3210, 3230, 3231, 6592, 1.360, 30.00, 12.90, 1.351, 30.07, 12.83, 0.009, 199.38, -22.94);
insert into SHOT values (3211, 3230, 3232, 6592, 1.550, 3.90, 12.80, 1.541, 3.81, 12.74, 0.009, 199.36, -21.90);
insert into SHOT values (3212, 3230, 3233, 6592, 1.460, 7.80, 33.00, 1.460, 8.00, 33.21, 0.007, 129.32, 44.34);
insert into SHOT values (3213, 3230, 3234, 6592, 1.610, 355.50, 46.80, 1.608, 355.32, 46.67, 0.005, 289.89, -44.12);
insert into SHOT values (3214, 3230, 3235, 6592, 1.530, 6.00, -28.50, 1.524, 6.01, -28.63, 0.007, 184.34, 0.42);
insert into SHOT values (3215, 3230, 3236, 6592, 2.590, 17.10, -5.00, 2.585, 17.17, -5.10, 0.008, 167.64, -34.41);
insert into SHOT values (3216, 3230, 3237, 6592, 2.310, 31.10, -3.30, 2.305, 31.13, -3.23, 0.006, 194.49, 31.50);
insert into SHOT values (3217, 3230, 3238, 6592, 3.800, 29.10, -10.80, 3.801, 29.17, -10.77, 0.005, 108.09, 22.68);
insert into SHOT values (3218, 3230, 3239, 6592, 2.280, 31.50, -26.00, 2.274, 31.59, -26.08, 0.007, 185.73, -4.02);
insert into SHOT values (3219, 3230, 3240, 6592, 0.840, 130.00, -85.60, 0.843, 135.00, -85.19, 0.009, 175.78, -16.06);
insert into SHOT values (3220, 3230, 3241, 6592, 2.690, 225.40, -5.80, 2.687, 225.30, -5.77, 0.006, 98.99, 18.16);
insert into SHOT values (3221, 3230, 3242, 6592, 4.910, 209.50, -9.70, 4.915, 209.42, -9.72, 0.009, 157.08, -18.12);
insert into SHOT values (3222, 3230, 3243, 6592, 3.310, 208.40, -18.90, 3.314, 208.36, -18.84, 0.006, 186.01, 21.96);
insert into SHOT values (3223, 3230, 3244, 6592, 1.890, 212.30, -26.80, 1.891, 212.19, -26.71, 0.005, 160.38, 26.63);
insert into SHOT values (3224, 3230, 3245, 6592, 1.000, 211.00, -46.00, 1.004, 210.96, -45.82, 0.005, 206.00, -7.41);
insert into SHOT values (3225, 3230, 3246, 6592, 1.540, 202.50, 10.80, 1.543, 202.50, 10.83, 0.003, 204.51, 28.25);
insert into SHOT values (3226, 3230, 3247, 6592, 1.300, 184.30, 1.30, 1.304, 184.40, 1.32, 0.005, 212.59, 6.10);
insert into SHOT values (3227, 3230, 3248, 6592, 1.630, 189.40, 22.10, 1.629, 189.52, 21.99, 0.005, 269.35, -44.19);
insert into SHOT values (3228, 3230, 3249, 6592, 0.630, 227.00, 38.50, 0.630, 226.64, 38.22, 0.004, 171.06, -29.95);
insert into SHOT values (3229, 3230, 3250, 6592, 0.690, 267.60, 14.70, 0.694, 267.44, 15.02, 0.006, 237.10, 52.42);
insert into SHOT values (3230, 3230, 3251, 6592, 0.600, 292.00, -1.70, 0.593, 291.80, -1.93, 0.008, 127.56, -16.04);
insert into SHOT values (3231, 3230, 3252, 6592, 0.890, 316.20, 25.50, 0.885, 316.52, 25.43, 0.007, 88.00, -27.72);
insert into SHOT values (3232, 3230, 3253, 6592, 0.710, 283.00, -44.00, 0.709, 282.41, -43.74, 0.006, 205.75, 30.58);
insert into SHOT values (3233, 3230, 3254, 6592, 2.750, 343.90, 22.70, 2.742, 343.93, 22.74, 0.008, 154.66, -8.53);
insert into SHOT values (3234, 3230, 3255, 6592, 1.740, 354.90, 15.80, 1.732, 354.84, 15.75, 0.009, 188.70, -26.01);
insert into SHOT values (3235, 3230, 3256, 6592, 1.670, 355.40, 37.90, 1.669, 355.63, 38.10, 0.008, 121.81, 31.78);
insert into SHOT values (3236, 3230, 3257, 6592, 0.830, 334.30, 20.10, 0.830, 334.09, 20.44, 0.006, 220.28, 57.19);
insert into SHOT values (3237, 3230, 3258, 6592, 1.060, 345.30, -2.70, 1.056, 345.17, -2.71, 0.004, 197.52, -0.88);
insert into SHOT values (3238, 3230, 3259, 6592, 7.570, 219.70, -9.50, 7.786, 221.93, -10.81, 0.404, 279.08, -31.39);
insert into SHOT values (3239, 3259, 3260, 6592, 0.230, 279.10, 82.00, 0.232, 288.43, 82.17, 0.006, 18.03, 23.32);
insert into SHOT values (3240, 3259, 3261, 6592, 0.900, 335.50, 4.70, 0.903, 335.71, 5.08, 0.008, 27.46, 55.68);
insert into SHOT values (3241, 3259, 3262, 6592, 0.270, 1.40, -71.70, 0.266, 6.34, -70.09, 0.011, 56.50, 33.72);
insert into SHOT values (3242, 3259, 3263, 6592, 0.940, 294.20, -3.90, 0.937, 294.65, -3.67, 0.009, 44.18, 26.89);
insert into SHOT values (3243, 3259, 3264, 6592, 0.910, 12.00, 47.00, 0.915, 12.03, 47.05, 0.005, 18.17, 55.26);
insert into SHOT values (3244, 3259, 3265, 6592, 2.130, 38.30, 19.50, 2.136, 38.35, 19.41, 0.007, 52.40, -8.13);
insert into SHOT values (3245, 3259, 3266, 6592, 2.490, 47.20, 10.40, 2.496, 47.15, 10.39, 0.007, 26.83, 4.33);
insert into SHOT values (3246, 3259, 3267, 6592, 3.370, 30.90, 12.10, 3.377, 30.99, 12.14, 0.009, 71.83, 23.55);
insert into SHOT values (3247, 3259, 3268, 6592, 4.580, 43.50, 9.80, 4.587, 43.48, 9.79, 0.007, 28.07, 3.55);
insert into SHOT values (3248, 3259, 3269, 6592, 3.290, 42.60, 1.40, 3.299, 42.54, 1.39, 0.010, 22.66, -2.25);
insert into SHOT values (3249, 3259, 3270, 6592, 1.030, 10.70, 19.30, 1.034, 10.62, 19.19, 0.005, 354.16, -5.10);
insert into SHOT values (3250, 3259, 3271, 6592, 0.940, 340.10, 26.70, 0.942, 340.48, 27.16, 0.010, 86.33, 52.55);
insert into SHOT values (3251, 3259, 3272, 6592, 0.450, 301.30, 60.10, 0.450, 302.28, 60.05, 0.004, 25.78, -1.54);
insert into SHOT values (3252, 3259, 3273, 6592, 0.910, 304.50, 14.20, 0.906, 304.78, 14.70, 0.010, 87.40, 43.85);
insert into SHOT values (3253, 3259, 3274, 6592, 1.240, 277.30, -5.00, 1.235, 277.47, -4.65, 0.010, 60.02, 53.00);
insert into SHOT values (3254, 3259, 3275, 6592, 0.930, 278.20, -30.30, 0.927, 278.64, -30.46, 0.007, 40.94, -6.22);
insert into SHOT values (3255, 3259, 3276, 6592, 2.050, 51.90, 10.60, 2.058, 51.83, 10.64, 0.008, 32.91, 20.07);
insert into SHOT values (3256, 3259, 3277, 6592, 1.580, 39.30, 29.30, 1.590, 39.43, 29.38, 0.011, 62.76, 39.59);
insert into SHOT values (3257, 3259, 3278, 6592, 4.270, 221.50, -2.70, 4.453, 223.18, -3.86, 0.240, 257.98, -24.34);
insert into SHOT values (3258, 3278, 3279, 6592, 0.310, 286.60, 42.80, 0.310, 285.26, 42.64, 0.005, 202.11, -6.65);
insert into SHOT values (3259, 3278, 3280, 6592, 1.190, 357.10, -0.40, 1.182, 357.09, -0.48, 0.009, 178.62, -11.33);
insert into SHOT values (3260, 3278, 3281, 6592, 1.190, 9.00, 5.00, 1.189, 8.75, 5.31, 0.008, 260.86, 48.71);
insert into SHOT values (3261, 3278, 3282, 6592, 1.650, 20.30, 13.60, 1.648, 20.47, 13.69, 0.006, 138.84, 20.19);
insert into SHOT values (3262, 3278, 3283, 6592, 0.900, 23.10, 36.80, 0.898, 22.99, 36.99, 0.004, 223.61, 12.47);
insert into SHOT values (3263, 3278, 3284, 6592, 1.220, 8.60, -7.10, 1.213, 8.60, -7.10, 0.007, 188.37, 6.37);
insert into SHOT values (3264, 3278, 3285, 6592, 1.130, 52.80, 17.90, 1.133, 52.92, 17.99, 0.004, 92.07, 37.57);
insert into SHOT values (3265, 3278, 3286, 6592, 1.150, 34.10, -23.90, 1.147, 34.14, -23.63, 0.006, 138.31, 82.06);
insert into SHOT values (3266, 3278, 3287, 6592, 3.200, 32.60, 10.40, 3.196, 32.53, 10.46, 0.006, 254.81, 21.46);
insert into SHOT values (3267, 3278, 3288, 6592, 4.140, 34.40, -1.60, 4.137, 34.46, -1.52, 0.008, 157.21, 48.04);
insert into SHOT values (3268, 3278, 3289, 6592, 2.730, 43.50, 2.70, 2.726, 43.66, 2.73, 0.009, 160.38, 9.27);
insert into SHOT values (3269, 3278, 3290, 6592, 3.000, 30.60, 5.70, 2.992, 30.70, 5.75, 0.010, 177.42, 12.16);
insert into SHOT values (3270, 3278, 3291, 6592, 1.480, 330.10, -33.80, 1.472, 330.08, -33.84, 0.008, 153.52, 25.74);
insert into SHOT values (3271, 3278, 3292, 6592, 2.350, 341.00, -15.50, 2.464, 338.65, -16.51, 0.154, 295.61, -27.87);
insert into SHOT values (3272, 3292, 3293, 6592, 0.530, 256.80, -31.10, 0.528, 255.96, -30.77, 0.008, 163.96, 29.59);
insert into SHOT values (3273, 3292, 3294, 6592, 0.540, 95.90, -85.40, 0.542, 101.31, -84.61, 0.009, 128.71, -11.09);
insert into SHOT values (3274, 3292, 3295, 6592, 0.420, 76.80, -25.20, 0.419, 77.80, -25.43, 0.007, 179.89, -9.81);
insert into SHOT values (3275, 3292, 3296, 6592, 1.520, 182.30, 5.40, 1.528, 182.26, 5.26, 0.009, 174.77, -20.84);
insert into SHOT values (3276, 3292, 3297, 6592, 1.740, 153.30, -1.90, 1.745, 153.43, -1.97, 0.007, 192.23, -19.46);
insert into SHOT values (3277, 3292, 3298, 6592, 1.660, 199.10, -16.40, 1.665, 199.00, -16.40, 0.005, 168.26, -13.87);
insert into SHOT values (3278, 3292, 3299, 6592, 1.850, 187.10, -11.80, 1.853, 186.97, -11.84, 0.005, 127.90, -19.12);
insert into SHOT values (3279, 3292, 3300, 6592, 2.190, 208.00, -13.10, 2.196, 207.88, -13.16, 0.008, 168.25, -28.09);
insert into SHOT values (3280, 3292, 3301, 6592, 2.320, 219.80, -11.00, 2.321, 219.84, -10.93, 0.003, 261.58, 49.90);
insert into SHOT values (3281, 3292, 3302, 6592, 1.740, 230.30, -22.10, 1.738, 230.29, -21.96, 0.005, 117.33, 84.51);
insert into SHOT values (3282, 3292, 3303, 6592, 1.470, 242.70, -34.70, 1.471, 242.37, -34.82, 0.008, 145.34, -24.51);
insert into SHOT values (3283, 3292, 3304, 6592, 1.580, 178.80, -31.60, 1.585, 178.73, -31.58, 0.005, 158.30, -23.16);
insert into SHOT values (3284, 3292, 3305, 6592, 0.580, 134.50, -71.30, 0.580, 135.00, -71.52, 0.003, 277.31, -13.11);
insert into SHOT values (3285, 3292, 3306, 6592, 0.880, 168.40, 25.10, 0.878, 168.41, 24.92, 0.003, 339.04, -78.54);
insert into SHOT values (3286, 3292, 3307, 6592, 2.560, 157.80, 21.10, 2.557, 157.84, 21.08, 0.003, 298.48, -30.03);
insert into SHOT values (3287, 3292, 3308, 6592, 3.750, 223.50, -7.60, 3.962, 225.00, -8.57, 0.243, 250.77, -22.79);
insert into SHOT values (3288, 3308, 3309, 6592, 0.600, 244.40, 72.20, 0.597, 243.43, 72.58, 0.006, 97.87, -13.16);
insert into SHOT values (3289, 3308, 3310, 6592, 2.020, 331.80, 66.00, 2.023, 331.56, 66.13, 0.006, 203.17, 46.22);
insert into SHOT values (3290, 3308, 3311, 6592, 1.950, 328.50, 34.30, 1.947, 328.49, 34.39, 0.004, 154.31, 16.10);
insert into SHOT values (3291, 3308, 3312, 6592, 0.750, 330.20, 20.10, 0.750, 330.15, 20.29, 0.003, 178.60, 62.27);
insert into SHOT values (3292, 3308, 3313, 6592, 0.740, 289.70, 23.90, 0.743, 289.77, 23.80, 0.004, 302.44, 3.09);
insert into SHOT values (3293, 3308, 3314, 6592, 2.130, 263.70, -5.20, 2.131, 263.78, -5.12, 0.004, 330.37, 43.70);
insert into SHOT values (3294, 3308, 3315, 6592, 3.050, 258.00, -13.40, 3.049, 257.93, -13.46, 0.005, 145.78, -39.91);
insert into SHOT values (3295, 3308, 3316, 6592, 4.340, 262.70, -15.40, 4.339, 262.72, -15.37, 0.003, 8.87, 56.23);
insert into SHOT values (3296, 3308, 3317, 6592, 4.220, 267.60, -13.90, 4.216, 267.62, -13.86, 0.005, 61.44, 49.42);
insert into SHOT values (3297, 3308, 3318, 6592, 1.210, 242.30, -7.90, 1.211, 242.15, -8.07, 0.005, 158.08, -49.95);
insert into SHOT values (3298, 3308, 3319, 6592, 2.000, 253.00, -11.70, 1.997, 253.05, -11.84, 0.006, 47.90, -48.84);
insert into SHOT values (3299, 3308, 3320, 6592, 2.300, 259.10, -23.60, 2.300, 259.06, -23.58, 0.002, 195.00, 28.04);
insert into SHOT values (3300, 3308, 3321, 6592, 0.850, 118.00, 52.00, 0.850, 118.52, 52.00, 0.005, 205.47, 2.28);
insert into SHOT values (3301, 3308, 3322, 6592, 0.530, 115.80, 45.80, 0.528, 115.87, 46.02, 0.003, 287.04, 0.77);
insert into SHOT values (3302, 3308, 3323, 6592, 0.800, 87.20, 25.80, 0.801, 87.61, 25.91, 0.006, 173.35, 19.18);
insert into SHOT values (3303, 3308, 3324, 6592, 0.360, 58.10, -14.70, 0.361, 59.04, -14.43, 0.006, 132.52, 12.84);
insert into SHOT values (3304, 3308, 3325, 6592, 1.710, 7.30, 12.70, 1.706, 7.25, 12.87, 0.006, 202.94, 38.87);
insert into SHOT values (3305, 3308, 3326, 6592, 4.350, 264.60, -13.60, 4.350, 264.57, -13.56, 0.004, 199.20, 52.12);
insert into SHOT values (3306, 3308, 3327, 6592, 4.310, 265.80, -15.30, 4.607, 265.86, -15.87, 0.301, 266.75, -24.10);
insert into SHOT values (3307, 3327, 3328, 6592, 0.480, 156.80, 6.00, 0.482, 156.64, 5.96, 0.002, 122.37, -4.32);
insert into SHOT values (3308, 3327, 3329, 6592, 0.790, 136.00, 19.00, 0.793, 136.08, 19.13, 0.004, 157.37, 43.95);
insert into SHOT values (3309, 3327, 3330, 6592, 0.410, 183.40, 69.00, 0.409, 180.00, 68.46, 0.010, 110.90, -16.53);
insert into SHOT values (3310, 3327, 3331, 6592, 0.700, 151.80, -5.80, 0.697, 151.59, -5.76, 0.004, 13.59, 10.84);
insert into SHOT values (3311, 3327, 3332, 6592, 0.440, 78.20, -68.50, 0.441, 79.38, -68.34, 0.004, 144.20, -9.53);
insert into SHOT values (3312, 3327, 3333, 6592, 0.820, 63.00, 13.90, 0.821, 63.11, 14.10, 0.003, 150.68, 62.44);
insert into SHOT values (3313, 3327, 3334, 6592, 1.730, 74.40, 23.50, 1.733, 74.30, 23.47, 0.004, 29.90, 2.43);
insert into SHOT values (3314, 3327, 3335, 6592, 0.460, 216.50, -24.70, 0.457, 215.22, -24.54, 0.010, 115.30, 13.15);
insert into SHOT values (3315, 3327, 3336, 6592, 1.920, 215.90, -24.50, 2.124, 217.82, -25.07, 0.214, 236.04, -28.96);
insert into SHOT values (3316, 3336, 3337, 6592, 0.240, 80.90, -38.70, 0.236, 80.54, -39.42, 0.005, 274.35, 0.67);
insert into SHOT values (3317, 3336, 3338, 6592, 0.440, 349.40, -68.50, 0.441, 349.38, -68.34, 0.002, 347.31, -21.96);
insert into SHOT values (3318, 3336, 3339, 6592, 0.420, 335.20, -33.00, 0.422, 334.89, -33.06, 0.003, 276.16, -28.93);
insert into SHOT values (3319, 3336, 3340, 6592, 0.890, 31.60, 30.40, 0.886, 31.61, 30.52, 0.004, 210.30, -4.78);
insert into SHOT values (3320, 3336, 3341, 6592, 1.420, 59.90, 17.30, 1.417, 59.83, 17.24, 0.004, 271.40, -37.71);
insert into SHOT values (3321, 3336, 3342, 6592, 0.820, 45.90, 23.30, 0.815, 46.08, 23.12, 0.006, 191.55, -46.02);
insert into SHOT values (3322, 3336, 3343, 6592, 1.110, 1.00, -18.80, 1.110, 1.09, -18.92, 0.003, 110.48, -52.18);
insert into SHOT values (3323, 3336, 3344, 6592, 1.030, 2.70, -29.30, 1.027, 2.57, -29.79, 0.010, 197.73, -38.01);
insert into SHOT values (3324, 3336, 3345, 6592, 0.370, 21.10, -29.30, 0.370, 21.80, -29.12, 0.004, 105.04, 15.08);
insert into SHOT values (3325, 3336, 3346, 6592, 0.490, 15.70, -22.90, 0.485, 15.59, -23.05, 0.005, 205.27, 7.61);
insert into SHOT values (3326, 3336, 3347, 6592, 2.140, 11.10, -30.80, 2.138, 11.00, -30.96, 0.007, 225.76, -37.92);
insert into SHOT values (3327, 3336, 3348, 6592, 2.440, 6.40, -46.10, 2.515, 3.70, -47.36, 0.122, 283.34, -48.67);
insert into SHOT values (3328, 3348, 3349, 6592, 0.680, 264.70, 64.00, 0.680, 266.19, 63.76, 0.008, 337.11, -8.21);
insert into SHOT values (3329, 3348, 3350, 6592, 0.410, 314.70, 25.90, 0.409, 315.00, 26.08, 0.002, 75.07, 22.21);
insert into SHOT values (3330, 3348, 3351, 6592, 0.820, 42.10, 75.40, 0.818, 41.19, 74.94, 0.008, 12.12, -27.42);
insert into SHOT values (3331, 3348, 3352, 6592, 1.010, 136.20, 71.20, 1.002, 136.27, 71.48, 0.009, 312.98, -40.25);
insert into SHOT values (3332, 3348, 3353, 6592, 0.650, 239.40, 6.70, 0.649, 240.26, 6.19, 0.011, 333.28, -31.17);
insert into SHOT values (3333, 3348, 3354, 6592, 0.640, 240.00, 10.00, 0.641, 240.59, 9.88, 0.007, 320.98, -9.74);
insert into SHOT values (3334, 3348, 3355, 6592, 2.880, 287.60, -35.70, 3.170, 286.89, -35.48, 0.292, 280.09, -33.11);
insert into SHOT values (3335, 3355, 3356, 6592, 0.910, 165.80, 2.20, 0.908, 165.96, 2.52, 0.006, 296.75, 55.89);
insert into SHOT values (3336, 3355, 3357, 6592, 3.180, 211.90, -52.80, 3.178, 212.04, -52.76, 0.005, 299.34, 32.80);
insert into SHOT values (3337, 3355, 3358, 6592, 3.560, 240.80, -55.70, 3.559, 240.75, -55.70, 0.002, 136.47, 27.28);
insert into SHOT values (3338, 3355, 3359, 6592, 2.250, 225.70, -38.90, 2.245, 225.70, -38.91, 0.005, 47.35, 33.74);
insert into SHOT values (3339, 3355, 3360, 6592, 2.020, 283.50, -55.00, 2.018, 283.44, -54.85, 0.006, 262.01, 53.87);
insert into SHOT values (3340, 3355, 3361, 6592, 2.170, 272.40, -83.80, 2.173, 272.39, -83.65, 0.006, 271.82, -24.71);
insert into SHOT values (3341, 3355, 3362, 6592, 0.890, 352.50, -21.40, 0.887, 352.36, -21.15, 0.005, 229.89, 63.08);
insert into SHOT values (3342, 3355, 3363, 6592, 2.390, 65.40, 36.90, 2.396, 65.31, 36.94, 0.007, 26.91, 45.45);
insert into SHOT values (3343, 3355, 3364, 6592, 2.770, 60.10, 41.00, 2.769, 60.12, 41.08, 0.004, 227.29, 41.11);
insert into SHOT values (3344, 3355, 3365, 6592, 2.810, 52.00, 25.80, 2.808, 51.91, 25.76, 0.005, 304.25, -34.67);
insert into SHOT values (3345, 3355, 3366, 6592, 1.950, 85.40, 28.90, 1.948, 85.29, 28.86, 0.004, 331.78, -34.41);
insert into SHOT values (3346, 3355, 3367, 6592, 1.150, 54.70, 3.20, 1.156, 54.52, 2.98, 0.008, 24.08, -30.51);
insert into SHOT values (3347, 3355, 3368, 6592, 4.670, 207.00, -53.00, 4.669, 207.11, -53.02, 0.006, 315.57, -3.66);
insert into SHOT values (3348, 3355, 3369, 6592, 3.010, 203.50, -68.20, 3.004, 203.81, -68.22, 0.008, 320.08, 35.47);
insert into SHOT values (3349, 3355, 3370, 6592, 5.450, 217.70, -46.60, 5.449, 217.73, -46.62, 0.003, 358.80, -3.39);
insert into SHOT values (3350, 3355, 3371, 6592, 5.450, 219.80, -45.00, 5.679, 221.48, -44.78, 0.257, 253.75, -34.65);
insert into SHOT values (3351, 3371, 3372, 6592, 0.850, 137.60, 26.40, 0.847, 137.68, 26.64, 0.005, 303.35, 26.96);
insert into SHOT values (3352, 3371, 3373, 6592, 0.790, 220.10, 32.60, 0.794, 220.14, 32.81, 0.005, 235.06, 69.90);
insert into SHOT values (3353, 3371, 3374, 6592, 1.810, 78.40, 11.80, 1.805, 78.24, 11.83, 0.007, 303.92, -1.18);
insert into SHOT values (3354, 3371, 3375, 6592, 2.130, 103.60, -4.10, 2.125, 103.64, -4.05, 0.005, 265.07, 24.62);
insert into SHOT values (3355, 3371, 3376, 6592, 2.330, 117.00, -10.90, 2.332, 117.01, -10.88, 0.002, 132.38, 17.25);
insert into SHOT values (3356, 3371, 3377, 6592, 2.600, 160.30, -15.00, 2.605, 160.27, -14.90, 0.007, 148.54, 24.11);
insert into SHOT values (3357, 3371, 3378, 6592, 2.110, 177.90, -15.50, 2.107, 178.03, -15.41, 0.006, 292.81, 38.39);
insert into SHOT values (3358, 3371, 3379, 6592, 0.620, 246.70, 56.40, 0.626, 246.37, 56.11, 0.007, 228.69, 28.92);
insert into SHOT values (3359, 3371, 3380, 6592, 1.000, 343.70, 36.40, 0.997, 343.37, 36.29, 0.006, 238.16, -35.36);
insert into SHOT values (3360, 3371, 3381, 6592, 1.360, 5.20, 22.10, 1.355, 5.03, 22.12, 0.007, 220.67, -14.47);
insert into SHOT values (3361, 3371, 3382, 6592, 2.260, 27.90, 42.90, 2.257, 27.81, 43.01, 0.006, 236.35, 15.61);
insert into SHOT values (3362, 3371, 3383, 6592, 2.090, 22.60, 33.40, 2.089, 22.59, 33.40, 0.001, 212.08, -26.80);
insert into SHOT values (3363, 3371, 3384, 6592, 4.440, 36.30, 28.90, 4.440, 36.31, 28.97, 0.005, 203.87, 55.12);
insert into SHOT values (3364, 3371, 3385, 6592, 3.330, 28.60, 28.50, 3.331, 28.58, 28.52, 0.002, 305.25, 44.79);
insert into SHOT values (3365, 3371, 3386, 6592, 1.960, 87.50, 2.60, 1.964, 87.66, 2.63, 0.007, 144.32, 9.29);
insert into SHOT values (3366, 3371, 3387, 6592, 2.180, 62.90, 20.70, 2.176, 62.81, 20.73, 0.006, 280.75, -5.99);
insert into SHOT values (3367, 3371, 3388, 6592, 4.720, 136.00, -17.20, 4.605, 137.89, -19.01, 0.237, 273.63, -26.13);
insert into SHOT values (3368, 3388, 3389, 6592, 0.520, 340.10, 86.20, 0.522, 333.43, 85.08, 0.011, 312.57, 5.81);
insert into SHOT values (3369, 3388, 3390, 6592, 1.280, 352.50, 24.60, 1.289, 352.15, 24.76, 0.012, 307.17, 35.19);
insert into SHOT values (3370, 3388, 3391, 6592, 2.640, 346.10, 19.00, 2.647, 346.13, 18.96, 0.007, 357.11, 4.12);
insert into SHOT values (3371, 3388, 3392, 6592, 1.570, 292.00, 13.60, 1.578, 292.22, 13.56, 0.010, 328.42, 4.82);
insert into SHOT values (3372, 3388, 3393, 6592, 1.050, 289.20, 41.50, 1.058, 289.12, 41.41, 0.009, 280.63, 29.64);
insert into SHOT values (3373, 3388, 3394, 6592, 1.750, 176.80, 34.30, 1.749, 176.82, 34.47, 0.005, 348.43, 47.67);
insert into SHOT values (3374, 3388, 3395, 6592, 1.750, 213.40, 31.10, 1.755, 213.58, 31.24, 0.008, 280.96, 49.30);
insert into SHOT values (3375, 3388, 3396, 6592, 2.360, 236.50, 27.90, 2.363, 236.54, 28.02, 0.006, 326.42, 76.15);
insert into SHOT values (3376, 3388, 3397, 6592, 2.090, 223.90, 24.40, 2.092, 223.94, 24.57, 0.007, 351.03, 77.52);
insert into SHOT values (3377, 3388, 3398, 6592, 2.800, 170.00, 31.00, 2.800, 170.14, 31.19, 0.011, 298.05, 45.83);
insert into SHOT values (3378, 3388, 3399, 6592, 0.730, 158.90, 24.50, 0.734, 158.84, 25.00, 0.007, 107.07, 82.91);
insert into SHOT values (3379, 3388, 3400, 6592, 0.770, 136.10, 20.70, 0.767, 135.57, 21.41, 0.012, 3.48, 40.93);
insert into SHOT values (3380, 3388, 3401, 6592, 4.290, 100.80, -6.40, 4.281, 100.70, -6.44, 0.012, 318.81, -8.69);
insert into SHOT values (3381, 3388, 3402, 6592, 4.030, 88.20, -3.80, 4.030, 88.15, -3.70, 0.008, 12.88, 61.86);
insert into SHOT values (3382, 3388, 3403, 6592, 2.480, 92.50, -36.40, 2.475, 92.30, -36.43, 0.008, 329.07, 11.51);
insert into SHOT values (3383, 3388, 3404, 6592, 1.880, 113.60, -53.30, 1.874, 113.60, -53.15, 0.007, 114.05, 86.29);
insert into SHOT values (3384, 3388, 3405, 6592, 1.880, 141.90, -75.50, 1.880, 141.91, -75.52, 0.001, 313.29, 10.82);
insert into SHOT values (3385, 3388, 3406, 6592, 1.970, 105.10, -56.30, 1.947, 106.26, -59.09, 0.100, 272.85, -18.03);
insert into SHOT values (3386, 3406, 3407, 6592, 3.870, 32.50, -26.00, 3.872, 32.32, -26.04, 0.012, 305.71, -17.71);
insert into SHOT values (3387, 3406, 3408, 6592, 3.240, 9.90, -24.90, 3.246, 9.78, -24.96, 0.009, 313.14, -38.98);
insert into SHOT values (3388, 3406, 3409, 6592, 2.990, 345.80, -9.70, 2.995, 345.68, -9.80, 0.010, 291.75, -39.45);
insert into SHOT values (3389, 3406, 3410, 6592, 2.740, 321.30, 13.10, 2.746, 321.37, 13.05, 0.007, 348.96, -7.88);
insert into SHOT values (3390, 3406, 3411, 6592, 2.330, 324.00, -73.20, 2.331, 323.97, -73.04, 0.007, 321.19, 4.77);
insert into SHOT values (3391, 3406, 3412, 6592, 3.310, 88.70, 20.70, 3.305, 88.70, 20.73, 0.006, 267.44, -0.02);
insert into SHOT values (3392, 3406, 3413, 6592, 3.180, 79.70, 25.00, 3.174, 79.59, 24.97, 0.008, 309.82, -28.24);
insert into SHOT values (3393, 3406, 3414, 6592, 1.000, 76.00, -17.10, 0.995, 75.96, -17.55, 0.010, 260.59, -38.46);
insert into SHOT values (3394, 3406, 3415, 6592, 3.780, 31.20, -26.60, 3.782, 31.20, -26.71, 0.008, 220.05, -79.61);
insert into SHOT values (3395, 3406, 3416, 6592, 1.570, 8.00, -56.10, 1.577, 7.85, -56.16, 0.008, 326.86, -63.58);
insert into SHOT values (3396, 3406, 3417, 6592, 1.760, 324.80, -46.70, 1.770, 324.74, -46.77, 0.011, 311.02, -58.46);
insert into SHOT values (3397, 3406, 3418, 6592, 2.150, 311.00, 28.40, 2.150, 310.93, 28.32, 0.004, 253.89, -43.12);
insert into SHOT values (3398, 3406, 3419, 6592, 1.770, 349.60, -16.30, 1.839, 347.40, -18.71, 0.122, 291.62, -49.77);
insert into SHOT values (3399, 3419, 3420, 6592, 0.430, 307.20, 69.00, 0.439, 304.70, 68.91, 0.012, 246.42, 47.23);
insert into SHOT values (3400, 3419, 3421, 6592, 0.900, 94.20, 8.70, 0.894, 94.55, 9.01, 0.010, 236.27, 23.90);
insert into SHOT values (3401, 3419, 3422, 6592, 2.690, 84.60, -16.10, 2.685, 84.66, -16.00, 0.007, 223.20, 53.51);
insert into SHOT values (3402, 3419, 3423, 6592, 1.170, 36.00, -20.50, 1.167, 35.72, -20.05, 0.011, 309.22, 61.15);
insert into SHOT values (3403, 3419, 3424, 6592, 0.320, 7.90, -82.50, 0.313, 0.00, -82.65, 0.009, 256.56, 50.90);
insert into SHOT values (3404, 3419, 3425, 6592, 3.560, 350.60, -24.00, 3.558, 350.62, -23.87, 0.008, 38.98, 76.86);
insert into SHOT values (3405, 3425, 3426, 6592, 0.190, 109.80, 39.20, 0.184, 111.04, 40.75, 0.009, 269.16, -0.57);
insert into SHOT values (3406, 3425, 3427, 6592, 0.760, 125.00, -8.40, 0.754, 125.18, -8.38, 0.006, 281.93, 9.67);
insert into SHOT values (3407, 3425, 3428, 6592, 0.520, 171.90, -79.30, 0.520, 174.29, -78.85, 0.006, 219.21, 9.55);
insert into SHOT values (3408, 3425, 3429, 6592, 0.400, 247.70, -16.80, 0.408, 247.38, -17.10, 0.009, 230.57, -30.68);
insert into SHOT values (3409, 3425, 3430, 6592, 2.710, 28.80, -11.30, 2.711, 28.78, -11.27, 0.002, 348.92, 38.63);
insert into SHOT values (3410, 3430, 3431, 6592, 0.340, 178.40, 54.20, 0.336, 180.00, 53.47, 0.008, 257.89, -45.41);
insert into SHOT values (3411, 3430, 3432, 6592, 0.490, 212.60, -74.80, 0.497, 212.47, -74.80, 0.007, 203.88, -74.85);
insert into SHOT values (3412, 3430, 3433, 6592, 0.480, 244.90, -31.20, 0.489, 244.65, -30.73, 0.010, 234.56, -7.63);
insert into SHOT values (3413, 3430, 3434, 6592, 0.500, 319.90, -36.50, 0.498, 319.09, -37.08, 0.008, 188.47, -18.98);
insert into SHOT values (3414, 3430, 3435, 6592, 1.390, 311.70, -8.00, 1.389, 311.46, -8.28, 0.009, 201.84, -46.99);
insert into SHOT values (3415, 3430, 3436, 6592, 1.150, 311.40, -4.50, 1.145, 311.09, -4.51, 0.008, 180.22, 1.60);
insert into SHOT values (3416, 3430, 3437, 6592, 1.110, 308.00, -17.30, 1.112, 307.73, -17.26, 0.005, 243.16, 0.90);
insert into SHOT values (3417, 3430, 3438, 6592, 1.730, 346.10, -19.50, 1.730, 345.79, -19.59, 0.009, 249.91, -15.98);
insert into SHOT values (3418, 3430, 3439, 6592, 2.320, 346.10, -19.90, 2.315, 345.90, -19.96, 0.010, 218.10, -1.90);
insert into SHOT values (3419, 3419, 3440, 6592, 1.520, 337.70, -1.10, 1.564, 335.40, -3.30, 0.096, 280.76, -39.17);
insert into SHOT values (3420, 3440, 3441, 6592, 0.440, 216.00, 1.50, 0.436, 216.61, 1.31, 0.006, 345.95, -14.14);
insert into SHOT values (3421, 3440, 3442, 6592, 0.230, 226.80, 58.70, 0.225, 228.37, 57.63, 0.007, 301.81, -62.43);
insert into SHOT values (3422, 3440, 3443, 6592, 0.500, 200.50, -68.30, 0.505, 202.38, -68.64, 0.008, 301.06, -41.53);
insert into SHOT values (3423, 3440, 3444, 6592, 0.920, 55.40, -74.70, 0.921, 53.62, -75.15, 0.010, 282.33, -14.53);
insert into SHOT values (3424, 3440, 3445, 6592, 2.410, 291.00, 9.30, 2.418, 290.87, 9.28, 0.010, 256.51, 3.09);
insert into SHOT values (3425, 3440, 3446, 6592, 1.930, 291.00, 9.40, 1.931, 290.91, 9.24, 0.006, 225.26, -57.25);
insert into SHOT values (3426, 3440, 3447, 6592, 2.410, 290.90, 9.30, 2.418, 290.87, 9.28, 0.008, 280.84, 3.68);
insert into SHOT values (3427, 3440, 3448, 6592, 1.930, 291.00, 9.20, 2.076, 289.84, 6.64, 0.176, 276.10, -22.91);
insert into SHOT values (3428, 3448, 3449, 6592, 0.340, 188.20, 0.70, 0.334, 188.62, 1.72, 0.009, 346.92, 41.23);
insert into SHOT values (3429, 3448, 3450, 6592, 0.410, 19.90, -76.70, 0.401, 18.43, -76.33, 0.009, 301.93, 74.60);
insert into SHOT values (3430, 3448, 3451, 6592, 0.560, 19.20, -18.50, 0.567, 19.44, -17.45, 0.013, 32.26, 37.49);
insert into SHOT values (3431, 3448, 3452, 6592, 1.230, 69.30, -16.80, 1.228, 69.10, -16.55, 0.007, 338.52, 53.58);
insert into SHOT values (3432, 3448, 3453, 6592, 0.980, 281.00, -19.80, 0.975, 281.31, -19.78, 0.007, 51.58, 16.71);
insert into SHOT values (3433, 3448, 3454, 6592, 1.060, 261.10, 10.40, 1.061, 261.17, 10.86, 0.009, 1.45, 81.46);
insert into SHOT values (3434, 3448, 3455, 6592, 1.090, 294.00, -28.10, 1.089, 293.90, -27.92, 0.004, 236.02, 60.30);
insert into SHOT values (3435, 3448, 3456, 6592, 2.200, 326.10, -22.20, 2.364, 324.40, -23.70, 0.185, 299.23, -39.90);
insert into SHOT values (3436, 3456, 3457, 6592, 0.400, 259.00, 80.20, 0.406, 261.87, 79.98, 0.007, 313.36, 53.26);
insert into SHOT values (3437, 3456, 3458, 6592, 0.230, 54.50, 29.20, 0.228, 53.13, 28.81, 0.005, 314.66, -24.46);
insert into SHOT values (3438, 3456, 3459, 6592, 0.630, 221.60, -87.40, 0.631, 225.00, -87.43, 0.002, 323.20, -20.74);
insert into SHOT values (3439, 3456, 3460, 6592, 0.310, 261.90, 12.40, 0.311, 262.41, 13.02, 0.004, 354.59, 52.09);
insert into SHOT values (3440, 3456, 3461, 6592, 2.050, 303.70, -11.20, 2.245, 302.31, -12.87, 0.211, 287.04, -28.81);
insert into SHOT values (3441, 3461, 3462, 6592, 2.380, 121.00, 7.50, 2.389, 121.01, 7.46, 0.009, 122.42, -4.26);
insert into SHOT values (3442, 3461, 3463, 6592, 1.740, 157.40, 34.20, 1.744, 157.17, 34.18, 0.007, 101.30, 15.56);
insert into SHOT values (3443, 3461, 3464, 6592, 1.000, 217.40, 52.20, 1.001, 217.06, 52.14, 0.004, 143.83, -2.31);
insert into SHOT values (3444, 3461, 3465, 6592, 0.270, 221.30, 88.00, 0.270, 180.00, 87.88, 0.007, 115.16, 1.37);
insert into SHOT values (3445, 3461, 3466, 6592, 1.430, 201.30, 44.50, 1.428, 201.28, 44.45, 0.002, 60.91, -76.10);
insert into SHOT values (3446, 3461, 3467, 6592, 0.870, 318.90, -5.90, 0.869, 318.75, -5.94, 0.002, 207.62, -13.37);
insert into SHOT values (3447, 3461, 3468, 6592, 1.640, 300.90, -37.50, 1.637, 301.12, -37.64, 0.007, 74.09, -13.72);
insert into SHOT values (3448, 3461, 3469, 6592, 0.760, 160.40, -71.10, 0.761, 158.63, -71.07, 0.008, 75.54, -7.25);
insert into SHOT values (3449, 3461, 3470, 6592, 0.930, 223.90, 16.60, 0.924, 223.63, 16.98, 0.009, 74.71, 27.50);
insert into SHOT values (3450, 3461, 3471, 6592, 3.320, 287.70, -1.60, 3.319, 287.72, -1.55, 0.003, 57.95, 54.99);
insert into SHOT values (3451, 3461, 3472, 6592, 2.890, 295.20, -12.90, 2.890, 295.20, -12.79, 0.005, 297.87, 77.14);
insert into SHOT values (3452, 3461, 3473, 6592, 3.810, 303.70, -13.30, 3.806, 303.78, -13.21, 0.008, 59.90, 49.89);
insert into SHOT values (3453, 3461, 3474, 6592, 3.910, 303.80, -13.30, 3.910, 303.86, -13.31, 0.004, 31.86, -7.59);
insert into SHOT values (3454, 3461, 3475, 6592, 3.930, 303.80, -13.30, 3.924, 303.90, -13.26, 0.009, 73.67, 25.67);
insert into SHOT values (3455, 3461, 3476, 6592, 0.420, 318.80, 84.30, 0.422, 326.31, 85.09, 0.008, 100.51, 15.27);
insert into SHOT values (3456, 3461, 3477, 6592, 0.690, 228.40, 57.20, 0.691, 228.24, 57.09, 0.002, 194.90, 0.27);
insert into SHOT values (3457, 3461, 3478, 6592, 1.910, 213.00, 47.60, 1.909, 212.95, 47.61, 0.002, 84.54, -17.16);
insert into SHOT values (3458, 3461, 3479, 6592, 0.520, 44.90, -9.90, 0.517, 45.00, -10.02, 0.003, 209.10, -10.36);
insert into SHOT values (3459, 3461, 3480, 6592, 0.760, 62.40, -71.60, 0.761, 63.43, -71.14, 0.008, 98.76, 8.69);
insert into SHOT values (3460, 3461, 3481, 6592, 0.570, 51.60, -40.90, 0.570, 51.55, -40.44, 0.005, 44.63, 43.67);
insert into SHOT values (3461, 3461, 3482, 6592, 0.220, 189.40, -30.10, 0.222, 188.97, -29.76, 0.002, 153.95, 7.65);
insert into SHOT values (3462, 3461, 3483, 6592, 5.150, 314.90, -13.60, 5.144, 314.92, -13.61, 0.007, 120.30, 8.51);
insert into SHOT values (3463, 3461, 3484, 6592, 5.280, 315.30, -13.90, 5.443, 313.69, -15.67, 0.274, 262.87, -47.26);
insert into SHOT values (3464, 3484, 3485, 6592, 0.460, 247.90, 29.40, 0.464, 248.46, 28.30, 0.010, 275.10, -33.70);
insert into SHOT values (3465, 3484, 3486, 6592, 0.290, 217.70, -38.30, 0.291, 217.87, -38.29, 0.001, 274.90, -17.68);
insert into SHOT values (3466, 3484, 3487, 6592, 0.330, 131.50, -73.00, 0.333, 130.60, -73.93, 0.006, 330.09, -44.26);
insert into SHOT values (3467, 3484, 3488, 6592, 0.840, 39.80, -48.80, 0.839, 39.14, -48.65, 0.007, 319.64, 17.48);
insert into SHOT values (3468, 3484, 3489, 6592, 0.850, 281.20, 5.50, 0.851, 281.58, 5.39, 0.006, 359.73, -14.55);
insert into SHOT values (3469, 3484, 3490, 6592, 2.820, 299.20, -22.60, 3.059, 298.12, -23.71, 0.251, 284.18, -35.70);
insert into SHOT values (3470, 3490, 3491, 6592, 0.430, 215.90, 52.80, 0.427, 215.54, 52.80, 0.004, 76.37, -44.92);
insert into SHOT values (3471, 3490, 3492, 6592, 1.270, 202.90, 35.90, 1.269, 202.83, 35.67, 0.005, 172.36, -63.41);
insert into SHOT values (3472, 3490, 3493, 6592, 0.860, 225.00, -20.20, 0.860, 225.00, -20.41, 0.003, 45.00, -71.77);
insert into SHOT values (3473, 3490, 3494, 6592, 0.890, 213.90, -51.90, 0.893, 213.98, -51.61, 0.006, 221.51, 3.81);
insert into SHOT values (3474, 3490, 3495, 6592, 0.440, 89.90, -71.80, 0.443, 90.00, -71.57, 0.003, 95.33, -37.91);
insert into SHOT values (3475, 3490, 3496, 6592, 2.660, 275.10, -7.60, 2.898, 274.61, -9.33, 0.253, 268.88, -27.84);
insert into SHOT values (3476, 3496, 3497, 6592, 0.790, 231.10, -12.80, 0.787, 231.34, -12.48, 0.006, 352.93, 52.96);
insert into SHOT values (3477, 3496, 3498, 6592, 0.820, 257.30, -20.40, 0.818, 257.23, -20.01, 0.006, 192.67, 79.71);
insert into SHOT values (3478, 3496, 3499, 6592, 0.730, 290.20, -22.80, 0.727, 290.06, -22.66, 0.004, 146.53, 45.43);
insert into SHOT values (3479, 3496, 3500, 6592, 0.350, 73.20, -68.40, 0.348, 72.90, -66.97, 0.009, 67.48, 36.96);
insert into SHOT values (3480, 3496, 3501, 6592, 0.800, 350.20, -34.20, 0.798, 350.39, -34.32, 0.003, 127.47, -5.76);
insert into SHOT values (3481, 3496, 3502, 6592, 0.530, 65.60, -19.90, 0.537, 65.46, -19.59, 0.007, 56.16, 3.10);
insert into SHOT values (3482, 3496, 3503, 6592, 0.820, 19.20, -20.00, 0.824, 19.60, -19.87, 0.007, 70.67, 3.74);
insert into SHOT values (3483, 3496, 3504, 6592, 0.400, 146.60, 13.30, 0.407, 146.31, 12.79, 0.008, 131.29, -14.88);
insert into SHOT values (3484, 3496, 3505, 6592, 0.740, 177.20, 11.70, 0.737, 176.82, 11.75, 0.006, 50.75, -0.60);
insert into SHOT values (3485, 3496, 3506, 6592, 4.270, 261.70, -28.00, 4.558, 261.65, -28.86, 0.296, 260.74, -41.32);
insert into SHOT values (3486, 3506, 3507, 6592, 0.550, 250.00, 48.20, 0.555, 249.62, 47.68, 0.007, 230.06, -0.09);
insert into SHOT values (3487, 3506, 3508, 6592, 1.090, 197.80, 49.10, 1.095, 197.93, 49.27, 0.006, 254.87, 72.74);
insert into SHOT values (3488, 3506, 3509, 6592, 1.740, 328.30, -15.50, 1.733, 328.21, -15.40, 0.008, 170.77, 36.89);
insert into SHOT values (3489, 3506, 3510, 6592, 1.160, 357.50, -25.30, 1.151, 357.25, -25.20, 0.011, 208.81, 33.00);
insert into SHOT values (3490, 3506, 3511, 6592, 7.970, 339.10, -19.70, 7.969, 339.08, -19.65, 0.007, 273.17, 64.20);
insert into SHOT values (3491, 3506, 3512, 6592, 0.570, 293.10, 76.90, 0.575, 292.62, 76.93, 0.005, 239.54, 74.35);
insert into SHOT values (3492, 3506, 3513, 6592, 1.480, 131.10, 30.60, 1.485, 131.19, 30.79, 0.007, 179.18, 68.77);
insert into SHOT values (3493, 3506, 3514, 6592, 0.830, 116.50, 20.10, 0.835, 116.57, 20.33, 0.006, 132.13, 55.31);
insert into SHOT values (3494, 3506, 3515, 6592, 0.920, 57.90, 28.70, 0.917, 57.69, 28.67, 0.004, 288.05, -25.46);
insert into SHOT values (3495, 3506, 3516, 6592, 3.380, 188.20, 33.70, 3.316, 190.00, 31.65, 0.162, 272.10, -56.68);
insert into SHOT values (3496, 3516, 3517, 6592, 0.740, 107.10, -3.70, 0.744, 107.22, -3.08, 0.009, 124.37, 56.81);
insert into SHOT values (3497, 3516, 3518, 6592, 0.860, 65.30, -48.90, 0.850, 65.73, -48.84, 0.011, 210.12, 48.20);
insert into SHOT values (3498, 3516, 3519, 6592, 0.690, 131.40, -40.90, 0.691, 131.91, -40.65, 0.006, 193.37, 18.67);
insert into SHOT values (3499, 3516, 3520, 6592, 0.710, 14.10, -80.10, 0.711, 14.04, -79.98, 0.002, 9.25, -19.36);
insert into SHOT values (3500, 3516, 3521, 6592, 0.950, 328.60, -42.90, 0.942, 328.61, -42.80, 0.008, 147.19, 54.55);
insert into SHOT values (3501, 3516, 3522, 6592, 2.450, 220.60, -1.70, 2.448, 220.53, -1.64, 0.005, 99.28, 35.62);
insert into SHOT values (3502, 3516, 3523, 6592, 1.650, 211.20, -7.00, 1.650, 211.26, -6.96, 0.002, 297.06, 30.70);
insert into SHOT values (3503, 3516, 3524, 6592, 0.960, 187.30, -12.80, 0.961, 187.35, -12.62, 0.003, 215.99, 56.39);
insert into SHOT values (3504, 3516, 3525, 6592, 2.160, 249.20, -14.20, 2.164, 249.06, -14.17, 0.007, 201.11, -1.14);
insert into SHOT values (3505, 3516, 3526, 6592, 3.600, 175.20, 20.00, 3.550, 176.94, 18.05, 0.167, 270.57, -51.86);
insert into SHOT values (3506, 3526, 3527, 6592, 9.840, 318.50, -21.70, 9.837, 318.46, -21.72, 0.008, 194.21, -12.41);
insert into SCRAPS values (6593, 6590, 'Pincemiboucle-1p', 1, 81.48885, 1.61427);
 insert into SCRAPS values (6668, 6590, 'Pincemiboucle-2p', 1, 43.29020, 4.03344);
 insert into SCRAPS values (6690, 6590, 'Pincemiboucle-siphon-p', 1, 70.76498, 2.10554);
 insert into MAPS values (6724, 6590, 'm-all-p', NULL, 1, 138.750, -42.070);
 insert into MAPITEMS values (6724, 4, 6593);
 insert into MAPITEMS values (6724, 4, 6668);
 insert into MAPITEMS values (6724, 4, 6690);
 insert into SCRAPS values (6725, 6590, 'PincemiBoucle-1e', 2, 46.37637, 0.17499);
 insert into SURVEY values (7262, 18, 'PincemiActif', 'PincemiActif.CuevaPirates', 'Pincemi Actif');
 insert into CENTRELINE values (7263, 7262, NULL, NULL, NULL, 0.00, 0.00, 0.00);
 insert into CENTRELINE values (7264, 7262, NULL, '2023-02-25', '2023-02-25', 66.93, 0.00, 0.00);
 insert into TOPO values (11, 7264);
 insert into TOPO values (23, 7264);
 insert into TOPO values (17, 7264);
 insert into EXPLO values (10, 7264);
 insert into SHOT values (3507, 3528, 3529, 7264, 2.880, 12.20, -20.00, 2.834, 11.99, -20.88, 0.064, 201.65, -22.82);
insert into SHOT values (3508, 3529, 3530, 7264, 0.600, 18.10, 83.10, 0.604, 15.95, 83.08, 0.005, 301.81, 57.04);
insert into SHOT values (3509, 3529, 3531, 7264, 0.600, 304.20, 7.80, 0.596, 303.96, 7.71, 0.005, 158.14, -17.81);
insert into SHOT values (3510, 3529, 3532, 7264, 1.450, 283.30, -12.60, 1.455, 283.45, -12.71, 0.006, 327.20, -34.83);
insert into SHOT values (3511, 3529, 3533, 7264, 1.520, 252.80, -26.40, 1.521, 252.90, -26.56, 0.005, 12.87, -57.29);
insert into SHOT values (3512, 3529, 3534, 7264, 0.540, 131.70, -14.50, 0.540, 131.91, -13.93, 0.006, 188.77, 66.68);
insert into SHOT values (3513, 3529, 3535, 7264, 0.720, 166.30, -14.20, 0.724, 165.96, -14.40, 0.006, 111.63, -33.83);
insert into SHOT values (3514, 3529, 3536, 7264, 1.010, 9.20, 41.20, 1.013, 9.09, 41.42, 0.005, 263.78, 72.29);
insert into SHOT values (3515, 3529, 3537, 7264, 0.430, 194.10, -83.10, 0.433, 191.31, -83.24, 0.004, 87.73, -50.29);
insert into SHOT values (3516, 3529, 3538, 7264, 4.080, 53.30, 45.00, 3.963, 53.70, 44.96, 0.119, 219.63, -45.58);
insert into SHOT values (3517, 3538, 3539, 7264, 1.000, 132.90, -7.60, 0.999, 132.55, -7.47, 0.007, 39.38, 20.20);
insert into SHOT values (3518, 3538, 3540, 7264, 0.850, 80.10, -18.30, 0.843, 79.95, -17.96, 0.009, 284.06, 53.24);
insert into SHOT values (3519, 3538, 3541, 7264, 1.280, 56.00, -2.60, 1.282, 55.81, -2.23, 0.009, 359.13, 58.35);
insert into SHOT values (3520, 3538, 3542, 7264, 0.450, 168.40, 46.70, 0.450, 168.69, 47.17, 0.004, 318.38, 38.94);
insert into SHOT values (3521, 3538, 3543, 7264, 0.800, 17.50, -84.30, 0.794, 14.04, -84.04, 0.008, 317.32, 46.47);
insert into SHOT values (3522, 3538, 3544, 7264, 0.720, 321.70, -29.10, 0.724, 322.05, -28.90, 0.006, 359.21, 1.47);
insert into SHOT values (3523, 3538, 3545, 7264, 1.450, 189.40, -29.20, 1.448, 189.54, -28.91, 0.008, 248.95, 64.64);
insert into SHOT values (3524, 3538, 3546, 7264, 1.200, 261.20, -17.40, 1.195, 261.44, -17.03, 0.010, 17.25, 58.48);
insert into SHOT values (3525, 3538, 3547, 7264, 3.560, 87.50, 24.50, 3.484, 88.02, 24.05, 0.086, 240.96, -41.13);
insert into SHOT values (3526, 3547, 3548, 7264, 0.500, 334.20, 78.50, 0.500, 336.04, 78.64, 0.003, 85.73, 0.64);
insert into SHOT values (3527, 3547, 3549, 7264, 1.110, 53.80, 21.60, 1.109, 53.69, 21.70, 0.003, 279.33, 25.76);
insert into SHOT values (3528, 3547, 3550, 7264, 1.260, 323.50, -2.30, 1.259, 323.40, -2.28, 0.002, 208.88, 13.63);
insert into SHOT values (3529, 3547, 3551, 7264, 1.380, 338.40, 16.70, 1.374, 338.12, 16.92, 0.010, 200.83, 19.72);
insert into SHOT values (3530, 3547, 3552, 7264, 0.920, 345.20, 37.80, 0.922, 344.81, 38.16, 0.008, 236.73, 49.95);
insert into SHOT values (3531, 3547, 3553, 7264, 0.560, 215.00, 1.10, 0.560, 214.82, 1.02, 0.002, 139.93, -22.90);
insert into SHOT values (3532, 3547, 3554, 7264, 0.610, 223.70, -37.70, 0.607, 223.32, -37.57, 0.005, 107.11, 40.01);
insert into SHOT values (3533, 3547, 3555, 7264, 1.720, 275.40, -15.30, 1.717, 275.19, -15.20, 0.007, 164.71, 31.29);
insert into SHOT values (3534, 3547, 3556, 7264, 1.680, 305.00, -10.60, 1.674, 304.85, -10.67, 0.008, 159.41, -7.16);
insert into SHOT values (3535, 3547, 3557, 7264, 5.260, 22.00, 15.40, 5.152, 21.93, 14.84, 0.119, 205.86, -40.18);
insert into SHOT values (3536, 3557, 3558, 7264, 2.820, 157.60, 5.70, 2.825, 157.63, 5.69, 0.006, 173.01, -0.82);
insert into SHOT values (3537, 3557, 3559, 7264, 2.890, 138.60, 17.80, 2.896, 138.68, 17.89, 0.009, 177.13, 47.65);
insert into SHOT values (3538, 3557, 3560, 7264, 2.880, 181.90, -10.80, 2.883, 182.02, -10.80, 0.007, 247.52, -2.91);
insert into SHOT values (3539, 3557, 3561, 7264, 1.190, 156.70, 35.60, 1.194, 156.88, 35.88, 0.008, 244.15, 67.39);
insert into SHOT values (3540, 3557, 3562, 7264, 1.440, 164.90, 14.30, 1.443, 165.07, 14.45, 0.006, 231.41, 43.95);
insert into SHOT values (3541, 3557, 3563, 7264, 2.200, 169.90, 8.20, 2.207, 169.98, 8.34, 0.009, 196.63, 43.68);
insert into SHOT values (3542, 3557, 3564, 7264, 1.170, 172.00, 28.40, 1.172, 172.18, 28.54, 0.005, 255.66, 46.50);
insert into SHOT values (3543, 3557, 3565, 7264, 0.860, 153.10, -40.10, 0.861, 153.05, -39.72, 0.006, 144.65, 43.88);
insert into SHOT values (3544, 3557, 3566, 7264, 0.760, 146.00, -47.50, 0.760, 146.93, -47.50, 0.008, 238.67, 2.27);
insert into SHOT values (3545, 3557, 3567, 7264, 1.010, 246.50, -16.60, 1.011, 246.34, -16.07, 0.010, 210.37, 61.23);
insert into SHOT values (3546, 3557, 3568, 7264, 3.900, 106.70, 28.80, 3.845, 107.53, 28.25, 0.082, 228.89, -45.58);
insert into SHOT values (3547, 3568, 3569, 7264, 0.390, 280.20, 85.20, 0.391, 288.43, 85.36, 0.005, 26.65, 16.15);
insert into SHOT values (3548, 3568, 3570, 7264, 0.580, 224.80, 33.80, 0.583, 225.00, 34.46, 0.008, 349.02, 74.56);
insert into SHOT values (3549, 3568, 3571, 7264, 0.570, 228.30, 18.50, 0.575, 228.72, 18.26, 0.006, 266.31, -7.66);
insert into SHOT values (3550, 3568, 3572, 7264, 1.770, 221.10, -17.60, 1.768, 221.15, -17.44, 0.005, 326.43, 72.40);
insert into SHOT values (3551, 3568, 3573, 7264, 2.950, 190.00, 13.20, 2.953, 190.02, 13.31, 0.007, 218.93, 72.35);
insert into SHOT values (3552, 3568, 3574, 7264, 0.600, 201.00, -76.00, 0.596, 201.04, -76.50, 0.006, 20.11, 20.35);
insert into SHOT values (3553, 3568, 3575, 7264, 1.790, 205.90, -20.90, 1.787, 205.95, -20.99, 0.005, 5.78, -18.56);
insert into SHOT values (3554, 3568, 3576, 7264, 1.120, 146.20, -0.20, 1.118, 146.31, 0.00, 0.005, 282.88, 51.35);
insert into SHOT values (3555, 3568, 3577, 7264, 0.730, 339.00, -6.90, 0.732, 339.08, -6.27, 0.008, 355.22, 65.96);
insert into SHOT values (3556, 3568, 3578, 7264, 6.100, 159.30, 26.90, 6.106, 159.98, 25.93, 0.122, 211.06, -47.22);
insert into SHOT values (3557, 3578, 3579, 7264, 1.740, 22.20, -6.00, 1.740, 22.42, -5.94, 0.007, 109.57, 16.04);
insert into SHOT values (3558, 3578, 3580, 7264, 0.280, 22.20, 32.40, 0.273, 23.20, 33.29, 0.009, 175.66, -0.20);
insert into SHOT values (3559, 3578, 3581, 7264, 1.120, 288.80, -44.70, 1.118, 288.43, -44.98, 0.008, 151.07, -16.36);
insert into SHOT values (3560, 3578, 3582, 7264, 2.260, 331.40, -41.30, 2.257, 331.47, -41.30, 0.003, 104.07, 29.49);
insert into SHOT values (3561, 3578, 3583, 7264, 3.520, 311.80, -29.90, 3.512, 311.81, -29.88, 0.008, 129.14, 37.06);
insert into SHOT values (3562, 3578, 3584, 7264, 3.560, 350.30, -34.40, 3.554, 350.38, -34.44, 0.007, 137.70, 9.95);
insert into SHOT values (3563, 3578, 3585, 7264, 1.800, 9.10, -28.20, 1.794, 9.10, -28.28, 0.006, 187.97, 5.24);
insert into SHOT values (3564, 3578, 3586, 7264, 2.490, 74.70, 15.40, 2.493, 74.81, 15.35, 0.006, 127.59, -12.30);
insert into SHOT values (3565, 3578, 3587, 7264, 1.630, 30.20, -13.80, 1.625, 30.47, -13.88, 0.009, 155.19, -7.60);
insert into SHOT values (3566, 3578, 3588, 7264, 1.620, 25.40, -11.00, 1.618, 25.76, -11.05, 0.010, 129.55, -4.97);
insert into SHOT values (3567, 3578, 3589, 7264, 9.380, 31.90, 16.20, 9.270, 31.96, 15.45, 0.164, 204.03, -63.42);
insert into SHOT values (3568, 3589, 3590, 7264, 1.260, 172.40, 76.90, 1.262, 171.87, 77.05, 0.005, 35.98, 36.32);
insert into SHOT values (3569, 3589, 3591, 7264, 1.850, 162.80, 35.10, 1.857, 162.76, 35.18, 0.008, 149.49, 52.59);
insert into SHOT values (3570, 3589, 3592, 7264, 1.520, 158.40, 5.40, 1.525, 158.34, 5.65, 0.008, 135.75, 58.85);
insert into SHOT values (3571, 3589, 3593, 7264, 1.260, 156.90, -24.70, 1.255, 156.80, -24.47, 0.007, 16.74, 64.77);
insert into SHOT values (3572, 3589, 3594, 7264, 1.300, 187.10, -74.80, 1.296, 186.71, -74.68, 0.005, 129.70, 58.53);
insert into SHOT values (3573, 3589, 3595, 7264, 1.300, 167.50, -70.00, 1.297, 166.91, -70.11, 0.006, 42.66, 16.07);
insert into SHOT values (3574, 3589, 3596, 7264, 0.940, 253.20, -4.80, 0.933, 253.12, -4.92, 0.007, 83.74, -11.23);
insert into SHOT values (3575, 3589, 3597, 7264, 1.970, 241.00, -14.30, 1.971, 240.89, -14.10, 0.008, 184.87, 55.47);
insert into SHOT values (3576, 3589, 3598, 7264, 2.200, 132.10, 10.20, 2.202, 132.01, 10.20, 0.004, 64.75, 6.19);
insert into SHOT values (3577, 3589, 3599, 7264, 1.510, 155.40, 9.50, 1.506, 155.33, 9.55, 0.004, 0.51, 10.70);
insert into SHOT values (3578, 3589, 3600, 7264, 1.980, 185.20, -16.30, 1.976, 185.14, -16.16, 0.007, 40.81, 59.08);
insert into SHOT values (3579, 3589, 3601, 7264, 1.690, 193.10, 17.30, 1.690, 192.91, 17.57, 0.010, 74.77, 51.48);
insert into SHOT values (3580, 3589, 3602, 7264, 3.760, 68.90, 33.90, 3.659, 69.42, 33.70, 0.106, 229.03, -39.44);
insert into SHOT values (3581, 3602, 3603, 7264, 0.830, 132.10, 12.60, 0.827, 131.99, 12.57, 0.003, 341.72, -18.23);
insert into SHOT values (3582, 3602, 3604, 7264, 1.210, 155.40, 54.60, 1.216, 154.89, 54.47, 0.009, 108.12, 23.14);
insert into SHOT values (3583, 3602, 3605, 7264, 0.860, 255.60, 77.80, 0.858, 256.76, 78.26, 0.008, 49.24, -4.15);
insert into SHOT values (3584, 3602, 3606, 7264, 2.710, 299.50, -7.60, 2.702, 299.53, -7.66, 0.009, 109.06, -10.68);
insert into SHOT values (3585, 3602, 3607, 7264, 1.040, 321.30, 29.10, 1.038, 321.74, 29.42, 0.009, 84.38, 27.15);
insert into SHOT values (3586, 3602, 3608, 7264, 1.490, 286.00, -41.40, 1.490, 286.16, -41.63, 0.007, 66.17, -44.20);
insert into SHOT values (3587, 3602, 3609, 7264, 0.850, 204.90, -64.70, 0.851, 204.44, -64.79, 0.003, 99.88, -27.12);
insert into SHOT values (3588, 3602, 3610, 7264, 2.150, 41.40, 19.80, 2.154, 41.40, 19.81, 0.004, 40.65, 26.52);
insert into SHOT values (3589, 3602, 3611, 7264, 1.420, 7.10, 7.60, 1.424, 7.33, 7.67, 0.007, 61.54, 17.76);
insert into SHOT values (3590, 3602, 3612, 7264, 1.290, 331.60, 10.00, 1.289, 331.82, 9.82, 0.006, 59.51, -39.19);
insert into SHOT values (3591, 3602, 3613, 7264, 2.400, 262.10, -20.40, 2.394, 262.05, -20.54, 0.009, 95.77, -22.76);
insert into SHOT values (3592, 3602, 3614, 7264, 2.070, 202.10, -29.80, 2.065, 201.98, -29.92, 0.007, 53.46, -9.93);
insert into SHOT values (3593, 3602, 3615, 7264, 2.630, 212.10, -25.60, 2.632, 212.08, -25.67, 0.004, 153.92, -76.50);
insert into SHOT values (3594, 3602, 3616, 7264, 5.860, 24.50, 21.60, 5.747, 24.46, 21.11, 0.123, 206.86, -44.96);
insert into SHOT values (3595, 3616, 3617, 7264, 0.590, 291.10, 86.60, 0.591, 303.69, 86.50, 0.008, 19.66, 7.53);
insert into SHOT values (3596, 3616, 3618, 7264, 1.890, 288.00, -11.40, 1.890, 288.24, -11.29, 0.009, 15.21, 24.74);
insert into SHOT values (3597, 3616, 3619, 7264, 0.760, 119.10, 58.40, 0.762, 118.50, 58.50, 0.005, 29.03, 32.61);
insert into SHOT values (3598, 3616, 3620, 7264, 0.310, 128.20, -43.80, 0.306, 125.84, -43.40, 0.010, 26.48, 26.03);
insert into SHOT values (3599, 3616, 3621, 7264, 0.840, 292.00, -52.40, 0.835, 293.05, -52.26, 0.011, 33.01, 30.05);
insert into SHOT values (3600, 3616, 3622, 7264, 2.210, 284.40, -31.70, 2.209, 284.48, -31.68, 0.003, 27.03, 25.72);
insert into SHOT values (3601, 3616, 3623, 7264, 2.510, 265.80, -24.20, 2.503, 265.99, -24.05, 0.012, 23.10, 46.88);
insert into SHOT values (3602, 3616, 3624, 7264, 2.320, 8.90, 16.40, 2.322, 8.79, 16.51, 0.007, 285.36, 47.92);
insert into SHOT values (3603, 3616, 3625, 7264, 3.400, 8.00, 36.50, 3.407, 7.98, 36.57, 0.008, 353.84, 65.25);
insert into SHOT values (3604, 3616, 3626, 7264, 10.360, 355.80, 12.20, 10.275, 355.10, 11.28, 0.223, 243.57, -53.60);
insert into SHOT values (3605, 3626, 3627, 7264, 0.930, 242.80, -4.00, 0.933, 243.16, -4.30, 0.008, 309.93, -38.98);
insert into SHOT values (3606, 3626, 3628, 7264, 0.380, 251.00, 49.80, 0.385, 251.57, 48.90, 0.008, 268.96, -1.72);
insert into SHOT values (3607, 3626, 3629, 7264, 0.620, 64.70, -32.40, 0.624, 63.92, -33.01, 0.011, 332.50, -47.70);
insert into SHOT values (3608, 3626, 3630, 7264, 1.240, 68.80, -59.30, 1.243, 68.70, -59.38, 0.004, 347.85, -73.93);
insert into SHOT values (3609, 3626, 3631, 7264, 1.260, 240.40, -55.80, 1.269, 240.55, -55.86, 0.009, 267.57, -61.91);
insert into SHOT values (3610, 3626, 3632, 7264, 1.540, 292.30, -22.70, 1.547, 292.25, -22.82, 0.008, 279.25, -45.43);
insert into SHOT values (3611, 3626, 3633, 7264, 3.450, 327.80, -12.30, 3.459, 327.81, -12.35, 0.010, 333.71, -30.61);
insert into SHOT values (3612, 3626, 3634, 7264, 1.460, 130.40, -25.80, 1.460, 130.36, -26.00, 0.005, 332.26, -64.44);
insert into SHOT values (3613, 3626, 3635, 7264, 1.780, 190.50, -11.30, 1.775, 190.60, -11.38, 0.007, 343.06, -10.52);
insert into SHOT values (3614, 3626, 3636, 7264, 1.310, 201.50, -14.10, 1.310, 201.72, -14.14, 0.005, 296.05, -10.13);
insert into SHOT values (3615, 3626, 3637, 7264, 3.730, 177.90, 4.00, 3.731, 178.00, 4.00, 0.007, 255.98, -1.68);
insert into SHOT values (3616, 3626, 3638, 7264, 6.320, 334.00, -15.70, 6.303, 333.22, -16.69, 0.138, 213.97, -46.53);
insert into SHOT values (3617, 3638, 3639, 7264, 0.830, 331.60, 78.30, 0.828, 331.93, 78.15, 0.003, 1.59, -54.79);
insert into SHOT values (3618, 3638, 3640, 7264, 1.630, 65.70, 61.00, 1.633, 66.04, 61.15, 0.007, 182.50, 40.04);
insert into SHOT values (3619, 3638, 3641, 7264, 1.060, 70.20, 32.90, 1.064, 70.35, 33.03, 0.005, 119.40, 54.63);
insert into SHOT values (3620, 3638, 3642, 7264, 1.380, 255.70, 14.30, 1.384, 255.76, 14.22, 0.004, 274.06, -11.55);
insert into SHOT values (3621, 3638, 3643, 7264, 0.820, 259.40, -25.70, 0.826, 259.14, -25.84, 0.007, 222.39, -38.52);
insert into SHOT values (3622, 3638, 3644, 7264, 1.880, 311.80, 10.40, 1.880, 311.71, 10.42, 0.003, 211.51, 12.04);
insert into SHOT values (3623, 3638, 3645, 7264, 1.480, 358.40, 6.40, 1.479, 358.44, 6.21, 0.005, 100.78, -77.69);
insert into SHOT values (3624, 3638, 3646, 7264, 1.030, 29.40, 18.90, 1.030, 29.45, 18.68, 0.004, 57.71, -62.06);
insert into SHOT values (3625, 3638, 3647, 7264, 1.430, 116.50, 14.40, 1.432, 116.57, 14.56, 0.005, 167.22, 65.06);
insert into SHOT values (3626, 3638, 3648, 7264, 2.780, 144.70, 10.40, 2.778, 144.68, 10.37, 0.002, 358.10, -49.23);
insert into SHOT values (3627, 3638, 3649, 7264, 3.810, 179.70, 7.10, 3.809, 179.70, 7.09, 0.001, 15.55, -50.46);
insert into SHOT values (3628, 3638, 3650, 7264, 1.780, 212.30, 2.80, 1.778, 212.35, 2.90, 0.004, 0.24, 47.73);
insert into SHOT values (3629, 3638, 3651, 7264, 1.140, 231.10, 6.40, 1.138, 231.10, 6.56, 0.004, 49.66, 53.20);
insert into SHOT values (3630, 3638, 3652, 7264, 5.470, 343.00, 4.90, 5.397, 342.37, 4.14, 0.118, 204.07, -40.74);
insert into SCRAPS values (7265, 7262, 'PincemiActif-1p', 1, 26.33606, 0.79677);
 insert into MAPS values (7349, 7262, 'm-all-p', NULL, 1, 66.930, -18.610);
 insert into MAPITEMS values (7349, 4, 7265);
 insert into SCRAPS values (7350, 7262, 'PincemiActif-1e', 2, 83.52558, 0.46847);
 insert into MAPS values (7508, 7262, 'm-all-e', NULL, 2, 66.930, -18.610);
 insert into MAPITEMS values (7508, 4, 7350);
 insert into SURVEY values (7510, 18, 'Pincemi2', 'Pincemi2.CuevaPirates', 'Pincemi2');
 insert into CENTRELINE values (7511, 7510, NULL, NULL, NULL, 0.00, 0.00, 0.00);
 insert into CENTRELINE values (7512, 7510, NULL, '2023-02-25', '2023-02-25', 101.33, 0.00, 0.00);
 insert into TOPO values (11, 7512);
 insert into TOPO values (23, 7512);
 insert into TOPO values (17, 7512);
 insert into EXPLO values (10, 7512);
 insert into SHOT values (3631, 3653, 3654, 7512, 2.680, 284.20, 9.80, 2.681, 284.25, 9.88, 0.004, 5.31, 60.42);
insert into SHOT values (3632, 3653, 3655, 7512, 2.830, 283.70, 8.90, 2.824, 283.69, 8.96, 0.007, 108.88, 17.84);
insert into SHOT values (3633, 3655, 3656, 7512, 2.240, 257.30, -6.90, 2.241, 257.28, -6.92, 0.002, 209.52, -34.98);
insert into SHOT values (3634, 3655, 3657, 7512, 0.810, 68.00, -38.60, 0.810, 67.86, -38.13, 0.007, 46.94, 51.88);
insert into SHOT values (3635, 3655, 3658, 7512, 1.480, 71.80, -52.90, 1.481, 71.77, -52.82, 0.002, 58.71, 10.72);
insert into SHOT values (3636, 3655, 3659, 7512, 0.990, 235.80, -65.80, 0.989, 235.92, -65.48, 0.006, 246.49, 32.29);
insert into SHOT values (3637, 3655, 3660, 7512, 0.830, 178.60, -77.50, 0.830, 180.00, -77.47, 0.004, 264.68, 4.23);
insert into SHOT values (3638, 3655, 3661, 7512, 1.470, 224.60, 0.70, 1.471, 224.45, 0.78, 0.004, 148.44, 27.09);
insert into SHOT values (3639, 3655, 3662, 7512, 1.030, 175.00, 0.30, 1.034, 175.01, 0.55, 0.006, 176.64, 49.46);
insert into SHOT values (3640, 3655, 3663, 7512, 1.360, 128.40, -4.80, 1.357, 128.40, -4.65, 0.005, 310.78, 54.09);
insert into SHOT values (3641, 3655, 3664, 7512, 0.760, 160.40, -62.90, 0.755, 161.57, -62.56, 0.010, 237.93, 42.17);
insert into SHOT values (3642, 3655, 3665, 7512, 3.330, 297.00, -50.10, 3.325, 297.05, -50.08, 0.006, 85.31, 55.31);
insert into SHOT values (3643, 3655, 3666, 7512, 2.840, 3.30, -64.50, 2.837, 3.28, -64.48, 0.003, 211.38, 77.66);
insert into SHOT values (3644, 3655, 3667, 7512, 6.320, 331.70, -45.50, 6.321, 331.70, -45.52, 0.002, 162.73, -82.30);
insert into SHOT values (3645, 3667, 3668, 7512, 1.010, 225.20, 39.80, 1.014, 225.00, 39.88, 0.005, 169.42, 46.74);
insert into SHOT values (3646, 3667, 3669, 7512, 0.830, 258.20, 63.50, 0.836, 257.47, 63.82, 0.009, 149.45, 55.49);
insert into SHOT values (3647, 3667, 3670, 7512, 0.720, 23.20, 27.10, 0.721, 22.96, 27.25, 0.003, 289.35, 37.17);
insert into SHOT values (3648, 3667, 3671, 7512, 2.320, 34.80, -4.70, 2.321, 34.79, -4.69, 0.001, 16.50, 3.98);
insert into SHOT values (3649, 3667, 3672, 7512, 1.380, 347.10, 3.10, 1.378, 346.97, 3.33, 0.007, 216.46, 53.45);
insert into SHOT values (3650, 3667, 3673, 7512, 1.330, 277.90, 20.20, 1.333, 277.81, 20.18, 0.004, 246.89, 10.75);
insert into SHOT values (3651, 3667, 3674, 7512, 3.270, 305.80, 1.30, 3.268, 305.78, 1.40, 0.006, 147.18, 64.60);
insert into SHOT values (3652, 3667, 3675, 7512, 2.800, 88.40, 10.20, 2.796, 88.33, 10.30, 0.007, 303.17, 36.71);
insert into SHOT values (3653, 3667, 3676, 7512, 1.120, 202.50, 31.30, 1.122, 202.80, 31.72, 0.010, 317.69, 55.43);
insert into SHOT values (3654, 3667, 3677, 7512, 6.920, 325.10, -18.70, 6.920, 325.12, -18.62, 0.010, 3.33, 64.29);
insert into SHOT values (3655, 3677, 3678, 7512, 0.630, 76.50, 8.00, 0.621, 76.87, 7.40, 0.012, 229.62, -41.42);
insert into SHOT values (3656, 3677, 3679, 7512, 2.200, 122.10, 18.80, 2.195, 122.24, 18.59, 0.010, 232.16, -59.14);
insert into SHOT values (3657, 3677, 3680, 7512, 0.540, 141.90, 32.70, 0.540, 142.13, 32.45, 0.003, 189.23, -35.38);
insert into SHOT values (3658, 3677, 3681, 7512, 1.600, 258.70, -0.90, 1.603, 258.48, -1.07, 0.008, 190.51, -36.26);
insert into SHOT values (3659, 3677, 3682, 7512, 0.310, 226.20, -40.30, 0.313, 225.00, -39.76, 0.006, 174.22, 4.52);
insert into SHOT values (3660, 3677, 3683, 7512, 2.850, 201.70, 7.40, 2.855, 201.76, 7.24, 0.010, 231.14, -47.75);
insert into SHOT values (3661, 3677, 3684, 7512, 0.770, 217.90, 9.20, 0.772, 218.07, 8.95, 0.004, 265.90, -45.14);
insert into SHOT values (3662, 3677, 3685, 7512, 0.820, 245.80, -9.60, 0.826, 245.32, -9.75, 0.010, 196.48, -19.98);
insert into SHOT values (3663, 3677, 3686, 7512, 0.610, 246.20, -3.00, 0.615, 245.94, -3.73, 0.009, 212.30, -58.55);
insert into SHOT values (3664, 3677, 3687, 7512, 4.020, 280.90, -15.90, 4.026, 280.87, -16.01, 0.009, 253.07, -66.86);
insert into SHOT values (3665, 3677, 3688, 7512, 3.260, 277.10, -16.50, 3.259, 276.99, -16.58, 0.008, 164.30, -31.94);
insert into SHOT values (3666, 3688, 3689, 7512, 0.910, 343.50, 81.20, 0.912, 344.05, 80.81, 0.007, 355.96, 6.22);
insert into SHOT values (3667, 3688, 3690, 7512, 1.030, 35.60, 24.80, 1.027, 35.39, 24.76, 0.005, 266.56, -25.34);
insert into SHOT values (3668, 3688, 3691, 7512, 0.910, 206.40, 9.00, 0.905, 206.57, 8.90, 0.006, 355.89, -24.89);
insert into SHOT values (3669, 3688, 3692, 7512, 1.480, 255.50, 31.80, 1.481, 255.74, 31.78, 0.005, 335.75, 1.12);
insert into SHOT values (3670, 3688, 3693, 7512, 1.900, 304.20, -0.70, 1.908, 304.11, -0.60, 0.009, 283.76, 19.80);
insert into SHOT values (3671, 3688, 3694, 7512, 1.390, 163.90, 22.70, 1.388, 164.12, 22.89, 0.007, 289.93, 31.04);
insert into SHOT values (3672, 3688, 3695, 7512, 1.340, 71.90, 24.40, 1.339, 71.86, 24.26, 0.004, 4.59, -76.12);
insert into SHOT values (3673, 3688, 3696, 7512, 3.600, 352.10, -2.30, 3.608, 352.03, -2.22, 0.010, 321.50, 26.45);
insert into SHOT values (3674, 3688, 3697, 7512, 3.460, 358.90, -0.40, 3.461, 358.84, -0.33, 0.006, 281.41, 48.70);
insert into SHOT values (3675, 3688, 3698, 7512, 1.000, 110.00, 0.00, 1.000, 109.89, 0.00, 0.002, 8.65, 0.00);
insert into SHOT values (3676, 3688, 3699, 7512, 1.000, 290.00, 0.00, 1.000, 289.89, 0.00, 0.002, 188.65, 0.00);
insert into SHOT values (3677, 3688, 3700, 7512, 0.200, 0.00, 90.00, 0.200, 90.00, 90.00, 0.000, 0.00, 76.14);
insert into SHOT values (3678, 3688, 3701, 7512, 0.000, 0.00, -90.00, 0.000, 90.00, 0.00, 0.000, 90.00, 0.00);
insert into SHOT values (3679, 3688, 3702, 7512, 1.000, 256.00, 0.00, 0.999, 256.10, 0.00, 0.002, 8.75, 0.00);
insert into SHOT values (3680, 3688, 3703, 7512, 1.000, 76.00, 0.00, 0.999, 76.10, 0.00, 0.002, 188.75, 0.00);
insert into SHOT values (3681, 3688, 3704, 7512, 0.200, 0.00, 90.00, 0.200, 90.00, 90.00, 0.000, 0.00, 76.14);
insert into SHOT values (3682, 3688, 3705, 7512, 0.000, 0.00, -90.00, 0.000, 90.00, 0.00, 0.000, 90.00, 0.00);
insert into SHOT values (3683, 3688, 3706, 7512, 10.000, 346.00, -8.00, 10.002, 345.98, -7.99, 0.005, 288.79, 20.75);
insert into SHOT values (3684, 3706, 3707, 7512, 1.000, 260.00, 0.00, 0.995, 260.16, 0.00, 0.006, 52.81, 0.00);
insert into SHOT values (3685, 3706, 3708, 7512, 1.500, 80.00, 0.00, 1.503, 80.04, 0.00, 0.003, 99.61, 0.00);
insert into SHOT values (3686, 3706, 3709, 7512, 0.200, 0.00, 90.00, 0.200, 90.00, 90.00, 0.000, 0.00, 76.14);
insert into SHOT values (3687, 3706, 3710, 7512, 0.000, 0.00, -90.00, 0.000, 90.00, 0.00, 0.000, 90.00, 0.00);
insert into SHOT values (3688, 3706, 3711, 7512, 10.000, 350.00, -10.00, 10.002, 350.00, -10.02, 0.004, 3.75, -66.36);
insert into SHOT values (3689, 3711, 3712, 7512, 0.500, 230.00, 0.00, 0.497, 229.90, 0.00, 0.003, 65.24, 0.00);
insert into SHOT values (3690, 3711, 3713, 7512, 1.000, 50.00, 0.00, 1.001, 50.27, 0.00, 0.005, 125.17, 0.00);
insert into SHOT values (3691, 3711, 3714, 7512, 2.000, 0.00, 90.00, 2.000, 90.00, 90.00, 0.000, 0.00, 0.00);
insert into SHOT values (3692, 3711, 3715, 7512, 0.000, 0.00, -90.00, 0.000, 90.00, 0.00, 0.000, 90.00, 0.00);
insert into SHOT values (3693, 3711, 3716, 7512, 5.000, 320.00, 10.00, 4.996, 320.03, 10.03, 0.006, 111.69, 17.74);
insert into SHOT values (3694, 3716, 3717, 7512, 1.000, 235.00, 0.00, 0.999, 235.20, 0.00, 0.004, 346.66, 0.00);
insert into SHOT values (3695, 3716, 3718, 7512, 1.200, 55.00, 0.00, 1.199, 54.85, 0.00, 0.003, 299.80, 0.00);
insert into SHOT values (3696, 3716, 3719, 7512, 2.000, 0.00, 90.00, 2.000, 90.00, 90.00, 0.000, 0.00, 0.00);
insert into SHOT values (3697, 3716, 3720, 7512, 1.000, 0.00, -90.00, 1.000, 90.00, -90.00, 0.000, 0.00, 0.00);
insert into SHOT values (3698, 3716, 3721, 7512, 15.000, 325.00, 15.00, 15.006, 324.97, 14.99, 0.010, 278.36, -13.37);
insert into SHOT values (3699, 3721, 3722, 7512, 0.500, 250.00, 0.00, 0.500, 250.11, 0.00, 0.001, 351.35, 0.00);
insert into SHOT values (3700, 3721, 3723, 7512, 0.200, 70.00, 0.00, 0.202, 69.78, 0.00, 0.003, 52.25, 0.00);
insert into SHOT values (3701, 3721, 3724, 7512, 1.500, 0.00, 90.00, 1.500, 90.00, 90.00, 0.000, 0.00, 0.00);
insert into SHOT values (3702, 3721, 3725, 7512, 1.000, 0.00, -90.00, 1.000, 90.00, -90.00, 0.000, 0.00, 0.00);
insert into SHOT values (3703, 3721, 3726, 7512, 5.000, 340.00, -5.00, 4.998, 340.04, -4.94, 0.007, 99.23, 57.79);
insert into SHOT values (3704, 3726, 3727, 7512, 1.000, 230.00, 0.00, 0.994, 229.90, 0.00, 0.007, 65.24, 0.00);
insert into SHOT values (3705, 3726, 3728, 7512, 1.000, 50.00, 0.00, 1.001, 50.27, 0.00, 0.005, 125.17, 0.00);
insert into SHOT values (3706, 3726, 3729, 7512, 2.000, 0.00, 90.00, 2.000, 90.00, 90.00, 0.000, 0.00, 0.00);
insert into SHOT values (3707, 3726, 3730, 7512, 0.500, 0.00, -90.00, 0.500, 90.00, -90.00, 0.000, 0.00, 0.00);
insert into SHOT values (3708, 3726, 3731, 7512, 10.000, 320.00, 10.00, 9.996, 319.99, 9.97, 0.008, 176.87, -57.87);
insert into SHOT values (3709, 3731, 3732, 7512, 1.000, 225.00, 0.00, 0.997, 225.41, 0.00, 0.008, 337.85, 0.00);
insert into SHOT values (3710, 3731, 3733, 7512, 0.500, 45.00, 0.00, 0.502, 44.19, 0.00, 0.007, 331.14, 0.00);
insert into SHOT values (3711, 3731, 3734, 7512, 2.000, 0.00, 90.00, 2.000, 90.00, 90.00, 0.000, 0.00, 0.00);
insert into SHOT values (3712, 3731, 3735, 7512, 0.000, 0.00, -90.00, 0.000, 90.00, 0.00, 0.000, 90.00, 0.00);
insert into SHOT values (3713, 3731, 3736, 7512, 12.000, 315.00, 5.00, 12.003, 315.03, 5.02, 0.009, 23.12, 28.46);
insert into SHOT values (3714, 3726, 3737, 7512, 1.000, 310.00, 0.00, 0.994, 310.10, 0.00, 0.007, 114.76, 0.00);
insert into SHOT values (3715, 3726, 3738, 7512, 1.000, 130.00, 0.00, 1.001, 129.73, 0.00, 0.005, 54.83, 0.00);
insert into SHOT values (3716, 3726, 3739, 7512, 0.500, 0.00, 90.00, 0.500, 90.00, 90.00, 0.000, 0.00, 0.00);
insert into SHOT values (3717, 3726, 3740, 7512, 0.500, 0.00, -90.00, 0.500, 90.00, -90.00, 0.000, 0.00, 0.00);
insert into SHOT values (3718, 3726, 3741, 7512, 15.000, 40.00, -25.00, 14.998, 40.02, -25.01, 0.004, 159.22, -9.44);
insert into SCRAPS values (7513, 7510, 'Pincemi2-plan1p', 1, 18.94549, 1.82597);
 insert into MAPS values (7576, 7510, 'm-all-p', NULL, 1, 101.330, -12.800);
 insert into MAPITEMS values (7576, 4, 7513);
 insert into SCRAPS values (7577, 7510, 'Pincemi2-1e', 2, 57.65291, 2.24435);
 insert into MAPS values (7703, 7510, 'm-all-e', NULL, 2, 101.330, -12.800);
 insert into MAPITEMS values (7703, 4, 7577);
 insert into SURVEY values (7705, 18, 'Rhinalto', 'Rhinalto.CuevaPirates', 'Rhinalto');
 insert into CENTRELINE values (7706, 7705, NULL, NULL, NULL, 0.00, 0.00, 0.00);
 insert into CENTRELINE values (7707, 7705, NULL, '2023-03-02', '2023-03-02', 127.61, 0.00, 0.00);
 insert into TOPO values (23, 7707);
 insert into TOPO values (17, 7707);
 insert into EXPLO values (10, 7707);
 insert into SHOT values (3719, 3742, 3743, 7707, 3.400, 318.50, -25.70, 3.406, 318.57, -25.75, 0.008, 0.46, -45.55);
insert into SHOT values (3720, 3743, 3744, 7707, 2.350, 143.80, 0.00, 2.354, 143.81, 0.00, 0.004, 150.32, 0.00);
insert into SHOT values (3721, 3743, 3745, 7707, 2.510, 147.70, 23.70, 2.517, 147.76, 23.66, 0.008, 165.52, 8.36);
insert into SHOT values (3722, 3743, 3746, 7707, 2.330, 175.30, 15.60, 2.335, 175.15, 15.66, 0.008, 118.91, 26.06);
insert into SHOT values (3723, 3743, 3747, 7707, 1.240, 190.60, -6.80, 1.238, 190.30, -6.49, 0.009, 87.66, 46.38);
insert into SHOT values (3724, 3743, 3748, 7707, 0.820, 22.10, -18.60, 0.822, 22.62, -18.43, 0.008, 90.53, 11.49);
insert into SHOT values (3725, 3743, 3749, 7707, 0.950, 136.30, -26.40, 0.953, 136.42, -26.14, 0.006, 156.31, 24.59);
insert into SHOT values (3726, 3743, 3750, 7707, 1.200, 247.80, -0.30, 1.202, 247.49, 0.00, 0.009, 171.13, 43.26);
insert into SHOT values (3727, 3743, 3751, 7707, 2.070, 279.70, -11.70, 2.060, 279.70, -11.48, 0.013, 100.79, 50.14);
insert into SHOT values (3728, 3743, 3752, 7707, 0.600, 302.60, 9.70, 0.604, 302.62, 10.50, 0.009, 307.75, 76.01);
insert into SHOT values (3729, 3743, 3753, 7707, 1.250, 265.60, -37.20, 1.245, 265.38, -37.06, 0.007, 142.95, 51.78);
insert into SHOT values (3730, 3743, 3754, 7707, 0.540, 327.60, -74.70, 0.538, 329.74, -75.04, 0.006, 92.79, 7.71);
insert into SHOT values (3731, 3743, 3755, 7707, 0.760, 148.40, -50.90, 0.753, 148.63, -50.38, 0.010, 213.31, 77.90);
insert into SHOT values (3732, 3743, 3756, 7707, 1.340, 188.10, 27.20, 1.343, 187.72, 27.50, 0.011, 90.52, 43.36);
insert into SHOT values (3733, 3743, 3757, 7707, 2.530, 261.80, -21.60, 2.532, 261.70, -21.55, 0.005, 200.91, 15.75);
insert into SHOT values (3734, 3757, 3758, 7707, 2.530, 195.40, -13.30, 2.525, 195.34, -13.28, 0.006, 45.73, 20.71);
insert into SHOT values (3735, 3757, 3759, 7707, 3.470, 173.00, 7.00, 3.472, 173.00, 7.11, 0.007, 170.20, 77.63);
insert into SHOT values (3736, 3757, 3760, 7707, 4.550, 158.90, 29.80, 4.549, 158.76, 29.79, 0.009, 67.25, -7.51);
insert into SHOT values (3737, 3757, 3761, 7707, 3.340, 181.60, 28.90, 3.340, 181.57, 29.01, 0.007, 29.46, 60.19);
insert into SHOT values (3738, 3757, 3762, 7707, 1.080, 120.10, 33.50, 1.082, 119.98, 33.68, 0.004, 27.06, 64.51);
insert into SHOT values (3739, 3757, 3763, 7707, 0.550, 146.90, -33.70, 0.545, 146.66, -33.41, 0.006, 2.03, 57.26);
insert into SHOT values (3740, 3757, 3764, 7707, 1.700, 285.00, -78.70, 1.693, 285.71, -78.68, 0.008, 24.91, 59.36);
insert into SHOT values (3741, 3757, 3765, 7707, 2.720, 241.50, -50.70, 2.713, 241.50, -50.71, 0.007, 63.03, 47.03);
insert into SHOT values (3742, 3757, 3766, 7707, 1.850, 330.30, -40.50, 1.845, 330.51, -40.57, 0.007, 105.58, 11.52);
insert into SHOT values (3743, 3757, 3767, 7707, 4.790, 282.50, -48.20, 4.785, 282.51, -48.26, 0.007, 98.32, 6.68);
insert into SHOT values (3744, 3757, 3768, 7707, 4.280, 298.50, -40.90, 4.279, 298.62, -40.87, 0.007, 25.38, 18.01);
insert into SHOT values (3745, 3757, 3769, 7707, 7.650, 261.70, -46.70, 7.644, 261.67, -46.67, 0.008, 149.40, 67.70);
insert into SHOT values (3746, 3757, 3770, 7707, 3.650, 277.90, -50.80, 3.640, 277.99, -50.77, 0.010, 59.71, 55.81);
insert into SHOT values (3747, 3757, 3771, 7707, 1.250, 261.90, -42.60, 1.245, 261.87, -42.42, 0.006, 110.59, 80.63);
insert into SHOT values (3748, 3757, 3772, 7707, 2.320, 80.50, 33.40, 2.330, 80.54, 33.33, 0.010, 88.07, 16.53);
insert into SHOT values (3749, 3757, 3773, 7707, 1.340, 55.00, 44.30, 1.345, 55.15, 44.32, 0.006, 90.99, 43.07);
insert into SHOT values (3750, 3757, 3774, 7707, 0.960, 108.70, 22.80, 0.964, 108.43, 23.23, 0.009, 24.83, 62.71);
insert into SHOT values (3751, 3757, 3775, 7707, 1.340, 28.10, 10.40, 1.344, 28.51, 10.72, 0.013, 105.94, 40.23);
insert into SHOT values (3752, 3757, 3776, 7707, 1.080, 3.20, -9.70, 1.077, 3.24, -9.62, 0.004, 168.79, 33.66);
insert into SHOT values (3753, 3757, 3777, 7707, 1.760, 333.20, -38.80, 1.759, 333.62, -38.70, 0.011, 55.97, 15.49);
insert into SHOT values (3754, 3757, 3778, 7707, 1.920, 304.60, -31.70, 1.918, 304.76, -31.77, 0.005, 62.70, -11.84);
insert into SHOT values (3755, 3757, 3779, 7707, 3.130, 182.30, 7.00, 3.127, 182.22, 7.17, 0.011, 48.30, 53.77);
insert into SHOT values (3756, 3779, 3780, 7707, 2.250, 37.70, 17.00, 2.248, 37.83, 16.80, 0.009, 120.49, -58.21);
insert into SHOT values (3757, 3779, 3781, 7707, 2.180, 47.70, 42.40, 2.178, 47.77, 42.45, 0.004, 191.23, 0.34);
insert into SHOT values (3758, 3779, 3782, 7707, 1.530, 84.50, 24.80, 1.527, 84.62, 24.78, 0.004, 218.76, -23.76);
insert into SHOT values (3759, 3779, 3783, 7707, 2.430, 92.90, 69.30, 2.428, 93.33, 69.22, 0.008, 161.76, -24.43);
insert into SHOT values (3760, 3779, 3784, 7707, 1.230, 102.30, -2.30, 1.229, 102.23, -2.33, 0.002, 336.28, -17.83);
insert into SHOT values (3761, 3779, 3785, 7707, 0.750, 283.40, 79.50, 0.742, 282.99, 79.64, 0.008, 119.53, -65.46);
insert into SHOT values (3762, 3779, 3786, 7707, 1.650, 322.00, -19.30, 1.647, 321.80, -19.51, 0.009, 189.90, -32.66);
insert into SHOT values (3763, 3779, 3787, 7707, 2.700, 356.60, 2.30, 2.697, 356.60, 2.13, 0.009, 180.03, -69.79);
insert into SHOT values (3764, 3779, 3788, 7707, 4.870, 340.60, -24.30, 4.866, 340.62, -24.40, 0.010, 146.57, -37.15);
insert into SHOT values (3765, 3779, 3789, 7707, 1.700, 7.50, 34.90, 1.696, 7.43, 34.88, 0.004, 220.46, -40.85);
insert into SHOT values (3766, 3779, 3790, 7707, 2.110, 50.80, 46.40, 2.106, 50.85, 46.21, 0.008, 81.97, -73.28);
insert into SHOT values (3767, 3779, 3791, 7707, 1.260, 73.10, 34.70, 1.255, 73.14, 34.46, 0.007, 225.64, -77.41);
insert into SHOT values (3768, 3779, 3792, 7707, 2.890, 122.60, -24.40, 2.896, 122.60, -24.48, 0.007, 126.13, -60.77);
insert into SHOT values (3769, 3779, 3793, 7707, 3.900, 125.20, 65.80, 3.894, 125.08, 65.73, 0.008, 66.98, -61.51);
insert into SHOT values (3770, 3779, 3794, 7707, 3.680, 103.30, 41.10, 3.675, 103.34, 40.98, 0.009, 148.28, -75.26);
insert into SHOT values (3771, 3779, 3795, 7707, 4.180, 83.00, 54.20, 4.182, 82.96, 54.16, 0.004, 57.00, -3.82);
insert into SHOT values (3772, 3779, 3796, 7707, 3.570, 87.40, 55.00, 3.569, 87.49, 54.90, 0.007, 123.04, -39.54);
insert into SHOT values (3773, 3779, 3797, 7707, 3.350, 51.90, 38.50, 3.346, 51.82, 38.44, 0.007, 306.18, -54.38);
insert into SHOT values (3774, 3779, 3798, 7707, 1.310, 305.40, -26.50, 1.316, 305.31, -26.63, 0.007, 281.27, -50.87);
insert into SHOT values (3775, 3779, 3799, 7707, 8.940, 330.20, -34.20, 8.936, 330.21, -34.25, 0.009, 143.61, -32.26);
insert into SHOT values (3776, 3779, 3800, 7707, 5.080, 336.30, -31.90, 5.082, 336.35, -31.96, 0.007, 74.83, -56.68);
insert into SHOT values (3777, 3779, 3801, 7707, 4.240, 296.30, -46.10, 4.245, 296.22, -46.12, 0.007, 238.50, -43.90);
insert into SHOT values (3778, 3757, 3802, 7707, 4.230, 298.30, -45.50, 4.226, 298.38, -45.42, 0.008, 6.22, 57.87);
insert into SHOT values (3779, 3802, 3803, 7707, 0.930, 44.20, -2.60, 0.928, 44.56, -3.09, 0.010, 159.12, -50.39);
insert into SHOT values (3780, 3802, 3804, 7707, 0.650, 89.20, 66.40, 0.645, 90.00, 66.22, 0.007, 183.17, -57.15);
insert into SHOT values (3781, 3802, 3805, 7707, 2.990, 196.30, -9.70, 2.990, 196.16, -9.82, 0.010, 99.55, -40.43);
insert into SHOT values (3782, 3802, 3806, 7707, 3.200, 214.20, -22.50, 3.205, 214.12, -22.57, 0.007, 159.98, -46.62);
insert into SHOT values (3783, 3802, 3807, 7707, 4.330, 228.70, -33.10, 4.333, 228.58, -33.16, 0.009, 139.58, -34.48);
insert into SHOT values (3784, 3802, 3808, 7707, 5.570, 234.40, -35.40, 5.574, 234.32, -35.41, 0.008, 166.44, -25.27);
insert into SHOT values (3785, 3802, 3809, 7707, 1.410, 266.60, -48.70, 1.405, 266.27, -48.98, 0.010, 118.21, -4.03);
insert into SHOT values (3786, 3802, 3810, 7707, 1.020, 186.90, -82.40, 1.020, 184.09, -82.09, 0.009, 134.39, 6.83);
insert into SHOT values (3787, 3802, 3811, 7707, 1.210, 157.60, -11.00, 1.214, 157.31, -10.92, 0.008, 104.10, 6.59);
insert into SHOT values (3788, 3802, 3812, 7707, 2.520, 142.60, 20.20, 2.523, 142.55, 20.17, 0.004, 108.76, -2.31);
insert into SHOT values (3789, 3802, 3813, 7707, 2.850, 161.70, 22.80, 2.855, 161.63, 22.66, 0.009, 137.81, -30.47);
insert into SHOT values (3790, 3802, 3814, 7707, 4.060, 115.50, 40.60, 4.065, 115.49, 40.50, 0.008, 110.68, -14.68);
insert into SHOT values (3791, 3802, 3815, 7707, 0.950, 47.70, 11.60, 0.947, 48.06, 11.58, 0.007, 164.89, -8.91);
insert into SHOT values (3792, 3802, 3816, 7707, 1.510, 66.80, 26.40, 1.514, 67.02, 26.27, 0.008, 112.36, -10.70);
insert into SHOT values (3793, 3802, 3817, 7707, 2.830, 84.70, 38.10, 2.828, 84.85, 37.98, 0.009, 156.40, -44.90);
insert into SHOT values (3794, 3802, 3818, 7707, 2.380, 352.10, -28.30, 2.375, 352.30, -28.41, 0.010, 125.16, -9.66);
insert into SHOT values (3795, 3802, 3819, 7707, 3.940, 339.50, -34.10, 3.935, 339.51, -34.17, 0.007, 156.61, -9.48);
insert into SHOT values (3796, 3802, 3820, 7707, 4.720, 330.90, -47.60, 4.720, 331.02, -47.68, 0.009, 96.97, -29.55);
insert into SHOT values (3797, 3802, 3821, 7707, 9.180, 330.50, -37.30, 9.178, 330.52, -37.36, 0.011, 134.16, -40.53);
insert into SHOT values (3798, 3802, 3822, 7707, 2.220, 293.40, -45.50, 2.220, 293.59, -45.74, 0.011, 75.83, -38.44);
insert into SHOT values (3799, 3802, 3823, 7707, 15.500, 302.50, -44.60, 15.500, 302.52, -44.63, 0.010, 88.97, -39.61);
insert into SHOT values (3800, 3802, 3824, 7707, 4.000, 335.20, -37.40, 3.996, 335.21, -37.45, 0.005, 148.03, -5.23);
insert into SHOT values (3801, 3824, 3825, 7707, 0.550, 36.70, 85.40, 0.552, 36.87, 84.81, 0.006, 38.14, 16.73);
insert into SHOT values (3802, 3824, 3826, 7707, 1.290, 117.40, 45.80, 1.286, 117.14, 45.66, 0.006, 21.78, -49.07);
insert into SHOT values (3803, 3824, 3827, 7707, 3.080, 320.50, -34.00, 3.082, 320.57, -34.15, 0.009, 94.02, -61.37);
insert into SHOT values (3804, 3824, 3828, 7707, 1.620, 326.60, -24.00, 1.622, 326.85, -24.02, 0.007, 46.30, -9.53);
insert into SHOT values (3805, 3824, 3829, 7707, 0.440, 232.60, 20.80, 0.440, 232.85, 19.92, 0.007, 266.96, -62.56);
insert into SHOT values (3806, 3824, 3830, 7707, 2.210, 209.00, -14.10, 2.207, 209.08, -14.16, 0.005, 349.69, -18.73);
insert into SHOT values (3807, 3824, 3831, 7707, 4.540, 221.20, -25.50, 4.541, 221.24, -25.57, 0.006, 344.89, -58.84);
insert into SHOT values (3808, 3824, 3832, 7707, 4.760, 231.90, -31.60, 4.762, 231.91, -31.67, 0.006, 14.31, -74.19);
insert into SHOT values (3809, 3824, 3833, 7707, 6.030, 242.90, -37.70, 6.032, 242.95, -37.71, 0.005, 321.61, -29.59);
insert into SHOT values (3810, 3824, 3834, 7707, 7.950, 253.90, -41.40, 7.951, 253.94, -41.42, 0.005, 352.28, -34.31);
insert into SHOT values (3811, 3824, 3835, 7707, 9.860, 259.90, -43.70, 9.867, 259.90, -43.73, 0.008, 272.67, -75.69);
insert into SHOT values (3812, 3824, 3836, 7707, 13.230, 268.60, -44.80, 13.232, 268.60, -44.84, 0.009, 97.57, -57.70);
insert into SHOT values (3813, 3824, 3837, 7707, 2.110, 197.50, 10.10, 2.108, 197.39, 10.11, 0.005, 76.04, -0.28);
insert into SHOT values (3814, 3824, 3838, 7707, 2.750, 176.90, 24.00, 2.752, 176.81, 24.01, 0.005, 109.01, 18.61);
insert into SHOT values (3815, 3824, 3839, 7707, 4.190, 222.80, -21.30, 4.185, 222.82, -21.30, 0.005, 28.96, 22.26);
insert into SHOT values (3816, 3824, 3840, 7707, 2.580, 226.40, -19.50, 2.581, 226.33, -19.47, 0.003, 157.11, 21.65);
insert into SHOT values (3817, 3824, 3841, 7707, 2.210, 223.30, -29.30, 2.207, 223.32, -29.30, 0.004, 33.91, 25.96);
insert into SHOT values (3818, 3824, 3842, 7707, 3.620, 244.70, -32.00, 3.616, 244.69, -32.07, 0.006, 70.29, -16.23);
insert into SHOT values (3819, 3842, 3843, 7707, 3.710, 148.40, 41.90, 3.708, 148.50, 41.98, 0.008, 285.75, 18.01);
insert into SHOT values (3820, 3842, 3844, 7707, 4.720, 165.50, 36.80, 4.721, 165.60, 36.83, 0.007, 261.58, 22.28);
insert into SHOT values (3821, 3842, 3845, 7707, 1.720, 202.40, 25.70, 1.715, 202.42, 25.56, 0.007, 11.70, -63.24);
insert into SHOT values (3822, 3842, 3846, 7707, 1.850, 238.90, -4.30, 1.849, 238.98, -4.34, 0.003, 352.82, -23.83);
insert into SHOT values (3823, 3842, 3847, 7707, 3.430, 272.30, -35.60, 3.435, 272.26, -35.61, 0.005, 239.83, -40.90);
insert into SHOT values (3824, 3842, 3848, 7707, 12.140, 301.40, -39.70, 12.150, 301.39, -39.69, 0.010, 295.34, -33.20);
insert into SHOT values (3825, 3842, 3849, 7707, 5.700, 303.50, -27.90, 5.701, 303.50, -27.93, 0.003, 118.44, -74.78);
insert into SHOT values (3826, 3842, 3850, 7707, 6.370, 321.50, -24.40, 6.374, 321.43, -24.37, 0.009, 270.31, 9.56);
insert into SHOT values (3827, 3842, 3851, 7707, 5.380, 345.80, -18.80, 5.385, 345.80, -18.85, 0.007, 346.05, -66.34);
insert into SHOT values (3828, 3842, 3852, 7707, 3.030, 350.60, -1.70, 3.033, 350.51, -1.70, 0.006, 290.55, -1.12);
insert into SHOT values (3829, 3842, 3853, 7707, 3.860, 297.40, -52.80, 3.868, 297.22, -52.79, 0.010, 243.64, -30.96);
insert into SHOT values (3830, 3842, 3854, 7707, 3.540, 258.80, 57.50, 3.538, 258.81, 57.39, 0.007, 262.40, -53.02);
insert into SHOT values (3831, 3842, 3855, 7707, 1.870, 302.30, 43.30, 1.869, 302.41, 43.22, 0.004, 7.10, -41.51);
insert into SHOT values (3832, 3842, 3856, 7707, 2.390, 295.40, 8.80, 2.394, 295.27, 8.65, 0.009, 244.40, -38.27);
insert into SHOT values (3833, 3842, 3857, 7707, 2.950, 118.20, 48.60, 2.948, 118.14, 48.57, 0.003, 20.14, -54.62);
insert into SHOT values (3834, 3842, 3858, 7707, 2.170, 48.20, 38.90, 2.165, 47.89, 38.91, 0.010, 296.01, -15.06);
insert into SHOT values (3835, 3842, 3859, 7707, 2.760, 89.10, 54.70, 2.755, 89.28, 54.75, 0.007, 222.88, -20.23);
insert into SHOT values (3836, 3842, 3860, 7707, 3.340, 146.80, 43.40, 3.333, 146.97, 43.40, 0.010, 274.06, -28.90);
insert into SHOT values (3837, 3842, 3861, 7707, 2.520, 272.30, 48.40, 2.522, 272.39, 48.19, 0.010, 289.09, -27.01);
insert into SHOT values (3838, 3842, 3862, 7707, 5.120, 167.90, 30.90, 5.124, 167.92, 30.88, 0.004, 191.99, 8.63);
insert into SHOT values (3839, 3862, 3863, 7707, 3.100, 59.90, 29.70, 3.097, 59.91, 29.60, 0.006, 141.39, -84.48);
insert into SHOT values (3840, 3862, 3864, 7707, 4.490, 86.20, 42.40, 4.493, 86.20, 42.41, 0.003, 80.98, 55.37);
insert into SHOT values (3841, 3862, 3865, 7707, 3.940, 99.30, 44.50, 3.936, 99.23, 44.52, 0.006, 321.71, -16.70);
insert into SHOT values (3842, 3862, 3866, 7707, 0.290, 28.30, 81.00, 0.284, 26.57, 80.93, 0.007, 272.14, -76.80);
insert into SHOT values (3843, 3862, 3867, 7707, 0.940, 216.50, -81.80, 0.939, 218.66, -82.16, 0.008, 358.15, 2.87);
insert into SHOT values (3844, 3862, 3868, 7707, 1.410, 236.90, -25.20, 1.407, 237.18, -25.23, 0.007, 349.60, 2.92);
insert into SHOT values (3845, 3862, 3869, 7707, 1.930, 271.40, -45.10, 1.931, 271.68, -45.20, 0.008, 16.00, -22.57);
insert into SHOT values (3846, 3862, 3870, 7707, 3.490, 296.20, -46.50, 3.491, 296.14, -46.44, 0.005, 261.66, 19.03);
insert into SHOT values (3847, 3862, 3871, 7707, 8.920, 283.10, -45.50, 8.919, 283.13, -45.48, 0.004, 348.61, 36.09);
insert into SHOT values (3848, 3862, 3872, 7707, 1.330, 317.00, -21.00, 1.335, 316.95, -21.08, 0.005, 300.87, -42.22);
insert into SHOT values (3849, 3862, 3873, 7707, 6.340, 355.30, -14.80, 6.342, 355.23, -14.80, 0.008, 277.00, -3.48);
insert into SHOT values (3850, 3862, 3874, 7707, 2.750, 12.30, -3.30, 2.756, 12.17, -3.33, 0.009, 327.32, -10.68);
insert into SHOT values (3851, 3862, 3875, 7707, 1.390, 336.70, -28.40, 1.397, 336.56, -28.19, 0.010, 317.75, 6.74);
insert into SHOT values (3852, 3862, 3876, 7707, 2.220, 309.00, -39.60, 2.225, 309.08, -39.65, 0.006, 349.37, -53.92);
insert into SHOT values (3853, 3862, 3877, 7707, 2.070, 56.80, 30.10, 2.072, 56.84, 30.13, 0.002, 112.58, 49.64);
insert into SHOT values (3854, 3862, 3878, 7707, 3.770, 175.10, 22.70, 3.763, 175.21, 22.67, 0.010, 306.61, -28.89);
insert into SHOT values (3855, 3878, 3879, 7707, 0.780, 155.70, 36.70, 0.783, 155.48, 36.88, 0.005, 90.48, 55.53);
insert into SHOT values (3856, 3878, 3880, 7707, 1.740, 131.60, 40.60, 1.748, 131.63, 40.72, 0.008, 144.29, 65.24);
insert into SHOT values (3857, 3878, 3881, 7707, 2.810, 79.60, 30.30, 2.815, 79.57, 30.30, 0.005, 61.30, 28.26);
insert into SHOT values (3858, 3878, 3882, 7707, 4.800, 70.90, 35.30, 4.809, 70.96, 35.31, 0.010, 102.80, 36.77);
insert into SHOT values (3859, 3878, 3883, 7707, 4.370, 60.80, 29.00, 4.371, 60.89, 29.01, 0.006, 142.09, 13.22);
insert into SHOT values (3860, 3878, 3884, 7707, 1.410, 43.40, 14.50, 1.412, 43.52, 14.77, 0.007, 131.68, 68.35);
insert into SHOT values (3861, 3878, 3885, 7707, 1.510, 14.20, -10.20, 1.509, 14.41, -9.92, 0.009, 97.61, 53.43);
insert into SHOT values (3862, 3878, 3886, 7707, 2.420, 318.10, -49.60, 2.416, 318.37, -49.61, 0.008, 70.90, 20.31);
insert into SHOT values (3863, 3878, 3887, 7707, 9.910, 299.60, -47.50, 9.905, 299.63, -47.47, 0.007, 24.23, 62.78);
insert into SHOT values (3864, 3878, 3888, 7707, 4.520, 302.10, -50.80, 4.518, 302.13, -50.77, 0.003, 1.03, 55.13);
insert into SHOT values (3865, 3878, 3889, 7707, 1.110, 303.30, -45.70, 1.100, 303.27, -45.90, 0.011, 125.27, 24.40);
insert into SHOT values (3866, 3878, 3890, 7707, 1.540, 344.80, -13.10, 1.542, 344.95, -13.12, 0.004, 52.00, -13.01);
insert into SHOT values (3867, 3878, 3891, 7707, 1.780, 317.10, -70.90, 1.777, 317.79, -70.94, 0.008, 62.80, 15.41);
insert into SHOT values (3868, 3878, 3892, 7707, 4.280, 135.70, 37.70, 4.282, 135.60, 37.72, 0.007, 53.11, 23.67);
insert into SHOT values (3869, 3878, 3893, 7707, 4.320, 63.30, 35.90, 4.326, 63.36, 35.96, 0.008, 121.91, 57.23);
insert into SHOT values (3870, 3878, 3894, 7707, 2.870, 76.70, 33.80, 2.871, 76.66, 33.86, 0.004, 324.58, 64.26);
insert into SHOT values (3871, 3878, 3895, 7707, 2.840, 83.70, 37.90, 2.845, 83.86, 37.96, 0.008, 156.80, 40.16);
insert into SHOT values (3872, 3895, 3896, 7707, 5.570, 38.40, 20.70, 5.577, 38.39, 20.68, 0.008, 28.23, 8.66);
insert into SHOT values (3873, 3895, 3897, 7707, 1.660, 11.70, 15.70, 1.666, 11.87, 15.67, 0.008, 49.12, 5.85);
insert into SHOT values (3874, 3895, 3898, 7707, 0.380, 273.90, 60.10, 0.381, 276.01, 59.93, 0.007, 351.90, 4.61);
insert into SHOT values (3875, 3895, 3899, 7707, 0.600, 243.50, -11.80, 0.596, 243.43, -12.60, 0.009, 69.84, -50.69);
insert into SHOT values (3876, 3895, 3900, 7707, 1.150, 205.90, -10.70, 1.144, 205.88, -11.09, 0.010, 28.88, -41.11);
insert into SHOT values (3877, 3895, 3901, 7707, 1.330, 324.00, -32.70, 1.335, 324.05, -32.64, 0.005, 334.71, -16.42);
insert into SHOT values (3878, 3895, 3902, 7707, 3.940, 276.20, -44.10, 3.937, 276.30, -44.10, 0.006, 32.95, 19.78);
insert into SHOT values (3879, 3895, 3903, 7707, 3.290, 236.20, -32.90, 3.285, 236.25, -33.02, 0.009, 39.30, -18.90);
insert into SHOT values (3880, 3895, 3904, 7707, 2.920, 221.90, -22.00, 2.920, 222.00, -22.13, 0.008, 339.43, -48.28);
insert into SHOT values (3881, 3895, 3905, 7707, 2.130, 284.40, -48.10, 2.136, 284.62, -48.11, 0.008, 340.53, -34.88);
insert into SHOT values (3882, 3895, 3906, 7707, 2.750, 106.60, 41.90, 2.744, 106.48, 41.84, 0.008, 341.98, -52.55);
insert into SHOT values (3883, 3895, 3907, 7707, 2.090, 79.10, 41.30, 2.089, 78.98, 41.33, 0.004, 329.60, 9.44);
insert into SHOT values (3884, 3895, 3908, 7707, 2.460, 109.00, 43.50, 2.459, 108.94, 43.41, 0.004, 71.23, -48.61);
insert into SHOT values (3885, 3895, 3909, 7707, 1.930, 135.20, 39.30, 1.927, 135.27, 39.27, 0.003, 264.05, -45.39);
insert into SHOT values (3886, 3895, 3910, 7707, 6.390, 127.30, 46.70, 6.389, 127.21, 46.70, 0.007, 34.75, -3.88);
insert into SHOT values (3887, 3895, 3911, 7707, 4.770, 128.10, 47.00, 4.768, 128.00, 47.05, 0.007, 359.97, 11.18);
insert into SHOT values (3888, 3895, 3912, 7707, 7.380, 131.80, 46.10, 7.384, 131.75, 46.09, 0.006, 80.66, 23.99);
insert into SHOT values (3889, 3895, 3913, 7707, 7.450, 134.50, 45.10, 7.442, 134.46, 45.09, 0.009, 352.27, -50.13);
insert into SHOT values (3890, 3895, 3914, 7707, 3.390, 135.90, 44.30, 3.391, 135.84, 44.34, 0.004, 34.25, 40.24);
insert into SHOT values (3891, 3895, 3915, 7707, 5.240, 288.80, -48.40, 5.241, 288.96, -48.41, 0.010, 20.84, -9.23);
insert into SHOT values (3892, 3895, 3916, 7707, 5.240, 286.60, -47.90, 5.245, 286.68, -47.87, 0.007, 332.04, -15.85);
insert into SHOT values (3893, 3862, 3917, 7707, 5.270, 286.70, -47.90, 5.275, 286.75, -47.84, 0.008, 308.75, 1.62);
insert into SHOT values (3894, 3917, 3918, 7707, 2.550, 209.60, -1.60, 2.554, 209.58, -1.57, 0.004, 194.42, 17.65);
insert into SHOT values (3895, 3917, 3919, 7707, 2.590, 178.90, 27.00, 2.590, 178.76, 26.86, 0.009, 115.51, -42.75);
insert into SHOT values (3896, 3917, 3920, 7707, 3.090, 239.60, -32.90, 3.084, 239.57, -33.01, 0.008, 69.65, -10.93);
insert into SHOT values (3897, 3917, 3921, 7707, 4.960, 260.50, -40.00, 4.956, 260.44, -40.07, 0.008, 111.14, -12.48);
insert into SHOT values (3898, 3917, 3922, 7707, 5.680, 272.70, -44.40, 5.681, 272.69, -44.47, 0.007, 107.52, -56.73);
insert into SHOT values (3899, 3917, 3923, 7707, 4.120, 284.40, -45.10, 4.116, 284.37, -45.19, 0.008, 115.38, -12.25);
insert into SHOT values (3900, 3917, 3924, 7707, 9.870, 294.10, -46.20, 9.871, 294.12, -46.25, 0.009, 85.13, -46.04);
insert into SHOT values (3901, 3917, 3925, 7707, 1.760, 272.30, -53.90, 1.755, 272.22, -54.02, 0.007, 104.72, 17.97);
insert into SHOT values (3902, 3917, 3926, 7707, 0.360, 286.10, 62.20, 0.361, 287.35, 62.35, 0.004, 20.91, 22.84);
insert into SHOT values (3903, 3917, 3927, 7707, 0.700, 133.50, -82.90, 0.706, 130.60, -82.50, 0.009, 93.50, -36.50);
insert into SHOT values (3904, 3917, 3928, 7707, 0.510, 14.60, -40.00, 0.513, 14.74, -40.02, 0.003, 38.20, -41.53);
insert into SHOT values (3905, 3917, 3929, 7707, 2.740, 192.00, 6.50, 2.736, 191.89, 6.51, 0.007, 64.29, -1.52);
insert into SHOT values (3906, 3917, 3930, 7707, 3.160, 176.20, 25.70, 3.159, 176.17, 25.70, 0.002, 48.48, -11.88);
insert into SHOT values (3907, 3917, 3931, 7707, 2.230, 204.60, -6.80, 2.227, 204.59, -6.96, 0.007, 28.05, -57.63);
insert into SHOT values (3908, 3824, 3932, 7707, 8.510, 296.30, -43.00, 8.515, 296.32, -43.02, 0.007, 349.87, -68.48);
insert into SHOT values (3909, 3932, 3933, 7707, 4.110, 327.90, -31.40, 4.106, 327.94, -31.41, 0.005, 113.02, 16.49);
insert into SHOT values (3910, 3932, 3934, 7707, 4.080, 350.40, -24.70, 4.074, 350.36, -24.66, 0.007, 200.91, 43.60);
insert into SHOT values (3911, 3932, 3935, 7707, 1.670, 8.40, 8.90, 1.668, 8.38, 8.97, 0.003, 204.97, 34.03);
insert into SHOT values (3912, 3932, 3936, 7707, 2.760, 25.80, 31.70, 2.756, 25.80, 31.75, 0.005, 205.95, -3.73);
insert into SHOT values (3913, 3932, 3937, 7707, 2.540, 40.50, 52.80, 2.548, 40.52, 52.83, 0.008, 49.61, 62.91);
insert into SHOT values (3914, 3932, 3938, 7707, 1.400, 237.00, 79.20, 1.404, 237.53, 79.30, 0.006, 0.23, 59.05);
insert into SHOT values (3915, 3932, 3939, 7707, 1.550, 203.40, 53.10, 1.548, 203.52, 53.22, 0.004, 354.53, 6.75);
insert into SHOT values (3916, 3932, 3940, 7707, 10.230, 206.60, -3.60, 10.230, 206.59, -3.59, 0.003, 119.01, 53.18);
insert into SHOT values (3917, 3932, 3941, 7707, 6.250, 199.20, 4.40, 6.255, 199.19, 4.40, 0.005, 187.25, 5.68);
insert into SHOT values (3918, 3932, 3942, 7707, 5.120, 191.20, 12.90, 5.126, 191.20, 12.97, 0.008, 188.25, 58.19);
insert into SHOT values (3919, 3932, 3943, 7707, 7.110, 180.50, 18.90, 7.116, 180.51, 18.94, 0.008, 199.90, 61.21);
insert into SHOT values (3920, 3932, 3944, 7707, 7.990, 173.70, 23.00, 7.993, 173.68, 23.05, 0.009, 81.87, 69.88);
insert into SHOT values (3921, 3932, 3945, 7707, 3.630, 160.10, 33.60, 3.629, 160.07, 33.64, 0.003, 16.19, 21.06);
insert into SHOT values (3922, 3932, 3946, 7707, 6.240, 146.60, 38.20, 6.238, 146.57, 38.22, 0.004, 8.52, 16.08);
insert into SHOT values (3923, 3932, 3947, 7707, 8.120, 137.40, 42.00, 8.126, 137.35, 42.02, 0.009, 71.35, 48.91);
insert into SHOT values (3924, 3932, 3948, 7707, 2.130, 152.90, 16.00, 2.127, 152.93, 16.10, 0.005, 314.76, 37.03);
insert into SHOT values (3925, 3932, 3949, 7707, 4.610, 202.80, -9.20, 4.612, 202.74, -9.11, 0.009, 144.61, 49.68);
insert into SHOT values (3926, 3932, 3950, 7707, 4.760, 233.30, -32.60, 4.756, 233.22, -32.57, 0.008, 123.89, 36.09);
insert into SHOT values (3927, 3932, 3951, 7707, 2.650, 254.40, -40.60, 2.648, 254.45, -40.50, 0.005, 297.89, 62.99);
insert into SHOT values (3928, 3932, 3952, 7707, 2.020, 198.70, 46.20, 2.026, 198.69, 46.12, 0.006, 197.05, 19.00);
insert into SHOT values (3929, 3932, 3953, 7707, 2.000, 212.30, -6.80, 2.000, 212.25, -6.60, 0.007, 139.06, 75.10);
insert into SHOT values (3930, 3932, 3954, 7707, 6.170, 231.80, -31.80, 6.167, 231.82, -31.80, 0.003, 17.74, 23.88);
insert into SHOT values (3931, 3932, 3955, 7707, 5.020, 231.70, -32.00, 5.020, 231.68, -32.00, 0.002, 147.20, 6.33);
insert into SHOT values (3932, 3932, 3956, 7707, 6.100, 230.90, -32.30, 6.098, 230.91, -32.31, 0.002, 36.90, -11.17);
insert into SHOT values (3933, 3932, 3957, 7707, 6.000, 233.00, -32.50, 5.999, 232.95, -32.46, 0.006, 163.39, 38.31);
insert into SHOT values (3934, 3957, 3958, 7707, 1.150, 223.30, 85.20, 1.154, 225.00, 85.08, 0.006, 270.48, 45.21);
insert into SHOT values (3935, 3957, 3959, 7707, 1.270, 239.10, -6.00, 1.262, 239.35, -5.91, 0.010, 23.63, 16.29);
insert into SHOT values (3936, 3957, 3960, 7707, 2.680, 268.60, -17.80, 2.679, 268.65, -17.82, 0.003, 21.96, -16.25);
insert into SHOT values (3937, 3957, 3961, 7707, 3.700, 289.60, -25.10, 3.705, 289.68, -25.07, 0.007, 329.62, -3.78);
insert into SHOT values (3938, 3957, 3962, 7707, 5.300, 294.80, -25.10, 5.306, 294.86, -25.09, 0.008, 335.54, -13.07);
insert into SHOT values (3939, 3957, 3963, 7707, 2.900, 305.10, -27.10, 2.901, 305.23, -27.07, 0.006, 21.15, 10.28);
insert into SHOT values (3940, 3957, 3964, 7707, 0.610, 99.10, -69.20, 0.608, 98.13, -69.59, 0.006, 317.60, 2.42);
insert into SHOT values (3941, 3957, 3965, 7707, 4.980, 83.20, -15.20, 4.979, 83.19, -15.25, 0.005, 296.29, -62.85);
insert into SHOT values (3942, 3957, 3966, 7707, 4.690, 102.20, -15.60, 4.693, 102.13, -15.57, 0.007, 46.11, 10.53);
insert into SHOT values (3943, 3957, 3967, 7707, 7.490, 118.60, -26.00, 7.487, 118.58, -25.98, 0.004, 347.71, 52.62);
insert into SHOT values (3944, 3957, 3968, 7707, 2.640, 63.50, -11.60, 2.639, 63.34, -11.59, 0.008, 324.37, 6.43);
insert into SHOT values (3945, 3957, 3969, 7707, 8.450, 344.80, -27.40, 8.452, 344.78, -27.40, 0.003, 277.62, -23.11);
insert into SHOT values (3946, 3957, 3970, 7707, 3.500, 358.20, -19.30, 3.509, 358.27, -19.31, 0.010, 24.30, -19.30);
insert into SHOT values (3947, 3957, 3971, 7707, 2.900, 10.40, -8.40, 2.908, 10.41, -8.30, 0.009, 14.36, 23.17);
insert into SHOT values (3948, 3957, 3972, 7707, 11.710, 335.30, -32.50, 11.716, 335.30, -32.47, 0.008, 337.48, 12.40);
insert into SHOT values (3949, 3957, 3973, 7707, 7.820, 346.80, -26.30, 7.826, 346.82, -26.32, 0.007, 10.36, -47.32);
insert into SHOT values (3950, 3957, 3974, 7707, 3.990, 354.40, -34.70, 3.994, 354.41, -34.64, 0.005, 1.15, 15.05);
insert into SHOT values (3951, 3957, 3975, 7707, 3.370, 148.80, 14.30, 3.366, 148.80, 14.28, 0.004, 333.03, -33.10);
insert into SHOT values (3952, 3957, 3976, 7707, 3.020, 158.10, 32.20, 3.019, 158.16, 32.23, 0.003, 288.95, 12.01);
insert into SHOT values (3953, 3976, 3977, 7707, 0.900, 0.90, 79.00, 0.896, 3.37, 79.05, 0.008, 103.16, -24.80);
insert into SHOT values (3954, 3976, 3978, 7707, 4.660, 64.70, 41.00, 4.664, 64.60, 41.00, 0.008, 3.19, 21.51);
insert into SHOT values (3955, 3976, 3979, 7707, 6.480, 54.30, 33.40, 6.488, 54.31, 33.39, 0.008, 65.07, 21.10);
insert into SHOT values (3956, 3976, 3980, 7707, 9.730, 56.20, 34.70, 9.732, 56.21, 34.70, 0.003, 91.46, 19.49);
insert into SHOT values (3957, 3976, 3981, 7707, 1.380, 14.00, 0.00, 1.382, 14.24, 0.00, 0.006, 80.83, 0.00);
insert into SHOT values (3958, 3976, 3982, 7707, 5.530, 351.60, -23.00, 5.533, 351.65, -22.98, 0.006, 40.65, 7.62);
insert into SHOT values (3959, 3976, 3983, 7707, 11.670, 351.50, -32.80, 11.668, 351.50, -32.80, 0.002, 182.63, 46.16);
insert into SHOT values (3960, 3976, 3984, 7707, 6.640, 30.70, -44.10, 6.641, 30.76, -44.08, 0.006, 90.87, 8.82);
insert into SHOT values (3961, 3976, 3985, 7707, 6.720, 41.40, -41.70, 6.724, 41.37, -41.66, 0.007, 16.80, 2.99);
insert into SHOT values (3962, 3976, 3986, 7707, 8.260, 25.80, -51.30, 8.264, 25.82, -51.31, 0.004, 82.40, -58.12);
insert into SHOT values (3963, 3976, 3987, 7707, 6.640, 51.10, -48.60, 6.642, 51.10, -48.57, 0.004, 46.14, 11.35);
insert into SHOT values (3964, 3976, 3988, 7707, 0.940, 283.60, -0.80, 0.936, 283.59, -0.61, 0.005, 105.89, 40.21);
insert into SHOT values (3965, 3976, 3989, 7707, 2.660, 311.10, -19.20, 2.659, 311.12, -19.33, 0.006, 114.41, -57.87);
insert into SHOT values (3966, 3976, 3990, 7707, 2.580, 215.10, 37.80, 2.580, 215.02, 37.77, 0.003, 133.87, -23.03);
insert into SHOT values (3967, 3976, 3991, 7707, 2.580, 163.60, 43.10, 2.575, 163.30, 43.12, 0.011, 48.54, -14.72);
insert into SHOT values (3968, 3976, 3992, 7707, 3.990, 189.50, 34.40, 3.981, 189.46, 34.41, 0.009, 25.54, -28.36);
insert into SHOT values (3969, 3976, 3993, 7707, 1.630, 119.20, -74.50, 1.629, 118.93, -74.54, 0.003, 354.46, 15.88);
insert into SHOT values (3970, 3976, 3994, 7707, 4.070, 13.20, -61.70, 4.067, 13.17, -61.66, 0.004, 337.00, 66.15);
insert into SHOT values (3971, 3976, 3995, 7707, 4.320, 191.20, 11.40, 4.315, 191.18, 11.36, 0.006, 31.63, -38.72);
insert into SHOT values (3972, 3976, 3996, 7707, 4.290, 189.80, 13.20, 4.284, 189.80, 13.22, 0.006, 9.02, 3.71);
insert into SHOT values (3973, 3976, 3997, 7707, 4.450, 190.40, 12.60, 4.448, 190.35, 12.60, 0.004, 69.48, -9.88);
insert into SHOT values (3974, 3976, 3998, 7707, 2.150, 116.50, 19.90, 2.149, 116.44, 19.86, 0.003, 20.98, -39.70);
insert into SHOT values (3975, 3976, 3999, 7707, 3.580, 122.70, 43.20, 3.582, 122.66, 43.16, 0.004, 91.92, -9.86);
insert into SHOT values (3976, 3976, 4000, 7707, 3.530, 135.20, 25.30, 3.528, 135.13, 25.34, 0.005, 15.09, 16.91);
insert into SHOT values (3977, 3976, 4001, 7707, 0.980, 157.30, 20.90, 0.979, 156.80, 20.96, 0.008, 55.49, 2.80);
insert into SHOT values (3978, 3976, 4002, 7707, 1.060, 327.20, 70.20, 1.061, 327.65, 70.45, 0.006, 111.94, 28.76);
insert into SHOT values (3979, 3976, 4003, 7707, 5.750, 291.40, -21.10, 5.747, 291.44, -21.11, 0.005, 60.47, -0.20);
insert into SHOT values (3980, 3976, 4004, 7707, 4.250, 192.00, 15.20, 4.247, 191.97, 15.15, 0.005, 57.98, -53.38);
insert into SHOT values (3981, 4004, 4005, 7707, 3.480, 130.60, 22.40, 3.477, 130.58, 22.49, 0.006, 322.80, 38.98);
insert into SHOT values (3982, 4004, 4006, 7707, 2.580, 77.10, 33.30, 2.580, 77.12, 33.39, 0.004, 234.19, 55.56);
insert into SHOT values (3983, 4004, 4007, 7707, 3.590, 125.60, 42.80, 3.588, 125.56, 42.85, 0.004, 332.11, 11.95);
insert into SHOT values (3984, 4004, 4008, 7707, 1.670, 135.90, 47.80, 1.669, 135.73, 47.98, 0.006, 353.28, 26.97);
insert into SHOT values (3985, 4004, 4009, 7707, 0.510, 240.40, 9.20, 0.512, 240.40, 8.98, 0.003, 239.54, -30.40);
insert into SHOT values (3986, 4004, 4010, 7707, 0.990, 331.20, 77.50, 0.993, 332.24, 77.52, 0.005, 55.37, 41.47);
insert into SHOT values (3987, 4004, 4011, 7707, 6.710, 267.40, -22.40, 6.710, 267.41, -22.34, 0.008, 297.87, 66.51);
insert into SHOT values (3988, 4004, 4012, 7707, 7.080, 275.70, -22.80, 7.075, 275.72, -22.79, 0.006, 68.72, 36.66);
insert into SHOT values (3989, 4004, 4013, 7707, 3.830, 281.90, -20.70, 3.824, 281.94, -20.68, 0.007, 78.01, 32.92);
insert into SHOT values (3990, 4004, 4014, 7707, 6.140, 285.40, -19.80, 6.142, 285.46, -19.80, 0.006, 355.98, -1.45);
insert into SHOT values (3991, 4004, 4015, 7707, 5.470, 295.30, -18.90, 5.470, 295.28, -18.88, 0.003, 218.72, 41.47);
insert into SHOT values (3992, 4004, 4016, 7707, 6.250, 315.60, -23.40, 6.248, 315.64, -23.39, 0.004, 60.87, 30.34);
insert into SHOT values (3993, 4004, 4017, 7707, 1.850, 327.30, -22.50, 1.847, 327.43, -22.28, 0.009, 63.08, 64.64);
insert into SHOT values (3994, 4004, 4018, 7707, 1.620, 346.80, -0.40, 1.623, 346.82, -0.35, 0.003, 358.37, 24.74);
insert into SHOT values (3995, 4004, 4019, 7707, 1.750, 12.10, -3.20, 1.752, 12.21, -2.94, 0.009, 67.52, 62.24);
insert into SHOT values (3996, 4004, 4020, 7707, 1.840, 26.50, -3.50, 1.837, 26.57, -3.43, 0.004, 171.68, 32.57);
insert into SHOT values (3997, 4004, 4021, 7707, 3.340, 33.10, -13.80, 3.340, 33.05, -13.68, 0.007, 334.47, 65.27);
insert into SHOT values (3998, 4004, 4022, 7707, 2.400, 50.00, -5.60, 2.403, 49.92, -5.49, 0.006, 3.28, 41.90);
insert into SHOT values (3999, 4004, 4023, 7707, 10.480, 30.60, 6.20, 10.480, 30.58, 6.19, 0.005, 301.61, -23.73);
insert into SHOT values (4000, 4004, 4024, 7707, 10.890, 36.10, 11.90, 10.892, 36.11, 11.92, 0.005, 86.67, 70.76);
insert into SHOT values (4001, 4004, 4025, 7707, 1.260, 349.70, 43.60, 1.262, 349.92, 43.58, 0.004, 54.48, 15.59);
insert into SHOT values (4002, 4004, 4026, 7707, 2.490, 120.20, 21.70, 2.425, 115.24, 16.78, 0.298, 30.04, -47.71);
insert into SHOT values (4003, 4026, 4027, 7707, 0.740, 243.00, 7.90, 0.745, 243.43, 7.72, 0.008, 291.80, -12.93);
insert into SHOT values (4004, 4026, 4028, 7707, 0.600, 198.60, 81.70, 0.606, 200.56, 81.90, 0.007, 311.36, 63.29);
insert into SHOT values (4005, 4026, 4029, 7707, 1.040, 177.80, 9.10, 1.035, 177.75, 9.46, 0.008, 5.38, 41.75);
insert into SHOT values (4006, 4026, 4030, 7707, 3.070, 171.20, 32.60, 3.068, 171.30, 32.76, 0.010, 316.05, 36.17);
insert into SHOT values (4007, 4026, 4031, 7707, 4.390, 180.90, 33.30, 4.383, 180.94, 33.36, 0.009, 344.85, -1.33);
insert into SHOT values (4008, 4026, 4032, 7707, 3.920, 329.80, 3.50, 3.928, 329.84, 3.50, 0.009, 347.59, 4.61);
insert into SHOT values (4009, 4026, 4033, 7707, 3.520, 325.60, -17.50, 3.522, 325.55, -17.51, 0.004, 270.43, -24.29);
insert into SHOT values (4010, 4026, 4034, 7707, 0.810, 336.40, 9.70, 0.818, 336.61, 9.85, 0.009, 357.58, 22.84);
insert into SHOT values (4011, 4026, 4035, 7707, 0.730, 340.40, 8.90, 0.729, 340.56, 8.67, 0.004, 73.34, -55.55);
insert into SHOT values (4012, 4026, 4036, 7707, 0.950, 279.50, 19.20, 0.954, 279.57, 18.96, 0.006, 290.52, -23.80);
insert into SHOT values (4013, 4026, 4037, 7707, 4.180, 179.00, 28.60, 4.180, 179.06, 28.59, 0.004, 261.71, -12.83);
insert into SHOT values (4014, 4026, 4038, 7707, 3.260, 178.00, 30.80, 2.660, 174.12, 28.28, 0.638, 16.89, -39.89);
insert into SHOT values (4015, 4038, 4039, 7707, 1.790, 104.80, 15.50, 1.792, 104.76, 15.53, 0.003, 75.13, 34.31);
insert into SHOT values (4016, 4038, 4040, 7707, 1.370, 42.70, 2.40, 1.374, 42.64, 2.50, 0.005, 23.20, 30.83);
insert into SHOT values (4017, 4038, 4041, 7707, 1.480, 334.00, 69.30, 1.476, 333.92, 69.23, 0.005, 253.55, -81.10);
insert into SHOT values (4018, 4038, 4042, 7707, 1.890, 337.70, 34.00, 1.891, 337.86, 34.10, 0.006, 86.16, 34.35);
insert into SHOT values (4019, 4038, 4043, 7707, 0.800, 40.80, -78.40, 0.807, 42.51, -78.36, 0.008, 109.92, -50.64);
insert into SHOT values (4020, 4038, 4044, 7707, 1.190, 284.30, -3.50, 1.191, 284.62, -3.37, 0.007, 8.40, 21.59);
insert into SHOT values (4021, 4038, 4045, 7707, 1.790, 291.60, 28.30, 1.786, 291.67, 28.42, 0.006, 91.96, 14.40);
insert into SHOT values (4022, 4038, 4046, 7707, 1.770, 339.10, 33.10, 1.776, 339.13, 33.11, 0.006, 347.74, 34.70);
insert into SHOT values (4023, 4038, 4047, 7707, 1.490, 335.60, 55.10, 1.490, 335.83, 54.98, 0.005, 30.77, -25.53);
insert into SHOT values (4024, 4038, 4048, 7707, 3.600, 112.20, 26.10, 3.559, 107.72, 21.25, 0.399, 38.25, -47.48);
insert into SHOT values (4025, 4048, 4049, 7707, 1.880, 350.00, -36.20, 1.876, 350.10, -36.27, 0.005, 139.58, 3.65);
insert into SHOT values (4026, 4048, 4050, 7707, 2.970, 12.60, -42.50, 2.968, 12.70, -42.63, 0.008, 161.55, -25.42);
insert into SHOT values (4027, 4048, 4051, 7707, 5.740, 19.50, -51.00, 5.737, 19.59, -51.02, 0.007, 140.61, 7.06);
insert into SHOT values (4028, 4048, 4052, 7707, 5.750, 22.90, -53.90, 5.753, 22.93, -53.92, 0.004, 117.03, -64.88);
insert into SHOT values (4029, 4048, 4053, 7707, 4.140, 30.20, -51.40, 4.143, 30.24, -51.46, 0.005, 161.53, -61.69);
insert into SHOT values (4030, 4048, 4054, 7707, 0.560, 69.40, -53.90, 0.557, 70.46, -53.83, 0.007, 169.33, 21.77);
insert into SHOT values (4031, 4048, 4055, 7707, 0.680, 262.80, -55.90, 0.679, 262.50, -55.61, 0.004, 218.61, 47.34);
insert into SHOT values (4032, 4048, 4056, 7707, 1.120, 311.90, -9.90, 1.114, 311.68, -9.82, 0.007, 169.91, 20.25);
insert into SHOT values (4033, 4048, 4057, 7707, 0.430, 270.70, 63.00, 0.425, 270.00, 63.43, 0.007, 114.63, -28.70);
insert into SHOT values (4034, 4048, 4058, 7707, 1.280, 243.50, 4.20, 1.278, 243.43, 4.04, 0.004, 99.32, -56.57);
insert into SHOT values (4035, 4048, 4059, 7707, 1.660, 267.40, -11.80, 1.657, 267.17, -11.84, 0.007, 152.69, -4.34);
insert into SHOT values (4036, 4048, 4060, 7707, 2.610, 281.10, -22.80, 2.608, 281.03, -22.79, 0.004, 161.91, 22.68);
insert into SHOT values (4037, 4048, 4061, 7707, 1.130, 294.50, 3.10, 1.121, 294.27, 3.07, 0.010, 139.55, -6.08);
insert into SHOT values (4038, 4048, 4062, 7707, 2.710, 234.70, -3.40, 2.212, 236.02, -9.37, 0.562, 49.21, -20.77);
insert into SHOT values (4039, 4062, 4063, 7707, 0.620, 107.10, 27.60, 0.628, 107.78, 27.52, 0.010, 150.15, 15.81);
insert into SHOT values (4040, 4062, 4064, 7707, 0.440, 145.00, 83.40, 0.444, 149.04, 82.45, 0.009, 173.39, 18.67);
insert into SHOT values (4041, 4062, 4065, 7707, 0.280, 80.60, -72.30, 0.282, 82.87, -73.37, 0.006, 225.60, -30.26);
insert into SHOT values (4042, 4062, 4066, 7707, 1.060, 164.90, 45.10, 1.064, 165.41, 44.84, 0.009, 212.86, -5.30);
insert into SHOT values (4043, 4062, 4067, 7707, 2.390, 203.20, 34.60, 2.395, 203.31, 34.61, 0.006, 250.31, 28.25);
insert into SHOT values (4044, 4062, 4068, 7707, 0.860, 32.80, 7.70, 0.853, 32.94, 7.41, 0.008, 194.68, -38.45);
insert into SHOT values (4045, 4062, 4069, 7707, 1.170, 60.80, 4.40, 1.172, 60.80, 4.40, 0.002, 62.34, 7.13);
insert into SHOT values (4046, 4062, 4070, 7707, 1.900, 202.00, 40.10, 1.178, 198.43, 38.90, 0.726, 28.05, -41.80);
insert into SHOT values (4047, 4070, 4071, 7707, 0.490, 298.00, -3.00, 0.489, 298.14, -3.52, 0.005, 82.39, -64.58);
insert into SHOT values (4048, 4070, 4072, 7707, 0.510, 328.90, 54.50, 0.508, 330.02, 53.79, 0.009, 24.90, -36.34);
insert into SHOT values (4049, 4070, 4073, 7707, 1.490, 246.00, 18.40, 1.487, 246.16, 18.43, 0.005, 17.50, -3.42);
insert into SHOT values (4050, 4070, 4074, 7707, 0.920, 216.80, 21.20, 0.912, 216.87, 21.22, 0.008, 29.17, -19.04);
insert into SHOT values (4051, 4070, 4075, 7707, 0.950, 2.90, -17.20, 0.953, 3.14, -17.08, 0.006, 48.24, 9.56);
insert into SHOT values (4052, 4070, 4076, 7707, 2.020, 228.80, 16.40, 2.017, 228.98, 16.41, 0.007, 343.02, -2.81);
insert into SHOT values (4053, 4070, 4077, 7707, 2.020, 228.70, 14.60, 1.359, 229.54, 9.32, 0.679, 46.87, -25.20);
insert into SHOT values (4054, 4077, 4078, 7707, 0.520, 323.00, -5.30, 0.530, 322.70, -5.41, 0.011, 307.69, -10.51);
insert into SHOT values (4055, 4077, 4079, 7707, 0.460, 149.70, 24.40, 0.458, 149.74, 24.51, 0.002, 321.28, -0.74);
insert into SHOT values (4056, 4077, 4080, 7707, 0.940, 46.00, 25.80, 0.936, 45.48, 25.98, 0.009, 283.52, 5.59);
insert into SHOT values (4057, 4077, 4081, 7707, 2.140, 22.00, -14.60, 2.138, 21.85, -14.63, 0.006, 268.98, -5.65);
insert into SHOT values (4058, 4077, 4082, 7707, 3.800, 31.20, -19.30, 3.799, 31.07, -19.37, 0.009, 286.18, -26.26);
insert into SHOT values (4059, 4077, 4083, 7707, 1.230, 29.90, -24.60, 1.226, 29.55, -24.58, 0.008, 273.80, 15.10);
insert into SHOT values (4060, 4077, 4084, 7707, 1.160, 30.50, -25.10, 1.162, 30.22, -24.95, 0.006, 327.24, 19.59);
insert into SHOT values (4061, 4077, 4085, 7707, 0.280, 94.70, -65.20, 0.273, 95.19, -66.16, 0.008, 266.94, 30.61);
insert into SHOT values (4062, 4077, 4086, 7707, 2.160, 233.60, -29.00, 2.160, 233.62, -29.08, 0.003, 28.70, -66.46);
insert into SHOT values (4063, 4077, 4087, 7707, 2.110, 253.60, -27.10, 2.116, 253.68, -26.98, 0.008, 272.38, 8.45);
insert into SHOT values (4064, 4077, 4088, 7707, 0.850, 276.30, -9.40, 0.856, 276.12, -9.41, 0.007, 252.67, -9.81);
insert into SHOT values (4065, 4077, 4089, 7707, 1.930, 250.60, -31.60, 1.927, 250.79, -31.61, 0.006, 4.75, 12.08);
insert into SHOT values (4066, 4089, 4090, 7707, 0.950, 251.90, 54.10, 0.952, 251.24, 53.99, 0.007, 184.22, 3.79);
insert into SHOT values (4067, 4089, 4091, 7707, 2.940, 169.70, 37.60, 2.943, 169.89, 37.46, 0.011, 218.34, -20.09);
insert into SHOT values (4068, 4089, 4092, 7707, 0.750, 130.40, 56.00, 0.748, 132.09, 56.03, 0.013, 228.92, -8.13);
insert into SHOT values (4069, 4089, 4093, 7707, 0.740, 2.10, -82.70, 0.745, 0.00, -83.07, 0.008, 220.99, -48.79);
insert into SHOT values (4070, 4089, 4094, 7707, 0.460, 354.40, -4.40, 0.455, 353.66, -5.05, 0.010, 219.09, -29.52);
insert into SHOT values (4071, 4089, 4095, 7707, 1.560, 13.50, -35.40, 1.557, 13.27, -35.76, 0.011, 226.65, -33.87);
insert into SHOT values (4072, 4089, 4096, 7707, 1.720, 159.10, 42.40, 1.722, 159.29, 42.36, 0.005, 222.21, 2.47);
insert into SHOT values (4073, 4089, 4097, 7707, 1.760, 158.00, 43.10, 1.764, 158.20, 42.88, 0.009, 189.37, -16.58);
insert into SHOT values (4074, 4089, 4098, 7707, 1.720, 163.10, 46.90, 1.719, 163.25, 46.65, 0.008, 196.56, -45.58);
insert into SHOT values (4075, 4089, 4099, 7707, 0.770, 151.10, 75.80, 0.765, 152.10, 75.43, 0.008, 195.50, -53.38);
insert into SHOT values (4076, 4089, 4100, 7707, 1.040, 125.40, -59.70, 1.040, 126.43, -59.89, 0.010, 231.88, -11.93);
insert into SHOT values (4077, 4089, 4101, 7707, 0.330, 70.70, -7.80, 0.320, 71.57, -8.98, 0.013, 226.76, -23.90);
insert into SHOT values (4078, 4089, 4102, 7707, 1.080, 129.90, 59.00, 1.073, 130.60, 58.98, 0.009, 244.57, -37.61);
insert into SHOT values (4079, 4089, 4103, 7707, 0.610, 297.80, 4.20, 0.610, 297.41, 3.76, 0.006, 206.43, -48.29);
insert into SHOT values (4080, 4089, 4104, 7707, 1.870, 175.80, 59.20, 1.867, 175.83, 58.97, 0.008, 181.44, -51.07);
insert into SHOT values (4081, 4089, 4105, 7707, 0.630, 342.00, -11.90, 0.627, 340.97, -11.96, 0.011, 236.50, -0.46);
insert into SHOT values (4082, 4089, 4106, 7707, 3.500, 158.30, 35.60, 3.505, 158.39, 35.59, 0.007, 201.07, 22.37);
insert into SHOT values (4083, 4089, 4107, 7707, 3.040, 158.30, 35.80, 3.047, 158.41, 35.74, 0.009, 190.34, 10.59);
insert into SHOT values (4084, 4089, 4108, 7707, 4.110, 157.90, 35.90, 4.113, 157.98, 35.87, 0.006, 205.57, 0.09);
insert into SHOT values (4085, 4089, 4109, 7707, 4.640, 157.90, 35.90, 4.644, 158.00, 35.85, 0.009, 208.33, -5.11);
insert into SHOT values (4086, 4089, 4110, 7707, 3.030, 158.00, 35.90, 3.026, 158.24, 35.79, 0.012, 245.54, -32.89);
insert into SHOT values (4087, 4089, 4111, 7707, 4.510, 158.40, 36.10, 4.513, 158.43, 36.12, 0.004, 218.06, 49.03);
insert into SHOT values (4088, 4089, 4112, 7707, 4.120, 158.80, 35.80, 4.121, 158.96, 35.79, 0.010, 241.49, -0.15);
insert into SHOT values (4089, 4089, 4113, 7707, 4.500, 158.40, 36.00, 4.501, 158.43, 35.91, 0.007, 182.09, -44.73);
insert into SHOT values (4090, 4077, 4114, 7707, 3.870, 335.60, -28.20, 4.328, 339.52, -30.86, 0.552, 16.24, -45.12);
insert into SHOT values (4091, 4114, 4115, 7707, 1.160, 240.50, -8.30, 1.155, 240.07, -8.46, 0.011, 117.83, -13.99);
insert into SHOT values (4092, 4114, 4116, 7707, 0.670, 191.20, 13.20, 0.668, 190.62, 12.97, 0.007, 91.07, -24.09);
insert into SHOT values (4093, 4114, 4117, 7707, 0.370, 257.90, 80.40, 0.365, 260.54, 80.41, 0.006, 6.49, -58.50);
insert into SHOT values (4094, 4114, 4118, 7707, 0.390, 70.60, -76.10, 0.392, 71.57, -75.98, 0.002, 124.48, -35.69);
insert into SHOT values (4095, 4114, 4119, 7707, 2.800, 166.20, 14.30, 2.805, 166.17, 14.24, 0.006, 151.11, -15.40);
insert into SHOT values (4096, 4114, 4120, 7707, 1.640, 156.50, 18.20, 1.644, 156.22, 18.08, 0.009, 98.19, -14.13);
insert into SHOT values (4097, 4114, 4121, 7707, 0.320, 95.70, -9.80, 0.325, 95.36, -8.84, 0.008, 78.05, 35.05);
insert into SHOT values (4098, 4114, 4122, 7707, 0.980, 228.80, -8.70, 0.975, 228.37, -8.85, 0.009, 102.15, -10.99);
insert into SHOT values (4099, 4114, 4123, 7707, 1.750, 258.30, -23.00, 1.742, 258.13, -22.97, 0.009, 114.21, 24.94);
insert into SHOT values (4100, 4114, 4124, 7707, 2.310, 273.30, -33.90, 2.307, 273.30, -33.99, 0.004, 95.08, -21.12);
insert into SHOT values (4101, 4114, 4125, 7707, 2.370, 272.80, -33.80, 2.365, 272.92, -33.92, 0.008, 61.82, -11.12);
insert into SHOT values (4102, 4114, 4126, 7707, 2.270, 272.60, -33.60, 2.277, 277.17, -39.23, 0.267, 45.96, -43.59);
insert into SHOT values (4103, 4126, 4127, 7707, 0.500, 76.00, 65.80, 0.495, 75.96, 65.39, 0.006, 69.77, -78.79);
insert into SHOT values (4104, 4126, 4128, 7707, 1.270, 72.50, 40.00, 1.267, 72.68, 39.74, 0.007, 139.84, -62.25);
insert into SHOT values (4105, 4126, 4129, 7707, 2.690, 107.50, 37.80, 2.687, 107.50, 37.61, 0.009, 106.46, -71.13);
insert into SHOT values (4106, 4126, 4130, 7707, 3.600, 103.70, 32.90, 3.599, 103.58, 32.81, 0.009, 29.81, -38.72);
insert into SHOT values (4107, 4126, 4131, 7707, 1.580, 101.90, 19.40, 1.581, 101.99, 19.21, 0.006, 147.22, -56.34);
insert into SHOT values (4108, 4126, 4132, 7707, 0.970, 105.30, 57.90, 0.969, 104.57, 57.79, 0.007, 25.06, -14.43);
insert into SHOT values (4109, 4126, 4133, 7707, 1.450, 123.60, 35.20, 1.446, 123.29, 35.02, 0.009, 28.61, -41.95);
insert into SHOT values (4110, 4126, 4134, 7707, 1.590, 103.60, 21.70, 1.591, 103.66, 21.37, 0.009, 122.56, -58.36);
insert into SHOT values (4111, 4126, 4135, 7707, 1.880, 101.00, 49.40, 1.873, 100.85, 49.29, 0.008, 344.17, -64.26);
insert into SHOT values (4112, 4126, 4136, 7707, 0.750, 59.30, 60.00, 0.745, 60.07, 59.25, 0.012, 100.89, -51.05);
insert into SHOT values (4113, 4126, 4137, 7707, 3.330, 342.00, -25.20, 3.814, 345.76, -27.82, 0.552, 14.04, -40.98);
insert into SHOT values (4114, 4137, 4138, 7707, 3.270, 274.50, 7.40, 3.267, 274.43, 7.39, 0.005, 147.97, -12.55);
insert into SHOT values (4115, 4137, 4139, 7707, 3.870, 251.40, 26.00, 3.870, 251.41, 25.89, 0.007, 260.61, -62.43);
insert into SHOT values (4116, 4137, 4140, 7707, 3.970, 230.90, 32.90, 3.967, 230.96, 32.81, 0.008, 304.73, -58.60);
insert into SHOT values (4117, 4137, 4141, 7707, 5.090, 210.10, 34.20, 5.087, 210.10, 34.21, 0.003, 30.78, -21.88);
insert into SHOT values (4118, 4137, 4142, 7707, 5.690, 202.60, 35.60, 5.688, 202.63, 35.58, 0.003, 301.93, -43.47);
insert into SHOT values (4119, 4137, 4143, 7707, 1.650, 198.90, 34.80, 1.648, 198.97, 34.78, 0.003, 328.65, -37.79);
insert into SHOT values (4120, 4137, 4144, 7707, 2.170, 320.60, -4.60, 2.168, 320.64, -4.76, 0.007, 116.04, -61.36);
insert into SHOT values (4121, 4137, 4145, 7707, 3.780, 336.80, -24.50, 3.778, 336.87, -24.56, 0.006, 106.70, -25.12);
insert into SHOT values (4122, 4137, 4146, 7707, 2.900, 342.40, -28.60, 2.903, 342.42, -28.60, 0.004, 357.72, -30.58);
insert into SHOT values (4123, 4137, 4147, 7707, 3.720, 348.40, -27.20, 3.718, 348.49, -27.21, 0.005, 101.23, 4.29);
insert into SHOT values (4124, 4137, 4148, 7707, 2.010, 2.10, -19.60, 2.010, 2.12, -19.78, 0.006, 164.83, -67.78);
insert into SHOT values (4125, 4137, 4149, 7707, 0.810, 317.30, 79.30, 0.804, 317.73, 79.34, 0.006, 104.76, -70.84);
insert into SHOT values (4126, 4137, 4150, 7707, 2.180, 264.70, 43.70, 2.177, 264.54, 43.56, 0.008, 188.62, -53.88);
insert into SHOT values (4127, 4137, 4151, 7707, 3.920, 289.20, 3.30, 3.915, 289.27, 3.22, 0.009, 62.87, -40.85);
insert into SHOT values (4128, 4137, 4152, 7707, 1.920, 30.60, -5.00, 1.913, 30.60, -5.10, 0.008, 209.88, -20.01);
insert into SHOT values (4129, 4137, 4153, 7707, 4.300, 51.90, 9.10, 4.299, 51.89, 9.10, 0.001, 276.49, -3.68);
insert into SHOT values (4130, 4137, 4154, 7707, 5.200, 207.90, 33.30, 4.469, 206.57, 31.72, 0.749, 37.11, -42.40);
insert into SHOT values (4131, 4154, 4155, 7707, 0.880, 120.20, 12.80, 0.887, 119.83, 13.03, 0.010, 78.76, 30.65);
insert into SHOT values (4132, 4154, 4156, 7707, 3.100, 205.00, 29.90, 3.104, 204.85, 29.96, 0.009, 127.53, 32.95);
insert into SHOT values (4133, 4154, 4157, 7707, 2.160, 237.30, 8.90, 2.160, 237.05, 9.06, 0.011, 140.98, 32.40);
insert into SHOT values (4134, 4154, 4158, 7707, 3.040, 262.70, -8.60, 3.038, 262.73, -8.52, 0.005, 36.98, 62.19);
insert into SHOT values (4135, 4154, 4159, 7707, 3.100, 299.40, -22.50, 3.095, 299.35, -22.62, 0.009, 139.01, -24.99);
insert into SHOT values (4136, 4154, 4160, 7707, 0.580, 131.00, 65.60, 0.582, 131.63, 65.56, 0.003, 196.45, 31.63);
insert into SHOT values (4137, 4154, 4161, 7707, 0.400, 207.20, -74.20, 0.396, 206.57, -73.61, 0.006, 183.95, 57.29);
insert into SHOT values (4138, 4154, 4162, 7707, 2.740, 205.30, 22.80, 2.745, 205.25, 22.72, 0.007, 184.79, -15.66);
insert into SHOT values (4139, 4154, 4163, 7707, 2.770, 202.60, 23.70, 2.088, 200.38, 20.76, 0.699, 29.94, -32.31);
insert into SHOT values (4140, 4163, 4164, 7707, 1.060, 191.20, 39.20, 1.063, 191.17, 39.06, 0.004, 186.08, 0.66);
insert into SHOT values (4141, 4163, 4165, 7707, 5.190, 349.80, -25.40, 5.733, 353.52, -28.21, 0.683, 32.67, -45.10);
insert into SHOT values (4142, 4165, 4166, 7707, 3.400, 42.00, 6.70, 3.401, 42.00, 6.75, 0.003, 41.20, 77.29);
insert into SHOT values (4143, 4165, 4167, 7707, 4.190, 175.30, 19.80, 4.191, 175.34, 19.81, 0.003, 252.29, 12.23);
insert into SHOT values (4144, 4165, 4168, 7707, 2.930, 202.90, 26.70, 2.931, 202.94, 26.77, 0.004, 311.56, 61.20);
insert into SHOT values (4145, 4165, 4169, 7707, 0.840, 207.50, 87.60, 0.841, 213.69, 87.54, 0.004, 287.73, 10.58);
insert into SHOT values (4146, 4165, 4170, 7707, 2.130, 332.90, -1.70, 2.134, 332.95, -1.61, 0.006, 358.58, 34.26);
insert into SHOT values (4147, 4165, 4171, 7707, 2.560, 347.30, -3.40, 2.557, 347.33, -3.36, 0.004, 148.58, 27.64);
insert into SHOT values (4148, 4165, 4172, 7707, 1.140, 24.10, 0.90, 1.137, 23.86, 1.01, 0.006, 264.72, 20.97);
insert into SHOT values (4149, 4165, 4173, 7707, 3.400, 48.00, 10.00, 3.401, 48.03, 9.99, 0.002, 105.85, -12.92);
insert into SHOT values (4150, 4165, 4174, 7707, 3.720, 60.40, 17.40, 3.715, 60.40, 17.55, 0.011, 242.55, 45.89);
insert into SHOT values (4151, 4165, 4175, 7707, 6.320, 74.10, 16.00, 6.318, 74.04, 15.99, 0.007, 334.08, -17.89);
insert into SHOT values (4152, 4165, 4176, 7707, 2.980, 90.30, 30.40, 2.981, 90.22, 30.44, 0.004, 355.77, 30.22);
insert into SHOT values (4153, 4165, 4177, 7707, 4.060, 109.70, 33.00, 4.055, 109.77, 33.02, 0.006, 249.02, -11.41);
insert into SHOT values (4154, 4165, 4178, 7707, 2.310, 127.50, 34.00, 2.307, 127.35, 34.01, 0.006, 6.54, -16.49);
insert into SHOT values (4155, 4165, 4179, 7707, 1.380, 213.20, -3.50, 1.381, 213.46, -3.32, 0.008, 294.09, 33.89);
insert into SHOT values (4156, 4165, 4004, 7707, 4.430, 86.40, 20.50, 4.642, 83.21, 15.11, 0.533, 48.89, -39.80);
insert into SHOT values (4157, 4004, 4180, 7707, 5.760, 3.10, -18.80, 5.763, 3.15, -18.72, 0.010, 44.15, 40.35);
insert into SHOT values (4158, 4180, 4181, 7707, 5.730, 46.40, -7.40, 5.721, 46.43, -7.43, 0.010, 209.87, -11.40);
insert into SHOT values (4159, 4180, 4182, 7707, 5.510, 37.80, -8.80, 5.505, 37.75, -8.88, 0.010, 251.22, -42.18);
insert into SHOT values (4160, 4180, 4183, 7707, 3.260, 30.80, -16.80, 3.258, 30.68, -16.95, 0.011, 265.04, -43.95);
insert into SHOT values (4161, 4180, 4184, 7707, 1.470, 17.00, -27.30, 1.473, 16.91, -27.50, 0.006, 292.93, -70.22);
insert into SHOT values (4162, 4180, 4185, 7707, 2.010, 348.20, -30.50, 2.007, 347.97, -30.55, 0.008, 227.90, 1.11);
insert into SHOT values (4163, 4180, 4186, 7707, 10.370, 0.30, -29.80, 10.366, 0.25, -29.85, 0.013, 219.60, -29.74);
insert into SHOT values (4164, 4180, 4187, 7707, 1.190, 244.20, -3.00, 1.192, 244.08, -3.37, 0.008, 181.83, -70.16);
insert into SHOT values (4165, 4180, 4188, 7707, 4.610, 201.50, 17.10, 4.611, 201.56, 17.03, 0.008, 265.66, -47.10);
insert into SHOT values (4166, 4180, 4189, 7707, 4.320, 209.80, 10.60, 4.323, 209.76, 10.53, 0.007, 176.81, -41.75);
insert into SHOT values (4167, 4180, 4190, 7707, 1.400, 178.10, -3.70, 1.403, 178.36, -3.68, 0.007, 239.75, 2.70);
insert into SHOT values (4168, 4180, 4191, 7707, 2.240, 169.00, 52.60, 2.243, 169.02, 52.52, 0.005, 174.89, 6.49);
insert into SHOT values (4169, 4180, 4192, 7707, 1.740, 93.80, 1.90, 1.735, 93.97, 1.65, 0.010, 227.72, -47.46);
insert into SHOT values (4170, 4180, 4193, 7707, 2.110, 133.00, 20.40, 2.105, 133.15, 20.30, 0.008, 259.03, -40.21);
insert into SHOT values (4171, 4180, 4194, 7707, 6.160, 147.50, 27.70, 6.158, 147.50, 27.67, 0.003, 254.66, -82.33);
insert into SHOT values (4172, 4180, 4195, 7707, 5.040, 159.50, 33.30, 5.038, 159.59, 33.22, 0.010, 230.63, -46.24);
insert into SHOT values (4173, 4180, 4196, 7707, 3.810, 33.70, -9.10, 3.807, 33.61, -9.22, 0.010, 271.17, -45.25);
insert into SHOT values (4174, 4180, 4197, 7707, 3.810, 33.60, -9.00, 3.806, 33.61, -9.07, 0.006, 209.47, -38.51);
insert into SHOT values (4175, 4197, 4198, 7707, 1.730, 51.60, 0.20, 1.723, 51.60, 0.33, 0.008, 231.62, 28.24);
insert into SHOT values (4176, 4197, 4199, 7707, 2.850, 77.20, 30.80, 2.852, 77.27, 30.79, 0.004, 130.11, 10.49);
insert into SHOT values (4177, 4197, 4200, 7707, 4.570, 100.50, 35.80, 4.565, 100.58, 35.79, 0.007, 224.76, -27.03);
insert into SHOT values (4178, 4197, 4201, 7707, 5.260, 117.90, 32.90, 5.261, 117.96, 32.93, 0.005, 221.73, 32.24);
insert into SHOT values (4179, 4197, 4202, 7707, 4.090, 129.60, 15.60, 4.085, 129.64, 15.62, 0.005, 280.94, 1.25);
insert into SHOT values (4180, 4197, 4203, 7707, 4.320, 13.40, -15.70, 4.324, 13.34, -15.70, 0.006, 319.14, -9.83);
insert into SHOT values (4181, 4197, 4204, 7707, 5.260, 1.00, -23.10, 5.261, 0.95, -23.05, 0.006, 299.15, 36.00);
insert into SHOT values (4182, 4197, 4205, 7707, 6.150, 351.80, -27.40, 6.146, 351.78, -27.42, 0.004, 196.25, 2.96);
insert into SHOT values (4183, 4197, 4206, 7707, 6.980, 345.50, -29.20, 6.979, 345.46, -29.15, 0.007, 283.69, 49.05);
insert into SHOT values (4184, 4197, 4207, 7707, 2.400, 28.20, -34.80, 2.402, 28.12, -34.78, 0.003, 337.92, -4.81);
insert into SHOT values (4185, 4197, 4208, 7707, 1.570, 57.00, -33.60, 1.572, 57.16, -33.60, 0.004, 124.04, -16.53);
insert into SHOT values (4186, 4197, 4209, 7707, 2.050, 100.30, -18.10, 2.054, 100.33, -18.16, 0.005, 119.27, -43.68);
insert into SHOT values (4187, 4197, 4210, 7707, 0.940, 139.30, -16.70, 0.940, 139.05, -16.69, 0.004, 48.06, 1.76);
insert into SHOT values (4188, 4197, 4211, 7707, 0.520, 102.80, 82.10, 0.525, 105.95, 82.03, 0.006, 175.81, 49.76);
insert into SHOT values (4189, 4197, 4212, 7707, 2.030, 246.50, -1.40, 2.029, 246.47, -1.41, 0.001, 125.97, -16.85);
insert into SHOT values (4190, 4197, 4213, 7707, 2.310, 259.20, -6.00, 2.313, 259.23, -5.96, 0.004, 278.16, 23.37);
insert into SHOT values (4191, 4197, 4214, 7707, 4.490, 228.20, -1.30, 4.491, 228.25, -1.28, 0.005, 298.08, 24.14);
insert into SHOT values (4192, 4197, 4215, 7707, 2.040, 232.60, -13.10, 2.043, 232.55, -13.02, 0.004, 206.13, 33.62);
insert into SHOT values (4193, 4197, 4216, 7707, 3.990, 216.10, 3.40, 3.994, 216.12, 3.45, 0.005, 241.05, 42.25);
insert into SHOT values (4194, 4180, 4217, 7707, 5.600, 357.30, -26.90, 5.595, 357.24, -27.00, 0.012, 209.12, -33.13);
insert into SHOT values (4195, 4218, 4219, 7707, 4.780, 223.60, -2.50, 4.786, 223.64, -2.51, 0.007, 255.45, -12.12);
insert into SHOT values (4196, 4218, 4220, 7707, 3.970, 241.90, -13.80, 3.972, 241.84, -13.84, 0.005, 166.77, -35.93);
insert into SHOT values (4197, 4218, 4221, 7707, 4.510, 257.80, -22.30, 4.512, 257.69, -22.27, 0.008, 190.63, 9.17);
insert into SHOT values (4198, 4218, 4222, 7707, 8.440, 273.20, -28.00, 8.443, 273.15, -28.05, 0.010, 175.62, -51.91);
insert into SHOT values (4199, 4218, 4223, 7707, 7.580, 287.90, -32.60, 7.585, 287.87, -32.63, 0.007, 230.72, -54.97);
insert into SHOT values (4200, 4218, 4224, 7707, 10.870, 293.10, -30.00, 10.872, 293.08, -30.02, 0.006, 197.91, -54.91);
insert into SHOT values (4201, 4218, 4225, 7707, 12.610, 303.00, -35.20, 12.609, 303.00, -35.21, 0.003, 138.54, -23.30);
insert into SHOT values (4202, 4218, 4226, 7707, 0.610, 286.60, 66.20, 0.604, 286.26, 65.56, 0.009, 265.45, -63.17);
insert into SHOT values (4203, 4218, 4227, 7707, 3.420, 209.60, -71.30, 3.422, 209.36, -71.22, 0.007, 166.33, -4.55);
insert into SHOT values (4204, 4218, 4228, 7707, 5.990, 263.30, -75.90, 5.991, 263.31, -75.89, 0.001, 289.51, -31.71);
insert into SHOT values (4205, 4218, 4229, 7707, 7.320, 288.40, -69.40, 7.329, 288.29, -69.39, 0.011, 244.53, -49.57);
insert into SHOT values (4206, 4218, 4230, 7707, 7.340, 300.40, -60.10, 7.347, 300.35, -60.11, 0.008, 249.79, -57.64);
insert into SHOT values (4207, 4218, 4231, 7707, 3.410, 197.60, 19.90, 3.413, 197.59, 19.87, 0.004, 187.48, -10.52);
insert into SHOT values (4208, 4218, 4232, 7707, 1.870, 130.70, 35.40, 1.868, 131.01, 35.32, 0.009, 223.04, -21.59);
insert into SHOT values (4209, 4218, 4233, 7707, 3.210, 150.20, 33.10, 3.210, 150.39, 33.03, 0.010, 224.51, -18.12);
insert into SHOT values (4210, 4217, 4218, 7707, 7.780, 286.90, -33.70, 7.776, 286.98, -33.66, 0.011, 20.10, 36.79);
insert into SHOT values (4211, 4218, 4234, 7707, 3.490, 50.00, 12.90, 3.481, 50.02, 12.95, 0.009, 221.89, 5.43);
insert into SHOT values (4212, 4218, 4235, 7707, 12.170, 29.00, 3.50, 12.167, 29.01, 3.49, 0.005, 168.46, -34.20);
insert into SHOT values (4213, 4218, 4236, 7707, 9.830, 35.00, 9.00, 9.827, 35.02, 8.96, 0.008, 159.65, -66.71);
insert into SHOT values (4214, 4218, 4237, 7707, 9.480, 38.80, 10.50, 9.475, 38.81, 10.46, 0.009, 189.46, -59.51);
insert into SHOT values (4215, 4218, 4238, 7707, 4.930, 41.50, 14.10, 4.930, 41.52, 14.09, 0.002, 123.07, -26.70);
insert into SHOT values (4216, 4218, 4239, 7707, 3.320, 50.30, -25.90, 3.317, 50.44, -25.92, 0.008, 164.31, 1.30);
insert into SHOT values (4217, 4218, 4240, 7707, 3.500, 83.20, -19.50, 3.495, 83.20, -19.56, 0.006, 263.91, -15.43);
insert into SHOT values (4218, 4218, 4241, 7707, 5.110, 5.50, -5.40, 5.106, 5.53, -5.39, 0.005, 148.38, 11.04);
insert into SHOT values (4219, 4218, 4242, 7707, 4.420, 356.50, -8.40, 4.416, 356.46, -8.46, 0.007, 214.65, -38.71);
insert into SHOT values (4220, 4218, 4243, 7707, 4.980, 331.40, -16.60, 4.984, 331.34, -16.67, 0.009, 268.67, -53.05);
insert into SHOT values (4221, 4218, 4244, 7707, 6.770, 334.80, -23.60, 6.767, 334.80, -23.61, 0.004, 156.71, 5.69);
insert into SCRAPS values (7708, 7705, 'Rhinalto-1p', 1, 89.63653, 10.40047);
 insert into SCRAPS values (7828, 7705, 'Rhinalto-1e', 2, 0.14838, 0.00580);
 insert into MAPS values (8413, 7705, 'm-all-p', NULL, 1, 127.610, -22.860);
 insert into MAPITEMS values (8413, 4, 7708);
 insert into MAPS values (8414, 7705, 'm-all-e', NULL, 2, 127.610, -22.860);
 insert into MAPITEMS values (8414, 4, 7828);
 insert into SURVEY values (8416, 18, 'Actif0303', 'Actif0303.CuevaPirates', 'Actif0303');
 insert into CENTRELINE values (8417, 8416, NULL, NULL, NULL, 0.00, 0.00, 0.00);
 insert into CENTRELINE values (8418, 8416, NULL, '2023-03-05', '2023-03-05', 148.92, 0.00, 0.00);
 insert into TOPO values (11, 8418);
 insert into PERSON values (24, 'Natalia', 'Morata-Calvo');
insert into TOPO values (24, 8418);
 insert into EXPLO values (10, 8418);
 insert into SHOT values (4222, 4245, 4246, 8418, 0.000, 1.50, 0.00, 0.000, 90.00, 0.00, 0.000, 90.00, 0.00);
insert into SHOT values (4223, 4245, 4247, 8418, 1.200, 181.50, 0.00, 1.201, 181.91, 0.00, 0.009, 267.26, 0.00);
insert into SHOT values (4224, 4245, 4248, 8418, 0.200, 0.00, 90.00, 0.200, 90.00, 90.00, 0.000, 0.00, 76.14);
insert into SHOT values (4225, 4245, 4249, 8418, 0.500, 0.00, -90.00, 0.500, 90.00, -90.00, 0.000, 0.00, 0.00);
insert into SHOT values (4226, 4245, 4250, 8418, 3.300, 91.50, 21.80, 3.273, 91.14, 22.64, 0.059, 295.19, 36.00);
insert into SHOT values (4227, 4250, 4251, 8418, 0.000, 121.20, 0.00, 0.000, 90.00, 0.00, 0.000, 90.00, 0.00);
insert into SHOT values (4228, 4250, 4252, 8418, 0.600, 301.20, 0.00, 0.597, 301.29, 0.00, 0.003, 104.23, 0.00);
insert into SHOT values (4229, 4250, 4253, 8418, 1.200, 0.00, 90.00, 1.200, 90.00, 90.00, 0.000, 0.00, 34.57);
insert into SHOT values (4230, 4250, 4254, 8418, 1.200, 0.00, -90.00, 1.200, 90.00, -90.00, 0.000, 0.00, 45.20);
insert into SHOT values (4231, 4250, 4255, 8418, 4.510, 211.20, 4.90, 4.525, 211.75, 5.58, 0.070, 287.84, 50.99);
insert into SHOT values (4232, 4255, 4256, 8418, 0.500, 143.00, 0.00, 0.500, 143.13, 0.00, 0.001, 233.07, 0.00);
insert into SHOT values (4233, 4255, 4257, 8418, 0.000, 323.00, 0.00, 0.000, 90.00, 0.00, 0.000, 90.00, 0.00);
insert into SHOT values (4234, 4255, 4258, 8418, 1.200, 0.00, 90.00, 1.200, 90.00, 90.00, 0.000, 0.00, -45.20);
insert into SHOT values (4235, 4255, 4259, 8418, 1.200, 0.00, -90.00, 1.200, 90.00, -90.00, 0.000, 0.00, -34.57);
insert into SHOT values (4236, 4255, 4260, 8418, 2.940, 233.00, 6.00, 2.981, 233.52, 6.74, 0.062, 269.54, 43.57);
insert into SHOT values (4237, 4260, 4261, 8418, 0.500, 105.40, 0.00, 0.497, 105.15, 0.00, 0.003, 323.61, 0.00);
insert into SHOT values (4238, 4260, 4262, 8418, 0.400, 285.40, 0.00, 0.396, 286.14, 0.00, 0.007, 56.18, 0.00);
insert into SHOT values (4239, 4260, 4263, 8418, 2.000, 0.00, 90.00, 2.000, 90.00, 90.00, 0.000, 0.00, 0.00);
insert into SHOT values (4240, 4260, 4264, 8418, 1.000, 0.00, -90.00, 1.000, 90.00, -90.00, 0.000, 0.00, 0.00);
insert into SHOT values (4241, 4260, 4265, 8418, 3.980, 195.40, 11.20, 3.976, 195.97, 11.90, 0.062, 305.88, 48.87);
insert into SHOT values (4242, 4265, 4266, 8418, 1.300, 38.40, 0.00, 1.302, 38.45, 0.00, 0.003, 64.46, 0.00);
insert into SHOT values (4243, 4265, 4267, 8418, 0.000, 218.40, 0.00, 0.000, 90.00, 0.00, 0.000, 90.00, 0.00);
insert into SHOT values (4244, 4265, 4268, 8418, 0.700, 0.00, 90.00, 0.700, 90.00, 90.00, 0.000, 0.00, 49.75);
insert into SHOT values (4245, 4265, 4269, 8418, 0.700, 0.00, -90.00, 0.700, 90.00, -90.00, 0.000, 0.00, 59.92);
insert into SHOT values (4246, 4265, 4270, 8418, 5.310, 128.40, 15.20, 5.272, 128.59, 16.08, 0.091, 292.31, 48.32);
insert into SHOT values (4247, 4270, 4271, 8418, 0.700, 343.80, 0.00, 0.709, 343.61, 0.00, 0.009, 328.88, 0.00);
insert into SHOT values (4248, 4270, 4272, 8418, 1.500, 163.80, 0.00, 1.500, 163.74, 0.00, 0.002, 73.77, 0.00);
insert into SHOT values (4249, 4270, 4273, 8418, 0.300, 0.00, 90.00, 0.300, 90.00, 90.00, 0.000, 0.00, 76.23);
insert into SHOT values (4250, 4270, 4274, 8418, 0.800, 0.00, -90.00, 0.800, 90.00, -90.00, 0.000, 0.00, 45.94);
insert into SHOT values (4251, 4270, 4275, 8418, 2.740, 73.80, 1.80, 2.695, 73.38, 2.55, 0.061, 276.79, 34.03);
insert into SHOT values (4252, 4275, 4276, 8418, 0.000, 46.80, 0.00, 0.000, 90.00, 0.00, 0.000, 90.00, 0.00);
insert into SHOT values (4253, 4275, 4277, 8418, 1.700, 226.80, 0.00, 1.698, 226.91, 0.00, 0.004, 348.58, 0.00);
insert into SHOT values (4254, 4275, 4278, 8418, 2.700, 0.00, 90.00, 2.700, 90.00, 90.00, 0.000, 0.00, -25.22);
insert into SHOT values (4255, 4275, 4279, 8418, 0.800, 0.00, -90.00, 0.800, 90.00, -90.00, 0.000, 0.00, -56.49);
insert into SHOT values (4256, 4275, 4280, 8418, 5.550, 136.80, 0.20, 5.484, 137.00, 1.04, 0.106, 301.12, 49.37);
insert into SHOT values (4257, 4280, 4281, 8418, 0.000, 14.50, 0.00, 0.000, 90.00, 0.00, 0.000, 90.00, 0.00);
insert into SHOT values (4258, 4280, 4282, 8418, 0.900, 194.50, 0.00, 0.897, 194.19, 0.00, 0.006, 75.99, 0.00);
insert into SHOT values (4259, 4280, 4283, 8418, 1.800, 0.00, 90.00, 1.800, 90.00, 90.00, 0.000, 0.00, 33.87);
insert into SHOT values (4260, 4280, 4284, 8418, 0.800, 0.00, -90.00, 0.800, 90.00, -90.00, 0.000, 0.00, 45.94);
insert into SHOT values (4261, 4280, 4285, 8418, 2.180, 104.50, -0.60, 2.181, 104.61, -0.53, 0.005, 186.06, 33.80);
insert into SHOT values (4262, 4285, 4286, 8418, 0.900, 77.00, 0.00, 0.905, 76.58, 0.00, 0.008, 22.12, 0.00);
insert into SHOT values (4263, 4285, 4287, 8418, 0.000, 257.00, 0.00, 0.000, 90.00, 0.00, 0.000, 90.00, 0.00);
insert into SHOT values (4264, 4285, 4288, 8418, 1.200, 0.00, 90.00, 1.200, 90.00, 90.00, 0.000, 0.00, -45.20);
insert into SHOT values (4265, 4285, 4289, 8418, 0.500, 0.00, -90.00, 0.500, 90.00, -90.00, 0.000, 0.00, 0.00);
insert into SHOT values (4266, 4285, 4290, 8418, 4.080, 167.00, 24.80, 4.082, 166.90, 24.77, 0.007, 99.90, -11.12);
insert into SHOT values (4267, 4290, 4291, 8418, 0.000, 31.30, 0.00, 0.000, 90.00, 0.00, 0.000, 90.00, 0.00);
insert into SHOT values (4268, 4290, 4292, 8418, 0.900, 211.30, 0.00, 0.894, 211.73, 0.00, 0.009, 344.89, 0.00);
insert into SHOT values (4269, 4290, 4293, 8418, 2.500, 0.00, 90.00, 2.500, 90.00, 90.00, 0.000, 0.00, 0.00);
insert into SHOT values (4270, 4290, 4294, 8418, 1.600, 0.00, -90.00, 1.600, 90.00, -90.00, 0.000, 0.00, -13.41);
insert into SHOT values (4271, 4290, 4295, 8418, 2.130, 121.30, 40.90, 2.121, 121.21, 40.95, 0.010, 318.60, -28.28);
insert into SHOT values (4272, 4295, 4296, 8418, 0.500, 55.40, 0.00, 0.496, 55.67, 0.00, 0.004, 201.79, 0.00);
insert into SHOT values (4273, 4295, 4297, 8418, 0.000, 235.40, 0.00, 0.000, 90.00, 0.00, 0.000, 90.00, 0.00);
insert into SHOT values (4274, 4295, 4298, 8418, 1.500, 0.00, 90.00, 1.500, 90.00, 90.00, 0.000, 0.00, 0.00);
insert into SHOT values (4275, 4295, 4299, 8418, 1.600, 0.00, -90.00, 1.600, 90.00, -90.00, 0.000, 0.00, -13.41);
insert into SHOT values (4276, 4295, 4300, 8418, 5.450, 145.40, 7.80, 5.457, 145.40, 7.79, 0.007, 144.33, 3.01);
insert into SHOT values (4277, 4300, 4301, 8418, 0.400, 60.80, 0.00, 0.403, 60.26, 0.00, 0.005, 9.71, 0.00);
insert into SHOT values (4278, 4300, 4302, 8418, 0.200, 240.80, 0.00, 0.201, 243.43, 0.00, 0.009, 324.43, 0.00);
insert into SHOT values (4279, 4300, 4303, 8418, 1.700, 0.00, 90.00, 1.700, 90.00, 90.00, 0.000, 0.00, 25.93);
insert into SHOT values (4280, 4300, 4304, 8418, 1.900, 0.00, -90.00, 1.900, 90.00, -90.00, 0.000, 0.00, 11.36);
insert into SHOT values (4281, 4300, 4305, 8418, 6.160, 150.80, 20.60, 6.157, 150.81, 20.64, 0.005, 317.83, 30.22);
insert into SHOT values (4282, 4305, 4306, 8418, 0.300, 40.30, 0.00, 0.305, 41.01, 0.00, 0.006, 78.63, 0.00);
insert into SHOT values (4283, 4305, 4307, 8418, 0.500, 220.30, 0.00, 0.497, 220.10, 0.00, 0.004, 68.55, 0.00);
insert into SHOT values (4284, 4305, 4308, 8418, 1.800, 0.00, 90.00, 1.800, 90.00, 90.00, 0.000, 0.00, -24.67);
insert into SHOT values (4285, 4305, 4309, 8418, 0.500, 0.00, -90.00, 0.500, 90.00, -90.00, 0.000, 0.00, 0.00);
insert into SHOT values (4286, 4305, 4310, 8418, 2.720, 130.30, -25.20, 2.722, 130.22, -25.23, 0.004, 58.35, -28.29);
insert into SHOT values (4287, 4310, 4311, 8418, 0.500, 53.20, 0.00, 0.500, 53.13, 0.00, 0.001, 323.17, 0.00);
insert into SHOT values (4288, 4310, 4312, 8418, 0.000, 233.20, 0.00, 0.000, 90.00, 0.00, 0.000, 90.00, 0.00);
insert into SHOT values (4289, 4310, 4313, 8418, 0.800, 0.00, 90.00, 0.800, 90.00, 90.00, 0.000, 0.00, -45.94);
insert into SHOT values (4290, 4310, 4314, 8418, 0.400, 0.00, -90.00, 0.400, 90.00, -90.00, 0.000, 0.00, -76.14);
insert into SHOT values (4291, 4310, 4315, 8418, 3.480, 143.20, 3.90, 3.480, 143.20, 3.95, 0.003, 67.71, 85.79);
insert into SHOT values (4292, 4315, 4316, 8418, 0.100, 25.30, 0.00, 0.098, 23.96, 0.00, 0.003, 261.51, 0.00);
insert into SHOT values (4293, 4315, 4317, 8418, 0.600, 205.30, 0.00, 0.599, 205.71, 0.00, 0.004, 304.34, 0.00);
insert into SHOT values (4294, 4315, 4318, 8418, 0.800, 0.00, 90.00, 0.800, 90.00, 90.00, 0.000, 0.00, 56.49);
insert into SHOT values (4295, 4315, 4319, 8418, 0.200, 0.00, -90.00, 0.200, 90.00, -90.00, 0.000, 0.00, 80.72);
insert into SHOT values (4296, 4315, 4320, 8418, 1.820, 115.30, -6.30, 1.814, 115.29, -6.33, 0.006, 299.39, -2.58);
insert into SHOT values (4297, 4320, 4321, 8418, 0.700, 74.90, 0.00, 0.703, 75.17, 0.00, 0.005, 119.44, 0.00);
insert into SHOT values (4298, 4320, 4322, 8418, 0.000, 254.90, 0.00, 0.000, 90.00, 0.00, 0.000, 90.00, 0.00);
insert into SHOT values (4299, 4320, 4323, 8418, 0.600, 0.00, 90.00, 0.600, 90.00, 90.00, 0.000, 0.00, 34.57);
insert into SHOT values (4300, 4320, 4324, 8418, 0.700, 0.00, -90.00, 0.700, 90.00, -90.00, 0.000, 0.00, -49.75);
insert into SHOT values (4301, 4320, 4325, 8418, 4.110, 164.90, 4.70, 4.115, 164.88, 4.60, 0.009, 150.86, -48.39);
insert into SHOT values (4302, 4325, 4326, 8418, 0.000, 40.60, 0.00, 0.000, 90.00, 0.00, 0.000, 90.00, 0.00);
insert into SHOT values (4303, 4325, 4327, 8418, 0.600, 220.60, 0.00, 0.595, 220.91, 0.00, 0.006, 4.77, 0.00);
insert into SHOT values (4304, 4325, 4328, 8418, 0.700, 0.00, 90.00, 0.700, 90.00, 90.00, 0.000, 0.00, 49.75);
insert into SHOT values (4305, 4325, 4329, 8418, 1.000, 0.00, -90.00, 1.000, 90.00, -90.00, 0.000, 0.00, 0.00);
insert into SHOT values (4306, 4325, 4330, 8418, 6.620, 130.60, 4.30, 6.621, 130.64, 4.33, 0.006, 209.10, 38.48);
insert into SHOT values (4307, 4330, 4331, 8418, 1.000, 93.80, 0.00, 1.002, 93.43, 0.00, 0.007, 19.31, 0.00);
insert into SHOT values (4308, 4330, 4332, 8418, 0.000, 273.80, 0.00, 0.000, 90.00, 0.00, 0.000, 90.00, 0.00);
insert into SHOT values (4309, 4330, 4333, 8418, 1.400, 0.00, 90.00, 1.400, 90.00, 90.00, 0.000, 0.00, -15.25);
insert into SHOT values (4310, 4330, 4334, 8418, 1.200, 0.00, -90.00, 1.200, 90.00, -90.00, 0.000, 0.00, -34.57);
insert into SHOT values (4311, 4330, 4335, 8418, 7.420, 183.80, 29.70, 7.420, 183.74, 29.73, 0.008, 81.45, 27.07);
insert into SHOT values (4312, 4335, 4336, 8418, 1.000, 85.50, 0.00, 0.993, 85.38, 0.00, 0.007, 282.56, 0.00);
insert into SHOT values (4313, 4335, 4337, 8418, 0.300, 265.50, 0.00, 0.301, 266.19, 0.00, 0.004, 345.35, 0.00);
insert into SHOT values (4314, 4335, 4338, 8418, 1.500, 0.00, 90.00, 1.500, 90.00, 90.00, 0.000, 0.00, 0.00);
insert into SHOT values (4315, 4335, 4339, 8418, 0.600, 0.00, -90.00, 0.600, 90.00, -90.00, 0.000, 0.00, -34.57);
insert into SHOT values (4316, 4335, 4340, 8418, 3.920, 175.50, -0.70, 3.912, 175.60, -0.73, 0.011, 315.33, -11.13);
insert into SHOT values (4317, 4340, 4341, 8418, 0.000, 159.70, 0.00, 0.000, 90.00, 0.00, 0.000, 90.00, 0.00);
insert into SHOT values (4318, 4340, 4342, 8418, 1.500, 339.70, 0.00, 1.493, 339.62, 0.00, 0.007, 176.62, 0.00);
insert into SHOT values (4319, 4340, 4343, 8418, 4.500, 0.00, 90.00, 4.500, 90.00, 90.00, 0.000, 0.00, -12.74);
insert into SHOT values (4320, 4340, 4344, 8418, 1.600, 0.00, -90.00, 1.600, 90.00, -90.00, 0.000, 0.00, -13.41);
insert into SHOT values (4321, 4280, 4345, 8418, 3.190, 249.70, 12.40, 3.253, 250.08, 12.97, 0.073, 270.90, 37.83);
insert into SHOT values (4322, 4345, 4346, 8418, 0.000, 32.50, 0.00, 0.000, 90.00, 0.00, 0.000, 90.00, 0.00);
insert into SHOT values (4323, 4345, 4347, 8418, 0.400, 212.50, 0.00, 0.400, 211.70, 0.00, 0.006, 118.25, 0.00);
insert into SHOT values (4324, 4345, 4348, 8418, 0.100, 0.00, 90.00, 0.100, 90.00, 90.00, 0.000, 0.00, 76.14);
insert into SHOT values (4325, 4345, 4349, 8418, 1.500, 0.00, -90.00, 1.500, 90.00, -90.00, 0.000, 0.00, 0.00);
insert into SHOT values (4326, 4345, 4350, 8418, 4.920, 122.50, 62.20, 4.961, 122.49, 63.00, 0.080, 303.00, 58.22);
insert into SHOT values (4327, 4350, 4351, 8418, 1.100, 73.10, 0.00, 1.098, 73.05, 0.00, 0.003, 275.21, 0.00);
insert into SHOT values (4328, 4350, 4352, 8418, 0.000, 253.10, 0.00, 0.000, 90.00, 0.00, 0.000, 90.00, 0.00);
insert into SHOT values (4329, 4350, 4353, 8418, 2.300, 0.00, 90.00, 2.300, 90.00, 90.00, 0.000, 0.00, -18.36);
insert into SHOT values (4330, 4350, 4354, 8418, 1.200, 0.00, -90.00, 1.200, 90.00, -90.00, 0.000, 0.00, -34.57);
insert into SHOT values (4331, 4350, 4355, 8418, 3.820, 163.10, 32.30, 3.824, 163.49, 33.13, 0.060, 304.18, 54.62);
insert into SHOT values (4332, 4355, 4356, 8418, 1.600, 321.60, 0.00, 1.609, 321.56, 0.00, 0.009, 314.66, 0.00);
insert into SHOT values (4333, 4355, 4357, 8418, 0.300, 141.60, 0.00, 0.292, 141.95, 0.00, 0.008, 308.84, 0.00);
insert into SHOT values (4334, 4355, 4358, 8418, 0.500, 0.00, 90.00, 0.500, 90.00, 90.00, 0.000, 0.00, 0.00);
insert into SHOT values (4335, 4355, 4359, 8418, 1.300, 0.00, -90.00, 1.300, 90.00, -90.00, 0.000, 0.00, 32.45);
insert into SHOT values (4336, 4355, 4360, 8418, 5.280, 51.60, 49.70, 5.321, 51.10, 50.40, 0.082, 283.53, 62.91);
insert into SHOT values (4337, 4360, 4361, 8418, 0.000, 327.80, 0.00, 0.000, 90.00, 0.00, 0.000, 90.00, 0.00);
insert into SHOT values (4338, 4360, 4362, 8418, 1.300, 147.80, 0.00, 1.298, 147.90, 0.00, 0.003, 271.07, 0.00);
insert into SHOT values (4339, 4360, 4363, 8418, 0.700, 0.00, 90.00, 0.700, 90.00, 90.00, 0.000, 0.00, -15.25);
insert into SHOT values (4340, 4360, 4364, 8418, 0.700, 0.00, -90.00, 0.700, 90.00, -90.00, 0.000, 0.00, 15.25);
insert into SHOT values (4341, 4360, 4365, 8418, 4.520, 57.80, -4.80, 4.482, 57.23, -3.97, 0.088, 291.12, 51.09);
insert into SHOT values (4342, 4365, 4366, 8418, 1.200, 33.00, 0.00, 1.201, 32.76, 0.00, 0.005, 315.23, 0.00);
insert into SHOT values (4343, 4365, 4367, 8418, 0.400, 213.00, 0.00, 0.405, 212.91, 0.00, 0.005, 205.32, 0.00);
insert into SHOT values (4344, 4365, 4368, 8418, 1.000, 0.00, 90.00, 1.000, 90.00, 90.00, 0.000, 0.00, 0.00);
insert into SHOT values (4345, 4365, 4369, 8418, 0.200, 0.00, -90.00, 0.200, 90.00, -90.00, 0.000, 0.00, 45.94);
insert into SHOT values (4346, 4365, 4370, 8418, 3.120, 123.00, -11.30, 3.038, 123.10, -10.81, 0.086, 298.86, 28.78);
insert into SHOT values (4347, 4370, 4371, 8418, 1.100, 283.90, 0.00, 1.091, 283.78, 0.00, 0.009, 118.63, 0.00);
insert into SHOT values (4348, 4370, 4372, 8418, 0.100, 103.90, 0.00, 0.102, 101.31, 0.00, 0.005, 36.05, 0.00);
insert into SHOT values (4349, 4370, 4373, 8418, 0.800, 0.00, 90.00, 0.800, 90.00, 90.00, 0.000, 0.00, 13.41);
insert into SHOT values (4350, 4370, 4374, 8418, 0.200, 0.00, -90.00, 0.200, 90.00, -90.00, 0.000, 0.00, 80.72);
insert into SHOT values (4351, 4370, 4375, 8418, 8.090, 13.90, 7.60, 8.122, 13.17, 8.57, 0.174, 290.43, 53.71);
insert into SHOT values (4352, 4375, 4376, 8418, 0.700, 302.90, 0.00, 0.702, 302.78, 0.00, 0.002, 264.40, 0.00);
insert into SHOT values (4353, 4375, 4377, 8418, 0.800, 122.90, 0.00, 0.802, 123.29, 0.00, 0.006, 197.25, 0.00);
insert into SHOT values (4354, 4375, 4378, 8418, 0.600, 0.00, 90.00, 0.600, 90.00, 90.00, 0.000, 0.00, 34.57);
insert into SHOT values (4355, 4375, 4379, 8418, 0.400, 0.00, -90.00, 0.400, 90.00, -90.00, 0.000, 0.00, 45.94);
insert into SHOT values (4356, 4375, 4380, 8418, 3.430, 32.90, 38.70, 3.470, 32.21, 39.35, 0.064, 313.07, 59.33);
insert into SHOT values (4357, 4380, 4381, 8418, 1.300, 282.00, 0.00, 1.298, 282.00, 0.00, 0.002, 100.16, 0.00);
insert into SHOT values (4358, 4380, 4382, 8418, 0.000, 102.00, 0.00, 0.000, 90.00, 0.00, 0.000, 90.00, 0.00);
insert into SHOT values (4359, 4380, 4383, 8418, 0.500, 0.00, 90.00, 0.500, 90.00, 90.00, 0.000, 0.00, 0.00);
insert into SHOT values (4360, 4380, 4384, 8418, 0.400, 0.00, -90.00, 0.400, 90.00, -90.00, 0.000, 0.00, 45.94);
insert into SHOT values (4361, 4380, 4385, 8418, 2.630, 12.00, 11.70, 2.664, 11.53, 12.35, 0.050, 333.46, 46.69);
insert into SHOT values (4362, 4385, 4386, 8418, 0.000, 207.00, 0.00, 0.000, 90.00, 0.00, 0.000, 90.00, 0.00);
insert into SHOT values (4363, 4385, 4387, 8418, 0.800, 27.00, 0.00, 0.805, 26.57, 0.00, 0.008, 336.07, 0.00);
insert into SHOT values (4364, 4385, 4388, 8418, 0.500, 0.00, 90.00, 0.500, 90.00, 90.00, 0.000, 0.00, 0.00);
insert into SHOT values (4365, 4385, 4389, 8418, 0.800, 0.00, -90.00, 0.800, 90.00, -90.00, 0.000, 0.00, 45.94);
insert into SHOT values (4366, 4385, 4390, 8418, 5.320, 297.00, -17.50, 5.366, 297.06, -16.57, 0.099, 301.68, 45.06);
insert into SHOT values (4367, 4390, 4391, 8418, 0.400, 228.00, 0.00, 0.396, 227.05, 0.00, 0.008, 107.93, 0.00);
insert into SHOT values (4368, 4390, 4392, 8418, 0.700, 48.00, 0.00, 0.694, 48.50, 0.00, 0.008, 181.37, 0.00);
insert into SHOT values (4369, 4390, 4393, 8418, 0.700, 0.00, 90.00, 0.700, 90.00, 90.00, 0.000, 0.00, -15.25);
insert into SHOT values (4370, 4390, 4394, 8418, 0.400, 0.00, -90.00, 0.400, 90.00, -90.00, 0.000, 0.00, -56.49);
insert into SHOT values (4371, 4390, 4395, 8418, 2.390, 318.00, -22.60, 2.408, 317.90, -21.69, 0.042, 310.68, 42.47);
insert into SHOT values (4372, 4395, 4396, 8418, 0.400, 268.80, 0.00, 0.400, 268.57, 0.00, 0.002, 183.09, 0.00);
insert into SHOT values (4373, 4395, 4397, 8418, 0.400, 88.80, 0.00, 0.400, 88.57, 0.00, 0.002, 3.09, 0.00);
insert into SHOT values (4374, 4395, 4398, 8418, 0.000, 0.00, 90.00, 0.000, 90.00, 0.00, 0.000, 90.00, 0.00);
insert into SHOT values (4375, 4395, 4399, 8418, 0.800, 0.00, -90.00, 0.800, 90.00, -90.00, 0.000, 0.00, -13.41);
insert into SHOT values (4376, 4395, 4400, 8418, 2.520, 358.80, 12.30, 2.565, 358.17, 12.84, 0.058, 323.47, 34.77);
insert into SHOT values (4377, 4400, 4401, 8418, 0.000, 269.30, 0.00, 0.000, 90.00, 0.00, 0.000, 90.00, 0.00);
insert into SHOT values (4378, 4400, 4402, 8418, 1.400, 89.30, 0.00, 1.400, 89.18, 0.00, 0.003, 2.07, 0.00);
insert into SHOT values (4379, 4400, 4403, 8418, 0.800, 0.00, 90.00, 0.800, 90.00, 90.00, 0.000, 0.00, 13.41);
insert into SHOT values (4380, 4400, 4404, 8418, 0.700, 0.00, -90.00, 0.700, 90.00, -90.00, 0.000, 0.00, 15.25);
insert into SHOT values (4381, 4400, 4405, 8418, 4.360, 359.30, -20.60, 4.360, 358.88, -19.84, 0.065, 302.34, 56.56);
insert into SHOT values (4382, 4405, 4406, 8418, 1.700, 319.60, 0.00, 1.709, 319.51, 0.00, 0.010, 303.30, 0.00);
insert into SHOT values (4383, 4405, 4407, 8418, 0.000, 139.60, 0.00, 0.000, 90.00, 0.00, 0.000, 90.00, 0.00);
insert into SHOT values (4384, 4405, 4408, 8418, 0.500, 0.00, 90.00, 0.500, 90.00, 90.00, 0.000, 0.00, 0.00);
insert into SHOT values (4385, 4405, 4409, 8418, 0.700, 0.00, -90.00, 0.700, 90.00, -90.00, 0.000, 0.00, 15.25);
insert into SHOT values (4386, 4405, 4410, 8418, 4.090, 49.60, -32.60, 4.025, 48.92, -32.12, 0.084, 277.20, 49.44);
insert into SHOT values (4387, 4410, 4411, 8418, 1.800, 283.40, 0.00, 1.797, 283.19, 0.00, 0.007, 172.06, 0.00);
insert into SHOT values (4388, 4410, 4412, 8418, 0.800, 103.40, 0.00, 0.803, 103.69, 0.00, 0.005, 158.86, 0.00);
insert into SHOT values (4389, 4410, 4413, 8418, 0.800, 0.00, 90.00, 0.800, 90.00, 90.00, 0.000, 0.00, -45.94);
insert into SHOT values (4390, 4410, 4414, 8418, 0.300, 0.00, -90.00, 0.300, 90.00, -90.00, 0.000, 0.00, -76.23);
insert into SHOT values (4391, 4410, 4415, 8418, 3.130, 13.40, -21.10, 3.107, 12.89, -20.34, 0.054, 268.62, 60.25);
insert into SHOT values (4392, 4415, 4416, 8418, 0.900, 303.90, 0.00, 0.907, 304.22, 0.00, 0.009, 339.58, 0.00);
insert into SHOT values (4393, 4415, 4417, 8418, 0.000, 123.90, 0.00, 0.000, 90.00, 0.00, 0.000, 90.00, 0.00);
insert into SHOT values (4394, 4415, 4418, 8418, 0.600, 0.00, 90.00, 0.600, 90.00, 90.00, 0.000, 0.00, 34.57);
insert into SHOT values (4395, 4415, 4419, 8418, 0.000, 0.00, -90.00, 0.000, 90.00, 0.00, 0.000, 90.00, 0.00);
insert into SHOT values (4396, 4415, 4420, 8418, 3.590, 33.90, 13.60, 3.606, 33.33, 14.29, 0.058, 312.30, 52.35);
insert into SHOT values (4397, 4420, 4421, 8418, 0.000, 321.00, 0.00, 0.000, 90.00, 0.00, 0.000, 90.00, 0.00);
insert into SHOT values (4398, 4420, 4422, 8418, 1.000, 141.00, 0.00, 1.003, 141.07, 0.00, 0.003, 166.61, 0.00);
insert into SHOT values (4399, 4420, 4423, 8418, 0.800, 0.00, 90.00, 0.800, 90.00, 90.00, 0.000, 0.00, 56.49);
insert into SHOT values (4400, 4420, 4424, 8418, 1.000, 0.00, -90.00, 1.000, 90.00, -90.00, 0.000, 0.00, 0.00);
insert into SHOT values (4401, 4420, 4425, 8418, 2.640, 51.00, 55.40, 2.691, 50.39, 55.97, 0.059, 343.14, 73.07);
insert into SHOT values (4402, 4425, 4426, 8418, 0.000, 192.10, 0.00, 0.000, 90.00, 0.00, 0.000, 90.00, 0.00);
insert into SHOT values (4403, 4425, 4427, 8418, 0.800, 12.10, 0.00, 0.798, 12.30, 0.00, 0.003, 134.01, 0.00);
insert into SHOT values (4404, 4425, 4428, 8418, 0.200, 0.00, 90.00, 0.200, 90.00, 90.00, 0.000, 0.00, -45.94);
insert into SHOT values (4405, 4425, 4429, 8418, 0.800, 0.00, -90.00, 0.800, 90.00, -90.00, 0.000, 0.00, -13.41);
insert into SHOT values (4406, 4425, 4430, 8418, 2.240, 282.10, 19.50, 2.329, 282.39, 19.83, 0.091, 289.96, 27.79);
insert into SHOT values (4407, 4430, 4431, 8418, 1.220, 33.20, -14.80, 1.193, 32.32, -13.57, 0.041, 254.89, 49.75);
insert into SCRAPS values (8419, 8416, 'Actif0303-1p', 1, 6.84310, 0.57671);
 insert into SCRAPS values (8480, 8416, 'Actif0303-2p', 1, 32.80296, 0.72073);
 insert into MAPS values (8520, 8416, 'm-all-p', NULL, 1, 148.920, -18.990);
 insert into MAPITEMS values (8520, 4, 8480);
 insert into MAPITEMS values (8520, 4, 8419);
 insert into SCRAPS values (8521, 8416, 'Actif0303-1e', 2, 32.98459, 0.09596);
 insert into SCRAPS values (8687, 8416, 'Actif0303-2e', 2, 75.00948, 0.10835);
 insert into MAPS values (8800, 8416, 'm-all-e', NULL, 2, 148.920, -18.990);
 insert into MAPITEMS values (8800, 4, 8521);
 insert into MAPITEMS values (8800, 4, 8687);
 insert into SCRAPS values (8802, 18, 'CuevaPirates-entree', 2, 94.38665, 12.25405);
 insert into SCRAPS values (8934, 18, 'CuevaPirates-cairn-chamber', 2, 29.43155, 0.15175);
 insert into SCRAPS values (9249, 18, 'CuevaPirates-jonctions', 2, 99.95289, 4.11835);
 insert into SCRAPS values (9888, 18, 'CuevaPirates-whiterhino-1', 2, 0.93093, 0.01826);
 insert into SCRAPS values (9964, 18, 'CuevaPirates-whiterhino-2', 2, 3.25916, 0.21607);
 insert into SCRAPS values (10006, 18, 'CuevaPirates-new4', 2, 1.82456, 0.07717);
 insert into SCRAPS values (10120, 18, 'CuevaPirates-muddyhollows-1', 2, 7.14706, 0.12994);
 insert into SCRAPS values (10170, 18, 'CuevaPirates-muddyhollows-2', 2, 16.08275, 0.82707);
 insert into SCRAPS values (10212, 18, 'CuevaPirates-muddyhollows-3', 2, 4.13904, 0.08802);
 insert into SCRAPS values (10242, 18, 'CuevaPirates-dodgyplumbing', 2, 26.93143, 0.19100);
 insert into SCRAPS values (10419, 18, 'CuevaPirates-stalchamber', 2, 58.60597, 0.49505);
 insert into SCRAPS values (10483, 18, 'CuevaPirates-sumpofdoom', 2, 36.94140, 7.81700);
 insert into SCRAPS values (10517, 18, 'CuevaPirates-jonctions-2', 2, 62.26002, 5.68634);
 insert into SCRAPS values (10528, 18, 'CuevaPirates-jonctions-3', 2, 41.34369, 6.42390);
 insert into SCRAPS values (10536, 18, 'CuevaPirates-PinceMi', 2, 66.61862, 0.54171);
 insert into SCRAPS values (11075, 18, 'CuevaPirates-Waterworld', 2, 36.97491, 1.71937);
 insert into SCRAPS values (11120, 18, 'CuevaPirates-new3', 2, 4.87273, 0.06759);
 insert into SCRAPS values (11229, 18, 'CuevaPirates-new5', 2, 9.99579, 0.40634);
 insert into SCRAPS values (11456, 18, 'CuevaPirates-Ascension', 2, 0.34429, 0.01774);
 insert into CENTRELINE values (11608, 18, NULL, NULL, NULL, 0.00, 0.00, 0.00);
 insert into MAPS values (11609, 18, 'm-old-p', NULL, 1, 1366.230, -87.840);
 insert into MAPITEMS values (11609, 4, 1357);
 insert into MAPITEMS values (11609, 4, 1538);
 insert into MAPITEMS values (11609, 4, 476);
 insert into MAPITEMS values (11609, 4, 801);
 insert into MAPITEMS values (11609, 4, 149);
 insert into MAPITEMS values (11609, 4, 180);
 insert into MAPITEMS values (11609, 4, 22);
 insert into MAPITEMS values (11609, 4, 277);
 insert into MAPITEMS values (11609, 4, 680);
 insert into MAPITEMS values (11609, 4, 541);
 insert into MAPITEMS values (11609, 4, 641);
 insert into MAPITEMS values (11609, 4, 436);
 insert into MAPITEMS values (11609, 4, 197);
 insert into MAPITEMS values (11609, 4, 347);
 insert into MAPS values (11610, 18, 'm-all-p', NULL, 1, 3799.422, -148.470);
 insert into MAPITEMS values (11610, 4, 8413);
 insert into MAPITEMS values (11610, 4, 1349);
 insert into MAPITEMS values (11610, 4, 11609);
 insert into MAPITEMS values (11610, 4, 2426);
 insert into MAPITEMS values (11610, 4, 3644);
 insert into MAPITEMS values (11610, 4, 3435);
 insert into MAPITEMS values (11610, 4, 4059);
 insert into MAPITEMS values (11610, 4, 2325);
 insert into MAPITEMS values (11610, 4, 4627);
 insert into MAPITEMS values (11610, 4, 3122);
 insert into MAPITEMS values (11610, 4, 4922);
 insert into MAPITEMS values (11610, 4, 5304);
 insert into MAPITEMS values (11610, 4, 6179);
 insert into MAPITEMS values (11610, 4, 7349);
 insert into MAPITEMS values (11610, 4, 6724);
 insert into MAPITEMS values (11610, 4, 7576);
 insert into MAPITEMS values (11610, 4, 8520);
 insert into MAPITEMS values (11610, 4, 5871);
 insert into MAPS values (11611, 18, 'm-all-e', NULL, 2, 3799.422, -148.470);
 insert into MAPITEMS values (11611, 4, 7828);
 insert into MAPITEMS values (11611, 4, 10536);
 insert into MAPITEMS values (11611, 4, 7577);
 insert into MAPITEMS values (11611, 4, 2785);
 insert into MAPITEMS values (11611, 4, 6182);
 insert into MAPITEMS values (11611, 4, 6454);
 insert into MAPITEMS values (11611, 4, 6363);
 insert into MAPITEMS values (11611, 4, 10528);
 insert into MAPITEMS values (11611, 4, 10517);
 insert into MAPITEMS values (11611, 4, 9249);
 insert into MAPITEMS values (11611, 4, 10483);
 insert into MAPITEMS values (11611, 4, 8802);
 insert into MAPITEMS values (11611, 4, 8934);
 insert into MAPITEMS values (11611, 4, 11229);
 insert into MAPITEMS values (11611, 4, 11120);
 insert into MAPITEMS values (11611, 4, 10006);
 insert into MAPITEMS values (11611, 4, 11456);
 insert into MAPITEMS values (11611, 4, 10212);
 insert into MAPITEMS values (11611, 4, 10120);
 insert into MAPITEMS values (11611, 4, 10170);
 insert into MAPITEMS values (11611, 4, 9964);
 insert into MAPITEMS values (11611, 4, 9888);
 insert into MAPITEMS values (11611, 4, 10242);
 insert into MAPITEMS values (11611, 4, 5306);
 insert into MAPITEMS values (11611, 4, 5658);
 insert into MAPITEMS values (11611, 4, 10419);
 insert into MAPITEMS values (11611, 4, 4923);
 insert into MAPITEMS values (11611, 4, 5090);
 insert into MAPITEMS values (11611, 4, 11075);
 insert into MAPITEMS values (11611, 4, 6725);
 insert into MAPITEMS values (11611, 4, 7350);
 insert into MAPITEMS values (11611, 4, 8521);
 insert into MAPITEMS values (11611, 4, 8687);
 insert into MAPITEMS values (11611, 4, 5872);
 insert into STATION values (1, '2', 910, -7.25, 4.44, -0.18);
insert into STATION values (2, '1', 910, 0.00, 0.00, 0.00);
insert into STATION values (3, '3', 910, -8.51, 15.41, -8.48);
insert into STATION values (4, '4', 910, -5.78, 17.38, -11.20);
insert into STATION values (5, '5', 910, 0.32, 22.52, -8.08);
insert into STATION values (6, '6', 910, 5.20, 33.52, -6.58);
insert into STATION values (7, '7', 910, 3.99, 43.99, -7.91);
insert into STATION values (8, '8', 910, 5.76, 51.09, -5.97);
insert into STATION values (9, '9', 910, 4.32, 56.22, -2.37);
insert into STATION values (10, '10', 910, 1.03, 63.93, -5.52);
insert into STATION values (11, '11', 910, -0.59, 70.24, -6.65);
insert into STATION values (12, '12', 910, 3.11, 77.85, -10.14);
insert into STATION values (13, '13', 910, 4.67, 84.68, -12.97);
insert into STATION values (14, '14', 910, -8.24, 98.64, -23.27);
insert into STATION values (15, '15', 910, 0.12, 105.65, -26.19);
insert into STATION values (16, '16', 910, 3.56, 108.86, -25.11);
insert into STATION values (17, '17', 910, 5.52, 113.97, -27.43);
insert into STATION values (18, '18', 910, -3.81, 125.92, -20.68);
insert into STATION_FLAG values(18, 'con');
insert into STATION values (19, '19', 910, -15.59, 107.37, -29.04);
insert into STATION values (20, '20', 910, -20.93, 118.12, -32.53);
insert into STATION values (21, '21', 910, -37.81, 133.29, -43.32);
insert into STATION values (22, '22', 910, -47.56, 144.91, -48.25);
insert into STATION values (23, '23', 910, -45.57, 150.10, -48.16);
insert into STATION values (24, '24', 910, -45.61, 149.67, -42.03);
insert into STATION values (25, '25', 910, -42.49, 149.19, -41.49);
insert into STATION values (26, '26', 910, -42.89, 166.53, -48.62);
insert into STATION values (27, '27', 910, -41.22, 171.33, -50.42);
insert into STATION values (28, '28', 910, -39.03, 178.87, -52.16);
insert into STATION values (29, '29', 910, -32.82, 188.21, -53.24);
insert into STATION values (30, '30', 910, -23.26, 192.44, -54.80);
insert into STATION values (31, '31', 910, -27.52, 195.56, -55.95);
insert into STATION values (32, '32', 910, -21.31, 200.83, -57.45);
insert into STATION values (33, '33', 910, -19.84, 208.31, -58.86);
insert into STATION values (34, '34', 910, -15.55, 211.35, -58.04);
insert into STATION values (35, '35', 910, -11.96, 213.46, -59.50);
insert into STATION values (36, '36', 910, -17.95, 218.51, -62.43);
insert into STATION values (37, '37', 910, -19.37, 218.56, -64.06);
insert into STATION values (38, '38', 910, -21.14, 219.76, -65.48);
insert into STATION values (39, '39', 910, -17.65, 226.23, -65.25);
insert into STATION values (40, '40', 910, -16.11, 227.58, -65.66);
insert into STATION values (41, '41', 910, -16.36, 230.32, -65.58);
insert into STATION values (42, '42', 910, -15.49, 229.32, -68.51);
insert into STATION values (43, '43', 910, -12.69, 231.71, -68.65);
insert into STATION values (44, '44', 910, -22.64, 243.02, -75.04);
insert into STATION_FLAG values(44, 'ent');
insert into STATION values (45, '50', 914, -8.59, -4.16, -4.79);
insert into STATION values (46, '1', 914, 0.00, 0.00, 0.00);
insert into STATION values (47, '51', 914, -20.74, -5.12, -10.62);
insert into STATION values (48, '52', 914, -28.58, -1.91, -14.37);
insert into STATION values (49, '53', 914, -26.34, -4.28, -13.29);
insert into STATION values (50, '54', 914, -32.14, 5.42, -18.97);
insert into STATION values (51, '55', 914, -37.70, 2.41, -20.00);
insert into STATION values (52, '56', 914, -33.35, -8.86, -12.36);
insert into STATION values (53, '57', 914, -29.17, -10.77, -11.36);
insert into STATION values (54, '58', 914, -29.47, -16.68, -8.92);
insert into STATION values (55, '59', 914, -32.91, -22.55, -7.46);
insert into STATION values (56, '60', 914, -33.71, -25.55, -5.17);
insert into STATION values (57, '61', 914, -39.33, -29.15, -3.88);
insert into STATION values (58, '62', 914, -44.30, -27.94, -5.41);
insert into STATION values (59, '63', 914, -45.46, -30.82, -5.79);
insert into STATION values (60, '64', 914, -46.69, -36.55, -5.16);
insert into STATION values (61, '65', 914, -53.26, -41.94, -4.70);
insert into STATION values (62, '66', 914, -54.32, -41.07, -5.50);
insert into STATION values (63, '67', 914, -59.40, -39.75, -4.96);
insert into STATION values (64, '68', 914, -68.77, -37.08, -5.77);
insert into STATION values (65, '69', 914, -77.98, -32.66, -8.97);
insert into STATION values (66, '70', 914, -82.67, -36.29, -7.71);
insert into STATION values (67, '71', 914, -92.07, -35.12, -8.02);
insert into STATION values (68, '72', 914, -96.21, -35.49, -8.74);
insert into STATION values (69, '73', 914, -98.94, -35.13, -8.97);
insert into STATION values (70, '74', 914, -106.45, -36.96, -13.17);
insert into STATION values (71, '75', 914, -113.08, -38.71, -17.72);
insert into STATION values (72, '76', 914, -117.60, -45.38, -20.74);
insert into STATION values (73, '77', 914, -118.67, -52.98, -19.15);
insert into STATION values (74, '78', 914, -119.95, -64.88, -16.31);
insert into STATION values (75, '79', 914, -122.61, -77.34, -18.66);
insert into STATION values (76, '80', 914, -125.44, -89.44, -23.83);
insert into STATION values (77, '81', 914, -125.81, -94.12, -23.80);
insert into STATION values (78, '82', 914, -124.64, -98.68, -23.53);
insert into STATION values (79, '83', 914, -126.95, -109.12, -26.77);
insert into STATION values (80, '84', 914, -126.42, -115.60, -27.38);
insert into STATION values (81, '85', 914, -132.07, -117.31, -29.42);
insert into STATION values (82, '86', 914, -139.13, -118.65, -32.81);
insert into STATION values (83, '87', 914, -144.25, -118.02, -30.72);
insert into STATION values (84, '88', 914, -149.92, -125.82, -30.22);
insert into STATION values (85, '89', 914, -156.39, -135.07, -21.08);
insert into STATION values (86, '93', 914, -156.39, -135.07, 3.92);
insert into STATION values (87, '17', 914, 5.52, 113.97, -27.43);
insert into STATION values (88, '90', 914, -3.82, 125.94, -20.35);
insert into STATION values (89, '91', 914, -11.72, 136.04, -7.53);
insert into STATION values (90, '92', 914, -14.92, 137.67, -4.06);
insert into STATION values (91, '101', 918, -48.50, 148.73, -49.08);
insert into STATION values (92, '23', 918, -45.57, 150.10, -48.16);
insert into STATION values (93, '102', 918, -47.21, 151.76, -49.31);
insert into STATION values (94, '103', 918, -47.52, 154.31, -51.05);
insert into STATION values (95, '104', 918, -51.82, 163.54, -57.40);
insert into STATION values (96, '105', 918, -54.08, 172.61, -61.57);
insert into STATION values (97, '106', 918, -55.41, 175.72, -62.93);
insert into STATION values (98, '17', 918, 5.52, 113.97, -27.43);
insert into STATION values (99, '107', 918, 9.17, 112.33, -25.83);
insert into STATION values (100, '108', 918, 12.96, 110.38, -26.14);
insert into STATION values (101, '109', 918, 15.13, 110.72, -24.18);
insert into STATION values (102, '110', 918, 18.47, 109.62, -21.82);
insert into STATION values (103, '111', 918, 20.09, 108.57, -23.07);
insert into STATION values (104, '112', 918, 23.78, 108.67, -18.32);
insert into STATION values (105, '113', 918, 31.05, 102.12, -17.81);
insert into STATION values (106, '114', 918, 36.83, 95.91, -23.10);
insert into STATION values (107, '115', 918, 38.21, 94.33, -22.96);
insert into STATION values (108, '116', 918, 41.81, 91.09, -28.94);
insert into STATION values (109, '117', 918, 23.05, 109.44, -17.15);
insert into STATION values (110, '118', 918, 27.45, 116.21, -15.73);
insert into STATION values (111, '119', 918, 27.45, 125.00, -16.04);
insert into STATION values (112, '120', 918, 27.50, 126.59, -13.28);
insert into STATION values (113, '121', 918, 28.95, 132.88, -14.07);
insert into STATION values (114, '122', 918, 35.07, 136.70, -12.93);
insert into STATION values (115, '123', 918, 35.07, 144.00, -12.93);
insert into STATION values (116, '124', 918, 38.88, 132.61, -8.24);
insert into STATION values (117, '125', 918, 33.46, 142.83, -14.28);
insert into STATION values (118, '126', 918, 26.93, 147.75, -21.64);
insert into STATION values (119, '127', 918, 13.01, 113.22, -22.02);
insert into STATION values (120, '15', 918, 0.12, 105.65, -26.19);
insert into STATION values (121, '128', 918, 6.69, 101.71, -21.59);
insert into STATION values (122, '129', 918, 2.11, 99.12, -10.86);
insert into STATION values (123, '16', 918, 3.56, 108.86, -25.11);
insert into STATION values (124, '130', 918, 4.71, 108.06, -25.65);
insert into STATION values (125, '131', 918, 6.69, 101.56, -21.06);
insert into STATION values (126, '53', 922, -26.34, -4.28, -13.29);
insert into STATION values (127, '150', 922, -26.03, -7.81, -12.66);
insert into STATION values (128, '151', 922, -18.79, -20.36, -8.78);
insert into STATION values (129, '152', 922, -18.79, -30.03, -5.26);
insert into STATION values (130, '153', 922, -19.98, -39.74, -0.06);
insert into STATION values (131, '154', 922, -22.60, -45.90, 4.12);
insert into STATION values (132, '155', 922, -24.19, -57.23, 8.51);
insert into STATION values (133, '156', 922, -15.68, -60.67, 12.80);
insert into STATION values (134, '55', 922, -37.70, 2.41, -20.00);
insert into STATION values (135, '157', 922, -38.47, 20.14, -28.12);
insert into STATION values (136, '158', 922, -37.58, 29.97, -30.52);
insert into STATION values (137, '159', 922, -43.44, 37.93, -33.11);
insert into STATION values (138, '160', 922, -36.19, 48.75, -33.62);
insert into STATION values (139, '161', 922, -36.97, 50.01, -32.34);
insert into STATION values (140, '162', 922, -38.30, 55.35, -33.82);
insert into STATION values (141, '163', 922, -48.47, 67.18, -40.30);
insert into STATION values (142, '21', 926, -37.81, 133.29, -43.32);
insert into STATION values (143, '200', 926, -38.43, 123.96, -41.64);
insert into STATION values (144, '201', 926, -38.59, 115.83, -40.46);
insert into STATION values (145, '202', 926, -46.74, 115.51, -46.83);
insert into STATION values (146, '203', 926, -50.43, 127.56, -49.51);
insert into STATION values (147, '204', 926, -53.94, 133.64, -51.93);
insert into STATION values (148, '205', 926, -57.51, 138.74, -54.70);
insert into STATION values (149, '206', 926, -52.09, 113.53, -50.59);
insert into STATION values (150, '207', 926, -67.04, 106.49, -55.65);
insert into STATION values (151, '208', 926, -61.09, 85.00, -48.30);
insert into STATION values (152, '209', 926, -60.75, 85.15, -48.39);
insert into STATION values (153, '210', 926, -55.28, 83.01, -45.74);
insert into STATION values (154, '211', 926, -41.95, 81.58, -39.74);
insert into STATION values (155, '212', 926, -33.11, 80.49, -35.59);
insert into STATION values (156, '213', 926, -20.09, 74.42, -27.62);
insert into STATION values (157, '214', 926, -47.49, 72.08, -40.85);
insert into STATION values (158, '215', 926, -48.09, 67.76, -39.12);
insert into STATION values (159, '163', 926, -48.47, 67.18, -40.30);
insert into STATION values (160, '66', 926, -54.32, -41.07, -5.50);
insert into STATION values (161, '216', 926, -45.61, -33.50, -5.50);
insert into STATION values (162, '217', 926, -47.54, -31.43, -6.37);
insert into STATION values (163, '218', 926, -50.43, -29.70, -6.31);
insert into STATION values (164, '219', 926, -54.70, -21.31, -9.55);
insert into STATION values (165, '220', 926, -51.63, -16.20, -12.59);
insert into STATION values (166, '221', 926, -57.22, -6.11, -16.12);
insert into STATION values (167, '222', 926, -61.15, -0.89, -17.75);
insert into STATION values (168, '223', 926, -57.36, 6.57, -22.58);
insert into STATION values (169, '224', 926, -53.76, 19.12, -28.67);
insert into STATION values (170, '225', 926, -48.89, 16.75, -25.42);
insert into STATION values (171, '226', 926, -40.33, 4.06, -19.85);
insert into STATION values (172, '55', 926, -39.48, 4.51, -20.22);
insert into STATION values (173, '0', 931, 13.63, 219.72, -33.50);
insert into STATION values (174, '1', 931, 11.53, 209.83, -25.01);
insert into STATION values (175, '2', 931, 14.50, 205.58, -23.91);
insert into STATION values (176, '3', 931, 15.37, 203.81, -17.82);
insert into STATION values (177, '4', 931, 10.89, 202.55, -23.86);
insert into STATION values (178, '5', 931, 8.28, 200.20, -22.85);
insert into STATION values (179, '6', 931, 10.50, 196.35, -19.12);
insert into STATION values (180, '7', 931, 6.88, 202.28, -23.52);
insert into STATION values (181, '8', 931, 8.09, 205.13, -27.95);
insert into STATION values (182, '9', 931, 3.18, 206.54, -30.90);
insert into STATION values (183, '10', 931, -2.47, 209.81, -39.88);
insert into STATION values (184, '11', 931, -3.35, 211.11, -45.36);
insert into STATION values (185, '12', 931, -9.06, 215.25, -52.16);
insert into STATION values (186, '13', 931, -16.40, 213.69, -57.42);
insert into STATION values (187, '14', 931, -17.27, 212.04, -59.22);
insert into STATION values (188, 'C', 931, -15.87, 211.94, -61.16);
insert into STATION values (189, '15', 931, -21.88, 209.27, -59.69);
insert into STATION values (190, '16', 931, -26.37, 198.70, -58.08);
insert into STATION values (191, '17', 931, -33.99, 194.12, -55.70);
insert into STATION values (192, '100', 931, -22.64, 243.02, -75.04);
insert into STATION values (193, '101', 931, -8.98, 237.24, -61.91);
insert into STATION values (194, '102', 931, -1.88, 235.87, -62.04);
insert into STATION values (195, '103', 931, 2.71, 232.67, -59.42);
insert into STATION values (196, '104', 931, 6.88, 230.29, -59.23);
insert into STATION values (197, '105', 931, 10.29, 223.62, -57.44);
insert into STATION values (198, '106', 931, 2.30, 218.55, -60.32);
insert into STATION values (199, '107', 931, -1.98, 216.05, -60.73);
insert into STATION values (200, '108', 931, -5.53, 208.57, -61.92);
insert into STATION values (201, 'U', 931, -10.56, 210.17, -62.17);
insert into STATION values (202, 'A', 931, -21.21, 217.59, -64.52);
insert into STATION values (203, 'B', 931, -17.15, 214.66, -61.70);
insert into STATION values (204, 'D', 931, -20.00, 211.28, -58.92);
insert into STATION values (205, 'E', 931, -23.38, 207.82, -59.64);
insert into STATION values (206, 'F', 931, -28.03, 197.29, -57.36);
insert into STATION values (207, 'G', 931, -29.51, 198.14, -57.36);
insert into STATION values (208, 'H', 931, -27.08, 204.80, -49.48);
insert into STATION values (209, 'I', 931, -29.66, 196.18, -56.92);
insert into STATION values (210, 'J', 931, -25.97, 194.55, -54.92);
insert into STATION values (211, 'K', 931, -34.32, 189.53, -52.93);
insert into STATION values (212, 'L', 931, -37.63, 184.55, -52.96);
insert into STATION values (213, 'M', 931, -43.28, 176.00, -52.14);
insert into STATION values (214, 'N', 931, -44.15, 166.17, -49.26);
insert into STATION values (215, '30', 931, -17.49, 226.33, -65.47);
insert into STATION values (216, '31', 931, -17.19, 228.39, -65.49);
insert into STATION values (217, '32', 931, -17.23, 228.48, -68.55);
insert into STATION_FLAG values(217, 'ent');
insert into STATION values (218, '33', 931, -15.60, 230.99, -68.84);
insert into STATION values (219, 'N1', 931, -45.61, 149.67, -42.03);
insert into STATION values (220, 'O', 931, -20.38, 197.02, -53.84);
insert into STATION values (221, 'P', 931, -17.32, 201.80, -55.82);
insert into STATION values (222, 'Q', 931, -17.48, 207.42, -57.21);
insert into STATION values (223, 'R', 931, -17.93, 205.51, -58.72);
insert into STATION values (224, 'S', 931, -14.71, 204.21, -59.91);
insert into STATION values (225, 'T', 931, -11.67, 205.71, -61.46);
insert into STATION values (226, '0', 1355, -33.66, 83.67, -37.10);
insert into STATION values (227, '211', 1355, -41.95, 81.58, -39.74);
insert into STATION values (228, '.', 1355, -33.36, 84.76, -36.42);
insert into STATION values (229, '.', 1355, -33.78, 83.49, -35.14);
insert into STATION values (230, '.', 1355, -33.94, 82.66, -35.33);
insert into STATION values (231, '.', 1355, -34.54, 81.24, -35.05);
insert into STATION values (232, '.', 1355, -35.02, 80.37, -35.97);
insert into STATION values (233, '.', 1355, -36.05, 80.01, -37.28);
insert into STATION values (234, '.', 1355, -36.27, 82.20, -36.20);
insert into STATION values (235, '.', 1355, -36.16, 83.23, -36.33);
insert into STATION values (236, '.', 1355, -35.27, 84.30, -36.17);
insert into STATION values (237, '1', 1355, -30.53, 81.08, -33.58);
insert into STATION values (238, '.', 1355, -30.26, 82.14, -34.04);
insert into STATION values (239, '.', 1355, -30.58, 81.46, -33.62);
insert into STATION values (240, '.', 1355, -30.57, 81.04, -33.18);
insert into STATION values (241, '.', 1355, -31.49, 80.54, -33.15);
insert into STATION values (242, '.', 1355, -32.20, 79.93, -33.69);
insert into STATION values (243, '.', 1355, -32.64, 78.69, -34.11);
insert into STATION values (244, '.', 1355, -32.59, 78.00, -34.78);
insert into STATION values (245, '.', 1355, -31.75, 78.87, -34.85);
insert into STATION values (246, '.', 1355, -31.33, 78.59, -34.46);
insert into STATION values (247, '.', 1355, -30.75, 79.49, -34.70);
insert into STATION values (248, '.', 1355, -30.91, 79.57, -34.80);
insert into STATION values (249, '.', 1355, -30.62, 80.60, -34.25);
insert into STATION values (250, '.', 1355, -29.36, 82.61, -34.55);
insert into STATION values (251, '.', 1355, -29.11, 82.95, -34.14);
insert into STATION values (252, '.', 1355, -28.32, 85.06, -34.49);
insert into STATION values (253, '.', 1355, -27.38, 86.90, -35.08);
insert into STATION values (254, '.', 1355, -28.97, 85.20, -34.95);
insert into STATION values (255, '.', 1355, -27.82, 84.07, -34.29);
insert into STATION values (256, '.', 1355, -23.88, 73.01, -27.14);
insert into STATION values (257, '.', 1355, -23.62, 72.57, -26.83);
insert into STATION values (258, '.', 1355, -23.92, 72.95, -27.13);
insert into STATION values (259, '2', 1355, -23.96, 73.07, -27.32);
insert into STATION values (260, '.', 1355, -23.92, 73.08, -27.99);
insert into STATION values (261, '.', 1355, -26.53, 71.10, -28.29);
insert into STATION values (262, '.', 1355, -25.77, 71.42, -27.19);
insert into STATION values (263, '.', 1355, -23.36, 73.89, -28.59);
insert into STATION values (264, '.', 1355, -22.44, 75.07, -28.71);
insert into STATION values (265, '.', 1355, -23.23, 73.73, -27.60);
insert into STATION values (266, '.', 1355, -24.77, 79.20, -30.23);
insert into STATION values (267, '.', 1355, -28.92, 74.08, -30.03);
insert into STATION values (268, '.', 1355, -24.49, 72.31, -27.66);
insert into STATION values (269, '3', 1355, -25.26, 68.07, -27.97);
insert into STATION values (270, '.', 1355, -24.79, 68.12, -27.72);
insert into STATION values (271, '.', 1355, -24.52, 67.87, -28.13);
insert into STATION values (272, '.', 1355, -24.07, 67.71, -28.38);
insert into STATION values (273, '.', 1355, -24.17, 67.58, -28.68);
insert into STATION values (274, '.', 1355, -24.24, 67.51, -29.44);
insert into STATION values (275, '.', 1355, -24.76, 67.71, -29.40);
insert into STATION values (276, '.', 1355, -25.06, 67.94, -29.26);
insert into STATION values (277, '.', 1355, -25.19, 68.00, -28.74);
insert into STATION values (278, '.', 1355, -25.50, 68.01, -28.45);
insert into STATION values (279, '.', 1355, -26.11, 67.85, -28.33);
insert into STATION values (280, '.', 1355, -25.85, 67.93, -28.04);
insert into STATION values (281, '.', 1355, -24.28, 66.13, -29.11);
insert into STATION values (282, '.', 1355, -24.68, 66.26, -28.57);
insert into STATION values (283, '.', 1355, -25.81, 66.44, -29.15);
insert into STATION values (284, '.', 1355, -24.99, 64.81, -29.07);
insert into STATION values (285, '.', 1355, -24.28, 65.62, -29.22);
insert into STATION values (286, '.', 1355, -24.72, 64.42, -29.31);
insert into STATION values (287, '4', 1355, -25.08, 64.53, -28.91);
insert into STATION values (288, '.', 1355, -25.13, 64.45, -28.65);
insert into STATION values (289, '.', 1355, -25.38, 64.55, -28.77);
insert into STATION values (290, '.', 1355, -25.81, 64.42, -28.73);
insert into STATION values (291, '.', 1355, -26.57, 64.38, -29.09);
insert into STATION values (292, '.', 1355, -26.97, 64.14, -29.48);
insert into STATION values (293, '.', 1355, -27.68, 65.17, -30.00);
insert into STATION values (294, '.', 1355, -26.61, 64.11, -29.55);
insert into STATION values (295, '.', 1355, -27.02, 63.27, -29.83);
insert into STATION values (296, '.', 1355, -26.95, 63.49, -30.02);
insert into STATION values (297, '.', 1355, -25.66, 64.18, -29.28);
insert into STATION values (298, '.', 1355, -26.02, 63.91, -28.98);
insert into STATION values (299, '.', 1355, -25.50, 63.93, -28.75);
insert into STATION values (300, '.', 1355, -25.40, 63.94, -29.10);
insert into STATION values (301, '.', 1355, -25.20, 64.07, -28.73);
insert into STATION values (302, '.', 1355, -25.27, 64.00, -29.10);
insert into STATION values (303, '.', 1355, -24.99, 63.47, -28.88);
insert into STATION values (304, '.', 1355, -23.73, 64.38, -28.85);
insert into STATION values (305, '.', 1355, -24.20, 64.42, -29.08);
insert into STATION values (306, '.', 1355, -24.63, 64.47, -29.10);
insert into STATION values (307, '.', 1355, -25.02, 64.47, -29.28);
insert into STATION values (308, '.', 1355, -25.29, 64.40, -29.30);
insert into STATION values (309, '5', 1355, -28.21, 60.39, -29.05);
insert into STATION values (310, '.', 1355, -28.17, 60.33, -30.49);
insert into STATION values (311, '.', 1355, -28.14, 60.19, -29.29);
insert into STATION values (312, '.', 1355, -27.60, 58.88, -29.31);
insert into STATION values (313, '.', 1355, -26.62, 58.14, -28.61);
insert into STATION values (314, '.', 1355, -27.02, 58.74, -28.76);
insert into STATION values (315, '.', 1355, -27.21, 59.05, -28.95);
insert into STATION values (316, '.', 1355, -27.88, 60.00, -28.93);
insert into STATION values (317, '.', 1355, -28.26, 60.38, -28.70);
insert into STATION values (318, '.', 1355, -28.51, 60.57, -28.69);
insert into STATION values (319, '.', 1355, -28.57, 60.57, -29.11);
insert into STATION values (320, '.', 1355, -28.52, 60.64, -29.30);
insert into STATION values (321, '.', 1355, -29.08, 61.44, -30.01);
insert into STATION values (322, '.', 1355, -29.04, 61.32, -30.81);
insert into STATION values (323, '.', 1355, -27.43, 61.99, -29.41);
insert into STATION values (324, '.', 1355, -27.10, 62.04, -30.36);
insert into STATION values (325, '.', 1355, -26.29, 60.20, -29.71);
insert into STATION values (326, '.', 1355, -27.75, 60.37, -28.82);
insert into STATION values (327, '.', 1355, -25.20, 60.48, -28.00);
insert into STATION values (328, '.', 1355, -25.28, 60.88, -28.89);
insert into STATION values (329, '.', 1355, -25.43, 61.41, -29.48);
insert into STATION values (330, '.', 1355, -25.45, 61.82, -29.67);
insert into STATION values (331, '.', 1355, -25.91, 62.62, -30.19);
insert into STATION values (332, '.', 1355, -26.71, 62.68, -29.92);
insert into STATION values (333, '.', 1355, -26.71, 62.55, -29.51);
insert into STATION values (334, '.', 1355, -26.54, 62.00, -29.12);
insert into STATION values (335, '.', 1355, -28.68, 59.61, -29.18);
insert into STATION values (336, '.', 1355, -28.90, 59.60, -29.37);
insert into STATION values (337, '.', 1355, -29.01, 59.49, -29.68);
insert into STATION values (338, '.', 1355, -29.11, 58.58, -29.73);
insert into STATION values (339, '6', 1355, -29.16, 58.57, -29.86);
insert into STATION values (340, '.', 1355, -28.50, 58.13, -29.86);
insert into STATION values (341, '.', 1355, -28.84, 58.26, -29.64);
insert into STATION values (342, '.', 1355, -28.96, 58.26, -29.48);
insert into STATION values (343, '.', 1355, -29.65, 59.05, -30.26);
insert into STATION values (344, '.', 1355, -30.00, 59.17, -30.62);
insert into STATION values (345, '.', 1355, -29.70, 58.66, -30.53);
insert into STATION values (346, '.', 1355, -30.45, 58.71, -30.13);
insert into STATION values (347, '.', 1355, -29.70, 58.62, -30.99);
insert into STATION values (348, '.', 1355, -29.27, 58.49, -30.26);
insert into STATION values (349, '.', 1355, -28.50, 50.92, -28.50);
insert into STATION values (350, '.', 1355, -29.15, 57.33, -29.45);
insert into STATION values (351, '.', 1355, -28.57, 52.69, -28.58);
insert into STATION values (352, '.', 1355, -28.77, 53.88, -29.86);
insert into STATION values (353, '.', 1355, -28.58, 56.98, -30.12);
insert into STATION values (354, '.', 1355, -29.79, 52.05, -30.08);
insert into STATION values (355, '.', 1355, -31.21, 55.22, -30.39);
insert into STATION values (356, '.', 1355, -32.19, 56.26, -31.22);
insert into STATION values (357, '.', 1355, -32.26, 55.44, -31.59);
insert into STATION values (358, '.', 1355, -30.79, 56.62, -31.30);
insert into STATION values (359, '.', 1355, -31.03, 55.79, -31.92);
insert into STATION values (360, '.', 1355, -30.45, 55.27, -31.43);
insert into STATION values (361, '.', 1355, -29.81, 56.13, -29.96);
insert into STATION values (362, '.', 1355, -29.72, 57.13, -29.71);
insert into STATION values (363, '.', 1355, -30.51, 56.86, -30.06);
insert into STATION values (364, '.', 1355, -28.43, 55.00, -29.17);
insert into STATION values (365, '.', 1355, -28.98, 57.57, -29.60);
insert into STATION values (366, '.', 1355, -28.85, 57.89, -29.83);
insert into STATION values (367, '.', 1355, -28.24, 56.03, -29.55);
insert into STATION values (368, '7', 1355, -31.83, 53.98, -30.79);
insert into STATION values (369, '.', 1355, -31.70, 52.94, -31.00);
insert into STATION values (370, '.', 1355, -31.94, 51.29, -30.00);
insert into STATION values (371, '.', 1355, -31.90, 53.95, -29.84);
insert into STATION values (372, '.', 1355, -32.42, 51.09, -30.35);
insert into STATION values (373, '.', 1355, -31.66, 52.94, -31.07);
insert into STATION values (374, '.', 1355, -31.86, 52.34, -29.85);
insert into STATION values (375, '.', 1355, -31.74, 53.86, -29.83);
insert into STATION values (376, '.', 1355, -31.69, 54.90, -30.66);
insert into STATION values (377, '.', 1355, -32.40, 56.25, -31.94);
insert into STATION values (378, '.', 1355, -32.31, 56.14, -32.47);
insert into STATION values (379, '.', 1355, -31.98, 54.99, -32.39);
insert into STATION values (380, '.', 1355, -31.82, 54.36, -32.02);
insert into STATION values (381, '.', 1355, -31.81, 53.62, -32.11);
insert into STATION values (382, '.', 1355, -31.54, 52.73, -31.46);
insert into STATION values (383, '.', 1355, -34.46, 52.45, -32.07);
insert into STATION values (384, '.', 1355, -35.60, 51.11, -32.62);
insert into STATION values (385, '.', 1355, -34.64, 51.83, -32.83);
insert into STATION values (386, '.', 1355, -38.91, 53.28, -34.86);
insert into STATION values (387, '.', 1355, -36.33, 52.87, -32.80);
insert into STATION values (388, '.', 1355, -38.90, 51.69, -33.75);
insert into STATION values (389, '.', 1355, -36.91, 52.65, -33.78);
insert into STATION values (390, '.', 1355, -37.14, 52.76, -34.55);
insert into STATION values (391, '.', 1355, -38.05, 53.96, -35.15);
insert into STATION values (392, '.', 1355, -35.40, 53.75, -33.54);
insert into STATION values (393, '.', 1355, -35.00, 54.39, -32.62);
insert into STATION values (394, '.', 1355, -27.45, 56.48, -29.60);
insert into STATION values (395, '.', 1355, -28.17, 55.84, -30.83);
insert into STATION values (396, '.', 1355, -30.09, 54.90, -31.29);
insert into STATION values (397, '.', 1355, -27.05, 54.67, -29.12);
insert into STATION values (398, '.', 1355, -27.89, 54.87, -28.72);
insert into STATION values (399, '.', 1355, -26.82, 53.84, -27.73);
insert into STATION values (400, '.', 1355, -21.58, 53.36, -26.72);
insert into STATION values (401, '.', 1355, -25.33, 52.88, -27.91);
insert into STATION values (402, '.', 1355, -27.40, 52.80, -28.20);
insert into STATION values (403, '.', 1355, -28.03, 51.31, -28.22);
insert into STATION values (404, '.', 1355, -26.27, 46.91, -25.76);
insert into STATION values (405, '.', 1355, -29.88, 50.16, -28.59);
insert into STATION values (406, '.', 1355, -29.75, 51.65, -29.14);
insert into STATION values (407, '.', 1355, -30.94, 50.79, -29.17);
insert into STATION values (408, '8', 1355, -34.55, 50.00, -31.57);
insert into STATION values (409, '.', 1355, -34.58, 50.05, -30.50);
insert into STATION values (410, '.', 1355, -34.81, 50.39, -31.09);
insert into STATION values (411, '.', 1355, -34.73, 51.09, -31.24);
insert into STATION values (412, '.', 1355, -36.53, 53.70, -32.27);
insert into STATION values (413, '.', 1355, -36.69, 53.53, -32.73);
insert into STATION values (414, '.', 1355, -36.53, 56.85, -34.31);
insert into STATION values (415, '.', 1355, -35.30, 51.17, -32.13);
insert into STATION values (416, '.', 1355, -34.98, 50.18, -32.82);
insert into STATION values (417, '.', 1355, -38.35, 50.02, -31.64);
insert into STATION values (418, '.', 1355, -38.89, 49.71, -32.36);
insert into STATION values (419, '.', 1355, -40.03, 48.43, -33.13);
insert into STATION values (420, '.', 1355, -40.55, 47.65, -34.66);
insert into STATION values (421, '.', 1355, -34.88, 49.88, -31.80);
insert into STATION values (422, '.', 1355, -36.78, 49.18, -33.25);
insert into STATION values (423, '.', 1355, -38.65, 46.56, -33.77);
insert into STATION values (424, '.', 1355, -40.68, 45.04, -33.89);
insert into STATION values (425, '.', 1355, -38.66, 46.48, -34.90);
insert into STATION values (426, '.', 1355, -37.98, 46.89, -35.01);
insert into STATION values (427, '.', 1355, -37.23, 46.99, -35.59);
insert into STATION values (428, '.', 1355, -36.13, 48.33, -34.25);
insert into STATION values (429, '.', 1355, -35.32, 49.17, -33.42);
insert into STATION values (430, '.', 1355, -36.77, 45.33, -33.84);
insert into STATION values (431, '.', 1355, -36.28, 46.62, -32.08);
insert into STATION values (432, '.', 1355, -37.17, 46.50, -30.65);
insert into STATION values (433, '.', 1355, -36.16, 48.24, -30.17);
insert into STATION values (434, '.', 1355, -35.77, 48.84, -29.86);
insert into STATION values (435, '.', 1355, -35.33, 49.30, -29.91);
insert into STATION values (436, '161', 1355, -36.97, 50.01, -32.34);
insert into STATION values (437, '9', 1355, -25.80, 53.33, -28.43);
insert into STATION values (438, '.', 1355, -25.22, 52.27, -27.58);
insert into STATION values (439, '.', 1355, -25.63, 52.60, -27.81);
insert into STATION values (440, '.', 1355, -25.96, 53.22, -27.59);
insert into STATION values (441, '.', 1355, -25.76, 53.43, -27.93);
insert into STATION values (442, '.', 1355, -25.97, 54.23, -28.18);
insert into STATION values (443, '.', 1355, -26.50, 54.82, -28.33);
insert into STATION values (444, '.', 1355, -26.58, 54.91, -28.55);
insert into STATION values (445, '.', 1355, -26.23, 54.09, -28.63);
insert into STATION values (446, '.', 1355, -25.91, 53.59, -28.58);
insert into STATION values (447, '.', 1355, -27.39, 54.44, -28.34);
insert into STATION values (448, '.', 1355, -24.82, 54.83, -28.28);
insert into STATION values (449, '.', 1355, -23.04, 54.80, -27.26);
insert into STATION values (450, '.', 1355, -24.82, 54.12, -27.96);
insert into STATION values (451, '.', 1355, -24.96, 53.35, -27.64);
insert into STATION values (452, '.', 1355, -25.08, 53.34, -28.21);
insert into STATION values (453, '.', 1355, -24.95, 53.74, -28.31);
insert into STATION values (454, '.', 1355, -25.05, 55.04, -28.36);
insert into STATION values (455, '.', 1355, -22.38, 54.10, -27.27);
insert into STATION values (456, '.', 1355, -24.47, 53.33, -27.57);
insert into STATION values (457, '.', 1355, -21.39, 53.91, -26.03);
insert into STATION values (458, '.', 1355, -20.81, 53.71, -26.22);
insert into STATION values (459, '.', 1355, -27.44, 54.28, -28.14);
insert into STATION values (460, '.', 1355, -29.40, 55.22, -29.11);
insert into STATION values (461, '10', 1355, -22.73, 53.71, -27.38);
insert into STATION values (462, '.', 1355, -23.14, 51.39, -27.27);
insert into STATION values (463, '.', 1355, -23.09, 51.87, -27.03);
insert into STATION values (464, '.', 1355, -23.05, 52.52, -26.84);
insert into STATION values (465, '.', 1355, -23.00, 53.38, -26.32);
insert into STATION values (466, '.', 1355, -22.75, 53.13, -26.81);
insert into STATION values (467, '.', 1355, -22.40, 53.78, -25.92);
insert into STATION values (468, '.', 1355, -22.33, 54.48, -26.35);
insert into STATION values (469, '.', 1355, -22.86, 54.79, -26.89);
insert into STATION values (470, '.', 1355, -23.00, 54.33, -27.32);
insert into STATION values (471, '.', 1355, -23.21, 54.42, -27.50);
insert into STATION values (472, '.', 1355, -21.17, 55.03, -25.93);
insert into STATION values (473, '.', 1355, -20.84, 49.55, -25.15);
insert into STATION values (474, '.', 1355, -21.10, 51.10, -25.67);
insert into STATION values (475, '.', 1355, -19.64, 51.00, -24.64);
insert into STATION values (476, '.', 1355, -19.23, 54.69, -24.75);
insert into STATION values (477, '.', 1355, -20.56, 52.91, -25.34);
insert into STATION values (478, '.', 1355, -19.53, 51.24, -24.62);
insert into STATION values (479, '.', 1355, -24.35, 52.14, -27.67);
insert into STATION values (480, '.', 1355, -23.86, 52.33, -26.78);
insert into STATION values (481, '11', 1355, -18.32, 50.74, -23.38);
insert into STATION values (482, '.', 1355, -18.28, 50.67, -23.98);
insert into STATION values (483, '.', 1355, -17.60, 51.81, -23.95);
insert into STATION values (484, '.', 1355, -17.70, 52.73, -23.55);
insert into STATION values (485, '.', 1355, -17.74, 53.34, -22.15);
insert into STATION values (486, '.', 1355, -17.52, 53.09, -21.63);
insert into STATION values (487, '.', 1355, -16.99, 52.35, -22.88);
insert into STATION values (488, '.', 1355, -16.96, 52.92, -21.58);
insert into STATION values (489, '.', 1355, -16.90, 50.49, -22.81);
insert into STATION values (490, '.', 1355, -17.66, 50.33, -23.44);
insert into STATION values (491, '12', 1355, -15.21, 51.68, -20.95);
insert into STATION values (492, '.', 1355, -15.35, 51.21, -20.33);
insert into STATION values (493, '.', 1355, -15.32, 50.53, -20.91);
insert into STATION values (494, '.', 1355, -15.35, 50.34, -21.57);
insert into STATION values (495, '.', 1355, -14.69, 50.19, -21.99);
insert into STATION values (496, '.', 1355, -15.18, 51.00, -22.73);
insert into STATION values (497, '.', 1355, -15.16, 51.57, -21.53);
insert into STATION values (498, '.', 1355, -15.17, 51.86, -21.28);
insert into STATION values (499, '.', 1355, -13.79, 49.72, -20.44);
insert into STATION values (500, '.', 1355, -12.88, 49.89, -20.72);
insert into STATION values (501, '.', 1355, -13.78, 49.96, -19.94);
insert into STATION values (502, '.', 1355, -14.56, 50.69, -20.25);
insert into STATION values (503, '.', 1355, -11.71, 48.85, -19.34);
insert into STATION values (504, '.', 1355, -11.21, 49.52, -19.62);
insert into STATION values (505, '.', 1355, -12.78, 50.77, -20.13);
insert into STATION values (506, '.', 1355, -12.01, 48.35, -18.72);
insert into STATION values (507, '.', 1355, -14.07, 51.03, -21.07);
insert into STATION values (508, '.', 1355, -13.87, 51.35, -20.78);
insert into STATION values (509, '.', 1355, -13.77, 50.18, -21.54);
insert into STATION values (510, '13', 1355, -11.77, 48.73, -18.80);
insert into STATION values (511, '.', 1355, -11.86, 48.75, -18.23);
insert into STATION values (512, '.', 1355, -11.01, 49.41, -19.20);
insert into STATION values (513, '.', 1355, -10.66, 50.24, -19.10);
insert into STATION values (514, '.', 1355, -10.84, 50.39, -18.62);
insert into STATION values (515, '.', 1355, -11.18, 50.28, -18.23);
insert into STATION values (516, '.', 1355, -11.33, 50.01, -17.99);
insert into STATION values (517, '.', 1355, -11.31, 49.69, -17.34);
insert into STATION values (518, '.', 1355, -11.50, 49.23, -17.01);
insert into STATION values (519, '.', 1355, -11.75, 48.84, -18.27);
insert into STATION values (520, '.', 1355, -9.27, 50.22, -16.97);
insert into STATION values (521, '.', 1355, -8.14, 50.43, -15.87);
insert into STATION values (522, '.', 1355, -8.47, 49.24, -17.22);
insert into STATION values (523, '.', 1355, -7.67, 49.94, -15.46);
insert into STATION values (524, '.', 1355, -9.45, 48.46, -17.64);
insert into STATION values (525, '.', 1355, -10.52, 47.80, -17.61);
insert into STATION values (526, '.', 1355, -11.50, 47.83, -17.52);
insert into STATION values (527, '.', 1355, -11.40, 48.06, -16.81);
insert into STATION values (528, '.', 1355, -11.14, 47.95, -16.35);
insert into STATION values (529, '.', 1355, -10.46, 47.72, -15.88);
insert into STATION values (530, '.', 1355, -9.37, 46.64, -15.78);
insert into STATION values (531, '.', 1355, -10.66, 47.91, -17.31);
insert into STATION values (532, '14', 1355, -9.72, 47.98, -16.97);
insert into STATION values (533, '.', 1355, -10.49, 49.94, -16.71);
insert into STATION values (534, '.', 1355, -10.10, 48.87, -15.95);
insert into STATION values (535, '.', 1355, -11.28, 47.40, -17.02);
insert into STATION values (536, '.', 1355, -12.05, 48.73, -17.34);
insert into STATION values (537, '.', 1355, -11.49, 46.31, -17.08);
insert into STATION values (538, '.', 1355, -11.77, 45.89, -17.73);
insert into STATION values (539, '.', 1355, -11.23, 45.92, -17.81);
insert into STATION values (540, '.', 1355, -10.57, 45.73, -17.48);
insert into STATION values (541, '.', 1355, -10.56, 45.56, -16.93);
insert into STATION values (542, '.', 1355, -10.78, 45.40, -16.61);
insert into STATION values (543, '.', 1355, -11.38, 45.44, -16.77);
insert into STATION values (544, '.', 1355, -11.94, 44.88, -17.76);
insert into STATION values (545, '.', 1355, -12.74, 43.23, -18.68);
insert into STATION values (546, '.', 1355, -11.70, 43.73, -18.55);
insert into STATION values (547, '.', 1355, -11.93, 44.28, -18.00);
insert into STATION values (548, '.', 1355, -11.96, 43.94, -17.73);
insert into STATION values (549, '.', 1355, -11.68, 44.15, -17.37);
insert into STATION values (550, '.', 1355, -12.84, 41.94, -18.57);
insert into STATION values (551, '.', 1355, -10.58, 45.87, -16.37);
insert into STATION values (552, '.', 1355, -8.18, 50.52, -15.90);
insert into STATION values (553, '.', 1355, -8.16, 50.11, -15.18);
insert into STATION values (554, '.', 1355, -7.94, 49.69, -14.89);
insert into STATION values (555, '.', 1355, -8.04, 48.63, -14.15);
insert into STATION values (556, '.', 1355, -7.81, 47.94, -13.86);
insert into STATION values (557, '.', 1355, -7.39, 47.33, -14.46);
insert into STATION values (558, '.', 1355, -7.00, 48.21, -15.61);
insert into STATION values (559, '15', 1355, -5.68, 49.84, -13.94);
insert into STATION values (560, '.', 1355, -5.72, 49.87, -14.98);
insert into STATION values (561, '.', 1355, -7.07, 50.64, -15.34);
insert into STATION values (562, '.', 1355, -7.00, 50.26, -14.83);
insert into STATION values (563, '.', 1355, -6.23, 49.92, -14.12);
insert into STATION values (564, '.', 1355, -6.43, 46.97, -14.01);
insert into STATION values (565, '.', 1355, -6.10, 48.12, -13.44);
insert into STATION values (566, '.', 1355, -5.37, 50.25, -13.97);
insert into STATION values (567, '.', 1355, -4.01, 52.18, -14.45);
insert into STATION values (568, '.', 1355, -4.60, 52.44, -15.30);
insert into STATION values (569, '.', 1355, -5.06, 50.71, -14.81);
insert into STATION values (570, '.', 1355, -5.32, 50.50, -14.94);
insert into STATION values (571, '.', 1355, -6.67, 52.54, -15.71);
insert into STATION values (572, '.', 1355, -6.68, 52.28, -16.29);
insert into STATION values (573, '.', 1355, -8.16, 53.99, -16.49);
insert into STATION values (574, '16', 1355, -7.27, 53.16, -16.51);
insert into STATION values (575, '.', 1355, -8.69, 55.97, -18.80);
insert into STATION values (576, '.', 1355, -7.56, 53.31, -15.76);
insert into STATION values (577, '.', 1355, -7.42, 53.20, -15.65);
insert into STATION values (578, '.', 1355, -7.77, 52.23, -16.13);
insert into STATION values (579, '.', 1355, -7.72, 52.44, -15.70);
insert into STATION values (580, '.', 1355, -7.25, 53.82, -15.80);
insert into STATION values (581, '.', 1355, -7.16, 54.29, -15.82);
insert into STATION values (582, '.', 1355, -7.18, 53.91, -16.37);
insert into STATION values (583, '.', 1355, -7.86, 52.58, -17.21);
insert into STATION values (584, '.', 1355, -9.34, 52.67, -16.96);
insert into STATION values (585, '.', 1355, -9.88, 53.16, -16.87);
insert into STATION values (586, '.', 1355, -9.99, 55.42, -17.30);
insert into STATION values (587, '.', 1355, -9.97, 52.90, -17.68);
insert into STATION values (588, '.', 1355, -10.22, 52.93, -18.36);
insert into STATION values (589, '.', 1355, -10.48, 54.47, -18.40);
insert into STATION values (590, '.', 1355, -12.54, 55.37, -18.98);
insert into STATION values (591, '.', 1355, -14.10, 53.97, -20.69);
insert into STATION values (592, '.', 1355, -13.46, 52.96, -20.02);
insert into STATION values (593, '.', 1355, -13.74, 52.93, -21.53);
insert into STATION values (594, '.', 1355, -14.25, 55.36, -20.95);
insert into STATION values (595, '17', 1355, -14.58, 55.10, -21.48);
insert into STATION values (596, '.', 1355, -14.51, 54.97, -22.87);
insert into STATION values (597, '.', 1355, -14.91, 53.99, -22.63);
insert into STATION values (598, '.', 1355, -15.09, 53.19, -21.17);
insert into STATION values (599, '.', 1355, -14.82, 54.00, -21.13);
insert into STATION values (600, '.', 1355, -14.40, 55.14, -21.19);
insert into STATION values (601, '.', 1355, -14.36, 57.01, -21.81);
insert into STATION values (602, '.', 1355, -14.32, 56.97, -21.94);
insert into STATION values (603, '.', 1355, -14.04, 56.82, -22.71);
insert into STATION values (604, '.', 1355, -14.90, 56.18, -23.09);
insert into STATION values (605, '.', 1355, -16.13, 57.51, -23.62);
insert into STATION values (606, '.', 1355, -16.18, 54.66, -22.62);
insert into STATION values (607, '.', 1355, -18.13, 55.07, -24.51);
insert into STATION values (608, '.', 1355, -15.90, 56.01, -22.87);
insert into STATION values (609, '.', 1355, -18.97, 56.83, -26.01);
insert into STATION values (610, '18', 1355, -18.97, 57.06, -25.71);
insert into STATION values (611, '.', 1355, -18.17, 58.15, -25.24);
insert into STATION values (612, '.', 1355, -19.03, 57.06, -25.19);
insert into STATION values (613, '.', 1355, -19.63, 56.74, -24.67);
insert into STATION values (614, '.', 1355, -20.51, 55.88, -25.17);
insert into STATION values (615, '.', 1355, -19.49, 58.48, -25.95);
insert into STATION values (616, '.', 1355, -21.87, 56.69, -26.04);
insert into STATION values (617, '.', 1355, -21.29, 57.15, -25.52);
insert into STATION values (618, '.', 1355, -21.29, 56.98, -26.70);
insert into STATION values (619, '.', 1355, -20.82, 58.88, -26.93);
insert into STATION values (620, '.', 1355, -21.38, 58.77, -26.16);
insert into STATION values (621, '.', 1355, -22.16, 57.65, -25.96);
insert into STATION values (622, '.', 1355, -22.34, 57.27, -26.33);
insert into STATION values (623, '.', 1355, -21.28, 58.30, -27.16);
insert into STATION values (624, '.', 1355, -23.98, 58.61, -27.09);
insert into STATION values (625, '.', 1355, -22.63, 59.61, -26.90);
insert into STATION values (626, '.', 1355, -23.20, 59.19, -26.58);
insert into STATION values (627, '.', 1355, -23.89, 59.20, -27.88);
insert into STATION values (628, '.', 1355, -22.09, 60.00, -28.00);
insert into STATION values (629, '19', 1355, -24.98, 62.79, -28.68);
insert into STATION values (630, '20', 1355, -20.80, 71.50, -27.63);
insert into STATION values (631, '.', 1355, -20.65, 71.34, -25.91);
insert into STATION values (632, '.', 1355, -20.52, 72.61, -26.91);
insert into STATION values (633, '.', 1355, -20.67, 72.35, -26.20);
insert into STATION values (634, '.', 1355, -20.93, 72.87, -27.70);
insert into STATION values (635, '.', 1355, -21.25, 69.64, -27.50);
insert into STATION values (636, '.', 1355, -21.16, 69.71, -26.56);
insert into STATION values (637, '.', 1355, -21.02, 70.10, -25.69);
insert into STATION values (638, '.', 1355, -19.42, 69.14, -25.40);
insert into STATION values (639, '.', 1355, -19.47, 71.26, -25.20);
insert into STATION values (640, '.', 1355, -19.00, 72.01, -25.73);
insert into STATION values (641, '.', 1355, -18.97, 72.27, -26.06);
insert into STATION values (642, '.', 1355, -19.45, 72.22, -26.65);
insert into STATION values (643, '.', 1355, -20.08, 69.47, -26.47);
insert into STATION values (644, '.', 1355, -19.07, 69.02, -25.18);
insert into STATION values (645, '21', 1355, -18.01, 71.07, -25.01);
insert into STATION values (646, '.', 1355, -18.70, 68.42, -25.44);
insert into STATION values (647, '.', 1355, -17.85, 71.32, -24.69);
insert into STATION values (648, '.', 1355, -17.49, 70.89, -25.08);
insert into STATION values (649, '.', 1355, -16.16, 70.70, -25.60);
insert into STATION values (650, '.', 1355, -18.16, 73.00, -25.70);
insert into STATION values (651, '.', 1355, -18.52, 72.51, -25.03);
insert into STATION values (652, '.', 1355, -18.27, 72.00, -24.69);
insert into STATION values (653, '.', 1355, -16.20, 67.59, -25.30);
insert into STATION values (654, '22', 1355, -16.26, 67.69, -25.29);
insert into STATION values (655, '.', 1355, -16.27, 66.66, -24.82);
insert into STATION values (656, '.', 1355, -16.20, 67.05, -23.83);
insert into STATION values (657, '.', 1355, -16.27, 67.71, -23.66);
insert into STATION values (658, '.', 1355, -16.12, 68.49, -24.00);
insert into STATION values (659, '.', 1355, -15.97, 69.84, -24.39);
insert into STATION values (660, '.', 1355, -16.39, 70.36, -24.95);
insert into STATION values (661, '.', 1355, -14.21, 69.36, -23.47);
insert into STATION values (662, '.', 1355, -13.72, 67.14, -23.33);
insert into STATION values (663, '.', 1355, -13.55, 67.36, -23.84);
insert into STATION values (664, '.', 1355, -13.83, 68.21, -23.85);
insert into STATION values (665, '.', 1355, -12.96, 69.19, -22.07);
insert into STATION values (666, '.', 1355, -12.67, 67.72, -22.49);
insert into STATION values (667, '.', 1355, -12.38, 67.52, -22.55);
insert into STATION values (668, '23', 1355, -12.05, 68.32, -22.22);
insert into STATION values (669, '.', 1355, -12.05, 67.73, -22.14);
insert into STATION values (670, '.', 1355, -12.28, 68.26, -21.56);
insert into STATION values (671, '.', 1355, -12.32, 68.51, -21.76);
insert into STATION values (672, '.', 1355, -11.60, 68.10, -20.72);
insert into STATION values (673, '.', 1355, -11.48, 67.59, -21.62);
insert into STATION values (674, '.', 1355, -10.80, 67.02, -21.12);
insert into STATION values (675, '.', 1355, -10.56, 66.91, -20.85);
insert into STATION values (676, '.', 1355, -11.27, 68.46, -21.21);
insert into STATION values (677, '.', 1355, -11.89, 69.10, -22.37);
insert into STATION values (678, '.', 1355, -12.80, 66.78, -23.16);
insert into STATION values (679, '.', 1355, -12.70, 67.75, -22.21);
insert into STATION values (680, '24', 1355, -14.97, 73.90, -23.67);
insert into STATION values (681, '.', 1355, -13.48, 71.68, -23.33);
insert into STATION values (682, '.', 1355, -14.15, 72.73, -22.83);
insert into STATION values (683, '.', 1355, -14.71, 73.36, -22.34);
insert into STATION values (684, '.', 1355, -15.19, 73.77, -21.94);
insert into STATION values (685, '.', 1355, -13.21, 71.17, -23.84);
insert into STATION values (686, '.', 1355, -14.41, 72.03, -24.20);
insert into STATION values (687, '.', 1355, -11.12, 72.68, -20.18);
insert into STATION values (688, '.', 1355, -11.84, 74.05, -19.74);
insert into STATION values (689, '.', 1355, -13.31, 74.90, -20.42);
insert into STATION values (690, '.', 1355, -13.17, 76.74, -20.56);
insert into STATION values (691, '.', 1355, -12.68, 77.15, -21.29);
insert into STATION values (692, '.', 1355, -14.74, 75.19, -22.92);
insert into STATION values (693, '.', 1355, -15.96, 74.08, -23.42);
insert into STATION values (694, '.', 1355, -16.03, 74.15, -22.65);
insert into STATION values (695, '.', 1355, -16.50, 72.88, -23.49);
insert into STATION values (696, '.', 1355, -14.88, 74.22, -21.83);
insert into STATION values (697, '.', 1355, -14.26, 75.00, -20.06);
insert into STATION values (698, '25', 1355, -12.57, 75.44, -21.94);
insert into STATION values (699, '.', 1355, -12.54, 71.26, -21.01);
insert into STATION values (700, '.', 1355, -12.85, 72.57, -20.48);
insert into STATION values (701, '.', 1355, -13.23, 72.88, -19.29);
insert into STATION values (702, '.', 1355, -12.81, 73.99, -20.30);
insert into STATION values (703, '.', 1355, -12.90, 74.62, -19.55);
insert into STATION values (704, '.', 1355, -12.56, 75.17, -18.95);
insert into STATION values (705, '.', 1355, -12.40, 75.41, -18.61);
insert into STATION values (706, '.', 1355, -11.85, 76.37, -19.52);
insert into STATION values (707, '.', 1355, -11.58, 77.05, -20.54);
insert into STATION values (708, '.', 1355, -11.99, 76.84, -21.60);
insert into STATION values (709, '.', 1355, -12.45, 76.51, -22.10);
insert into STATION values (710, '.', 1355, -10.21, 75.54, -19.76);
insert into STATION values (711, '.', 1355, -10.30, 75.01, -19.00);
insert into STATION values (712, '.', 1355, -10.38, 72.77, -19.10);
insert into STATION values (713, '.', 1355, -10.01, 72.82, -19.99);
insert into STATION values (714, '.', 1355, -9.68, 74.96, -19.43);
insert into STATION values (715, '.', 1355, -4.08, 70.03, -11.43);
insert into STATION values (716, '.', 1355, -9.52, 74.17, -19.64);
insert into STATION values (717, '26', 1355, -7.20, 74.00, -16.47);
insert into STATION values (718, '.', 1355, -9.46, 70.51, -16.43);
insert into STATION values (719, '.', 1355, -8.87, 71.70, -14.40);
insert into STATION values (720, '.', 1355, -8.14, 72.80, -14.18);
insert into STATION values (721, '.', 1355, -7.11, 73.39, -13.27);
insert into STATION values (722, '.', 1355, -4.59, 73.68, -12.19);
insert into STATION values (723, '.', 1355, -6.33, 74.84, -13.98);
insert into STATION values (724, '.', 1355, -6.43, 74.61, -15.05);
insert into STATION values (725, '.', 1355, -6.52, 74.62, -16.18);
insert into STATION values (726, '.', 1355, -6.84, 74.74, -16.77);
insert into STATION values (727, '.', 1355, -8.13, 67.64, -15.89);
insert into STATION values (728, '.', 1355, -6.41, 66.69, -13.96);
insert into STATION values (729, '.', 1355, -6.66, 66.93, -11.68);
insert into STATION values (730, '.', 1355, -6.50, 69.09, -10.69);
insert into STATION values (731, '.', 1355, -5.92, 70.51, -12.34);
insert into STATION values (732, '.', 1355, -4.04, 70.93, -12.40);
insert into STATION values (733, '.', 1355, -5.43, 73.12, -14.34);
insert into STATION values (734, '.', 1355, -3.65, 73.72, -12.06);
insert into STATION values (735, '.', 1355, -5.72, 71.61, -14.96);
insert into STATION values (736, '.', 1355, -5.80, 71.70, -15.03);
insert into STATION values (737, '.', 1355, -5.72, 71.61, -14.94);
insert into STATION values (738, '27', 1355, -5.80, 72.00, -15.29);
insert into STATION values (739, '.', 1355, -5.61, 71.93, -12.87);
insert into STATION values (740, '.', 1355, -6.58, 74.94, -13.52);
insert into STATION values (741, '.', 1355, -2.81, 72.10, -11.78);
insert into STATION values (742, '.', 1355, -4.18, 67.71, -12.32);
insert into STATION values (743, '.', 1355, -4.43, 68.07, -10.84);
insert into STATION values (744, '28', 1355, -0.55, 75.13, -11.29);
insert into STATION values (745, '29', 1355, 3.11, 77.85, -10.14);
insert into STATION values (746, '.', 1355, 7.58, 73.80, -6.26);
insert into STATION values (747, '.', 1355, 5.57, 74.85, -8.13);
insert into STATION values (748, '.', 1355, 4.26, 75.49, -9.13);
insert into STATION values (749, '.', 1355, 3.56, 75.40, -9.98);
insert into STATION values (750, '.', 1355, 2.22, 74.60, -11.23);
insert into STATION values (751, '.', 1355, 0.70, 73.01, -12.64);
insert into STATION values (752, '.', 1355, 0.52, 78.75, -11.80);
insert into STATION values (753, '.', 1355, 0.58, 79.75, -11.99);
insert into STATION values (754, '.', 1355, -0.70, 77.48, -12.15);
insert into STATION values (755, '207', 2021, -67.04, 106.49, -55.65);
insert into STATION values (756, '.', 2021, -68.47, 108.94, -55.06);
insert into STATION values (757, '.', 2021, -68.27, 106.77, -53.10);
insert into STATION values (758, '.', 2021, -68.63, 103.92, -54.41);
insert into STATION values (759, '.', 2021, -72.96, 102.96, -56.34);
insert into STATION values (760, '.', 2021, -72.75, 107.82, -56.41);
insert into STATION values (761, '.', 2021, -74.14, 105.65, -55.30);
insert into STATION values (762, '.', 2021, -74.96, 105.48, -57.23);
insert into STATION values (763, '1', 2021, -77.43, 105.28, -58.08);
insert into STATION values (764, '.', 2021, -77.48, 104.91, -59.50);
insert into STATION values (765, '.', 2021, -77.98, 103.34, -59.11);
insert into STATION values (766, '.', 2021, -78.08, 104.04, -58.28);
insert into STATION values (767, '.', 2021, -76.54, 107.67, -58.08);
insert into STATION values (768, '.', 2021, -77.00, 106.57, -57.74);
insert into STATION values (769, '.', 2021, -76.59, 106.98, -59.42);
insert into STATION values (770, '.', 2021, -77.50, 104.74, -59.66);
insert into STATION values (771, '.', 2021, -80.98, 110.75, -59.58);
insert into STATION values (772, '.', 2021, -82.15, 108.61, -59.58);
insert into STATION values (773, '.', 2021, -81.79, 109.20, -60.43);
insert into STATION values (774, '.', 2021, -80.05, 106.15, -59.24);
insert into STATION values (775, '.', 2021, -80.11, 106.81, -60.22);
insert into STATION values (776, '.', 2021, -81.53, 110.22, -61.28);
insert into STATION values (777, '.', 2021, -82.57, 113.08, -61.12);
insert into STATION values (778, '.', 2021, -82.51, 114.60, -60.73);
insert into STATION values (779, '.', 2021, -84.49, 114.45, -59.54);
insert into STATION values (780, '.', 2021, -85.59, 111.21, -59.48);
insert into STATION values (781, '.', 2021, -87.15, 113.79, -61.57);
insert into STATION values (782, '2', 2021, -90.75, 118.32, -65.01);
insert into STATION values (783, '.', 2021, -103.28, 132.19, -70.98);
insert into STATION values (784, '.', 2021, -102.49, 132.87, -70.94);
insert into STATION values (785, '.', 2021, -90.66, 118.30, -66.68);
insert into STATION values (786, '.', 2021, -90.46, 116.86, -67.91);
insert into STATION values (787, '.', 2021, -90.68, 117.37, -66.65);
insert into STATION values (788, '.', 2021, -90.78, 117.61, -65.31);
insert into STATION values (789, '.', 2021, -88.56, 119.22, -66.68);
insert into STATION values (790, '.', 2021, -88.62, 119.90, -65.34);
insert into STATION values (791, '.', 2021, -89.95, 119.07, -64.76);
insert into STATION values (792, '.', 2021, -90.24, 119.07, -64.11);
insert into STATION values (793, '.', 2021, -90.85, 118.67, -63.81);
insert into STATION values (794, '.', 2021, -91.06, 118.45, -64.19);
insert into STATION values (795, '.', 2021, -91.19, 118.13, -64.55);
insert into STATION values (796, '.', 2021, -90.02, 122.74, -67.73);
insert into STATION values (797, '.', 2021, -94.25, 123.14, -69.09);
insert into STATION values (798, '.', 2021, -93.48, 122.74, -67.30);
insert into STATION values (799, '.', 2021, -92.78, 123.17, -69.15);
insert into STATION values (800, '3', 2021, -96.22, 128.69, -70.43);
insert into STATION values (801, '4', 2021, -100.81, 142.26, -75.03);
insert into STATION values (802, '.', 2021, -93.92, 130.92, -69.95);
insert into STATION values (803, '.', 2021, -96.21, 128.86, -69.57);
insert into STATION values (804, '.', 2021, -96.16, 128.57, -70.98);
insert into STATION values (805, '.', 2021, -100.69, 130.43, -72.55);
insert into STATION values (806, '.', 2021, -95.17, 132.89, -70.79);
insert into STATION values (807, '.', 2021, -98.02, 125.30, -70.80);
insert into STATION values (808, '.', 2021, -93.31, 128.88, -69.27);
insert into STATION values (809, '.', 2021, -103.21, 141.40, -75.33);
insert into STATION values (810, '.', 2021, -96.90, 143.91, -75.53);
insert into STATION values (811, '.', 2021, -100.82, 142.44, -73.98);
insert into STATION values (812, '.', 2021, -100.88, 142.22, -76.28);
insert into STATION values (813, '.', 2021, -94.88, 144.36, -74.84);
insert into STATION values (814, '.', 2021, -89.33, 146.85, -74.90);
insert into STATION values (815, '.', 2021, -111.67, 154.84, -81.25);
insert into STATION values (816, '.', 2021, -111.71, 154.84, -81.15);
insert into STATION values (817, '5', 2021, -112.02, 154.58, -81.09);
insert into STATION values (818, '.', 2021, -114.75, 153.62, -81.23);
insert into STATION values (819, '.', 2021, -116.22, 156.25, -82.27);
insert into STATION values (820, '.', 2021, -113.80, 152.19, -80.68);
insert into STATION values (821, '.', 2021, -111.67, 150.19, -79.73);
insert into STATION values (822, '.', 2021, -113.10, 153.42, -79.20);
insert into STATION values (823, '.', 2021, -112.87, 153.55, -82.61);
insert into STATION values (824, '6', 2021, -115.21, 157.84, -84.16);
insert into STATION values (825, '.', 2021, -117.06, 156.78, -83.99);
insert into STATION values (826, '.', 2021, -113.12, 158.93, -84.10);
insert into STATION values (827, '.', 2021, -115.05, 158.32, -81.83);
insert into STATION values (828, '.', 2021, -115.19, 157.78, -84.39);
insert into STATION values (829, '.', 2021, -118.79, 158.78, -84.63);
insert into STATION values (830, '.', 2021, -119.08, 161.57, -85.16);
insert into STATION values (831, '.', 2021, -116.39, 161.01, -84.45);
insert into STATION values (832, '.', 2021, -116.35, 155.60, -83.85);
insert into STATION values (833, '.', 2021, -113.24, 157.04, -83.71);
insert into STATION values (834, '7', 2021, -96.49, 144.64, -75.14);
insert into STATION values (835, '.', 2021, -96.83, 145.95, -75.23);
insert into STATION values (836, '.', 2021, -95.82, 143.65, -74.92);
insert into STATION values (837, '.', 2021, -96.40, 144.66, -74.10);
insert into STATION values (838, '.', 2021, -96.53, 144.65, -75.60);
insert into STATION values (839, '.', 2021, -98.62, 146.22, -75.14);
insert into STATION values (840, '.', 2021, -96.52, 143.42, -74.87);
insert into STATION values (841, '.', 2021, -94.71, 144.77, -74.85);
insert into STATION values (842, '.', 2021, -95.80, 146.92, -75.33);
insert into STATION values (843, '.', 2021, -88.79, 149.90, -74.88);
insert into STATION values (844, '8', 2021, -88.82, 149.93, -74.86);
insert into STATION values (845, '.', 2021, -89.88, 152.12, -75.74);
insert into STATION values (846, '.', 2021, -86.46, 148.55, -73.74);
insert into STATION values (847, '.', 2021, -88.85, 150.12, -74.40);
insert into STATION values (848, '.', 2021, -88.02, 154.81, -75.82);
insert into STATION values (849, '.', 2021, -84.76, 149.65, -73.45);
insert into STATION values (850, '9', 2021, -83.95, 155.70, -74.76);
insert into STATION values (851, '.', 2021, -81.85, 155.65, -74.49);
insert into STATION values (852, '.', 2021, -85.42, 155.91, -74.90);
insert into STATION values (853, '.', 2021, -83.90, 155.56, -75.28);
insert into STATION values (854, '10', 2021, -81.51, 163.15, -76.04);
insert into STATION values (855, '.', 2021, -83.98, 162.67, -76.26);
insert into STATION values (856, '.', 2021, -80.63, 163.42, -75.88);
insert into STATION values (857, '.', 2021, -81.58, 163.19, -75.33);
insert into STATION values (858, '.', 2021, -81.59, 162.97, -76.57);
insert into STATION values (859, '.', 2021, -84.77, 165.05, -76.82);
insert into STATION values (860, '.', 2021, -81.71, 165.32, -76.05);
insert into STATION values (861, '.', 2021, -83.44, 161.30, -75.33);
insert into STATION values (862, '.', 2021, -80.40, 162.27, -75.10);
insert into STATION values (863, '11', 2021, -85.63, 171.68, -78.87);
insert into STATION values (864, '.', 2021, -89.48, 180.32, -81.70);
insert into STATION values (865, '.', 2021, -86.22, 171.88, -78.92);
insert into STATION values (866, '.', 2021, -83.91, 170.99, -78.89);
insert into STATION values (867, '.', 2021, -85.69, 171.79, -78.51);
insert into STATION values (868, '.', 2021, -85.56, 171.66, -80.28);
insert into STATION values (869, '.', 2021, -85.85, 173.07, -79.50);
insert into STATION values (870, '.', 2021, -82.36, 173.24, -80.43);
insert into STATION values (871, '.', 2021, -86.54, 170.94, -78.93);
insert into STATION values (872, '.', 2021, -84.31, 170.91, -78.59);
insert into STATION values (873, '12', 2021, -80.02, 179.88, -84.08);
insert into STATION values (874, '.', 2021, -81.00, 181.12, -84.16);
insert into STATION values (875, '.', 2021, -79.13, 178.97, -83.10);
insert into STATION values (876, '.', 2021, -79.96, 179.96, -83.15);
insert into STATION values (877, '.', 2021, -79.66, 182.42, -84.28);
insert into STATION values (878, '.', 2021, -74.07, 180.82, -81.89);
insert into STATION values (879, '13', 2021, -74.57, 189.39, -85.08);
insert into STATION values (880, '.', 2021, -75.82, 189.28, -85.16);
insert into STATION values (881, '.', 2021, -75.81, 190.07, -85.23);
insert into STATION values (882, '.', 2021, -78.41, 192.43, -85.38);
insert into STATION values (883, '.', 2021, -77.86, 193.72, -85.30);
insert into STATION values (884, '.', 2021, -76.33, 193.26, -85.44);
insert into STATION values (885, '.', 2021, -74.91, 192.35, -85.40);
insert into STATION values (886, '.', 2021, -73.94, 191.18, -85.11);
insert into STATION values (887, '.', 2021, -73.48, 190.20, -84.92);
insert into STATION values (888, '.', 2021, -75.16, 189.11, -83.23);
insert into STATION values (889, '.', 2021, -74.28, 190.25, -83.01);
insert into STATION values (890, '.', 2021, -73.24, 190.59, -83.99);
insert into STATION values (891, '.', 2021, -75.65, 191.29, -83.88);
insert into STATION values (892, '.', 2021, -71.84, 188.50, -83.01);
insert into STATION values (893, '.', 2021, -72.08, 187.53, -82.79);
insert into STATION values (894, '.', 2021, -72.25, 186.15, -82.25);
insert into STATION values (895, '.', 2021, -74.10, 188.24, -82.65);
insert into STATION values (896, '.', 2021, -74.81, 186.74, -83.31);
insert into STATION values (897, '14', 2021, -75.63, 183.56, -84.19);
insert into STATION values (898, '.', 2021, -75.21, 185.04, -84.08);
insert into STATION values (899, '.', 2021, -75.34, 180.20, -82.30);
insert into STATION values (900, '.', 2021, -75.48, 183.67, -82.96);
insert into STATION values (901, '15', 2021, -67.53, 181.17, -78.60);
insert into STATION values (902, '16', 2021, -67.33, 181.51, -77.77);
insert into STATION values (903, '.', 2021, -67.18, 181.85, -76.91);
insert into STATION values (904, '.', 2021, -67.15, 181.88, -76.95);
insert into STATION values (905, '.', 2021, -67.43, 182.70, -77.50);
insert into STATION values (906, '.', 2021, -67.57, 181.67, -75.81);
insert into STATION values (907, '.', 2021, -67.33, 181.53, -78.38);
insert into STATION values (908, '.', 2021, -67.59, 181.22, -76.54);
insert into STATION values (909, '.', 2021, -67.55, 181.11, -77.73);
insert into STATION values (910, '.', 2021, -66.82, 181.91, -77.48);
insert into STATION values (911, '.', 2021, -63.74, 176.09, -73.48);
insert into STATION values (912, '.', 2021, -63.73, 175.90, -73.44);
insert into STATION values (913, '.', 2021, -64.11, 176.53, -73.85);
insert into STATION values (914, '.', 2021, -64.59, 176.62, -74.06);
insert into STATION values (915, '17', 2021, -64.61, 176.72, -74.04);
insert into STATION values (916, '.', 2021, -64.17, 176.69, -74.00);
insert into STATION values (917, '0', 2327, -7.67, -67.36, 18.77);
insert into STATION values (918, '.', 2327, -9.33, -68.31, 18.32);
insert into STATION values (919, '.', 2327, -10.15, -67.69, 17.91);
insert into STATION values (920, '.', 2327, -8.74, -66.98, 18.10);
insert into STATION values (921, '.', 2327, -6.80, -66.89, 17.81);
insert into STATION values (922, '.', 2327, -7.60, -65.89, 17.07);
insert into STATION values (923, '.', 2327, -7.34, -70.43, 18.96);
insert into STATION values (924, '.', 2327, -5.91, -70.47, 19.63);
insert into STATION values (925, '.', 2327, -3.28, -70.41, 20.34);
insert into STATION values (926, '1', 2327, -3.19, -70.36, 20.31);
insert into STATION values (927, '.', 2327, -3.34, -70.31, 21.10);
insert into STATION values (928, '.', 2327, -2.97, -70.20, 19.52);
insert into STATION values (929, '.', 2327, 1.16, -70.17, 19.94);
insert into STATION values (930, '.', 2327, -1.13, -70.23, 20.94);
insert into STATION values (931, '.', 2327, -2.01, -70.40, 20.80);
insert into STATION values (932, '.', 2327, -4.27, -70.31, 20.96);
insert into STATION values (933, '.', 2327, 3.38, -79.54, 27.01);
insert into STATION values (934, '.', 2327, 0.06, -76.65, 22.58);
insert into STATION values (935, '2', 2327, 2.53, -78.12, 26.05);
insert into STATION values (936, '.', 2327, 3.99, -77.58, 25.53);
insert into STATION values (937, '.', 2327, -0.31, -78.77, 26.80);
insert into STATION values (938, '.', 2327, 1.90, -78.04, 27.50);
insert into STATION values (939, '.', 2327, 2.74, -78.04, 24.59);
insert into STATION values (940, '.', 2327, 4.87, -79.03, 26.44);
insert into STATION values (941, '.', 2327, 1.10, -80.14, 27.29);
insert into STATION values (942, '.', 2327, 2.93, -75.56, 24.48);
insert into STATION values (943, '3', 2327, 6.92, -88.27, 32.31);
insert into STATION values (944, '.', 2327, 11.00, -98.52, 38.71);
insert into STATION values (945, '.', 2327, 9.17, -87.26, 31.85);
insert into STATION values (946, '.', 2327, 5.72, -88.47, 32.94);
insert into STATION values (947, '.', 2327, 6.93, -88.28, 32.83);
insert into STATION values (948, '.', 2327, 6.96, -88.06, 30.54);
insert into STATION values (949, '.', 2327, 10.37, -89.76, 32.47);
insert into STATION values (950, '.', 2327, 6.97, -90.59, 32.91);
insert into STATION values (951, '.', 2327, 3.79, -86.46, 31.85);
insert into STATION values (952, '.', 2327, 8.16, -86.30, 31.67);
insert into STATION values (953, '4', 2327, 11.08, -93.89, 34.49);
insert into STATION values (954, '.', 2327, 15.06, -99.60, 36.70);
insert into STATION values (955, '.', 2327, 11.51, -94.35, 34.03);
insert into STATION values (956, '.', 2327, 12.72, -93.40, 34.62);
insert into STATION values (957, '.', 2327, 9.16, -94.66, 34.38);
insert into STATION values (958, '.', 2327, 11.34, -93.93, 33.24);
insert into STATION values (959, '.', 2327, 13.36, -94.22, 35.34);
insert into STATION values (960, '.', 2327, 8.68, -98.73, 36.68);
insert into STATION values (961, '.', 2327, 13.45, -97.12, 36.89);
insert into STATION values (962, '.', 2327, 13.56, -97.05, 36.85);
insert into STATION values (963, '5', 2327, 13.53, -97.01, 36.86);
insert into STATION values (964, '.', 2327, 13.41, -97.51, 36.43);
insert into STATION values (965, '.', 2327, 14.22, -96.50, 36.01);
insert into STATION values (966, '.', 2327, 15.06, -98.33, 36.61);
insert into STATION values (967, '.', 2327, 15.54, -97.76, 36.43);
insert into STATION values (968, '.', 2327, 14.91, -97.31, 36.33);
insert into STATION values (969, '6', 2327, -8.28, -66.03, 17.10);
insert into STATION values (970, '.', 2327, -7.70, -65.74, 17.18);
insert into STATION values (971, '.', 2327, -8.35, -65.95, 17.43);
insert into STATION values (972, '.', 2327, -9.52, -65.90, 17.16);
insert into STATION values (973, '7', 2327, -10.37, -63.01, 15.41);
insert into STATION values (974, '.', 2327, -12.46, -64.61, 15.73);
insert into STATION values (975, '.', 2327, -10.36, -63.00, 15.14);
insert into STATION values (976, '.', 2327, -9.96, -62.61, 15.50);
insert into STATION values (977, '.', 2327, -10.74, -62.85, 15.80);
insert into STATION values (978, '.', 2327, -13.08, -62.77, 14.74);
insert into STATION values (979, '.', 2327, -10.98, -62.30, 15.02);
insert into STATION values (980, '8', 2327, -15.68, -60.67, 12.80);
insert into STATION values (981, '163', 2428, -48.47, 67.18, -40.30);
insert into STATION values (982, '.', 2428, -55.85, 58.48, -40.60);
insert into STATION values (983, '1', 2428, -53.03, 61.66, -40.44);
insert into STATION values (984, '.', 2428, -46.34, 66.27, -39.57);
insert into STATION values (985, '.', 2428, -41.75, 59.73, -36.85);
insert into STATION values (986, '.', 2428, -46.36, 62.77, -38.53);
insert into STATION values (987, '.', 2428, -48.59, 64.15, -39.74);
insert into STATION values (988, '.', 2428, -50.31, 65.85, -40.37);
insert into STATION values (989, '.', 2428, -49.97, 67.87, -40.25);
insert into STATION values (990, '.', 2428, -49.41, 70.06, -40.12);
insert into STATION values (991, '.', 2428, -46.68, 68.42, -39.98);
insert into STATION values (992, '.', 2428, -53.16, 64.17, -38.29);
insert into STATION values (993, '.', 2428, -53.39, 61.79, -39.05);
insert into STATION values (994, '.', 2428, -53.08, 61.57, -40.96);
insert into STATION values (995, '2', 2428, -55.76, 52.98, -37.90);
insert into STATION values (996, '.', 2428, -51.78, 60.95, -40.35);
insert into STATION values (997, '.', 2428, -54.10, 61.97, -40.41);
insert into STATION values (998, '.', 2428, -52.91, 61.78, -39.36);
insert into STATION values (999, '.', 2428, -52.99, 61.52, -41.63);
insert into STATION values (1000, '.', 2428, -52.49, 59.95, -40.09);
insert into STATION values (1001, '.', 2428, -54.22, 60.89, -40.02);
insert into STATION values (1002, '.', 2428, -53.78, 51.99, -37.66);
insert into STATION values (1003, '.', 2428, -56.57, 53.44, -37.84);
insert into STATION values (1004, '.', 2428, -55.59, 52.90, -36.35);
insert into STATION values (1005, '.', 2428, -55.87, 53.02, -39.27);
insert into STATION values (1006, '.', 2428, -54.85, 50.71, -37.23);
insert into STATION values (1007, '.', 2428, -58.07, 51.48, -36.77);
insert into STATION values (1008, '.', 2428, -56.36, 52.00, -35.82);
insert into STATION values (1009, '3', 2428, -57.50, 46.21, -35.76);
insert into STATION values (1010, '.', 2428, -56.24, 44.99, -35.46);
insert into STATION values (1011, '.', 2428, -58.79, 47.04, -35.47);
insert into STATION values (1012, '.', 2428, -57.55, 46.25, -34.01);
insert into STATION values (1013, '.', 2428, -57.82, 46.32, -36.60);
insert into STATION values (1014, '.', 2428, -59.18, 45.94, -34.96);
insert into STATION values (1015, '.', 2428, -57.86, 44.39, -34.49);
insert into STATION values (1016, '.', 2428, -59.59, 45.08, -33.47);
insert into STATION values (1017, '.', 2428, -53.45, 46.78, -36.16);
insert into STATION values (1018, '.', 2428, -54.65, 48.99, -36.35);
insert into STATION values (1019, '.', 2428, -53.73, 47.84, -36.28);
insert into STATION values (1020, '.', 2428, -54.18, 45.39, -36.06);
insert into STATION values (1021, '.', 2428, -58.24, 48.58, -36.12);
insert into STATION values (1022, '.', 2428, -58.70, 47.65, -35.81);
insert into STATION values (1023, '.', 2428, -59.56, 45.65, -35.38);
insert into STATION values (1024, '4', 2428, -63.48, 36.79, -30.16);
insert into STATION values (1025, '.', 2428, -69.47, 27.58, -24.92);
insert into STATION values (1026, '.', 2428, -62.50, 36.32, -30.19);
insert into STATION values (1027, '.', 2428, -63.50, 36.50, -28.70);
insert into STATION values (1028, '.', 2428, -63.48, 36.72, -31.16);
insert into STATION values (1029, '.', 2428, -62.56, 34.64, -29.90);
insert into STATION values (1030, '.', 2428, -63.39, 35.37, -28.61);
insert into STATION values (1031, '.', 2428, -63.63, 35.87, -28.43);
insert into STATION values (1032, '.', 2428, -63.19, 35.44, -30.74);
insert into STATION values (1033, '5', 2428, -66.37, 29.41, -27.73);
insert into STATION values (1034, '.', 2428, -65.62, 29.19, -27.54);
insert into STATION values (1035, '.', 2428, -70.31, 29.75, -28.45);
insert into STATION values (1036, '.', 2428, -66.46, 29.49, -27.03);
insert into STATION values (1037, '.', 2428, -66.29, 29.28, -28.22);
insert into STATION values (1038, '.', 2428, -65.82, 27.69, -27.33);
insert into STATION values (1039, '.', 2428, -67.79, 28.46, -27.28);
insert into STATION values (1040, '6', 2428, -68.74, 24.80, -26.75);
insert into STATION values (1041, '.', 2428, -75.02, 34.28, -31.13);
insert into STATION values (1042, '.', 2428, -70.01, 32.50, -29.53);
insert into STATION values (1043, '.', 2428, -70.36, 30.63, -28.88);
insert into STATION values (1044, '.', 2428, -70.46, 29.86, -28.51);
insert into STATION values (1045, '.', 2428, -69.78, 29.33, -28.09);
insert into STATION values (1046, '.', 2428, -67.97, 29.08, -27.70);
insert into STATION values (1047, '.', 2428, -67.77, 24.12, -26.66);
insert into STATION values (1048, '.', 2428, -70.57, 25.49, -27.21);
insert into STATION values (1049, '.', 2428, -68.57, 24.47, -25.82);
insert into STATION values (1050, '.', 2428, -69.03, 24.80, -27.96);
insert into STATION values (1051, '.', 2428, -68.53, 22.86, -26.82);
insert into STATION values (1052, '.', 2428, -70.50, 23.24, -26.70);
insert into STATION values (1053, '.', 2428, -69.71, 23.49, -25.44);
insert into STATION values (1054, '7', 2428, -71.77, 19.84, -27.17);
insert into STATION values (1055, '.', 2428, -70.76, 19.09, -26.84);
insert into STATION values (1056, '.', 2428, -72.15, 20.05, -26.87);
insert into STATION values (1057, '.', 2428, -71.61, 19.85, -24.03);
insert into STATION values (1058, '.', 2428, -72.08, 19.90, -28.28);
insert into STATION values (1059, '.', 2428, -71.10, 14.84, -25.81);
insert into STATION values (1060, '.', 2428, -74.38, 16.82, -27.36);
insert into STATION values (1061, '.', 2428, -72.41, 17.12, -25.38);
insert into STATION values (1062, '8', 2428, -74.29, 12.58, -27.51);
insert into STATION values (1063, '.', 2428, -73.40, 10.87, -27.07);
insert into STATION values (1064, '.', 2428, -75.37, 13.86, -27.39);
insert into STATION values (1065, '.', 2428, -74.44, 12.57, -26.42);
insert into STATION values (1066, '.', 2428, -74.18, 12.60, -27.94);
insert into STATION values (1067, '.', 2428, -74.16, 9.87, -26.52);
insert into STATION values (1068, '.', 2428, -74.89, 10.24, -26.74);
insert into STATION values (1069, '.', 2428, -75.24, 10.51, -26.88);
insert into STATION values (1070, '.', 2428, -75.80, 10.46, -27.01);
insert into STATION values (1071, '.', 2428, -76.40, 12.25, -27.59);
insert into STATION values (1072, '.', 2428, -76.58, 11.65, -27.34);
insert into STATION values (1073, '.', 2428, -76.80, 11.84, -27.47);
insert into STATION values (1074, '.', 2428, -75.62, 12.07, -28.03);
insert into STATION values (1075, '9', 2428, -77.91, 11.17, -28.94);
insert into STATION values (1076, '.', 2428, -76.63, 9.91, -28.84);
insert into STATION values (1077, '.', 2428, -78.76, 13.03, -28.95);
insert into STATION values (1078, '.', 2428, -78.17, 11.14, -28.44);
insert into STATION values (1079, '.', 2428, -77.86, 11.10, -29.58);
insert into STATION values (1080, '.', 2428, -78.30, 11.11, -28.90);
insert into STATION values (1081, '.', 2428, -78.19, 8.62, -28.89);
insert into STATION values (1082, '.', 2428, -79.10, 10.01, -28.89);
insert into STATION values (1083, '10', 2428, -82.31, 6.41, -30.05);
insert into STATION values (1084, '.', 2428, -80.92, 6.93, -29.90);
insert into STATION values (1085, '.', 2428, -82.70, 6.30, -29.96);
insert into STATION values (1086, '.', 2428, -82.31, 6.37, -29.20);
insert into STATION values (1087, '.', 2428, -82.10, 6.37, -30.94);
insert into STATION values (1088, '.', 2428, -80.51, 6.20, -29.55);
insert into STATION values (1089, '.', 2428, -82.06, 4.73, -29.49);
insert into STATION values (1090, '.', 2428, -81.33, 5.29, -28.33);
insert into STATION values (1091, '.', 2428, -80.46, 7.64, -29.86);
insert into STATION values (1092, '11', 2428, -79.36, 1.83, -27.38);
insert into STATION values (1093, '.', 2428, -81.47, 2.77, -27.55);
insert into STATION values (1094, '.', 2428, -81.62, 2.71, -27.59);
insert into STATION values (1095, '.', 2428, -79.68, 1.80, -26.46);
insert into STATION values (1096, '.', 2428, -79.30, 0.32, -26.10);
insert into STATION values (1097, '.', 2428, -81.98, 2.04, -27.43);
insert into STATION values (1098, '.', 2428, -80.42, 0.67, -27.01);
insert into STATION values (1099, '12', 2428, -84.86, -4.94, -27.13);
insert into STATION values (1100, '.', 2428, -78.01, 4.37, -26.70);
insert into STATION values (1101, '.', 2428, -75.38, 4.82, -25.34);
insert into STATION values (1102, '.', 2428, -75.65, 3.61, -25.03);
insert into STATION values (1103, '.', 2428, -78.62, 1.99, -26.62);
insert into STATION values (1104, '.', 2428, -78.24, 3.46, -26.37);
insert into STATION values (1105, '.', 2428, -78.41, 4.53, -27.06);
insert into STATION values (1106, '.', 2428, -78.27, 1.56, -27.32);
insert into STATION values (1107, '.', 2428, -80.86, 2.58, -27.06);
insert into STATION values (1108, '.', 2428, -79.47, 1.83, -26.12);
insert into STATION values (1109, '.', 2428, -79.34, 1.79, -28.02);
insert into STATION values (1110, '.', 2428, -81.18, 1.56, -26.92);
insert into STATION values (1111, '.', 2428, -82.23, 0.39, -26.47);
insert into STATION values (1112, '.', 2428, -90.60, -9.36, -25.22);
insert into STATION values (1113, '.', 2428, -90.33, -9.56, -25.19);
insert into STATION values (1114, '.', 2428, -86.65, -7.18, -26.26);
insert into STATION values (1115, '.', 2428, -85.84, -7.44, -26.33);
insert into STATION values (1116, '.', 2428, -85.06, -7.02, -27.01);
insert into STATION values (1117, '.', 2428, -84.41, -9.27, -27.45);
insert into STATION values (1118, '.', 2428, -83.86, -6.61, -27.09);
insert into STATION values (1119, '.', 2428, -85.93, -3.21, -27.01);
insert into STATION values (1120, '.', 2428, -85.72, -2.87, -27.20);
insert into STATION values (1121, '.', 2428, -82.97, -4.41, -26.95);
insert into STATION values (1122, '.', 2428, -84.46, -4.64, -27.12);
insert into STATION values (1123, '.', 2428, -84.88, -8.80, -28.33);
insert into STATION values (1124, '13', 2428, -84.80, -8.79, -28.33);
insert into STATION values (1125, '.', 2428, -86.10, -4.08, -27.21);
insert into STATION values (1126, '.', 2428, -85.06, -8.91, -26.91);
insert into STATION values (1127, '.', 2428, -85.36, -8.40, -29.70);
insert into STATION values (1128, '.', 2428, -85.24, -9.86, -28.09);
insert into STATION values (1129, '.', 2428, -86.31, -10.17, -28.22);
insert into STATION values (1130, '.', 2428, -86.57, -8.75, -28.44);
insert into STATION values (1131, '.', 2428, -79.62, -7.19, -24.52);
insert into STATION values (1132, '.', 2428, -83.87, -7.76, -27.35);
insert into STATION values (1133, '.', 2428, -85.52, -6.93, -27.64);
insert into STATION values (1134, '14', 2428, -88.15, -10.01, -29.84);
insert into STATION values (1135, '.', 2428, -86.94, -10.11, -29.77);
insert into STATION values (1136, '.', 2428, -89.06, -10.18, -29.80);
insert into STATION values (1137, '.', 2428, -88.09, -10.36, -28.71);
insert into STATION values (1138, '.', 2428, -88.04, -9.93, -30.45);
insert into STATION values (1139, '.', 2428, -87.30, -11.18, -29.93);
insert into STATION values (1140, '.', 2428, -89.04, -11.09, -29.85);
insert into STATION values (1141, '.', 2428, -87.67, -7.92, -29.40);
insert into STATION values (1142, '.', 2428, -87.93, -13.46, -30.62);
insert into STATION values (1143, '.', 2428, -87.96, -12.39, -30.11);
insert into STATION values (1144, '15', 2428, -87.86, -12.70, -30.31);
insert into STATION values (1145, '.', 2428, -87.64, -15.41, -30.76);
insert into STATION values (1146, '.', 2428, -87.56, -15.42, -30.79);
insert into STATION values (1147, '.', 2428, -88.43, -12.59, -30.41);
insert into STATION values (1148, '.', 2428, -89.01, -13.64, -30.73);
insert into STATION values (1149, '.', 2428, -90.54, -16.28, -31.43);
insert into STATION values (1150, '.', 2428, -88.12, -13.91, -30.86);
insert into STATION values (1151, '.', 2428, -87.60, -13.88, -30.85);
insert into STATION values (1152, '.', 2428, -86.91, -13.49, -30.84);
insert into STATION values (1153, '.', 2428, -87.76, -12.73, -31.25);
insert into STATION values (1154, '.', 2428, -87.26, -12.31, -30.39);
insert into STATION values (1155, '.', 2428, -87.51, -17.97, -30.57);
insert into STATION values (1156, '16', 2428, -93.01, -8.85, -23.94);
insert into STATION values (1157, '.', 2428, -100.70, -13.67, -20.71);
insert into STATION values (1158, '.', 2428, -100.48, -14.02, -20.79);
insert into STATION values (1159, '.', 2428, -91.82, -9.91, -23.97);
insert into STATION values (1160, '.', 2428, -92.88, -8.97, -24.23);
insert into STATION values (1161, '.', 2428, -92.76, -10.77, -23.81);
insert into STATION values (1162, '.', 2428, -93.65, -10.78, -22.88);
insert into STATION values (1163, '.', 2428, -94.43, -10.55, -23.10);
insert into STATION values (1164, '.', 2428, -94.27, -12.82, -23.64);
insert into STATION values (1165, '17', 2428, -94.28, -12.86, -23.64);
insert into STATION values (1166, '.', 2428, -94.86, -12.49, -23.63);
insert into STATION values (1167, '.', 2428, -94.84, -12.85, -22.75);
insert into STATION values (1168, '.', 2428, -94.34, -12.79, -25.11);
insert into STATION values (1169, '.', 2428, -95.48, -14.54, -24.05);
insert into STATION values (1170, '.', 2428, -95.86, -14.02, -24.11);
insert into STATION values (1171, '.', 2428, -96.47, -13.09, -24.23);
insert into STATION values (1172, '18', 2428, -98.28, -14.95, -25.72);
insert into STATION values (1173, '.', 2428, -97.96, -15.63, -25.23);
insert into STATION values (1174, '.', 2428, -98.69, -14.47, -25.45);
insert into STATION values (1175, '.', 2428, -98.46, -15.03, -24.85);
insert into STATION values (1176, '.', 2428, -98.67, -15.88, -25.61);
insert into STATION values (1177, '.', 2428, -99.38, -15.93, -25.45);
insert into STATION values (1178, '.', 2428, -99.62, -15.29, -25.43);
insert into STATION values (1179, '19', 2428, -99.98, -17.69, -26.48);
insert into STATION values (1180, '.', 2428, -100.40, -16.63, -26.48);
insert into STATION values (1181, '.', 2428, -99.92, -17.63, -27.16);
insert into STATION values (1182, '.', 2428, -100.54, -17.93, -26.54);
insert into STATION values (1183, '.', 2428, -101.83, -16.26, -26.65);
insert into STATION values (1184, '.', 2428, -101.38, -17.08, -26.46);
insert into STATION values (1185, '20', 2428, -106.35, -17.29, -26.68);
insert into STATION values (1186, '.', 2428, -104.59, -19.38, -26.57);
insert into STATION values (1187, '.', 2428, -106.37, -17.31, -26.36);
insert into STATION values (1188, '.', 2428, -105.52, -20.32, -26.64);
insert into STATION values (1189, '.', 2428, -107.20, -18.69, -26.53);
insert into STATION values (1190, '.', 2428, -107.49, -19.93, -26.45);
insert into STATION values (1191, '.', 2428, -107.27, -21.29, -26.69);
insert into STATION values (1192, '21', 2428, -106.26, -22.65, -26.42);
insert into STATION values (1193, '.', 2428, -106.11, -27.83, -26.19);
insert into STATION values (1194, '.', 2428, -106.35, -27.86, -26.14);
insert into STATION values (1195, '.', 2428, -107.21, -22.00, -26.34);
insert into STATION values (1196, '.', 2428, -106.65, -22.53, -26.03);
insert into STATION values (1197, '.', 2428, -106.81, -22.32, -27.03);
insert into STATION values (1198, '.', 2428, -107.64, -22.63, -26.57);
insert into STATION values (1199, '.', 2428, -108.53, -23.27, -26.66);
insert into STATION values (1200, '.', 2428, -106.88, -23.31, -26.34);
insert into STATION values (1201, '.', 2428, -105.26, -21.71, -26.21);
insert into STATION values (1202, '22', 2428, -109.53, -25.79, -26.41);
insert into STATION values (1203, '.', 2428, -108.80, -27.29, -26.68);
insert into STATION values (1204, '.', 2428, -109.76, -25.31, -26.64);
insert into STATION values (1205, '.', 2428, -109.40, -25.78, -27.28);
insert into STATION values (1206, '.', 2428, -110.40, -26.95, -27.14);
insert into STATION values (1207, '.', 2428, -110.90, -25.88, -27.33);
insert into STATION values (1208, '23', 2428, -112.64, -28.11, -28.49);
insert into STATION values (1209, '.', 2428, -111.04, -27.65, -28.15);
insert into STATION values (1210, '.', 2428, -112.31, -28.03, -27.18);
insert into STATION values (1211, '.', 2428, -112.69, -28.05, -28.95);
insert into STATION values (1212, '.', 2428, -110.34, -28.71, -27.72);
insert into STATION values (1213, '.', 2428, -111.47, -29.36, -27.64);
insert into STATION values (1214, '.', 2428, -111.05, -29.77, -28.19);
insert into STATION values (1215, '24', 2428, -111.24, -28.44, -28.08);
insert into STATION values (1216, '.', 2428, -110.40, -29.24, -27.64);
insert into STATION values (1217, '.', 2428, -111.64, -29.30, -27.94);
insert into STATION values (1218, '.', 2428, -112.54, -28.37, -28.12);
insert into STATION values (1219, '.', 2428, -111.27, -29.11, -27.38);
insert into STATION values (1220, '.', 2428, -111.29, -28.38, -28.59);
insert into STATION values (1221, '.', 2428, -111.15, -29.85, -27.99);
insert into STATION values (1222, '.', 2428, -111.08, -32.36, -27.85);
insert into STATION values (1223, '.', 2428, -111.12, -32.24, -27.90);
insert into STATION values (1224, '.', 2428, -111.06, -32.36, -27.87);
insert into STATION values (1225, '25', 2428, -110.97, -32.44, -27.89);
insert into STATION values (1226, '.', 2428, -110.76, -36.23, -27.72);
insert into STATION values (1227, '.', 2428, -109.89, -34.00, -26.86);
insert into STATION values (1228, '.', 2428, -109.94, -34.03, -26.87);
insert into STATION values (1229, '.', 2428, -109.88, -33.99, -26.87);
insert into STATION values (1230, '0', 3124, 2.51, 24.79, -6.77);
insert into STATION values (1231, '.', 3124, 4.15, 27.44, -6.74);
insert into STATION values (1232, '.', 3124, 6.89, 22.98, -3.99);
insert into STATION values (1233, '.', 3124, 2.77, 21.49, -6.08);
insert into STATION values (1234, '.', 3124, -1.01, 20.42, -7.84);
insert into STATION values (1235, '.', 3124, -3.24, 21.51, -9.71);
insert into STATION values (1236, '.', 3124, 0.42, 26.01, -8.58);
insert into STATION values (1237, '.', 3124, 0.89, 28.52, -7.84);
insert into STATION values (1238, '.', 3124, 3.10, 32.37, -7.56);
insert into STATION values (1239, '1', 3124, 3.59, 31.29, -7.42);
insert into STATION values (1240, '.', 3124, 4.77, 37.77, -8.10);
insert into STATION values (1241, '.', 3124, 3.86, 31.36, -5.14);
insert into STATION values (1242, '.', 3124, 5.79, 30.72, -5.77);
insert into STATION values (1243, '.', 3124, 4.48, 30.97, -7.20);
insert into STATION values (1244, '.', 3124, 2.14, 31.72, -7.47);
insert into STATION values (1245, '.', 3124, 2.62, 31.61, -6.29);
insert into STATION values (1246, '.', 3124, 3.21, 31.45, -5.50);
insert into STATION values (1247, '.', 3124, 6.49, 33.07, -4.97);
insert into STATION values (1248, '.', 3124, 4.99, 33.50, -4.83);
insert into STATION values (1249, '.', 3124, 3.78, 33.96, -5.56);
insert into STATION values (1250, '.', 3124, 3.73, 34.06, -7.15);
insert into STATION values (1251, '.', 3124, 4.34, 33.76, -7.32);
insert into STATION values (1252, '.', 3124, 5.58, 33.69, -6.40);
insert into STATION values (1253, '2', 3124, 4.83, 33.88, -6.88);
insert into STATION values (1254, '.', 3124, 6.34, 33.86, -5.25);
insert into STATION values (1255, '.', 3124, 4.85, 33.90, -4.89);
insert into STATION values (1256, '.', 3124, 5.51, 33.93, -6.50);
insert into STATION values (1257, '.', 3124, 4.85, 33.89, -7.08);
insert into STATION values (1258, '.', 3124, 3.62, 33.96, -7.22);
insert into STATION values (1259, '.', 3124, 3.36, 33.94, -6.18);
insert into STATION values (1260, '.', 3124, 4.00, 34.04, -5.11);
insert into STATION values (1261, '.', 3124, 4.92, 38.20, -6.71);
insert into STATION values (1262, '.', 3124, 2.97, 38.65, -7.11);
insert into STATION values (1263, '.', 3124, 2.31, 37.74, -7.36);
insert into STATION values (1264, '.', 3124, 4.32, 35.77, -7.41);
insert into STATION values (1265, '.', 3124, 2.61, 40.12, -7.74);
insert into STATION values (1266, '3', 3124, 2.99, 39.90, -7.55);
insert into STATION values (1267, '.', 3124, 3.25, 39.85, -8.34);
insert into STATION values (1268, '.', 3124, 5.00, 39.97, -7.51);
insert into STATION values (1269, '.', 3124, 4.58, 40.09, -6.99);
insert into STATION values (1270, '.', 3124, 3.47, 40.02, -6.85);
insert into STATION values (1271, '.', 3124, 1.92, 39.85, -8.12);
insert into STATION values (1272, '.', 3124, 5.51, 42.92, -7.69);
insert into STATION values (1273, '.', 3124, 4.22, 42.23, -7.35);
insert into STATION values (1274, '.', 3124, 3.14, 42.35, -7.61);
insert into STATION values (1275, '.', 3124, 2.25, 43.19, -8.48);
insert into STATION values (1276, '.', 3124, 3.41, 43.05, -8.45);
insert into STATION values (1277, '4', 3124, 3.92, 44.35, -8.03);
insert into STATION values (1278, '.', 3124, 4.16, 44.34, -6.28);
insert into STATION values (1279, '.', 3124, 5.63, 44.13, -7.21);
insert into STATION values (1280, '.', 3124, 5.48, 44.09, -7.87);
insert into STATION values (1281, '.', 3124, 2.33, 44.44, -8.37);
insert into STATION values (1282, '.', 3124, 2.51, 44.57, -7.64);
insert into STATION values (1283, '.', 3124, 3.12, 44.50, -6.91);
insert into STATION values (1284, '.', 3124, 2.75, 47.41, -6.67);
insert into STATION values (1285, '.', 3124, 2.12, 50.89, -7.21);
insert into STATION values (1286, '.', 3124, 6.40, 46.56, -6.61);
insert into STATION values (1287, '.', 3124, 6.33, 46.50, -5.60);
insert into STATION values (1288, '.', 3124, 5.48, 46.77, -5.40);
insert into STATION values (1289, '.', 3124, 4.60, 46.82, -4.92);
insert into STATION values (1290, '.', 3124, 3.49, 47.71, -5.27);
insert into STATION values (1291, '.', 3124, 3.11, 48.09, -5.71);
insert into STATION values (1292, '.', 3124, 2.13, 52.59, -6.85);
insert into STATION values (1293, '.', 3124, 2.88, 52.63, -4.84);
insert into STATION values (1294, '.', 3124, 9.21, 49.47, -3.90);
insert into STATION values (1295, '.', 3124, 8.55, 51.03, -4.14);
insert into STATION values (1296, '.', 3124, 7.26, 52.12, -5.30);
insert into STATION values (1297, '.', 3124, 6.92, 52.76, -5.54);
insert into STATION values (1298, '.', 3124, 6.69, 51.93, -0.48);
insert into STATION values (1299, '.', 3124, 3.60, 50.29, -7.02);
insert into STATION values (1300, '5', 3124, 3.76, 46.98, -7.58);
insert into STATION values (1301, '6', 3124, 5.76, 51.09, -5.97);
insert into STATION values (1302, '.', 3124, 6.84, 46.38, -5.06);
insert into STATION values (1303, '.', 3124, 6.25, 47.40, -2.89);
insert into STATION values (1304, '.', 3124, 4.31, 46.94, -4.18);
insert into STATION values (1305, '.', 3124, 6.15, 46.23, 1.96);
insert into STATION values (1306, '.', 3124, 3.33, 47.51, -0.49);
insert into STATION values (1307, '.', 3124, 4.07, 46.33, 6.66);
insert into STATION values (1308, '.', 3124, 5.09, 48.38, 3.28);
insert into STATION values (1309, '.', 3124, 3.94, 49.43, -0.88);
insert into STATION values (1310, '.', 3124, 4.31, 49.73, 0.47);
insert into STATION values (1311, '.', 3124, 10.83, 46.38, 2.70);
insert into STATION values (1312, '.', 3124, 19.69, 43.50, 11.65);
insert into STATION values (1313, '.', 3124, 9.96, 47.75, -1.00);
insert into STATION values (1314, '.', 3124, 11.31, 46.39, 1.30);
insert into STATION values (1315, '.', 3124, 11.91, 46.27, 4.59);
insert into STATION values (1316, '.', 3124, 13.41, 47.64, 6.52);
insert into STATION values (1317, '.', 3124, 9.38, 50.62, -1.34);
insert into STATION values (1318, '.', 3124, 8.63, 50.50, -3.20);
insert into STATION values (1319, '7', 3124, -0.20, 49.22, -9.68);
insert into STATION values (1320, '.', 3124, -0.12, 49.24, -11.08);
insert into STATION values (1321, '.', 3124, 0.06, 50.76, -10.91);
insert into STATION values (1322, '.', 3124, 0.07, 50.96, -9.98);
insert into STATION values (1323, '.', 3124, -0.23, 48.78, -9.84);
insert into STATION values (1324, '.', 3124, 1.45, 45.59, -9.64);
insert into STATION values (1325, '.', 3124, -0.46, 46.05, -11.14);
insert into STATION values (1326, '.', 3124, -0.33, 47.32, -10.99);
insert into STATION values (1327, '.', 3124, -1.96, 51.08, -12.51);
insert into STATION values (1328, '.', 3124, -2.71, 50.25, -12.83);
insert into STATION values (1329, '.', 3124, -1.59, 49.56, -11.03);
insert into STATION values (1330, '.', 3124, -3.44, 51.93, -13.84);
insert into STATION values (1331, '8', 3124, -3.22, 50.61, -12.97);
insert into STATION values (1332, '.', 3124, -3.49, 50.65, -12.15);
insert into STATION values (1333, '.', 3124, -3.91, 49.51, -12.52);
insert into STATION values (1334, '.', 3124, -5.64, 46.99, -13.74);
insert into STATION values (1335, '.', 3124, -4.94, 47.54, -13.97);
insert into STATION values (1336, '.', 3124, -3.69, 49.28, -13.72);
insert into STATION values (1337, '.', 3124, -2.98, 51.68, -12.73);
insert into STATION values (1338, '.', 3124, -4.35, 49.66, -13.64);
insert into STATION values (1339, '9', 3124, -4.54, 49.66, -13.80);
insert into STATION values (1340, '.', 3124, -4.38, 49.68, -13.63);
insert into STATION values (1341, '10', 3124, -5.68, 49.84, -13.94);
insert into STATION values (1342, '.', 3124, 1.66, 24.88, -6.82);
insert into STATION values (1343, '11', 3124, 5.65, 24.23, -5.31);
insert into STATION values (1344, '.', 3124, 5.59, 24.20, -4.37);
insert into STATION values (1345, '.', 3124, 7.71, 27.67, -3.87);
insert into STATION values (1346, '.', 3124, 5.99, 24.91, -4.75);
insert into STATION values (1347, '.', 3124, 4.70, 21.13, -5.12);
insert into STATION values (1348, '.', 3124, 5.24, 22.91, -4.94);
insert into STATION values (1349, '.', 3124, 5.64, 23.61, -4.45);
insert into STATION values (1350, '.', 3124, 7.07, 23.30, -3.68);
insert into STATION values (1351, '.', 3124, 10.57, 21.98, -0.54);
insert into STATION values (1352, '.', 3124, 7.57, 23.35, -3.96);
insert into STATION values (1353, '.', 3124, 8.92, 25.51, -3.53);
insert into STATION values (1354, '.', 3124, 7.77, 25.29, -3.27);
insert into STATION values (1355, '.', 3124, 8.45, 24.91, -2.59);
insert into STATION values (1356, '.', 3124, 10.26, 25.94, -1.46);
insert into STATION values (1357, '.', 3124, 10.32, 25.11, -2.16);
insert into STATION values (1358, '.', 3124, 11.84, 23.51, -0.11);
insert into STATION values (1359, '.', 3124, 10.84, 21.61, -0.32);
insert into STATION values (1360, '.', 3124, 9.67, 22.87, -0.86);
insert into STATION values (1361, '12', 3124, 12.38, 24.73, -0.24);
insert into STATION values (1362, '.', 3124, 12.27, 23.46, 0.09);
insert into STATION values (1363, '.', 3124, 12.11, 23.76, -0.61);
insert into STATION values (1364, '.', 3124, 12.24, 23.93, 0.54);
insert into STATION values (1365, '.', 3124, 12.28, 24.63, 0.97);
insert into STATION values (1366, '.', 3124, 12.43, 25.61, 0.64);
insert into STATION values (1367, '.', 3124, 13.32, 27.26, 0.12);
insert into STATION values (1368, '.', 3124, 12.38, 25.11, -0.25);
insert into STATION values (1369, '.', 3124, 15.45, 24.74, 2.44);
insert into STATION values (1370, '.', 3124, 14.97, 23.94, 2.63);
insert into STATION values (1371, '.', 3124, 14.42, 22.31, 2.20);
insert into STATION values (1372, '.', 3124, 15.30, 22.98, 2.08);
insert into STATION values (1373, '.', 3124, 16.73, 23.60, 3.42);
insert into STATION values (1374, '.', 3124, 18.60, 22.50, 4.86);
insert into STATION values (1375, '.', 3124, 16.79, 21.10, 3.99);
insert into STATION values (1376, '.', 3124, 19.90, 20.16, 6.04);
insert into STATION values (1377, '.', 3124, 19.52, 20.47, 6.37);
insert into STATION values (1378, '.', 3124, 19.72, 21.49, 6.16);
insert into STATION values (1379, '13', 3124, 22.15, 19.84, 7.67);
insert into STATION values (1380, '.', 3124, 31.73, 14.72, 15.67);
insert into STATION values (1381, '.', 3124, 31.98, 15.02, 15.53);
insert into STATION values (1382, '.', 3124, 24.73, 17.11, 9.66);
insert into STATION values (1383, '.', 3124, 24.14, 17.72, 8.95);
insert into STATION values (1384, '.', 3124, 24.67, 17.06, 9.68);
insert into STATION values (1385, '14', 3124, 24.74, 17.11, 9.65);
insert into STATION values (1386, '.', 3124, 24.69, 17.14, 10.04);
insert into STATION values (1387, '.', 3124, 23.92, 17.04, 9.66);
insert into STATION values (1388, '.', 3124, 22.87, 16.53, 8.59);
insert into STATION values (1389, '.', 3124, 24.73, 17.10, 9.40);
insert into STATION values (1390, '.', 3124, 23.67, 14.48, 9.60);
insert into STATION values (1391, '.', 3124, 24.40, 14.41, 9.59);
insert into STATION values (1392, '.', 3124, 23.96, 14.22, 8.93);
insert into STATION values (1393, '.', 3124, 24.42, 14.50, 9.95);
insert into STATION values (1394, '.', 3124, 23.47, 11.25, 10.28);
insert into STATION values (1395, '.', 3124, 23.32, 11.24, 10.27);
insert into STATION values (1396, '15', 3124, 23.41, 11.23, 10.27);
insert into STATION values (1397, '.', 3124, 23.79, 11.28, 9.87);
insert into STATION values (1398, '.', 3124, 23.66, 11.33, 10.06);
insert into STATION values (1399, '.', 3124, 23.70, 11.41, 10.22);
insert into STATION values (1400, '.', 3124, 24.67, 12.02, 10.41);
insert into STATION values (1401, '.', 3124, 24.32, 11.79, 10.60);
insert into STATION values (1402, '.', 3124, 23.67, 11.37, 10.66);
insert into STATION values (1403, '.', 3124, 23.88, 11.56, 10.71);
insert into STATION values (1404, '.', 3124, 26.73, 9.42, 12.15);
insert into STATION values (1405, '.', 3124, 25.78, 8.98, 12.34);
insert into STATION values (1406, '.', 3124, 24.49, 10.18, 10.55);
insert into STATION values (1407, '.', 3124, 25.34, 8.16, 11.77);
insert into STATION values (1408, '.', 3124, 25.55, 8.81, 12.43);
insert into STATION values (1409, '.', 3124, 25.93, 8.46, 12.31);
insert into STATION values (1410, '.', 3124, 26.36, 6.67, 12.93);
insert into STATION values (1411, '.', 3124, 25.96, 8.11, 12.16);
insert into STATION values (1412, '.', 3124, 26.93, 6.52, 13.47);
insert into STATION values (1413, '.', 3124, 24.33, 9.31, 10.93);
insert into STATION values (1414, '.', 3124, 24.52, 10.65, 10.66);
insert into STATION values (1415, '16', 3124, 25.84, 8.37, 12.30);
insert into STATION values (1416, '.', 3124, 24.99, 6.48, 12.28);
insert into STATION values (1417, '.', 3124, 25.22, 7.75, 12.85);
insert into STATION values (1418, '.', 3124, 26.07, 8.52, 11.56);
insert into STATION values (1419, '.', 3124, 26.65, 9.18, 12.15);
insert into STATION values (1420, '.', 3124, 25.99, 8.76, 12.41);
insert into STATION values (1421, '.', 3124, 27.88, 6.34, 13.80);
insert into STATION values (1422, '.', 3124, 26.97, 6.28, 13.03);
insert into STATION values (1423, '.', 3124, 27.64, 7.29, 13.28);
insert into STATION values (1424, '.', 3124, 27.36, 6.89, 13.09);
insert into STATION values (1425, '.', 3124, 27.14, 6.69, 13.47);
insert into STATION values (1426, '.', 3124, 26.90, 6.54, 13.30);
insert into STATION values (1427, '.', 3124, 24.78, 7.93, 11.63);
insert into STATION values (1428, '.', 3124, 23.47, 6.82, 11.14);
insert into STATION values (1429, '.', 3124, 23.55, 6.74, 10.75);
insert into STATION values (1430, '.', 3124, 23.65, 7.70, 11.21);
insert into STATION values (1431, '.', 3124, 23.83, 7.93, 11.30);
insert into STATION values (1432, '.', 3124, 22.57, 6.37, 10.22);
insert into STATION values (1433, '17', 3124, 21.70, 6.73, 9.58);
insert into STATION values (1434, '.', 3124, 21.82, 6.84, 8.97);
insert into STATION values (1435, '.', 3124, 21.93, 8.27, 9.39);
insert into STATION values (1436, '.', 3124, 21.70, 7.29, 10.07);
insert into STATION values (1437, '.', 3124, 21.74, 5.86, 9.29);
insert into STATION values (1438, '.', 3124, 18.96, 6.35, 6.96);
insert into STATION values (1439, '.', 3124, 20.25, 7.03, 8.63);
insert into STATION values (1440, '.', 3124, 20.01, 9.50, 8.36);
insert into STATION values (1441, '.', 3124, 18.93, 9.47, 6.74);
insert into STATION values (1442, '.', 3124, 18.02, 9.81, 7.11);
insert into STATION values (1443, '.', 3124, 17.46, 9.79, 5.96);
insert into STATION values (1444, '.', 3124, 17.32, 9.77, 5.85);
insert into STATION values (1445, '.', 3124, 17.44, 9.74, 5.96);
insert into STATION values (1446, '18', 3124, 17.47, 9.84, 5.89);
insert into STATION values (1447, '0', 3437, 5.76, 51.09, -5.97);
insert into STATION values (1448, '.', 3437, 7.38, 48.75, -5.64);
insert into STATION values (1449, '.', 3437, 7.38, 46.89, -4.41);
insert into STATION values (1450, '.', 3437, 3.90, 47.46, -4.57);
insert into STATION values (1451, '.', 3437, 1.54, 50.41, -4.47);
insert into STATION values (1452, '.', 3437, 2.95, 52.61, -4.66);
insert into STATION values (1453, '.', 3437, 5.29, 57.68, -2.22);
insert into STATION values (1454, '.', 3437, 6.67, 52.54, -4.59);
insert into STATION values (1455, '.', 3437, 5.56, 52.94, -1.39);
insert into STATION values (1456, '.', 3437, 7.47, 49.38, 1.26);
insert into STATION values (1457, '.', 3437, 4.76, 47.63, 4.61);
insert into STATION values (1458, '.', 3437, 11.59, 48.77, 0.62);
insert into STATION values (1459, '1', 3437, 11.54, 48.73, 0.52);
insert into STATION values (1460, '.', 3437, 10.65, 47.43, -0.33);
insert into STATION values (1461, '.', 3437, 8.80, 45.83, -0.02);
insert into STATION values (1462, '.', 3437, 8.04, 45.13, 2.35);
insert into STATION values (1463, '.', 3437, 10.89, 46.46, 1.85);
insert into STATION values (1464, '.', 3437, 10.53, 46.58, 2.81);
insert into STATION values (1465, '.', 3437, 10.76, 49.42, 4.19);
insert into STATION values (1466, '.', 3437, 11.62, 50.83, 3.76);
insert into STATION values (1467, '.', 3437, 11.24, 51.40, 2.27);
insert into STATION values (1468, '.', 3437, 11.59, 48.64, 0.63);
insert into STATION values (1469, '.', 3437, 11.59, 48.63, 0.63);
insert into STATION values (1470, '.', 3437, 11.59, 48.64, 0.63);
insert into STATION values (1471, '2', 3437, 16.17, 40.02, 10.45);
insert into STATION values (1472, '.', 3437, 19.89, 43.46, 11.06);
insert into STATION values (1473, '.', 3437, 20.67, 45.37, 11.86);
insert into STATION values (1474, '.', 3437, 18.65, 43.08, 11.34);
insert into STATION values (1475, '.', 3437, 17.02, 41.79, 10.90);
insert into STATION values (1476, '.', 3437, 16.20, 40.83, 10.75);
insert into STATION values (1477, '.', 3437, 19.73, 42.37, 10.34);
insert into STATION values (1478, '.', 3437, 18.29, 41.13, 9.98);
insert into STATION values (1479, '.', 3437, 16.99, 39.94, 9.50);
insert into STATION values (1480, '.', 3437, 15.14, 39.28, 10.16);
insert into STATION values (1481, '.', 3437, 20.89, 40.74, 12.62);
insert into STATION values (1482, '.', 3437, 20.47, 38.57, 13.05);
insert into STATION values (1483, '.', 3437, 19.04, 36.38, 13.00);
insert into STATION values (1484, '.', 3437, 15.11, 36.31, 12.72);
insert into STATION values (1485, '3', 3437, 21.93, 24.29, 23.03);
insert into STATION values (1486, '.', 3437, 14.86, 37.21, 11.56);
insert into STATION values (1487, '.', 3437, 16.19, 32.55, 15.77);
insert into STATION values (1488, '.', 3437, 17.34, 28.81, 19.18);
insert into STATION values (1489, '.', 3437, 18.35, 25.06, 22.16);
insert into STATION values (1490, '.', 3437, 20.53, 23.52, 22.96);
insert into STATION values (1491, '.', 3437, 21.86, 23.30, 23.12);
insert into STATION values (1492, '.', 3437, 21.29, 24.27, 23.10);
insert into STATION values (1493, '.', 3437, 21.29, 25.53, 22.08);
insert into STATION values (1494, '.', 3437, 21.80, 24.96, 22.64);
insert into STATION values (1495, '.', 3437, 18.78, 36.49, 12.35);
insert into STATION values (1496, '.', 3437, 20.73, 30.59, 17.44);
insert into STATION values (1497, '.', 3437, 22.17, 30.03, 17.34);
insert into STATION values (1498, '.', 3437, 23.47, 27.15, 19.76);
insert into STATION values (1499, '.', 3437, 23.78, 25.14, 21.50);
insert into STATION values (1500, '.', 3437, 20.30, 30.38, 16.73);
insert into STATION values (1501, '.', 3437, 18.78, 29.58, 17.07);
insert into STATION values (1502, '.', 3437, 20.88, 25.23, 21.46);
insert into STATION values (1503, '.', 3437, 22.06, 25.39, 21.29);
insert into STATION values (1504, '.', 3437, 21.86, 23.96, 22.59);
insert into STATION values (1505, '4', 3437, 24.50, 21.79, 23.65);
insert into STATION values (1506, '.', 3437, 24.01, 21.34, 23.60);
insert into STATION values (1507, '.', 3437, 24.17, 21.78, 23.92);
insert into STATION values (1508, '.', 3437, 24.39, 23.05, 23.44);
insert into STATION values (1509, '.', 3437, 24.77, 22.05, 23.42);
insert into STATION values (1510, '.', 3437, 25.41, 22.40, 22.32);
insert into STATION values (1511, '.', 3437, 24.61, 21.92, 22.40);
insert into STATION values (1512, '.', 3437, 23.04, 22.99, 22.90);
insert into STATION values (1513, '.', 3437, 26.87, 21.86, 23.28);
insert into STATION values (1514, '.', 3437, 26.19, 20.53, 24.15);
insert into STATION values (1515, '.', 3437, 25.18, 20.71, 24.02);
insert into STATION values (1516, '.', 3437, 25.51, 20.08, 24.27);
insert into STATION values (1517, '5', 3437, 27.52, 20.67, 24.54);
insert into STATION values (1518, '.', 3437, 27.13, 20.49, 24.79);
insert into STATION values (1519, '.', 3437, 27.53, 20.69, 25.16);
insert into STATION values (1520, '.', 3437, 28.21, 20.93, 25.24);
insert into STATION values (1521, '.', 3437, 28.96, 21.49, 24.68);
insert into STATION values (1522, '.', 3437, 29.26, 19.65, 25.90);
insert into STATION values (1523, '.', 3437, 30.20, 17.81, 27.25);
insert into STATION values (1524, '.', 3437, 26.92, 17.91, 27.28);
insert into STATION values (1525, '.', 3437, 28.50, 17.27, 27.75);
insert into STATION values (1526, '.', 3437, 28.16, 18.77, 26.75);
insert into STATION values (1527, '6', 3437, 29.46, 15.97, 29.08);
insert into STATION values (1528, '.', 3437, 28.50, 15.10, 29.30);
insert into STATION values (1529, '.', 3437, 29.31, 15.80, 28.13);
insert into STATION values (1530, '.', 3437, 30.81, 17.10, 27.29);
insert into STATION values (1531, '.', 3437, 29.93, 16.27, 28.82);
insert into STATION values (1532, '.', 3437, 30.02, 13.37, 30.31);
insert into STATION values (1533, '.', 3437, 31.49, 14.02, 29.80);
insert into STATION values (1534, '.', 3437, 30.49, 13.62, 29.93);
insert into STATION values (1535, '.', 3437, 30.55, 13.53, 30.41);
insert into STATION values (1536, '7', 3437, 31.71, 11.69, 31.45);
insert into STATION values (1537, '0', 3646, 3.59, 31.29, -7.42);
insert into STATION values (1538, '1', 3646, 0.59, 23.34, -7.97);
insert into STATION values (1539, '.', 3646, 1.54, 22.34, -7.42);
insert into STATION values (1540, '.', 3646, 2.23, 21.75, -5.51);
insert into STATION values (1541, '.', 3646, 0.84, 23.00, -6.32);
insert into STATION values (1542, '.', 3646, 0.17, 23.70, -7.15);
insert into STATION values (1543, '.', 3646, -0.19, 24.23, -7.84);
insert into STATION values (1544, '.', 3646, -0.09, 24.30, -8.88);
insert into STATION values (1545, '.', 3646, 0.69, 23.35, -8.77);
insert into STATION values (1546, '.', 3646, 4.34, 25.45, -6.81);
insert into STATION values (1547, '.', 3646, 4.02, 27.74, -6.76);
insert into STATION values (1548, '.', 3646, 1.02, 25.95, -7.83);
insert into STATION values (1549, '.', 3646, -1.06, 20.24, -8.12);
insert into STATION values (1550, '.', 3646, -1.37, 19.47, -8.16);
insert into STATION values (1551, '.', 3646, -2.20, 19.21, -8.28);
insert into STATION values (1552, '.', 3646, -4.02, 18.69, -8.84);
insert into STATION values (1553, '.', 3646, -3.54, 20.66, -9.00);
insert into STATION values (1554, '.', 3646, -2.74, 22.00, -8.96);
insert into STATION values (1555, '.', 3646, -3.06, 20.12, -8.30);
insert into STATION values (1556, '.', 3646, -2.80, 19.35, -8.06);
insert into STATION values (1557, '.', 3646, -3.32, 20.80, -10.11);
insert into STATION values (1558, '2', 3646, -6.96, 16.50, -10.89);
insert into STATION values (1559, '.', 3646, -6.03, 15.93, -10.71);
insert into STATION values (1560, '.', 3646, -6.15, 16.29, -9.96);
insert into STATION values (1561, '.', 3646, -6.69, 16.95, -9.60);
insert into STATION values (1562, '.', 3646, -7.08, 17.48, -9.90);
insert into STATION values (1563, '.', 3646, -3.00, 17.44, -10.05);
insert into STATION values (1564, '.', 3646, -4.98, 17.39, -9.93);
insert into STATION values (1565, '.', 3646, -5.99, 17.96, -10.51);
insert into STATION values (1566, '.', 3646, -7.33, 17.72, -11.23);
insert into STATION values (1567, '.', 3646, -7.29, 17.93, -10.59);
insert into STATION values (1568, '.', 3646, -6.90, 17.30, -9.78);
insert into STATION values (1569, '.', 3646, -9.08, 16.01, -8.95);
insert into STATION values (1570, '.', 3646, -9.03, 14.37, -7.52);
insert into STATION values (1571, '.', 3646, -8.16, 14.52, -7.04);
insert into STATION values (1572, '.', 3646, -6.98, 14.99, -8.42);
insert into STATION values (1573, '.', 3646, -7.07, 15.24, -9.50);
insert into STATION values (1574, '.', 3646, -6.09, 17.44, -10.97);
insert into STATION values (1575, '3', 3646, -7.67, 15.61, -8.44);
insert into STATION values (1576, '.', 3646, -7.79, 15.36, -9.91);
insert into STATION values (1577, '.', 3646, -8.92, 15.90, -9.77);
insert into STATION values (1578, '.', 3646, -7.27, 14.83, -9.07);
insert into STATION values (1579, '.', 3646, -6.95, 15.25, -8.50);
insert into STATION values (1580, '.', 3646, -7.38, 15.66, -8.20);
insert into STATION values (1581, '.', 3646, -7.76, 15.70, -7.96);
insert into STATION values (1582, '.', 3646, -8.97, 13.94, -7.18);
insert into STATION values (1583, '.', 3646, -7.77, 14.01, -6.62);
insert into STATION values (1584, '.', 3646, -6.77, 13.77, -7.01);
insert into STATION values (1585, '.', 3646, -6.48, 13.12, -7.36);
insert into STATION values (1586, '.', 3646, -7.82, 12.81, -7.26);
insert into STATION values (1587, '.', 3646, -8.69, 11.50, -5.29);
insert into STATION values (1588, '.', 3646, -7.66, 11.44, -4.48);
insert into STATION values (1589, '.', 3646, -5.85, 10.45, -4.48);
insert into STATION values (1590, '.', 3646, -7.36, 10.21, -5.15);
insert into STATION values (1591, '4', 3646, -8.45, 10.79, -3.98);
insert into STATION values (1592, '.', 3646, -10.60, 9.92, -4.26);
insert into STATION values (1593, '.', 3646, -8.92, 10.54, -5.66);
insert into STATION values (1594, '.', 3646, -8.66, 11.73, -5.42);
insert into STATION values (1595, '.', 3646, -7.21, 10.31, -5.08);
insert into STATION values (1596, '.', 3646, -6.40, 10.17, -4.42);
insert into STATION values (1597, '.', 3646, -7.39, 10.64, -4.24);
insert into STATION values (1598, '.', 3646, -5.94, 13.78, -7.23);
insert into STATION values (1599, '.', 3646, -3.94, 12.88, -6.95);
insert into STATION values (1600, '.', 3646, -5.32, 11.30, -5.49);
insert into STATION values (1601, '.', 3646, -5.54, 12.06, -6.40);
insert into STATION values (1602, '.', 3646, -6.36, 12.28, -5.54);
insert into STATION values (1603, '.', 3646, -8.10, 11.87, -4.86);
insert into STATION values (1604, '.', 3646, -9.81, 7.85, -3.05);
insert into STATION values (1605, '.', 3646, -8.38, 7.67, -3.23);
insert into STATION values (1606, '.', 3646, -6.96, 7.90, -3.17);
insert into STATION values (1607, '.', 3646, -7.97, 6.36, -0.95);
insert into STATION values (1608, '.', 3646, -8.08, 9.50, -3.19);
insert into STATION values (1609, '.', 3646, -7.11, 4.32, 0.02);
insert into STATION values (1610, '.', 3646, -6.91, 4.05, -0.99);
insert into STATION values (1611, '.', 3646, -5.61, 2.53, 0.41);
insert into STATION values (1612, '.', 3646, -5.74, 2.87, 0.21);
insert into STATION values (1613, '.', 3646, -5.62, 2.66, 0.31);
insert into STATION values (1614, '5', 3646, -5.55, 2.95, 0.13);
insert into STATION values (1615, '.', 3646, -4.50, 5.20, -0.98);
insert into STATION values (1616, '.', 3646, -5.09, 3.85, -0.91);
insert into STATION values (1617, '.', 3646, -5.21, 3.69, 0.83);
insert into STATION values (1618, '.', 3646, -1.87, 2.18, 0.31);
insert into STATION values (1619, '.', 3646, -2.51, 1.44, -0.61);
insert into STATION values (1620, '.', 3646, -4.28, 1.73, 0.41);
insert into STATION values (1621, '.', 3646, -3.51, 2.04, 0.49);
insert into STATION values (1622, '6', 3646, 0.00, 0.00, 0.00);
insert into STATION values (1623, '.', 3646, -0.68, -2.41, 1.44);
insert into STATION values (1624, '.', 3646, -0.13, -0.69, -0.01);
insert into STATION values (1625, '.', 3646, -0.18, -0.77, 2.22);
insert into STATION values (1626, '.', 3646, 0.55, 0.51, 1.64);
insert into STATION values (1627, '.', 3646, 0.80, 1.63, 0.96);
insert into STATION values (1628, '.', 3646, 0.35, 0.98, -0.61);
insert into STATION values (1629, '.', 3646, -3.84, -2.58, -1.34);
insert into STATION values (1630, '.', 3646, -7.29, -1.04, -4.25);
insert into STATION values (1631, '.', 3646, 1.86, -2.75, 3.66);
insert into STATION values (1632, '.', 3646, 4.91, -4.27, 6.19);
insert into STATION values (1633, '.', 3646, 6.04, -1.81, 5.79);
insert into STATION values (1634, '.', 3646, 2.95, 0.79, 2.47);
insert into STATION values (1635, '.', 3646, 2.16, -0.99, 2.19);
insert into STATION values (1636, '.', 3646, 2.92, -1.34, 4.36);
insert into STATION values (1637, '.', 3646, 11.59, -8.80, 13.15);
insert into STATION values (1638, '7', 3646, 7.20, -5.42, 8.09);
insert into STATION values (1639, '.', 3646, 6.58, -7.17, 7.51);
insert into STATION values (1640, '.', 3646, 7.42, -5.76, 7.09);
insert into STATION values (1641, '.', 3646, 7.33, -5.26, 8.81);
insert into STATION values (1642, '.', 3646, 7.48, -5.14, 8.66);
insert into STATION values (1643, '.', 3646, 8.34, -4.59, 8.02);
insert into STATION values (1644, '.', 3646, 9.91, -6.85, 10.23);
insert into STATION values (1645, '.', 3646, 9.75, -6.12, 9.69);
insert into STATION values (1646, '.', 3646, 11.32, -5.74, 10.30);
insert into STATION values (1647, '.', 3646, 11.40, -4.91, 9.67);
insert into STATION values (1648, '.', 3646, 8.68, -6.21, 9.54);
insert into STATION values (1649, '.', 3646, 8.16, -7.21, 9.65);
insert into STATION values (1650, '.', 3646, 9.36, -8.16, 11.03);
insert into STATION values (1651, '.', 3646, 11.01, -8.46, 11.54);
insert into STATION values (1652, '.', 3646, 10.58, -9.14, 11.58);
insert into STATION values (1653, '.', 3646, 12.68, -10.33, 12.54);
insert into STATION values (1654, '8', 3646, 12.88, -10.57, 12.88);
insert into STATION values (1655, '.', 3646, 12.74, -10.67, 13.72);
insert into STATION values (1656, '.', 3646, 12.25, -11.06, 13.36);
insert into STATION values (1657, '.', 3646, 12.37, -11.23, 12.73);
insert into STATION values (1658, '.', 3646, 12.29, -11.29, 11.59);
insert into STATION values (1659, '.', 3646, 12.83, -10.73, 12.27);
insert into STATION values (1660, '.', 3646, 13.04, -10.31, 12.94);
insert into STATION values (1661, '.', 3646, 14.70, -10.68, 14.49);
insert into STATION values (1662, '.', 3646, 14.64, -11.83, 15.00);
insert into STATION values (1663, '.', 3646, 13.46, -12.55, 14.24);
insert into STATION values (1664, '.', 3646, 13.97, -12.54, 15.34);
insert into STATION values (1665, '.', 3646, 14.45, -12.64, 14.60);
insert into STATION values (1666, '.', 3646, 15.50, -14.35, 16.65);
insert into STATION values (1667, '.', 3646, 15.23, -15.47, 16.84);
insert into STATION values (1668, '.', 3646, 15.29, -14.91, 16.21);
insert into STATION values (1669, '9', 3646, 15.55, -15.11, 16.93);
insert into STATION values (1670, '.', 3646, 15.99, -15.96, 18.10);
insert into STATION values (1671, '.', 3646, 15.17, -15.91, 17.97);
insert into STATION values (1672, '.', 3646, 18.59, -14.00, 19.21);
insert into STATION values (1673, '.', 3646, 18.70, -13.93, 19.20);
insert into STATION values (1674, '.', 3646, 16.43, -14.63, 17.70);
insert into STATION values (1675, '.', 3646, 15.98, -14.40, 16.96);
insert into STATION values (1676, '.', 3646, 15.25, -14.81, 17.36);
insert into STATION values (1677, '.', 3646, 14.89, -14.96, 17.29);
insert into STATION values (1678, '.', 3646, 14.35, -15.39, 16.36);
insert into STATION values (1679, '.', 3646, 14.73, -15.29, 17.86);
insert into STATION values (1680, '.', 3646, 14.97, -15.52, 18.08);
insert into STATION values (1681, '10', 3646, 14.51, -15.84, 17.21);
insert into STATION values (1682, '.', 3646, 15.16, -17.32, 19.02);
insert into STATION values (1683, '.', 3646, 15.72, -18.06, 19.11);
insert into STATION values (1684, '.', 3646, 16.07, -17.89, 19.13);
insert into STATION values (1685, '.', 3646, 16.49, -18.80, 19.36);
insert into STATION values (1686, '.', 3646, 16.14, -18.55, 20.70);
insert into STATION values (1687, '.', 3646, 15.32, -16.71, 18.26);
insert into STATION values (1688, '.', 3646, 15.02, -17.10, 18.30);
insert into STATION values (1689, '.', 3646, 15.56, -17.33, 17.41);
insert into STATION values (1690, '11', 3646, 17.60, -20.31, 21.58);
insert into STATION values (1691, '.', 3646, 17.47, -20.76, 21.85);
insert into STATION values (1692, '.', 3646, 17.56, -20.24, 21.82);
insert into STATION values (1693, '.', 3646, 17.63, -19.81, 21.51);
insert into STATION values (1694, '.', 3646, 17.56, -19.62, 20.49);
insert into STATION values (1695, '.', 3646, 18.75, -20.91, 22.83);
insert into STATION values (1696, '.', 3646, 19.42, -20.75, 23.00);
insert into STATION values (1697, '.', 3646, 19.43, -21.55, 23.27);
insert into STATION values (1698, '12', 3646, 20.13, -21.80, 24.19);
insert into STATION values (1699, '.', 3646, 20.16, -22.07, 23.30);
insert into STATION values (1700, '.', 3646, 20.19, -21.72, 24.43);
insert into STATION values (1701, '.', 3646, 20.97, -21.65, 24.39);
insert into STATION values (1702, '.', 3646, 20.68, -21.53, 24.64);
insert into STATION values (1703, '.', 3646, 21.45, -21.37, 25.00);
insert into STATION values (1704, '.', 3646, 20.37, -22.47, 25.00);
insert into STATION values (1705, '.', 3646, 21.70, -22.72, 25.75);
insert into STATION values (1706, '.', 3646, 20.50, -23.98, 25.13);
insert into STATION values (1707, '13', 3646, 20.84, -24.90, 26.39);
insert into STATION values (1708, '.', 3646, 20.83, -24.92, 25.32);
insert into STATION values (1709, '.', 3646, 20.90, -24.68, 26.45);
insert into STATION values (1710, '.', 3646, 21.15, -24.48, 26.33);
insert into STATION values (1711, '.', 3646, 20.72, -24.23, 26.09);
insert into STATION values (1712, '.', 3646, 21.87, -24.94, 27.02);
insert into STATION values (1713, '.', 3646, 23.57, -25.43, 27.72);
insert into STATION values (1714, '.', 3646, 22.73, -24.99, 27.31);
insert into STATION values (1715, '.', 3646, 23.06, -25.45, 26.74);
insert into STATION values (1716, '.', 3646, 22.41, -25.32, 25.86);
insert into STATION values (1717, '.', 3646, 22.07, -24.86, 26.76);
insert into STATION values (1718, '.', 3646, 22.02, -25.58, 27.08);
insert into STATION values (1719, '14', 3646, 27.86, -26.51, 30.75);
insert into STATION values (1720, '.', 3646, 27.78, -26.56, 29.88);
insert into STATION values (1721, '.', 3646, 28.32, -26.84, 30.56);
insert into STATION values (1722, '.', 3646, 26.71, -25.61, 30.64);
insert into STATION values (1723, '.', 3646, 26.19, -24.81, 29.50);
insert into STATION values (1724, '.', 3646, 26.89, -25.85, 31.28);
insert into STATION values (1725, '.', 3646, 27.69, -26.47, 31.10);
insert into STATION values (1726, '.', 3646, 29.28, -25.29, 31.35);
insert into STATION values (1727, '.', 3646, 29.09, -24.00, 31.56);
insert into STATION values (1728, '.', 3646, 29.61, -22.68, 32.54);
insert into STATION values (1729, '.', 3646, 29.85, -23.43, 32.48);
insert into STATION values (1730, '.', 3646, 30.18, -23.94, 32.51);
insert into STATION values (1731, '.', 3646, 31.60, -21.88, 33.27);
insert into STATION values (1732, '.', 3646, 30.81, -23.18, 32.19);
insert into STATION values (1733, '.', 3646, 30.79, -22.73, 31.96);
insert into STATION values (1734, '.', 3646, 28.29, -27.09, 31.14);
insert into STATION values (1735, '.', 3646, 27.99, -27.65, 31.32);
insert into STATION values (1736, '.', 3646, 27.73, -28.17, 31.17);
insert into STATION values (1737, '.', 3646, 27.52, -28.20, 30.90);
insert into STATION values (1738, '.', 3646, 27.72, -28.74, 30.46);
insert into STATION values (1739, '.', 3646, 28.39, -28.63, 30.37);
insert into STATION values (1740, '.', 3646, 28.84, -28.01, 30.88);
insert into STATION values (1741, '.', 3646, 28.56, -29.14, 31.22);
insert into STATION values (1742, '.', 3646, 28.69, -29.37, 31.73);
insert into STATION values (1743, '.', 3646, 28.24, -29.82, 31.44);
insert into STATION values (1744, '.', 3646, 28.20, -29.80, 31.04);
insert into STATION values (1745, '.', 3646, 27.79, -30.49, 30.79);
insert into STATION values (1746, '.', 3646, 29.42, -29.85, 32.00);
insert into STATION values (1747, '.', 3646, 29.19, -29.33, 31.27);
insert into STATION values (1748, '.', 3646, 29.53, -29.14, 31.82);
insert into STATION values (1749, '.', 3646, 29.45, -29.18, 31.75);
insert into STATION values (1750, '15', 3646, 27.98, -28.28, 31.28);
insert into STATION values (1751, '.', 3646, 31.13, -30.82, 32.58);
insert into STATION values (1752, '.', 3646, 29.60, -29.05, 31.84);
insert into STATION values (1753, '.', 3646, 28.96, -29.41, 31.76);
insert into STATION values (1754, '.', 3646, 29.82, -29.79, 31.56);
insert into STATION values (1755, '.', 3646, 28.47, -29.20, 31.53);
insert into STATION values (1756, '.', 3646, 28.49, -29.16, 31.27);
insert into STATION values (1757, '.', 3646, 28.42, -29.11, 30.73);
insert into STATION values (1758, '.', 3646, 29.09, -28.18, 31.29);
insert into STATION values (1759, '.', 3646, 28.15, -28.21, 31.43);
insert into STATION values (1760, '.', 3646, 28.07, -28.43, 30.33);
insert into STATION values (1761, '.', 3646, 27.28, -28.37, 30.69);
insert into STATION values (1762, '.', 3646, 27.68, -28.24, 31.15);
insert into STATION values (1763, '.', 3646, 27.45, -29.60, 31.14);
insert into STATION values (1764, '.', 3646, 27.83, -29.67, 31.55);
insert into STATION values (1765, '.', 3646, 28.13, -29.83, 31.63);
insert into STATION values (1766, '.', 3646, 28.17, -29.76, 31.22);
insert into STATION values (1767, '16', 3646, 28.18, -32.32, 32.08);
insert into STATION values (1768, '.', 3646, 28.07, -32.18, 31.23);
insert into STATION values (1769, '.', 3646, 27.99, -32.32, 31.95);
insert into STATION values (1770, '.', 3646, 28.44, -32.29, 32.30);
insert into STATION values (1771, '.', 3646, 29.84, -31.99, 32.97);
insert into STATION values (1772, '.', 3646, 28.88, -32.17, 32.22);
insert into STATION values (1773, '.', 3646, 29.01, -33.93, 32.85);
insert into STATION values (1774, '.', 3646, 28.68, -34.47, 33.12);
insert into STATION values (1775, '.', 3646, 28.36, -34.68, 32.80);
insert into STATION values (1776, '.', 3646, 28.84, -34.70, 32.55);
insert into STATION values (1777, '.', 3646, 29.07, -34.73, 33.25);
insert into STATION values (1778, '17', 3646, 29.68, -36.37, 34.03);
insert into STATION values (1779, '.', 3646, 29.53, -36.60, 33.95);
insert into STATION values (1780, '.', 3646, 29.23, -37.38, 33.60);
insert into STATION values (1781, '.', 3646, 29.74, -36.57, 33.21);
insert into STATION values (1782, '.', 3646, 30.47, -35.67, 34.03);
insert into STATION values (1783, '.', 3646, 30.20, -36.00, 34.46);
insert into STATION values (1784, '.', 3646, 29.99, -36.22, 34.43);
insert into STATION values (1785, '.', 3646, 30.60, -39.40, 34.37);
insert into STATION values (1786, '.', 3646, 30.99, -37.96, 35.10);
insert into STATION values (1787, '.', 3646, 31.12, -38.59, 34.39);
insert into STATION values (1788, '.', 3646, 31.18, -37.10, 34.86);
insert into STATION values (1789, '.', 3646, 38.48, -41.37, 40.33);
insert into STATION values (1790, '18', 3646, 38.06, -41.17, 40.04);
insert into STATION values (1791, '.', 3646, 35.77, -41.14, 39.00);
insert into STATION values (1792, '.', 3646, 34.48, -40.31, 37.85);
insert into STATION values (1793, '.', 3646, 35.08, -39.95, 38.27);
insert into STATION values (1794, '.', 3646, 35.88, -40.38, 38.96);
insert into STATION values (1795, '.', 3646, 35.21, -39.45, 38.09);
insert into STATION values (1796, '.', 3646, 35.77, -39.42, 38.37);
insert into STATION values (1797, '.', 3646, 36.66, -39.91, 38.94);
insert into STATION values (1798, '.', 3646, 37.30, -40.08, 39.37);
insert into STATION values (1799, '.', 3646, 37.75, -41.26, 40.12);
insert into STATION values (1800, '.', 3646, 36.75, -42.82, 39.97);
insert into STATION values (1801, '.', 3646, 37.36, -42.12, 39.52);
insert into STATION values (1802, '.', 3646, 37.71, -41.62, 40.16);
insert into STATION values (1803, '.', 3646, 38.35, -40.93, 40.01);
insert into STATION values (1804, '.', 3646, 40.04, -43.24, 41.52);
insert into STATION values (1805, '.', 3646, 39.10, -43.40, 41.03);
insert into STATION values (1806, '.', 3646, 38.75, -42.69, 40.89);
insert into STATION values (1807, '.', 3646, 37.72, -44.16, 41.02);
insert into STATION values (1808, '.', 3646, 37.77, -43.99, 40.57);
insert into STATION values (1809, '.', 3646, 38.35, -43.35, 40.26);
insert into STATION values (1810, '19', 3646, 38.66, -45.14, 41.81);
insert into STATION values (1811, '20', 3646, 35.52, -50.34, 40.00);
insert into STATION values (1812, '0', 4061, -106.45, -36.96, -13.17);
insert into STATION values (1813, '1', 4061, -114.44, -37.90, -18.00);
insert into STATION values (1814, '.', 4061, -113.02, -36.37, -17.59);
insert into STATION values (1815, '.', 4061, -113.37, -37.07, -17.01);
insert into STATION values (1816, '.', 4061, -113.73, -37.54, -17.17);
insert into STATION values (1817, '.', 4061, -113.54, -38.19, -16.68);
insert into STATION values (1818, '.', 4061, -112.00, -40.12, -16.49);
insert into STATION values (1819, '.', 4061, -111.08, -41.84, -16.37);
insert into STATION values (1820, '.', 4061, -112.20, -41.46, -17.75);
insert into STATION values (1821, '.', 4061, -113.49, -39.33, -18.69);
insert into STATION values (1822, '.', 4061, -113.99, -38.78, -19.05);
insert into STATION values (1823, '.', 4061, -114.53, -37.86, -19.02);
insert into STATION values (1824, '.', 4061, -115.59, -41.78, -20.83);
insert into STATION values (1825, '.', 4061, -114.75, -42.88, -19.75);
insert into STATION values (1826, '.', 4061, -115.93, -40.22, -20.34);
insert into STATION values (1827, '.', 4061, -110.95, -39.50, -16.99);
insert into STATION values (1828, '.', 4061, -109.76, -37.78, -16.05);
insert into STATION values (1829, '.', 4061, -105.77, -36.53, -13.85);
insert into STATION values (1830, '.', 4061, -112.36, -38.46, -16.57);
insert into STATION values (1831, '.', 4061, -111.17, -36.49, -16.48);
insert into STATION values (1832, '.', 4061, -111.78, -37.74, -17.59);
insert into STATION values (1833, '.', 4061, -112.06, -38.83, -17.93);
insert into STATION values (1834, '.', 4061, -117.46, -33.50, -21.17);
insert into STATION values (1835, '.', 4061, -119.22, -33.90, -20.86);
insert into STATION values (1836, '.', 4061, -115.78, -34.91, -18.98);
insert into STATION values (1837, '.', 4061, -115.86, -35.81, -18.70);
insert into STATION values (1838, '.', 4061, -114.80, -36.52, -17.80);
insert into STATION values (1839, '.', 4061, -116.37, -35.80, -20.11);
insert into STATION values (1840, '.', 4061, -115.14, -36.34, -19.25);
insert into STATION values (1841, '.', 4061, -115.85, -34.26, -19.60);
insert into STATION values (1842, '.', 4061, -117.05, -33.34, -20.64);
insert into STATION values (1843, '.', 4061, -118.01, -34.06, -20.61);
insert into STATION values (1844, '.', 4061, -117.87, -34.19, -20.52);
insert into STATION values (1845, '2', 4061, -117.86, -34.16, -20.45);
insert into STATION values (1846, '.', 4061, -116.54, -33.29, -20.19);
insert into STATION values (1847, '.', 4061, -115.75, -33.19, -19.76);
insert into STATION values (1848, '.', 4061, -116.80, -32.16, -20.29);
insert into STATION values (1849, '.', 4061, -117.38, -31.21, -20.81);
insert into STATION values (1850, '.', 4061, -118.15, -30.52, -21.15);
insert into STATION values (1851, '.', 4061, -117.29, -33.29, -20.81);
insert into STATION values (1852, '.', 4061, -116.40, -33.91, -20.18);
insert into STATION values (1853, '.', 4061, -115.64, -34.96, -19.48);
insert into STATION values (1854, '.', 4061, -111.54, -39.87, -16.50);
insert into STATION values (1855, '.', 4061, -117.39, -36.40, -19.27);
insert into STATION values (1856, '.', 4061, -118.21, -35.17, -19.71);
insert into STATION values (1857, '.', 4061, -118.63, -34.76, -20.14);
insert into STATION values (1858, '.', 4061, -119.20, -33.91, -20.57);
insert into STATION values (1859, '.', 4061, -117.77, -34.14, -20.93);
insert into STATION values (1860, '.', 4061, -119.06, -34.35, -20.93);
insert into STATION values (1861, '.', 4061, -119.44, -33.36, -20.92);
insert into STATION values (1862, '.', 4061, -119.16, -28.44, -21.74);
insert into STATION values (1863, '.', 4061, -121.34, -25.24, -23.21);
insert into STATION values (1864, '.', 4061, -119.31, -31.19, -21.57);
insert into STATION values (1865, '.', 4061, -121.16, -29.11, -22.27);
insert into STATION values (1866, '.', 4061, -118.87, -31.56, -21.44);
insert into STATION values (1867, '.', 4061, -117.96, -32.21, -21.01);
insert into STATION values (1868, '3', 4061, -120.38, -28.77, -22.00);
insert into STATION values (1869, '.', 4061, -118.95, -28.19, -21.54);
insert into STATION values (1870, '.', 4061, -119.17, -26.86, -22.01);
insert into STATION values (1871, '.', 4061, -119.47, -26.68, -22.42);
insert into STATION values (1872, '.', 4061, -119.90, -27.83, -22.50);
insert into STATION values (1873, '.', 4061, -120.67, -27.42, -22.89);
insert into STATION values (1874, '.', 4061, -121.25, -27.15, -22.83);
insert into STATION values (1875, '.', 4061, -120.87, -27.26, -22.29);
insert into STATION values (1876, '.', 4061, -121.60, -28.00, -22.56);
insert into STATION values (1877, '.', 4061, -121.61, -28.24, -22.55);
insert into STATION values (1878, '.', 4061, -121.72, -28.95, -22.42);
insert into STATION values (1879, '.', 4061, -121.50, -30.23, -21.90);
insert into STATION values (1880, '.', 4061, -120.51, -29.22, -21.52);
insert into STATION values (1881, '.', 4061, -120.59, -30.04, -22.16);
insert into STATION values (1882, '.', 4061, -119.90, -30.69, -21.73);
insert into STATION values (1883, '.', 4061, -118.56, -29.43, -21.11);
insert into STATION values (1884, '.', 4061, -119.49, -29.38, -21.87);
insert into STATION values (1885, '.', 4061, -119.61, -28.33, -21.59);
insert into STATION values (1886, '.', 4061, -119.89, -26.50, -22.66);
insert into STATION values (1887, '.', 4061, -120.70, -24.85, -23.08);
insert into STATION values (1888, '.', 4061, -120.45, -26.38, -22.50);
insert into STATION values (1889, '.', 4061, -119.63, -26.51, -22.34);
insert into STATION values (1890, '.', 4061, -119.52, -24.51, -22.87);
insert into STATION values (1891, '.', 4061, -121.18, -24.77, -22.95);
insert into STATION values (1892, '.', 4061, -121.41, -25.52, -22.90);
insert into STATION values (1893, '4', 4061, -120.31, -25.47, -22.71);
insert into STATION values (1894, '.', 4061, -119.00, -25.87, -22.46);
insert into STATION values (1895, '.', 4061, -118.67, -24.89, -22.38);
insert into STATION values (1896, '.', 4061, -118.78, -24.32, -22.63);
insert into STATION values (1897, '.', 4061, -119.43, -23.91, -23.03);
insert into STATION values (1898, '.', 4061, -120.03, -23.64, -23.17);
insert into STATION values (1899, '.', 4061, -120.22, -23.82, -22.93);
insert into STATION values (1900, '.', 4061, -120.60, -23.84, -23.23);
insert into STATION values (1901, '.', 4061, -121.35, -24.40, -23.00);
insert into STATION values (1902, '.', 4061, -121.73, -25.87, -22.81);
insert into STATION values (1903, '.', 4061, -120.87, -25.41, -22.80);
insert into STATION values (1904, '.', 4061, -120.39, -25.43, -23.23);
insert into STATION values (1905, '.', 4061, -120.72, -25.36, -23.21);
insert into STATION values (1906, '.', 4061, -121.58, -27.68, -22.47);
insert into STATION values (1907, '.', 4061, -121.31, -27.09, -22.59);
insert into STATION values (1908, '.', 4061, -120.19, -25.86, -22.57);
insert into STATION values (1909, '.', 4061, -119.92, -27.16, -22.60);
insert into STATION values (1910, '.', 4061, -119.46, -26.35, -22.49);
insert into STATION values (1911, '5', 4061, -118.57, -20.76, -22.96);
insert into STATION values (1912, '.', 4061, -118.29, -20.16, -22.43);
insert into STATION values (1913, '.', 4061, -117.85, -20.83, -22.07);
insert into STATION values (1914, '.', 4061, -119.02, -19.13, -23.40);
insert into STATION values (1915, '.', 4061, -121.91, -16.91, -25.39);
insert into STATION values (1916, '.', 4061, -123.42, -17.87, -25.33);
insert into STATION values (1917, '.', 4061, -121.92, -19.70, -24.50);
insert into STATION values (1918, '.', 4061, -121.22, -18.79, -23.96);
insert into STATION values (1919, '.', 4061, -121.04, -18.50, -23.91);
insert into STATION values (1920, '.', 4061, -119.69, -20.00, -23.08);
insert into STATION values (1921, '.', 4061, -119.72, -20.51, -22.82);
insert into STATION values (1922, '.', 4061, -119.82, -20.81, -22.46);
insert into STATION values (1923, '.', 4061, -118.68, -20.53, -22.23);
insert into STATION values (1924, '.', 4061, -118.76, -20.86, -23.32);
insert into STATION values (1925, '.', 4061, -117.46, -22.61, -21.46);
insert into STATION values (1926, '.', 4061, -118.33, -23.17, -21.84);
insert into STATION values (1927, '.', 4061, -118.68, -22.10, -21.89);
insert into STATION values (1928, '.', 4061, -118.33, -21.36, -22.12);
insert into STATION values (1929, '.', 4061, -118.02, -21.17, -21.90);
insert into STATION values (1930, '.', 4061, -118.06, -20.32, -22.27);
insert into STATION values (1931, '.', 4061, -119.35, -22.62, -22.66);
insert into STATION values (1932, '.', 4061, -119.54, -22.68, -22.19);
insert into STATION values (1933, '.', 4061, -120.06, -22.62, -23.02);
insert into STATION values (1934, '.', 4061, -119.80, -22.06, -22.54);
insert into STATION values (1935, '.', 4061, -118.94, -22.01, -22.96);
insert into STATION values (1936, '.', 4061, -118.28, -22.34, -22.52);
insert into STATION values (1937, '.', 4061, -118.66, -20.70, -23.28);
insert into STATION values (1938, '.', 4061, -120.66, -19.16, -24.69);
insert into STATION values (1939, '.', 4061, -123.61, -18.47, -26.57);
insert into STATION values (1940, '.', 4061, -126.14, -15.91, -28.51);
insert into STATION values (1941, '.', 4061, -127.78, -13.34, -29.82);
insert into STATION values (1942, '.', 4061, -125.27, -17.08, -27.37);
insert into STATION values (1943, '6', 4061, -128.80, -14.46, -30.81);
insert into STATION values (1944, '.', 4061, -127.96, -12.60, -30.77);
insert into STATION values (1945, '.', 4061, -127.22, -11.86, -29.69);
insert into STATION values (1946, '.', 4061, -129.48, -12.53, -31.88);
insert into STATION values (1947, '.', 4061, -130.75, -11.98, -32.95);
insert into STATION values (1948, '.', 4061, -131.37, -13.40, -33.47);
insert into STATION values (1949, '.', 4061, -131.97, -15.40, -33.02);
insert into STATION values (1950, '.', 4061, -130.38, -15.72, -31.82);
insert into STATION values (1951, '.', 4061, -129.46, -16.21, -31.24);
insert into STATION values (1952, '.', 4061, -128.20, -16.43, -30.53);
insert into STATION values (1953, '.', 4061, -126.60, -17.05, -29.82);
insert into STATION values (1954, '.', 4061, -123.64, -17.76, -27.13);
insert into STATION values (1955, '.', 4061, -123.37, -15.88, -26.70);
insert into STATION values (1956, '.', 4061, -125.90, -14.47, -28.56);
insert into STATION values (1957, '.', 4061, -126.29, -13.79, -28.96);
insert into STATION values (1958, '.', 4061, -127.04, -15.21, -28.36);
insert into STATION values (1959, '.', 4061, -127.72, -15.44, -30.99);
insert into STATION values (1960, '.', 4061, -129.02, -14.64, -31.86);
insert into STATION values (1961, '.', 4061, -128.59, -13.41, -31.95);
insert into STATION values (1962, '.', 4061, -130.64, -14.41, -32.96);
insert into STATION values (1963, '.', 4061, -131.38, -12.60, -33.58);
insert into STATION values (1964, '.', 4061, -132.85, -14.51, -33.43);
insert into STATION values (1965, '.', 4061, -133.81, -13.40, -34.02);
insert into STATION values (1966, '.', 4061, -132.99, -14.73, -33.65);
insert into STATION values (1967, '7', 4061, -133.75, -13.33, -33.80);
insert into STATION values (1968, '.', 4061, -131.96, -12.10, -33.54);
insert into STATION values (1969, '.', 4061, -132.72, -12.71, -32.71);
insert into STATION values (1970, '.', 4061, -133.21, -13.12, -32.61);
insert into STATION values (1971, '.', 4061, -133.56, -13.11, -33.12);
insert into STATION values (1972, '.', 4061, -133.84, -12.95, -33.25);
insert into STATION values (1973, '.', 4061, -133.69, -12.39, -33.69);
insert into STATION values (1974, '.', 4061, -135.22, -7.50, -36.37);
insert into STATION values (1975, '.', 4061, -134.60, -8.12, -35.71);
insert into STATION values (1976, '.', 4061, -132.88, -8.49, -35.56);
insert into STATION values (1977, '.', 4061, -133.89, -10.41, -35.87);
insert into STATION values (1978, '.', 4061, -134.24, -12.36, -34.65);
insert into STATION values (1979, '.', 4061, -133.80, -13.50, -33.04);
insert into STATION values (1980, '.', 4061, -132.65, -14.49, -32.02);
insert into STATION values (1981, '.', 4061, -132.06, -14.90, -32.93);
insert into STATION values (1982, '.', 4061, -131.26, -12.84, -33.34);
insert into STATION values (1983, '.', 4061, -131.99, -13.46, -33.79);
insert into STATION values (1984, '.', 4061, -132.58, -12.83, -34.05);
insert into STATION values (1985, '.', 4061, -131.06, -12.36, -32.50);
insert into STATION values (1986, '.', 4061, -132.63, -13.24, -32.49);
insert into STATION values (1987, '.', 4061, -132.73, -13.73, -31.88);
insert into STATION values (1988, '.', 4061, -133.14, -13.17, -32.86);
insert into STATION values (1989, '.', 4061, -132.73, -11.46, -34.73);
insert into STATION values (1990, '8', 4061, -134.37, -8.70, -35.95);
insert into STATION values (1991, '.', 4061, -136.68, -8.23, -36.39);
insert into STATION values (1992, '.', 4061, -135.65, -9.47, -36.17);
insert into STATION values (1993, '.', 4061, -135.38, -10.21, -36.07);
insert into STATION values (1994, '.', 4061, -134.84, -10.73, -35.92);
insert into STATION values (1995, '.', 4061, -133.12, -9.07, -35.69);
insert into STATION values (1996, '.', 4061, -130.94, -8.02, -33.73);
insert into STATION values (1997, '.', 4061, -132.13, -9.25, -33.97);
insert into STATION values (1998, '.', 4061, -129.20, -8.49, -32.35);
insert into STATION values (1999, '.', 4061, -128.95, -7.74, -32.23);
insert into STATION values (2000, '.', 4061, -128.86, -7.98, -32.42);
insert into STATION values (2001, '.', 4061, -130.79, -7.41, -33.44);
insert into STATION values (2002, '.', 4061, -132.06, -7.29, -34.59);
insert into STATION values (2003, '.', 4061, -132.77, -7.17, -35.23);
insert into STATION values (2004, '.', 4061, -133.72, -6.85, -35.69);
insert into STATION values (2005, '.', 4061, -134.33, -7.13, -35.98);
insert into STATION values (2006, '.', 4061, -133.98, -8.90, -34.68);
insert into STATION values (2007, '.', 4061, -134.61, -9.45, -34.81);
insert into STATION values (2008, '.', 4061, -134.02, -9.22, -34.46);
insert into STATION values (2009, '.', 4061, -134.35, -8.60, -36.34);
insert into STATION values (2010, '.', 4061, -133.89, -8.72, -36.36);
insert into STATION values (2011, '.', 4061, -135.26, -8.34, -36.60);
insert into STATION values (2012, '.', 4061, -135.81, -9.04, -36.91);
insert into STATION values (2013, '.', 4061, -133.99, -10.25, -36.07);
insert into STATION values (2014, '.', 4061, -133.05, -11.17, -34.98);
insert into STATION values (2015, '.', 4061, -137.67, -8.38, -36.77);
insert into STATION values (2016, '9', 4061, -139.75, -11.19, -37.58);
insert into STATION values (2017, '.', 4061, -140.00, -12.58, -37.76);
insert into STATION values (2018, '.', 4061, -140.37, -12.84, -36.96);
insert into STATION values (2019, '.', 4061, -140.59, -12.12, -37.63);
insert into STATION values (2020, '.', 4061, -141.03, -12.05, -39.01);
insert into STATION values (2021, '.', 4061, -139.97, -12.19, -38.35);
insert into STATION values (2022, '.', 4061, -138.51, -12.67, -37.69);
insert into STATION values (2023, '.', 4061, -137.45, -12.21, -36.62);
insert into STATION values (2024, '.', 4061, -138.93, -11.66, -36.85);
insert into STATION values (2025, '.', 4061, -139.30, -11.38, -37.04);
insert into STATION values (2026, '.', 4061, -139.97, -11.28, -38.78);
insert into STATION values (2027, '.', 4061, -139.87, -12.09, -38.89);
insert into STATION values (2028, '.', 4061, -139.81, -9.99, -37.92);
insert into STATION values (2029, '.', 4061, -139.89, -10.13, -38.58);
insert into STATION values (2030, '.', 4061, -137.43, -9.32, -37.24);
insert into STATION values (2031, '.', 4061, -136.54, -9.48, -36.22);
insert into STATION values (2032, '.', 4061, -138.87, -10.10, -36.91);
insert into STATION values (2033, '.', 4061, -146.16, -14.10, -41.24);
insert into STATION values (2034, '.', 4061, -148.95, -13.07, -42.01);
insert into STATION values (2035, '.', 4061, -147.43, -11.34, -41.19);
insert into STATION values (2036, '.', 4061, -144.54, -10.45, -39.55);
insert into STATION values (2037, '.', 4061, -141.47, -10.39, -38.68);
insert into STATION values (2038, '.', 4061, -140.32, -10.30, -38.51);
insert into STATION values (2039, '.', 4061, -139.86, -10.73, -37.52);
insert into STATION values (2040, '.', 4061, -139.54, -11.38, -37.24);
insert into STATION values (2041, '.', 4061, -140.01, -11.19, -38.80);
insert into STATION values (2042, '.', 4061, -140.52, -11.52, -38.98);
insert into STATION values (2043, '10', 4061, -149.15, -10.86, -42.56);
insert into STATION values (2044, '.', 4061, -149.58, -14.77, -42.66);
insert into STATION values (2045, '.', 4061, -146.88, -20.61, -42.44);
insert into STATION values (2046, '.', 4061, -145.52, -22.31, -42.58);
insert into STATION values (2047, '.', 4061, -146.15, -18.58, -42.69);
insert into STATION values (2048, '.', 4061, -146.84, -17.02, -41.97);
insert into STATION values (2049, '.', 4061, -148.83, -14.01, -42.21);
insert into STATION values (2050, '.', 4061, -148.39, -13.48, -41.85);
insert into STATION values (2051, '.', 4061, -147.38, -13.59, -41.30);
insert into STATION values (2052, '.', 4061, -149.03, -11.29, -43.11);
insert into STATION values (2053, '.', 4061, -149.23, -12.27, -43.13);
insert into STATION values (2054, '.', 4061, -149.11, -9.85, -43.13);
insert into STATION values (2055, '.', 4061, -148.80, -8.89, -42.19);
insert into STATION values (2056, '.', 4061, -149.48, -9.37, -42.25);
insert into STATION values (2057, '.', 4061, -150.28, -9.39, -43.06);
insert into STATION values (2058, '.', 4061, -151.41, -8.57, -43.94);
insert into STATION values (2059, '.', 4061, -152.31, -8.71, -43.92);
insert into STATION values (2060, '.', 4061, -154.18, -8.95, -45.50);
insert into STATION values (2061, '.', 4061, -154.70, -7.90, -46.80);
insert into STATION values (2062, '.', 4061, -151.36, -8.88, -45.05);
insert into STATION values (2063, '.', 4061, -151.49, -11.78, -44.79);
insert into STATION values (2064, '.', 4061, -149.39, -10.89, -42.31);
insert into STATION values (2065, '.', 4061, -149.09, -11.05, -43.26);
insert into STATION values (2066, '.', 4061, -145.81, -9.56, -40.59);
insert into STATION values (2067, '.', 4061, -147.45, -9.32, -41.38);
insert into STATION values (2068, '.', 4061, -147.97, -9.54, -41.25);
insert into STATION values (2069, '11', 4061, -153.63, -9.73, -45.24);
insert into STATION values (2070, '.', 4061, -153.47, -9.73, -46.35);
insert into STATION values (2071, '.', 4061, -153.19, -11.12, -46.17);
insert into STATION values (2072, '.', 4061, -152.64, -12.29, -45.20);
insert into STATION values (2073, '.', 4061, -153.85, -8.25, -45.85);
insert into STATION values (2074, '.', 4061, -154.67, -4.29, -46.59);
insert into STATION values (2075, '.', 4061, -155.90, -3.41, -48.09);
insert into STATION values (2076, '.', 4061, -156.85, -2.71, -48.72);
insert into STATION values (2077, '.', 4061, -154.89, -5.85, -46.19);
insert into STATION values (2078, '.', 4061, -154.54, -7.88, -45.54);
insert into STATION values (2079, '.', 4061, -153.90, -7.85, -45.99);
insert into STATION values (2080, '.', 4061, -153.07, -7.93, -44.60);
insert into STATION values (2081, '.', 4061, -151.84, -8.49, -43.78);
insert into STATION values (2082, '.', 4061, -150.19, -12.38, -42.85);
insert into STATION values (2083, '.', 4061, -150.88, -12.55, -44.26);
insert into STATION values (2084, '.', 4061, -151.28, -10.34, -44.80);
insert into STATION values (2085, '.', 4061, -150.63, -9.35, -43.31);
insert into STATION values (2086, '.', 4061, -139.52, -11.74, -37.43);
insert into STATION values (2087, '.', 4061, -149.80, -10.92, -42.94);
insert into STATION values (2088, '.', 4061, -152.26, -10.25, -45.04);
insert into STATION values (2089, '.', 4061, -155.75, -11.90, -49.84);
insert into STATION values (2090, '.', 4061, -154.45, -11.65, -47.93);
insert into STATION values (2091, '.', 4061, -156.43, -11.26, -50.12);
insert into STATION values (2092, '.', 4061, -158.13, -10.70, -51.90);
insert into STATION values (2093, '.', 4061, -156.66, -8.69, -48.65);
insert into STATION values (2094, '.', 4061, -154.83, -9.65, -47.42);
insert into STATION values (2095, '.', 4061, -156.96, -10.62, -49.55);
insert into STATION values (2096, '.', 4061, -158.72, -9.45, -51.12);
insert into STATION values (2097, '.', 4061, -159.98, -9.75, -52.96);
insert into STATION values (2098, '.', 4061, -159.55, -10.75, -52.79);
insert into STATION values (2099, '.', 4061, -153.67, -9.67, -44.06);
insert into STATION values (2100, '.', 4061, -158.78, -9.93, -52.48);
insert into STATION values (2101, '12', 4061, -158.77, -9.93, -52.48);
insert into STATION values (2102, '.', 4061, -159.14, -9.89, -53.02);
insert into STATION values (2103, '.', 4061, -160.68, -9.32, -52.95);
insert into STATION values (2104, '.', 4061, -159.87, -9.27, -51.64);
insert into STATION values (2105, '.', 4061, -158.75, -9.45, -50.81);
insert into STATION values (2106, '.', 4061, -158.33, -8.95, -51.06);
insert into STATION values (2107, '.', 4061, -159.76, -10.71, -52.39);
insert into STATION values (2108, '.', 4061, -158.94, -10.57, -51.35);
insert into STATION values (2109, '.', 4061, -158.31, -11.14, -51.65);
insert into STATION values (2110, '.', 4061, -157.91, -11.04, -50.81);
insert into STATION values (2111, '.', 4061, -154.98, -12.29, -48.18);
insert into STATION values (2112, '.', 4061, -153.97, -11.98, -46.48);
insert into STATION values (2113, '.', 4061, -156.92, -10.47, -49.21);
insert into STATION values (2114, '.', 4061, -158.27, -10.04, -50.80);
insert into STATION values (2115, '.', 4061, -157.49, -9.77, -49.33);
insert into STATION values (2116, '.', 4061, -158.36, -10.91, -51.14);
insert into STATION values (2117, '.', 4061, -158.71, -11.88, -51.88);
insert into STATION values (2118, '.', 4061, -159.24, -11.17, -52.64);
insert into STATION values (2119, '.', 4061, -158.19, -9.85, -52.57);
insert into STATION values (2120, '.', 4061, -159.14, -9.92, -53.22);
insert into STATION values (2121, '.', 4061, -162.12, -1.08, -53.45);
insert into STATION values (2122, '.', 4061, -162.59, -1.24, -53.39);
insert into STATION values (2123, '.', 4061, -162.95, -3.71, -53.93);
insert into STATION values (2124, '.', 4061, -159.13, -8.91, -52.72);
insert into STATION values (2125, '.', 4061, -159.87, -1.74, -51.49);
insert into STATION values (2126, '.', 4061, -160.47, -1.20, -52.03);
insert into STATION values (2127, '.', 4061, -158.88, -7.15, -51.48);
insert into STATION values (2128, '13', 4061, -161.21, -5.15, -52.76);
insert into STATION values (2129, '.', 4061, -161.34, -5.16, -52.93);
insert into STATION values (2130, '.', 4061, -156.98, -5.07, -51.71);
insert into STATION values (2131, '.', 4061, -156.74, -5.20, -50.92);
insert into STATION values (2132, '.', 4061, -158.78, -4.37, -51.70);
insert into STATION values (2133, '.', 4061, -159.74, -3.93, -52.17);
insert into STATION values (2134, '.', 4061, -159.09, -1.97, -50.99);
insert into STATION values (2135, '.', 4061, -159.80, -1.10, -51.46);
insert into STATION values (2136, '.', 4061, -161.22, -0.53, -52.70);
insert into STATION values (2137, '.', 4061, -163.54, 1.46, -54.32);
insert into STATION values (2138, '.', 4061, -164.31, -0.05, -54.98);
insert into STATION values (2139, '.', 4061, -166.30, 0.07, -56.58);
insert into STATION values (2140, '.', 4061, -167.25, -0.85, -57.66);
insert into STATION values (2141, '.', 4061, -164.58, -3.57, -56.51);
insert into STATION values (2142, '.', 4061, -163.06, -4.38, -54.05);
insert into STATION values (2143, '.', 4061, -162.59, -3.92, -53.42);
insert into STATION values (2144, '.', 4061, -163.30, -2.18, -54.36);
insert into STATION values (2145, '.', 4061, -161.61, -3.86, -53.87);
insert into STATION values (2146, '.', 4061, -161.65, -4.83, -54.18);
insert into STATION values (2147, '.', 4061, -160.82, -4.79, -53.91);
insert into STATION values (2148, '.', 4061, -159.71, -5.14, -53.24);
insert into STATION values (2149, '.', 4061, -159.14, -7.31, -50.85);
insert into STATION values (2150, '.', 4061, -161.42, -6.03, -52.77);
insert into STATION values (2151, '.', 4061, -160.67, -7.55, -52.69);
insert into STATION values (2152, '.', 4061, -159.37, -7.75, -52.63);
insert into STATION values (2153, '.', 4061, -158.65, -6.42, -50.78);
insert into STATION values (2154, '.', 4061, -163.25, -3.27, -54.03);
insert into STATION values (2155, '14', 4061, -167.73, 0.83, -56.86);
insert into STATION values (2156, '.', 4061, -166.99, 1.97, -57.06);
insert into STATION values (2157, '.', 4061, -167.36, 0.92, -56.55);
insert into STATION values (2158, '.', 4061, -169.25, 0.71, -56.55);
insert into STATION values (2159, '.', 4061, -168.83, -0.14, -57.11);
insert into STATION values (2160, '.', 4061, -167.79, 0.84, -58.15);
insert into STATION values (2161, '.', 4061, -168.56, 1.25, -57.16);
insert into STATION values (2162, '.', 4061, -170.76, 1.81, -59.23);
insert into STATION values (2163, '.', 4061, -169.53, 3.48, -58.27);
insert into STATION values (2164, '.', 4061, -168.63, 1.68, -57.31);
insert into STATION values (2165, '.', 4061, -166.02, 2.52, -56.46);
insert into STATION values (2166, '.', 4061, -165.63, 1.28, -56.14);
insert into STATION values (2167, '.', 4061, -162.69, -0.74, -54.21);
insert into STATION values (2168, '.', 4061, -158.45, -5.72, -51.13);
insert into STATION values (2169, '.', 4061, -159.56, -7.34, -52.59);
insert into STATION values (2170, '.', 4061, -164.02, -4.62, -55.96);
insert into STATION values (2171, '.', 4061, -166.54, -2.72, -56.78);
insert into STATION values (2172, '.', 4061, -166.73, -4.01, -57.63);
insert into STATION values (2173, '.', 4061, -165.72, -5.53, -57.40);
insert into STATION values (2174, '.', 4061, -167.41, -3.72, -57.90);
insert into STATION values (2175, '.', 4061, -168.00, -3.33, -57.94);
insert into STATION values (2176, '.', 4061, -167.46, -1.22, -56.44);
insert into STATION values (2177, '.', 4061, -167.04, -1.47, -56.34);
insert into STATION values (2178, '.', 4061, -173.77, 5.26, -60.47);
insert into STATION values (2179, '15', 4061, -174.69, 5.24, -60.45);
insert into STATION values (2180, '.', 4061, -174.65, 5.58, -61.97);
insert into STATION values (2181, '.', 4061, -174.23, 7.48, -60.85);
insert into STATION values (2182, '.', 4061, -174.44, 5.79, -60.47);
insert into STATION values (2183, '.', 4061, -174.95, 4.08, -60.30);
insert into STATION values (2184, '.', 4061, -174.70, 4.38, -59.72);
insert into STATION values (2185, '.', 4061, -180.10, 4.09, -65.98);
insert into STATION values (2186, '.', 4061, -180.24, 5.68, -64.67);
insert into STATION values (2187, '.', 4061, -181.76, 8.35, -67.21);
insert into STATION values (2188, '.', 4061, -182.70, 10.15, -67.76);
insert into STATION values (2189, '.', 4061, -180.59, 9.90, -65.54);
insert into STATION values (2190, '.', 4061, -177.23, 8.17, -62.83);
insert into STATION values (2191, '.', 4061, -175.30, 7.10, -61.74);
insert into STATION values (2192, '.', 4061, -172.77, 6.52, -60.31);
insert into STATION values (2193, '.', 4061, -171.45, 6.11, -58.95);
insert into STATION values (2194, '.', 4061, -170.18, 5.06, -58.02);
insert into STATION values (2195, '.', 4061, -171.33, 4.02, -58.45);
insert into STATION values (2196, '.', 4061, -172.93, 4.17, -59.33);
insert into STATION values (2197, '.', 4061, -169.30, 3.55, -58.37);
insert into STATION values (2198, '.', 4061, -168.74, 2.34, -58.51);
insert into STATION values (2199, '.', 4061, -172.35, 3.31, -59.90);
insert into STATION values (2200, '.', 4061, -173.03, 3.52, -60.13);
insert into STATION values (2201, '.', 4061, -172.11, 3.94, -60.67);
insert into STATION values (2202, '.', 4061, -172.81, 5.25, -60.72);
insert into STATION values (2203, '.', 4061, -172.72, 4.56, -61.34);
insert into STATION values (2204, '.', 4061, -178.44, 3.47, -66.03);
insert into STATION values (2205, '.', 4061, -180.46, 3.99, -66.93);
insert into STATION values (2206, '.', 4061, -178.11, 3.88, -62.79);
insert into STATION values (2207, '16', 4061, -179.23, 5.56, -65.06);
insert into STATION values (2208, '.', 4061, -178.76, 3.60, -65.36);
insert into STATION values (2209, '.', 4061, -179.48, 5.30, -63.30);
insert into STATION values (2210, '.', 4061, -181.34, 5.00, -65.16);
insert into STATION values (2211, '.', 4061, -180.81, 13.84, -65.00);
insert into STATION values (2212, '.', 4061, -178.37, 6.14, -64.85);
insert into STATION values (2213, '.', 4061, -184.07, 12.99, -67.88);
insert into STATION values (2214, '.', 4061, -183.28, 11.54, -67.98);
insert into STATION values (2215, '.', 4061, -179.34, 12.12, -64.16);
insert into STATION values (2216, '.', 4061, -180.58, 10.02, -64.36);
insert into STATION values (2217, '.', 4061, -181.82, 4.68, -65.96);
insert into STATION values (2218, '.', 4061, -181.80, 0.71, -67.81);
insert into STATION values (2219, '.', 4061, -182.21, 1.00, -68.14);
insert into STATION values (2220, '.', 4061, -180.33, 4.24, -65.72);
insert into STATION values (2221, '.', 4061, -180.63, 2.76, -65.17);
insert into STATION values (2222, '.', 4061, -179.02, 3.22, -65.25);
insert into STATION values (2223, '.', 4061, -176.99, 3.00, -64.19);
insert into STATION values (2224, '.', 4061, -174.37, 3.52, -60.99);
insert into STATION values (2225, '.', 4061, -177.15, 4.81, -61.52);
insert into STATION values (2226, '.', 4061, -175.17, 6.02, -61.05);
insert into STATION values (2227, '.', 4061, -170.59, 4.58, -59.37);
insert into STATION values (2228, '.', 4061, -179.54, 4.18, -63.64);
insert into STATION values (2229, '.', 4061, -183.36, 12.78, -66.87);
insert into STATION values (2230, '.', 4061, -183.85, 11.90, -68.15);
insert into STATION values (2231, '17', 4061, -182.77, 13.87, -66.77);
insert into STATION values (2232, '.', 4061, -181.65, 14.30, -66.57);
insert into STATION values (2233, '.', 4061, -182.68, 14.06, -66.08);
insert into STATION values (2234, '.', 4061, -185.37, 12.55, -67.96);
insert into STATION values (2235, '.', 4061, -182.96, 13.99, -67.67);
insert into STATION values (2236, '.', 4061, -184.10, 14.59, -66.62);
insert into STATION values (2237, '.', 4061, -181.89, 8.00, -66.84);
insert into STATION values (2238, '.', 4061, -181.64, 10.40, -65.09);
insert into STATION values (2239, '.', 4061, -179.24, 10.71, -64.29);
insert into STATION values (2240, '.', 4061, -181.47, 12.44, -66.53);
insert into STATION values (2241, '.', 4061, -184.24, 10.92, -68.19);
insert into STATION values (2242, '.', 4061, -185.22, 12.08, -68.12);
insert into STATION values (2243, '.', 4061, -184.77, 13.87, -67.86);
insert into STATION values (2244, '.', 4061, -183.93, 14.84, -67.97);
insert into STATION values (2245, '.', 4061, -182.01, 15.53, -67.04);
insert into STATION values (2246, '.', 4061, -185.24, 18.01, -68.02);
insert into STATION values (2247, '.', 4061, -183.00, 17.74, -67.52);
insert into STATION values (2248, '.', 4061, -184.02, 16.19, -67.42);
insert into STATION values (2249, '.', 4061, -186.65, 20.65, -67.73);
insert into STATION values (2250, '18', 4061, -185.03, 18.35, -67.93);
insert into STATION values (2251, '.', 4061, -185.51, 18.16, -67.90);
insert into STATION values (2252, '.', 4061, -185.15, 18.25, -66.57);
insert into STATION values (2253, '.', 4061, -182.85, 14.98, -67.69);
insert into STATION values (2254, '.', 4061, -186.68, 20.85, -67.71);
insert into STATION values (2255, '.', 4061, -183.13, 20.60, -67.44);
insert into STATION values (2256, '.', 4061, -185.26, 20.29, -68.08);
insert into STATION values (2257, '.', 4061, -187.25, 20.63, -67.74);
insert into STATION values (2258, '.', 4061, -194.97, 21.31, -67.53);
insert into STATION values (2259, '.', 4061, -190.91, 21.21, -67.85);
insert into STATION values (2260, '.', 4061, -188.75, 19.34, -67.99);
insert into STATION values (2261, '.', 4061, -187.25, 20.58, -68.62);
insert into STATION values (2262, '.', 4061, -185.26, 20.06, -68.53);
insert into STATION values (2263, '.', 4061, -184.71, 16.78, -68.26);
insert into STATION values (2264, '.', 4061, -181.94, 16.26, -66.83);
insert into STATION values (2265, '.', 4061, -181.88, 17.79, -66.60);
insert into STATION values (2266, '.', 4061, -182.28, 19.75, -66.75);
insert into STATION values (2267, '.', 4061, -183.64, 18.47, -66.51);
insert into STATION values (2268, '.', 4061, -182.82, 17.69, -66.75);
insert into STATION values (2269, '.', 4061, -184.43, 15.72, -67.17);
insert into STATION values (2270, '.', 4061, -185.62, 14.00, -67.95);
insert into STATION values (2271, '.', 4061, -185.38, 16.11, -67.74);
insert into STATION values (2272, '.', 4061, -184.55, 13.94, -67.42);
insert into STATION values (2273, '19', 4061, -192.32, 22.37, -68.29);
insert into STATION values (2274, '.', 4061, -192.03, 22.97, -68.40);
insert into STATION values (2275, '.', 4061, -194.07, 23.63, -68.38);
insert into STATION values (2276, '.', 4061, -193.30, 21.14, -68.10);
insert into STATION values (2277, '.', 4061, -190.46, 20.90, -68.26);
insert into STATION values (2278, '.', 4061, -192.20, 22.51, -68.76);
insert into STATION values (2279, '.', 4061, -194.59, 21.46, -67.69);
insert into STATION values (2280, '.', 4061, -194.76, 22.62, -67.90);
insert into STATION values (2281, '.', 4061, -198.61, 23.65, -67.87);
insert into STATION values (2282, '.', 4061, -195.39, 23.14, -68.12);
insert into STATION values (2283, '.', 4061, -198.61, 23.20, -67.93);
insert into STATION values (2284, '.', 4061, -198.76, 23.74, -68.21);
insert into STATION values (2285, '.', 4061, -195.88, 23.35, -68.50);
insert into STATION values (2286, '.', 4061, -193.77, 21.36, -68.10);
insert into STATION values (2287, '.', 4061, -192.30, 21.65, -67.91);
insert into STATION values (2288, '.', 4061, -191.48, 21.03, -67.73);
insert into STATION values (2289, '.', 4061, -191.19, 22.16, -68.26);
insert into STATION values (2290, '.', 4061, -188.76, 20.77, -67.45);
insert into STATION values (2291, '.', 4061, -190.89, 20.97, -68.22);
insert into STATION values (2292, '.', 4061, -189.54, 18.89, -67.50);
insert into STATION values (2293, '.', 4061, -191.48, 20.46, -68.11);
insert into STATION values (2294, '20', 4061, -194.11, 22.32, -68.19);
insert into STATION values (2295, '0', 4629, -139.13, -118.65, -32.81);
insert into STATION values (2296, '.', 4629, -139.22, -118.48, -31.16);
insert into STATION values (2297, '.', 4629, -133.56, -115.59, -29.61);
insert into STATION values (2298, '.', 4629, -135.54, -118.92, -30.63);
insert into STATION values (2299, '.', 4629, -139.63, -120.17, -31.63);
insert into STATION values (2300, '.', 4629, -142.81, -122.03, -32.28);
insert into STATION values (2301, '.', 4629, -145.44, -121.97, -32.02);
insert into STATION values (2302, '.', 4629, -142.56, -118.80, -32.13);
insert into STATION values (2303, '.', 4629, -143.65, -116.73, -31.03);
insert into STATION values (2304, '.', 4629, -143.56, -111.19, -37.38);
insert into STATION values (2305, '.', 4629, -140.38, -113.78, -34.99);
insert into STATION values (2306, '.', 4629, -139.37, -108.14, -37.89);
insert into STATION values (2307, '1', 4629, -142.54, -111.80, -36.27);
insert into STATION values (2308, '.', 4629, -142.50, -111.90, -37.21);
insert into STATION values (2309, '.', 4629, -142.52, -112.03, -35.79);
insert into STATION values (2310, '.', 4629, -143.44, -112.06, -36.25);
insert into STATION values (2311, '.', 4629, -141.53, -111.57, -36.31);
insert into STATION values (2312, '.', 4629, -142.02, -111.76, -35.98);
insert into STATION values (2313, '.', 4629, -142.98, -112.03, -35.86);
insert into STATION values (2314, '.', 4629, -144.30, -114.88, -35.73);
insert into STATION values (2315, '.', 4629, -142.44, -114.33, -35.11);
insert into STATION values (2316, '.', 4629, -139.44, -120.09, -31.84);
insert into STATION values (2317, '.', 4629, -137.73, -116.74, -33.90);
insert into STATION values (2318, '.', 4629, -140.59, -112.98, -35.61);
insert into STATION values (2319, '.', 4629, -139.99, -106.72, -37.52);
insert into STATION values (2320, '.', 4629, -141.49, -110.19, -36.67);
insert into STATION values (2321, '.', 4629, -143.22, -109.39, -36.98);
insert into STATION values (2322, '2', 4629, -142.38, -109.91, -37.15);
insert into STATION values (2323, '.', 4629, -142.38, -109.74, -36.35);
insert into STATION values (2324, '.', 4629, -142.43, -109.93, -37.60);
insert into STATION values (2325, '.', 4629, -147.09, -110.34, -37.98);
insert into STATION values (2326, '.', 4629, -143.72, -110.00, -36.82);
insert into STATION values (2327, '.', 4629, -141.59, -109.96, -36.53);
insert into STATION values (2328, '.', 4629, -138.21, -109.28, -36.69);
insert into STATION values (2329, '.', 4629, -139.53, -106.81, -37.21);
insert into STATION values (2330, '.', 4629, -142.27, -109.77, -37.16);
insert into STATION values (2331, '3', 4629, -139.84, -106.92, -37.26);
insert into STATION values (2332, '.', 4629, -140.01, -106.69, -36.06);
insert into STATION values (2333, '.', 4629, -141.25, -107.64, -38.22);
insert into STATION values (2334, '.', 4629, -143.90, -108.54, -37.71);
insert into STATION values (2335, '.', 4629, -140.48, -107.17, -36.90);
insert into STATION values (2336, '.', 4629, -138.29, -105.68, -35.33);
insert into STATION values (2337, '.', 4629, -139.10, -106.49, -36.83);
insert into STATION values (2338, '.', 4629, -134.53, -107.38, -33.19);
insert into STATION values (2339, '.', 4629, -132.09, -110.45, -31.48);
insert into STATION values (2340, '.', 4629, -136.70, -109.31, -35.01);
insert into STATION values (2341, '.', 4629, -137.27, -110.79, -35.59);
insert into STATION values (2342, '.', 4629, -140.48, -110.75, -36.53);
insert into STATION values (2343, '.', 4629, -142.76, -113.21, -36.34);
insert into STATION values (2344, '.', 4629, -142.91, -104.54, -37.53);
insert into STATION values (2345, '.', 4629, -146.52, -99.53, -38.20);
insert into STATION values (2346, '.', 4629, -142.02, -101.57, -37.05);
insert into STATION values (2347, '4', 4629, -144.95, -100.97, -37.35);
insert into STATION values (2348, '.', 4629, -145.46, -101.16, -37.03);
insert into STATION values (2349, '.', 4629, -144.96, -100.90, -38.76);
insert into STATION values (2350, '.', 4629, -146.85, -102.21, -37.12);
insert into STATION values (2351, '.', 4629, -144.30, -100.59, -37.50);
insert into STATION values (2352, '.', 4629, -149.94, -100.79, -38.89);
insert into STATION values (2353, '.', 4629, -146.72, -99.87, -37.74);
insert into STATION values (2354, '.', 4629, -144.68, -98.15, -37.71);
insert into STATION values (2355, '.', 4629, -143.56, -93.06, -38.21);
insert into STATION values (2356, '.', 4629, -143.18, -94.36, -37.97);
insert into STATION values (2357, '.', 4629, -141.32, -102.48, -37.26);
insert into STATION values (2358, '.', 4629, -138.45, -105.68, -35.57);
insert into STATION values (2359, '.', 4629, -137.80, -108.41, -36.54);
insert into STATION values (2360, '.', 4629, -142.59, -103.90, -37.10);
insert into STATION values (2361, '.', 4629, -144.35, -102.95, -37.05);
insert into STATION values (2362, '5', 4629, -143.84, -94.34, -38.13);
insert into STATION values (2363, '.', 4629, -143.86, -94.87, -36.57);
insert into STATION values (2364, '.', 4629, -146.92, -94.91, -36.52);
insert into STATION values (2365, '.', 4629, -146.43, -95.01, -37.93);
insert into STATION values (2366, '.', 4629, -144.56, -94.60, -37.04);
insert into STATION values (2367, '.', 4629, -143.36, -94.19, -37.12);
insert into STATION values (2368, '.', 4629, -142.58, -94.58, -37.55);
insert into STATION values (2369, '.', 4629, -143.57, -92.87, -37.66);
insert into STATION values (2370, '.', 4629, -145.36, -88.99, -37.84);
insert into STATION values (2371, '.', 4629, -146.81, -90.36, -38.19);
insert into STATION values (2372, '.', 4629, -146.10, -93.33, -38.73);
insert into STATION values (2373, '.', 4629, -148.46, -93.53, -39.52);
insert into STATION values (2374, '.', 4629, -146.27, -88.78, -37.91);
insert into STATION values (2375, '.', 4629, -145.31, -88.93, -37.80);
insert into STATION values (2376, '.', 4629, -142.61, -98.97, -37.58);
insert into STATION values (2377, '.', 4629, -143.94, -100.11, -37.58);
insert into STATION values (2378, '.', 4629, -144.46, -103.26, -37.38);
insert into STATION values (2379, '.', 4629, -144.31, -97.53, -37.34);
insert into STATION values (2380, '.', 4629, -143.91, -94.46, -38.09);
insert into STATION values (2381, '6', 4629, -147.13, -92.02, -38.67);
insert into STATION values (2382, '.', 4629, -146.82, -91.91, -37.14);
insert into STATION values (2383, '.', 4629, -147.07, -90.48, -38.49);
insert into STATION values (2384, '.', 4629, -147.01, -92.82, -38.17);
insert into STATION values (2385, '.', 4629, -149.17, -98.96, -38.90);
insert into STATION values (2386, '.', 4629, -148.75, -95.45, -39.25);
insert into STATION values (2387, '.', 4629, -149.19, -94.87, -39.58);
insert into STATION values (2388, '.', 4629, -149.29, -93.39, -39.33);
insert into STATION values (2389, '.', 4629, -150.11, -91.92, -39.81);
insert into STATION values (2390, '.', 4629, -150.11, -90.95, -40.12);
insert into STATION values (2391, '.', 4629, -144.92, -96.78, -37.21);
insert into STATION values (2392, '.', 4629, -147.43, -95.05, -38.75);
insert into STATION values (2393, '.', 4629, -148.74, -95.96, -39.28);
insert into STATION values (2394, '.', 4629, -145.05, -96.91, -37.24);
insert into STATION values (2395, '.', 4629, -142.80, -98.04, -36.71);
insert into STATION values (2396, '.', 4629, -141.92, -95.55, -37.18);
insert into STATION values (2397, '7', 4629, -149.54, -91.08, -40.29);
insert into STATION values (2398, '.', 4629, -148.94, -91.24, -38.82);
insert into STATION values (2399, '.', 4629, -148.19, -91.12, -39.52);
insert into STATION values (2400, '8', 4629, -148.88, -89.02, -40.79);
insert into STATION values (2401, '.', 4629, -149.18, -88.97, -39.03);
insert into STATION values (2402, '.', 4629, -149.53, -89.30, -39.24);
insert into STATION values (2403, '.', 4629, -149.60, -89.32, -39.89);
insert into STATION values (2404, '.', 4629, -149.93, -89.47, -40.35);
insert into STATION values (2405, '.', 4629, -148.57, -88.53, -39.00);
insert into STATION values (2406, '.', 4629, -148.04, -88.08, -39.32);
insert into STATION values (2407, '.', 4629, -147.82, -87.75, -39.71);
insert into STATION values (2408, '.', 4629, -147.63, -87.90, -40.48);
insert into STATION values (2409, '.', 4629, -145.19, -88.84, -37.67);
insert into STATION values (2410, '.', 4629, -144.76, -89.55, -37.02);
insert into STATION values (2411, '.', 4629, -145.30, -90.19, -37.22);
insert into STATION values (2412, '.', 4629, -147.75, -90.04, -39.54);
insert into STATION values (2413, '.', 4629, -154.82, -77.37, -45.37);
insert into STATION values (2414, '.', 4629, -152.11, -81.11, -43.55);
insert into STATION values (2415, '9', 4629, -154.91, -75.23, -45.80);
insert into STATION values (2416, '.', 4629, -154.70, -75.44, -44.83);
insert into STATION values (2417, '.', 4629, -153.98, -75.59, -44.85);
insert into STATION values (2418, '.', 4629, -151.94, -75.92, -43.81);
insert into STATION values (2419, '.', 4629, -153.99, -76.05, -45.14);
insert into STATION values (2420, '.', 4629, -154.89, -77.99, -45.05);
insert into STATION values (2421, '.', 4629, -153.73, -81.60, -43.73);
insert into STATION values (2422, '.', 4629, -150.54, -86.73, -41.78);
insert into STATION values (2423, '.', 4629, -150.20, -84.49, -42.76);
insert into STATION values (2424, '.', 4629, -149.30, -86.58, -41.81);
insert into STATION values (2425, '.', 4629, -154.91, -75.53, -47.13);
insert into STATION values (2426, '.', 4629, -152.71, -70.47, -48.24);
insert into STATION values (2427, '.', 4629, -154.06, -69.57, -49.02);
insert into STATION values (2428, '.', 4629, -154.66, -73.43, -46.46);
insert into STATION values (2429, '10', 4629, -154.42, -71.67, -48.03);
insert into STATION values (2430, '.', 4629, -154.16, -71.44, -46.50);
insert into STATION values (2431, '.', 4629, -154.49, -71.78, -46.70);
insert into STATION values (2432, '.', 4629, -155.90, -72.01, -47.79);
insert into STATION values (2433, '.', 4629, -153.83, -71.24, -47.48);
insert into STATION values (2434, '.', 4629, -153.71, -71.13, -47.00);
insert into STATION values (2435, '.', 4629, -153.81, -71.08, -47.41);
insert into STATION values (2436, '.', 4629, -156.60, -70.72, -48.58);
insert into STATION values (2437, '.', 4629, -155.82, -70.78, -48.35);
insert into STATION values (2438, '.', 4629, -156.89, -69.53, -49.09);
insert into STATION values (2439, '.', 4629, -161.13, -64.79, -51.76);
insert into STATION values (2440, '.', 4629, -160.76, -63.78, -52.16);
insert into STATION values (2441, '.', 4629, -160.09, -63.48, -52.08);
insert into STATION values (2442, '.', 4629, -155.65, -67.75, -49.61);
insert into STATION values (2443, '.', 4629, -154.83, -64.24, -51.55);
insert into STATION values (2444, '.', 4629, -154.53, -68.73, -48.27);
insert into STATION values (2445, '.', 4629, -153.62, -81.31, -43.56);
insert into STATION values (2446, '.', 4629, -153.43, -75.71, -45.66);
insert into STATION values (2447, '.', 4629, -154.89, -74.32, -46.80);
insert into STATION values (2448, '11', 4629, -159.79, -64.49, -51.60);
insert into STATION values (2449, '.', 4629, -158.99, -64.06, -49.99);
insert into STATION values (2450, '.', 4629, -159.38, -64.35, -50.44);
insert into STATION values (2451, '.', 4629, -159.86, -64.56, -51.38);
insert into STATION values (2452, '.', 4629, -160.96, -65.45, -51.66);
insert into STATION values (2453, '.', 4629, -154.37, -60.67, -48.70);
insert into STATION values (2454, '.', 4629, -158.86, -68.78, -49.36);
insert into STATION values (2455, '.', 4629, -157.09, -69.47, -48.82);
insert into STATION values (2456, '.', 4629, -155.63, -70.18, -48.04);
insert into STATION values (2457, '.', 4629, -150.34, -75.37, -45.33);
insert into STATION values (2458, '.', 4629, -157.21, -66.19, -50.17);
insert into STATION values (2459, '.', 4629, -158.13, -63.95, -50.61);
insert into STATION values (2460, '.', 4629, -161.93, -62.00, -53.45);
insert into STATION values (2461, '.', 4629, -163.64, -57.32, -56.22);
insert into STATION values (2462, '.', 4629, -161.97, -60.08, -54.34);
insert into STATION values (2463, '12', 4629, -162.07, -60.13, -54.76);
insert into STATION values (2464, '.', 4629, -162.28, -60.25, -53.88);
insert into STATION values (2465, '.', 4629, -163.22, -61.15, -53.95);
insert into STATION values (2466, '.', 4629, -162.56, -60.49, -54.14);
insert into STATION values (2467, '.', 4629, -161.42, -59.31, -54.66);
insert into STATION values (2468, '.', 4629, -161.11, -59.21, -54.80);
insert into STATION values (2469, '.', 4629, -164.97, -57.72, -55.95);
insert into STATION values (2470, '.', 4629, -164.11, -57.79, -55.83);
insert into STATION values (2471, '.', 4629, -165.64, -54.87, -57.28);
insert into STATION values (2472, '.', 4629, -162.81, -58.57, -55.45);
insert into STATION values (2473, '.', 4629, -163.40, -55.30, -56.92);
insert into STATION values (2474, '.', 4629, -161.71, -56.49, -56.16);
insert into STATION values (2475, '13', 4629, -165.41, -55.05, -57.13);
insert into STATION values (2476, '.', 4629, -165.22, -54.72, -56.31);
insert into STATION values (2477, '.', 4629, -163.27, -54.72, -55.57);
insert into STATION values (2478, '.', 4629, -163.04, -54.86, -55.89);
insert into STATION values (2479, '.', 4629, -165.27, -55.24, -57.63);
insert into STATION values (2480, '.', 4629, -165.69, -51.61, -58.99);
insert into STATION values (2481, '14', 4629, -165.42, -49.78, -59.14);
insert into STATION values (2482, '.', 4629, -165.35, -49.69, -58.15);
insert into STATION values (2483, '.', 4629, -166.17, -49.85, -58.52);
insert into STATION values (2484, '.', 4629, -166.77, -50.15, -59.48);
insert into STATION values (2485, '.', 4629, -163.44, -50.72, -58.20);
insert into STATION values (2486, '.', 4629, -165.06, -50.06, -58.69);
insert into STATION values (2487, '.', 4629, -165.81, -48.45, -58.97);
insert into STATION values (2488, '.', 4629, -166.73, -47.52, -58.70);
insert into STATION values (2489, '.', 4629, -167.36, -49.23, -59.85);
insert into STATION values (2490, '15', 4629, -166.70, -47.75, -58.74);
insert into STATION values (2491, '.', 4629, -166.64, -47.96, -58.28);
insert into STATION values (2492, '.', 4629, -166.14, -48.06, -58.34);
insert into STATION values (2493, '.', 4629, -167.05, -48.08, -58.59);
insert into STATION values (2494, '.', 4629, -166.43, -47.72, -58.98);
insert into STATION values (2495, '.', 4629, -166.22, -46.67, -58.56);
insert into STATION values (2496, '.', 4629, -166.57, -45.53, -58.82);
insert into STATION values (2497, '16', 4629, -166.51, -46.48, -59.01);
insert into STATION values (2498, '.', 4629, -164.05, -45.45, -57.89);
insert into STATION values (2499, '.', 4629, -163.82, -44.38, -57.68);
insert into STATION values (2500, '.', 4629, -165.09, -44.92, -58.82);
insert into STATION values (2501, '.', 4629, -166.28, -45.58, -59.17);
insert into STATION values (2502, '.', 4629, -166.75, -45.46, -59.33);
insert into STATION values (2503, '.', 4629, -166.74, -46.41, -58.09);
insert into STATION values (2504, '.', 4629, -165.92, -47.14, -58.55);
insert into STATION values (2505, '.', 4629, -166.88, -47.12, -58.77);
insert into STATION values (2506, '.', 4629, -167.89, -47.03, -58.23);
insert into STATION values (2507, '.', 4629, -168.57, -46.53, -58.26);
insert into STATION values (2508, '.', 4629, -168.57, -46.24, -58.41);
insert into STATION values (2509, '.', 4629, -167.30, -45.41, -59.67);
insert into STATION values (2510, '.', 4629, -167.53, -46.13, -59.45);
insert into STATION values (2511, '.', 4629, -168.36, -45.18, -60.46);
insert into STATION values (2512, '.', 4629, -168.20, -44.89, -60.57);
insert into STATION values (2513, '17', 4629, -167.89, -45.35, -59.87);
insert into STATION values (2514, '.', 4629, -168.22, -45.83, -59.94);
insert into STATION values (2515, '.', 4629, -168.04, -45.39, -59.68);
insert into STATION values (2516, '.', 4629, -167.78, -45.13, -59.74);
insert into STATION values (2517, '.', 4629, -167.31, -45.50, -59.48);
insert into STATION values (2518, '18', 4629, -169.08, -45.47, -61.91);
insert into STATION values (2519, '.', 4629, -167.68, -45.41, -59.58);
insert into STATION values (2520, '.', 4629, -168.81, -45.47, -61.01);
insert into STATION values (2521, '.', 4629, -168.61, -46.49, -61.32);
insert into STATION values (2522, '.', 4629, -169.15, -46.26, -61.62);
insert into STATION values (2523, '.', 4629, -169.59, -46.00, -61.99);
insert into STATION values (2524, '.', 4629, -170.35, -45.36, -62.45);
insert into STATION values (2525, '.', 4629, -167.97, -44.92, -60.47);
insert into STATION values (2526, '.', 4629, -168.52, -44.68, -61.15);
insert into STATION values (2527, '.', 4629, -168.82, -44.12, -61.36);
insert into STATION values (2528, '.', 4629, -169.29, -45.33, -62.34);
insert into STATION values (2529, '.', 4629, -170.26, -43.71, -63.07);
insert into STATION values (2530, '19', 4629, -171.27, -43.35, -63.28);
insert into STATION values (2531, '1', 5199, -54.32, -41.07, -5.50);
insert into STATION values (2532, '-', 5199, -53.98, -42.73, -5.46);
insert into STATION values (2533, '-', 5199, -54.22, -42.10, -3.90);
insert into STATION values (2534, '-', 5199, -54.52, -40.88, -4.11);
insert into STATION values (2535, '-', 5199, -54.89, -39.05, -5.47);
insert into STATION values (2536, '-', 5199, -55.22, -39.88, -6.50);
insert into STATION values (2537, '2', 5199, -59.27, -39.76, -4.95);
insert into STATION values (2538, '-', 5199, -59.32, -39.85, -3.44);
insert into STATION values (2539, '-', 5199, -59.92, -42.83, -4.09);
insert into STATION values (2540, '-', 5199, -75.62, -35.52, -7.51);
insert into STATION values (2541, '-', 5199, -59.24, -38.26, -4.83);
insert into STATION values (2542, '-', 5199, -59.40, -39.74, -3.51);
insert into STATION values (2543, '-', 5199, -59.17, -39.74, -6.23);
insert into STATION values (2544, '-', 5199, -61.50, -42.03, -4.79);
insert into STATION values (2545, '3', 5199, -60.10, -45.71, -4.53);
insert into STATION values (2546, '-', 5199, -60.15, -45.69, -3.97);
insert into STATION values (2547, '-', 5199, -60.93, -45.26, -3.85);
insert into STATION values (2548, '-', 5199, -61.44, -44.81, -4.36);
insert into STATION values (2549, '-', 5199, -60.73, -45.50, -5.52);
insert into STATION values (2550, '-', 5199, -59.96, -45.81, -4.42);
insert into STATION values (2551, '4', 5199, -63.89, -48.24, -3.20);
insert into STATION values (2552, '-', 5199, -62.24, -48.28, -2.88);
insert into STATION values (2553, '-', 5199, -63.29, -48.25, -2.20);
insert into STATION values (2554, '-', 5199, -63.95, -48.09, -2.63);
insert into STATION values (2555, '-', 5199, -63.15, -48.37, -4.11);
insert into STATION values (2556, '-', 5199, -63.07, -47.94, -4.67);
insert into STATION values (2557, '-', 5199, -63.91, -51.91, -0.26);
insert into STATION values (2558, '5', 5199, -60.55, -55.50, -0.94);
insert into STATION values (2559, '-', 5199, -59.77, -55.19, -0.56);
insert into STATION values (2560, '-', 5199, -60.81, -55.61, 0.01);
insert into STATION values (2561, '-', 5199, -61.40, -55.63, -0.63);
insert into STATION values (2562, '-', 5199, -60.54, -55.55, -1.51);
insert into STATION values (2563, '-', 5199, -59.14, -58.77, 1.48);
insert into STATION values (2564, '-', 5199, -59.19, -58.84, 1.49);
insert into STATION values (2565, '6', 5199, -59.26, -58.83, 1.46);
insert into STATION values (2566, '-', 5199, -59.21, -59.19, 2.10);
insert into STATION values (2567, '-', 5199, -59.55, -59.39, 1.80);
insert into STATION values (2568, '-', 5199, -60.17, -59.65, 0.63);
insert into STATION values (2569, '-', 5199, -59.77, -59.64, 0.73);
insert into STATION values (2570, '7', 5199, -58.97, -64.77, 4.22);
insert into STATION values (2571, '-', 5199, -59.42, -64.70, 4.35);
insert into STATION values (2572, '-', 5199, -59.78, -64.79, 4.12);
insert into STATION values (2573, '-', 5199, -59.40, -65.14, 3.62);
insert into STATION values (2574, '-', 5199, -58.71, -64.82, 4.06);
insert into STATION values (2575, '8', 5199, -60.10, -67.59, 5.16);
insert into STATION values (2576, '-', 5199, -59.79, -67.39, 6.09);
insert into STATION values (2577, '-', 5199, -60.27, -67.57, 6.27);
insert into STATION values (2578, '-', 5199, -60.93, -67.71, 5.50);
insert into STATION values (2579, '-', 5199, -60.28, -67.69, 4.89);
insert into STATION values (2580, '-', 5199, -59.52, -70.88, 8.30);
insert into STATION values (2581, '9', 5199, -59.58, -69.39, 5.10);
insert into STATION values (2582, '-', 5199, -59.77, -69.45, 7.34);
insert into STATION values (2583, '-', 5199, -59.81, -69.29, 6.19);
insert into STATION values (2584, '-', 5199, -58.93, -69.40, 5.20);
insert into STATION values (2585, '-', 5199, -58.92, -69.66, 4.70);
insert into STATION values (2586, '-', 5199, -60.11, -69.31, 5.41);
insert into STATION values (2587, '-', 5199, -57.71, -65.80, 4.22);
insert into STATION values (2588, '-', 5199, -61.17, -82.06, 11.02);
insert into STATION values (2589, '-', 5199, -61.19, -82.11, 11.05);
insert into STATION values (2590, '10', 5199, -61.18, -82.09, 11.04);
insert into STATION values (2591, '-', 5199, -60.38, -81.97, 11.09);
insert into STATION values (2592, '-', 5199, -60.68, -82.08, 10.40);
insert into STATION values (2593, '-', 5199, -61.59, -82.28, 10.28);
insert into STATION values (2594, '-', 5199, -61.73, -82.02, 11.29);
insert into STATION values (2595, '-', 5199, -61.16, -82.02, 12.30);
insert into STATION values (2596, '-', 5199, -62.26, -86.44, 8.92);
insert into STATION values (2597, '11', 5199, -58.13, -85.20, 11.91);
insert into STATION values (2598, '-', 5199, -57.86, -85.04, 12.95);
insert into STATION values (2599, '-', 5199, -57.54, -84.66, 12.17);
insert into STATION values (2600, '-', 5199, -57.83, -84.86, 11.33);
insert into STATION values (2601, '-', 5199, -57.48, -84.73, 9.05);
insert into STATION values (2602, '-', 5199, -58.31, -85.31, 12.01);
insert into STATION values (2603, '12', 5199, -52.09, -92.16, 15.79);
insert into STATION values (2604, '-', 5199, -51.95, -92.05, 16.18);
insert into STATION values (2605, '-', 5199, -51.62, -91.75, 15.82);
insert into STATION values (2606, '-', 5199, -51.92, -92.05, 14.32);
insert into STATION values (2607, '-', 5199, -52.53, -91.37, 13.25);
insert into STATION values (2608, '-', 5199, -52.62, -91.23, 13.25);
insert into STATION values (2609, '-', 5199, -52.36, -92.14, 16.40);
insert into STATION values (2610, '13', 5199, -49.45, -94.51, 16.83);
insert into STATION values (2611, '-', 5199, -50.45, -94.80, 17.53);
insert into STATION values (2612, '-', 5199, -50.53, -94.76, 16.55);
insert into STATION values (2613, '-', 5199, -51.85, -95.46, 15.52);
insert into STATION values (2614, '-', 5199, -50.08, -94.98, 16.57);
insert into STATION values (2615, '-', 5199, -50.27, -94.42, 15.19);
insert into STATION values (2616, '-', 5199, -48.99, -94.06, 15.87);
insert into STATION values (2617, '14', 5199, -50.12, -96.73, 16.11);
insert into STATION values (2618, '-', 5199, -49.62, -96.54, 16.30);
insert into STATION values (2619, '-', 5199, -46.51, -96.75, 16.50);
insert into STATION values (2620, '-', 5199, -50.24, -96.75, 16.64);
insert into STATION values (2621, '-', 5199, -52.05, -95.48, 15.82);
insert into STATION values (2622, '-', 5199, -50.21, -96.65, 15.79);
insert into STATION values (2623, '-', 5199, -50.04, -96.60, 16.97);
insert into STATION values (2624, '15', 5199, -51.27, -97.28, 16.30);
insert into STATION values (2625, '-', 5199, -50.32, -97.59, 16.44);
insert into STATION values (2626, '-', 5199, -50.89, -97.45, 16.71);
insert into STATION values (2627, '-', 5199, -51.05, -97.53, 15.79);
insert into STATION values (2628, '16', 5199, -49.98, -100.86, 17.53);
insert into STATION values (2629, '-', 5199, -49.80, -100.52, 17.70);
insert into STATION values (2630, '-', 5199, -49.66, -100.02, 17.36);
insert into STATION values (2631, '-', 5199, -49.55, -100.22, 16.68);
insert into STATION values (2632, '-', 5199, -50.08, -100.98, 17.74);
insert into STATION values (2633, '17', 5199, -48.19, -101.13, 17.88);
insert into STATION values (2634, '-', 5199, -48.67, -101.12, 18.30);
insert into STATION values (2635, '-', 5199, -49.21, -101.22, 17.88);
insert into STATION values (2636, '-', 5199, -48.86, -101.48, 17.05);
insert into STATION values (2637, '18', 5199, -52.26, -108.39, 18.87);
insert into STATION values (2638, '-', 5199, -52.28, -108.49, 19.20);
insert into STATION values (2639, '-', 5199, -52.07, -108.65, 18.87);
insert into STATION values (2640, '-', 5199, -52.23, -108.40, 18.09);
insert into STATION values (2641, '19', 5199, -53.28, -111.14, 18.07);
insert into STATION values (2642, '-', 5199, -53.16, -111.42, 18.54);
insert into STATION values (2643, '-', 5199, -52.64, -111.33, 18.16);
insert into STATION values (2644, '-', 5199, -52.64, -111.35, 17.53);
insert into STATION values (2645, '-', 5199, -53.29, -111.38, 14.64);
insert into STATION values (2646, '20', 5199, -55.08, -115.07, 17.78);
insert into STATION values (2647, '-', 5199, -55.05, -114.92, 19.29);
insert into STATION values (2648, '-', 5199, -54.70, -114.89, 19.46);
insert into STATION values (2649, '-', 5199, -54.66, -114.95, 17.86);
insert into STATION values (2650, '-', 5199, -54.85, -115.06, 16.26);
insert into STATION values (2651, '21', 5199, -54.36, -115.69, 18.95);
insert into STATION values (2652, '-', 5199, -54.22, -115.65, 20.22);
insert into STATION values (2653, '-', 5199, -54.86, -116.10, 19.84);
insert into STATION values (2654, '-', 5199, -54.19, -115.48, 18.97);
insert into STATION values (2655, '-', 5199, -54.55, -115.53, 16.54);
insert into STATION values (2656, '22', 5199, -51.47, -117.99, 18.98);
insert into STATION values (2657, '-', 5199, -50.43, -117.99, 18.87);
insert into STATION values (2658, '-', 5199, -51.03, -118.03, 18.43);
insert into STATION values (2659, '-', 5199, -51.89, -118.00, 18.94);
insert into STATION values (2660, '-', 5199, -50.13, -116.98, 18.68);
insert into STATION values (2661, '23', 5199, -51.48, -122.25, 20.08);
insert into STATION values (2662, '-', 5199, -51.49, -122.30, 20.78);
insert into STATION values (2663, '-', 5199, -51.95, -122.39, 20.45);
insert into STATION values (2664, '-', 5199, -50.75, -122.17, 20.35);
insert into STATION values (2665, '-', 5199, -51.52, -122.07, 18.66);
insert into STATION values (2666, '24', 5199, -50.75, -124.40, 20.94);
insert into STATION values (2667, '-', 5199, -50.51, -124.20, 21.87);
insert into STATION values (2668, '-', 5199, -50.23, -124.48, 20.87);
insert into STATION values (2669, '-', 5199, -50.83, -124.72, 19.00);
insert into STATION values (2670, '25', 5199, -50.34, -126.12, 21.17);
insert into STATION values (2671, '-', 5199, -50.34, -126.02, 21.83);
insert into STATION values (2672, '-', 5199, -50.88, -126.77, 21.58);
insert into STATION values (2673, '-', 5199, -50.53, -126.38, 21.19);
insert into STATION values (2674, '-', 5199, -50.17, -125.58, 20.97);
insert into STATION values (2675, '-', 5199, -50.16, -126.21, 19.05);
insert into STATION values (2676, '26', 5199, -47.65, -124.81, 22.31);
insert into STATION values (2677, '-', 5199, -47.49, -124.52, 21.97);
insert into STATION values (2678, '-', 5199, -47.47, -125.06, 21.93);
insert into STATION values (2679, '-', 5199, -47.28, -124.62, 20.38);
insert into STATION values (2680, '27', 5199, -42.04, -125.00, 22.92);
insert into STATION values (2681, '-', 5199, -42.13, -126.16, 25.94);
insert into STATION values (2682, '-', 5199, -42.40, -125.36, 23.65);
insert into STATION values (2683, '-', 5199, -42.56, -126.02, 23.42);
insert into STATION values (2684, '-', 5199, -42.06, -125.47, 22.52);
insert into STATION values (2685, '-', 5199, -41.93, -124.88, 20.96);
insert into STATION values (2686, '28', 5199, -34.96, -127.87, 22.85);
insert into STATION values (2687, '-', 5199, -35.92, -129.29, 27.04);
insert into STATION values (2688, '-', 5199, -34.76, -127.45, 23.13);
insert into STATION values (2689, '-', 5199, -34.82, -127.12, 22.67);
insert into STATION values (2690, '-', 5199, -34.69, -127.03, 21.99);
insert into STATION values (2691, '-', 5199, -34.38, -126.94, 21.31);
insert into STATION values (2692, '29', 5199, -29.53, -128.04, 21.94);
insert into STATION values (2693, '-', 5199, -29.54, -128.12, 22.56);
insert into STATION values (2694, '-', 5199, -29.36, -127.67, 22.05);
insert into STATION values (2695, '-', 5199, -30.18, -128.48, 22.06);
insert into STATION values (2696, '-', 5199, -29.71, -128.04, 21.61);
insert into STATION values (2697, '-', 5199, -27.87, -133.66, 21.69);
insert into STATION values (2698, '-', 5199, -27.87, -133.53, 21.69);
insert into STATION values (2699, '30', 5199, -27.87, -133.56, 21.71);
insert into STATION values (2700, '31', 5199, -53.32, -111.59, 16.37);
insert into STATION values (2701, '-', 5199, -53.77, -111.55, 16.45);
insert into STATION values (2702, '-', 5199, -52.07, -111.39, 16.39);
insert into STATION values (2703, '-', 5199, -53.08, -111.10, 16.35);
insert into STATION values (2704, '-', 5199, -53.18, -111.45, 18.56);
insert into STATION values (2705, '-', 5199, -53.31, -111.51, 14.65);
insert into STATION values (2706, '32', 5199, -54.26, -108.97, 15.78);
insert into STATION values (2707, '-', 5199, -54.45, -109.33, 16.20);
insert into STATION values (2708, '-', 5199, -54.93, -110.19, 16.32);
insert into STATION values (2709, '-', 5199, -54.58, -109.34, 15.53);
insert into STATION values (2710, '-', 5199, -54.53, -108.95, 14.21);
insert into STATION values (2711, '33', 5199, -58.27, -109.07, 15.61);
insert into STATION values (2712, '-', 5199, -58.43, -109.29, 16.05);
insert into STATION values (2713, '-', 5199, -57.90, -108.94, 16.52);
insert into STATION values (2714, '-', 5199, -58.34, -108.89, 16.21);
insert into STATION values (2715, '-', 5199, -58.08, -108.66, 15.79);
insert into STATION values (2716, '-', 5199, -58.35, -108.38, 13.13);
insert into STATION values (2717, '34', 5199, -59.56, -108.63, 13.24);
insert into STATION values (2718, '-', 5199, -59.74, -109.04, 13.20);
insert into STATION values (2719, '-', 5199, -59.77, -108.70, 12.01);
insert into STATION values (2720, '-', 5199, -59.64, -108.12, 13.35);
insert into STATION values (2721, '-', 5199, -59.79, -108.77, 16.44);
insert into STATION values (2722, '35', 5199, -62.30, -108.83, 12.80);
insert into STATION values (2723, '-', 5199, -61.91, -108.64, 14.77);
insert into STATION values (2724, '-', 5199, -61.96, -108.63, 12.80);
insert into STATION values (2725, '-', 5199, -62.21, -108.66, 11.27);
insert into STATION values (2726, '36', 5199, -61.71, -107.10, 12.09);
insert into STATION values (2727, '-', 5199, -62.06, -107.33, 14.25);
insert into STATION values (2728, '-', 5199, -61.93, -107.38, 12.05);
insert into STATION values (2729, '-', 5199, -62.12, -107.06, 10.90);
insert into STATION values (2730, '37', 5199, -63.03, -107.56, 10.87);
insert into STATION values (2731, '-', 5199, -63.19, -107.65, 13.49);
insert into STATION values (2732, '-', 5199, -62.69, -108.15, 10.84);
insert into STATION values (2733, '-', 5199, -62.89, -107.88, 9.61);
insert into STATION values (2734, '38', 5199, -63.25, -108.70, 10.49);
insert into STATION values (2735, '-', 5199, -63.89, -108.45, 13.30);
insert into STATION values (2736, '-', 5199, -63.87, -108.47, 9.04);
insert into STATION values (2737, '-', 5199, -63.63, -108.09, 10.58);
insert into STATION values (2738, '39', 5199, -64.75, -108.08, 10.49);
insert into STATION values (2739, '-', 5199, -64.73, -108.41, 13.02);
insert into STATION values (2740, '-', 5199, -64.99, -108.45, 10.51);
insert into STATION values (2741, '-', 5199, -65.48, -108.15, 8.07);
insert into STATION values (2742, '40', 5199, -66.20, -106.54, 10.67);
insert into STATION values (2743, '-', 5199, -66.44, -106.74, 11.40);
insert into STATION values (2744, '-', 5199, -66.79, -107.32, 10.73);
insert into STATION values (2745, '-', 5199, -66.27, -106.82, 7.92);
insert into STATION values (2746, '41', 5199, -66.60, -106.62, 11.24);
insert into STATION values (2747, '-', 5199, -67.09, -107.13, 7.72);
insert into STATION values (2748, '-', 5199, -66.95, -106.91, 10.57);
insert into STATION values (2749, '-', 5199, -66.55, -106.53, 10.73);
insert into STATION values (2750, '42', 5199, -69.86, -105.63, 9.60);
insert into STATION values (2751, '-', 5199, -69.96, -105.82, 10.18);
insert into STATION values (2752, '-', 5199, -70.25, -106.09, 9.50);
insert into STATION values (2753, '-', 5199, -70.36, -105.88, 6.89);
insert into STATION values (2754, '43', 5199, -70.44, -104.32, 9.95);
insert into STATION values (2755, '0', 5748, -195.04, 177.71, -97.96);
insert into STATION values (2756, '1', 5748, -186.61, 183.61, -101.86);
insert into STATION values (2757, '2', 5748, -183.00, 182.97, -103.46);
insert into STATION values (2758, '3', 5748, -177.67, 178.50, -104.16);
insert into STATION values (2759, '4', 5748, -168.89, 174.40, -106.66);
insert into STATION values (2760, '5', 5748, -155.12, 169.39, -103.46);
insert into STATION values (2761, '6', 5748, -147.91, 170.02, -100.06);
insert into STATION values (2762, '7', 5748, -128.45, 168.32, -92.36);
insert into STATION values (2763, '8', 5748, -123.82, 162.81, -88.86);
insert into STATION values (2764, '9', 5748, -115.21, 157.84, -84.16);
insert into STATION values (2765, '.', 5748, -195.04, 177.71, -95.96);
insert into STATION values (2766, '.', 5748, -186.61, 183.61, -98.86);
insert into STATION values (2767, '.', 5748, -186.61, 183.61, -103.86);
insert into STATION values (2768, '.', 5748, -183.00, 182.97, -99.46);
insert into STATION values (2769, '.', 5748, -183.00, 182.97, -103.46);
insert into STATION values (2770, '.', 5748, -177.67, 178.50, -102.66);
insert into STATION values (2771, '.', 5748, -177.67, 178.50, -105.16);
insert into STATION values (2772, '.', 5748, -168.89, 174.40, -105.66);
insert into STATION values (2773, '.', 5748, -168.89, 174.40, -107.16);
insert into STATION values (2774, '.', 5748, -155.12, 169.39, -102.96);
insert into STATION values (2775, '.', 5748, -155.12, 169.39, -104.96);
insert into STATION values (2776, '.', 5748, -147.91, 170.02, -99.06);
insert into STATION values (2777, '.', 5748, -147.91, 170.02, -100.06);
insert into STATION values (2778, '.', 5748, -128.45, 168.32, -91.36);
insert into STATION values (2779, '.', 5748, -128.45, 168.32, -92.36);
insert into STATION values (2780, '.', 5748, -123.82, 162.81, -88.86);
insert into STATION values (2781, '.', 5748, -123.82, 162.81, -89.86);
insert into STATION values (2782, '10', 5748, -250.24, 136.64, -82.96);
insert into STATION values (2783, '11', 5748, -247.88, 145.45, -87.06);
insert into STATION values (2784, '12', 5748, -241.03, 149.40, -88.26);
insert into STATION values (2785, '13', 5748, -239.54, 154.99, -89.86);
insert into STATION values (2786, '14', 5748, -234.26, 162.53, -93.76);
insert into STATION values (2787, '15', 5748, -232.44, 172.82, -99.66);
insert into STATION values (2788, '16', 5748, -233.65, 179.68, -100.36);
insert into STATION values (2789, '17', 5748, -232.90, 188.32, -102.76);
insert into STATION values (2790, '18', 5748, -228.31, 192.17, -103.16);
insert into STATION values (2791, '19', 5748, -215.68, 193.28, -106.06);
insert into STATION values (2792, '20', 5748, -210.78, 187.43, -103.66);
insert into STATION values (2793, '21', 5748, -204.68, 176.87, -99.16);
insert into STATION values (2794, '22', 5748, -198.98, 177.37, -97.36);
insert into STATION values (2795, '.', 5748, -250.24, 136.64, -81.46);
insert into STATION values (2796, '.', 5748, -250.24, 136.64, -82.96);
insert into STATION values (2797, '.', 5748, -247.88, 145.45, -86.06);
insert into STATION values (2798, '.', 5748, -247.88, 145.45, -87.06);
insert into STATION values (2799, '.', 5748, -241.03, 149.40, -87.26);
insert into STATION values (2800, '.', 5748, -241.03, 149.40, -88.26);
insert into STATION values (2801, '.', 5748, -239.54, 154.99, -88.86);
insert into STATION values (2802, '.', 5748, -239.54, 154.99, -89.86);
insert into STATION values (2803, '.', 5748, -234.26, 162.53, -92.76);
insert into STATION values (2804, '.', 5748, -234.26, 162.53, -93.76);
insert into STATION values (2805, '.', 5748, -232.44, 172.82, -98.16);
insert into STATION values (2806, '.', 5748, -232.44, 172.82, -99.66);
insert into STATION values (2807, '.', 5748, -233.65, 179.68, -98.36);
insert into STATION values (2808, '.', 5748, -233.65, 179.68, -100.36);
insert into STATION values (2809, '.', 5748, -232.90, 188.32, -100.76);
insert into STATION values (2810, '.', 5748, -232.90, 188.32, -102.76);
insert into STATION values (2811, '.', 5748, -228.31, 192.17, -101.16);
insert into STATION values (2812, '.', 5748, -228.31, 192.17, -103.16);
insert into STATION values (2813, '.', 5748, -215.68, 193.28, -104.06);
insert into STATION values (2814, '.', 5748, -215.68, 193.28, -106.06);
insert into STATION values (2815, '.', 5748, -210.78, 187.43, -101.66);
insert into STATION values (2816, '.', 5748, -210.78, 187.43, -103.66);
insert into STATION values (2817, '.', 5748, -204.68, 176.87, -97.16);
insert into STATION values (2818, '.', 5748, -204.68, 176.87, -99.16);
insert into STATION values (2819, '.', 5748, -198.98, 177.37, -95.86);
insert into STATION values (2820, '.', 5748, -198.98, 177.37, -97.36);
insert into STATION values (2821, '163', 5996, -47.61, 63.00, -40.10);
insert into STATION values (2822, 'a1', 5996, -48.47, 67.18, -40.30);
insert into STATION values (2823, '.', 5996, -48.66, 67.35, -39.36);
insert into STATION values (2824, '.', 5996, -48.73, 69.43, -40.57);
insert into STATION values (2825, 'a2', 5996, -59.83, 72.19, -45.75);
insert into STATION values (2826, '.', 5996, -59.21, 72.75, -42.97);
insert into STATION values (2827, '.', 5996, -60.06, 70.33, -45.37);
insert into STATION values (2828, '.', 5996, -58.40, 71.36, -43.27);
insert into STATION values (2829, '.', 5996, -56.44, 70.38, -43.52);
insert into STATION values (2830, '.', 5996, -59.76, 72.20, -46.12);
insert into STATION values (2831, '.', 5996, -59.71, 77.93, -45.68);
insert into STATION values (2832, 'a3', 5996, -60.61, 67.39, -45.58);
insert into STATION values (2833, '.', 5996, -60.84, 67.49, -45.21);
insert into STATION values (2834, '.', 5996, -61.46, 67.95, -45.56);
insert into STATION values (2835, '.', 5996, -60.61, 67.36, -46.07);
insert into STATION values (2836, '.', 5996, -60.35, 67.90, -45.12);
insert into STATION values (2837, '.', 5996, -61.32, 67.08, -45.41);
insert into STATION values (2838, '.', 5996, -61.04, 66.21, -45.76);
insert into STATION values (2839, '.', 5996, -60.39, 67.03, -45.82);
insert into STATION values (2840, '.', 5996, -62.57, 68.11, -46.01);
insert into STATION values (2841, '.', 5996, -59.13, 69.55, -45.47);
insert into STATION values (2842, '.', 5996, -59.43, 70.39, -45.36);
insert into STATION values (2843, '.', 5996, -60.32, 67.88, -45.09);
insert into STATION values (2844, '-', 5996, -60.20, 66.95, -45.58);
insert into STATION values (2845, '-', 5996, -61.44, 68.25, -45.58);
insert into STATION values (2846, '-', 5996, -60.61, 67.39, -45.48);
insert into STATION values (2847, '-', 5996, -60.61, 67.39, -46.18);
insert into STATION values (2848, 'a4', 5996, -64.88, 63.31, -44.22);
insert into STATION values (2849, '-', 5996, -63.56, 64.03, -44.22);
insert into STATION values (2850, '-', 5996, -65.93, 62.74, -44.22);
insert into STATION values (2851, '-', 5996, -64.88, 63.31, -42.62);
insert into STATION values (2852, '-', 5996, -64.88, 63.31, -44.62);
insert into STATION values (2853, 'a5', 5996, -63.30, 60.41, -43.67);
insert into STATION values (2854, '-', 5996, -61.83, 59.06, -43.67);
insert into STATION values (2855, '-', 5996, -64.40, 61.42, -43.67);
insert into STATION values (2856, '-', 5996, -63.30, 60.41, -43.37);
insert into STATION values (2857, '-', 5996, -63.30, 60.41, -43.67);
insert into STATION values (2858, 'a6', 5996, -67.47, 55.87, -43.04);
insert into STATION values (2859, '-', 5996, -67.62, 53.87, -43.04);
insert into STATION values (2860, '-', 5996, -67.44, 56.37, -43.04);
insert into STATION values (2861, '-', 5996, -67.47, 55.87, -43.04);
insert into STATION values (2862, '-', 5996, -67.47, 55.87, -43.39);
insert into STATION values (2863, 'a7', 5996, -70.59, 56.09, -42.85);
insert into STATION values (2864, '-', 5996, -61.82, 66.50, -45.58);
insert into STATION values (2865, '-', 5996, -60.45, 67.50, -45.58);
insert into STATION values (2866, '-', 5996, -60.61, 67.39, -44.58);
insert into STATION values (2867, '-', 5996, -60.61, 67.39, -45.78);
insert into STATION values (2868, 'a8', 5996, -65.84, 74.21, -48.84);
insert into STATION values (2869, '-', 5996, -65.42, 73.95, -48.84);
insert into STATION values (2870, '-', 5996, -66.69, 74.75, -48.84);
insert into STATION values (2871, '-', 5996, -65.84, 74.21, -48.84);
insert into STATION values (2872, '-', 5996, -65.84, 74.21, -49.28);
insert into STATION values (2873, 'a9', 5996, -67.50, 71.51, -48.20);
insert into STATION values (2874, '-', 5996, -66.62, 70.44, -48.20);
insert into STATION values (2875, '-', 5996, -67.66, 71.71, -48.20);
insert into STATION values (2876, '-', 5996, -67.50, 71.51, -48.00);
insert into STATION values (2877, '-', 5996, -67.50, 71.51, -49.10);
insert into STATION values (2878, 'a10', 5996, -72.27, 67.43, -48.19);
insert into STATION values (2879, '-', 5996, -70.28, 67.26, -48.19);
insert into STATION values (2880, '-', 5996, -73.77, 67.56, -48.19);
insert into STATION values (2881, '-', 5996, -72.27, 67.43, -47.89);
insert into STATION values (2882, '-', 5996, -72.27, 67.43, -48.24);
insert into STATION values (2883, 'a11', 5996, -72.46, 65.08, -47.86);
insert into STATION values (2884, '-', 5996, -71.68, 63.80, -47.86);
insert into STATION values (2885, '-', 5996, -73.50, 66.79, -47.86);
insert into STATION values (2886, '-', 5996, -72.46, 65.08, -47.26);
insert into STATION values (2887, '-', 5996, -72.46, 65.08, -47.86);
insert into STATION values (2888, 'a12', 5996, -76.92, 62.25, -45.78);
insert into STATION values (2889, '-', 5996, -75.83, 58.40, -45.78);
insert into STATION values (2890, '-', 5996, -77.46, 64.18, -45.78);
insert into STATION values (2891, '-', 5996, -76.92, 62.25, -45.78);
insert into STATION values (2892, '-', 5996, -76.92, 62.25, -46.13);
insert into STATION values (2893, 'a13', 5996, -79.66, 61.42, -44.98);
insert into STATION values (2894, '-', 5996, -78.91, 59.57, -44.98);
insert into STATION values (2895, '-', 5996, -80.41, 63.28, -44.98);
insert into STATION values (2896, '-', 5996, -79.66, 61.42, -44.88);
insert into STATION values (2897, '-', 5996, -79.66, 61.42, -45.38);
insert into STATION values (2898, 'a14', 5996, -82.51, 60.22, -44.55);
insert into STATION values (2899, '-', 5996, -82.93, 57.75, -44.55);
insert into STATION values (2900, '-', 5996, -82.30, 61.45, -44.55);
insert into STATION values (2901, '-', 5996, -82.51, 60.22, -44.05);
insert into STATION values (2902, '-', 5996, -82.51, 60.22, -44.55);
insert into STATION values (2903, 'a15', 5996, -85.59, 60.69, -45.00);
insert into STATION values (2904, '-', 5996, -85.68, 59.20, -45.00);
insert into STATION values (2905, '-', 5996, -85.48, 62.69, -45.00);
insert into STATION values (2906, '-', 5996, -85.59, 60.69, -44.60);
insert into STATION values (2907, '-', 5996, -85.59, 60.69, -45.10);
insert into STATION values (2908, 'a16', 5996, -88.39, 60.81, -44.07);
insert into STATION values (2909, '-', 5996, -87.45, 60.06, -44.07);
insert into STATION values (2910, '-', 5996, -89.17, 61.44, -44.07);
insert into STATION values (2911, '-', 5996, -88.39, 60.81, -44.07);
insert into STATION values (2912, '-', 5996, -88.39, 60.81, -44.77);
insert into STATION values (2913, 'a17', 5996, -91.43, 56.91, -43.48);
insert into STATION values (2914, '-', 5996, -91.87, 56.02, -43.48);
insert into STATION values (2915, '-', 5996, -90.99, 57.81, -43.48);
insert into STATION values (2916, '-', 5996, -91.43, 56.91, -43.48);
insert into STATION values (2917, '-', 5996, -91.43, 56.91, -43.98);
insert into STATION values (2918, 'a18', 5996, -96.83, 59.58, -46.33);
insert into STATION values (2919, '-', 5996, -98.14, 58.85, -46.33);
insert into STATION values (2920, '-', 5996, -95.96, 60.08, -46.33);
insert into STATION values (2921, '-', 5996, -96.83, 59.58, -44.53);
insert into STATION values (2922, '-', 5996, -96.83, 59.58, -46.83);
insert into STATION values (2923, 'a19', 5996, -98.51, 62.54, -47.16);
insert into STATION values (2924, '-', 5996, -99.29, 61.92, -47.16);
insert into STATION values (2925, '-', 5996, -97.96, 62.98, -47.16);
insert into STATION values (2926, '-', 5996, -98.51, 62.54, -46.46);
insert into STATION values (2927, '-', 5996, -98.51, 62.54, -47.26);
insert into STATION values (2928, 'a20', 5996, -103.67, 69.05, -49.40);
insert into STATION values (2929, '-', 5996, -104.24, 68.23, -49.40);
insert into STATION values (2930, '-', 5996, -103.15, 69.79, -49.40);
insert into STATION values (2931, '-', 5996, -103.67, 69.05, -48.80);
insert into STATION values (2932, '-', 5996, -103.67, 69.05, -49.50);
insert into STATION values (2933, 'a21', 5996, -110.22, 73.64, -51.91);
insert into STATION values (2934, '-', 5996, -110.26, 73.45, -51.91);
insert into STATION values (2935, '-', 5996, -110.02, 74.83, -51.91);
insert into STATION values (2936, '-', 5996, -110.22, 73.64, -51.41);
insert into STATION values (2937, '-', 5996, -110.22, 73.64, -52.41);
insert into STATION values (2938, 'a22', 5996, -115.51, 74.57, -53.78);
insert into STATION values (2939, '-', 5996, -116.21, 74.20, -53.78);
insert into STATION values (2940, '-', 5996, -114.80, 74.95, -53.78);
insert into STATION values (2941, '-', 5996, -115.51, 74.57, -52.98);
insert into STATION values (2942, '-', 5996, -115.51, 74.57, -53.78);
insert into STATION values (2943, 'a23', 5996, -118.89, 80.89, -54.53);
insert into STATION values (2944, '-', 5996, -119.38, 80.79, -54.53);
insert into STATION values (2945, '-', 5996, -118.60, 80.94, -54.53);
insert into STATION values (2946, '-', 5996, -118.89, 80.89, -54.53);
insert into STATION values (2947, '-', 5996, -118.89, 80.89, -55.03);
insert into STATION values (2948, 'a24', 5996, -120.25, 87.89, -54.74);
insert into STATION values (2949, '-', 5996, -121.30, 86.97, -54.74);
insert into STATION values (2950, '-', 5996, -119.80, 88.29, -54.74);
insert into STATION values (2951, '-', 5996, -120.25, 87.89, -54.34);
insert into STATION values (2952, '-', 5996, -120.25, 87.89, -54.74);
insert into STATION values (2953, 'a25', 5996, -123.62, 91.73, -56.12);
insert into STATION values (2954, '-', 5996, -123.80, 91.63, -56.12);
insert into STATION values (2955, '-', 5996, -122.77, 92.24, -56.12);
insert into STATION values (2956, '-', 5996, -123.62, 91.73, -55.52);
insert into STATION values (2957, '-', 5996, -123.62, 91.73, -56.72);
insert into STATION values (2958, 'a26', 5996, -128.34, 99.60, -58.12);
insert into STATION values (2959, '-', 5996, -128.98, 99.12, -58.12);
insert into STATION values (2960, '-', 5996, -127.53, 100.20, -58.12);
insert into STATION values (2961, '-', 5996, -128.34, 99.60, -57.92);
insert into STATION values (2962, '-', 5996, -128.34, 99.60, -58.42);
insert into STATION values (2963, 'a27', 5996, -130.12, 102.02, -59.18);
insert into STATION values (2964, '-', 5996, -130.92, 101.99, -59.18);
insert into STATION values (2965, '-', 5996, -129.12, 102.05, -59.18);
insert into STATION values (2966, '-', 5996, -130.12, 102.02, -58.68);
insert into STATION values (2967, '-', 5996, -130.12, 102.02, -59.28);
insert into STATION values (2968, 'a28', 5996, -130.45, 112.36, -63.47);
insert into STATION values (2969, '-', 5996, -131.37, 111.96, -63.47);
insert into STATION values (2970, '-', 5996, -130.27, 112.44, -63.47);
insert into STATION values (2971, '-', 5996, -130.45, 112.36, -62.87);
insert into STATION values (2972, '-', 5996, -130.45, 112.36, -63.87);
insert into STATION values (2973, 'a29', 5996, -132.40, 116.86, -64.29);
insert into STATION values (2974, '-', 5996, -132.99, 115.81, -64.29);
insert into STATION values (2975, '-', 5996, -132.11, 117.38, -64.29);
insert into STATION values (2976, '-', 5996, -132.40, 116.86, -63.69);
insert into STATION values (2977, '-', 5996, -132.40, 116.86, -64.29);
insert into STATION values (2978, 'a30', 5996, -139.39, 120.81, -66.73);
insert into STATION values (2979, '-', 5996, -140.04, 120.34, -66.73);
insert into STATION values (2980, '-', 5996, -138.90, 121.16, -66.73);
insert into STATION values (2981, '-', 5996, -139.39, 120.81, -66.13);
insert into STATION values (2982, '-', 5996, -139.39, 120.81, -66.73);
insert into STATION values (2983, 'a31', 5996, -144.36, 127.64, -68.76);
insert into STATION values (2984, '-', 5996, -145.32, 127.37, -68.76);
insert into STATION values (2985, '-', 5996, -142.63, 128.15, -68.76);
insert into STATION values (2986, '-', 5996, -144.36, 127.64, -68.46);
insert into STATION values (2987, '-', 5996, -144.36, 127.64, -69.16);
insert into STATION values (2988, 'a32', 5996, -145.37, 131.12, -69.46);
insert into STATION values (2989, '-', 5996, -145.57, 130.56, -69.46);
insert into STATION values (2990, '-', 5996, -145.09, 131.87, -69.46);
insert into STATION values (2991, '-', 5996, -145.37, 131.12, -69.26);
insert into STATION values (2992, '-', 5996, -145.37, 131.12, -69.86);
insert into STATION values (2993, 'a33', 5996, -149.12, 132.51, -70.20);
insert into STATION values (2994, '-', 5996, -149.56, 132.09, -70.20);
insert into STATION values (2995, '-', 5996, -148.55, 133.06, -70.20);
insert into STATION values (2996, '-', 5996, -149.12, 132.51, -70.20);
insert into STATION values (2997, '-', 5996, -149.12, 132.51, -70.60);
insert into STATION values (2998, 'a34', 5996, -152.36, 135.84, -71.22);
insert into STATION values (2999, '-', 5996, -152.36, 135.84, -71.22);
insert into STATION values (3000, '-', 5996, -151.87, 136.71, -71.22);
insert into STATION values (3001, '-', 5996, -152.36, 135.84, -70.42);
insert into STATION values (3002, '-', 5996, -152.36, 135.84, -71.42);
insert into STATION values (3003, 'a35', 5996, -160.09, 140.24, -72.95);
insert into STATION values (3004, '-', 5996, -91.10, 57.14, -43.48);
insert into STATION values (3005, '-', 5996, -92.25, 56.34, -43.48);
insert into STATION values (3006, '-', 5996, -91.43, 56.91, -42.88);
insert into STATION values (3007, '-', 5996, -91.43, 56.91, -43.78);
insert into STATION values (3008, 'a36', 5996, -89.97, 54.81, -42.98);
insert into STATION values (3009, '-', 5996, -89.05, 55.20, -42.98);
insert into STATION values (3010, '-', 5996, -90.43, 54.62, -42.98);
insert into STATION values (3011, '-', 5996, -89.97, 54.81, -42.58);
insert into STATION values (3012, '-', 5996, -89.97, 54.81, -43.38);
insert into STATION values (3013, 'a37', 5996, -88.13, 50.38, -41.24);
insert into STATION values (3014, '-', 5996, -87.49, 50.85, -41.24);
insert into STATION values (3015, '-', 5996, -88.77, 49.90, -41.24);
insert into STATION values (3016, '-', 5996, -88.13, 50.38, -40.54);
insert into STATION values (3017, '-', 5996, -88.13, 50.38, -41.54);
insert into STATION values (3018, 'a38', 5996, -85.32, 46.51, -39.85);
insert into STATION values (3019, '-', 5996, -85.02, 46.91, -39.85);
insert into STATION values (3020, '-', 5996, -85.91, 45.70, -39.85);
insert into STATION values (3021, '-', 5996, -85.32, 46.51, -39.35);
insert into STATION values (3022, '-', 5996, -85.32, 46.51, -40.15);
insert into STATION values (3023, 'a39', 5996, -82.78, 44.60, -38.48);
insert into STATION values (3024, '-', 5996, -82.09, 44.68, -38.48);
insert into STATION values (3025, '-', 5996, -83.97, 44.47, -38.48);
insert into STATION values (3026, '-', 5996, -82.78, 44.60, -38.38);
insert into STATION values (3027, '-', 5996, -82.78, 44.60, -38.88);
insert into STATION values (3028, 'a40', 5996, -82.11, 38.74, -36.48);
insert into STATION values (3029, '-', 5996, -81.11, 38.64, -36.48);
insert into STATION values (3030, '-', 5996, -83.60, 38.89, -36.48);
insert into STATION values (3031, '-', 5996, -82.11, 38.74, -35.88);
insert into STATION values (3032, '-', 5996, -82.11, 38.74, -36.48);
insert into STATION values (3033, 'a41', 5996, -82.66, 32.68, -35.37);
insert into STATION values (3034, '-', 5996, -82.23, 33.23, -35.37);
insert into STATION values (3035, '-', 5996, -82.91, 32.37, -35.37);
insert into STATION values (3036, '-', 5996, -82.66, 32.68, -34.97);
insert into STATION values (3037, '-', 5996, -82.66, 32.68, -35.57);
insert into STATION values (3038, 'a42', 5996, -80.78, 31.18, -34.32);
insert into STATION values (3039, '-', 5996, -80.69, 31.87, -34.32);
insert into STATION values (3040, '-', 5996, -80.83, 30.78, -34.32);
insert into STATION values (3041, '-', 5996, -80.78, 31.18, -34.12);
insert into STATION values (3042, '-', 5996, -80.78, 31.18, -34.62);
insert into STATION values (3043, 'a43', 5996, -78.33, 30.81, -33.36);
insert into STATION values (3044, '-', 5996, -78.42, 30.99, -33.36);
insert into STATION values (3045, '-', 5996, -78.04, 30.28, -33.36);
insert into STATION values (3046, '-', 5996, -78.33, 30.81, -32.66);
insert into STATION values (3047, '-', 5996, -78.33, 30.81, -33.46);
insert into STATION values (3048, 'a44', 5996, -76.01, 32.01, -32.37);
insert into STATION values (3049, '-', 5996, -76.56, 32.59, -32.37);
insert into STATION values (3050, '-', 5996, -76.01, 32.01, -32.37);
insert into STATION values (3051, '-', 5996, -76.01, 32.01, -31.97);
insert into STATION values (3052, '-', 5996, -76.01, 32.01, -32.67);
insert into STATION values (3053, 'a45', 5996, -74.66, 33.25, -31.25);
insert into STATION values (3054, '-', 5996, -74.17, 33.88, -31.25);
insert into STATION values (3055, '-', 5996, -74.66, 33.25, -31.25);
insert into STATION values (3056, '-', 5996, -74.66, 33.25, -30.95);
insert into STATION values (3057, '-', 5996, -74.66, 33.25, -31.65);
insert into STATION values (3058, 'a46', 5996, -73.21, 32.12, -30.36);
insert into STATION values (3059, '-', 5996, -73.05, 32.91, -30.36);
insert into STATION values (3060, '-', 5996, -73.21, 32.12, -30.36);
insert into STATION values (3061, '-', 5996, -73.21, 32.12, -30.06);
insert into STATION values (3062, '-', 5996, -73.21, 32.12, -30.76);
insert into STATION values (3063, 'a47', 5996, -71.42, 31.73, -29.86);
insert into STATION values (3064, 'a48', 5996, -68.93, 32.73, -30.00);
insert into STATION values (3065, 'a49', 5996, -66.54, 29.54, -27.97);
insert into STATION values (3066, 'a50', 5996, -68.74, 24.80, -26.75);
insert into STATION values (3067, 'a51', 5996, -63.26, 77.94, -48.52);
insert into STATION values (3068, '-', 5996, -64.36, 77.98, -48.52);
insert into STATION values (3069, '-', 5996, -62.96, 77.92, -48.52);
insert into STATION values (3070, '-', 5996, -63.26, 77.94, -48.22);
insert into STATION values (3071, '-', 5996, -63.26, 77.94, -49.32);
insert into STATION values (3072, 'a52', 5996, -63.27, 81.33, -49.07);
insert into STATION values (3073, '-', 5996, -64.22, 81.03, -49.07);
insert into STATION values (3074, '-', 5996, -62.32, 81.63, -49.07);
insert into STATION values (3075, '-', 5996, -63.27, 81.33, -49.07);
insert into STATION values (3076, '-', 5996, -63.27, 81.33, -49.67);
insert into STATION values (3077, 'a53', 5996, -64.61, 85.22, -49.95);
insert into STATION values (3078, 'a54', 5996, -61.83, 88.59, -49.96);
insert into STATION values (3079, '-', 5996, -65.70, 86.26, -49.95);
insert into STATION values (3080, '-', 5996, -63.53, 84.19, -49.95);
insert into STATION values (3081, '-', 5996, -64.61, 85.22, -49.35);
insert into STATION values (3082, '-', 5996, -64.61, 85.22, -50.35);
insert into STATION values (3083, 'a55', 5996, -62.00, 93.59, -50.56);
insert into STATION values (3084, '207', 5996, -67.04, 106.49, -55.65);
insert into STATION values (3085, '74', 6590, -106.45, -36.96, -13.17);
insert into STATION values (3086, '.', 6590, -113.05, -35.36, -16.20);
insert into STATION values (3087, '1', 6590, -103.43, -37.36, -16.00);
insert into STATION values (3088, '.', 6590, -103.59, -36.56, -16.02);
insert into STATION values (3089, '.', 6590, -103.30, -37.23, -15.43);
insert into STATION values (3090, '.', 6590, -103.04, -37.35, -15.96);
insert into STATION values (3091, '.', 6590, -102.59, -36.53, -16.07);
insert into STATION values (3092, '.', 6590, -102.51, -35.05, -17.09);
insert into STATION values (3093, '.', 6590, -102.76, -36.34, -16.66);
insert into STATION values (3094, '.', 6590, -104.04, -37.46, -15.22);
insert into STATION values (3095, '.', 6590, -104.05, -37.31, -15.94);
insert into STATION values (3096, '.', 6590, -104.37, -36.27, -15.48);
insert into STATION values (3097, '.', 6590, -104.93, -36.74, -15.09);
insert into STATION values (3098, '2', 6590, -103.20, -34.54, -18.20);
insert into STATION values (3099, '.', 6590, -104.00, -34.77, -18.37);
insert into STATION values (3100, '.', 6590, -103.94, -34.80, -19.27);
insert into STATION values (3101, '.', 6590, -104.42, -34.10, -19.57);
insert into STATION values (3102, '.', 6590, -103.94, -33.29, -19.36);
insert into STATION values (3103, '.', 6590, -103.59, -34.10, -19.16);
insert into STATION values (3104, '.', 6590, -103.14, -34.83, -18.53);
insert into STATION values (3105, '.', 6590, -102.81, -34.80, -17.87);
insert into STATION values (3106, '.', 6590, -103.33, -34.73, -17.58);
insert into STATION values (3107, '.', 6590, -104.92, -32.65, -20.64);
insert into STATION values (3108, '.', 6590, -105.18, -32.60, -20.38);
insert into STATION values (3109, '.', 6590, -104.83, -32.53, -20.30);
insert into STATION values (3110, '.', 6590, -104.40, -33.95, -19.28);
insert into STATION values (3111, '.', 6590, -104.82, -33.55, -20.15);
insert into STATION values (3112, '.', 6590, -105.62, -32.32, -20.85);
insert into STATION values (3113, '3', 6590, -105.68, -32.36, -20.83);
insert into STATION values (3114, '.', 6590, -105.65, -33.75, -20.33);
insert into STATION values (3115, '.', 6590, -106.15, -32.97, -21.15);
insert into STATION values (3116, '.', 6590, -105.82, -32.71, -22.39);
insert into STATION values (3117, '.', 6590, -106.31, -32.21, -21.55);
insert into STATION values (3118, '.', 6590, -105.35, -32.23, -20.89);
insert into STATION values (3119, '.', 6590, -105.57, -32.16, -21.18);
insert into STATION values (3120, '.', 6590, -107.43, -32.77, -22.96);
insert into STATION values (3121, '.', 6590, -108.32, -32.62, -23.83);
insert into STATION values (3122, '.', 6590, -106.84, -32.36, -22.23);
insert into STATION values (3123, '.', 6590, -107.10, -32.48, -23.31);
insert into STATION values (3124, '4', 6590, -109.22, -33.24, -25.17);
insert into STATION values (3125, '.', 6590, -108.99, -33.97, -24.96);
insert into STATION values (3126, '.', 6590, -108.74, -33.68, -24.99);
insert into STATION values (3127, '.', 6590, -108.13, -33.68, -24.03);
insert into STATION values (3128, '.', 6590, -109.11, -32.51, -25.08);
insert into STATION values (3129, '.', 6590, -109.61, -32.53, -26.13);
insert into STATION values (3130, '.', 6590, -110.54, -33.31, -27.36);
insert into STATION values (3131, '5', 6590, -110.97, -32.44, -27.89);
insert into STATION values (3132, '.', 6590, -111.22, -33.00, -27.85);
insert into STATION values (3133, '.', 6590, -111.90, -34.02, -27.44);
insert into STATION values (3134, '.', 6590, -111.04, -32.38, -27.35);
insert into STATION values (3135, '.', 6590, -109.69, -34.36, -25.40);
insert into STATION values (3136, '.', 6590, -110.17, -33.25, -27.49);
insert into STATION values (3137, '.', 6590, -111.50, -32.20, -27.89);
insert into STATION values (3138, '.', 6590, -110.30, -31.02, -27.51);
insert into STATION values (3139, '.', 6590, -110.05, -32.86, -27.12);
insert into STATION values (3140, '6', 6590, -112.96, -34.11, -29.03);
insert into STATION values (3141, '.', 6590, -112.39, -34.39, -29.08);
insert into STATION values (3142, '.', 6590, -112.96, -34.06, -29.79);
insert into STATION values (3143, '.', 6590, -113.11, -34.00, -29.01);
insert into STATION values (3144, '.', 6590, -112.91, -34.17, -28.84);
insert into STATION values (3145, '.', 6590, -111.85, -34.12, -28.39);
insert into STATION values (3146, '.', 6590, -111.68, -33.82, -28.43);
insert into STATION values (3147, '.', 6590, -111.89, -33.56, -29.40);
insert into STATION values (3148, '.', 6590, -112.95, -32.82, -29.12);
insert into STATION values (3149, '.', 6590, -114.27, -37.38, -30.91);
insert into STATION values (3150, '.', 6590, -114.26, -37.36, -30.90);
insert into STATION values (3151, '.', 6590, -114.86, -38.88, -31.79);
insert into STATION values (3152, '.', 6590, -113.19, -34.00, -28.46);
insert into STATION values (3153, '.', 6590, -113.83, -33.73, -28.92);
insert into STATION values (3154, '.', 6590, -112.53, -34.51, -28.46);
insert into STATION values (3155, '.', 6590, -112.83, -34.28, -28.36);
insert into STATION values (3156, '.', 6590, -114.08, -34.59, -29.03);
insert into STATION values (3157, '.', 6590, -115.28, -35.82, -29.43);
insert into STATION values (3158, '.', 6590, -115.54, -36.88, -29.59);
insert into STATION values (3159, '.', 6590, -114.92, -35.56, -29.84);
insert into STATION values (3160, '.', 6590, -114.14, -34.21, -29.54);
insert into STATION values (3161, '.', 6590, -113.16, -35.36, -28.82);
insert into STATION values (3162, '.', 6590, -112.15, -34.28, -27.92);
insert into STATION values (3163, '.', 6590, -113.22, -31.95, -28.28);
insert into STATION values (3164, '.', 6590, -111.77, -31.74, -28.04);
insert into STATION values (3165, '.', 6590, -115.15, -36.34, -29.41);
insert into STATION values (3166, '7', 6590, -115.63, -37.29, -29.53);
insert into STATION values (3167, '.', 6590, -115.57, -38.60, -28.94);
insert into STATION values (3168, '.', 6590, -114.72, -37.95, -28.73);
insert into STATION values (3169, '.', 6590, -114.08, -37.78, -29.47);
insert into STATION values (3170, '.', 6590, -114.97, -37.44, -30.04);
insert into STATION values (3171, '.', 6590, -115.57, -37.28, -29.97);
insert into STATION values (3172, '.', 6590, -115.33, -36.77, -29.26);
insert into STATION values (3173, '.', 6590, -115.44, -35.75, -29.90);
insert into STATION values (3174, '.', 6590, -114.59, -39.20, -28.38);
insert into STATION values (3175, '8', 6590, -114.70, -41.03, -29.16);
insert into STATION values (3176, '.', 6590, -115.49, -39.06, -29.49);
insert into STATION values (3177, '.', 6590, -114.61, -38.74, -28.92);
insert into STATION values (3178, '.', 6590, -114.36, -38.89, -29.67);
insert into STATION values (3179, '.', 6590, -115.24, -39.98, -29.56);
insert into STATION values (3180, '.', 6590, -115.51, -40.38, -29.51);
insert into STATION values (3181, '.', 6590, -113.80, -39.00, -29.47);
insert into STATION values (3182, '.', 6590, -113.68, -39.80, -28.84);
insert into STATION values (3183, '.', 6590, -115.80, -40.76, -29.42);
insert into STATION values (3184, '.', 6590, -116.09, -42.38, -29.59);
insert into STATION values (3185, '.', 6590, -114.20, -42.35, -28.75);
insert into STATION values (3186, '.', 6590, -114.36, -41.79, -29.47);
insert into STATION values (3187, '.', 6590, -113.37, -40.43, -29.05);
insert into STATION values (3188, '.', 6590, -113.32, -39.57, -29.25);
insert into STATION values (3189, '.', 6590, -113.81, -40.36, -29.70);
insert into STATION values (3190, '.', 6590, -114.38, -41.10, -29.77);
insert into STATION values (3191, '.', 6590, -114.38, -41.73, -29.55);
insert into STATION values (3192, '9', 6590, -116.71, -44.65, -29.66);
insert into STATION values (3193, '.', 6590, -117.51, -43.58, -29.99);
insert into STATION values (3194, '.', 6590, -117.34, -43.72, -30.57);
insert into STATION values (3195, '.', 6590, -117.13, -43.30, -30.04);
insert into STATION values (3196, '.', 6590, -119.22, -44.27, -30.94);
insert into STATION values (3197, '.', 6590, -118.04, -45.97, -30.06);
insert into STATION values (3198, '.', 6590, -116.12, -45.35, -29.21);
insert into STATION values (3199, '.', 6590, -116.56, -44.86, -29.78);
insert into STATION values (3200, '.', 6590, -116.85, -44.74, -30.41);
insert into STATION values (3201, '.', 6590, -117.79, -45.35, -30.81);
insert into STATION values (3202, '.', 6590, -118.93, -46.20, -30.53);
insert into STATION values (3203, '.', 6590, -119.49, -46.02, -30.75);
insert into STATION values (3204, '.', 6590, -115.53, -44.09, -29.62);
insert into STATION values (3205, '.', 6590, -115.02, -43.30, -29.25);
insert into STATION values (3206, '.', 6590, -115.68, -43.74, -29.83);
insert into STATION values (3207, '10', 6590, -119.38, -46.17, -31.41);
insert into STATION values (3208, '.', 6590, -119.22, -46.37, -30.30);
insert into STATION values (3209, '.', 6590, -118.34, -46.23, -31.03);
insert into STATION values (3210, '.', 6590, -119.64, -46.34, -31.17);
insert into STATION values (3211, '.', 6590, -118.82, -47.01, -31.07);
insert into STATION values (3212, '.', 6590, -118.10, -47.71, -31.57);
insert into STATION values (3213, '.', 6590, -118.06, -47.14, -31.57);
insert into STATION values (3214, '.', 6590, -118.71, -48.82, -31.57);
insert into STATION values (3215, '.', 6590, -119.35, -48.31, -31.46);
insert into STATION values (3216, '11', 6590, -118.03, -48.47, -31.79);
insert into STATION values (3217, '.', 6590, -118.67, -48.73, -31.88);
insert into STATION values (3218, '.', 6590, -118.17, -48.46, -31.43);
insert into STATION values (3219, '.', 6590, -118.76, -48.78, -31.38);
insert into STATION values (3220, '.', 6590, -119.23, -48.22, -31.60);
insert into STATION values (3221, '.', 6590, -118.09, -47.98, -31.76);
insert into STATION values (3222, '.', 6590, -117.96, -48.49, -32.06);
insert into STATION values (3223, '.', 6590, -119.09, -49.39, -31.52);
insert into STATION values (3224, '.', 6590, -118.98, -49.54, -30.97);
insert into STATION values (3225, '.', 6590, -118.79, -50.62, -30.89);
insert into STATION values (3226, '.', 6590, -118.27, -49.90, -31.21);
insert into STATION values (3227, '.', 6590, -119.99, -51.84, -30.96);
insert into STATION values (3228, '.', 6590, -119.75, -51.75, -30.92);
insert into STATION values (3229, '.', 6590, -120.09, -51.06, -30.82);
insert into STATION values (3230, '12', 6590, -121.81, -54.26, -31.11);
insert into STATION values (3231, '.', 6590, -121.15, -53.12, -30.81);
insert into STATION values (3232, '.', 6590, -121.71, -52.76, -30.77);
insert into STATION values (3233, '.', 6590, -121.64, -53.05, -30.31);
insert into STATION values (3234, '.', 6590, -121.90, -53.16, -29.94);
insert into STATION values (3235, '.', 6590, -121.67, -52.93, -31.84);
insert into STATION values (3236, '.', 6590, -121.05, -51.80, -31.34);
insert into STATION values (3237, '.', 6590, -120.62, -52.29, -31.24);
insert into STATION values (3238, '.', 6590, -119.99, -51.00, -31.82);
insert into STATION values (3239, '.', 6590, -120.74, -52.52, -32.11);
insert into STATION values (3240, '.', 6590, -121.76, -54.31, -31.95);
insert into STATION values (3241, '.', 6590, -123.71, -56.14, -31.38);
insert into STATION values (3242, '.', 6590, -124.19, -58.48, -31.94);
insert into STATION values (3243, '.', 6590, -123.30, -57.02, -32.18);
insert into STATION values (3244, '.', 6590, -122.71, -55.69, -31.96);
insert into STATION values (3245, '.', 6590, -122.17, -54.86, -31.83);
insert into STATION values (3246, '.', 6590, -122.39, -55.66, -30.82);
insert into STATION values (3247, '.', 6590, -121.91, -55.56, -31.08);
insert into STATION values (3248, '.', 6590, -122.06, -55.75, -30.50);
insert into STATION values (3249, '.', 6590, -122.17, -54.60, -30.72);
insert into STATION values (3250, '.', 6590, -122.48, -54.29, -30.93);
insert into STATION values (3251, '.', 6590, -122.36, -54.04, -31.13);
insert into STATION values (3252, '.', 6590, -122.36, -53.68, -30.73);
insert into STATION values (3253, '.', 6590, -122.31, -54.15, -31.60);
insert into STATION values (3254, '.', 6590, -122.51, -51.83, -30.05);
insert into STATION values (3255, '.', 6590, -121.96, -52.60, -30.64);
insert into STATION values (3256, '.', 6590, -121.91, -52.95, -30.08);
insert into STATION values (3257, '.', 6590, -122.15, -53.56, -30.82);
insert into STATION values (3258, '.', 6590, -122.08, -53.24, -31.16);
insert into STATION values (3259, '13', 6590, -126.92, -59.95, -32.57);
insert into STATION values (3260, '.', 6590, -126.95, -59.94, -32.34);
insert into STATION values (3261, '.', 6590, -127.29, -59.13, -32.49);
insert into STATION values (3262, '.', 6590, -126.91, -59.86, -32.82);
insert into STATION values (3263, '.', 6590, -127.77, -59.56, -32.63);
insert into STATION values (3264, '.', 6590, -126.79, -59.34, -31.90);
insert into STATION values (3265, '.', 6590, -125.67, -58.37, -31.86);
insert into STATION values (3266, '.', 6590, -125.12, -58.28, -32.12);
insert into STATION values (3267, '.', 6590, -125.22, -57.12, -31.86);
insert into STATION values (3268, '.', 6590, -123.81, -56.67, -31.79);
insert into STATION values (3269, '.', 6590, -124.69, -57.52, -32.49);
insert into STATION values (3270, '.', 6590, -126.74, -58.99, -32.23);
insert into STATION values (3271, '.', 6590, -127.20, -59.16, -32.14);
insert into STATION values (3272, '.', 6590, -127.11, -59.83, -32.18);
insert into STATION values (3273, '.', 6590, -127.64, -59.45, -32.34);
insert into STATION values (3274, '.', 6590, -128.14, -59.79, -32.67);
insert into STATION values (3275, '.', 6590, -127.71, -59.83, -33.04);
insert into STATION values (3276, '.', 6590, -125.33, -58.70, -32.19);
insert into STATION values (3277, '.', 6590, -126.04, -58.88, -31.79);
insert into STATION values (3278, '14', 6590, -129.96, -63.19, -32.87);
insert into STATION values (3279, '.', 6590, -130.18, -63.13, -32.66);
insert into STATION values (3280, '.', 6590, -130.02, -62.01, -32.88);
insert into STATION values (3281, '.', 6590, -129.78, -62.02, -32.76);
insert into STATION values (3282, '.', 6590, -129.40, -61.69, -32.48);
insert into STATION values (3283, '.', 6590, -129.68, -62.53, -32.33);
insert into STATION values (3284, '.', 6590, -129.78, -62.00, -33.02);
insert into STATION values (3285, '.', 6590, -129.10, -62.54, -32.52);
insert into STATION values (3286, '.', 6590, -129.37, -62.32, -33.33);
insert into STATION values (3287, '.', 6590, -128.27, -60.54, -32.29);
insert into STATION values (3288, '.', 6590, -127.62, -59.78, -32.98);
insert into STATION values (3289, '.', 6590, -128.08, -61.22, -32.74);
insert into STATION values (3290, '.', 6590, -128.44, -60.63, -32.57);
insert into STATION values (3291, '.', 6590, -130.57, -62.13, -33.69);
insert into STATION values (3292, '15', 6590, -130.82, -60.99, -33.57);
insert into STATION values (3293, '.', 6590, -131.26, -61.10, -33.84);
insert into STATION values (3294, '.', 6590, -130.77, -61.00, -34.11);
insert into STATION values (3295, '.', 6590, -130.45, -60.91, -33.75);
insert into STATION values (3296, '.', 6590, -130.88, -62.51, -33.43);
insert into STATION values (3297, '.', 6590, -130.04, -62.55, -33.63);
insert into STATION values (3298, '.', 6590, -131.34, -62.50, -34.04);
insert into STATION values (3299, '.', 6590, -131.04, -62.79, -33.95);
insert into STATION values (3300, '.', 6590, -131.82, -62.88, -34.07);
insert into STATION values (3301, '.', 6590, -132.28, -62.74, -34.01);
insert into STATION values (3302, '.', 6590, -132.06, -62.02, -34.22);
insert into STATION values (3303, '.', 6590, -131.89, -61.55, -34.41);
insert into STATION values (3304, '.', 6590, -130.79, -62.34, -34.40);
insert into STATION values (3305, '.', 6590, -130.69, -61.12, -34.12);
insert into STATION values (3306, '.', 6590, -130.66, -61.77, -33.20);
insert into STATION values (3307, '.', 6590, -129.92, -63.20, -32.65);
insert into STATION values (3308, '16', 6590, -133.59, -63.76, -34.16);
insert into STATION values (3309, '.', 6590, -133.75, -63.84, -33.59);
insert into STATION values (3310, '.', 6590, -133.98, -63.04, -32.31);
insert into STATION values (3311, '.', 6590, -134.43, -62.39, -33.06);
insert into STATION values (3312, '.', 6590, -133.94, -63.15, -33.90);
insert into STATION values (3313, '.', 6590, -134.23, -63.53, -33.86);
insert into STATION values (3314, '.', 6590, -135.70, -63.99, -34.35);
insert into STATION values (3315, '.', 6590, -136.49, -64.38, -34.87);
insert into STATION values (3316, '.', 6590, -137.74, -64.29, -35.31);
insert into STATION values (3317, '.', 6590, -137.68, -63.93, -35.17);
insert into STATION values (3318, '.', 6590, -134.65, -64.32, -34.33);
insert into STATION values (3319, '.', 6590, -135.46, -64.33, -34.57);
insert into STATION values (3320, '.', 6590, -135.66, -64.16, -35.08);
insert into STATION values (3321, '.', 6590, -133.13, -64.01, -33.49);
insert into STATION values (3322, '.', 6590, -133.26, -63.92, -33.78);
insert into STATION values (3323, '.', 6590, -132.87, -63.73, -33.81);
insert into STATION values (3324, '.', 6590, -133.29, -63.58, -34.25);
insert into STATION values (3325, '.', 6590, -133.38, -62.11, -33.78);
insert into STATION values (3326, '.', 6590, -137.80, -64.16, -35.18);
insert into STATION values (3327, '17', 6590, -138.01, -64.08, -35.42);
insert into STATION values (3328, '.', 6590, -137.82, -64.52, -35.37);
insert into STATION values (3329, '.', 6590, -137.49, -64.62, -35.16);
insert into STATION values (3330, '.', 6590, -138.01, -64.23, -35.04);
insert into STATION values (3331, '.', 6590, -137.68, -64.69, -35.49);
insert into STATION values (3332, '.', 6590, -137.85, -64.05, -35.83);
insert into STATION values (3333, '.', 6590, -137.30, -63.72, -35.22);
insert into STATION values (3334, '.', 6590, -136.48, -63.65, -34.73);
insert into STATION values (3335, '.', 6590, -138.25, -64.42, -35.61);
insert into STATION values (3336, '18', 6590, -139.19, -65.60, -36.32);
insert into STATION values (3337, '.', 6590, -139.01, -65.57, -36.47);
insert into STATION values (3338, '.', 6590, -139.22, -65.44, -36.73);
insert into STATION values (3339, '.', 6590, -139.34, -65.28, -36.55);
insert into STATION values (3340, '.', 6590, -138.79, -64.95, -35.87);
insert into STATION values (3341, '.', 6590, -138.02, -64.92, -35.90);
insert into STATION values (3342, '.', 6590, -138.65, -65.08, -36.00);
insert into STATION values (3343, '.', 6590, -139.17, -64.55, -36.68);
insert into STATION values (3344, '.', 6590, -139.15, -64.71, -36.83);
insert into STATION values (3345, '.', 6590, -139.07, -65.30, -36.50);
insert into STATION values (3346, '.', 6590, -139.07, -65.17, -36.51);
insert into STATION values (3347, '.', 6590, -138.84, -63.80, -37.42);
insert into STATION values (3348, '19', 6590, -139.08, -63.90, -38.17);
insert into STATION values (3349, '.', 6590, -139.38, -63.92, -37.56);
insert into STATION values (3350, '.', 6590, -139.34, -63.64, -37.99);
insert into STATION values (3351, '.', 6590, -138.94, -63.74, -37.38);
insert into STATION values (3352, '.', 6590, -138.86, -64.13, -37.22);
insert into STATION values (3353, '.', 6590, -139.64, -64.22, -38.10);
insert into STATION values (3354, '.', 6590, -139.63, -64.21, -38.06);
insert into STATION values (3355, '20', 6590, -141.55, -63.15, -40.01);
insert into STATION values (3356, '.', 6590, -141.33, -64.03, -39.97);
insert into STATION values (3357, '.', 6590, -142.57, -64.78, -42.54);
insert into STATION values (3358, '.', 6590, -143.30, -64.13, -42.95);
insert into STATION values (3359, '.', 6590, -142.80, -64.37, -41.42);
insert into STATION values (3360, '.', 6590, -142.68, -62.88, -41.66);
insert into STATION values (3361, '.', 6590, -141.79, -63.14, -42.17);
insert into STATION values (3362, '.', 6590, -141.66, -62.33, -40.33);
insert into STATION values (3363, '.', 6590, -139.81, -62.35, -38.57);
insert into STATION values (3364, '.', 6590, -139.74, -62.11, -38.19);
insert into STATION values (3365, '.', 6590, -139.56, -61.59, -38.79);
insert into STATION values (3366, '.', 6590, -139.85, -63.01, -39.07);
insert into STATION values (3367, '.', 6590, -140.61, -62.48, -39.95);
insert into STATION values (3368, '.', 6590, -142.83, -65.65, -43.74);
insert into STATION values (3369, '.', 6590, -142.00, -64.17, -42.80);
insert into STATION values (3370, '.', 6590, -143.84, -66.11, -43.97);
insert into STATION values (3371, '21', 6590, -144.22, -66.17, -44.01);
insert into STATION values (3372, '.', 6590, -143.71, -66.73, -43.63);
insert into STATION values (3373, '.', 6590, -144.65, -66.68, -43.58);
insert into STATION values (3374, '.', 6590, -142.49, -65.81, -43.64);
insert into STATION values (3375, '.', 6590, -142.16, -66.67, -44.16);
insert into STATION values (3376, '.', 6590, -142.18, -67.21, -44.45);
insert into STATION values (3377, '.', 6590, -143.37, -68.54, -44.68);
insert into STATION values (3378, '.', 6590, -144.15, -68.20, -44.57);
insert into STATION values (3379, '.', 6590, -144.54, -66.31, -43.49);
insert into STATION values (3380, '.', 6590, -144.45, -65.40, -43.42);
insert into STATION values (3381, '.', 6590, -144.11, -64.92, -43.50);
insert into STATION values (3382, '.', 6590, -143.45, -64.71, -42.47);
insert into STATION values (3383, '.', 6590, -143.55, -64.56, -42.86);
insert into STATION values (3384, '.', 6590, -141.92, -63.04, -41.86);
insert into STATION values (3385, '.', 6590, -142.82, -63.60, -42.42);
insert into STATION values (3386, '.', 6590, -142.26, -66.09, -43.92);
insert into STATION values (3387, '.', 6590, -142.41, -65.24, -43.24);
insert into STATION values (3388, '22', 6590, -141.30, -69.40, -45.51);
insert into STATION values (3389, '.', 6590, -141.32, -69.36, -44.99);
insert into STATION values (3390, '.', 6590, -141.46, -68.24, -44.97);
insert into STATION values (3391, '.', 6590, -141.90, -66.97, -44.65);
insert into STATION values (3392, '.', 6590, -142.72, -68.82, -45.14);
insert into STATION values (3393, '.', 6590, -142.05, -69.14, -44.81);
insert into STATION values (3394, '.', 6590, -141.22, -70.84, -44.52);
insert into STATION values (3395, '.', 6590, -142.13, -70.65, -44.60);
insert into STATION values (3396, '.', 6590, -143.04, -70.55, -44.40);
insert into STATION values (3397, '.', 6590, -142.62, -70.77, -44.64);
insert into STATION values (3398, '.', 6590, -140.89, -71.76, -44.06);
insert into STATION values (3399, '.', 6590, -141.06, -70.02, -45.20);
insert into STATION values (3400, '.', 6590, -140.80, -69.91, -45.23);
insert into STATION values (3401, '.', 6590, -137.12, -70.19, -45.99);
insert into STATION values (3402, '.', 6590, -137.28, -69.27, -45.77);
insert into STATION values (3403, '.', 6590, -139.31, -69.48, -46.98);
insert into STATION values (3404, '.', 6590, -140.27, -69.85, -47.01);
insert into STATION values (3405, '.', 6590, -141.01, -69.77, -47.33);
insert into STATION values (3406, '23', 6590, -140.34, -69.68, -47.18);
insert into STATION values (3407, '.', 6590, -138.48, -66.74, -48.88);
insert into STATION values (3408, '.', 6590, -139.84, -66.78, -48.55);
insert into STATION values (3409, '.', 6590, -141.07, -66.82, -47.69);
insert into STATION values (3410, '.', 6590, -142.01, -67.59, -46.56);
insert into STATION values (3411, '.', 6590, -140.74, -69.13, -49.41);
insert into STATION values (3412, '.', 6590, -137.25, -69.61, -46.01);
insert into STATION values (3413, '.', 6590, -137.51, -69.16, -45.84);
insert into STATION values (3414, '.', 6590, -139.42, -69.45, -47.48);
insert into STATION values (3415, '.', 6590, -138.59, -66.79, -48.88);
insert into STATION values (3416, '.', 6590, -140.22, -68.81, -48.49);
insert into STATION values (3417, '.', 6590, -141.04, -68.69, -48.47);
insert into STATION values (3418, '.', 6590, -141.77, -68.44, -46.16);
insert into STATION values (3419, '24', 6590, -140.72, -67.98, -47.77);
insert into STATION values (3420, '.', 6590, -140.85, -67.89, -47.36);
insert into STATION values (3421, '.', 6590, -139.84, -68.05, -47.63);
insert into STATION values (3422, '.', 6590, -138.15, -67.74, -48.51);
insert into STATION values (3423, '.', 6590, -140.08, -67.09, -48.17);
insert into STATION values (3424, '.', 6590, -140.72, -67.94, -48.08);
insert into STATION values (3425, '25', 6590, -141.25, -64.77, -49.21);
insert into STATION values (3426, '.', 6590, -141.12, -64.82, -49.09);
insert into STATION values (3427, '.', 6590, -140.64, -65.20, -49.32);
insert into STATION values (3428, '.', 6590, -141.24, -64.87, -49.72);
insert into STATION values (3429, '.', 6590, -141.61, -64.92, -49.33);
insert into STATION values (3430, '26', 6590, -139.97, -62.44, -49.74);
insert into STATION values (3431, '.', 6590, -139.97, -62.64, -49.47);
insert into STATION values (3432, '.', 6590, -140.04, -62.55, -50.22);
insert into STATION values (3433, '.', 6590, -140.35, -62.62, -49.99);
insert into STATION values (3434, '.', 6590, -140.23, -62.14, -50.04);
insert into STATION values (3435, '.', 6590, -141.00, -61.53, -49.94);
insert into STATION values (3436, '.', 6590, -140.83, -61.69, -49.83);
insert into STATION values (3437, '.', 6590, -140.81, -61.79, -50.07);
insert into STATION values (3438, '.', 6590, -140.37, -60.86, -50.32);
insert into STATION values (3439, '27', 6590, -140.50, -60.33, -50.53);
insert into STATION values (3440, '28', 6590, -141.37, -66.56, -47.86);
insert into STATION values (3441, '.', 6590, -141.63, -66.91, -47.85);
insert into STATION values (3442, '.', 6590, -141.46, -66.64, -47.67);
insert into STATION values (3443, '.', 6590, -141.44, -66.73, -48.33);
insert into STATION values (3444, '.', 6590, -141.18, -66.42, -48.75);
insert into STATION values (3445, '.', 6590, -143.60, -65.71, -47.47);
insert into STATION values (3446, '.', 6590, -143.15, -65.88, -47.55);
insert into STATION values (3447, '.', 6590, -143.60, -65.71, -47.47);
insert into STATION values (3448, '29', 6590, -143.31, -65.86, -47.62);
insert into STATION values (3449, '.', 6590, -143.36, -66.19, -47.61);
insert into STATION values (3450, '.', 6590, -143.28, -65.77, -48.01);
insert into STATION values (3451, '.', 6590, -143.13, -65.35, -47.79);
insert into STATION values (3452, '.', 6590, -142.21, -65.44, -47.97);
insert into STATION values (3453, '.', 6590, -144.21, -65.68, -47.95);
insert into STATION values (3454, '.', 6590, -144.34, -66.02, -47.42);
insert into STATION values (3455, '.', 6590, -144.19, -65.47, -48.13);
insert into STATION values (3456, '30', 6590, -144.57, -64.10, -48.57);
insert into STATION values (3457, '.', 6590, -144.64, -64.11, -48.17);
insert into STATION values (3458, '.', 6590, -144.41, -63.98, -48.46);
insert into STATION values (3459, '.', 6590, -144.59, -64.12, -49.20);
insert into STATION values (3460, '.', 6590, -144.87, -64.14, -48.50);
insert into STATION values (3461, '31', 6590, -146.42, -62.93, -49.07);
insert into STATION values (3462, '.', 6590, -144.39, -64.15, -48.76);
insert into STATION values (3463, '.', 6590, -145.86, -64.26, -48.09);
insert into STATION values (3464, '.', 6590, -146.79, -63.42, -48.28);
insert into STATION values (3465, '.', 6590, -146.42, -62.94, -48.80);
insert into STATION values (3466, '.', 6590, -146.79, -63.88, -48.07);
insert into STATION values (3467, '.', 6590, -146.99, -62.28, -49.16);
insert into STATION values (3468, '.', 6590, -147.53, -62.26, -50.07);
insert into STATION values (3469, '.', 6590, -146.33, -63.16, -49.79);
insert into STATION values (3470, '.', 6590, -147.03, -63.57, -48.80);
insert into STATION values (3471, '.', 6590, -149.58, -61.92, -49.16);
insert into STATION values (3472, '.', 6590, -148.97, -61.73, -49.71);
insert into STATION values (3473, '.', 6590, -149.50, -60.87, -49.94);
insert into STATION values (3474, '.', 6590, -149.58, -60.81, -49.97);
insert into STATION values (3475, '.', 6590, -149.59, -60.80, -49.97);
insert into STATION values (3476, '.', 6590, -146.44, -62.90, -48.65);
insert into STATION values (3477, '.', 6590, -146.70, -63.18, -48.49);
insert into STATION values (3478, '.', 6590, -147.12, -64.01, -47.66);
insert into STATION values (3479, '.', 6590, -146.06, -62.57, -49.16);
insert into STATION values (3480, '.', 6590, -146.20, -62.82, -49.79);
insert into STATION values (3481, '.', 6590, -146.08, -62.66, -49.44);
insert into STATION values (3482, '.', 6590, -146.45, -63.12, -49.18);
insert into STATION values (3483, '.', 6590, -149.96, -59.40, -50.28);
insert into STATION values (3484, '32', 6590, -150.21, -59.31, -50.54);
insert into STATION values (3485, '.', 6590, -150.59, -59.46, -50.32);
insert into STATION values (3486, '.', 6590, -150.35, -59.49, -50.72);
insert into STATION values (3487, '.', 6590, -150.14, -59.37, -50.86);
insert into STATION values (3488, '.', 6590, -149.86, -58.88, -51.17);
insert into STATION values (3489, '.', 6590, -151.04, -59.14, -50.46);
insert into STATION values (3490, '33', 6590, -152.68, -57.99, -51.77);
insert into STATION values (3491, '.', 6590, -152.83, -58.20, -51.43);
insert into STATION values (3492, '.', 6590, -153.08, -58.94, -51.03);
insert into STATION values (3493, '.', 6590, -153.25, -58.56, -52.07);
insert into STATION values (3494, '.', 6590, -152.99, -58.45, -52.47);
insert into STATION values (3495, '.', 6590, -152.54, -57.99, -52.19);
insert into STATION values (3496, '34', 6590, -155.53, -57.76, -52.24);
insert into STATION values (3497, '.', 6590, -156.13, -58.24, -52.41);
insert into STATION values (3498, '.', 6590, -156.28, -57.93, -52.52);
insert into STATION values (3499, '.', 6590, -156.16, -57.53, -52.52);
insert into STATION values (3500, '.', 6590, -155.40, -57.72, -52.56);
insert into STATION values (3501, '.', 6590, -155.64, -57.11, -52.69);
insert into STATION values (3502, '.', 6590, -155.07, -57.55, -52.42);
insert into STATION values (3503, '.', 6590, -155.27, -57.03, -52.52);
insert into STATION values (3504, '.', 6590, -155.31, -58.09, -52.15);
insert into STATION values (3505, '.', 6590, -155.49, -58.48, -52.09);
insert into STATION values (3506, '35', 6590, -159.48, -58.34, -54.44);
insert into STATION values (3507, '.', 6590, -159.83, -58.47, -54.03);
insert into STATION values (3508, '.', 6590, -159.70, -59.02, -53.61);
insert into STATION values (3509, '.', 6590, -160.36, -56.92, -54.90);
insert into STATION values (3510, '.', 6590, -159.53, -57.30, -54.93);
insert into STATION values (3511, '.', 6590, -162.16, -51.33, -57.12);
insert into STATION values (3512, '.', 6590, -159.60, -58.29, -53.88);
insert into STATION values (3513, '.', 6590, -158.52, -59.18, -53.68);
insert into STATION values (3514, '.', 6590, -158.78, -58.69, -54.15);
insert into STATION values (3515, '.', 6590, -158.80, -57.91, -54.00);
insert into STATION values (3516, '36', 6590, -159.97, -61.12, -52.70);
insert into STATION values (3517, '.', 6590, -159.26, -61.34, -52.74);
insert into STATION values (3518, '.', 6590, -159.46, -60.89, -53.34);
insert into STATION values (3519, '.', 6590, -159.58, -61.47, -53.15);
insert into STATION values (3520, '.', 6590, -159.94, -61.00, -53.40);
insert into STATION values (3521, '.', 6590, -160.33, -60.53, -53.34);
insert into STATION values (3522, '.', 6590, -161.56, -62.98, -52.77);
insert into STATION values (3523, '.', 6590, -160.82, -62.52, -52.90);
insert into STATION values (3524, '.', 6590, -160.09, -62.05, -52.91);
insert into STATION values (3525, '.', 6590, -161.93, -61.87, -53.23);
insert into STATION values (3526, '37', 6590, -159.79, -64.49, -51.60);
insert into STATION values (3527, '428', 6590, -165.85, -57.65, -55.24);
insert into STATION values (3528, '1', 7262, -166.70, -47.75, -58.74);
insert into STATION values (3529, '2', 7262, -166.15, -45.16, -59.75);
insert into STATION values (3530, '.', 7262, -166.13, -45.09, -59.15);
insert into STATION values (3531, '.', 7262, -166.64, -44.83, -59.67);
insert into STATION values (3532, '.', 7262, -167.53, -44.83, -60.07);
insert into STATION values (3533, '.', 7262, -167.45, -45.56, -60.43);
insert into STATION values (3534, '.', 7262, -165.76, -45.51, -59.88);
insert into STATION values (3535, '.', 7262, -165.98, -45.84, -59.93);
insert into STATION values (3536, '.', 7262, -166.03, -44.41, -59.08);
insert into STATION values (3537, '.', 7262, -166.16, -45.21, -60.18);
insert into STATION values (3538, '3', 7262, -163.89, -43.50, -56.95);
insert into STATION values (3539, '.', 7262, -163.16, -44.17, -57.08);
insert into STATION values (3540, '.', 7262, -163.10, -43.36, -57.21);
insert into STATION values (3541, '.', 7262, -162.83, -42.78, -57.00);
insert into STATION values (3542, '.', 7262, -163.83, -43.80, -56.62);
insert into STATION values (3543, '.', 7262, -163.87, -43.42, -57.74);
insert into STATION values (3544, '.', 7262, -164.28, -43.00, -57.30);
insert into STATION values (3545, '.', 7262, -164.10, -44.75, -57.65);
insert into STATION values (3546, '.', 7262, -165.02, -43.67, -57.30);
insert into STATION values (3547, '4', 7262, -160.71, -43.39, -55.53);
insert into STATION values (3548, '.', 7262, -160.75, -43.30, -55.04);
insert into STATION values (3549, '.', 7262, -159.88, -42.78, -55.12);
insert into STATION values (3550, '.', 7262, -161.46, -42.38, -55.58);
insert into STATION values (3551, '.', 7262, -161.20, -42.17, -55.13);
insert into STATION values (3552, '.', 7262, -160.90, -42.69, -54.96);
insert into STATION values (3553, '.', 7262, -161.03, -43.85, -55.52);
insert into STATION values (3554, '.', 7262, -161.04, -43.74, -55.90);
insert into STATION values (3555, '.', 7262, -162.36, -43.24, -55.98);
insert into STATION values (3556, '.', 7262, -162.06, -42.45, -55.84);
insert into STATION values (3557, '5', 7262, -158.85, -38.77, -54.21);
insert into STATION values (3558, '.', 7262, -157.78, -41.37, -53.93);
insert into STATION values (3559, '.', 7262, -157.03, -40.84, -53.32);
insert into STATION values (3560, '.', 7262, -158.95, -41.60, -54.75);
insert into STATION values (3561, '.', 7262, -158.47, -39.66, -53.51);
insert into STATION values (3562, '.', 7262, -158.49, -40.12, -53.85);
insert into STATION values (3563, '.', 7262, -158.47, -40.92, -53.89);
insert into STATION values (3564, '.', 7262, -158.71, -39.79, -53.65);
insert into STATION values (3565, '.', 7262, -158.55, -39.36, -54.76);
insert into STATION values (3566, '.', 7262, -158.57, -39.20, -54.77);
insert into STATION values (3567, '.', 7262, -159.74, -39.16, -54.49);
insert into STATION values (3568, '6', 7262, -155.62, -39.79, -52.39);
insert into STATION values (3569, '.', 7262, -155.65, -39.78, -52.00);
insert into STATION values (3570, '.', 7262, -155.96, -40.13, -52.06);
insert into STATION values (3571, '.', 7262, -156.03, -40.15, -52.21);
insert into STATION values (3572, '.', 7262, -156.73, -41.06, -52.92);
insert into STATION values (3573, '.', 7262, -156.12, -42.62, -51.71);
insert into STATION values (3574, '.', 7262, -155.67, -39.92, -52.97);
insert into STATION values (3575, '.', 7262, -156.35, -41.29, -53.03);
insert into STATION values (3576, '.', 7262, -155.00, -40.72, -52.39);
insert into STATION values (3577, '.', 7262, -155.88, -39.11, -52.47);
insert into STATION values (3578, '7', 7262, -153.74, -44.95, -49.72);
insert into STATION values (3579, '.', 7262, -153.08, -43.35, -49.90);
insert into STATION values (3580, '.', 7262, -153.65, -44.74, -49.57);
insert into STATION values (3581, '.', 7262, -154.49, -44.70, -50.51);
insert into STATION values (3582, '.', 7262, -154.55, -43.46, -51.21);
insert into STATION values (3583, '.', 7262, -156.01, -42.92, -51.47);
insert into STATION values (3584, '.', 7262, -154.23, -42.06, -51.73);
insert into STATION values (3585, '.', 7262, -153.49, -43.39, -50.57);
insert into STATION values (3586, '.', 7262, -151.42, -44.32, -49.06);
insert into STATION values (3587, '.', 7262, -152.94, -43.59, -50.11);
insert into STATION values (3588, '.', 7262, -153.05, -43.52, -50.03);
insert into STATION values (3589, '8', 7262, -149.01, -37.37, -47.25);
insert into STATION values (3590, '.', 7262, -148.97, -37.65, -46.02);
insert into STATION values (3591, '.', 7262, -148.56, -38.82, -46.18);
insert into STATION values (3592, '.', 7262, -148.45, -38.78, -47.10);
insert into STATION values (3593, '.', 7262, -148.56, -38.42, -47.77);
insert into STATION values (3594, '.', 7262, -149.05, -37.71, -48.50);
insert into STATION values (3595, '.', 7262, -148.91, -37.80, -48.47);
insert into STATION values (3596, '.', 7262, -149.90, -37.64, -47.33);
insert into STATION values (3597, '.', 7262, -150.68, -38.30, -47.73);
insert into STATION values (3598, '.', 7262, -147.40, -38.82, -46.86);
insert into STATION values (3599, '.', 7262, -148.39, -38.72, -47.00);
insert into STATION values (3600, '.', 7262, -149.18, -39.26, -47.80);
insert into STATION values (3601, '.', 7262, -149.37, -38.94, -46.74);
insert into STATION values (3602, '9', 7262, -146.16, -36.30, -45.22);
insert into STATION values (3603, '.', 7262, -145.56, -36.84, -45.04);
insert into STATION values (3604, '.', 7262, -145.86, -36.94, -44.23);
insert into STATION values (3605, '.', 7262, -146.33, -36.34, -44.38);
insert into STATION values (3606, '.', 7262, -148.49, -34.98, -45.58);
insert into STATION values (3607, '.', 7262, -146.72, -35.59, -44.71);
insert into STATION values (3608, '.', 7262, -147.23, -35.99, -46.21);
insert into STATION values (3609, '.', 7262, -146.31, -36.63, -45.99);
insert into STATION values (3610, '.', 7262, -144.82, -34.78, -44.49);
insert into STATION values (3611, '.', 7262, -145.98, -34.90, -45.03);
insert into STATION values (3612, '.', 7262, -146.76, -35.18, -45.00);
insert into STATION values (3613, '.', 7262, -148.38, -36.61, -46.06);
insert into STATION values (3614, '.', 7262, -146.83, -37.96, -46.25);
insert into STATION values (3615, '.', 7262, -147.42, -38.31, -46.36);
insert into STATION values (3616, '10', 7262, -143.94, -31.42, -43.15);
insert into STATION values (3617, '.', 7262, -143.97, -31.40, -42.56);
insert into STATION values (3618, '.', 7262, -145.70, -30.84, -43.52);
insert into STATION values (3619, '.', 7262, -143.59, -31.61, -42.50);
insert into STATION values (3620, '.', 7262, -143.76, -31.55, -43.36);
insert into STATION values (3621, '.', 7262, -144.41, -31.22, -43.81);
insert into STATION values (3622, '.', 7262, -145.76, -30.95, -44.31);
insert into STATION values (3623, '.', 7262, -146.22, -31.58, -44.17);
insert into STATION values (3624, '.', 7262, -143.60, -29.22, -42.49);
insert into STATION values (3625, '.', 7262, -143.56, -28.71, -41.12);
insert into STATION values (3626, '11', 7262, -144.80, -21.38, -41.14);
insert into STATION values (3627, '.', 7262, -145.63, -21.80, -41.21);
insert into STATION values (3628, '.', 7262, -145.04, -21.46, -40.85);
insert into STATION values (3629, '.', 7262, -144.33, -21.15, -41.48);
insert into STATION values (3630, '.', 7262, -144.21, -21.15, -42.21);
insert into STATION values (3631, '.', 7262, -145.42, -21.73, -42.19);
insert into STATION values (3632, '.', 7262, -146.12, -20.84, -41.74);
insert into STATION values (3633, '.', 7262, -146.60, -18.52, -41.88);
insert into STATION values (3634, '.', 7262, -143.80, -22.23, -41.78);
insert into STATION values (3635, '.', 7262, -145.12, -23.09, -41.49);
insert into STATION values (3636, '.', 7262, -145.27, -22.56, -41.46);
insert into STATION values (3637, '.', 7262, -144.67, -25.10, -40.88);
insert into STATION values (3638, '12', 7262, -147.52, -15.99, -42.95);
insert into STATION values (3639, '.', 7262, -147.60, -15.84, -42.14);
insert into STATION values (3640, '.', 7262, -146.80, -15.67, -41.52);
insert into STATION values (3641, '.', 7262, -146.68, -15.69, -42.37);
insert into STATION values (3642, '.', 7262, -148.82, -16.32, -42.61);
insert into STATION values (3643, '.', 7262, -148.25, -16.13, -43.31);
insert into STATION values (3644, '.', 7262, -148.90, -14.76, -42.61);
insert into STATION values (3645, '.', 7262, -147.56, -14.52, -42.79);
insert into STATION values (3646, '.', 7262, -147.04, -15.14, -42.62);
insert into STATION values (3647, '.', 7262, -146.28, -16.61, -42.59);
insert into STATION values (3648, '.', 7262, -145.94, -18.22, -42.45);
insert into STATION values (3649, '.', 7262, -147.50, -19.77, -42.48);
insert into STATION values (3650, '.', 7262, -148.47, -17.49, -42.86);
insert into STATION values (3651, '.', 7262, -148.40, -16.70, -42.82);
insert into STATION values (3652, '13', 7262, -149.15, -10.86, -42.56);
insert into STATION values (3653, '1', 7510, -194.11, 22.32, -68.19);
insert into STATION values (3654, '.', 7510, -196.67, 22.97, -67.73);
insert into STATION values (3655, '2', 7510, -196.82, 22.98, -67.75);
insert into STATION values (3656, '.', 7510, -198.99, 22.49, -68.02);
insert into STATION values (3657, '.', 7510, -196.23, 23.22, -68.25);
insert into STATION values (3658, '.', 7510, -195.97, 23.26, -68.93);
insert into STATION values (3659, '.', 7510, -197.16, 22.75, -68.65);
insert into STATION values (3660, '.', 7510, -196.82, 22.80, -68.56);
insert into STATION values (3661, '.', 7510, -197.85, 21.93, -67.73);
insert into STATION values (3662, '.', 7510, -196.73, 21.95, -67.74);
insert into STATION values (3663, '.', 7510, -195.76, 22.14, -67.86);
insert into STATION values (3664, '.', 7510, -196.71, 22.65, -68.42);
insert into STATION values (3665, '.', 7510, -198.72, 23.95, -70.30);
insert into STATION values (3666, '.', 7510, -196.75, 24.20, -70.31);
insert into STATION values (3667, '3', 7510, -198.92, 26.88, -72.26);
insert into STATION values (3668, '.', 7510, -199.47, 26.33, -71.61);
insert into STATION values (3669, '.', 7510, -199.28, 26.80, -71.51);
insert into STATION values (3670, '.', 7510, -198.67, 27.47, -71.93);
insert into STATION values (3671, '.', 7510, -197.60, 28.78, -72.45);
insert into STATION values (3672, '.', 7510, -199.23, 28.22, -72.18);
insert into STATION values (3673, '.', 7510, -200.16, 27.05, -71.80);
insert into STATION values (3674, '.', 7510, -201.57, 28.79, -72.18);
insert into STATION values (3675, '.', 7510, -196.17, 26.96, -71.76);
insert into STATION values (3676, '.', 7510, -199.29, 26.00, -71.67);
insert into STATION values (3677, '4', 7510, -202.67, 32.26, -74.47);
insert into STATION values (3678, '.', 7510, -202.07, 32.40, -74.39);
insert into STATION values (3679, '.', 7510, -200.91, 31.15, -73.77);
insert into STATION values (3680, '.', 7510, -202.39, 31.90, -74.18);
insert into STATION values (3681, '.', 7510, -204.24, 31.94, -74.50);
insert into STATION values (3682, '.', 7510, -202.84, 32.09, -74.67);
insert into STATION values (3683, '.', 7510, -203.72, 29.63, -74.11);
insert into STATION values (3684, '.', 7510, -203.14, 31.66, -74.35);
insert into STATION values (3685, '.', 7510, -203.41, 31.92, -74.61);
insert into STATION values (3686, '.', 7510, -203.23, 32.01, -74.51);
insert into STATION values (3687, '.', 7510, -206.47, 32.99, -75.58);
insert into STATION values (3688, '5', 7510, -205.77, 32.64, -75.40);
insert into STATION values (3689, '.', 7510, -205.81, 32.78, -74.50);
insert into STATION values (3690, '.', 7510, -205.23, 33.40, -74.97);
insert into STATION values (3691, '.', 7510, -206.17, 31.84, -75.26);
insert into STATION values (3692, '.', 7510, -206.99, 32.33, -74.62);
insert into STATION values (3693, '.', 7510, -207.35, 33.71, -75.42);
insert into STATION values (3694, '.', 7510, -205.42, 31.41, -74.86);
insert into STATION values (3695, '.', 7510, -204.61, 33.02, -74.85);
insert into STATION values (3696, '.', 7510, -206.27, 36.21, -75.54);
insert into STATION values (3697, '.', 7510, -205.84, 36.10, -75.42);
insert into STATION values (3698, '-', 7510, -204.83, 32.30, -75.40);
insert into STATION values (3699, '-', 7510, -206.71, 32.98, -75.40);
insert into STATION values (3700, '-', 7510, -205.77, 32.64, -75.20);
insert into STATION values (3701, '-', 7510, -205.77, 32.64, -75.40);
insert into STATION values (3702, '-', 7510, -206.74, 32.40, -75.40);
insert into STATION values (3703, '-', 7510, -204.80, 32.88, -75.40);
insert into STATION values (3704, '-', 7510, -205.77, 32.64, -75.20);
insert into STATION values (3705, '-', 7510, -205.77, 32.64, -75.40);
insert into STATION values (3706, '6', 7510, -208.17, 42.25, -76.79);
insert into STATION values (3707, '-', 7510, -209.15, 42.08, -76.79);
insert into STATION values (3708, '-', 7510, -206.69, 42.51, -76.79);
insert into STATION values (3709, '-', 7510, -208.17, 42.25, -76.59);
insert into STATION values (3710, '-', 7510, -208.17, 42.25, -76.79);
insert into STATION values (3711, '7', 7510, -209.88, 51.95, -78.53);
insert into STATION values (3712, '-', 7510, -210.26, 51.63, -78.53);
insert into STATION values (3713, '-', 7510, -209.11, 52.59, -78.53);
insert into STATION values (3714, '-', 7510, -209.88, 51.95, -76.53);
insert into STATION values (3715, '-', 7510, -209.88, 51.95, -78.53);
insert into STATION values (3716, '8', 7510, -213.04, 55.72, -77.66);
insert into STATION values (3717, '-', 7510, -213.86, 55.15, -77.66);
insert into STATION values (3718, '-', 7510, -212.06, 56.41, -77.66);
insert into STATION values (3719, '-', 7510, -213.04, 55.72, -75.66);
insert into STATION values (3720, '-', 7510, -213.04, 55.72, -78.66);
insert into STATION values (3721, '9', 7510, -221.36, 67.59, -73.78);
insert into STATION values (3722, '-', 7510, -221.83, 67.42, -73.78);
insert into STATION values (3723, '-', 7510, -221.17, 67.66, -73.78);
insert into STATION values (3724, '-', 7510, -221.36, 67.59, -72.28);
insert into STATION values (3725, '-', 7510, -221.36, 67.59, -74.78);
insert into STATION values (3726, '10', 7510, -223.06, 72.27, -74.21);
insert into STATION values (3727, '-', 7510, -223.82, 71.63, -74.21);
insert into STATION values (3728, '-', 7510, -222.29, 72.91, -74.21);
insert into STATION values (3729, '-', 7510, -223.06, 72.27, -72.21);
insert into STATION values (3730, '-', 7510, -223.06, 72.27, -74.71);
insert into STATION values (3731, '11', 7510, -229.39, 79.81, -72.48);
insert into STATION values (3732, '-', 7510, -230.10, 79.11, -72.48);
insert into STATION values (3733, '-', 7510, -229.04, 80.17, -72.48);
insert into STATION values (3734, '-', 7510, -229.39, 79.81, -70.48);
insert into STATION values (3735, '-', 7510, -229.39, 79.81, -72.48);
insert into STATION values (3736, '12', 7510, -237.84, 88.27, -71.43);
insert into STATION values (3737, '-', 7510, -223.82, 72.91, -74.21);
insert into STATION values (3738, '-', 7510, -222.29, 71.63, -74.21);
insert into STATION values (3739, '-', 7510, -223.06, 72.27, -73.71);
insert into STATION values (3740, '-', 7510, -223.06, 72.27, -74.71);
insert into STATION values (3741, '13', 7510, -214.32, 82.68, -80.55);
insert into STATION values (3742, '0', 7705, 47.00, 97.54, 5.71);
insert into STATION values (3743, '1', 7705, 44.97, 99.84, 4.23);
insert into STATION values (3744, '.', 7705, 46.36, 97.94, 4.23);
insert into STATION values (3745, '.', 7705, 46.20, 97.89, 5.24);
insert into STATION values (3746, '.', 7705, 45.16, 97.60, 4.86);
insert into STATION values (3747, '.', 7705, 44.75, 98.63, 4.09);
insert into STATION values (3748, '.', 7705, 45.27, 100.56, 3.97);
insert into STATION values (3749, '.', 7705, 45.56, 99.22, 3.81);
insert into STATION values (3750, '.', 7705, 43.86, 99.38, 4.23);
insert into STATION values (3751, '.', 7705, 42.98, 100.18, 3.82);
insert into STATION values (3752, '.', 7705, 44.47, 100.16, 4.34);
insert into STATION values (3753, '.', 7705, 43.98, 99.76, 3.48);
insert into STATION values (3754, '.', 7705, 44.90, 99.96, 3.71);
insert into STATION values (3755, '.', 7705, 45.22, 99.43, 3.65);
insert into STATION values (3756, '.', 7705, 44.81, 98.66, 4.85);
insert into STATION values (3757, '2', 7705, 42.64, 99.50, 3.30);
insert into STATION values (3758, '.', 7705, 41.99, 97.13, 2.72);
insert into STATION values (3759, '.', 7705, 43.06, 96.08, 3.73);
insert into STATION values (3760, '.', 7705, 44.07, 95.82, 5.56);
insert into STATION values (3761, '.', 7705, 42.56, 96.58, 4.92);
insert into STATION values (3762, '.', 7705, 43.42, 99.05, 3.90);
insert into STATION values (3763, '.', 7705, 42.89, 99.12, 3.00);
insert into STATION values (3764, '.', 7705, 42.32, 99.59, 1.64);
insert into STATION values (3765, '.', 7705, 41.13, 98.68, 1.20);
insert into STATION values (3766, '.', 7705, 41.95, 100.72, 2.10);
insert into STATION values (3767, '.', 7705, 39.53, 100.19, -0.27);
insert into STATION values (3768, '.', 7705, 39.80, 101.05, 0.50);
insert into STATION values (3769, '.', 7705, 37.45, 98.74, -2.26);
insert into STATION values (3770, '.', 7705, 40.36, 99.82, 0.48);
insert into STATION values (3771, '.', 7705, 41.73, 99.37, 2.46);
insert into STATION values (3772, '.', 7705, 44.56, 99.82, 4.58);
insert into STATION values (3773, '.', 7705, 43.43, 100.05, 4.24);
insert into STATION values (3774, '.', 7705, 43.48, 99.22, 3.68);
insert into STATION values (3775, '.', 7705, 43.27, 100.66, 3.55);
insert into STATION values (3776, '.', 7705, 42.70, 100.56, 3.12);
insert into STATION values (3777, '.', 7705, 42.03, 100.73, 2.20);
insert into STATION values (3778, '.', 7705, 41.30, 100.43, 2.29);
insert into STATION values (3779, '3', 7705, 42.52, 96.40, 3.69);
insert into STATION values (3780, '.', 7705, 43.84, 98.10, 4.34);
insert into STATION values (3781, '.', 7705, 43.71, 97.48, 5.16);
insert into STATION values (3782, '.', 7705, 43.90, 96.53, 4.33);
insert into STATION values (3783, '.', 7705, 43.38, 96.35, 5.96);
insert into STATION values (3784, '.', 7705, 43.72, 96.14, 3.64);
insert into STATION values (3785, '.', 7705, 42.39, 96.43, 4.42);
insert into STATION values (3786, '.', 7705, 41.56, 97.62, 3.14);
insert into STATION values (3787, '.', 7705, 42.36, 99.09, 3.79);
insert into STATION values (3788, '.', 7705, 41.05, 100.58, 1.68);
insert into STATION values (3789, '.', 7705, 42.70, 97.78, 4.66);
insert into STATION values (3790, '.', 7705, 43.65, 97.32, 5.21);
insert into STATION values (3791, '.', 7705, 43.51, 96.70, 4.40);
insert into STATION values (3792, '.', 7705, 44.74, 94.98, 2.49);
insert into STATION values (3793, '.', 7705, 43.83, 95.48, 7.24);
insert into STATION values (3794, '.', 7705, 45.22, 95.76, 6.10);
insert into STATION values (3795, '.', 7705, 44.95, 96.70, 7.08);
insert into STATION values (3796, '.', 7705, 44.57, 96.49, 6.61);
insert into STATION values (3797, '.', 7705, 44.58, 98.02, 5.77);
insert into STATION values (3798, '.', 7705, 41.56, 97.08, 3.10);
insert into STATION values (3799, '.', 7705, 38.85, 102.81, -1.34);
insert into STATION values (3800, '.', 7705, 40.79, 100.35, 1.00);
insert into STATION values (3801, '.', 7705, 39.88, 97.70, 0.63);
insert into STATION values (3802, '4', 7705, 40.03, 100.91, 0.29);
insert into STATION values (3803, '.', 7705, 40.68, 101.57, 0.24);
insert into STATION values (3804, '.', 7705, 40.29, 100.91, 0.88);
insert into STATION values (3805, '.', 7705, 39.21, 98.08, -0.22);
insert into STATION values (3806, '.', 7705, 38.37, 98.46, -0.94);
insert into STATION values (3807, '.', 7705, 37.31, 98.51, -2.08);
insert into STATION values (3808, '.', 7705, 36.34, 98.26, -2.94);
insert into STATION values (3809, '.', 7705, 39.11, 100.85, -0.77);
insert into STATION values (3810, '.', 7705, 40.02, 100.77, -0.72);
insert into STATION values (3811, '.', 7705, 40.49, 99.81, 0.06);
insert into STATION values (3812, '.', 7705, 41.47, 99.03, 1.16);
insert into STATION values (3813, '.', 7705, 40.86, 98.41, 1.39);
insert into STATION values (3814, '.', 7705, 42.82, 99.58, 2.93);
insert into STATION values (3815, '.', 7705, 40.72, 101.53, 0.48);
insert into STATION values (3816, '.', 7705, 41.28, 101.44, 0.96);
insert into STATION values (3817, '.', 7705, 42.25, 101.11, 2.03);
insert into STATION values (3818, '.', 7705, 39.75, 102.98, -0.84);
insert into STATION values (3819, '.', 7705, 38.89, 103.96, -1.92);
insert into STATION values (3820, '.', 7705, 38.49, 103.69, -3.20);
insert into STATION values (3821, '.', 7705, 36.44, 107.26, -5.28);
insert into STATION values (3822, '.', 7705, 38.61, 101.53, -1.30);
insert into STATION values (3823, '.', 7705, 30.73, 106.84, -10.60);
insert into STATION values (3824, '5', 7705, 38.70, 103.79, -2.14);
insert into STATION values (3825, '.', 7705, 38.73, 103.83, -1.59);
insert into STATION values (3826, '.', 7705, 39.50, 103.38, -1.22);
insert into STATION values (3827, '.', 7705, 37.08, 105.76, -3.87);
insert into STATION values (3828, '.', 7705, 37.89, 105.03, -2.80);
insert into STATION values (3829, '.', 7705, 38.37, 103.54, -1.99);
insert into STATION values (3830, '.', 7705, 37.66, 101.92, -2.68);
insert into STATION values (3831, '.', 7705, 36.00, 100.71, -4.10);
insert into STATION values (3832, '.', 7705, 35.51, 101.29, -4.64);
insert into STATION values (3833, '.', 7705, 34.45, 101.62, -5.83);
insert into STATION values (3834, '.', 7705, 32.97, 102.14, -7.40);
insert into STATION values (3835, '.', 7705, 31.68, 102.54, -8.96);
insert into STATION values (3836, '.', 7705, 29.32, 103.56, -11.47);
insert into STATION values (3837, '.', 7705, 38.08, 101.81, -1.77);
insert into STATION values (3838, '.', 7705, 38.84, 101.28, -1.02);
insert into STATION values (3839, '.', 7705, 36.05, 100.93, -3.66);
insert into STATION values (3840, '.', 7705, 36.94, 102.11, -3.00);
insert into STATION values (3841, '.', 7705, 37.38, 102.39, -3.22);
insert into STATION values (3842, '6', 7705, 35.93, 102.48, -4.06);
insert into STATION values (3843, '.', 7705, 37.37, 100.13, -1.58);
insert into STATION values (3844, '.', 7705, 36.87, 98.82, -1.23);
insert into STATION values (3845, '.', 7705, 35.34, 101.05, -3.32);
insert into STATION values (3846, '.', 7705, 34.35, 101.53, -4.20);
insert into STATION values (3847, '.', 7705, 33.14, 102.59, -6.06);
insert into STATION values (3848, '.', 7705, 27.95, 107.35, -11.82);
insert into STATION values (3849, '.', 7705, 31.73, 105.26, -6.73);
insert into STATION values (3850, '.', 7705, 32.31, 107.02, -6.69);
insert into STATION values (3851, '.', 7705, 34.68, 107.42, -5.80);
insert into STATION values (3852, '.', 7705, 35.43, 105.47, -4.15);
insert into STATION values (3853, '.', 7705, 33.85, 103.55, -7.14);
insert into STATION values (3854, '.', 7705, 34.06, 102.11, -1.08);
insert into STATION values (3855, '.', 7705, 34.78, 103.21, -2.78);
insert into STATION values (3856, '.', 7705, 33.79, 103.49, -3.70);
insert into STATION values (3857, '.', 7705, 37.65, 101.56, -1.85);
insert into STATION values (3858, '.', 7705, 37.18, 103.61, -2.70);
insert into STATION values (3859, '.', 7705, 37.52, 102.50, -1.81);
insert into STATION values (3860, '.', 7705, 37.25, 100.45, -1.77);
insert into STATION values (3861, '.', 7705, 34.25, 102.55, -2.18);
insert into STATION values (3862, '7', 7705, 36.85, 98.18, -1.43);
insert into STATION values (3863, '.', 7705, 39.18, 99.53, 0.10);
insert into STATION values (3864, '.', 7705, 40.16, 98.40, 1.60);
insert into STATION values (3865, '.', 7705, 39.62, 97.73, 1.33);
insert into STATION values (3866, '.', 7705, 36.87, 98.22, -1.15);
insert into STATION values (3867, '.', 7705, 36.77, 98.08, -2.36);
insert into STATION values (3868, '.', 7705, 35.78, 97.49, -2.03);
insert into STATION values (3869, '.', 7705, 35.49, 98.22, -2.80);
insert into STATION values (3870, '.', 7705, 34.69, 99.24, -3.96);
insert into STATION values (3871, '.', 7705, 30.76, 99.60, -7.79);
insert into STATION values (3872, '.', 7705, 36.00, 99.09, -1.91);
insert into STATION values (3873, '.', 7705, 36.34, 104.29, -3.05);
insert into STATION values (3874, '.', 7705, 37.43, 100.87, -1.59);
insert into STATION values (3875, '.', 7705, 36.36, 99.31, -2.09);
insert into STATION values (3876, '.', 7705, 35.52, 99.26, -2.85);
insert into STATION values (3877, '.', 7705, 38.35, 99.16, -0.39);
insert into STATION values (3878, '8', 7705, 37.14, 94.72, 0.02);
insert into STATION values (3879, '.', 7705, 37.40, 94.15, 0.49);
insert into STATION values (3880, '.', 7705, 38.13, 93.84, 1.16);
insert into STATION values (3881, '.', 7705, 39.53, 95.16, 1.44);
insert into STATION values (3882, '.', 7705, 40.85, 96.00, 2.80);
insert into STATION values (3883, '.', 7705, 40.48, 96.58, 2.14);
insert into STATION values (3884, '.', 7705, 38.08, 95.71, 0.38);
insert into STATION values (3885, '.', 7705, 37.51, 96.16, -0.24);
insert into STATION values (3886, '.', 7705, 36.10, 95.89, -1.82);
insert into STATION values (3887, '.', 7705, 31.32, 98.03, -7.28);
insert into STATION values (3888, '.', 7705, 34.72, 96.24, -3.48);
insert into STATION values (3889, '.', 7705, 36.50, 95.14, -0.77);
insert into STATION values (3890, '.', 7705, 36.75, 96.17, -0.33);
insert into STATION values (3891, '.', 7705, 36.75, 95.15, -1.66);
insert into STATION values (3892, '.', 7705, 39.51, 92.30, 2.64);
insert into STATION values (3893, '.', 7705, 40.27, 96.29, 2.56);
insert into STATION values (3894, '.', 7705, 39.46, 95.27, 1.62);
insert into STATION values (3895, '9', 7705, 39.37, 94.96, 1.77);
insert into STATION values (3896, '.', 7705, 42.61, 99.05, 3.74);
insert into STATION values (3897, '.', 7705, 39.70, 96.53, 2.22);
insert into STATION values (3898, '.', 7705, 39.18, 94.98, 2.10);
insert into STATION values (3899, '.', 7705, 38.85, 94.70, 1.64);
insert into STATION values (3900, '.', 7705, 38.88, 93.95, 1.55);
insert into STATION values (3901, '.', 7705, 38.71, 95.87, 1.05);
insert into STATION values (3902, '.', 7705, 36.56, 95.27, -0.97);
insert into STATION values (3903, '.', 7705, 37.08, 93.43, -0.02);
insert into STATION values (3904, '.', 7705, 37.56, 92.95, 0.67);
insert into STATION values (3905, '.', 7705, 37.99, 95.32, 0.18);
insert into STATION values (3906, '.', 7705, 41.33, 94.38, 3.60);
insert into STATION values (3907, '.', 7705, 40.91, 95.26, 3.15);
insert into STATION values (3908, '.', 7705, 41.06, 94.38, 3.46);
insert into STATION values (3909, '.', 7705, 40.42, 93.90, 2.99);
insert into STATION values (3910, '.', 7705, 42.86, 92.31, 6.42);
insert into STATION values (3911, '.', 7705, 41.93, 92.96, 5.26);
insert into STATION values (3912, '.', 7705, 43.19, 91.55, 7.09);
insert into STATION values (3913, '.', 7705, 43.12, 91.28, 7.04);
insert into STATION values (3914, '.', 7705, 41.06, 93.22, 4.14);
insert into STATION values (3915, '.', 7705, 36.08, 96.09, -2.15);
insert into STATION values (3916, '.', 7705, 36.00, 95.97, -2.12);
insert into STATION values (3917, '10', 7705, 33.46, 99.20, -5.34);
insert into STATION values (3918, '.', 7705, 32.20, 96.98, -5.41);
insert into STATION values (3919, '.', 7705, 33.51, 96.89, -4.17);
insert into STATION values (3920, '.', 7705, 31.23, 97.89, -7.02);
insert into STATION values (3921, '.', 7705, 29.72, 98.57, -8.53);
insert into STATION values (3922, '.', 7705, 29.41, 99.39, -9.32);
insert into STATION values (3923, '.', 7705, 30.65, 99.92, -8.26);
insert into STATION values (3924, '.', 7705, 27.23, 101.99, -12.47);
insert into STATION values (3925, '.', 7705, 32.43, 99.24, -6.76);
insert into STATION values (3926, '.', 7705, 33.30, 99.25, -5.02);
insert into STATION values (3927, '.', 7705, 33.53, 99.14, -6.04);
insert into STATION values (3928, '.', 7705, 33.56, 99.58, -5.67);
insert into STATION values (3929, '.', 7705, 32.90, 96.54, -5.03);
insert into STATION values (3930, '.', 7705, 33.65, 96.36, -3.97);
insert into STATION values (3931, '.', 7705, 32.54, 97.19, -5.61);
insert into STATION values (3932, '11', 7705, 33.12, 106.55, -7.95);
insert into STATION values (3933, '.', 7705, 31.26, 109.52, -10.09);
insert into STATION values (3934, '.', 7705, 32.50, 110.20, -9.65);
insert into STATION values (3935, '.', 7705, 33.36, 108.18, -7.69);
insert into STATION values (3936, '.', 7705, 34.14, 108.66, -6.50);
insert into STATION values (3937, '.', 7705, 34.12, 107.72, -5.92);
insert into STATION values (3938, '.', 7705, 32.90, 106.41, -6.57);
insert into STATION values (3939, '.', 7705, 32.75, 105.70, -6.71);
insert into STATION values (3940, '.', 7705, 28.55, 97.42, -8.59);
insert into STATION values (3941, '.', 7705, 31.07, 100.66, -7.47);
insert into STATION values (3942, '.', 7705, 32.15, 101.65, -6.80);
insert into STATION values (3943, '.', 7705, 33.06, 99.82, -5.64);
insert into STATION values (3944, '.', 7705, 33.93, 99.24, -4.82);
insert into STATION values (3945, '.', 7705, 34.15, 103.71, -5.94);
insert into STATION values (3946, '.', 7705, 35.82, 102.46, -4.09);
insert into STATION values (3947, '.', 7705, 37.21, 102.11, -2.51);
insert into STATION values (3948, '.', 7705, 34.05, 104.73, -7.36);
insert into STATION values (3949, '.', 7705, 31.36, 102.35, -8.68);
insert into STATION values (3950, '.', 7705, 29.91, 104.15, -10.51);
insert into STATION values (3951, '.', 7705, 31.18, 106.01, -9.67);
insert into STATION values (3952, '.', 7705, 32.67, 105.22, -6.49);
insert into STATION values (3953, '.', 7705, 32.06, 104.87, -8.18);
insert into STATION values (3954, '.', 7705, 29.00, 103.31, -11.20);
insert into STATION values (3955, '.', 7705, 29.78, 103.91, -10.61);
insert into STATION values (3956, '.', 7705, 29.12, 103.30, -11.21);
insert into STATION values (3957, '12', 7705, 29.08, 103.50, -11.17);
insert into STATION values (3958, '.', 7705, 29.01, 103.43, -10.02);
insert into STATION values (3959, '.', 7705, 28.00, 102.86, -11.30);
insert into STATION values (3960, '.', 7705, 26.53, 103.44, -11.99);
insert into STATION values (3961, '.', 7705, 25.92, 104.63, -12.74);
insert into STATION values (3962, '.', 7705, 24.72, 105.52, -13.42);
insert into STATION values (3963, '.', 7705, 26.97, 104.99, -12.49);
insert into STATION values (3964, '.', 7705, 29.29, 103.47, -11.74);
insert into STATION values (3965, '.', 7705, 33.85, 104.07, -12.48);
insert into STATION values (3966, '.', 7705, 33.50, 102.55, -12.43);
insert into STATION values (3967, '.', 7705, 34.99, 100.28, -14.45);
insert into STATION values (3968, '.', 7705, 31.39, 104.66, -11.70);
insert into STATION values (3969, '.', 7705, 27.11, 110.74, -15.06);
insert into STATION values (3970, '.', 7705, 28.98, 106.81, -12.33);
insert into STATION values (3971, '.', 7705, 29.60, 106.33, -11.59);
insert into STATION values (3972, '.', 7705, 24.95, 112.48, -17.46);
insert into STATION values (3973, '.', 7705, 27.48, 110.33, -14.64);
insert into STATION values (3974, '.', 7705, 28.76, 106.77, -13.44);
insert into STATION values (3975, '.', 7705, 30.77, 100.71, -10.34);
insert into STATION values (3976, '13', 7705, 30.03, 101.13, -9.56);
insert into STATION values (3977, '.', 7705, 30.04, 101.30, -8.68);
insert into STATION values (3978, '.', 7705, 33.21, 102.64, -6.50);
insert into STATION values (3979, '.', 7705, 34.43, 104.29, -5.99);
insert into STATION values (3980, '.', 7705, 36.68, 105.58, -4.02);
insert into STATION values (3981, '.', 7705, 30.37, 102.47, -9.56);
insert into STATION values (3982, '.', 7705, 29.29, 106.17, -11.72);
insert into STATION values (3983, '.', 7705, 28.58, 110.83, -15.88);
insert into STATION values (3984, '.', 7705, 32.47, 105.23, -14.18);
insert into STATION values (3985, '.', 7705, 33.35, 104.90, -14.03);
insert into STATION values (3986, '.', 7705, 32.28, 105.78, -16.01);
insert into STATION values (3987, '.', 7705, 33.45, 103.89, -14.54);
insert into STATION values (3988, '.', 7705, 29.12, 101.35, -9.57);
insert into STATION values (3989, '.', 7705, 28.14, 102.78, -10.44);
insert into STATION values (3990, '.', 7705, 28.86, 99.46, -7.98);
insert into STATION values (3991, '.', 7705, 30.57, 99.33, -7.80);
insert into STATION values (3992, '.', 7705, 29.49, 97.89, -7.31);
insert into STATION values (3993, '.', 7705, 30.41, 100.92, -11.13);
insert into STATION values (3994, '.', 7705, 30.47, 103.01, -13.14);
insert into STATION values (3995, '.', 7705, 29.21, 96.98, -8.71);
insert into STATION values (3996, '.', 7705, 29.32, 97.02, -8.58);
insert into STATION values (3997, '.', 7705, 29.25, 96.86, -8.59);
insert into STATION values (3998, '.', 7705, 31.84, 100.23, -8.83);
insert into STATION values (3999, '.', 7705, 32.23, 99.72, -7.11);
insert into STATION values (4000, '.', 7705, 32.28, 98.87, -8.05);
insert into STATION values (4001, '.', 7705, 30.39, 100.29, -9.21);
insert into STATION values (4002, '.', 7705, 29.84, 101.43, -8.56);
insert into STATION values (4003, '.', 7705, 25.04, 103.09, -11.63);
insert into STATION values (4004, '14', 7705, 29.18, 97.12, -8.45);
insert into STATION values (4005, '.', 7705, 31.62, 95.03, -7.12);
insert into STATION values (4006, '.', 7705, 31.28, 97.60, -7.03);
insert into STATION values (4007, '.', 7705, 31.32, 95.59, -6.01);
insert into STATION values (4008, '.', 7705, 29.96, 96.32, -7.21);
insert into STATION values (4009, '.', 7705, 28.74, 96.87, -8.37);
insert into STATION values (4010, '.', 7705, 29.08, 97.31, -7.48);
insert into STATION values (4011, '.', 7705, 22.98, 96.84, -11.00);
insert into STATION values (4012, '.', 7705, 22.69, 97.77, -11.19);
insert into STATION values (4013, '.', 7705, 25.68, 97.86, -9.80);
insert into STATION values (4014, '.', 7705, 23.61, 98.66, -10.53);
insert into STATION values (4015, '.', 7705, 24.50, 99.33, -10.22);
insert into STATION values (4016, '.', 7705, 25.17, 101.22, -10.93);
insert into STATION values (4017, '.', 7705, 28.26, 98.56, -9.15);
insert into STATION values (4018, '.', 7705, 28.81, 98.70, -8.46);
insert into STATION values (4019, '.', 7705, 29.55, 98.83, -8.54);
insert into STATION values (4020, '.', 7705, 30.00, 98.76, -8.56);
insert into STATION values (4021, '.', 7705, 30.95, 99.84, -9.24);
insert into STATION values (4022, '.', 7705, 31.01, 98.66, -8.68);
insert into STATION values (4023, '.', 7705, 34.48, 106.09, -7.32);
insert into STATION values (4024, '.', 7705, 35.46, 105.73, -6.20);
insert into STATION values (4025, '.', 7705, 29.02, 98.02, -7.58);
insert into STATION values (4026, '15', 7705, 31.28, 96.13, -7.75);
insert into STATION values (4027, '.', 7705, 30.62, 95.80, -7.65);
insert into STATION values (4028, '.', 7705, 31.25, 96.05, -7.15);
insert into STATION values (4029, '.', 7705, 31.32, 95.11, -7.58);
insert into STATION values (4030, '.', 7705, 31.67, 93.58, -6.09);
insert into STATION values (4031, '.', 7705, 31.22, 92.47, -5.34);
insert into STATION values (4032, '.', 7705, 29.31, 99.52, -7.51);
insert into STATION values (4033, '.', 7705, 29.38, 98.90, -8.81);
insert into STATION values (4034, '.', 7705, 30.96, 96.87, -7.61);
insert into STATION values (4035, '.', 7705, 31.04, 96.81, -7.64);
insert into STATION values (4036, '.', 7705, 30.39, 96.28, -7.44);
insert into STATION values (4037, '.', 7705, 31.34, 92.46, -5.75);
insert into STATION values (4038, '16', 7705, 31.52, 93.80, -6.49);
insert into STATION values (4039, '.', 7705, 33.19, 93.36, -6.01);
insert into STATION values (4040, '.', 7705, 32.45, 94.81, -6.43);
insert into STATION values (4041, '.', 7705, 31.29, 94.27, -5.11);
insert into STATION values (4042, '.', 7705, 30.93, 95.25, -5.43);
insert into STATION values (4043, '.', 7705, 31.63, 93.92, -7.28);
insert into STATION values (4044, '.', 7705, 30.37, 94.10, -6.56);
insert into STATION values (4045, '.', 7705, 30.06, 94.38, -5.64);
insert into STATION values (4046, '.', 7705, 30.99, 95.19, -5.52);
insert into STATION values (4047, '.', 7705, 31.17, 94.58, -5.27);
insert into STATION values (4048, '17', 7705, 34.68, 92.79, -5.20);
insert into STATION values (4049, '.', 7705, 34.42, 94.28, -6.31);
insert into STATION values (4050, '.', 7705, 35.16, 94.92, -7.21);
insert into STATION values (4051, '.', 7705, 35.89, 96.19, -9.66);
insert into STATION values (4052, '.', 7705, 36.00, 95.91, -9.85);
insert into STATION values (4053, '.', 7705, 35.98, 95.02, -8.44);
insert into STATION values (4054, '.', 7705, 34.99, 92.90, -5.65);
insert into STATION values (4055, '.', 7705, 34.30, 92.74, -5.76);
insert into STATION values (4056, '.', 7705, 33.86, 93.52, -5.39);
insert into STATION values (4057, '.', 7705, 34.49, 92.79, -4.82);
insert into STATION values (4058, '.', 7705, 33.54, 92.22, -5.11);
insert into STATION values (4059, '.', 7705, 33.06, 92.71, -5.54);
insert into STATION values (4060, '.', 7705, 32.32, 93.25, -6.21);
insert into STATION values (4061, '.', 7705, 33.66, 93.25, -5.14);
insert into STATION values (4062, '18', 7705, 32.87, 91.57, -5.56);
insert into STATION values (4063, '.', 7705, 33.40, 91.40, -5.27);
insert into STATION values (4064, '.', 7705, 32.90, 91.52, -5.12);
insert into STATION values (4065, '.', 7705, 32.95, 91.58, -5.83);
insert into STATION values (4066, '.', 7705, 33.06, 90.84, -4.81);
insert into STATION values (4067, '.', 7705, 32.09, 89.76, -4.20);
insert into STATION values (4068, '.', 7705, 33.33, 92.28, -5.45);
insert into STATION values (4069, '.', 7705, 33.89, 92.14, -5.47);
insert into STATION values (4070, '19', 7705, 32.58, 90.70, -4.82);
insert into STATION values (4071, '.', 7705, 32.15, 90.93, -4.85);
insert into STATION values (4072, '.', 7705, 32.43, 90.96, -4.41);
insert into STATION values (4073, '.', 7705, 31.29, 90.13, -4.35);
insert into STATION values (4074, '.', 7705, 32.07, 90.02, -4.49);
insert into STATION values (4075, '.', 7705, 32.63, 91.61, -5.10);
insert into STATION values (4076, '.', 7705, 31.12, 89.43, -4.25);
insert into STATION values (4077, '20', 7705, 31.56, 89.83, -4.60);
insert into STATION values (4078, '.', 7705, 31.24, 90.25, -4.65);
insert into STATION values (4079, '.', 7705, 31.77, 89.47, -4.41);
insert into STATION values (4080, '.', 7705, 32.16, 90.42, -4.19);
insert into STATION values (4081, '.', 7705, 32.33, 91.75, -5.14);
insert into STATION values (4082, '.', 7705, 33.41, 92.90, -5.86);
insert into STATION values (4083, '.', 7705, 32.11, 90.80, -5.11);
insert into STATION values (4084, '.', 7705, 32.09, 90.74, -5.09);
insert into STATION values (4085, '.', 7705, 31.67, 89.82, -4.85);
insert into STATION values (4086, '.', 7705, 30.04, 88.71, -5.65);
insert into STATION values (4087, '.', 7705, 29.75, 89.30, -5.56);
insert into STATION values (4088, '.', 7705, 30.72, 89.92, -4.74);
insert into STATION values (4089, '21', 7705, 30.01, 89.29, -5.61);
insert into STATION values (4090, '.', 7705, 29.48, 89.11, -4.84);
insert into STATION values (4091, '.', 7705, 30.42, 86.99, -3.82);
insert into STATION values (4092, '.', 7705, 30.32, 89.01, -4.99);
insert into STATION values (4093, '.', 7705, 30.01, 89.38, -6.35);
insert into STATION values (4094, '.', 7705, 29.96, 89.74, -5.65);
insert into STATION values (4095, '.', 7705, 30.30, 90.52, -6.52);
insert into STATION values (4096, '.', 7705, 30.46, 88.10, -4.45);
insert into STATION values (4097, '.', 7705, 30.49, 88.09, -4.41);
insert into STATION values (4098, '.', 7705, 30.35, 88.16, -4.36);
insert into STATION values (4099, '.', 7705, 30.10, 89.12, -4.87);
insert into STATION values (4100, '.', 7705, 30.43, 88.98, -6.51);
insert into STATION values (4101, '.', 7705, 30.31, 89.39, -5.66);
insert into STATION values (4102, '.', 7705, 30.43, 88.93, -4.69);
insert into STATION values (4103, '.', 7705, 29.47, 89.57, -5.57);
insert into STATION values (4104, '.', 7705, 30.08, 88.33, -4.01);
insert into STATION values (4105, '.', 7705, 29.81, 89.87, -5.74);
insert into STATION values (4106, '.', 7705, 31.06, 86.64, -3.57);
insert into STATION values (4107, '.', 7705, 30.92, 86.99, -3.83);
insert into STATION values (4108, '.', 7705, 31.26, 86.20, -3.20);
insert into STATION values (4109, '.', 7705, 31.42, 85.80, -2.89);
insert into STATION values (4110, '.', 7705, 30.92, 87.01, -3.84);
insert into STATION values (4111, '.', 7705, 31.35, 85.90, -2.95);
insert into STATION values (4112, '.', 7705, 31.21, 86.17, -3.20);
insert into STATION values (4113, '.', 7705, 31.35, 85.90, -2.97);
insert into STATION values (4114, '22', 7705, 30.26, 93.31, -6.82);
insert into STATION values (4115, '.', 7705, 29.27, 92.74, -6.99);
insert into STATION values (4116, '.', 7705, 30.14, 92.67, -6.67);
insert into STATION values (4117, '.', 7705, 30.20, 93.30, -6.46);
insert into STATION values (4118, '.', 7705, 30.35, 93.34, -7.20);
insert into STATION values (4119, '.', 7705, 30.91, 90.67, -6.13);
insert into STATION values (4120, '.', 7705, 30.89, 91.88, -6.31);
insert into STATION values (4121, '.', 7705, 30.58, 93.28, -6.87);
insert into STATION values (4122, '.', 7705, 29.54, 92.67, -6.97);
insert into STATION values (4123, '.', 7705, 28.69, 92.98, -7.50);
insert into STATION values (4124, '.', 7705, 28.35, 93.42, -8.11);
insert into STATION values (4125, '.', 7705, 28.30, 93.41, -8.14);
insert into STATION values (4126, '23', 7705, 28.51, 93.53, -8.26);
insert into STATION values (4127, '.', 7705, 28.71, 93.58, -7.81);
insert into STATION values (4128, '.', 7705, 29.44, 93.82, -7.45);
insert into STATION values (4129, '.', 7705, 30.54, 92.89, -6.62);
insert into STATION values (4130, '.', 7705, 31.45, 92.82, -6.31);
insert into STATION values (4131, '.', 7705, 29.97, 93.22, -7.74);
insert into STATION values (4132, '.', 7705, 29.01, 93.40, -7.44);
insert into STATION values (4133, '.', 7705, 29.50, 92.88, -7.43);
insert into STATION values (4134, '.', 7705, 29.95, 93.18, -7.68);
insert into STATION values (4135, '.', 7705, 29.71, 93.30, -6.84);
insert into STATION values (4136, '.', 7705, 28.84, 93.72, -7.62);
insert into STATION values (4137, '24', 7705, 27.68, 96.80, -10.04);
insert into STATION values (4138, '.', 7705, 24.45, 97.05, -9.62);
insert into STATION values (4139, '.', 7705, 24.38, 95.69, -8.35);
insert into STATION values (4140, '.', 7705, 25.09, 94.70, -7.89);
insert into STATION values (4141, '.', 7705, 25.57, 93.16, -7.18);
insert into STATION values (4142, '.', 7705, 25.90, 92.53, -6.73);
insert into STATION values (4143, '.', 7705, 27.24, 95.52, -9.10);
insert into STATION values (4144, '.', 7705, 26.31, 98.47, -10.22);
insert into STATION values (4145, '.', 7705, 26.33, 99.96, -11.61);
insert into STATION values (4146, '.', 7705, 26.91, 99.23, -11.43);
insert into STATION values (4147, '.', 7705, 27.02, 100.04, -11.74);
insert into STATION values (4148, '.', 7705, 27.75, 98.69, -10.72);
insert into STATION values (4149, '.', 7705, 27.58, 96.91, -9.25);
insert into STATION values (4150, '.', 7705, 26.11, 96.65, -8.54);
insert into STATION values (4151, '.', 7705, 23.99, 98.09, -9.82);
insert into STATION values (4152, '.', 7705, 28.65, 98.44, -10.21);
insert into STATION values (4153, '.', 7705, 31.02, 99.42, -9.36);
insert into STATION values (4154, '25', 7705, 25.98, 93.40, -7.69);
insert into STATION values (4155, '.', 7705, 26.73, 92.97, -7.49);
insert into STATION values (4156, '.', 7705, 24.85, 90.96, -6.14);
insert into STATION values (4157, '.', 7705, 24.19, 92.24, -7.35);
insert into STATION values (4158, '.', 7705, 23.00, 93.02, -8.14);
insert into STATION values (4159, '.', 7705, 23.49, 94.80, -8.88);
insert into STATION values (4160, '.', 7705, 26.16, 93.24, -7.16);
insert into STATION values (4161, '.', 7705, 25.93, 93.30, -8.07);
insert into STATION values (4162, '.', 7705, 24.90, 91.11, -6.63);
insert into STATION values (4163, '26', 7705, 25.30, 91.57, -6.95);
insert into STATION values (4164, '.', 7705, 25.14, 90.76, -6.28);
insert into STATION values (4165, '27', 7705, 24.73, 96.59, -9.66);
insert into STATION values (4166, '.', 7705, 26.99, 99.10, -9.26);
insert into STATION values (4167, '.', 7705, 25.05, 92.66, -8.24);
insert into STATION values (4168, '.', 7705, 23.71, 94.18, -8.34);
insert into STATION values (4169, '.', 7705, 24.71, 96.56, -8.82);
insert into STATION values (4170, '.', 7705, 23.76, 98.49, -9.72);
insert into STATION values (4171, '.', 7705, 24.17, 99.08, -9.81);
insert into STATION values (4172, '.', 7705, 25.19, 97.63, -9.64);
insert into STATION values (4173, '.', 7705, 27.22, 98.83, -9.07);
insert into STATION values (4174, '.', 7705, 27.81, 98.34, -8.54);
insert into STATION values (4175, '.', 7705, 30.57, 98.26, -7.92);
insert into STATION values (4176, '.', 7705, 27.30, 96.58, -8.15);
insert into STATION values (4177, '.', 7705, 27.93, 95.44, -7.45);
insert into STATION values (4178, '.', 7705, 26.25, 95.43, -8.37);
insert into STATION values (4179, '.', 7705, 23.97, 95.44, -9.74);
insert into STATION values (4180, '28', 7705, 29.48, 102.57, -10.30);
insert into STATION values (4181, '.', 7705, 33.59, 106.48, -11.04);
insert into STATION values (4182, '.', 7705, 32.81, 106.87, -11.15);
insert into STATION values (4183, '.', 7705, 31.07, 105.25, -11.25);
insert into STATION values (4184, '.', 7705, 29.86, 103.82, -10.98);
insert into STATION values (4185, '.', 7705, 29.12, 104.26, -11.32);
insert into STATION values (4186, '.', 7705, 29.52, 111.56, -15.46);
insert into STATION values (4187, '.', 7705, 28.41, 102.05, -10.37);
insert into STATION values (4188, '.', 7705, 27.86, 98.47, -8.95);
insert into STATION values (4189, '.', 7705, 27.37, 98.88, -9.51);
insert into STATION values (4190, '.', 7705, 29.52, 101.17, -10.39);
insert into STATION values (4191, '.', 7705, 29.74, 101.23, -8.52);
insert into STATION values (4192, '.', 7705, 31.21, 102.45, -10.25);
insert into STATION values (4193, '.', 7705, 30.92, 101.22, -9.57);
insert into STATION values (4194, '.', 7705, 32.41, 97.97, -7.44);
insert into STATION values (4195, '.', 7705, 30.95, 98.62, -7.54);
insert into STATION values (4196, '.', 7705, 31.56, 105.70, -10.91);
insert into STATION values (4197, '29', 7705, 31.56, 105.70, -10.90);
insert into STATION values (4198, '.', 7705, 32.91, 106.77, -10.89);
insert into STATION values (4199, '.', 7705, 33.95, 106.24, -9.44);
insert into STATION values (4200, '.', 7705, 35.20, 105.02, -8.23);
insert into STATION values (4201, '.', 7705, 35.46, 103.63, -8.04);
insert into STATION values (4202, '.', 7705, 34.59, 103.19, -9.80);
insert into STATION values (4203, '.', 7705, 32.52, 109.75, -12.07);
insert into STATION values (4204, '.', 7705, 31.64, 110.54, -12.96);
insert into STATION values (4205, '.', 7705, 30.78, 111.10, -13.73);
insert into STATION values (4206, '.', 7705, 30.03, 111.60, -14.30);
insert into STATION values (4207, '.', 7705, 32.49, 107.44, -12.27);
insert into STATION values (4208, '.', 7705, 32.66, 106.41, -11.77);
insert into STATION values (4209, '.', 7705, 33.48, 105.35, -11.54);
insert into STATION values (4210, '.', 7705, 32.15, 105.02, -11.17);
insert into STATION values (4211, '.', 7705, 31.63, 105.68, -10.38);
insert into STATION values (4212, '.', 7705, 29.70, 104.89, -10.95);
insert into STATION values (4213, '.', 7705, 29.30, 105.27, -11.14);
insert into STATION values (4214, '.', 7705, 28.21, 102.71, -11.00);
insert into STATION values (4215, '.', 7705, 29.98, 104.49, -11.36);
insert into STATION values (4216, '.', 7705, 29.21, 102.48, -10.66);
insert into STATION values (4217, '30', 7705, 29.24, 107.55, -12.84);
insert into STATION values (4218, '31', 7705, 23.05, 109.44, -17.15);
insert into STATION values (4219, '.', 7705, 19.75, 105.98, -17.36);
insert into STATION values (4220, '.', 7705, 19.65, 107.62, -18.10);
insert into STATION values (4221, '.', 7705, 18.97, 108.55, -18.86);
insert into STATION values (4222, '.', 7705, 15.61, 109.85, -21.12);
insert into STATION values (4223, '.', 7705, 16.97, 111.40, -21.24);
insert into STATION values (4224, '.', 7705, 14.39, 113.13, -22.59);
insert into STATION values (4225, '.', 7705, 14.41, 115.05, -24.42);
insert into STATION values (4226, '.', 7705, 22.81, 109.51, -16.60);
insert into STATION values (4227, '.', 7705, 22.51, 108.48, -20.39);
insert into STATION values (4228, '.', 7705, 21.60, 109.27, -22.96);
insert into STATION values (4229, '.', 7705, 20.60, 110.25, -24.01);
insert into STATION values (4230, '.', 7705, 19.89, 111.29, -23.52);
insert into STATION values (4231, '.', 7705, 22.08, 106.38, -15.99);
insert into STATION values (4232, '.', 7705, 24.20, 108.44, -16.07);
insert into STATION values (4233, '.', 7705, 24.38, 107.10, -15.40);
insert into STATION values (4234, '.', 7705, 25.65, 111.62, -16.37);
insert into STATION values (4235, '.', 7705, 28.94, 120.06, -16.41);
insert into STATION values (4236, '.', 7705, 28.62, 117.39, -15.62);
insert into STATION values (4237, '.', 7705, 28.89, 116.70, -15.43);
insert into STATION values (4238, '.', 7705, 26.22, 113.02, -15.95);
insert into STATION values (4239, '.', 7705, 25.35, 111.34, -18.60);
insert into STATION values (4240, '.', 7705, 26.32, 109.83, -18.32);
insert into STATION values (4241, '.', 7705, 23.54, 114.50, -17.63);
insert into STATION values (4242, '.', 7705, 22.78, 113.80, -17.80);
insert into STATION values (4243, '.', 7705, 20.76, 113.63, -18.58);
insert into STATION values (4244, '.', 7705, 20.41, 115.05, -19.86);
insert into STATION values (4245, '0', 8416, -140.34, -69.68, -47.18);
insert into STATION values (4246, '-', 8416, -140.34, -69.68, -47.18);
insert into STATION values (4247, '-', 8416, -140.38, -70.88, -47.18);
insert into STATION values (4248, '-', 8416, -140.34, -69.68, -46.98);
insert into STATION values (4249, '-', 8416, -140.34, -69.68, -47.68);
insert into STATION values (4250, '1', 8416, -137.32, -69.74, -45.92);
insert into STATION values (4251, '-', 8416, -137.32, -69.74, -45.92);
insert into STATION values (4252, '-', 8416, -137.83, -69.43, -45.92);
insert into STATION values (4253, '-', 8416, -137.32, -69.74, -44.72);
insert into STATION values (4254, '-', 8416, -137.32, -69.74, -47.12);
insert into STATION values (4255, '2', 8416, -139.69, -73.57, -45.48);
insert into STATION values (4256, '-', 8416, -139.39, -73.97, -45.48);
insert into STATION values (4257, '-', 8416, -139.69, -73.57, -45.48);
insert into STATION values (4258, '-', 8416, -139.69, -73.57, -44.28);
insert into STATION values (4259, '-', 8416, -139.69, -73.57, -46.68);
insert into STATION values (4260, '3', 8416, -142.07, -75.33, -45.13);
insert into STATION values (4261, '-', 8416, -141.59, -75.46, -45.13);
insert into STATION values (4262, '-', 8416, -142.45, -75.22, -45.13);
insert into STATION values (4263, '-', 8416, -142.07, -75.33, -43.13);
insert into STATION values (4264, '-', 8416, -142.07, -75.33, -46.13);
insert into STATION values (4265, '4', 8416, -143.14, -79.07, -44.31);
insert into STATION values (4266, '-', 8416, -142.33, -78.05, -44.31);
insert into STATION values (4267, '-', 8416, -143.14, -79.07, -44.31);
insert into STATION values (4268, '-', 8416, -143.14, -79.07, -43.61);
insert into STATION values (4269, '-', 8416, -143.14, -79.07, -45.01);
insert into STATION values (4270, '5', 8416, -139.18, -82.23, -42.85);
insert into STATION values (4271, '-', 8416, -139.38, -81.55, -42.85);
insert into STATION values (4272, '-', 8416, -138.76, -83.67, -42.85);
insert into STATION values (4273, '-', 8416, -139.18, -82.23, -42.55);
insert into STATION values (4274, '-', 8416, -139.18, -82.23, -43.65);
insert into STATION values (4275, '6', 8416, -136.60, -81.46, -42.73);
insert into STATION values (4276, '-', 8416, -136.60, -81.46, -42.73);
insert into STATION values (4277, '-', 8416, -137.84, -82.62, -42.73);
insert into STATION values (4278, '-', 8416, -136.60, -81.46, -40.03);
insert into STATION values (4279, '-', 8416, -136.60, -81.46, -43.53);
insert into STATION values (4280, '7', 8416, -132.86, -85.47, -42.63);
insert into STATION values (4281, '-', 8416, -132.86, -85.47, -42.63);
insert into STATION values (4282, '-', 8416, -133.08, -86.34, -42.63);
insert into STATION values (4283, '-', 8416, -132.86, -85.47, -40.83);
insert into STATION values (4284, '-', 8416, -132.86, -85.47, -43.43);
insert into STATION values (4285, '8', 8416, -130.75, -86.02, -42.65);
insert into STATION values (4286, '-', 8416, -129.87, -85.81, -42.65);
insert into STATION values (4287, '-', 8416, -130.75, -86.02, -42.65);
insert into STATION values (4288, '-', 8416, -130.75, -86.02, -41.45);
insert into STATION values (4289, '-', 8416, -130.75, -86.02, -43.15);
insert into STATION values (4290, '9', 8416, -129.91, -89.63, -40.94);
insert into STATION values (4291, '-', 8416, -129.91, -89.63, -40.94);
insert into STATION values (4292, '-', 8416, -130.38, -90.39, -40.94);
insert into STATION values (4293, '-', 8416, -129.91, -89.63, -38.44);
insert into STATION values (4294, '-', 8416, -129.91, -89.63, -42.54);
insert into STATION values (4295, '10', 8416, -128.54, -90.46, -39.55);
insert into STATION values (4296, '-', 8416, -128.13, -90.18, -39.55);
insert into STATION values (4297, '-', 8416, -128.54, -90.46, -39.55);
insert into STATION values (4298, '-', 8416, -128.54, -90.46, -38.05);
insert into STATION values (4299, '-', 8416, -128.54, -90.46, -41.15);
insert into STATION values (4300, '11', 8416, -125.47, -94.91, -38.81);
insert into STATION values (4301, '-', 8416, -125.12, -94.71, -38.81);
insert into STATION values (4302, '-', 8416, -125.65, -95.00, -38.81);
insert into STATION values (4303, '-', 8416, -125.47, -94.91, -37.11);
insert into STATION values (4304, '-', 8416, -125.47, -94.91, -40.71);
insert into STATION values (4305, '12', 8416, -122.66, -99.94, -36.64);
insert into STATION values (4306, '-', 8416, -122.46, -99.71, -36.64);
insert into STATION values (4307, '-', 8416, -122.98, -100.32, -36.64);
insert into STATION values (4308, '-', 8416, -122.66, -99.94, -34.84);
insert into STATION values (4309, '-', 8416, -122.66, -99.94, -37.14);
insert into STATION values (4310, '13', 8416, -120.78, -101.53, -37.80);
insert into STATION values (4311, '-', 8416, -120.38, -101.23, -37.80);
insert into STATION values (4312, '-', 8416, -120.78, -101.53, -37.80);
insert into STATION values (4313, '-', 8416, -120.78, -101.53, -37.00);
insert into STATION values (4314, '-', 8416, -120.78, -101.53, -38.20);
insert into STATION values (4315, '14', 8416, -118.70, -104.31, -37.56);
insert into STATION values (4316, '-', 8416, -118.66, -104.22, -37.56);
insert into STATION values (4317, '-', 8416, -118.96, -104.85, -37.56);
insert into STATION values (4318, '-', 8416, -118.70, -104.31, -36.76);
insert into STATION values (4319, '-', 8416, -118.70, -104.31, -37.76);
insert into STATION values (4320, '15', 8416, -117.07, -105.08, -37.76);
insert into STATION values (4321, '-', 8416, -116.39, -104.90, -37.76);
insert into STATION values (4322, '-', 8416, -117.07, -105.08, -37.76);
insert into STATION values (4323, '-', 8416, -117.07, -105.08, -37.16);
insert into STATION values (4324, '-', 8416, -117.07, -105.08, -38.46);
insert into STATION values (4325, '16', 8416, -116.00, -109.04, -37.43);
insert into STATION values (4326, '-', 8416, -116.00, -109.04, -37.43);
insert into STATION values (4327, '-', 8416, -116.39, -109.49, -37.43);
insert into STATION values (4328, '-', 8416, -116.00, -109.04, -36.73);
insert into STATION values (4329, '-', 8416, -116.00, -109.04, -38.43);
insert into STATION values (4330, '17', 8416, -110.99, -113.34, -36.93);
insert into STATION values (4331, '-', 8416, -109.99, -113.40, -36.93);
insert into STATION values (4332, '-', 8416, -110.99, -113.34, -36.93);
insert into STATION values (4333, '-', 8416, -110.99, -113.34, -35.53);
insert into STATION values (4334, '-', 8416, -110.99, -113.34, -38.13);
insert into STATION values (4335, '18', 8416, -111.41, -119.77, -33.25);
insert into STATION values (4336, '-', 8416, -110.42, -119.69, -33.25);
insert into STATION values (4337, '-', 8416, -111.71, -119.79, -33.25);
insert into STATION values (4338, '-', 8416, -111.41, -119.77, -31.75);
insert into STATION values (4339, '-', 8416, -111.41, -119.77, -33.85);
insert into STATION values (4340, '19', 8416, -111.11, -123.67, -33.30);
insert into STATION values (4341, '-', 8416, -111.11, -123.67, -33.30);
insert into STATION values (4342, '-', 8416, -111.63, -122.27, -33.30);
insert into STATION values (4343, '-', 8416, -111.11, -123.67, -28.80);
insert into STATION values (4344, '-', 8416, -111.11, -123.67, -34.90);
insert into STATION values (4345, '20', 8416, -135.84, -86.55, -41.90);
insert into STATION values (4346, '-', 8416, -135.84, -86.55, -41.90);
insert into STATION values (4347, '-', 8416, -136.05, -86.89, -41.90);
insert into STATION values (4348, '-', 8416, -135.84, -86.55, -41.80);
insert into STATION values (4349, '-', 8416, -135.84, -86.55, -43.40);
insert into STATION values (4350, '21', 8416, -133.94, -87.76, -37.48);
insert into STATION values (4351, '-', 8416, -132.89, -87.44, -37.48);
insert into STATION values (4352, '-', 8416, -133.94, -87.76, -37.48);
insert into STATION values (4353, '-', 8416, -133.94, -87.76, -35.18);
insert into STATION values (4354, '-', 8416, -133.94, -87.76, -38.68);
insert into STATION values (4355, '22', 8416, -133.03, -90.83, -35.39);
insert into STATION values (4356, '-', 8416, -134.03, -89.57, -35.39);
insert into STATION values (4357, '-', 8416, -132.85, -91.06, -35.39);
insert into STATION values (4358, '-', 8416, -133.03, -90.83, -34.89);
insert into STATION values (4359, '-', 8416, -133.03, -90.83, -36.69);
insert into STATION values (4360, '23', 8416, -130.39, -88.70, -31.29);
insert into STATION values (4361, '-', 8416, -130.39, -88.70, -31.29);
insert into STATION values (4362, '-', 8416, -129.70, -89.80, -31.29);
insert into STATION values (4363, '-', 8416, -130.39, -88.70, -30.59);
insert into STATION values (4364, '-', 8416, -130.39, -88.70, -31.99);
insert into STATION values (4365, '24', 8416, -126.63, -86.28, -31.60);
insert into STATION values (4366, '-', 8416, -125.98, -85.27, -31.60);
insert into STATION values (4367, '-', 8416, -126.85, -86.62, -31.60);
insert into STATION values (4368, '-', 8416, -126.63, -86.28, -30.60);
insert into STATION values (4369, '-', 8416, -126.63, -86.28, -31.80);
insert into STATION values (4370, '25', 8416, -124.13, -87.91, -32.17);
insert into STATION values (4371, '-', 8416, -125.19, -87.65, -32.17);
insert into STATION values (4372, '-', 8416, -124.03, -87.93, -32.17);
insert into STATION values (4373, '-', 8416, -124.13, -87.91, -31.37);
insert into STATION values (4374, '-', 8416, -124.13, -87.91, -32.37);
insert into STATION values (4375, '26', 8416, -122.30, -80.09, -30.96);
insert into STATION values (4376, '-', 8416, -122.89, -79.71, -30.96);
insert into STATION values (4377, '-', 8416, -121.63, -80.53, -30.96);
insert into STATION values (4378, '-', 8416, -122.30, -80.09, -30.36);
insert into STATION values (4379, '-', 8416, -122.30, -80.09, -31.36);
insert into STATION values (4380, '27', 8416, -120.87, -77.82, -28.76);
insert into STATION values (4381, '-', 8416, -122.14, -77.55, -28.76);
insert into STATION values (4382, '-', 8416, -120.87, -77.82, -28.76);
insert into STATION values (4383, '-', 8416, -120.87, -77.82, -28.26);
insert into STATION values (4384, '-', 8416, -120.87, -77.82, -29.16);
insert into STATION values (4385, '28', 8416, -120.35, -75.27, -28.19);
insert into STATION values (4386, '-', 8416, -120.35, -75.27, -28.19);
insert into STATION values (4387, '-', 8416, -119.99, -74.55, -28.19);
insert into STATION values (4388, '-', 8416, -120.35, -75.27, -27.69);
insert into STATION values (4389, '-', 8416, -120.35, -75.27, -28.99);
insert into STATION values (4390, '29', 8416, -124.93, -72.93, -29.72);
insert into STATION values (4391, '-', 8416, -125.22, -73.20, -29.72);
insert into STATION values (4392, '-', 8416, -124.41, -72.47, -29.72);
insert into STATION values (4393, '-', 8416, -124.93, -72.93, -29.02);
insert into STATION values (4394, '-', 8416, -124.93, -72.93, -30.12);
insert into STATION values (4395, '30', 8416, -126.43, -71.27, -30.61);
insert into STATION values (4396, '-', 8416, -126.83, -71.28, -30.61);
insert into STATION values (4397, '-', 8416, -126.03, -71.26, -30.61);
insert into STATION values (4398, '-', 8416, -126.43, -71.27, -30.61);
insert into STATION values (4399, '-', 8416, -126.43, -71.27, -31.41);
insert into STATION values (4400, '31', 8416, -126.51, -68.77, -30.04);
insert into STATION values (4401, '-', 8416, -126.51, -68.77, -30.04);
insert into STATION values (4402, '-', 8416, -125.11, -68.75, -30.04);
insert into STATION values (4403, '-', 8416, -126.51, -68.77, -29.24);
insert into STATION values (4404, '-', 8416, -126.51, -68.77, -30.74);
insert into STATION values (4405, '32', 8416, -126.59, -64.67, -31.52);
insert into STATION values (4406, '-', 8416, -127.70, -63.37, -31.52);
insert into STATION values (4407, '-', 8416, -126.59, -64.67, -31.52);
insert into STATION values (4408, '-', 8416, -126.59, -64.67, -31.02);
insert into STATION values (4409, '-', 8416, -126.59, -64.67, -32.22);
insert into STATION values (4410, '33', 8416, -124.02, -62.43, -33.66);
insert into STATION values (4411, '-', 8416, -125.77, -62.02, -33.66);
insert into STATION values (4412, '-', 8416, -123.24, -62.62, -33.66);
insert into STATION values (4413, '-', 8416, -124.02, -62.43, -32.86);
insert into STATION values (4414, '-', 8416, -124.02, -62.43, -33.96);
insert into STATION values (4415, '34', 8416, -123.37, -59.59, -34.74);
insert into STATION values (4416, '-', 8416, -124.12, -59.08, -34.74);
insert into STATION values (4417, '-', 8416, -123.37, -59.59, -34.74);
insert into STATION values (4418, '-', 8416, -123.37, -59.59, -34.14);
insert into STATION values (4419, '-', 8416, -123.37, -59.59, -34.74);
insert into STATION values (4420, '35', 8416, -121.45, -56.67, -33.85);
insert into STATION values (4421, '-', 8416, -121.45, -56.67, -33.85);
insert into STATION values (4422, '-', 8416, -120.82, -57.45, -33.85);
insert into STATION values (4423, '-', 8416, -121.45, -56.67, -33.05);
insert into STATION values (4424, '-', 8416, -121.45, -56.67, -34.85);
insert into STATION values (4425, '36', 8416, -120.29, -55.71, -31.62);
insert into STATION values (4426, '-', 8416, -120.29, -55.71, -31.62);
insert into STATION values (4427, '-', 8416, -120.12, -54.93, -31.62);
insert into STATION values (4428, '-', 8416, -120.29, -55.71, -31.42);
insert into STATION values (4429, '-', 8416, -120.29, -55.71, -32.42);
insert into STATION values (4430, '37', 8416, -122.43, -55.24, -30.83);
insert into STATION values (4431, '38', 8416, -121.81, -54.26, -31.11);
